rating_id,rating_id,user_id,user_id,item_id,item_id,rating,rating,attack_score,risk_level,extreme_rating_score,user_behavior_score,item_targeting_score,duplicate_rating_score,coordination_score,coordinated_users,cluster_score,combination_bonus,bot_user_flag,evidence_count,detected_fake,is_real_attack
R0,R0,U312,U312,I494,I494,1,1,35.75,MEDIUM,20.0,0.0,25.0,20.0,45.0,7,40.0,25.0,False,4,True,False
R1,R1,U996,U996,I38,I38,2,2,3.75,LOW,0.0,10.0,15.0,0.0,0.0,1,0.0,0.0,False,0,False,False
R2,R2,U679,U679,I258,I258,2,2,0.0,LOW,0.0,0.0,0.0,0.0,0.0,2,0.0,0.0,False,0,False,False
R3,R3,U921,U921,I115,I115,5,5,4.75,LOW,20.0,10.0,15.0,0.0,0.0,1,0.0,0.0,False,1,False,False
R4,R4,U101,U101,I344,I344,5,5,3.25,LOW,20.0,0.0,15.0,0.0,0.0,2,0.0,0.0,False,1,False,False
R5,R5,U748,U748,I497,I497,2,2,6.0,LOW,0.0,0.0,25.0,0.0,0.0,2,15.0,0.0,False,1,False,False
R6,R6,U919,U919,I95,I95,4,4,17.0,LOW,0.0,10.0,25.0,20.0,30.0,5,15.0,0.0,False,1,False,False
R7,R7,U614,U614,I372,I372,1,1,3.25,LOW,20.0,0.0,15.0,0.0,0.0,4,0.0,0.0,False,1,False,False
R8,R8,U488,U488,I166,I166,1,1,3.25,LOW,20.0,0.0,15.0,0.0,0.0,3,0.0,0.0,False,1,False,False
R9,R9,U975,U975,I458,I458,4,4,2.25,LOW,0.0,0.0,15.0,0.0,0.0,2,0.0,0.0,False,0,False,False
R10,R10,U394,U394,I48,I48,1,1,7.75,LOW,20.0,0.0,25.0,0.0,0.0,3,15.0,5.0,False,2,False,False
R11,R11,U773,U773,I322,I322,3,3,9.5,LOW,0.0,0.0,0.0,20.0,30.0,5,0.0,0.0,False,0,False,False
R12,R12,U171,U171,I3,I3,5,5,3.25,LOW,20.0,0.0,15.0,0.0,0.0,3,0.0,0.0,False,1,False,False
R13,R13,U102,U102,I438,I438,3,3,11.75,LOW,0.0,0.0,15.0,20.0,30.0,5,0.0,0.0,False,0,False,False
R14,R14,U788,U788,I38,I38,5,5,3.25,LOW,20.0,0.0,15.0,0.0,0.0,1,0.0,0.0,False,1,False,False
R15,R15,U478,U478,I310,I310,4,4,2.25,LOW,0.0,0.0,15.0,0.0,0.0,4,0.0,0.0,False,0,False,False
R16,R16,U119,U119,I235,I235,5,5,7.75,LOW,20.0,0.0,25.0,0.0,0.0,3,15.0,5.0,False,2,False,False
R17,R17,U113,U113,I180,I180,5,5,12.75,LOW,20.0,0.0,15.0,20.0,30.0,5,0.0,0.0,False,1,False,False
R18,R18,U593,U593,I436,I436,5,5,2.5,LOW,20.0,10.0,0.0,0.0,0.0,1,0.0,0.0,False,1,False,False
R19,R19,U252,U252,I277,I277,3,3,6.0,LOW,0.0,0.0,25.0,0.0,0.0,2,15.0,0.0,False,1,False,False
R20,R20,U676,U676,I254,I254,2,2,3.75,LOW,0.0,10.0,15.0,0.0,0.0,3,0.0,0.0,False,0,False,False
R21,R21,U691,U691,I8,I8,2,2,2.25,LOW,0.0,0.0,15.0,0.0,0.0,3,0.0,0.0,False,0,False,False
R22,R22,U400,U400,I192,I192,3,3,2.25,LOW,0.0,0.0,15.0,0.0,0.0,2,0.0,0.0,False,0,False,False
R23,R23,U976,U976,I420,I420,4,4,3.75,LOW,0.0,10.0,15.0,0.0,0.0,2,0.0,0.0,False,0,False,False
R24,R24,U393,U393,I391,I391,2,2,1.5,LOW,0.0,10.0,0.0,0.0,0.0,3,0.0,0.0,False,0,False,False
R25,R25,U890,U890,I181,I181,5,5,12.75,LOW,20.0,0.0,15.0,20.0,30.0,6,0.0,0.0,False,1,False,False
R26,R26,U141,U141,I165,I165,4,4,2.25,LOW,0.0,0.0,15.0,0.0,0.0,1,0.0,0.0,False,0,False,False
R27,R27,U315,U315,I315,I315,5,5,1.0,LOW,20.0,0.0,0.0,0.0,0.0,3,0.0,0.0,False,1,False,False
R28,R28,U579,U579,I456,I456,2,2,6.0,LOW,0.0,0.0,25.0,0.0,0.0,4,15.0,0.0,False,1,False,False
R29,R29,U333,U333,I114,I114,5,5,14.5,LOW,20.0,25.0,25.0,0.0,0.0,4,25.0,15.0,False,3,False,False
R30,R30,U687,U687,I222,I222,1,1,10.0,LOW,20.0,15.0,25.0,0.0,0.0,2,15.0,5.0,False,2,False,False
R31,R31,U755,U755,I152,I152,2,2,6.0,LOW,0.0,0.0,25.0,0.0,0.0,4,15.0,0.0,False,1,False,False
R32,R32,U882,U882,I311,I311,1,1,7.75,LOW,20.0,0.0,25.0,0.0,0.0,3,15.0,5.0,False,2,False,False
R33,R33,U274,U274,I321,I321,4,4,11.75,LOW,0.0,0.0,15.0,20.0,30.0,5,0.0,0.0,False,0,False,False
R34,R34,U783,U783,I316,I316,4,4,6.0,LOW,0.0,0.0,25.0,0.0,0.0,3,15.0,0.0,False,1,False,False
R35,R35,U604,U604,I155,I155,1,1,3.25,LOW,20.0,0.0,15.0,0.0,0.0,2,0.0,0.0,False,1,False,False
R36,R36,U587,U587,I316,I316,4,4,6.0,LOW,0.0,0.0,25.0,0.0,0.0,3,15.0,0.0,False,1,False,False
R37,R37,U22,U22,I287,I287,1,1,9.25,LOW,20.0,10.0,25.0,0.0,0.0,3,15.0,5.0,False,2,False,False
R38,R38,U800,U800,I304,I304,4,4,2.25,LOW,0.0,0.0,15.0,0.0,0.0,3,0.0,0.0,False,0,False,False
R39,R39,U702,U702,I348,I348,4,4,6.0,LOW,0.0,0.0,25.0,0.0,0.0,1,15.0,0.0,False,1,False,False
R40,R40,U572,U572,I180,I180,5,5,15.0,LOW,20.0,15.0,15.0,20.0,30.0,5,0.0,0.0,False,1,False,False
R41,R41,U291,U291,I207,I207,3,3,6.0,LOW,0.0,0.0,25.0,0.0,0.0,3,15.0,0.0,False,1,False,False
R42,R42,U976,U976,I260,I260,2,2,3.75,LOW,0.0,10.0,15.0,0.0,0.0,1,0.0,0.0,False,0,False,False
R43,R43,U821,U821,I258,I258,3,3,0.0,LOW,0.0,0.0,0.0,0.0,0.0,2,0.0,0.0,False,0,False,False
R44,R44,U420,U420,I236,I236,2,2,6.0,LOW,0.0,0.0,25.0,0.0,0.0,2,15.0,0.0,False,1,False,False
R45,R45,U859,U859,I234,I234,5,5,7.75,LOW,20.0,0.0,25.0,0.0,0.0,3,15.0,5.0,False,2,False,False
R46,R46,U351,U351,I105,I105,4,4,2.25,LOW,0.0,0.0,15.0,0.0,0.0,1,0.0,0.0,False,0,False,False
R47,R47,U595,U595,I274,I274,5,5,3.25,LOW,20.0,0.0,15.0,0.0,0.0,2,0.0,0.0,False,1,False,False
R48,R48,U389,U389,I149,I149,5,5,3.25,LOW,20.0,0.0,15.0,0.0,0.0,4,0.0,0.0,False,1,False,False
R49,R49,U28,U28,I135,I135,3,3,2.25,LOW,0.0,0.0,15.0,0.0,0.0,3,0.0,0.0,False,0,False,False
R50,R50,U10,U10,I405,I405,5,5,1.0,LOW,20.0,0.0,0.0,0.0,0.0,1,0.0,0.0,False,1,False,False
R51,R51,U678,U678,I327,I327,5,5,7.75,LOW,20.0,0.0,25.0,0.0,0.0,2,15.0,5.0,False,2,False,False
R52,R52,U896,U896,I5,I5,3,3,2.25,LOW,0.0,0.0,15.0,0.0,0.0,4,0.0,0.0,False,0,False,False
R53,R53,U121,U121,I427,I427,1,1,18.75,LOW,20.0,10.0,25.0,20.0,30.0,6,15.0,5.0,False,2,False,False
R54,R54,U408,U408,I71,I71,4,4,2.25,LOW,0.0,0.0,15.0,0.0,0.0,2,0.0,0.0,False,0,False,False
R55,R55,U406,U406,I204,I204,3,3,6.0,LOW,0.0,0.0,25.0,0.0,0.0,2,15.0,0.0,False,1,False,False
R56,R56,U616,U616,I461,I461,1,1,3.25,LOW,20.0,0.0,15.0,0.0,0.0,2,0.0,0.0,False,1,False,False
R57,R57,U860,U860,I278,I278,2,2,2.25,LOW,0.0,0.0,15.0,0.0,0.0,2,0.0,0.0,False,0,False,False
R58,R58,U547,U547,I426,I426,3,3,0.0,LOW,0.0,0.0,0.0,0.0,0.0,1,0.0,0.0,False,0,False,False
R59,R59,U532,U532,I53,I53,2,2,1.5,LOW,0.0,10.0,0.0,0.0,0.0,1,0.0,0.0,False,0,False,False
R60,R60,U569,U569,I449,I449,5,5,12.75,LOW,20.0,0.0,15.0,20.0,30.0,5,0.0,0.0,False,1,False,False
R61,R61,U568,U568,I97,I97,1,1,3.25,LOW,20.0,0.0,15.0,0.0,0.0,2,0.0,0.0,False,1,False,False
R62,R62,U494,U494,I156,I156,5,5,7.75,LOW,20.0,0.0,25.0,0.0,0.0,3,15.0,5.0,False,2,False,False
R63,R63,U242,U242,I316,I316,5,5,17.25,LOW,20.0,0.0,25.0,20.0,30.0,6,15.0,5.0,False,2,False,False
R64,R64,U485,U485,I134,I134,1,1,5.5,LOW,20.0,15.0,15.0,0.0,0.0,2,0.0,0.0,False,1,False,False
R65,R65,U355,U355,I212,I212,2,2,0.0,LOW,0.0,0.0,0.0,0.0,0.0,2,0.0,0.0,False,0,False,False
R66,R66,U152,U152,I473,I473,4,4,0.0,LOW,0.0,0.0,0.0,0.0,0.0,2,0.0,0.0,False,0,False,False
R67,R67,U937,U937,I6,I6,1,1,7.75,LOW,20.0,0.0,25.0,0.0,0.0,4,15.0,5.0,False,2,False,False
R68,R68,U217,U217,I23,I23,3,3,2.25,LOW,0.0,0.0,15.0,0.0,0.0,4,0.0,0.0,False,0,False,False
R69,R69,U399,U399,I389,I389,4,4,6.0,LOW,0.0,0.0,25.0,0.0,0.0,2,15.0,0.0,False,1,False,False
R70,R70,U606,U606,I454,I454,5,5,7.75,LOW,20.0,0.0,25.0,0.0,0.0,2,15.0,5.0,False,2,False,False
R71,R71,U660,U660,I104,I104,1,1,7.75,LOW,20.0,0.0,25.0,0.0,0.0,2,15.0,5.0,False,2,False,False
R72,R72,U396,U396,I149,I149,1,1,3.25,LOW,20.0,0.0,15.0,0.0,0.0,1,0.0,0.0,False,1,False,False
R73,R73,U267,U267,I392,I392,5,5,9.25,LOW,20.0,10.0,25.0,0.0,0.0,4,15.0,5.0,False,2,False,False
R74,R74,U845,U845,I224,I224,5,5,9.25,LOW,20.0,25.0,15.0,0.0,0.0,3,10.0,5.0,False,2,False,False
R75,R75,U864,U864,I459,I459,3,3,2.25,LOW,0.0,0.0,15.0,0.0,0.0,3,0.0,0.0,False,0,False,False
R76,R76,U459,U459,I291,I291,1,1,1.0,LOW,20.0,0.0,0.0,0.0,0.0,2,0.0,0.0,False,1,False,False
R77,R77,U779,U779,I245,I245,1,1,7.75,LOW,20.0,0.0,25.0,0.0,0.0,4,15.0,5.0,False,2,False,False
R78,R78,U121,U121,I271,I271,4,4,7.5,LOW,0.0,10.0,25.0,0.0,0.0,1,15.0,0.0,False,1,False,False
R79,R79,U424,U424,I449,I449,1,1,3.25,LOW,20.0,0.0,15.0,0.0,0.0,2,0.0,0.0,False,1,False,False
R80,R80,U115,U115,I323,I323,2,2,0.0,LOW,0.0,0.0,0.0,0.0,0.0,2,0.0,0.0,False,0,False,False
R81,R81,U381,U381,I454,I454,1,1,17.25,LOW,20.0,0.0,25.0,20.0,30.0,6,15.0,5.0,False,2,False,False
R82,R82,U236,U236,I138,I138,3,3,0.0,LOW,0.0,0.0,0.0,0.0,0.0,3,0.0,0.0,False,0,False,False
R83,R83,U972,U972,I496,I496,3,3,6.0,LOW,0.0,0.0,25.0,0.0,0.0,4,15.0,0.0,False,1,False,False
R84,R84,U615,U615,I304,I304,1,1,3.25,LOW,20.0,0.0,15.0,0.0,0.0,4,0.0,0.0,False,1,False,False
R85,R85,U495,U495,I140,I140,3,3,0.0,LOW,0.0,0.0,0.0,0.0,0.0,2,0.0,0.0,False,0,False,False
R86,R86,U572,U572,I462,I462,4,4,2.25,LOW,0.0,15.0,0.0,0.0,0.0,1,0.0,0.0,False,0,False,False
R87,R87,U168,U168,I154,I154,1,1,3.25,LOW,20.0,0.0,15.0,0.0,0.0,3,0.0,0.0,False,1,False,False
R88,R88,U145,U145,I403,I403,2,2,15.5,LOW,0.0,0.0,25.0,20.0,30.0,5,15.0,0.0,False,1,False,False
R89,R89,U331,U331,I466,I466,3,3,4.5,LOW,0.0,15.0,15.0,0.0,0.0,3,0.0,0.0,False,0,False,False
R90,R90,U611,U611,I223,I223,4,4,6.0,LOW,0.0,0.0,25.0,0.0,0.0,3,15.0,0.0,False,1,False,False
R91,R91,U322,U322,I477,I477,4,4,6.0,LOW,0.0,0.0,25.0,0.0,0.0,4,15.0,0.0,False,1,False,False
R92,R92,U188,U188,I480,I480,2,2,15.5,LOW,0.0,0.0,25.0,20.0,30.0,5,15.0,0.0,False,1,False,False
R93,R93,U623,U623,I4,I4,3,3,2.25,LOW,0.0,0.0,15.0,0.0,0.0,3,0.0,0.0,False,0,False,False
R94,R94,U220,U220,I477,I477,3,3,6.0,LOW,0.0,0.0,25.0,0.0,0.0,1,15.0,0.0,False,1,False,False
R95,R95,U812,U812,I15,I15,3,3,15.5,LOW,0.0,0.0,25.0,20.0,30.0,5,15.0,0.0,False,1,False,False
R96,R96,U314,U314,I245,I245,4,4,8.25,LOW,0.0,15.0,25.0,0.0,0.0,4,15.0,0.0,False,1,False,False
R97,R97,U554,U554,I147,I147,3,3,6.0,LOW,0.0,0.0,25.0,0.0,0.0,4,15.0,0.0,False,1,False,False
R98,R98,U611,U611,I114,I114,5,5,7.75,LOW,20.0,0.0,25.0,0.0,0.0,4,15.0,5.0,False,2,False,False
R99,R99,U334,U334,I87,I87,1,1,7.75,LOW,20.0,0.0,25.0,0.0,0.0,3,15.0,5.0,False,2,False,False
R100,R100,U547,U547,I115,I115,3,3,11.75,LOW,0.0,0.0,15.0,20.0,30.0,5,0.0,0.0,False,0,False,False
R101,R101,U500,U500,I425,I425,1,1,7.75,LOW,20.0,0.0,25.0,0.0,0.0,4,15.0,5.0,False,2,False,False
R102,R102,U294,U294,I170,I170,3,3,2.25,LOW,0.0,0.0,15.0,0.0,0.0,4,0.0,0.0,False,0,False,False
R103,R103,U104,U104,I85,I85,5,5,3.25,LOW,20.0,0.0,15.0,0.0,0.0,2,0.0,0.0,False,1,False,False
R104,R104,U3,U3,I379,I379,2,2,0.0,LOW,0.0,0.0,0.0,0.0,0.0,1,0.0,0.0,False,0,False,False
R105,R105,U130,U130,I337,I337,2,2,2.25,LOW,0.0,0.0,15.0,0.0,0.0,2,0.0,0.0,False,0,False,False
R106,R106,U952,U952,I444,I444,1,1,1.0,LOW,20.0,0.0,0.0,0.0,0.0,2,0.0,0.0,False,1,False,False
R107,R107,U797,U797,I241,I241,2,2,2.25,LOW,0.0,0.0,15.0,0.0,0.0,2,0.0,0.0,False,0,False,False
R108,R108,U146,U146,I324,I324,4,4,3.75,LOW,0.0,10.0,15.0,0.0,0.0,4,0.0,0.0,False,0,False,False
R109,R109,U160,U160,I217,I217,3,3,2.25,LOW,0.0,0.0,15.0,0.0,0.0,3,0.0,0.0,False,0,False,False
R110,R110,U657,U657,I279,I279,2,2,2.25,LOW,0.0,0.0,15.0,0.0,0.0,3,0.0,0.0,False,0,False,False
R111,R111,U354,U354,I284,I284,3,3,17.0,LOW,0.0,10.0,25.0,20.0,30.0,6,15.0,0.0,False,1,False,False
R112,R112,U691,U691,I164,I164,5,5,3.25,LOW,20.0,0.0,15.0,0.0,0.0,2,0.0,0.0,False,1,False,False
R113,R113,U175,U175,I92,I92,5,5,9.25,LOW,20.0,10.0,25.0,0.0,0.0,3,15.0,5.0,False,2,False,False
R114,R114,U312,U312,I87,I87,3,3,6.0,LOW,0.0,0.0,25.0,0.0,0.0,3,15.0,0.0,False,1,False,False
R115,R115,U729,U729,I439,I439,3,3,0.0,LOW,0.0,0.0,0.0,0.0,0.0,2,0.0,0.0,False,0,False,False
R116,R116,U415,U415,I59,I59,5,5,1.0,LOW,20.0,0.0,0.0,0.0,0.0,2,0.0,0.0,False,1,False,False
R117,R117,U500,U500,I188,I188,5,5,1.0,LOW,20.0,0.0,0.0,0.0,0.0,1,0.0,0.0,False,1,False,False
R118,R118,U459,U459,I34,I34,1,1,3.25,LOW,20.0,0.0,15.0,0.0,0.0,3,0.0,0.0,False,1,False,False
R119,R119,U938,U938,I26,I26,5,5,14.5,LOW,20.0,25.0,25.0,0.0,0.0,2,25.0,15.0,False,3,False,False
R120,R120,U48,U48,I185,I185,3,3,2.25,LOW,0.0,0.0,15.0,0.0,0.0,3,0.0,0.0,False,0,False,False
R121,R121,U94,U94,I132,I132,4,4,11.75,LOW,0.0,0.0,15.0,20.0,30.0,5,0.0,0.0,False,0,False,False
R122,R122,U314,U314,I137,I137,4,4,4.5,LOW,0.0,15.0,15.0,0.0,0.0,1,0.0,0.0,False,0,False,False
R123,R123,U783,U783,I187,I187,2,2,0.0,LOW,0.0,0.0,0.0,0.0,0.0,2,0.0,0.0,False,0,False,False
R124,R124,U790,U790,I72,I72,3,3,2.25,LOW,0.0,0.0,15.0,0.0,0.0,2,0.0,0.0,False,0,False,False
R125,R125,U894,U894,I270,I270,3,3,6.0,LOW,0.0,0.0,25.0,0.0,0.0,4,15.0,0.0,False,1,False,False
R126,R126,U853,U853,I404,I404,4,4,2.25,LOW,0.0,0.0,15.0,0.0,0.0,3,0.0,0.0,False,0,False,False
R127,R127,U364,U364,I297,I297,3,3,15.5,LOW,0.0,0.0,25.0,20.0,30.0,6,15.0,0.0,False,1,False,False
R128,R128,U825,U825,I292,I292,4,4,6.0,LOW,0.0,0.0,25.0,0.0,0.0,3,15.0,0.0,False,1,False,False
R129,R129,U266,U266,I148,I148,5,5,5.5,LOW,20.0,15.0,15.0,0.0,0.0,2,0.0,0.0,False,1,False,False
R130,R130,U37,U37,I170,I170,2,2,4.5,LOW,0.0,15.0,15.0,0.0,0.0,4,0.0,0.0,False,0,False,False
R131,R131,U522,U522,I273,I273,1,1,7.75,LOW,20.0,0.0,25.0,0.0,0.0,4,15.0,5.0,False,2,False,False
R132,R132,U199,U199,I63,I63,5,5,4.75,LOW,20.0,10.0,15.0,0.0,0.0,3,0.0,0.0,False,1,False,False
R133,R133,U431,U431,I42,I42,1,1,7.75,LOW,20.0,0.0,25.0,0.0,0.0,2,15.0,5.0,False,2,False,False
R134,R134,U205,U205,I122,I122,5,5,4.75,LOW,20.0,10.0,15.0,0.0,0.0,2,0.0,0.0,False,1,False,False
R135,R135,U186,U186,I218,I218,1,1,1.0,LOW,20.0,0.0,0.0,0.0,0.0,2,0.0,0.0,False,1,False,False
R136,R136,U485,U485,I259,I259,5,5,3.25,LOW,20.0,15.0,0.0,0.0,0.0,3,0.0,0.0,False,1,False,False
R137,R137,U831,U831,I467,I467,5,5,1.0,LOW,20.0,0.0,0.0,0.0,0.0,4,0.0,0.0,False,1,False,False
R138,R138,U361,U361,I406,I406,2,2,2.25,LOW,0.0,0.0,15.0,0.0,0.0,4,0.0,0.0,False,0,False,False
R139,R139,U556,U556,I243,I243,2,2,2.25,LOW,0.0,0.0,15.0,0.0,0.0,1,0.0,0.0,False,0,False,False
R140,R140,U292,U292,I423,I423,5,5,2.5,LOW,20.0,10.0,0.0,0.0,0.0,4,0.0,0.0,False,1,False,False
R141,R141,U188,U188,I161,I161,1,1,3.25,LOW,20.0,0.0,15.0,0.0,0.0,3,0.0,0.0,False,1,False,False
R142,R142,U185,U185,I62,I62,4,4,2.25,LOW,0.0,0.0,15.0,0.0,0.0,1,0.0,0.0,False,0,False,False
R143,R143,U313,U313,I209,I209,3,3,2.25,LOW,0.0,0.0,15.0,0.0,0.0,2,0.0,0.0,False,0,False,False
R144,R144,U217,U217,I474,I474,3,3,6.0,LOW,0.0,0.0,25.0,0.0,0.0,3,15.0,0.0,False,1,False,False
R145,R145,U231,U231,I247,I247,5,5,1.0,LOW,20.0,0.0,0.0,0.0,0.0,2,0.0,0.0,False,1,False,False
R146,R146,U103,U103,I262,I262,5,5,7.75,LOW,20.0,0.0,25.0,0.0,0.0,4,15.0,5.0,False,2,False,False
R147,R147,U364,U364,I217,I217,4,4,2.25,LOW,0.0,0.0,15.0,0.0,0.0,1,0.0,0.0,False,0,False,False
R148,R148,U299,U299,I142,I142,4,4,6.0,LOW,0.0,0.0,25.0,0.0,0.0,2,15.0,0.0,False,1,False,False
R149,R149,U89,U89,I376,I376,4,4,2.25,LOW,0.0,0.0,15.0,0.0,0.0,3,0.0,0.0,False,0,False,False
R150,R150,U760,U760,I193,I193,2,2,11.75,LOW,0.0,0.0,15.0,20.0,30.0,5,0.0,0.0,False,0,False,False
R151,R151,U828,U828,I203,I203,5,5,17.25,LOW,20.0,0.0,25.0,20.0,30.0,5,15.0,5.0,False,2,False,False
R152,R152,U317,U317,I114,I114,2,2,6.0,LOW,0.0,0.0,25.0,0.0,0.0,2,15.0,0.0,False,1,False,False
R153,R153,U139,U139,I300,I300,5,5,7.75,LOW,20.0,0.0,25.0,0.0,0.0,3,15.0,5.0,False,2,False,False
R154,R154,U263,U263,I454,I454,4,4,15.5,LOW,0.0,0.0,25.0,20.0,30.0,5,15.0,0.0,False,1,False,False
R155,R155,U812,U812,I220,I220,3,3,6.0,LOW,0.0,0.0,25.0,0.0,0.0,2,15.0,0.0,False,1,False,False
R156,R156,U53,U53,I312,I312,5,5,2.5,LOW,20.0,10.0,0.0,0.0,0.0,3,0.0,0.0,False,1,False,False
R157,R157,U599,U599,I404,I404,1,1,3.25,LOW,20.0,0.0,15.0,0.0,0.0,3,0.0,0.0,False,1,False,False
R158,R158,U37,U37,I57,I57,1,1,5.5,LOW,20.0,15.0,15.0,0.0,0.0,1,0.0,0.0,False,1,False,False
R159,R159,U609,U609,I283,I283,3,3,2.25,LOW,0.0,0.0,15.0,0.0,0.0,4,0.0,0.0,False,0,False,False
R160,R160,U233,U233,I295,I295,1,1,5.5,LOW,20.0,15.0,15.0,0.0,0.0,4,0.0,0.0,False,1,False,False
R161,R161,U927,U927,I119,I119,3,3,2.25,LOW,0.0,0.0,15.0,0.0,0.0,2,0.0,0.0,False,0,False,False
R162,R162,U97,U97,I360,I360,1,1,5.5,LOW,20.0,15.0,15.0,0.0,0.0,3,0.0,0.0,False,1,False,False
R163,R163,U608,U608,I209,I209,5,5,3.25,LOW,20.0,0.0,15.0,0.0,0.0,3,0.0,0.0,False,1,False,False
R164,R164,U926,U926,I147,I147,2,2,6.0,LOW,0.0,0.0,25.0,0.0,0.0,2,15.0,0.0,False,1,False,False
R165,R165,U301,U301,I199,I199,3,3,3.75,LOW,0.0,10.0,15.0,0.0,0.0,4,0.0,0.0,False,0,False,False
R166,R166,U960,U960,I263,I263,5,5,3.25,LOW,20.0,0.0,15.0,0.0,0.0,1,0.0,0.0,False,1,False,False
R167,R167,U634,U634,I384,I384,5,5,7.75,LOW,20.0,0.0,25.0,0.0,0.0,3,15.0,5.0,False,2,False,False
R168,R168,U468,U468,I298,I298,3,3,6.0,LOW,0.0,0.0,25.0,0.0,0.0,2,15.0,0.0,False,1,False,False
R169,R169,U174,U174,I287,I287,3,3,6.0,LOW,0.0,0.0,25.0,0.0,0.0,3,15.0,0.0,False,1,False,False
R170,R170,U336,U336,I325,I325,5,5,3.25,LOW,20.0,0.0,15.0,0.0,0.0,1,0.0,0.0,False,1,False,False
R171,R171,U772,U772,I266,I266,2,2,2.25,LOW,0.0,0.0,15.0,0.0,0.0,2,0.0,0.0,False,0,False,False
R172,R172,U759,U759,I56,I56,5,5,17.25,LOW,20.0,0.0,25.0,20.0,30.0,5,15.0,5.0,False,2,False,False
R173,R173,U183,U183,I73,I73,1,1,7.75,LOW,20.0,0.0,25.0,0.0,0.0,3,15.0,5.0,False,2,False,False
R174,R174,U763,U763,I298,I298,4,4,15.5,LOW,0.0,0.0,25.0,20.0,30.0,5,15.0,0.0,False,1,False,False
R175,R175,U551,U551,I311,I311,1,1,7.75,LOW,20.0,0.0,25.0,0.0,0.0,3,15.0,5.0,False,2,False,False
R176,R176,U306,U306,I270,I270,5,5,9.25,LOW,20.0,10.0,25.0,0.0,0.0,3,15.0,5.0,False,2,False,False
R177,R177,U654,U654,I311,I311,4,4,6.0,LOW,0.0,0.0,25.0,0.0,0.0,4,15.0,0.0,False,1,False,False
R178,R178,U473,U473,I7,I7,3,3,0.0,LOW,0.0,0.0,0.0,0.0,0.0,1,0.0,0.0,False,0,False,False
R179,R179,U594,U594,I270,I270,3,3,6.0,LOW,0.0,0.0,25.0,0.0,0.0,4,15.0,0.0,False,1,False,False
R180,R180,U947,U947,I168,I168,1,1,3.25,LOW,20.0,0.0,15.0,0.0,0.0,3,0.0,0.0,False,1,False,False
R181,R181,U813,U813,I474,I474,2,2,6.0,LOW,0.0,0.0,25.0,0.0,0.0,2,15.0,0.0,False,1,False,False
R182,R182,U508,U508,I389,I389,2,2,15.5,LOW,0.0,0.0,25.0,20.0,30.0,5,15.0,0.0,False,1,False,False
R183,R183,U400,U400,I267,I267,1,1,3.25,LOW,20.0,0.0,15.0,0.0,0.0,3,0.0,0.0,False,1,False,False
R184,R184,U186,U186,I371,I371,2,2,11.75,LOW,0.0,0.0,15.0,20.0,30.0,5,0.0,0.0,False,0,False,False
R185,R185,U30,U30,I107,I107,5,5,10.0,LOW,20.0,15.0,25.0,0.0,0.0,4,15.0,5.0,False,2,False,False
R186,R186,U349,U349,I385,I385,4,4,6.0,LOW,0.0,0.0,25.0,0.0,0.0,4,15.0,0.0,False,1,False,False
R187,R187,U116,U116,I396,I396,1,1,3.25,LOW,20.0,0.0,15.0,0.0,0.0,4,0.0,0.0,False,1,False,False
R188,R188,U251,U251,I312,I312,4,4,0.0,LOW,0.0,0.0,0.0,0.0,0.0,3,0.0,0.0,False,0,False,False
R189,R189,U81,U81,I140,I140,3,3,1.5,LOW,0.0,10.0,0.0,0.0,0.0,2,0.0,0.0,False,0,False,False
R190,R190,U11,U11,I454,I454,1,1,18.75,LOW,20.0,10.0,25.0,20.0,30.0,6,15.0,5.0,False,2,False,False
R191,R191,U814,U814,I316,I316,5,5,17.25,LOW,20.0,0.0,25.0,20.0,30.0,6,15.0,5.0,False,2,False,False
R192,R192,U866,U866,I85,I85,1,1,4.75,LOW,20.0,10.0,15.0,0.0,0.0,1,0.0,0.0,False,1,False,False
R193,R193,U479,U479,I295,I295,1,1,3.25,LOW,20.0,0.0,15.0,0.0,0.0,4,0.0,0.0,False,1,False,False
R194,R194,U323,U323,I75,I75,5,5,7.75,LOW,20.0,0.0,25.0,0.0,0.0,4,15.0,5.0,False,2,False,False
R195,R195,U946,U946,I216,I216,5,5,7.75,LOW,20.0,0.0,25.0,0.0,0.0,2,15.0,5.0,False,2,False,False
R196,R196,U226,U226,I421,I421,3,3,6.0,LOW,0.0,0.0,25.0,0.0,0.0,3,15.0,0.0,False,1,False,False
R197,R197,U643,U643,I424,I424,3,3,6.0,LOW,0.0,0.0,25.0,0.0,0.0,3,15.0,0.0,False,1,False,False
R198,R198,U516,U516,I275,I275,1,1,9.25,LOW,20.0,10.0,25.0,0.0,0.0,4,15.0,5.0,False,2,False,False
R199,R199,U739,U739,I237,I237,1,1,7.75,LOW,20.0,0.0,25.0,0.0,0.0,3,15.0,5.0,False,2,False,False
R200,R200,U326,U326,I99,I99,2,2,2.25,LOW,0.0,0.0,15.0,0.0,0.0,2,0.0,0.0,False,0,False,False
R201,R201,U404,U404,I10,I10,1,1,3.25,LOW,20.0,0.0,15.0,0.0,0.0,3,0.0,0.0,False,1,False,False
R202,R202,U589,U589,I123,I123,5,5,3.25,LOW,20.0,0.0,15.0,0.0,0.0,2,0.0,0.0,False,1,False,False
R203,R203,U10,U10,I127,I127,5,5,3.25,LOW,20.0,0.0,15.0,0.0,0.0,4,0.0,0.0,False,1,False,False
R204,R204,U873,U873,I293,I293,4,4,6.0,LOW,0.0,0.0,25.0,0.0,0.0,4,15.0,0.0,False,1,False,False
R205,R205,U137,U137,I330,I330,3,3,6.0,LOW,0.0,0.0,25.0,0.0,0.0,3,15.0,0.0,False,1,False,False
R206,R206,U124,U124,I124,I124,4,4,2.25,LOW,0.0,0.0,15.0,0.0,0.0,4,0.0,0.0,False,0,False,False
R207,R207,U587,U587,I30,I30,5,5,3.25,LOW,20.0,0.0,15.0,0.0,0.0,1,0.0,0.0,False,1,False,False
R208,R208,U846,U846,I273,I273,1,1,9.25,LOW,20.0,10.0,25.0,0.0,0.0,4,15.0,5.0,False,2,False,False
R209,R209,U734,U734,I62,I62,1,1,3.25,LOW,20.0,0.0,15.0,0.0,0.0,1,0.0,0.0,False,1,False,False
R210,R210,U335,U335,I31,I31,2,2,17.0,LOW,0.0,10.0,25.0,20.0,30.0,5,15.0,0.0,False,1,False,False
R211,R211,U217,U217,I365,I365,4,4,2.25,LOW,0.0,0.0,15.0,0.0,0.0,2,0.0,0.0,False,0,False,False
R212,R212,U410,U410,I35,I35,3,3,4.5,LOW,0.0,15.0,15.0,0.0,0.0,2,0.0,0.0,False,0,False,False
R213,R213,U814,U814,I402,I402,5,5,1.0,LOW,20.0,0.0,0.0,0.0,0.0,2,0.0,0.0,False,1,False,False
R214,R214,U210,U210,I194,I194,4,4,0.0,LOW,0.0,0.0,0.0,0.0,0.0,1,0.0,0.0,False,0,False,False
R215,R215,U936,U936,I225,I225,1,1,19.5,LOW,20.0,15.0,25.0,20.0,30.0,5,15.0,5.0,False,2,False,False
R216,R216,U706,U706,I178,I178,5,5,3.25,LOW,20.0,0.0,15.0,0.0,0.0,4,0.0,0.0,False,1,False,False
R217,R217,U613,U613,I205,I205,5,5,14.5,LOW,20.0,25.0,25.0,0.0,0.0,1,25.0,15.0,False,3,False,False
R218,R218,U214,U214,I180,I180,2,2,2.25,LOW,0.0,0.0,15.0,0.0,0.0,2,0.0,0.0,False,0,False,False
R219,R219,U61,U61,I360,I360,1,1,4.75,LOW,20.0,10.0,15.0,0.0,0.0,3,0.0,0.0,False,1,False,False
R220,R220,U341,U341,I278,I278,3,3,2.25,LOW,0.0,0.0,15.0,0.0,0.0,1,0.0,0.0,False,0,False,False
R221,R221,U861,U861,I497,I497,4,4,6.0,LOW,0.0,0.0,25.0,0.0,0.0,3,15.0,0.0,False,1,False,False
R222,R222,U375,U375,I324,I324,3,3,2.25,LOW,0.0,0.0,15.0,0.0,0.0,1,0.0,0.0,False,0,False,False
R223,R223,U681,U681,I126,I126,1,1,3.25,LOW,20.0,0.0,15.0,0.0,0.0,3,0.0,0.0,False,1,False,False
R224,R224,U342,U342,I440,I440,4,4,27.5,LOW,0.0,15.0,25.0,20.0,45.0,7,40.0,15.0,False,3,False,False
R225,R225,U245,U245,I299,I299,4,4,6.0,LOW,0.0,0.0,25.0,0.0,0.0,2,15.0,0.0,False,1,False,False
R226,R226,U190,U190,I182,I182,3,3,6.0,LOW,0.0,0.0,25.0,0.0,0.0,4,15.0,0.0,False,1,False,False
R227,R227,U103,U103,I194,I194,3,3,0.0,LOW,0.0,0.0,0.0,0.0,0.0,2,0.0,0.0,False,0,False,False
R228,R228,U402,U402,I489,I489,5,5,5.5,LOW,20.0,15.0,15.0,0.0,0.0,3,0.0,0.0,False,1,False,False
R229,R229,U675,U675,I68,I68,5,5,10.0,LOW,20.0,15.0,25.0,0.0,0.0,2,15.0,5.0,False,2,False,False
R230,R230,U482,U482,I248,I248,2,2,2.25,LOW,0.0,0.0,15.0,0.0,0.0,1,0.0,0.0,False,0,False,False
R231,R231,U28,U28,I437,I437,2,2,0.0,LOW,0.0,0.0,0.0,0.0,0.0,1,0.0,0.0,False,0,False,False
R232,R232,U608,U608,I215,I215,4,4,15.5,LOW,0.0,0.0,25.0,20.0,30.0,6,15.0,0.0,False,1,False,False
R233,R233,U4,U4,I175,I175,2,2,2.25,LOW,0.0,0.0,15.0,0.0,0.0,1,0.0,0.0,False,0,False,False
R234,R234,U181,U181,I266,I266,1,1,3.25,LOW,20.0,0.0,15.0,0.0,0.0,2,0.0,0.0,False,1,False,False
R235,R235,U826,U826,I130,I130,3,3,2.25,LOW,0.0,0.0,15.0,0.0,0.0,4,0.0,0.0,False,0,False,False
R236,R236,U836,U836,I360,I360,4,4,2.25,LOW,0.0,0.0,15.0,0.0,0.0,2,0.0,0.0,False,0,False,False
R237,R237,U35,U35,I457,I457,1,1,1.0,LOW,20.0,0.0,0.0,0.0,0.0,3,0.0,0.0,False,1,False,False
R238,R238,U713,U713,I236,I236,3,3,6.0,LOW,0.0,0.0,25.0,0.0,0.0,3,15.0,0.0,False,1,False,False
R239,R239,U913,U913,I104,I104,3,3,15.5,LOW,0.0,0.0,25.0,20.0,30.0,6,15.0,0.0,False,1,False,False
R240,R240,U893,U893,I418,I418,3,3,2.25,LOW,0.0,0.0,15.0,0.0,0.0,4,0.0,0.0,False,0,False,False
R241,R241,U848,U848,I135,I135,1,1,3.25,LOW,20.0,0.0,15.0,0.0,0.0,4,0.0,0.0,False,1,False,False
R242,R242,U986,U986,I63,I63,1,1,3.25,LOW,20.0,0.0,15.0,0.0,0.0,3,0.0,0.0,False,1,False,False
R243,R243,U685,U685,I286,I286,5,5,7.75,LOW,20.0,0.0,25.0,0.0,0.0,3,15.0,5.0,False,2,False,False
R244,R244,U138,U138,I251,I251,2,2,6.0,LOW,0.0,0.0,25.0,0.0,0.0,3,15.0,0.0,False,1,False,False
R245,R245,U270,U270,I73,I73,4,4,6.0,LOW,0.0,0.0,25.0,0.0,0.0,2,15.0,0.0,False,1,False,False
R246,R246,U213,U213,I216,I216,2,2,6.0,LOW,0.0,0.0,25.0,0.0,0.0,4,15.0,0.0,False,1,False,False
R247,R247,U893,U893,I52,I52,3,3,6.0,LOW,0.0,0.0,25.0,0.0,0.0,4,15.0,0.0,False,1,False,False
R248,R248,U265,U265,I346,I346,3,3,15.5,LOW,0.0,0.0,25.0,20.0,30.0,5,15.0,0.0,False,1,False,False
R249,R249,U118,U118,I270,I270,5,5,7.75,LOW,20.0,0.0,25.0,0.0,0.0,3,15.0,5.0,False,2,False,False
R250,R250,U606,U606,I162,I162,2,2,2.25,LOW,0.0,0.0,15.0,0.0,0.0,3,0.0,0.0,False,0,False,False
R251,R251,U589,U589,I210,I210,5,5,3.25,LOW,20.0,0.0,15.0,0.0,0.0,3,0.0,0.0,False,1,False,False
R252,R252,U428,U428,I253,I253,4,4,3.75,LOW,0.0,10.0,15.0,0.0,0.0,2,0.0,0.0,False,0,False,False
R253,R253,U711,U711,I387,I387,5,5,4.75,LOW,20.0,10.0,15.0,0.0,0.0,4,0.0,0.0,False,1,False,False
R254,R254,U988,U988,I354,I354,1,1,3.25,LOW,20.0,0.0,15.0,0.0,0.0,3,0.0,0.0,False,1,False,False
R255,R255,U177,U177,I88,I88,5,5,7.75,LOW,20.0,0.0,25.0,0.0,0.0,1,15.0,5.0,False,2,False,False
R256,R256,U781,U781,I439,I439,3,3,0.0,LOW,0.0,0.0,0.0,0.0,0.0,2,0.0,0.0,False,0,False,False
R257,R257,U521,U521,I232,I232,3,3,2.25,LOW,0.0,0.0,15.0,0.0,0.0,2,0.0,0.0,False,0,False,False
R258,R258,U772,U772,I491,I491,3,3,2.25,LOW,0.0,0.0,15.0,0.0,0.0,3,0.0,0.0,False,0,False,False
R259,R259,U876,U876,I361,I361,2,2,2.25,LOW,0.0,0.0,15.0,0.0,0.0,4,0.0,0.0,False,0,False,False
R260,R260,U550,U550,I383,I383,4,4,15.5,LOW,0.0,0.0,25.0,20.0,30.0,6,15.0,0.0,False,1,False,False
R261,R261,U866,U866,I251,I251,1,1,9.25,LOW,20.0,10.0,25.0,0.0,0.0,3,15.0,5.0,False,2,False,False
R262,R262,U272,U272,I454,I454,2,2,7.5,LOW,0.0,10.0,25.0,0.0,0.0,2,15.0,0.0,False,1,False,False
R263,R263,U657,U657,I495,I495,4,4,2.25,LOW,0.0,0.0,15.0,0.0,0.0,3,0.0,0.0,False,0,False,False
R264,R264,U982,U982,I286,I286,1,1,7.75,LOW,20.0,0.0,25.0,0.0,0.0,3,15.0,5.0,False,2,False,False
R265,R265,U775,U775,I196,I196,3,3,2.25,LOW,0.0,0.0,15.0,0.0,0.0,2,0.0,0.0,False,0,False,False
R266,R266,U784,U784,I424,I424,1,1,14.5,LOW,20.0,25.0,25.0,0.0,0.0,4,25.0,15.0,False,3,False,False
R267,R267,U312,U312,I484,I484,2,2,6.0,LOW,0.0,0.0,25.0,0.0,0.0,4,15.0,0.0,False,1,False,False
R268,R268,U515,U515,I389,I389,5,5,7.75,LOW,20.0,0.0,25.0,0.0,0.0,2,15.0,5.0,False,2,False,False
R269,R269,U519,U519,I252,I252,2,2,15.5,LOW,0.0,0.0,25.0,20.0,30.0,5,15.0,0.0,False,1,False,False
R270,R270,U481,U481,I226,I226,3,3,11.75,LOW,0.0,0.0,15.0,20.0,30.0,5,0.0,0.0,False,0,False,False
R271,R271,U227,U227,I374,I374,2,2,2.25,LOW,0.0,0.0,15.0,0.0,0.0,2,0.0,0.0,False,0,False,False
R272,R272,U414,U414,I145,I145,4,4,8.25,LOW,0.0,15.0,25.0,0.0,0.0,1,15.0,0.0,False,1,False,False
R273,R273,U14,U14,I424,I424,3,3,6.0,LOW,0.0,0.0,25.0,0.0,0.0,3,15.0,0.0,False,1,False,False
R274,R274,U238,U238,I367,I367,1,1,7.75,LOW,20.0,0.0,25.0,0.0,0.0,4,15.0,5.0,False,2,False,False
R275,R275,U12,U12,I318,I318,1,1,2.5,LOW,20.0,10.0,0.0,0.0,0.0,3,0.0,0.0,False,1,False,False
R276,R276,U197,U197,I262,I262,4,4,8.25,LOW,0.0,15.0,25.0,0.0,0.0,2,15.0,0.0,False,1,False,False
R277,R277,U190,U190,I279,I279,2,2,2.25,LOW,0.0,0.0,15.0,0.0,0.0,3,0.0,0.0,False,0,False,False
R278,R278,U136,U136,I178,I178,3,3,2.25,LOW,0.0,0.0,15.0,0.0,0.0,3,0.0,0.0,False,0,False,False
R279,R279,U993,U993,I20,I20,3,3,6.0,LOW,0.0,0.0,25.0,0.0,0.0,2,15.0,0.0,False,1,False,False
R280,R280,U670,U670,I433,I433,2,2,3.75,LOW,0.0,10.0,15.0,0.0,0.0,2,0.0,0.0,False,0,False,False
R281,R281,U915,U915,I43,I43,5,5,19.5,LOW,20.0,30.0,15.0,20.0,30.0,5,10.0,5.0,False,2,False,False
R282,R282,U741,U741,I334,I334,3,3,11.75,LOW,0.0,0.0,15.0,20.0,30.0,5,0.0,0.0,False,0,False,False
R283,R283,U472,U472,I68,I68,1,1,7.75,LOW,20.0,0.0,25.0,0.0,0.0,3,15.0,5.0,False,2,False,False
R284,R284,U776,U776,I143,I143,1,1,7.75,LOW,20.0,0.0,25.0,0.0,0.0,1,15.0,5.0,False,2,False,False
R285,R285,U57,U57,I362,I362,4,4,0.0,LOW,0.0,0.0,0.0,0.0,0.0,2,0.0,0.0,False,0,False,False
R286,R286,U605,U605,I429,I429,3,3,2.25,LOW,0.0,0.0,15.0,0.0,0.0,2,0.0,0.0,False,0,False,False
R287,R287,U578,U578,I110,I110,2,2,0.0,LOW,0.0,0.0,0.0,0.0,0.0,3,0.0,0.0,False,0,False,False
R288,R288,U380,U380,I399,I399,2,2,3.75,LOW,0.0,10.0,15.0,0.0,0.0,4,0.0,0.0,False,0,False,False
R289,R289,U658,U658,I38,I38,1,1,3.25,LOW,20.0,0.0,15.0,0.0,0.0,4,0.0,0.0,False,1,False,False
R290,R290,U494,U494,I365,I365,5,5,3.25,LOW,20.0,0.0,15.0,0.0,0.0,3,0.0,0.0,False,1,False,False
R291,R291,U101,U101,I488,I488,2,2,11.75,LOW,0.0,0.0,15.0,20.0,30.0,5,0.0,0.0,False,0,False,False
R292,R292,U768,U768,I141,I141,5,5,3.25,LOW,20.0,0.0,15.0,0.0,0.0,4,0.0,0.0,False,1,False,False
R293,R293,U28,U28,I300,I300,5,5,7.75,LOW,20.0,0.0,25.0,0.0,0.0,3,15.0,5.0,False,2,False,False
R294,R294,U154,U154,I381,I381,4,4,6.0,LOW,0.0,0.0,25.0,0.0,0.0,3,15.0,0.0,False,1,False,False
R295,R295,U886,U886,I477,I477,5,5,7.75,LOW,20.0,0.0,25.0,0.0,0.0,2,15.0,5.0,False,2,False,False
R296,R296,U209,U209,I93,I93,2,2,2.25,LOW,0.0,0.0,15.0,0.0,0.0,3,0.0,0.0,False,0,False,False
R297,R297,U80,U80,I253,I253,3,3,2.25,LOW,0.0,0.0,15.0,0.0,0.0,4,0.0,0.0,False,0,False,False
R298,R298,U189,U189,I148,I148,1,1,3.25,LOW,20.0,0.0,15.0,0.0,0.0,3,0.0,0.0,False,1,False,False
R299,R299,U852,U852,I455,I455,2,2,3.75,LOW,0.0,10.0,15.0,0.0,0.0,1,0.0,0.0,False,0,False,False
R300,R300,U429,U429,I51,I51,1,1,3.25,LOW,20.0,0.0,15.0,0.0,0.0,2,0.0,0.0,False,1,False,False
R301,R301,U848,U848,I318,I318,1,1,1.0,LOW,20.0,0.0,0.0,0.0,0.0,3,0.0,0.0,False,1,False,False
R302,R302,U197,U197,I156,I156,4,4,17.75,LOW,0.0,15.0,25.0,20.0,30.0,5,15.0,0.0,False,1,False,False
R303,R303,U441,U441,I50,I50,4,4,15.5,LOW,0.0,0.0,25.0,20.0,30.0,6,15.0,0.0,False,1,False,False
R304,R304,U51,U51,I243,I243,1,1,15.0,LOW,20.0,15.0,15.0,20.0,30.0,5,0.0,0.0,False,1,False,False
R305,R305,U559,U559,I204,I204,4,4,17.75,LOW,0.0,15.0,25.0,20.0,30.0,5,15.0,0.0,False,1,False,False
R306,R306,U668,U668,I86,I86,1,1,1.0,LOW,20.0,0.0,0.0,0.0,0.0,2,0.0,0.0,False,1,False,False
R307,R307,U797,U797,I17,I17,1,1,1.0,LOW,20.0,0.0,0.0,0.0,0.0,1,0.0,0.0,False,1,False,False
R308,R308,U343,U343,I399,I399,2,2,2.25,LOW,0.0,0.0,15.0,0.0,0.0,4,0.0,0.0,False,0,False,False
R309,R309,U914,U914,I410,I410,4,4,6.0,LOW,0.0,0.0,25.0,0.0,0.0,3,15.0,0.0,False,1,False,False
R310,R310,U138,U138,I35,I35,5,5,3.25,LOW,20.0,0.0,15.0,0.0,0.0,3,0.0,0.0,False,1,False,False
R311,R311,U201,U201,I209,I209,5,5,3.25,LOW,20.0,0.0,15.0,0.0,0.0,3,0.0,0.0,False,1,False,False
R312,R312,U31,U31,I5,I5,3,3,2.25,LOW,0.0,0.0,15.0,0.0,0.0,4,0.0,0.0,False,0,False,False
R313,R313,U487,U487,I309,I309,3,3,6.0,LOW,0.0,0.0,25.0,0.0,0.0,4,15.0,0.0,False,1,False,False
R314,R314,U61,U61,I49,I49,4,4,17.0,LOW,0.0,10.0,25.0,20.0,30.0,6,15.0,0.0,False,1,False,False
R315,R315,U139,U139,I170,I170,5,5,3.25,LOW,20.0,0.0,15.0,0.0,0.0,1,0.0,0.0,False,1,False,False
R316,R316,U26,U26,I408,I408,4,4,6.0,LOW,0.0,0.0,25.0,0.0,0.0,3,15.0,0.0,False,1,False,False
R317,R317,U630,U630,I236,I236,1,1,7.75,LOW,20.0,0.0,25.0,0.0,0.0,3,15.0,5.0,False,2,False,False
R318,R318,U770,U770,I398,I398,1,1,14.5,LOW,20.0,25.0,25.0,0.0,0.0,2,25.0,15.0,False,3,False,False
R319,R319,U462,U462,I87,I87,2,2,6.0,LOW,0.0,0.0,25.0,0.0,0.0,2,15.0,0.0,False,1,False,False
R320,R320,U111,U111,I104,I104,5,5,10.0,LOW,20.0,15.0,25.0,0.0,0.0,2,15.0,5.0,False,2,False,False
R321,R321,U579,U579,I21,I21,5,5,1.0,LOW,20.0,0.0,0.0,0.0,0.0,1,0.0,0.0,False,1,False,False
R322,R322,U905,U905,I38,I38,4,4,3.75,LOW,0.0,10.0,15.0,0.0,0.0,2,0.0,0.0,False,0,False,False
R323,R323,U145,U145,I95,I95,1,1,7.75,LOW,20.0,0.0,25.0,0.0,0.0,3,15.0,5.0,False,2,False,False
R324,R324,U823,U823,I421,I421,3,3,6.0,LOW,0.0,0.0,25.0,0.0,0.0,3,15.0,0.0,False,1,False,False
R325,R325,U891,U891,I472,I472,3,3,6.0,LOW,0.0,0.0,25.0,0.0,0.0,4,15.0,0.0,False,1,False,False
R326,R326,U417,U417,I405,I405,1,1,1.0,LOW,20.0,0.0,0.0,0.0,0.0,2,0.0,0.0,False,1,False,False
R327,R327,U113,U113,I291,I291,2,2,0.0,LOW,0.0,0.0,0.0,0.0,0.0,2,0.0,0.0,False,0,False,False
R328,R328,U827,U827,I493,I493,1,1,4.75,LOW,20.0,10.0,15.0,0.0,0.0,2,0.0,0.0,False,1,False,False
R329,R329,U854,U854,I3,I3,4,4,2.25,LOW,0.0,0.0,15.0,0.0,0.0,1,0.0,0.0,False,0,False,False
R330,R330,U313,U313,I125,I125,4,4,2.25,LOW,0.0,0.0,15.0,0.0,0.0,2,0.0,0.0,False,0,False,False
R331,R331,U148,U148,I422,I422,2,2,3.75,LOW,0.0,10.0,15.0,0.0,0.0,2,0.0,0.0,False,0,False,False
R332,R332,U308,U308,I150,I150,2,2,2.25,LOW,0.0,0.0,15.0,0.0,0.0,4,0.0,0.0,False,0,False,False
R333,R333,U369,U369,I73,I73,1,1,10.0,LOW,20.0,15.0,25.0,0.0,0.0,3,15.0,5.0,False,2,False,False
R334,R334,U406,U406,I7,I7,2,2,0.0,LOW,0.0,0.0,0.0,0.0,0.0,3,0.0,0.0,False,0,False,False
R335,R335,U185,U185,I109,I109,5,5,1.0,LOW,20.0,0.0,0.0,0.0,0.0,3,0.0,0.0,False,1,False,False
R336,R336,U773,U773,I42,I42,2,2,6.0,LOW,0.0,0.0,25.0,0.0,0.0,3,15.0,0.0,False,1,False,False
R337,R337,U935,U935,I479,I479,1,1,3.25,LOW,20.0,0.0,15.0,0.0,0.0,1,0.0,0.0,False,1,False,False
R338,R338,U278,U278,I156,I156,4,4,15.5,LOW,0.0,0.0,25.0,20.0,30.0,5,15.0,0.0,False,1,False,False
R339,R339,U904,U904,I92,I92,4,4,6.0,LOW,0.0,0.0,25.0,0.0,0.0,2,15.0,0.0,False,1,False,False
R340,R340,U23,U23,I106,I106,2,2,27.5,LOW,0.0,15.0,25.0,20.0,45.0,8,40.0,15.0,False,3,False,False
R341,R341,U656,U656,I320,I320,3,3,8.25,LOW,0.0,10.0,30.0,0.0,0.0,1,15.0,0.0,False,1,False,False
R342,R342,U96,U96,I115,I115,2,2,2.25,LOW,0.0,0.0,15.0,0.0,0.0,2,0.0,0.0,False,0,False,False
R343,R343,U418,U418,I40,I40,4,4,6.0,LOW,0.0,0.0,25.0,0.0,0.0,1,15.0,0.0,False,1,False,False
R344,R344,U837,U837,I153,I153,5,5,19.5,LOW,20.0,0.0,40.0,20.0,30.0,5,15.0,5.0,False,2,False,False
R345,R345,U993,U993,I496,I496,2,2,6.0,LOW,0.0,0.0,25.0,0.0,0.0,3,15.0,0.0,False,1,False,False
R346,R346,U970,U970,I176,I176,3,3,6.0,LOW,0.0,0.0,25.0,0.0,0.0,1,15.0,0.0,False,1,False,False
R347,R347,U553,U553,I179,I179,1,1,5.5,LOW,20.0,15.0,15.0,0.0,0.0,4,0.0,0.0,False,1,False,False
R348,R348,U37,U37,I67,I67,1,1,38.0,MEDIUM,20.0,15.0,25.0,20.0,45.0,7,40.0,25.0,False,4,True,False
R349,R349,U588,U588,I341,I341,1,1,3.25,LOW,20.0,0.0,15.0,0.0,0.0,2,0.0,0.0,False,1,False,False
R350,R350,U978,U978,I476,I476,5,5,3.25,LOW,20.0,0.0,15.0,0.0,0.0,4,0.0,0.0,False,1,False,False
R351,R351,U944,U944,I430,I430,1,1,7.75,LOW,20.0,0.0,25.0,0.0,0.0,3,15.0,5.0,False,2,False,False
R352,R352,U824,U824,I220,I220,5,5,7.75,LOW,20.0,0.0,25.0,0.0,0.0,2,15.0,5.0,False,2,False,False
R353,R353,U775,U775,I359,I359,3,3,15.5,LOW,0.0,0.0,25.0,20.0,30.0,5,15.0,0.0,False,1,False,False
R354,R354,U621,U621,I410,I410,5,5,17.25,LOW,20.0,0.0,25.0,20.0,30.0,5,15.0,5.0,False,2,False,False
R355,R355,U261,U261,I245,I245,5,5,19.5,LOW,20.0,15.0,25.0,20.0,30.0,5,15.0,5.0,False,2,False,False
R356,R356,U810,U810,I449,I449,5,5,14.25,LOW,20.0,10.0,15.0,20.0,30.0,5,0.0,0.0,False,1,False,False
R357,R357,U431,U431,I64,I64,2,2,15.5,LOW,0.0,0.0,25.0,20.0,30.0,5,15.0,0.0,False,1,False,False
R358,R358,U388,U388,I30,I30,1,1,3.25,LOW,20.0,0.0,15.0,0.0,0.0,2,0.0,0.0,False,1,False,False
R359,R359,U538,U538,I137,I137,3,3,2.25,LOW,0.0,0.0,15.0,0.0,0.0,3,0.0,0.0,False,0,False,False
R360,R360,U265,U265,I12,I12,5,5,3.25,LOW,20.0,0.0,15.0,0.0,0.0,4,0.0,0.0,False,1,False,False
R361,R361,U236,U236,I224,I224,5,5,3.25,LOW,20.0,0.0,15.0,0.0,0.0,3,0.0,0.0,False,1,False,False
R362,R362,U578,U578,I56,I56,5,5,17.25,LOW,20.0,0.0,25.0,20.0,30.0,5,15.0,5.0,False,2,False,False
R363,R363,U502,U502,I149,I149,5,5,5.5,LOW,20.0,15.0,15.0,0.0,0.0,4,0.0,0.0,False,1,False,False
R364,R364,U133,U133,I43,I43,4,4,2.25,LOW,0.0,0.0,15.0,0.0,0.0,1,0.0,0.0,False,0,False,False
R365,R365,U44,U44,I25,I25,4,4,1.5,LOW,0.0,10.0,0.0,0.0,0.0,3,0.0,0.0,False,0,False,False
R366,R366,U754,U754,I371,I371,5,5,3.25,LOW,20.0,0.0,15.0,0.0,0.0,3,0.0,0.0,False,1,False,False
R367,R367,U402,U402,I311,I311,2,2,8.25,LOW,0.0,15.0,25.0,0.0,0.0,3,15.0,0.0,False,1,False,False
R368,R368,U804,U804,I166,I166,2,2,2.25,LOW,0.0,0.0,15.0,0.0,0.0,3,0.0,0.0,False,0,False,False
R369,R369,U553,U553,I137,I137,5,5,5.5,LOW,20.0,15.0,15.0,0.0,0.0,4,0.0,0.0,False,1,False,False
R370,R370,U276,U276,I229,I229,1,1,7.75,LOW,20.0,0.0,25.0,0.0,0.0,3,15.0,5.0,False,2,False,False
R371,R371,U161,U161,I60,I60,2,2,6.0,LOW,0.0,0.0,25.0,0.0,0.0,2,15.0,0.0,False,1,False,False
R372,R372,U988,U988,I270,I270,4,4,6.0,LOW,0.0,0.0,25.0,0.0,0.0,3,15.0,0.0,False,1,False,False
R373,R373,U280,U280,I221,I221,2,2,8.25,LOW,0.0,15.0,25.0,0.0,0.0,1,15.0,0.0,False,1,False,False
R374,R374,U731,U731,I438,I438,1,1,9.25,LOW,20.0,25.0,15.0,0.0,0.0,2,10.0,5.0,False,2,False,False
R375,R375,U67,U67,I85,I85,2,2,2.25,LOW,0.0,0.0,15.0,0.0,0.0,2,0.0,0.0,False,0,False,False
R376,R376,U744,U744,I251,I251,2,2,6.0,LOW,0.0,0.0,25.0,0.0,0.0,3,15.0,0.0,False,1,False,False
R377,R377,U367,U367,I462,I462,3,3,1.5,LOW,0.0,10.0,0.0,0.0,0.0,2,0.0,0.0,False,0,False,False
R378,R378,U899,U899,I106,I106,2,2,25.25,LOW,0.0,0.0,25.0,20.0,45.0,8,40.0,15.0,False,3,False,False
R379,R379,U62,U62,I10,I10,1,1,4.75,LOW,20.0,10.0,15.0,0.0,0.0,3,0.0,0.0,False,1,False,False
R380,R380,U531,U531,I192,I192,2,2,3.75,LOW,0.0,10.0,15.0,0.0,0.0,3,0.0,0.0,False,0,False,False
R381,R381,U761,U761,I365,I365,4,4,2.25,LOW,0.0,0.0,15.0,0.0,0.0,2,0.0,0.0,False,0,False,False
R382,R382,U245,U245,I303,I303,1,1,3.25,LOW,20.0,0.0,15.0,0.0,0.0,3,0.0,0.0,False,1,False,False
R383,R383,U4,U4,I1,I1,5,5,7.75,LOW,20.0,0.0,25.0,0.0,0.0,4,15.0,5.0,False,2,False,False
R384,R384,U585,U585,I393,I393,5,5,3.25,LOW,20.0,0.0,15.0,0.0,0.0,3,0.0,0.0,False,1,False,False
R385,R385,U124,U124,I129,I129,1,1,1.0,LOW,20.0,0.0,0.0,0.0,0.0,2,0.0,0.0,False,1,False,False
R386,R386,U817,U817,I1,I1,1,1,7.75,LOW,20.0,0.0,25.0,0.0,0.0,1,15.0,5.0,False,2,False,False
R387,R387,U977,U977,I438,I438,1,1,10.0,LOW,20.0,30.0,15.0,0.0,0.0,2,10.0,5.0,False,2,False,False
R388,R388,U581,U581,I385,I385,2,2,6.0,LOW,0.0,0.0,25.0,0.0,0.0,4,15.0,0.0,False,1,False,False
R389,R389,U142,U142,I350,I350,4,4,7.5,LOW,0.0,10.0,25.0,0.0,0.0,3,15.0,0.0,False,1,False,False
R390,R390,U956,U956,I233,I233,5,5,4.75,LOW,20.0,10.0,15.0,0.0,0.0,2,0.0,0.0,False,1,False,False
R391,R391,U544,U544,I483,I483,5,5,7.75,LOW,20.0,0.0,25.0,0.0,0.0,4,15.0,5.0,False,2,False,False
R392,R392,U470,U470,I378,I378,5,5,18.0,LOW,20.0,0.0,30.0,20.0,30.0,5,15.0,5.0,False,2,False,False
R393,R393,U397,U397,I4,I4,5,5,3.25,LOW,20.0,0.0,15.0,0.0,0.0,3,0.0,0.0,False,1,False,False
R394,R394,U344,U344,I153,I153,5,5,19.5,LOW,20.0,0.0,40.0,20.0,30.0,5,15.0,5.0,False,2,False,False
R395,R395,U965,U965,I437,I437,5,5,1.0,LOW,20.0,0.0,0.0,0.0,0.0,1,0.0,0.0,False,1,False,False
R396,R396,U491,U491,I132,I132,4,4,11.75,LOW,0.0,0.0,15.0,20.0,30.0,5,0.0,0.0,False,0,False,False
R397,R397,U41,U41,I25,I25,1,1,1.0,LOW,20.0,0.0,0.0,0.0,0.0,1,0.0,0.0,False,1,False,False
R398,R398,U835,U835,I430,I430,5,5,9.25,LOW,20.0,10.0,25.0,0.0,0.0,3,15.0,5.0,False,2,False,False
R399,R399,U283,U283,I350,I350,2,2,6.0,LOW,0.0,0.0,25.0,0.0,0.0,4,15.0,0.0,False,1,False,False
R400,R400,U444,U444,I60,I60,1,1,18.75,LOW,20.0,10.0,25.0,20.0,30.0,5,15.0,5.0,False,2,False,False
R401,R401,U855,U855,I125,I125,4,4,2.25,LOW,0.0,0.0,15.0,0.0,0.0,2,0.0,0.0,False,0,False,False
R402,R402,U951,U951,I49,I49,5,5,9.25,LOW,20.0,10.0,25.0,0.0,0.0,4,15.0,5.0,False,2,False,False
R403,R403,U325,U325,I47,I47,5,5,7.75,LOW,20.0,0.0,25.0,0.0,0.0,3,15.0,5.0,False,2,False,False
R404,R404,U661,U661,I189,I189,3,3,2.25,LOW,0.0,0.0,15.0,0.0,0.0,2,0.0,0.0,False,0,False,False
R405,R405,U513,U513,I72,I72,5,5,3.25,LOW,20.0,0.0,15.0,0.0,0.0,4,0.0,0.0,False,1,False,False
R406,R406,U153,U153,I498,I498,1,1,3.25,LOW,20.0,0.0,15.0,0.0,0.0,4,0.0,0.0,False,1,False,False
R407,R407,U651,U651,I133,I133,1,1,1.0,LOW,20.0,0.0,0.0,0.0,0.0,1,0.0,0.0,False,1,False,False
R408,R408,U371,U371,I104,I104,3,3,15.5,LOW,0.0,0.0,25.0,20.0,30.0,6,15.0,0.0,False,1,False,False
R409,R409,U244,U244,I142,I142,4,4,6.0,LOW,0.0,0.0,25.0,0.0,0.0,2,15.0,0.0,False,1,False,False
R410,R410,U30,U30,I228,I228,3,3,4.5,LOW,0.0,15.0,15.0,0.0,0.0,1,0.0,0.0,False,0,False,False
R411,R411,U966,U966,I294,I294,5,5,12.75,LOW,20.0,0.0,15.0,20.0,30.0,5,0.0,0.0,False,1,False,False
R412,R412,U256,U256,I145,I145,5,5,17.25,LOW,20.0,0.0,25.0,20.0,30.0,5,15.0,5.0,False,2,False,False
R413,R413,U279,U279,I441,I441,4,4,0.0,LOW,0.0,0.0,0.0,0.0,0.0,1,0.0,0.0,False,0,False,False
R414,R414,U452,U452,I75,I75,1,1,17.25,LOW,20.0,0.0,25.0,20.0,30.0,5,15.0,5.0,False,2,False,False
R415,R415,U59,U59,I281,I281,2,2,2.25,LOW,0.0,0.0,15.0,0.0,0.0,4,0.0,0.0,False,0,False,False
R416,R416,U902,U902,I329,I329,1,1,4.75,LOW,20.0,10.0,15.0,0.0,0.0,4,0.0,0.0,False,1,False,False
R417,R417,U723,U723,I394,I394,5,5,12.75,LOW,20.0,0.0,15.0,20.0,30.0,5,0.0,0.0,False,1,False,False
R418,R418,U705,U705,I259,I259,2,2,0.0,LOW,0.0,0.0,0.0,0.0,0.0,2,0.0,0.0,False,0,False,False
R419,R419,U668,U668,I113,I113,5,5,3.25,LOW,20.0,0.0,15.0,0.0,0.0,2,0.0,0.0,False,1,False,False
R420,R420,U610,U610,I472,I472,3,3,6.0,LOW,0.0,0.0,25.0,0.0,0.0,4,15.0,0.0,False,1,False,False
R421,R421,U152,U152,I492,I492,4,4,2.25,LOW,0.0,0.0,15.0,0.0,0.0,3,0.0,0.0,False,0,False,False
R422,R422,U34,U34,I271,I271,3,3,6.0,LOW,0.0,0.0,25.0,0.0,0.0,3,15.0,0.0,False,1,False,False
R423,R423,U908,U908,I35,I35,4,4,2.25,LOW,0.0,0.0,15.0,0.0,0.0,3,0.0,0.0,False,0,False,False
R424,R424,U705,U705,I166,I166,2,2,2.25,LOW,0.0,0.0,15.0,0.0,0.0,3,0.0,0.0,False,0,False,False
R425,R425,U232,U232,I404,I404,3,3,2.25,LOW,0.0,0.0,15.0,0.0,0.0,2,0.0,0.0,False,0,False,False
R426,R426,U994,U994,I98,I98,4,4,2.25,LOW,0.0,0.0,15.0,0.0,0.0,2,0.0,0.0,False,0,False,False
R427,R427,U163,U163,I486,I486,2,2,6.0,LOW,0.0,0.0,25.0,0.0,0.0,4,15.0,0.0,False,1,False,False
R428,R428,U465,U465,I8,I8,1,1,3.25,LOW,20.0,0.0,15.0,0.0,0.0,1,0.0,0.0,False,1,False,False
R429,R429,U89,U89,I81,I81,5,5,7.75,LOW,20.0,0.0,25.0,0.0,0.0,3,15.0,5.0,False,2,False,False
R430,R430,U790,U790,I286,I286,2,2,15.5,LOW,0.0,0.0,25.0,20.0,30.0,6,15.0,0.0,False,1,False,False
R431,R431,U718,U718,I169,I169,1,1,2.5,LOW,20.0,10.0,0.0,0.0,0.0,3,0.0,0.0,False,1,False,False
R432,R432,U118,U118,I351,I351,4,4,2.25,LOW,0.0,0.0,15.0,0.0,0.0,2,0.0,0.0,False,0,False,False
R433,R433,U643,U643,I90,I90,3,3,6.0,LOW,0.0,0.0,25.0,0.0,0.0,1,15.0,0.0,False,1,False,False
R434,R434,U578,U578,I9,I9,3,3,2.25,LOW,0.0,0.0,15.0,0.0,0.0,3,0.0,0.0,False,0,False,False
R435,R435,U887,U887,I456,I456,4,4,17.75,LOW,0.0,15.0,25.0,20.0,30.0,5,15.0,0.0,False,1,False,False
R436,R436,U904,U904,I16,I16,1,1,7.75,LOW,20.0,0.0,25.0,0.0,0.0,3,15.0,5.0,False,2,False,False
R437,R437,U616,U616,I88,I88,2,2,15.5,LOW,0.0,0.0,25.0,20.0,30.0,5,15.0,0.0,False,1,False,False
R438,R438,U270,U270,I218,I218,4,4,0.0,LOW,0.0,0.0,0.0,0.0,0.0,1,0.0,0.0,False,0,False,False
R439,R439,U55,U55,I43,I43,2,2,2.25,LOW,0.0,0.0,15.0,0.0,0.0,3,0.0,0.0,False,0,False,False
R440,R440,U248,U248,I267,I267,2,2,2.25,LOW,0.0,0.0,15.0,0.0,0.0,3,0.0,0.0,False,0,False,False
R441,R441,U88,U88,I15,I15,1,1,17.25,LOW,20.0,0.0,25.0,20.0,30.0,5,15.0,5.0,False,2,False,False
R442,R442,U900,U900,I381,I381,2,2,7.5,LOW,0.0,10.0,25.0,0.0,0.0,3,15.0,0.0,False,1,False,False
R443,R443,U925,U925,I65,I65,5,5,3.25,LOW,20.0,0.0,15.0,0.0,0.0,3,0.0,0.0,False,1,False,False
R444,R444,U947,U947,I321,I321,4,4,11.75,LOW,0.0,0.0,15.0,20.0,30.0,5,0.0,0.0,False,0,False,False
R445,R445,U359,U359,I45,I45,2,2,6.0,LOW,0.0,0.0,25.0,0.0,0.0,3,15.0,0.0,False,1,False,False
R446,R446,U670,U670,I463,I463,3,3,1.5,LOW,0.0,10.0,0.0,0.0,0.0,1,0.0,0.0,False,0,False,False
R447,R447,U732,U732,I191,I191,1,1,1.0,LOW,20.0,0.0,0.0,0.0,0.0,1,0.0,0.0,False,1,False,False
R448,R448,U753,U753,I219,I219,4,4,3.75,LOW,0.0,10.0,15.0,0.0,0.0,2,0.0,0.0,False,0,False,False
R449,R449,U332,U332,I114,I114,3,3,6.0,LOW,0.0,0.0,25.0,0.0,0.0,2,15.0,0.0,False,1,False,False
R450,R450,U390,U390,I371,I371,1,1,3.25,LOW,20.0,0.0,15.0,0.0,0.0,2,0.0,0.0,False,1,False,False
R451,R451,U670,U670,I90,I90,2,2,7.5,LOW,0.0,10.0,25.0,0.0,0.0,3,15.0,0.0,False,1,False,False
R452,R452,U429,U429,I112,I112,3,3,2.25,LOW,0.0,0.0,15.0,0.0,0.0,3,0.0,0.0,False,0,False,False
R453,R453,U845,U845,I494,I494,1,1,52.75,HIGH,20.0,25.0,25.0,20.0,45.0,7,50.0,50.0,False,6,True,False
R454,R454,U636,U636,I45,I45,3,3,6.0,LOW,0.0,0.0,25.0,0.0,0.0,3,15.0,0.0,False,1,False,False
R455,R455,U7,U7,I187,I187,4,4,0.0,LOW,0.0,0.0,0.0,0.0,0.0,1,0.0,0.0,False,0,False,False
R456,R456,U761,U761,I408,I408,2,2,6.0,LOW,0.0,0.0,25.0,0.0,0.0,3,15.0,0.0,False,1,False,False
R457,R457,U316,U316,I251,I251,2,2,6.0,LOW,0.0,0.0,25.0,0.0,0.0,3,15.0,0.0,False,1,False,False
R458,R458,U240,U240,I179,I179,5,5,3.25,LOW,20.0,0.0,15.0,0.0,0.0,2,0.0,0.0,False,1,False,False
R459,R459,U85,U85,I251,I251,4,4,6.0,LOW,0.0,0.0,25.0,0.0,0.0,3,15.0,0.0,False,1,False,False
R460,R460,U173,U173,I83,I83,3,3,15.5,LOW,0.0,0.0,25.0,20.0,30.0,5,15.0,0.0,False,1,False,False
R461,R461,U103,U103,I383,I383,2,2,6.0,LOW,0.0,0.0,25.0,0.0,0.0,2,15.0,0.0,False,1,False,False
R462,R462,U684,U684,I487,I487,2,2,6.0,LOW,0.0,0.0,25.0,0.0,0.0,3,15.0,0.0,False,1,False,False
R463,R463,U463,U463,I1,I1,5,5,7.75,LOW,20.0,0.0,25.0,0.0,0.0,4,15.0,5.0,False,2,False,False
R464,R464,U867,U867,I214,I214,4,4,0.0,LOW,0.0,0.0,0.0,0.0,0.0,1,0.0,0.0,False,0,False,False
R465,R465,U954,U954,I357,I357,4,4,6.0,LOW,0.0,0.0,25.0,0.0,0.0,4,15.0,0.0,False,1,False,False
R466,R466,U876,U876,I66,I66,3,3,2.25,LOW,0.0,0.0,15.0,0.0,0.0,2,0.0,0.0,False,0,False,False
R467,R467,U979,U979,I474,I474,5,5,14.5,LOW,20.0,25.0,25.0,0.0,0.0,4,25.0,15.0,False,3,False,False
R468,R468,U905,U905,I209,I209,5,5,4.75,LOW,20.0,10.0,15.0,0.0,0.0,3,0.0,0.0,False,1,False,False
R469,R469,U522,U522,I438,I438,3,3,11.75,LOW,0.0,0.0,15.0,20.0,30.0,5,0.0,0.0,False,0,False,False
R470,R470,U300,U300,I242,I242,4,4,0.0,LOW,0.0,0.0,0.0,0.0,0.0,1,0.0,0.0,False,0,False,False
R471,R471,U678,U678,I81,I81,5,5,7.75,LOW,20.0,0.0,25.0,0.0,0.0,3,15.0,5.0,False,2,False,False
R472,R472,U654,U654,I106,I106,3,3,6.0,LOW,0.0,0.0,25.0,0.0,0.0,2,15.0,0.0,False,1,False,False
R473,R473,U37,U37,I211,I211,1,1,5.5,LOW,20.0,15.0,15.0,0.0,0.0,1,0.0,0.0,False,1,False,False
R474,R474,U310,U310,I256,I256,5,5,3.25,LOW,20.0,15.0,0.0,0.0,0.0,2,0.0,0.0,False,1,False,False
R475,R475,U308,U308,I498,I498,2,2,2.25,LOW,0.0,0.0,15.0,0.0,0.0,2,0.0,0.0,False,0,False,False
R476,R476,U240,U240,I160,I160,3,3,6.0,LOW,0.0,0.0,25.0,0.0,0.0,4,15.0,0.0,False,1,False,False
R477,R477,U314,U314,I27,I27,3,3,4.5,LOW,0.0,15.0,15.0,0.0,0.0,3,0.0,0.0,False,0,False,False
R478,R478,U429,U429,I449,I449,4,4,2.25,LOW,0.0,0.0,15.0,0.0,0.0,1,0.0,0.0,False,0,False,False
R479,R479,U156,U156,I485,I485,1,1,2.5,LOW,20.0,10.0,0.0,0.0,0.0,2,0.0,0.0,False,1,False,False
R480,R480,U88,U88,I172,I172,4,4,2.25,LOW,0.0,0.0,15.0,0.0,0.0,1,0.0,0.0,False,0,False,False
R481,R481,U619,U619,I377,I377,3,3,2.25,LOW,0.0,0.0,15.0,0.0,0.0,3,0.0,0.0,False,0,False,False
R482,R482,U365,U365,I131,I131,5,5,2.5,LOW,20.0,10.0,0.0,0.0,0.0,2,0.0,0.0,False,1,False,False
R483,R483,U17,U17,I496,I496,4,4,7.5,LOW,0.0,10.0,25.0,0.0,0.0,2,15.0,0.0,False,1,False,False
R484,R484,U707,U707,I141,I141,3,3,2.25,LOW,0.0,0.0,15.0,0.0,0.0,1,0.0,0.0,False,0,False,False
R485,R485,U838,U838,I45,I45,1,1,7.75,LOW,20.0,0.0,25.0,0.0,0.0,3,15.0,5.0,False,2,False,False
R486,R486,U686,U686,I363,I363,5,5,7.75,LOW,20.0,0.0,25.0,0.0,0.0,2,15.0,5.0,False,2,False,False
R487,R487,U792,U792,I100,I100,5,5,52.5,HIGH,20.0,0.0,25.0,20.0,60.0,11,60.0,25.0,False,4,True,False
R488,R488,U82,U82,I271,I271,2,2,15.5,LOW,0.0,0.0,25.0,20.0,30.0,6,15.0,0.0,False,1,False,False
R489,R489,U255,U255,I1,I1,4,4,26.75,LOW,0.0,10.0,25.0,20.0,45.0,7,40.0,15.0,False,3,False,False
R490,R490,U314,U314,I115,I115,3,3,14.0,LOW,0.0,15.0,15.0,20.0,30.0,5,0.0,0.0,False,0,False,False
R491,R491,U600,U600,I403,I403,3,3,6.0,LOW,0.0,0.0,25.0,0.0,0.0,4,15.0,0.0,False,1,False,False
R492,R492,U895,U895,I442,I442,5,5,17.25,LOW,20.0,0.0,25.0,20.0,30.0,6,15.0,5.0,False,2,False,False
R493,R493,U741,U741,I33,I33,5,5,12.75,LOW,20.0,0.0,15.0,20.0,30.0,6,0.0,0.0,False,1,False,False
R494,R494,U283,U283,I300,I300,4,4,6.0,LOW,0.0,0.0,25.0,0.0,0.0,2,15.0,0.0,False,1,False,False
R495,R495,U23,U23,I207,I207,4,4,8.25,LOW,0.0,15.0,25.0,0.0,0.0,3,15.0,0.0,False,1,False,False
R496,R496,U886,U886,I396,I396,1,1,3.25,LOW,20.0,0.0,15.0,0.0,0.0,4,0.0,0.0,False,1,False,False
R497,R497,U867,U867,I50,I50,1,1,7.75,LOW,20.0,0.0,25.0,0.0,0.0,1,15.0,5.0,False,2,False,False
R498,R498,U186,U186,I46,I46,2,2,11.75,LOW,0.0,0.0,15.0,20.0,30.0,6,0.0,0.0,False,0,False,False
R499,R499,U318,U318,I100,I100,3,3,6.0,LOW,0.0,0.0,25.0,0.0,0.0,2,15.0,0.0,False,1,False,False
R500,R500,U821,U821,I371,I371,2,2,11.75,LOW,0.0,0.0,15.0,20.0,30.0,5,0.0,0.0,False,0,False,False
R501,R501,U883,U883,I15,I15,1,1,18.75,LOW,20.0,10.0,25.0,20.0,30.0,5,15.0,5.0,False,2,False,False
R502,R502,U411,U411,I26,I26,3,3,6.0,LOW,0.0,0.0,25.0,0.0,0.0,2,15.0,0.0,False,1,False,False
R503,R503,U761,U761,I486,I486,5,5,17.25,LOW,20.0,0.0,25.0,20.0,30.0,5,15.0,5.0,False,2,False,False
R504,R504,U4,U4,I421,I421,2,2,6.0,LOW,0.0,0.0,25.0,0.0,0.0,3,15.0,0.0,False,1,False,False
R505,R505,U145,U145,I51,I51,5,5,3.25,LOW,20.0,0.0,15.0,0.0,0.0,1,0.0,0.0,False,1,False,False
R506,R506,U54,U54,I29,I29,2,2,2.25,LOW,0.0,0.0,15.0,0.0,0.0,4,0.0,0.0,False,0,False,False
R507,R507,U63,U63,I357,I357,2,2,7.5,LOW,0.0,10.0,25.0,0.0,0.0,3,15.0,0.0,False,1,False,False
R508,R508,U608,U608,I228,I228,5,5,3.25,LOW,20.0,0.0,15.0,0.0,0.0,4,0.0,0.0,False,1,False,False
R509,R509,U637,U637,I309,I309,1,1,17.25,LOW,20.0,0.0,25.0,20.0,30.0,5,15.0,5.0,False,2,False,False
R510,R510,U91,U91,I413,I413,3,3,11.75,LOW,0.0,0.0,15.0,20.0,30.0,6,0.0,0.0,False,0,False,False
R511,R511,U960,U960,I6,I6,2,2,15.5,LOW,0.0,0.0,25.0,20.0,30.0,5,15.0,0.0,False,1,False,False
R512,R512,U941,U941,I479,I479,4,4,2.25,LOW,0.0,0.0,15.0,0.0,0.0,1,0.0,0.0,False,0,False,False
R513,R513,U246,U246,I54,I54,4,4,2.25,LOW,0.0,0.0,15.0,0.0,0.0,3,0.0,0.0,False,0,False,False
R514,R514,U101,U101,I301,I301,4,4,2.25,LOW,0.0,0.0,15.0,0.0,0.0,2,0.0,0.0,False,0,False,False
R515,R515,U667,U667,I284,I284,4,4,6.0,LOW,0.0,0.0,25.0,0.0,0.0,4,15.0,0.0,False,1,False,False
R516,R516,U799,U799,I383,I383,1,1,7.75,LOW,20.0,0.0,25.0,0.0,0.0,3,15.0,5.0,False,2,False,False
R517,R517,U775,U775,I198,I198,2,2,6.0,LOW,0.0,0.0,25.0,0.0,0.0,4,15.0,0.0,False,1,False,False
R518,R518,U962,U962,I181,I181,5,5,12.75,LOW,20.0,0.0,15.0,20.0,30.0,6,0.0,0.0,False,1,False,False
R519,R519,U52,U52,I369,I369,5,5,3.25,LOW,20.0,0.0,15.0,0.0,0.0,3,0.0,0.0,False,1,False,False
R520,R520,U100,U100,I297,I297,3,3,15.5,LOW,0.0,0.0,25.0,20.0,30.0,6,15.0,0.0,False,1,False,False
R521,R521,U477,U477,I420,I420,5,5,3.25,LOW,20.0,0.0,15.0,0.0,0.0,4,0.0,0.0,False,1,False,False
R522,R522,U888,U888,I186,I186,1,1,3.25,LOW,20.0,0.0,15.0,0.0,0.0,4,0.0,0.0,False,1,False,False
R523,R523,U123,U123,I39,I39,2,2,1.5,LOW,0.0,10.0,0.0,0.0,0.0,2,0.0,0.0,False,0,False,False
R524,R524,U348,U348,I114,I114,3,3,6.0,LOW,0.0,0.0,25.0,0.0,0.0,2,15.0,0.0,False,1,False,False
R525,R525,U169,U169,I361,I361,1,1,3.25,LOW,20.0,0.0,15.0,0.0,0.0,2,0.0,0.0,False,1,False,False
R526,R526,U483,U483,I472,I472,2,2,6.0,LOW,0.0,0.0,25.0,0.0,0.0,2,15.0,0.0,False,1,False,False
R527,R527,U541,U541,I346,I346,4,4,6.0,LOW,0.0,0.0,25.0,0.0,0.0,2,15.0,0.0,False,1,False,False
R528,R528,U762,U762,I1,I1,4,4,25.25,LOW,0.0,0.0,25.0,20.0,45.0,7,40.0,15.0,False,3,False,False
R529,R529,U798,U798,I239,I239,5,5,3.25,LOW,20.0,0.0,15.0,0.0,0.0,2,0.0,0.0,False,1,False,False
R530,R530,U57,U57,I366,I366,2,2,15.5,LOW,0.0,0.0,25.0,20.0,30.0,5,15.0,0.0,False,1,False,False
R531,R531,U114,U114,I484,I484,4,4,7.5,LOW,0.0,10.0,25.0,0.0,0.0,3,15.0,0.0,False,1,False,False
R532,R532,U436,U436,I14,I14,5,5,1.0,LOW,20.0,0.0,0.0,0.0,0.0,2,0.0,0.0,False,1,False,False
R533,R533,U524,U524,I56,I56,5,5,17.25,LOW,20.0,0.0,25.0,20.0,30.0,5,15.0,5.0,False,2,False,False
R534,R534,U999,U999,I427,I427,2,2,6.0,LOW,0.0,0.0,25.0,0.0,0.0,3,15.0,0.0,False,1,False,False
R535,R535,U915,U915,I103,I103,5,5,10.0,LOW,20.0,30.0,15.0,0.0,0.0,3,10.0,5.0,False,2,False,False
R536,R536,U602,U602,I324,I324,4,4,2.25,LOW,0.0,0.0,15.0,0.0,0.0,4,0.0,0.0,False,0,False,False
R537,R537,U492,U492,I251,I251,1,1,7.75,LOW,20.0,0.0,25.0,0.0,0.0,3,15.0,5.0,False,2,False,False
R538,R538,U202,U202,I248,I248,3,3,2.25,LOW,0.0,0.0,15.0,0.0,0.0,2,0.0,0.0,False,0,False,False
R539,R539,U41,U41,I229,I229,4,4,6.0,LOW,0.0,0.0,25.0,0.0,0.0,4,15.0,0.0,False,1,False,False
R540,R540,U884,U884,I54,I54,1,1,5.5,LOW,20.0,15.0,15.0,0.0,0.0,3,0.0,0.0,False,1,False,False
R541,R541,U817,U817,I146,I146,5,5,7.75,LOW,20.0,0.0,25.0,0.0,0.0,4,15.0,5.0,False,2,False,False
R542,R542,U689,U689,I370,I370,5,5,9.25,LOW,20.0,10.0,25.0,0.0,0.0,1,15.0,5.0,False,2,False,False
R543,R543,U803,U803,I180,I180,4,4,2.25,LOW,0.0,0.0,15.0,0.0,0.0,2,0.0,0.0,False,0,False,False
R544,R544,U32,U32,I7,I7,2,2,0.0,LOW,0.0,0.0,0.0,0.0,0.0,3,0.0,0.0,False,0,False,False
R545,R545,U263,U263,I342,I342,3,3,0.0,LOW,0.0,0.0,0.0,0.0,0.0,1,0.0,0.0,False,0,False,False
R546,R546,U817,U817,I393,I393,2,2,2.25,LOW,0.0,0.0,15.0,0.0,0.0,4,0.0,0.0,False,0,False,False
R547,R547,U897,U897,I202,I202,2,2,6.0,LOW,0.0,0.0,25.0,0.0,0.0,3,15.0,0.0,False,1,False,False
R548,R548,U993,U993,I422,I422,1,1,3.25,LOW,20.0,0.0,15.0,0.0,0.0,2,0.0,0.0,False,1,False,False
R549,R549,U599,U599,I19,I19,4,4,6.0,LOW,0.0,0.0,25.0,0.0,0.0,4,15.0,0.0,False,1,False,False
R550,R550,U684,U684,I390,I390,4,4,2.25,LOW,0.0,0.0,15.0,0.0,0.0,3,0.0,0.0,False,0,False,False
R551,R551,U360,U360,I433,I433,4,4,3.75,LOW,0.0,10.0,15.0,0.0,0.0,4,0.0,0.0,False,0,False,False
R552,R552,U407,U407,I341,I341,4,4,2.25,LOW,0.0,0.0,15.0,0.0,0.0,4,0.0,0.0,False,0,False,False
R553,R553,U398,U398,I410,I410,4,4,6.0,LOW,0.0,0.0,25.0,0.0,0.0,3,15.0,0.0,False,1,False,False
R554,R554,U699,U699,I182,I182,1,1,10.0,LOW,20.0,15.0,25.0,0.0,0.0,1,15.0,5.0,False,2,False,False
R555,R555,U634,U634,I353,I353,1,1,3.25,LOW,20.0,0.0,15.0,0.0,0.0,4,0.0,0.0,False,1,False,False
R556,R556,U591,U591,I435,I435,3,3,13.25,LOW,0.0,10.0,15.0,20.0,30.0,6,0.0,0.0,False,0,False,False
R557,R557,U766,U766,I481,I481,2,2,0.0,LOW,0.0,0.0,0.0,0.0,0.0,1,0.0,0.0,False,0,False,False
R558,R558,U329,U329,I28,I28,1,1,3.25,LOW,20.0,0.0,15.0,0.0,0.0,2,0.0,0.0,False,1,False,False
R559,R559,U916,U916,I152,I152,2,2,6.0,LOW,0.0,0.0,25.0,0.0,0.0,4,15.0,0.0,False,1,False,False
R560,R560,U74,U74,I2,I2,4,4,6.0,LOW,0.0,0.0,25.0,0.0,0.0,4,15.0,0.0,False,1,False,False
R561,R561,U222,U222,I101,I101,3,3,6.0,LOW,0.0,0.0,25.0,0.0,0.0,2,15.0,0.0,False,1,False,False
R562,R562,U963,U963,I488,I488,5,5,9.25,LOW,20.0,25.0,15.0,0.0,0.0,1,10.0,5.0,False,2,False,False
R563,R563,U914,U914,I400,I400,2,2,6.0,LOW,0.0,0.0,25.0,0.0,0.0,3,15.0,0.0,False,1,False,False
R564,R564,U868,U868,I108,I108,1,1,4.75,LOW,20.0,10.0,15.0,0.0,0.0,2,0.0,0.0,False,1,False,False
R565,R565,U551,U551,I443,I443,2,2,2.25,LOW,0.0,0.0,15.0,0.0,0.0,1,0.0,0.0,False,0,False,False
R566,R566,U140,U140,I147,I147,5,5,17.25,LOW,20.0,0.0,25.0,20.0,30.0,5,15.0,5.0,False,2,False,False
R567,R567,U515,U515,I33,I33,2,2,2.25,LOW,0.0,0.0,15.0,0.0,0.0,1,0.0,0.0,False,0,False,False
R568,R568,U10,U10,I154,I154,1,1,3.25,LOW,20.0,0.0,15.0,0.0,0.0,3,0.0,0.0,False,1,False,False
R569,R569,U435,U435,I307,I307,1,1,7.75,LOW,20.0,0.0,25.0,0.0,0.0,3,15.0,5.0,False,2,False,False
R570,R570,U323,U323,I439,I439,2,2,0.0,LOW,0.0,0.0,0.0,0.0,0.0,1,0.0,0.0,False,0,False,False
R571,R571,U150,U150,I51,I51,3,3,2.25,LOW,0.0,0.0,15.0,0.0,0.0,2,0.0,0.0,False,0,False,False
R572,R572,U386,U386,I243,I243,3,3,2.25,LOW,0.0,0.0,15.0,0.0,0.0,3,0.0,0.0,False,0,False,False
R573,R573,U563,U563,I198,I198,3,3,6.0,LOW,0.0,0.0,25.0,0.0,0.0,3,15.0,0.0,False,1,False,False
R574,R574,U730,U730,I406,I406,2,2,2.25,LOW,0.0,0.0,15.0,0.0,0.0,4,0.0,0.0,False,0,False,False
R575,R575,U683,U683,I444,I444,5,5,1.0,LOW,20.0,0.0,0.0,0.0,0.0,3,0.0,0.0,False,1,False,False
R576,R576,U238,U238,I158,I158,5,5,12.75,LOW,20.0,0.0,15.0,20.0,30.0,5,0.0,0.0,False,1,False,False
R577,R577,U95,U95,I1,I1,3,3,6.0,LOW,0.0,0.0,25.0,0.0,0.0,4,15.0,0.0,False,1,False,False
R578,R578,U839,U839,I60,I60,3,3,15.5,LOW,0.0,0.0,25.0,20.0,30.0,5,15.0,0.0,False,1,False,False
R579,R579,U430,U430,I132,I132,2,2,2.25,LOW,0.0,0.0,15.0,0.0,0.0,3,0.0,0.0,False,0,False,False
R580,R580,U517,U517,I419,I419,5,5,17.25,LOW,20.0,0.0,25.0,20.0,30.0,6,15.0,5.0,False,2,False,False
R581,R581,U876,U876,I491,I491,1,1,3.25,LOW,20.0,0.0,15.0,0.0,0.0,1,0.0,0.0,False,1,False,False
R582,R582,U483,U483,I126,I126,5,5,3.25,LOW,20.0,0.0,15.0,0.0,0.0,1,0.0,0.0,False,1,False,False
R583,R583,U328,U328,I381,I381,1,1,15.25,LOW,20.0,30.0,25.0,0.0,0.0,2,25.0,15.0,False,3,False,False
R584,R584,U559,U559,I394,I394,1,1,5.5,LOW,20.0,15.0,15.0,0.0,0.0,2,0.0,0.0,False,1,False,False
R585,R585,U929,U929,I252,I252,3,3,7.5,LOW,0.0,10.0,25.0,0.0,0.0,2,15.0,0.0,False,1,False,False
R586,R586,U137,U137,I119,I119,5,5,3.25,LOW,20.0,0.0,15.0,0.0,0.0,2,0.0,0.0,False,1,False,False
R587,R587,U783,U783,I288,I288,4,4,0.0,LOW,0.0,0.0,0.0,0.0,0.0,2,0.0,0.0,False,0,False,False
R588,R588,U100,U100,I174,I174,3,3,2.25,LOW,0.0,0.0,15.0,0.0,0.0,2,0.0,0.0,False,0,False,False
R589,R589,U158,U158,I192,I192,1,1,3.25,LOW,20.0,0.0,15.0,0.0,0.0,4,0.0,0.0,False,1,False,False
R590,R590,U687,U687,I415,I415,5,5,5.5,LOW,20.0,15.0,15.0,0.0,0.0,3,0.0,0.0,False,1,False,False
R591,R591,U164,U164,I116,I116,4,4,1.5,LOW,0.0,10.0,0.0,0.0,0.0,1,0.0,0.0,False,0,False,False
R592,R592,U157,U157,I151,I151,3,3,2.25,LOW,0.0,0.0,15.0,0.0,0.0,4,0.0,0.0,False,0,False,False
R593,R593,U776,U776,I377,I377,3,3,2.25,LOW,0.0,0.0,15.0,0.0,0.0,3,0.0,0.0,False,0,False,False
R594,R594,U432,U432,I395,I395,4,4,2.25,LOW,0.0,0.0,15.0,0.0,0.0,2,0.0,0.0,False,0,False,False
R595,R595,U144,U144,I18,I18,3,3,0.0,LOW,0.0,0.0,0.0,0.0,0.0,2,0.0,0.0,False,0,False,False
R596,R596,U452,U452,I52,I52,1,1,7.75,LOW,20.0,0.0,25.0,0.0,0.0,4,15.0,5.0,False,2,False,False
R597,R597,U208,U208,I31,I31,5,5,14.5,LOW,20.0,25.0,25.0,0.0,0.0,3,25.0,15.0,False,3,False,False
R598,R598,U125,U125,I185,I185,4,4,3.75,LOW,0.0,10.0,15.0,0.0,0.0,4,0.0,0.0,False,0,False,False
R599,R599,U772,U772,I333,I333,4,4,2.25,LOW,0.0,0.0,15.0,0.0,0.0,2,0.0,0.0,False,0,False,False
R600,R600,U656,U656,I385,I385,2,2,7.5,LOW,0.0,10.0,25.0,0.0,0.0,4,15.0,0.0,False,1,False,False
R601,R601,U680,U680,I370,I370,1,1,9.25,LOW,20.0,10.0,25.0,0.0,0.0,3,15.0,5.0,False,2,False,False
R602,R602,U100,U100,I249,I249,3,3,2.25,LOW,0.0,0.0,15.0,0.0,0.0,3,0.0,0.0,False,0,False,False
R603,R603,U233,U233,I271,I271,1,1,10.0,LOW,20.0,15.0,25.0,0.0,0.0,2,15.0,5.0,False,2,False,False
R604,R604,U909,U909,I226,I226,3,3,11.75,LOW,0.0,0.0,15.0,20.0,30.0,5,0.0,0.0,False,0,False,False
R605,R605,U860,U860,I154,I154,5,5,3.25,LOW,20.0,0.0,15.0,0.0,0.0,2,0.0,0.0,False,1,False,False
R606,R606,U722,U722,I235,I235,2,2,6.0,LOW,0.0,0.0,25.0,0.0,0.0,1,15.0,0.0,False,1,False,False
R607,R607,U51,U51,I82,I82,5,5,5.5,LOW,20.0,15.0,15.0,0.0,0.0,3,0.0,0.0,False,1,False,False
R608,R608,U340,U340,I132,I132,4,4,13.25,LOW,0.0,10.0,15.0,20.0,30.0,5,0.0,0.0,False,0,False,False
R609,R609,U540,U540,I206,I206,2,2,8.25,LOW,0.0,10.0,30.0,0.0,0.0,1,15.0,0.0,False,1,False,False
R610,R610,U190,U190,I284,I284,5,5,7.75,LOW,20.0,0.0,25.0,0.0,0.0,2,15.0,5.0,False,2,False,False
R611,R611,U46,U46,I229,I229,4,4,6.0,LOW,0.0,0.0,25.0,0.0,0.0,4,15.0,0.0,False,1,False,False
R612,R612,U256,U256,I69,I69,1,1,3.25,LOW,20.0,0.0,15.0,0.0,0.0,1,0.0,0.0,False,1,False,False
R613,R613,U668,U668,I456,I456,4,4,15.5,LOW,0.0,0.0,25.0,20.0,30.0,5,15.0,0.0,False,1,False,False
R614,R614,U211,U211,I73,I73,4,4,6.0,LOW,0.0,0.0,25.0,0.0,0.0,2,15.0,0.0,False,1,False,False
R615,R615,U880,U880,I427,I427,2,2,6.0,LOW,0.0,0.0,25.0,0.0,0.0,3,15.0,0.0,False,1,False,False
R616,R616,U213,U213,I372,I372,5,5,3.25,LOW,20.0,0.0,15.0,0.0,0.0,2,0.0,0.0,False,1,False,False
R617,R617,U487,U487,I213,I213,2,2,0.0,LOW,0.0,0.0,0.0,0.0,0.0,2,0.0,0.0,False,0,False,False
R618,R618,U618,U618,I64,I64,2,2,15.5,LOW,0.0,0.0,25.0,20.0,30.0,5,15.0,0.0,False,1,False,False
R619,R619,U441,U441,I369,I369,5,5,3.25,LOW,20.0,0.0,15.0,0.0,0.0,3,0.0,0.0,False,1,False,False
R620,R620,U621,U621,I26,I26,4,4,15.5,LOW,0.0,0.0,25.0,20.0,30.0,5,15.0,0.0,False,1,False,False
R621,R621,U710,U710,I15,I15,3,3,17.0,LOW,0.0,10.0,25.0,20.0,30.0,5,15.0,0.0,False,1,False,False
R622,R622,U940,U940,I479,I479,5,5,3.25,LOW,20.0,0.0,15.0,0.0,0.0,2,0.0,0.0,False,1,False,False
R623,R623,U605,U605,I347,I347,2,2,2.25,LOW,0.0,0.0,15.0,0.0,0.0,2,0.0,0.0,False,0,False,False
R624,R624,U58,U58,I355,I355,3,3,26.75,LOW,0.0,10.0,25.0,20.0,45.0,7,40.0,15.0,False,3,False,False
R625,R625,U796,U796,I120,I120,3,3,2.25,LOW,0.0,0.0,15.0,0.0,0.0,3,0.0,0.0,False,0,False,False
R626,R626,U355,U355,I403,I403,1,1,7.75,LOW,20.0,0.0,25.0,0.0,0.0,1,15.0,5.0,False,2,False,False
R627,R627,U537,U537,I483,I483,5,5,7.75,LOW,20.0,0.0,25.0,0.0,0.0,4,15.0,5.0,False,2,False,False
R628,R628,U485,U485,I102,I102,5,5,3.25,LOW,20.0,15.0,0.0,0.0,0.0,3,0.0,0.0,False,1,False,False
R629,R629,U760,U760,I42,I42,3,3,6.0,LOW,0.0,0.0,25.0,0.0,0.0,2,15.0,0.0,False,1,False,False
R630,R630,U874,U874,I230,I230,4,4,11.75,LOW,0.0,0.0,15.0,20.0,30.0,5,0.0,0.0,False,0,False,False
R631,R631,U795,U795,I4,I4,3,3,2.25,LOW,0.0,0.0,15.0,0.0,0.0,3,0.0,0.0,False,0,False,False
R632,R632,U698,U698,I335,I335,3,3,6.0,LOW,0.0,0.0,25.0,0.0,0.0,4,15.0,0.0,False,1,False,False
R633,R633,U461,U461,I29,I29,4,4,3.75,LOW,0.0,10.0,15.0,0.0,0.0,2,0.0,0.0,False,0,False,False
R634,R634,U609,U609,I451,I451,4,4,0.0,LOW,0.0,0.0,0.0,0.0,0.0,1,0.0,0.0,False,0,False,False
R635,R635,U727,U727,I173,I173,3,3,2.25,LOW,0.0,0.0,15.0,0.0,0.0,2,0.0,0.0,False,0,False,False
R636,R636,U162,U162,I223,I223,1,1,14.5,LOW,20.0,25.0,25.0,0.0,0.0,2,25.0,15.0,False,3,False,False
R637,R637,U721,U721,I441,I441,1,1,1.0,LOW,20.0,0.0,0.0,0.0,0.0,2,0.0,0.0,False,1,False,False
R638,R638,U851,U851,I400,I400,5,5,7.75,LOW,20.0,0.0,25.0,0.0,0.0,4,15.0,5.0,False,2,False,False
R639,R639,U150,U150,I432,I432,2,2,0.0,LOW,0.0,0.0,0.0,0.0,0.0,2,0.0,0.0,False,0,False,False
R640,R640,U215,U215,I440,I440,4,4,26.75,LOW,0.0,10.0,25.0,20.0,45.0,7,40.0,15.0,False,3,False,False
R641,R641,U857,U857,I66,I66,4,4,2.25,LOW,0.0,0.0,15.0,0.0,0.0,1,0.0,0.0,False,0,False,False
R642,R642,U211,U211,I92,I92,1,1,7.75,LOW,20.0,0.0,25.0,0.0,0.0,4,15.0,5.0,False,2,False,False
R643,R643,U180,U180,I89,I89,2,2,2.25,LOW,0.0,0.0,15.0,0.0,0.0,1,0.0,0.0,False,0,False,False
R644,R644,U105,U105,I54,I54,1,1,3.25,LOW,20.0,0.0,15.0,0.0,0.0,3,0.0,0.0,False,1,False,False
R645,R645,U850,U850,I189,I189,4,4,2.25,LOW,0.0,0.0,15.0,0.0,0.0,2,0.0,0.0,False,0,False,False
R646,R646,U621,U621,I61,I61,4,4,2.25,LOW,0.0,0.0,15.0,0.0,0.0,2,0.0,0.0,False,0,False,False
R647,R647,U433,U433,I84,I84,1,1,3.25,LOW,20.0,0.0,15.0,0.0,0.0,2,0.0,0.0,False,1,False,False
R648,R648,U161,U161,I315,I315,5,5,1.0,LOW,20.0,0.0,0.0,0.0,0.0,3,0.0,0.0,False,1,False,False
R649,R649,U116,U116,I147,I147,3,3,6.0,LOW,0.0,0.0,25.0,0.0,0.0,4,15.0,0.0,False,1,False,False
R650,R650,U413,U413,I295,I295,5,5,3.25,LOW,20.0,0.0,15.0,0.0,0.0,3,0.0,0.0,False,1,False,False
R651,R651,U33,U33,I191,I191,2,2,0.0,LOW,0.0,0.0,0.0,0.0,0.0,1,0.0,0.0,False,0,False,False
R652,R652,U855,U855,I217,I217,5,5,12.75,LOW,20.0,0.0,15.0,20.0,30.0,5,0.0,0.0,False,1,False,False
R653,R653,U212,U212,I299,I299,2,2,6.0,LOW,0.0,0.0,25.0,0.0,0.0,4,15.0,0.0,False,1,False,False
R654,R654,U30,U30,I460,I460,2,2,8.25,LOW,0.0,15.0,25.0,0.0,0.0,2,15.0,0.0,False,1,False,False
R655,R655,U423,U423,I492,I492,5,5,5.5,LOW,20.0,15.0,15.0,0.0,0.0,4,0.0,0.0,False,1,False,False
R656,R656,U14,U14,I48,I48,3,3,6.0,LOW,0.0,0.0,25.0,0.0,0.0,3,15.0,0.0,False,1,False,False
R657,R657,U694,U694,I203,I203,3,3,6.0,LOW,0.0,0.0,25.0,0.0,0.0,4,15.0,0.0,False,1,False,False
R658,R658,U848,U848,I39,I39,1,1,1.0,LOW,20.0,0.0,0.0,0.0,0.0,1,0.0,0.0,False,1,False,False
R659,R659,U559,U559,I12,I12,1,1,5.5,LOW,20.0,15.0,15.0,0.0,0.0,2,0.0,0.0,False,1,False,False
R660,R660,U475,U475,I452,I452,1,1,3.25,LOW,20.0,0.0,15.0,0.0,0.0,3,0.0,0.0,False,1,False,False
R661,R661,U825,U825,I41,I41,4,4,2.25,LOW,0.0,0.0,15.0,0.0,0.0,1,0.0,0.0,False,0,False,False
R662,R662,U456,U456,I454,I454,1,1,19.5,LOW,20.0,15.0,25.0,20.0,30.0,6,15.0,5.0,False,2,False,False
R663,R663,U701,U701,I5,I5,1,1,3.25,LOW,20.0,0.0,15.0,0.0,0.0,2,0.0,0.0,False,1,False,False
R664,R664,U597,U597,I101,I101,2,2,15.5,LOW,0.0,0.0,25.0,20.0,30.0,5,15.0,0.0,False,1,False,False
R665,R665,U423,U423,I427,I427,4,4,8.25,LOW,0.0,15.0,25.0,0.0,0.0,2,15.0,0.0,False,1,False,False
R666,R666,U259,U259,I469,I469,3,3,6.0,LOW,0.0,0.0,25.0,0.0,0.0,2,15.0,0.0,False,1,False,False
R667,R667,U591,U591,I114,I114,1,1,18.75,LOW,20.0,10.0,25.0,20.0,30.0,5,15.0,5.0,False,2,False,False
R668,R668,U163,U163,I288,I288,3,3,0.0,LOW,0.0,0.0,0.0,0.0,0.0,1,0.0,0.0,False,0,False,False
R669,R669,U443,U443,I123,I123,5,5,4.75,LOW,20.0,10.0,15.0,0.0,0.0,2,0.0,0.0,False,1,False,False
R670,R670,U552,U552,I113,I113,5,5,3.25,LOW,20.0,0.0,15.0,0.0,0.0,2,0.0,0.0,False,1,False,False
R671,R671,U759,U759,I203,I203,3,3,6.0,LOW,0.0,0.0,25.0,0.0,0.0,4,15.0,0.0,False,1,False,False
R672,R672,U62,U62,I80,I80,3,3,7.5,LOW,0.0,10.0,25.0,0.0,0.0,2,15.0,0.0,False,1,False,False
R673,R673,U746,U746,I313,I313,5,5,3.25,LOW,20.0,0.0,15.0,0.0,0.0,3,0.0,0.0,False,1,False,False
R674,R674,U111,U111,I357,I357,5,5,10.0,LOW,20.0,15.0,25.0,0.0,0.0,1,15.0,5.0,False,2,False,False
R675,R675,U755,U755,I309,I309,2,2,25.25,LOW,0.0,0.0,25.0,20.0,45.0,7,40.0,15.0,False,3,False,False
R676,R676,U473,U473,I358,I358,2,2,0.0,LOW,0.0,0.0,0.0,0.0,0.0,3,0.0,0.0,False,0,False,False
R677,R677,U505,U505,I92,I92,5,5,7.75,LOW,20.0,0.0,25.0,0.0,0.0,3,15.0,5.0,False,2,False,False
R678,R678,U163,U163,I458,I458,5,5,3.25,LOW,20.0,0.0,15.0,0.0,0.0,3,0.0,0.0,False,1,False,False
R679,R679,U841,U841,I198,I198,2,2,7.5,LOW,0.0,10.0,25.0,0.0,0.0,4,15.0,0.0,False,1,False,False
R680,R680,U667,U667,I24,I24,3,3,2.25,LOW,0.0,0.0,15.0,0.0,0.0,3,0.0,0.0,False,0,False,False
R681,R681,U836,U836,I219,I219,1,1,3.25,LOW,20.0,0.0,15.0,0.0,0.0,2,0.0,0.0,False,1,False,False
R682,R682,U850,U850,I220,I220,4,4,6.0,LOW,0.0,0.0,25.0,0.0,0.0,4,15.0,0.0,False,1,False,False
R683,R683,U404,U404,I330,I330,3,3,6.0,LOW,0.0,0.0,25.0,0.0,0.0,3,15.0,0.0,False,1,False,False
R684,R684,U464,U464,I441,I441,2,2,1.5,LOW,0.0,10.0,0.0,0.0,0.0,1,0.0,0.0,False,0,False,False
R685,R685,U659,U659,I155,I155,3,3,2.25,LOW,0.0,0.0,15.0,0.0,0.0,4,0.0,0.0,False,0,False,False
R686,R686,U602,U602,I250,I250,3,3,2.25,LOW,0.0,0.0,15.0,0.0,0.0,2,0.0,0.0,False,0,False,False
R687,R687,U766,U766,I320,I320,5,5,18.0,LOW,20.0,0.0,30.0,20.0,30.0,6,15.0,5.0,False,2,False,False
R688,R688,U23,U23,I231,I231,1,1,10.0,LOW,20.0,15.0,25.0,0.0,0.0,4,15.0,5.0,False,2,False,False
R689,R689,U879,U879,I279,I279,4,4,2.25,LOW,0.0,0.0,15.0,0.0,0.0,2,0.0,0.0,False,0,False,False
R690,R690,U835,U835,I1,I1,4,4,26.75,LOW,0.0,10.0,25.0,20.0,45.0,7,40.0,15.0,False,3,False,False
R691,R691,U507,U507,I186,I186,4,4,4.5,LOW,0.0,15.0,15.0,0.0,0.0,1,0.0,0.0,False,0,False,False
R692,R692,U173,U173,I22,I22,5,5,7.75,LOW,20.0,0.0,25.0,0.0,0.0,4,15.0,5.0,False,2,False,False
R693,R693,U681,U681,I366,I366,1,1,7.75,LOW,20.0,0.0,25.0,0.0,0.0,3,15.0,5.0,False,2,False,False
R694,R694,U982,U982,I431,I431,2,2,2.25,LOW,0.0,0.0,15.0,0.0,0.0,1,0.0,0.0,False,0,False,False
R695,R695,U47,U47,I84,I84,2,2,2.25,LOW,0.0,0.0,15.0,0.0,0.0,1,0.0,0.0,False,0,False,False
R696,R696,U925,U925,I190,I190,3,3,2.25,LOW,0.0,0.0,15.0,0.0,0.0,2,0.0,0.0,False,0,False,False
R697,R697,U634,U634,I16,I16,3,3,15.5,LOW,0.0,0.0,25.0,20.0,30.0,5,15.0,0.0,False,1,False,False
R698,R698,U555,U555,I293,I293,1,1,9.25,LOW,20.0,10.0,25.0,0.0,0.0,2,15.0,5.0,False,2,False,False
R699,R699,U230,U230,I88,I88,2,2,15.5,LOW,0.0,0.0,25.0,20.0,30.0,5,15.0,0.0,False,1,False,False
R700,R700,U980,U980,I98,I98,2,2,2.25,LOW,0.0,0.0,15.0,0.0,0.0,2,0.0,0.0,False,0,False,False
R701,R701,U177,U177,I3,I3,2,2,2.25,LOW,0.0,0.0,15.0,0.0,0.0,1,0.0,0.0,False,0,False,False
R702,R702,U366,U366,I34,I34,1,1,4.75,LOW,20.0,10.0,15.0,0.0,0.0,3,0.0,0.0,False,1,False,False
R703,R703,U829,U829,I191,I191,3,3,0.0,LOW,0.0,0.0,0.0,0.0,0.0,1,0.0,0.0,False,0,False,False
R704,R704,U873,U873,I498,I498,1,1,3.25,LOW,20.0,0.0,15.0,0.0,0.0,4,0.0,0.0,False,1,False,False
R705,R705,U633,U633,I452,I452,2,2,2.25,LOW,0.0,0.0,15.0,0.0,0.0,3,0.0,0.0,False,0,False,False
R706,R706,U290,U290,I168,I168,1,1,3.25,LOW,20.0,0.0,15.0,0.0,0.0,3,0.0,0.0,False,1,False,False
R707,R707,U875,U875,I207,I207,5,5,7.75,LOW,20.0,0.0,25.0,0.0,0.0,4,15.0,5.0,False,2,False,False
R708,R708,U832,U832,I283,I283,5,5,5.5,LOW,20.0,15.0,15.0,0.0,0.0,3,0.0,0.0,False,1,False,False
R709,R709,U711,U711,I401,I401,2,2,1.5,LOW,0.0,10.0,0.0,0.0,0.0,2,0.0,0.0,False,0,False,False
R710,R710,U198,U198,I386,I386,2,2,0.0,LOW,0.0,0.0,0.0,0.0,0.0,1,0.0,0.0,False,0,False,False
R711,R711,U896,U896,I83,I83,3,3,15.5,LOW,0.0,0.0,25.0,20.0,30.0,5,15.0,0.0,False,1,False,False
R712,R712,U403,U403,I470,I470,2,2,6.0,LOW,0.0,0.0,25.0,0.0,0.0,3,15.0,0.0,False,1,False,False
R713,R713,U436,U436,I67,I67,1,1,35.75,MEDIUM,20.0,0.0,25.0,20.0,45.0,7,40.0,25.0,False,4,True,False
R714,R714,U27,U27,I177,I177,5,5,9.25,LOW,20.0,25.0,15.0,0.0,0.0,4,10.0,5.0,False,2,False,False
R715,R715,U758,U758,I275,I275,2,2,6.0,LOW,0.0,0.0,25.0,0.0,0.0,3,15.0,0.0,False,1,False,False
R716,R716,U129,U129,I425,I425,3,3,6.0,LOW,0.0,0.0,25.0,0.0,0.0,3,15.0,0.0,False,1,False,False
R717,R717,U276,U276,I46,I46,2,2,11.75,LOW,0.0,0.0,15.0,20.0,30.0,6,0.0,0.0,False,0,False,False
R718,R718,U58,U58,I227,I227,3,3,3.75,LOW,0.0,10.0,15.0,0.0,0.0,3,0.0,0.0,False,0,False,False
R719,R719,U612,U612,I201,I201,3,3,2.25,LOW,0.0,0.0,15.0,0.0,0.0,4,0.0,0.0,False,0,False,False
R720,R720,U615,U615,I314,I314,2,2,6.0,LOW,0.0,0.0,25.0,0.0,0.0,1,15.0,0.0,False,1,False,False
R721,R721,U120,U120,I73,I73,2,2,6.0,LOW,0.0,0.0,25.0,0.0,0.0,2,15.0,0.0,False,1,False,False
R722,R722,U411,U411,I101,I101,1,1,7.75,LOW,20.0,0.0,25.0,0.0,0.0,3,15.0,5.0,False,2,False,False
R723,R723,U470,U470,I158,I158,5,5,12.75,LOW,20.0,0.0,15.0,20.0,30.0,5,0.0,0.0,False,1,False,False
R724,R724,U284,U284,I81,I81,1,1,10.0,LOW,20.0,15.0,25.0,0.0,0.0,2,15.0,5.0,False,2,False,False
R725,R725,U393,U393,I93,I93,5,5,4.75,LOW,20.0,10.0,15.0,0.0,0.0,1,0.0,0.0,False,1,False,False
R726,R726,U656,U656,I47,I47,5,5,9.25,LOW,20.0,10.0,25.0,0.0,0.0,3,15.0,5.0,False,2,False,False
R727,R727,U923,U923,I229,I229,3,3,7.5,LOW,0.0,10.0,25.0,0.0,0.0,2,15.0,0.0,False,1,False,False
R728,R728,U815,U815,I50,I50,5,5,9.25,LOW,20.0,10.0,25.0,0.0,0.0,3,15.0,5.0,False,2,False,False
R729,R729,U185,U185,I202,I202,4,4,6.0,LOW,0.0,0.0,25.0,0.0,0.0,3,15.0,0.0,False,1,False,False
R730,R730,U719,U719,I117,I117,1,1,4.75,LOW,20.0,10.0,15.0,0.0,0.0,3,0.0,0.0,False,1,False,False
R731,R731,U381,U381,I118,I118,4,4,2.25,LOW,0.0,0.0,15.0,0.0,0.0,1,0.0,0.0,False,0,False,False
R732,R732,U966,U966,I216,I216,3,3,6.0,LOW,0.0,0.0,25.0,0.0,0.0,3,15.0,0.0,False,1,False,False
R733,R733,U326,U326,I77,I77,5,5,3.25,LOW,20.0,0.0,15.0,0.0,0.0,3,0.0,0.0,False,1,False,False
R734,R734,U939,U939,I204,I204,3,3,6.0,LOW,0.0,0.0,25.0,0.0,0.0,2,15.0,0.0,False,1,False,False
R735,R735,U105,U105,I459,I459,2,2,2.25,LOW,0.0,0.0,15.0,0.0,0.0,2,0.0,0.0,False,0,False,False
R736,R736,U26,U26,I455,I455,5,5,3.25,LOW,20.0,0.0,15.0,0.0,0.0,3,0.0,0.0,False,1,False,False
R737,R737,U123,U123,I229,I229,2,2,7.5,LOW,0.0,10.0,25.0,0.0,0.0,1,15.0,0.0,False,1,False,False
R738,R738,U4,U4,I292,I292,5,5,7.75,LOW,20.0,0.0,25.0,0.0,0.0,2,15.0,5.0,False,2,False,False
R739,R739,U675,U675,I379,I379,5,5,3.25,LOW,20.0,15.0,0.0,0.0,0.0,2,0.0,0.0,False,1,False,False
R740,R740,U322,U322,I447,I447,2,2,2.25,LOW,0.0,0.0,15.0,0.0,0.0,3,0.0,0.0,False,0,False,False
R741,R741,U62,U62,I97,I97,2,2,3.75,LOW,0.0,10.0,15.0,0.0,0.0,3,0.0,0.0,False,0,False,False
R742,R742,U108,U108,I32,I32,3,3,15.5,LOW,0.0,0.0,25.0,20.0,30.0,6,15.0,0.0,False,1,False,False
R743,R743,U235,U235,I440,I440,3,3,6.0,LOW,0.0,0.0,25.0,0.0,0.0,1,15.0,0.0,False,1,False,False
R744,R744,U10,U10,I162,I162,1,1,3.25,LOW,20.0,0.0,15.0,0.0,0.0,2,0.0,0.0,False,1,False,False
R745,R745,U214,U214,I368,I368,2,2,6.0,LOW,0.0,0.0,25.0,0.0,0.0,4,15.0,0.0,False,1,False,False
R746,R746,U595,U595,I327,I327,1,1,17.25,LOW,20.0,0.0,25.0,20.0,30.0,5,15.0,5.0,False,2,False,False
R747,R747,U243,U243,I341,I341,1,1,3.25,LOW,20.0,0.0,15.0,0.0,0.0,2,0.0,0.0,False,1,False,False
R748,R748,U871,U871,I226,I226,4,4,2.25,LOW,0.0,0.0,15.0,0.0,0.0,2,0.0,0.0,False,0,False,False
R749,R749,U472,U472,I326,I326,2,2,0.0,LOW,0.0,0.0,0.0,0.0,0.0,1,0.0,0.0,False,0,False,False
R750,R750,U477,U477,I309,I309,2,2,25.25,LOW,0.0,0.0,25.0,20.0,45.0,7,40.0,15.0,False,3,False,False
R751,R751,U709,U709,I379,I379,3,3,0.0,LOW,0.0,0.0,0.0,0.0,0.0,1,0.0,0.0,False,0,False,False
R752,R752,U157,U157,I497,I497,1,1,7.75,LOW,20.0,0.0,25.0,0.0,0.0,3,15.0,5.0,False,2,False,False
R753,R753,U558,U558,I120,I120,3,3,2.25,LOW,0.0,0.0,15.0,0.0,0.0,3,0.0,0.0,False,0,False,False
R754,R754,U817,U817,I345,I345,3,3,6.0,LOW,0.0,0.0,25.0,0.0,0.0,4,15.0,0.0,False,1,False,False
R755,R755,U954,U954,I276,I276,1,1,3.25,LOW,20.0,0.0,15.0,0.0,0.0,3,0.0,0.0,False,1,False,False
R756,R756,U184,U184,I376,I376,1,1,4.75,LOW,20.0,10.0,15.0,0.0,0.0,1,0.0,0.0,False,1,False,False
R757,R757,U790,U790,I277,I277,4,4,6.0,LOW,0.0,0.0,25.0,0.0,0.0,3,15.0,0.0,False,1,False,False
R758,R758,U42,U42,I220,I220,4,4,6.0,LOW,0.0,0.0,25.0,0.0,0.0,4,15.0,0.0,False,1,False,False
R759,R759,U391,U391,I424,I424,5,5,7.75,LOW,20.0,0.0,25.0,0.0,0.0,4,15.0,5.0,False,2,False,False
R760,R760,U984,U984,I106,I106,2,2,25.25,LOW,0.0,0.0,25.0,20.0,45.0,8,40.0,15.0,False,3,False,False
R761,R761,U174,U174,I301,I301,5,5,3.25,LOW,20.0,0.0,15.0,0.0,0.0,4,0.0,0.0,False,1,False,False
R762,R762,U440,U440,I181,I181,1,1,4.75,LOW,20.0,10.0,15.0,0.0,0.0,1,0.0,0.0,False,1,False,False
R763,R763,U893,U893,I316,I316,1,1,7.75,LOW,20.0,0.0,25.0,0.0,0.0,3,15.0,5.0,False,2,False,False
R764,R764,U348,U348,I239,I239,5,5,3.25,LOW,20.0,0.0,15.0,0.0,0.0,2,0.0,0.0,False,1,False,False
R765,R765,U296,U296,I491,I491,4,4,2.25,LOW,0.0,0.0,15.0,0.0,0.0,2,0.0,0.0,False,0,False,False
R766,R766,U58,U58,I452,I452,5,5,4.75,LOW,20.0,10.0,15.0,0.0,0.0,2,0.0,0.0,False,1,False,False
R767,R767,U651,U651,I257,I257,3,3,2.25,LOW,0.0,0.0,15.0,0.0,0.0,4,0.0,0.0,False,0,False,False
R768,R768,U539,U539,I271,I271,2,2,15.5,LOW,0.0,0.0,25.0,20.0,30.0,6,15.0,0.0,False,1,False,False
R769,R769,U554,U554,I87,I87,3,3,6.0,LOW,0.0,0.0,25.0,0.0,0.0,3,15.0,0.0,False,1,False,False
R770,R770,U447,U447,I363,I363,4,4,7.5,LOW,0.0,10.0,25.0,0.0,0.0,2,15.0,0.0,False,1,False,False
R771,R771,U414,U414,I403,I403,2,2,17.75,LOW,0.0,15.0,25.0,20.0,30.0,5,15.0,0.0,False,1,False,False
R772,R772,U757,U757,I260,I260,3,3,2.25,LOW,0.0,0.0,15.0,0.0,0.0,4,0.0,0.0,False,0,False,False
R773,R773,U493,U493,I64,I64,5,5,10.0,LOW,20.0,15.0,25.0,0.0,0.0,3,15.0,5.0,False,2,False,False
R774,R774,U371,U371,I156,I156,2,2,6.0,LOW,0.0,0.0,25.0,0.0,0.0,4,15.0,0.0,False,1,False,False
R775,R775,U895,U895,I163,I163,3,3,15.5,LOW,0.0,0.0,25.0,20.0,30.0,5,15.0,0.0,False,1,False,False
R776,R776,U804,U804,I299,I299,4,4,6.0,LOW,0.0,0.0,25.0,0.0,0.0,2,15.0,0.0,False,1,False,False
R777,R777,U568,U568,I81,I81,2,2,6.0,LOW,0.0,0.0,25.0,0.0,0.0,3,15.0,0.0,False,1,False,False
R778,R778,U890,U890,I179,I179,1,1,3.25,LOW,20.0,0.0,15.0,0.0,0.0,4,0.0,0.0,False,1,False,False
R779,R779,U108,U108,I273,I273,2,2,6.0,LOW,0.0,0.0,25.0,0.0,0.0,2,15.0,0.0,False,1,False,False
R780,R780,U746,U746,I407,I407,4,4,2.25,LOW,0.0,0.0,15.0,0.0,0.0,3,0.0,0.0,False,0,False,False
R781,R781,U775,U775,I452,I452,3,3,2.25,LOW,0.0,0.0,15.0,0.0,0.0,2,0.0,0.0,False,0,False,False
R782,R782,U176,U176,I282,I282,4,4,3.75,LOW,0.0,10.0,15.0,0.0,0.0,2,0.0,0.0,False,0,False,False
R783,R783,U603,U603,I389,I389,3,3,6.0,LOW,0.0,0.0,25.0,0.0,0.0,2,15.0,0.0,False,1,False,False
R784,R784,U661,U661,I6,I6,1,1,7.75,LOW,20.0,0.0,25.0,0.0,0.0,4,15.0,5.0,False,2,False,False
R785,R785,U811,U811,I83,I83,2,2,6.0,LOW,0.0,0.0,25.0,0.0,0.0,4,15.0,0.0,False,1,False,False
R786,R786,U89,U89,I147,I147,5,5,17.25,LOW,20.0,0.0,25.0,20.0,30.0,5,15.0,5.0,False,2,False,False
R787,R787,U179,U179,I304,I304,1,1,3.25,LOW,20.0,0.0,15.0,0.0,0.0,4,0.0,0.0,False,1,False,False
R788,R788,U620,U620,I359,I359,4,4,6.0,LOW,0.0,0.0,25.0,0.0,0.0,2,15.0,0.0,False,1,False,False
R789,R789,U174,U174,I425,I425,4,4,6.0,LOW,0.0,0.0,25.0,0.0,0.0,4,15.0,0.0,False,1,False,False
R790,R790,U137,U137,I209,I209,4,4,2.25,LOW,0.0,0.0,15.0,0.0,0.0,4,0.0,0.0,False,0,False,False
R791,R791,U268,U268,I470,I470,3,3,15.5,LOW,0.0,0.0,25.0,20.0,30.0,5,15.0,0.0,False,1,False,False
R792,R792,U985,U985,I297,I297,3,3,15.5,LOW,0.0,0.0,25.0,20.0,30.0,6,15.0,0.0,False,1,False,False
R793,R793,U198,U198,I94,I94,1,1,3.25,LOW,20.0,0.0,15.0,0.0,0.0,3,0.0,0.0,False,1,False,False
R794,R794,U856,U856,I145,I145,1,1,9.25,LOW,20.0,10.0,25.0,0.0,0.0,3,15.0,5.0,False,2,False,False
R795,R795,U734,U734,I118,I118,5,5,3.25,LOW,20.0,0.0,15.0,0.0,0.0,3,0.0,0.0,False,1,False,False
R796,R796,U51,U51,I377,I377,1,1,5.5,LOW,20.0,15.0,15.0,0.0,0.0,4,0.0,0.0,False,1,False,False
R797,R797,U224,U224,I125,I125,3,3,2.25,LOW,0.0,0.0,15.0,0.0,0.0,3,0.0,0.0,False,0,False,False
R798,R798,U551,U551,I317,I317,2,2,0.0,LOW,0.0,0.0,0.0,0.0,0.0,3,0.0,0.0,False,0,False,False
R799,R799,U164,U164,I152,I152,4,4,17.0,LOW,0.0,10.0,25.0,20.0,30.0,5,15.0,0.0,False,1,False,False
R800,R800,U88,U88,I486,I486,5,5,17.25,LOW,20.0,0.0,25.0,20.0,30.0,5,15.0,5.0,False,2,False,False
R801,R801,U391,U391,I436,I436,1,1,1.0,LOW,20.0,0.0,0.0,0.0,0.0,2,0.0,0.0,False,1,False,False
R802,R802,U47,U47,I214,I214,1,1,1.0,LOW,20.0,0.0,0.0,0.0,0.0,3,0.0,0.0,False,1,False,False
R803,R803,U147,U147,I236,I236,4,4,15.5,LOW,0.0,0.0,25.0,20.0,30.0,5,15.0,0.0,False,1,False,False
R804,R804,U38,U38,I164,I164,4,4,2.25,LOW,0.0,0.0,15.0,0.0,0.0,2,0.0,0.0,False,0,False,False
R805,R805,U409,U409,I56,I56,4,4,6.0,LOW,0.0,0.0,25.0,0.0,0.0,3,15.0,0.0,False,1,False,False
R806,R806,U485,U485,I499,I499,4,4,4.5,LOW,0.0,15.0,15.0,0.0,0.0,1,0.0,0.0,False,0,False,False
R807,R807,U400,U400,I144,I144,2,2,0.0,LOW,0.0,0.0,0.0,0.0,0.0,1,0.0,0.0,False,0,False,False
R808,R808,U538,U538,I365,I365,3,3,2.25,LOW,0.0,0.0,15.0,0.0,0.0,3,0.0,0.0,False,0,False,False
R809,R809,U15,U15,I293,I293,3,3,7.5,LOW,0.0,10.0,25.0,0.0,0.0,4,15.0,0.0,False,1,False,False
R810,R810,U474,U474,I88,I88,2,2,15.5,LOW,0.0,0.0,25.0,20.0,30.0,5,15.0,0.0,False,1,False,False
R811,R811,U433,U433,I46,I46,4,4,2.25,LOW,0.0,0.0,15.0,0.0,0.0,2,0.0,0.0,False,0,False,False
R812,R812,U674,U674,I75,I75,2,2,7.5,LOW,0.0,10.0,25.0,0.0,0.0,3,15.0,0.0,False,1,False,False
R813,R813,U113,U113,I105,I105,2,2,2.25,LOW,0.0,0.0,15.0,0.0,0.0,3,0.0,0.0,False,0,False,False
R814,R814,U117,U117,I6,I6,5,5,7.75,LOW,20.0,0.0,25.0,0.0,0.0,4,15.0,5.0,False,2,False,False
R815,R815,U289,U289,I364,I364,1,1,4.75,LOW,20.0,10.0,15.0,0.0,0.0,4,0.0,0.0,False,1,False,False
R816,R816,U306,U306,I70,I70,2,2,3.75,LOW,0.0,10.0,15.0,0.0,0.0,3,0.0,0.0,False,0,False,False
R817,R817,U101,U101,I199,I199,3,3,2.25,LOW,0.0,0.0,15.0,0.0,0.0,4,0.0,0.0,False,0,False,False
R818,R818,U921,U921,I418,I418,3,3,3.75,LOW,0.0,10.0,15.0,0.0,0.0,4,0.0,0.0,False,0,False,False
R819,R819,U937,U937,I383,I383,2,2,6.0,LOW,0.0,0.0,25.0,0.0,0.0,2,15.0,0.0,False,1,False,False
R820,R820,U182,U182,I237,I237,4,4,6.0,LOW,0.0,0.0,25.0,0.0,0.0,3,15.0,0.0,False,1,False,False
R821,R821,U916,U916,I198,I198,5,5,7.75,LOW,20.0,0.0,25.0,0.0,0.0,4,15.0,5.0,False,2,False,False
R822,R822,U488,U488,I486,I486,4,4,6.0,LOW,0.0,0.0,25.0,0.0,0.0,1,15.0,0.0,False,1,False,False
R823,R823,U32,U32,I216,I216,2,2,6.0,LOW,0.0,0.0,25.0,0.0,0.0,4,15.0,0.0,False,1,False,False
R824,R824,U618,U618,I149,I149,2,2,2.25,LOW,0.0,0.0,15.0,0.0,0.0,2,0.0,0.0,False,0,False,False
R825,R825,U998,U998,I23,I23,3,3,2.25,LOW,0.0,0.0,15.0,0.0,0.0,4,0.0,0.0,False,0,False,False
R826,R826,U828,U828,I35,I35,4,4,2.25,LOW,0.0,0.0,15.0,0.0,0.0,3,0.0,0.0,False,0,False,False
R827,R827,U878,U878,I174,I174,1,1,3.25,LOW,20.0,0.0,15.0,0.0,0.0,3,0.0,0.0,False,1,False,False
R828,R828,U563,U563,I225,I225,1,1,17.25,LOW,20.0,0.0,25.0,20.0,30.0,5,15.0,5.0,False,2,False,False
R829,R829,U855,U855,I433,I433,4,4,2.25,LOW,0.0,0.0,15.0,0.0,0.0,4,0.0,0.0,False,0,False,False
R830,R830,U630,U630,I289,I289,2,2,0.0,LOW,0.0,0.0,0.0,0.0,0.0,1,0.0,0.0,False,0,False,False
R831,R831,U306,U306,I357,I357,2,2,7.5,LOW,0.0,10.0,25.0,0.0,0.0,3,15.0,0.0,False,1,False,False
R832,R832,U903,U903,I86,I86,3,3,0.0,LOW,0.0,0.0,0.0,0.0,0.0,2,0.0,0.0,False,0,False,False
R833,R833,U224,U224,I227,I227,3,3,2.25,LOW,0.0,0.0,15.0,0.0,0.0,3,0.0,0.0,False,0,False,False
R834,R834,U790,U790,I136,I136,1,1,1.0,LOW,20.0,0.0,0.0,0.0,0.0,3,0.0,0.0,False,1,False,False
R835,R835,U172,U172,I112,I112,3,3,2.25,LOW,0.0,0.0,15.0,0.0,0.0,3,0.0,0.0,False,0,False,False
R836,R836,U438,U438,I399,I399,3,3,2.25,LOW,0.0,0.0,15.0,0.0,0.0,2,0.0,0.0,False,0,False,False
R837,R837,U513,U513,I421,I421,4,4,6.0,LOW,0.0,0.0,25.0,0.0,0.0,2,15.0,0.0,False,1,False,False
R838,R838,U261,U261,I229,I229,5,5,10.0,LOW,20.0,15.0,25.0,0.0,0.0,2,15.0,5.0,False,2,False,False
R839,R839,U11,U11,I84,I84,3,3,3.75,LOW,0.0,10.0,15.0,0.0,0.0,2,0.0,0.0,False,0,False,False
R840,R840,U791,U791,I274,I274,3,3,2.25,LOW,0.0,0.0,15.0,0.0,0.0,2,0.0,0.0,False,0,False,False
R841,R841,U230,U230,I193,I193,2,2,11.75,LOW,0.0,0.0,15.0,20.0,30.0,5,0.0,0.0,False,0,False,False
R842,R842,U572,U572,I290,I290,1,1,5.5,LOW,20.0,15.0,15.0,0.0,0.0,3,0.0,0.0,False,1,False,False
R843,R843,U704,U704,I239,I239,2,2,2.25,LOW,0.0,0.0,15.0,0.0,0.0,2,0.0,0.0,False,0,False,False
R844,R844,U528,U528,I222,I222,3,3,6.0,LOW,0.0,0.0,25.0,0.0,0.0,4,15.0,0.0,False,1,False,False
R845,R845,U668,U668,I6,I6,1,1,7.75,LOW,20.0,0.0,25.0,0.0,0.0,4,15.0,5.0,False,2,False,False
R846,R846,U347,U347,I116,I116,5,5,2.5,LOW,20.0,10.0,0.0,0.0,0.0,1,0.0,0.0,False,1,False,False
R847,R847,U640,U640,I453,I453,3,3,15.5,LOW,0.0,0.0,25.0,20.0,30.0,5,15.0,0.0,False,1,False,False
R848,R848,U759,U759,I483,I483,3,3,6.0,LOW,0.0,0.0,25.0,0.0,0.0,4,15.0,0.0,False,1,False,False
R849,R849,U93,U93,I200,I200,3,3,25.25,LOW,0.0,0.0,25.0,20.0,45.0,7,40.0,15.0,False,3,False,False
R850,R850,U328,U328,I399,I399,5,5,10.0,LOW,20.0,30.0,15.0,0.0,0.0,3,10.0,5.0,False,2,False,False
R851,R851,U16,U16,I427,I427,1,1,17.25,LOW,20.0,0.0,25.0,20.0,30.0,6,15.0,5.0,False,2,False,False
R852,R852,U799,U799,I112,I112,4,4,11.75,LOW,0.0,0.0,15.0,20.0,30.0,5,0.0,0.0,False,0,False,False
R853,R853,U79,U79,I134,I134,4,4,2.25,LOW,0.0,0.0,15.0,0.0,0.0,3,0.0,0.0,False,0,False,False
R854,R854,U312,U312,I250,I250,4,4,2.25,LOW,0.0,0.0,15.0,0.0,0.0,3,0.0,0.0,False,0,False,False
R855,R855,U96,U96,I150,I150,2,2,2.25,LOW,0.0,0.0,15.0,0.0,0.0,4,0.0,0.0,False,0,False,False
R856,R856,U517,U517,I489,I489,5,5,3.25,LOW,20.0,0.0,15.0,0.0,0.0,3,0.0,0.0,False,1,False,False
R857,R857,U282,U282,I108,I108,4,4,3.75,LOW,0.0,10.0,15.0,0.0,0.0,1,0.0,0.0,False,0,False,False
R858,R858,U405,U405,I372,I372,4,4,2.25,LOW,0.0,0.0,15.0,0.0,0.0,3,0.0,0.0,False,0,False,False
R859,R859,U555,U555,I385,I385,4,4,7.5,LOW,0.0,10.0,25.0,0.0,0.0,4,15.0,0.0,False,1,False,False
R860,R860,U986,U986,I438,I438,3,3,11.75,LOW,0.0,0.0,15.0,20.0,30.0,5,0.0,0.0,False,0,False,False
R861,R861,U262,U262,I458,I458,4,4,3.75,LOW,0.0,10.0,15.0,0.0,0.0,2,0.0,0.0,False,0,False,False
R862,R862,U134,U134,I347,I347,4,4,2.25,LOW,0.0,0.0,15.0,0.0,0.0,2,0.0,0.0,False,0,False,False
R863,R863,U239,U239,I206,I206,5,5,18.0,LOW,20.0,0.0,30.0,20.0,30.0,5,15.0,5.0,False,2,False,False
R864,R864,U376,U376,I337,I337,3,3,4.5,LOW,0.0,15.0,15.0,0.0,0.0,2,0.0,0.0,False,0,False,False
R865,R865,U89,U89,I265,I265,3,3,2.25,LOW,0.0,0.0,15.0,0.0,0.0,3,0.0,0.0,False,0,False,False
R866,R866,U764,U764,I311,I311,5,5,7.75,LOW,20.0,0.0,25.0,0.0,0.0,4,15.0,5.0,False,2,False,False
R867,R867,U960,U960,I30,I30,2,2,2.25,LOW,0.0,0.0,15.0,0.0,0.0,3,0.0,0.0,False,0,False,False
R868,R868,U486,U486,I473,I473,2,2,0.0,LOW,0.0,0.0,0.0,0.0,0.0,2,0.0,0.0,False,0,False,False
R869,R869,U863,U863,I56,I56,1,1,7.75,LOW,20.0,0.0,25.0,0.0,0.0,4,15.0,5.0,False,2,False,False
R870,R870,U315,U315,I171,I171,1,1,3.25,LOW,20.0,0.0,15.0,0.0,0.0,1,0.0,0.0,False,1,False,False
R871,R871,U465,U465,I332,I332,5,5,3.25,LOW,20.0,0.0,15.0,0.0,0.0,2,0.0,0.0,False,1,False,False
R872,R872,U20,U20,I148,I148,2,2,2.25,LOW,0.0,0.0,15.0,0.0,0.0,2,0.0,0.0,False,0,False,False
R873,R873,U421,U421,I385,I385,4,4,6.0,LOW,0.0,0.0,25.0,0.0,0.0,4,15.0,0.0,False,1,False,False
R874,R874,U345,U345,I460,I460,1,1,14.5,LOW,20.0,25.0,25.0,0.0,0.0,1,25.0,15.0,False,3,False,False
R875,R875,U722,U722,I126,I126,4,4,2.25,LOW,0.0,0.0,15.0,0.0,0.0,1,0.0,0.0,False,0,False,False
R876,R876,U936,U936,I217,I217,5,5,15.0,LOW,20.0,15.0,15.0,20.0,30.0,5,0.0,0.0,False,1,False,False
R877,R877,U251,U251,I108,I108,1,1,3.25,LOW,20.0,0.0,15.0,0.0,0.0,2,0.0,0.0,False,1,False,False
R878,R878,U494,U494,I330,I330,4,4,6.0,LOW,0.0,0.0,25.0,0.0,0.0,4,15.0,0.0,False,1,False,False
R879,R879,U216,U216,I11,I11,4,4,0.0,LOW,0.0,0.0,0.0,0.0,0.0,3,0.0,0.0,False,0,False,False
R880,R880,U717,U717,I405,I405,1,1,1.0,LOW,20.0,0.0,0.0,0.0,0.0,2,0.0,0.0,False,1,False,False
R881,R881,U955,U955,I69,I69,2,2,2.25,LOW,0.0,0.0,15.0,0.0,0.0,2,0.0,0.0,False,0,False,False
R882,R882,U187,U187,I215,I215,4,4,15.5,LOW,0.0,0.0,25.0,20.0,30.0,6,15.0,0.0,False,1,False,False
R883,R883,U933,U933,I294,I294,3,3,2.25,LOW,0.0,0.0,15.0,0.0,0.0,3,0.0,0.0,False,0,False,False
R884,R884,U629,U629,I8,I8,5,5,3.25,LOW,20.0,0.0,15.0,0.0,0.0,4,0.0,0.0,False,1,False,False
R885,R885,U520,U520,I331,I331,5,5,3.25,LOW,20.0,0.0,15.0,0.0,0.0,3,0.0,0.0,False,1,False,False
R886,R886,U336,U336,I111,I111,5,5,7.75,LOW,20.0,0.0,25.0,0.0,0.0,3,15.0,5.0,False,2,False,False
R887,R887,U337,U337,I346,I346,5,5,7.75,LOW,20.0,0.0,25.0,0.0,0.0,2,15.0,5.0,False,2,False,False
R888,R888,U396,U396,I241,I241,2,2,2.25,LOW,0.0,0.0,15.0,0.0,0.0,2,0.0,0.0,False,0,False,False
R889,R889,U424,U424,I104,I104,3,3,15.5,LOW,0.0,0.0,25.0,20.0,30.0,6,15.0,0.0,False,1,False,False
R890,R890,U832,U832,I86,I86,5,5,3.25,LOW,20.0,15.0,0.0,0.0,0.0,1,0.0,0.0,False,1,False,False
R891,R891,U632,U632,I444,I444,5,5,7.0,LOW,20.0,25.0,0.0,0.0,0.0,3,10.0,5.0,False,2,False,False
R892,R892,U493,U493,I204,I204,1,1,10.0,LOW,20.0,15.0,25.0,0.0,0.0,3,15.0,5.0,False,2,False,False
R893,R893,U864,U864,I161,I161,3,3,2.25,LOW,0.0,0.0,15.0,0.0,0.0,3,0.0,0.0,False,0,False,False
R894,R894,U864,U864,I343,I343,3,3,2.25,LOW,0.0,0.0,15.0,0.0,0.0,2,0.0,0.0,False,0,False,False
R895,R895,U141,U141,I71,I71,1,1,12.75,LOW,20.0,0.0,15.0,20.0,30.0,6,0.0,0.0,False,1,False,False
R896,R896,U466,U466,I30,I30,3,3,3.75,LOW,0.0,10.0,15.0,0.0,0.0,2,0.0,0.0,False,0,False,False
R897,R897,U877,U877,I287,I287,4,4,6.0,LOW,0.0,0.0,25.0,0.0,0.0,4,15.0,0.0,False,1,False,False
R898,R898,U783,U783,I39,I39,5,5,1.0,LOW,20.0,0.0,0.0,0.0,0.0,2,0.0,0.0,False,1,False,False
R899,R899,U699,U699,I370,I370,4,4,17.75,LOW,0.0,15.0,25.0,20.0,30.0,6,15.0,0.0,False,1,False,False
R900,R900,U416,U416,I200,I200,2,2,6.0,LOW,0.0,0.0,25.0,0.0,0.0,3,15.0,0.0,False,1,False,False
R901,R901,U859,U859,I31,I31,1,1,7.75,LOW,20.0,0.0,25.0,0.0,0.0,3,15.0,5.0,False,2,False,False
R902,R902,U781,U781,I83,I83,5,5,7.75,LOW,20.0,0.0,25.0,0.0,0.0,2,15.0,5.0,False,2,False,False
R903,R903,U917,U917,I450,I450,1,1,22.5,LOW,20.0,25.0,15.0,20.0,30.0,5,10.0,30.0,False,3,False,False
R904,R904,U196,U196,I483,I483,5,5,14.5,LOW,20.0,25.0,25.0,0.0,0.0,4,25.0,15.0,False,3,False,False
R905,R905,U181,U181,I392,I392,5,5,7.75,LOW,20.0,0.0,25.0,0.0,0.0,4,15.0,5.0,False,2,False,False
R906,R906,U82,U82,I344,I344,5,5,3.25,LOW,20.0,0.0,15.0,0.0,0.0,2,0.0,0.0,False,1,False,False
R907,R907,U952,U952,I81,I81,4,4,15.5,LOW,0.0,0.0,25.0,20.0,30.0,5,15.0,0.0,False,1,False,False
R908,R908,U575,U575,I78,I78,4,4,3.75,LOW,0.0,10.0,15.0,0.0,0.0,2,0.0,0.0,False,0,False,False
R909,R909,U330,U330,I494,I494,2,2,6.0,LOW,0.0,0.0,25.0,0.0,0.0,2,15.0,0.0,False,1,False,False
R910,R910,U474,U474,I46,I46,4,4,2.25,LOW,0.0,0.0,15.0,0.0,0.0,2,0.0,0.0,False,0,False,False
R911,R911,U936,U936,I472,I472,1,1,19.5,LOW,20.0,15.0,25.0,20.0,30.0,6,15.0,5.0,False,2,False,False
R912,R912,U433,U433,I421,I421,3,3,6.0,LOW,0.0,0.0,25.0,0.0,0.0,3,15.0,0.0,False,1,False,False
R913,R913,U268,U268,I87,I87,4,4,6.0,LOW,0.0,0.0,25.0,0.0,0.0,2,15.0,0.0,False,1,False,False
R914,R914,U298,U298,I80,I80,1,1,7.75,LOW,20.0,0.0,25.0,0.0,0.0,2,15.0,5.0,False,2,False,False
R915,R915,U735,U735,I356,I356,5,5,1.0,LOW,20.0,0.0,0.0,0.0,0.0,2,0.0,0.0,False,1,False,False
R916,R916,U703,U703,I488,I488,2,2,11.75,LOW,0.0,0.0,15.0,20.0,30.0,5,0.0,0.0,False,0,False,False
R917,R917,U690,U690,I394,I394,2,2,2.25,LOW,0.0,0.0,15.0,0.0,0.0,2,0.0,0.0,False,0,False,False
R918,R918,U309,U309,I351,I351,5,5,3.25,LOW,20.0,0.0,15.0,0.0,0.0,3,0.0,0.0,False,1,False,False
R919,R919,U19,U19,I57,I57,3,3,2.25,LOW,0.0,0.0,15.0,0.0,0.0,2,0.0,0.0,False,0,False,False
R920,R920,U793,U793,I289,I289,5,5,2.5,LOW,20.0,10.0,0.0,0.0,0.0,3,0.0,0.0,False,1,False,False
R921,R921,U460,U460,I13,I13,4,4,2.25,LOW,0.0,0.0,15.0,0.0,0.0,1,0.0,0.0,False,0,False,False
R922,R922,U183,U183,I32,I32,5,5,7.75,LOW,20.0,0.0,25.0,0.0,0.0,3,15.0,5.0,False,2,False,False
R923,R923,U839,U839,I275,I275,4,4,6.0,LOW,0.0,0.0,25.0,0.0,0.0,2,15.0,0.0,False,1,False,False
R924,R924,U2,U2,I188,I188,3,3,0.0,LOW,0.0,0.0,0.0,0.0,0.0,3,0.0,0.0,False,0,False,False
R925,R925,U543,U543,I83,I83,3,3,15.5,LOW,0.0,0.0,25.0,20.0,30.0,5,15.0,0.0,False,1,False,False
R926,R926,U574,U574,I467,I467,5,5,1.0,LOW,20.0,0.0,0.0,0.0,0.0,4,0.0,0.0,False,1,False,False
R927,R927,U794,U794,I142,I142,2,2,6.0,LOW,0.0,0.0,25.0,0.0,0.0,3,15.0,0.0,False,1,False,False
R928,R928,U714,U714,I75,I75,1,1,17.25,LOW,20.0,0.0,25.0,20.0,30.0,5,15.0,5.0,False,2,False,False
R929,R929,U742,U742,I275,I275,1,1,9.25,LOW,20.0,10.0,25.0,0.0,0.0,4,15.0,5.0,False,2,False,False
R930,R930,U482,U482,I257,I257,1,1,3.25,LOW,20.0,0.0,15.0,0.0,0.0,1,0.0,0.0,False,1,False,False
R931,R931,U649,U649,I192,I192,3,3,4.5,LOW,0.0,15.0,15.0,0.0,0.0,2,0.0,0.0,False,0,False,False
R932,R932,U227,U227,I347,I347,1,1,3.25,LOW,20.0,0.0,15.0,0.0,0.0,1,0.0,0.0,False,1,False,False
R933,R933,U904,U904,I330,I330,5,5,7.75,LOW,20.0,0.0,25.0,0.0,0.0,2,15.0,5.0,False,2,False,False
R934,R934,U884,U884,I386,I386,1,1,3.25,LOW,20.0,15.0,0.0,0.0,0.0,2,0.0,0.0,False,1,False,False
R935,R935,U388,U388,I333,I333,3,3,2.25,LOW,0.0,0.0,15.0,0.0,0.0,4,0.0,0.0,False,0,False,False
R936,R936,U943,U943,I370,I370,2,2,6.0,LOW,0.0,0.0,25.0,0.0,0.0,4,15.0,0.0,False,1,False,False
R937,R937,U523,U523,I47,I47,3,3,6.0,LOW,0.0,0.0,25.0,0.0,0.0,3,15.0,0.0,False,1,False,False
R938,R938,U204,U204,I481,I481,4,4,0.0,LOW,0.0,0.0,0.0,0.0,0.0,2,0.0,0.0,False,0,False,False
R939,R939,U117,U117,I243,I243,1,1,12.75,LOW,20.0,0.0,15.0,20.0,30.0,5,0.0,0.0,False,1,False,False
R940,R940,U159,U159,I211,I211,3,3,2.25,LOW,0.0,0.0,15.0,0.0,0.0,2,0.0,0.0,False,0,False,False
R941,R941,U456,U456,I450,I450,1,1,15.0,LOW,20.0,15.0,15.0,20.0,30.0,5,0.0,0.0,False,1,False,False
R942,R942,U31,U31,I262,I262,5,5,7.75,LOW,20.0,0.0,25.0,0.0,0.0,4,15.0,5.0,False,2,False,False
R943,R943,U530,U530,I327,I327,1,1,17.25,LOW,20.0,0.0,25.0,20.0,30.0,5,15.0,5.0,False,2,False,False
R944,R944,U163,U163,I205,I205,2,2,6.0,LOW,0.0,0.0,25.0,0.0,0.0,4,15.0,0.0,False,1,False,False
R945,R945,U169,U169,I307,I307,4,4,15.5,LOW,0.0,0.0,25.0,20.0,30.0,5,15.0,0.0,False,1,False,False
R946,R946,U178,U178,I333,I333,3,3,2.25,LOW,0.0,0.0,15.0,0.0,0.0,4,0.0,0.0,False,0,False,False
R947,R947,U862,U862,I269,I269,3,3,2.25,LOW,0.0,0.0,15.0,0.0,0.0,4,0.0,0.0,False,0,False,False
R948,R948,U969,U969,I15,I15,1,1,18.75,LOW,20.0,10.0,25.0,20.0,30.0,5,15.0,5.0,False,2,False,False
R949,R949,U150,U150,I264,I264,5,5,12.75,LOW,20.0,0.0,15.0,20.0,30.0,5,0.0,0.0,False,1,False,False
R950,R950,U593,U593,I494,I494,3,3,7.5,LOW,0.0,10.0,25.0,0.0,0.0,3,15.0,0.0,False,1,False,False
R951,R951,U188,U188,I328,I328,4,4,0.0,LOW,0.0,0.0,0.0,0.0,0.0,2,0.0,0.0,False,0,False,False
R952,R952,U282,U282,I45,I45,1,1,9.25,LOW,20.0,10.0,25.0,0.0,0.0,3,15.0,5.0,False,2,False,False
R953,R953,U552,U552,I1,I1,4,4,25.25,LOW,0.0,0.0,25.0,20.0,45.0,7,40.0,15.0,False,3,False,False
R954,R954,U701,U701,I57,I57,5,5,3.25,LOW,20.0,0.0,15.0,0.0,0.0,3,0.0,0.0,False,1,False,False
R955,R955,U879,U879,I56,I56,2,2,13.75,LOW,0.0,0.0,25.0,40.0,0.0,1,35.0,5.0,False,2,False,False
R956,R956,U415,U415,I200,I200,2,2,6.0,LOW,0.0,0.0,25.0,0.0,0.0,3,15.0,0.0,False,1,False,False
R957,R957,U570,U570,I16,I16,5,5,7.75,LOW,20.0,0.0,25.0,0.0,0.0,2,15.0,5.0,False,2,False,False
R958,R958,U860,U860,I8,I8,2,2,2.25,LOW,0.0,0.0,15.0,0.0,0.0,3,0.0,0.0,False,0,False,False
R959,R959,U122,U122,I233,I233,1,1,9.25,LOW,20.0,25.0,15.0,0.0,0.0,3,10.0,5.0,False,2,False,False
R960,R960,U775,U775,I411,I411,2,2,0.0,LOW,0.0,0.0,0.0,0.0,0.0,2,0.0,0.0,False,0,False,False
R961,R961,U199,U199,I344,I344,3,3,3.75,LOW,0.0,10.0,15.0,0.0,0.0,2,0.0,0.0,False,0,False,False
R962,R962,U275,U275,I111,I111,3,3,6.0,LOW,0.0,0.0,25.0,0.0,0.0,2,15.0,0.0,False,1,False,False
R963,R963,U390,U390,I322,I322,2,2,0.0,LOW,0.0,0.0,0.0,0.0,0.0,1,0.0,0.0,False,0,False,False
R964,R964,U259,U259,I171,I171,5,5,3.25,LOW,20.0,0.0,15.0,0.0,0.0,3,0.0,0.0,False,1,False,False
R965,R965,U841,U841,I448,I448,4,4,3.75,LOW,0.0,10.0,15.0,0.0,0.0,1,0.0,0.0,False,0,False,False
R966,R966,U83,U83,I91,I91,1,1,2.5,LOW,20.0,10.0,0.0,0.0,0.0,1,0.0,0.0,False,1,False,False
R967,R967,U764,U764,I151,I151,2,2,2.25,LOW,0.0,0.0,15.0,0.0,0.0,1,0.0,0.0,False,0,False,False
R968,R968,U166,U166,I336,I336,3,3,1.5,LOW,0.0,10.0,0.0,0.0,0.0,2,0.0,0.0,False,0,False,False
R969,R969,U417,U417,I305,I305,1,1,3.25,LOW,20.0,0.0,15.0,0.0,0.0,2,0.0,0.0,False,1,False,False
R970,R970,U92,U92,I480,I480,2,2,15.5,LOW,0.0,0.0,25.0,20.0,30.0,5,15.0,0.0,False,1,False,False
R971,R971,U469,U469,I186,I186,2,2,4.5,LOW,0.0,15.0,15.0,0.0,0.0,2,0.0,0.0,False,0,False,False
R972,R972,U187,U187,I282,I282,3,3,2.25,LOW,0.0,0.0,15.0,0.0,0.0,2,0.0,0.0,False,0,False,False
R973,R973,U462,U462,I207,I207,1,1,7.75,LOW,20.0,0.0,25.0,0.0,0.0,4,15.0,5.0,False,2,False,False
R974,R974,U624,U624,I192,I192,4,4,2.25,LOW,0.0,0.0,15.0,0.0,0.0,1,0.0,0.0,False,0,False,False
R975,R975,U135,U135,I470,I470,3,3,15.5,LOW,0.0,0.0,25.0,20.0,30.0,5,15.0,0.0,False,1,False,False
R976,R976,U384,U384,I162,I162,2,2,3.75,LOW,0.0,10.0,15.0,0.0,0.0,3,0.0,0.0,False,0,False,False
R977,R977,U315,U315,I21,I21,3,3,0.0,LOW,0.0,0.0,0.0,0.0,0.0,1,0.0,0.0,False,0,False,False
R978,R978,U227,U227,I357,I357,4,4,6.0,LOW,0.0,0.0,25.0,0.0,0.0,4,15.0,0.0,False,1,False,False
R979,R979,U513,U513,I385,I385,1,1,7.75,LOW,20.0,0.0,25.0,0.0,0.0,2,15.0,5.0,False,2,False,False
R980,R980,U545,U545,I417,I417,4,4,1.5,LOW,0.0,10.0,0.0,0.0,0.0,2,0.0,0.0,False,0,False,False
R981,R981,U797,U797,I482,I482,3,3,2.25,LOW,0.0,0.0,15.0,0.0,0.0,2,0.0,0.0,False,0,False,False
R982,R982,U16,U16,I497,I497,2,2,6.0,LOW,0.0,0.0,25.0,0.0,0.0,2,15.0,0.0,False,1,False,False
R983,R983,U846,U846,I359,I359,3,3,17.0,LOW,0.0,10.0,25.0,20.0,30.0,5,15.0,0.0,False,1,False,False
R984,R984,U559,U559,I75,I75,1,1,19.5,LOW,20.0,15.0,25.0,20.0,30.0,5,15.0,5.0,False,2,False,False
R985,R985,U895,U895,I367,I367,5,5,7.75,LOW,20.0,0.0,25.0,0.0,0.0,4,15.0,5.0,False,2,False,False
R986,R986,U510,U510,I127,I127,5,5,3.25,LOW,20.0,0.0,15.0,0.0,0.0,4,0.0,0.0,False,1,False,False
R987,R987,U283,U283,I480,I480,4,4,6.0,LOW,0.0,0.0,25.0,0.0,0.0,1,15.0,0.0,False,1,False,False
R988,R988,U155,U155,I101,I101,2,2,15.5,LOW,0.0,0.0,25.0,20.0,30.0,5,15.0,0.0,False,1,False,False
R989,R989,U438,U438,I19,I19,4,4,6.0,LOW,0.0,0.0,25.0,0.0,0.0,4,15.0,0.0,False,1,False,False
R990,R990,U826,U826,I237,I237,5,5,7.75,LOW,20.0,0.0,25.0,0.0,0.0,4,15.0,5.0,False,2,False,False
R991,R991,U993,U993,I270,I270,4,4,6.0,LOW,0.0,0.0,25.0,0.0,0.0,3,15.0,0.0,False,1,False,False
R992,R992,U599,U599,I37,I37,2,2,6.0,LOW,0.0,0.0,25.0,0.0,0.0,4,15.0,0.0,False,1,False,False
R993,R993,U595,U595,I158,I158,5,5,12.75,LOW,20.0,0.0,15.0,20.0,30.0,5,0.0,0.0,False,1,False,False
R994,R994,U991,U991,I466,I466,2,2,2.25,LOW,0.0,0.0,15.0,0.0,0.0,4,0.0,0.0,False,0,False,False
R995,R995,U766,U766,I25,I25,3,3,0.0,LOW,0.0,0.0,0.0,0.0,0.0,2,0.0,0.0,False,0,False,False
R996,R996,U619,U619,I268,I268,4,4,2.25,LOW,0.0,0.0,15.0,0.0,0.0,4,0.0,0.0,False,0,False,False
R997,R997,U169,U169,I492,I492,4,4,2.25,LOW,0.0,0.0,15.0,0.0,0.0,3,0.0,0.0,False,0,False,False
R998,R998,U634,U634,I65,I65,1,1,3.25,LOW,20.0,0.0,15.0,0.0,0.0,1,0.0,0.0,False,1,False,False
R999,R999,U426,U426,I203,I203,1,1,7.75,LOW,20.0,0.0,25.0,0.0,0.0,2,15.0,5.0,False,2,False,False
R1000,R1000,U971,U971,I476,I476,5,5,3.25,LOW,20.0,0.0,15.0,0.0,0.0,4,0.0,0.0,False,1,False,False
R1001,R1001,U417,U417,I90,I90,2,2,6.0,LOW,0.0,0.0,25.0,0.0,0.0,3,15.0,0.0,False,1,False,False
R1002,R1002,U386,U386,I312,I312,5,5,1.0,LOW,20.0,0.0,0.0,0.0,0.0,3,0.0,0.0,False,1,False,False
R1003,R1003,U673,U673,I420,I420,2,2,4.5,LOW,0.0,15.0,15.0,0.0,0.0,2,0.0,0.0,False,0,False,False
R1004,R1004,U936,U936,I377,I377,5,5,5.5,LOW,20.0,15.0,15.0,0.0,0.0,2,0.0,0.0,False,1,False,False
R1005,R1005,U561,U561,I126,I126,2,2,2.25,LOW,0.0,0.0,15.0,0.0,0.0,1,0.0,0.0,False,0,False,False
R1006,R1006,U769,U769,I283,I283,4,4,2.25,LOW,0.0,0.0,15.0,0.0,0.0,3,0.0,0.0,False,0,False,False
R1007,R1007,U569,U569,I263,I263,4,4,2.25,LOW,0.0,0.0,15.0,0.0,0.0,2,0.0,0.0,False,0,False,False
R1008,R1008,U507,U507,I230,I230,5,5,5.5,LOW,20.0,15.0,15.0,0.0,0.0,1,0.0,0.0,False,1,False,False
R1009,R1009,U381,U381,I469,I469,4,4,15.5,LOW,0.0,0.0,25.0,20.0,30.0,5,15.0,0.0,False,1,False,False
R1010,R1010,U308,U308,I62,I62,2,2,2.25,LOW,0.0,0.0,15.0,0.0,0.0,2,0.0,0.0,False,0,False,False
R1011,R1011,U537,U537,I88,I88,1,1,7.75,LOW,20.0,0.0,25.0,0.0,0.0,2,15.0,5.0,False,2,False,False
R1012,R1012,U970,U970,I443,I443,3,3,2.25,LOW,0.0,0.0,15.0,0.0,0.0,1,0.0,0.0,False,0,False,False
R1013,R1013,U832,U832,I126,I126,1,1,5.5,LOW,20.0,15.0,15.0,0.0,0.0,3,0.0,0.0,False,1,False,False
R1014,R1014,U204,U204,I308,I308,5,5,3.25,LOW,20.0,0.0,15.0,0.0,0.0,1,0.0,0.0,False,1,False,False
R1015,R1015,U194,U194,I499,I499,5,5,4.75,LOW,20.0,10.0,15.0,0.0,0.0,4,0.0,0.0,False,1,False,False
R1016,R1016,U158,U158,I64,I64,4,4,6.0,LOW,0.0,0.0,25.0,0.0,0.0,1,15.0,0.0,False,1,False,False
R1017,R1017,U30,U30,I2,I2,1,1,10.0,LOW,20.0,15.0,25.0,0.0,0.0,4,15.0,5.0,False,2,False,False
R1018,R1018,U304,U304,I25,I25,4,4,0.0,LOW,0.0,0.0,0.0,0.0,0.0,3,0.0,0.0,False,0,False,False
R1019,R1019,U150,U150,I430,I430,5,5,7.75,LOW,20.0,0.0,25.0,0.0,0.0,3,15.0,5.0,False,2,False,False
R1020,R1020,U764,U764,I483,I483,1,1,7.75,LOW,20.0,0.0,25.0,0.0,0.0,3,15.0,5.0,False,2,False,False
R1021,R1021,U758,U758,I333,I333,2,2,2.25,LOW,0.0,0.0,15.0,0.0,0.0,2,0.0,0.0,False,0,False,False
R1022,R1022,U891,U891,I145,I145,5,5,17.25,LOW,20.0,0.0,25.0,20.0,30.0,5,15.0,5.0,False,2,False,False
R1023,R1023,U222,U222,I153,I153,1,1,38.0,MEDIUM,20.0,0.0,40.0,20.0,45.0,7,40.0,25.0,False,4,True,False
R1024,R1024,U209,U209,I264,I264,5,5,12.75,LOW,20.0,0.0,15.0,20.0,30.0,5,0.0,0.0,False,1,False,False
R1025,R1025,U329,U329,I77,I77,5,5,3.25,LOW,20.0,0.0,15.0,0.0,0.0,3,0.0,0.0,False,1,False,False
R1026,R1026,U135,U135,I16,I16,5,5,7.75,LOW,20.0,0.0,25.0,0.0,0.0,2,15.0,5.0,False,2,False,False
R1027,R1027,U553,U553,I222,I222,3,3,8.25,LOW,0.0,15.0,25.0,0.0,0.0,4,15.0,0.0,False,1,False,False
R1028,R1028,U392,U392,I152,I152,2,2,6.0,LOW,0.0,0.0,25.0,0.0,0.0,4,15.0,0.0,False,1,False,False
R1029,R1029,U804,U804,I341,I341,2,2,2.25,LOW,0.0,0.0,15.0,0.0,0.0,2,0.0,0.0,False,0,False,False
R1030,R1030,U930,U930,I5,I5,3,3,2.25,LOW,0.0,0.0,15.0,0.0,0.0,4,0.0,0.0,False,0,False,False
R1031,R1031,U992,U992,I363,I363,2,2,6.0,LOW,0.0,0.0,25.0,0.0,0.0,4,15.0,0.0,False,1,False,False
R1032,R1032,U531,U531,I93,I93,2,2,3.75,LOW,0.0,10.0,15.0,0.0,0.0,3,0.0,0.0,False,0,False,False
R1033,R1033,U851,U851,I118,I118,1,1,3.25,LOW,20.0,0.0,15.0,0.0,0.0,4,0.0,0.0,False,1,False,False
R1034,R1034,U954,U954,I248,I248,4,4,2.25,LOW,0.0,0.0,15.0,0.0,0.0,3,0.0,0.0,False,0,False,False
R1035,R1035,U623,U623,I482,I482,1,1,3.25,LOW,20.0,0.0,15.0,0.0,0.0,2,0.0,0.0,False,1,False,False
R1036,R1036,U965,U965,I133,I133,5,5,1.0,LOW,20.0,0.0,0.0,0.0,0.0,3,0.0,0.0,False,1,False,False
R1037,R1037,U410,U410,I64,I64,5,5,10.0,LOW,20.0,15.0,25.0,0.0,0.0,3,15.0,5.0,False,2,False,False
R1038,R1038,U943,U943,I498,I498,1,1,3.25,LOW,20.0,0.0,15.0,0.0,0.0,4,0.0,0.0,False,1,False,False
R1039,R1039,U877,U877,I189,I189,4,4,2.25,LOW,0.0,0.0,15.0,0.0,0.0,2,0.0,0.0,False,0,False,False
R1040,R1040,U134,U134,I450,I450,1,1,12.75,LOW,20.0,0.0,15.0,20.0,30.0,5,0.0,0.0,False,1,False,False
R1041,R1041,U485,U485,I337,I337,3,3,4.5,LOW,0.0,15.0,15.0,0.0,0.0,2,0.0,0.0,False,0,False,False
R1042,R1042,U643,U643,I478,I478,1,1,1.0,LOW,20.0,0.0,0.0,0.0,0.0,4,0.0,0.0,False,1,False,False
R1043,R1043,U630,U630,I209,I209,4,4,2.25,LOW,0.0,0.0,15.0,0.0,0.0,4,0.0,0.0,False,0,False,False
R1044,R1044,U958,U958,I269,I269,4,4,3.75,LOW,0.0,10.0,15.0,0.0,0.0,2,0.0,0.0,False,0,False,False
R1045,R1045,U341,U341,I245,I245,2,2,6.0,LOW,0.0,0.0,25.0,0.0,0.0,2,15.0,0.0,False,1,False,False
R1046,R1046,U782,U782,I333,I333,3,3,3.75,LOW,0.0,10.0,15.0,0.0,0.0,4,0.0,0.0,False,0,False,False
R1047,R1047,U317,U317,I126,I126,3,3,2.25,LOW,0.0,0.0,15.0,0.0,0.0,2,0.0,0.0,False,0,False,False
R1048,R1048,U263,U263,I61,I61,2,2,2.25,LOW,0.0,0.0,15.0,0.0,0.0,4,0.0,0.0,False,0,False,False
R1049,R1049,U230,U230,I493,I493,1,1,3.25,LOW,20.0,0.0,15.0,0.0,0.0,2,0.0,0.0,False,1,False,False
R1050,R1050,U198,U198,I246,I246,5,5,7.75,LOW,20.0,0.0,25.0,0.0,0.0,4,15.0,5.0,False,2,False,False
R1051,R1051,U870,U870,I207,I207,1,1,7.75,LOW,20.0,0.0,25.0,0.0,0.0,4,15.0,5.0,False,2,False,False
R1052,R1052,U53,U53,I254,I254,4,4,3.75,LOW,0.0,10.0,15.0,0.0,0.0,1,0.0,0.0,False,0,False,False
R1053,R1053,U201,U201,I328,I328,2,2,0.0,LOW,0.0,0.0,0.0,0.0,0.0,1,0.0,0.0,False,0,False,False
R1054,R1054,U508,U508,I496,I496,3,3,6.0,LOW,0.0,0.0,25.0,0.0,0.0,4,15.0,0.0,False,1,False,False
R1055,R1055,U231,U231,I214,I214,1,1,1.0,LOW,20.0,0.0,0.0,0.0,0.0,3,0.0,0.0,False,1,False,False
R1056,R1056,U589,U589,I390,I390,2,2,2.25,LOW,0.0,0.0,15.0,0.0,0.0,4,0.0,0.0,False,0,False,False
R1057,R1057,U150,U150,I355,I355,3,3,25.25,LOW,0.0,0.0,25.0,20.0,45.0,7,40.0,15.0,False,3,False,False
R1058,R1058,U762,U762,I427,I427,5,5,7.75,LOW,20.0,0.0,25.0,0.0,0.0,1,15.0,5.0,False,2,False,False
R1059,R1059,U739,U739,I36,I36,5,5,1.0,LOW,20.0,0.0,0.0,0.0,0.0,2,0.0,0.0,False,1,False,False
R1060,R1060,U528,U528,I247,I247,2,2,0.0,LOW,0.0,0.0,0.0,0.0,0.0,1,0.0,0.0,False,0,False,False
R1061,R1061,U470,U470,I20,I20,2,2,6.0,LOW,0.0,0.0,25.0,0.0,0.0,3,15.0,0.0,False,1,False,False
R1062,R1062,U749,U749,I94,I94,3,3,2.25,LOW,0.0,0.0,15.0,0.0,0.0,1,0.0,0.0,False,0,False,False
R1063,R1063,U281,U281,I433,I433,4,4,2.25,LOW,0.0,0.0,15.0,0.0,0.0,4,0.0,0.0,False,0,False,False
R1064,R1064,U563,U563,I311,I311,1,1,7.75,LOW,20.0,0.0,25.0,0.0,0.0,3,15.0,5.0,False,2,False,False
R1065,R1065,U505,U505,I220,I220,1,1,17.25,LOW,20.0,0.0,25.0,20.0,30.0,5,15.0,5.0,False,2,False,False
R1066,R1066,U767,U767,I490,I490,5,5,3.25,LOW,20.0,0.0,15.0,0.0,0.0,3,0.0,0.0,False,1,False,False
R1067,R1067,U886,U886,I65,I65,2,2,2.25,LOW,0.0,0.0,15.0,0.0,0.0,4,0.0,0.0,False,0,False,False
R1068,R1068,U67,U67,I472,I472,1,1,17.25,LOW,20.0,0.0,25.0,20.0,30.0,6,15.0,5.0,False,2,False,False
R1069,R1069,U857,U857,I240,I240,4,4,0.0,LOW,0.0,0.0,0.0,0.0,0.0,3,0.0,0.0,False,0,False,False
R1070,R1070,U78,U78,I398,I398,5,5,10.0,LOW,20.0,15.0,25.0,0.0,0.0,3,15.0,5.0,False,2,False,False
R1071,R1071,U805,U805,I241,I241,1,1,3.25,LOW,20.0,0.0,15.0,0.0,0.0,2,0.0,0.0,False,1,False,False
R1072,R1072,U570,U570,I436,I436,3,3,0.0,LOW,0.0,0.0,0.0,0.0,0.0,3,0.0,0.0,False,0,False,False
R1073,R1073,U494,U494,I355,I355,2,2,6.0,LOW,0.0,0.0,25.0,0.0,0.0,4,15.0,0.0,False,1,False,False
R1074,R1074,U170,U170,I442,I442,5,5,19.5,LOW,20.0,15.0,25.0,20.0,30.0,6,15.0,5.0,False,2,False,False
R1075,R1075,U355,U355,I40,I40,3,3,15.5,LOW,0.0,0.0,25.0,20.0,30.0,6,15.0,0.0,False,1,False,False
R1076,R1076,U392,U392,I98,I98,3,3,2.25,LOW,0.0,0.0,15.0,0.0,0.0,3,0.0,0.0,False,0,False,False
R1077,R1077,U619,U619,I416,I416,1,1,1.0,LOW,20.0,0.0,0.0,0.0,0.0,2,0.0,0.0,False,1,False,False
R1078,R1078,U813,U813,I181,I181,5,5,12.75,LOW,20.0,0.0,15.0,20.0,30.0,6,0.0,0.0,False,1,False,False
R1079,R1079,U352,U352,I177,I177,5,5,4.75,LOW,20.0,10.0,15.0,0.0,0.0,4,0.0,0.0,False,1,False,False
R1080,R1080,U80,U80,I373,I373,1,1,7.75,LOW,20.0,0.0,25.0,0.0,0.0,3,15.0,5.0,False,2,False,False
R1081,R1081,U916,U916,I427,I427,4,4,6.0,LOW,0.0,0.0,25.0,0.0,0.0,2,15.0,0.0,False,1,False,False
R1082,R1082,U277,U277,I367,I367,5,5,9.25,LOW,20.0,10.0,25.0,0.0,0.0,4,15.0,5.0,False,2,False,False
R1083,R1083,U685,U685,I187,I187,2,2,0.0,LOW,0.0,0.0,0.0,0.0,0.0,2,0.0,0.0,False,0,False,False
R1084,R1084,U682,U682,I59,I59,4,4,1.5,LOW,0.0,10.0,0.0,0.0,0.0,2,0.0,0.0,False,0,False,False
R1085,R1085,U662,U662,I251,I251,4,4,6.0,LOW,0.0,0.0,25.0,0.0,0.0,3,15.0,0.0,False,1,False,False
R1086,R1086,U51,U51,I145,I145,1,1,10.0,LOW,20.0,15.0,25.0,0.0,0.0,3,15.0,5.0,False,2,False,False
R1087,R1087,U251,U251,I456,I456,1,1,7.75,LOW,20.0,0.0,25.0,0.0,0.0,2,15.0,5.0,False,2,False,False
R1088,R1088,U318,U318,I163,I163,3,3,15.5,LOW,0.0,0.0,25.0,20.0,30.0,5,15.0,0.0,False,1,False,False
R1089,R1089,U552,U552,I141,I141,1,1,3.25,LOW,20.0,0.0,15.0,0.0,0.0,2,0.0,0.0,False,1,False,False
R1090,R1090,U254,U254,I309,I309,5,5,7.75,LOW,20.0,0.0,25.0,0.0,0.0,2,15.0,5.0,False,2,False,False
R1091,R1091,U182,U182,I41,I41,5,5,3.25,LOW,20.0,0.0,15.0,0.0,0.0,2,0.0,0.0,False,1,False,False
R1092,R1092,U697,U697,I107,I107,5,5,9.25,LOW,20.0,10.0,25.0,0.0,0.0,4,15.0,5.0,False,2,False,False
R1093,R1093,U403,U403,I393,I393,2,2,2.25,LOW,0.0,0.0,15.0,0.0,0.0,4,0.0,0.0,False,0,False,False
R1094,R1094,U748,U748,I20,I20,2,2,6.0,LOW,0.0,0.0,25.0,0.0,0.0,3,15.0,0.0,False,1,False,False
R1095,R1095,U380,U380,I468,I468,5,5,9.25,LOW,20.0,10.0,25.0,0.0,0.0,2,15.0,5.0,False,2,False,False
R1096,R1096,U408,U408,I350,I350,3,3,6.0,LOW,0.0,0.0,25.0,0.0,0.0,4,15.0,0.0,False,1,False,False
R1097,R1097,U995,U995,I355,I355,1,1,7.75,LOW,20.0,0.0,25.0,0.0,0.0,2,15.0,5.0,False,2,False,False
R1098,R1098,U455,U455,I273,I273,5,5,9.25,LOW,20.0,10.0,25.0,0.0,0.0,3,15.0,5.0,False,2,False,False
R1099,R1099,U155,U155,I200,I200,3,3,25.25,LOW,0.0,0.0,25.0,20.0,45.0,7,40.0,15.0,False,3,False,False
R1100,R1100,U622,U622,I357,I357,3,3,7.5,LOW,0.0,10.0,25.0,0.0,0.0,3,15.0,0.0,False,1,False,False
R1101,R1101,U994,U994,I461,I461,4,4,2.25,LOW,0.0,0.0,15.0,0.0,0.0,1,0.0,0.0,False,0,False,False
R1102,R1102,U708,U708,I223,I223,5,5,9.25,LOW,20.0,10.0,25.0,0.0,0.0,3,15.0,5.0,False,2,False,False
R1103,R1103,U887,U887,I104,I104,2,2,8.25,LOW,0.0,15.0,25.0,0.0,0.0,3,15.0,0.0,False,1,False,False
R1104,R1104,U738,U738,I213,I213,2,2,0.0,LOW,0.0,0.0,0.0,0.0,0.0,2,0.0,0.0,False,0,False,False
R1105,R1105,U56,U56,I477,I477,2,2,6.0,LOW,0.0,0.0,25.0,0.0,0.0,3,15.0,0.0,False,1,False,False
R1106,R1106,U479,U479,I153,I153,3,3,8.25,LOW,0.0,0.0,40.0,0.0,0.0,1,15.0,0.0,False,1,False,False
R1107,R1107,U515,U515,I464,I464,5,5,3.25,LOW,20.0,0.0,15.0,0.0,0.0,1,0.0,0.0,False,1,False,False
R1108,R1108,U780,U780,I393,I393,4,4,2.25,LOW,0.0,0.0,15.0,0.0,0.0,1,0.0,0.0,False,0,False,False
R1109,R1109,U43,U43,I258,I258,5,5,1.0,LOW,20.0,0.0,0.0,0.0,0.0,1,0.0,0.0,False,1,False,False
R1110,R1110,U494,U494,I496,I496,1,1,17.25,LOW,20.0,0.0,25.0,20.0,30.0,6,15.0,5.0,False,2,False,False
R1111,R1111,U172,U172,I21,I21,1,1,1.0,LOW,20.0,0.0,0.0,0.0,0.0,2,0.0,0.0,False,1,False,False
R1112,R1112,U716,U716,I314,I314,1,1,7.75,LOW,20.0,0.0,25.0,0.0,0.0,4,15.0,5.0,False,2,False,False
R1113,R1113,U859,U859,I370,I370,3,3,6.0,LOW,0.0,0.0,25.0,0.0,0.0,2,15.0,0.0,False,1,False,False
R1114,R1114,U80,U80,I47,I47,2,2,6.0,LOW,0.0,0.0,25.0,0.0,0.0,4,15.0,0.0,False,1,False,False
R1115,R1115,U876,U876,I466,I466,2,2,2.25,LOW,0.0,0.0,15.0,0.0,0.0,4,0.0,0.0,False,0,False,False
R1116,R1116,U387,U387,I51,I51,1,1,5.5,LOW,20.0,15.0,15.0,0.0,0.0,2,0.0,0.0,False,1,False,False
R1117,R1117,U550,U550,I141,I141,5,5,3.25,LOW,20.0,0.0,15.0,0.0,0.0,4,0.0,0.0,False,1,False,False
R1118,R1118,U574,U574,I24,I24,3,3,2.25,LOW,0.0,0.0,15.0,0.0,0.0,3,0.0,0.0,False,0,False,False
R1119,R1119,U819,U819,I204,I204,2,2,6.0,LOW,0.0,0.0,25.0,0.0,0.0,3,15.0,0.0,False,1,False,False
R1120,R1120,U673,U673,I61,I61,1,1,5.5,LOW,20.0,15.0,15.0,0.0,0.0,2,0.0,0.0,False,1,False,False
R1121,R1121,U671,U671,I206,I206,1,1,10.0,LOW,20.0,10.0,30.0,0.0,0.0,2,15.0,5.0,False,2,False,False
R1122,R1122,U465,U465,I408,I408,2,2,6.0,LOW,0.0,0.0,25.0,0.0,0.0,3,15.0,0.0,False,1,False,False
R1123,R1123,U18,U18,I160,I160,2,2,6.0,LOW,0.0,0.0,25.0,0.0,0.0,4,15.0,0.0,False,1,False,False
R1124,R1124,U926,U926,I240,I240,1,1,1.0,LOW,20.0,0.0,0.0,0.0,0.0,3,0.0,0.0,False,1,False,False
R1125,R1125,U488,U488,I487,I487,3,3,6.0,LOW,0.0,0.0,25.0,0.0,0.0,3,15.0,0.0,False,1,False,False
R1126,R1126,U728,U728,I142,I142,3,3,7.5,LOW,0.0,10.0,25.0,0.0,0.0,4,15.0,0.0,False,1,False,False
R1127,R1127,U743,U743,I357,I357,1,1,17.25,LOW,20.0,0.0,25.0,20.0,30.0,5,15.0,5.0,False,2,False,False
R1128,R1128,U695,U695,I456,I456,2,2,6.0,LOW,0.0,0.0,25.0,0.0,0.0,4,15.0,0.0,False,1,False,False
R1129,R1129,U916,U916,I100,I100,1,1,17.25,LOW,20.0,0.0,25.0,20.0,30.0,5,15.0,5.0,False,2,False,False
R1130,R1130,U768,U768,I32,I32,3,3,15.5,LOW,0.0,0.0,25.0,20.0,30.0,6,15.0,0.0,False,1,False,False
R1131,R1131,U763,U763,I37,I37,5,5,7.75,LOW,20.0,0.0,25.0,0.0,0.0,4,15.0,5.0,False,2,False,False
R1132,R1132,U347,U347,I373,I373,2,2,17.0,LOW,0.0,10.0,25.0,20.0,30.0,6,15.0,0.0,False,1,False,False
R1133,R1133,U278,U278,I215,I215,4,4,15.5,LOW,0.0,0.0,25.0,20.0,30.0,6,15.0,0.0,False,1,False,False
R1134,R1134,U417,U417,I67,I67,4,4,6.0,LOW,0.0,0.0,25.0,0.0,0.0,2,15.0,0.0,False,1,False,False
R1135,R1135,U254,U254,I167,I167,5,5,7.75,LOW,20.0,0.0,25.0,0.0,0.0,4,15.0,5.0,False,2,False,False
R1136,R1136,U944,U944,I1,I1,3,3,6.0,LOW,0.0,0.0,25.0,0.0,0.0,4,15.0,0.0,False,1,False,False
R1137,R1137,U999,U999,I6,I6,2,2,15.5,LOW,0.0,0.0,25.0,20.0,30.0,5,15.0,0.0,False,1,False,False
R1138,R1138,U393,U393,I37,I37,5,5,9.25,LOW,20.0,10.0,25.0,0.0,0.0,4,15.0,5.0,False,2,False,False
R1139,R1139,U16,U16,I66,I66,3,3,2.25,LOW,0.0,0.0,15.0,0.0,0.0,2,0.0,0.0,False,0,False,False
R1140,R1140,U832,U832,I284,I284,4,4,8.25,LOW,0.0,15.0,25.0,0.0,0.0,4,15.0,0.0,False,1,False,False
R1141,R1141,U221,U221,I464,I464,4,4,2.25,LOW,0.0,0.0,15.0,0.0,0.0,2,0.0,0.0,False,0,False,False
R1142,R1142,U410,U410,I24,I24,3,3,4.5,LOW,0.0,15.0,15.0,0.0,0.0,3,0.0,0.0,False,0,False,False
R1143,R1143,U402,U402,I121,I121,1,1,5.5,LOW,20.0,15.0,15.0,0.0,0.0,3,0.0,0.0,False,1,False,False
R1144,R1144,U405,U405,I122,I122,4,4,2.25,LOW,0.0,0.0,15.0,0.0,0.0,3,0.0,0.0,False,0,False,False
R1145,R1145,U379,U379,I22,I22,2,2,6.0,LOW,0.0,0.0,25.0,0.0,0.0,2,15.0,0.0,False,1,False,False
R1146,R1146,U543,U543,I454,I454,1,1,17.25,LOW,20.0,0.0,25.0,20.0,30.0,6,15.0,5.0,False,2,False,False
R1147,R1147,U648,U648,I219,I219,3,3,2.25,LOW,0.0,0.0,15.0,0.0,0.0,1,0.0,0.0,False,0,False,False
R1148,R1148,U638,U638,I279,I279,5,5,4.75,LOW,20.0,10.0,15.0,0.0,0.0,1,0.0,0.0,False,1,False,False
R1149,R1149,U11,U11,I440,I440,2,2,7.5,LOW,0.0,10.0,25.0,0.0,0.0,4,15.0,0.0,False,1,False,False
R1150,R1150,U44,U44,I303,I303,1,1,4.75,LOW,20.0,10.0,15.0,0.0,0.0,3,0.0,0.0,False,1,False,False
R1151,R1151,U60,U60,I412,I412,2,2,1.5,LOW,0.0,10.0,0.0,0.0,0.0,3,0.0,0.0,False,0,False,False
R1152,R1152,U29,U29,I73,I73,3,3,6.0,LOW,0.0,0.0,25.0,0.0,0.0,1,15.0,0.0,False,1,False,False
R1153,R1153,U23,U23,I311,I311,3,3,8.25,LOW,0.0,15.0,25.0,0.0,0.0,4,15.0,0.0,False,1,False,False
R1154,R1154,U161,U161,I352,I352,2,2,2.25,LOW,0.0,0.0,15.0,0.0,0.0,2,0.0,0.0,False,0,False,False
R1155,R1155,U775,U775,I189,I189,5,5,3.25,LOW,20.0,0.0,15.0,0.0,0.0,2,0.0,0.0,False,1,False,False
R1156,R1156,U712,U712,I305,I305,3,3,2.25,LOW,0.0,0.0,15.0,0.0,0.0,2,0.0,0.0,False,0,False,False
R1157,R1157,U878,U878,I57,I57,5,5,3.25,LOW,20.0,0.0,15.0,0.0,0.0,3,0.0,0.0,False,1,False,False
R1158,R1158,U844,U844,I95,I95,4,4,17.0,LOW,0.0,10.0,25.0,20.0,30.0,5,15.0,0.0,False,1,False,False
R1159,R1159,U50,U50,I319,I319,5,5,18.0,LOW,20.0,0.0,30.0,20.0,30.0,5,15.0,5.0,False,2,False,False
R1160,R1160,U44,U44,I68,I68,4,4,7.5,LOW,0.0,10.0,25.0,0.0,0.0,4,15.0,0.0,False,1,False,False
R1161,R1161,U939,U939,I417,I417,4,4,0.0,LOW,0.0,0.0,0.0,0.0,0.0,2,0.0,0.0,False,0,False,False
R1162,R1162,U677,U677,I164,I164,3,3,2.25,LOW,0.0,0.0,15.0,0.0,0.0,3,0.0,0.0,False,0,False,False
R1163,R1163,U645,U645,I302,I302,2,2,0.0,LOW,0.0,0.0,0.0,0.0,0.0,2,0.0,0.0,False,0,False,False
R1164,R1164,U326,U326,I146,I146,5,5,7.75,LOW,20.0,0.0,25.0,0.0,0.0,4,15.0,5.0,False,2,False,False
R1165,R1165,U288,U288,I355,I355,3,3,25.25,LOW,0.0,0.0,25.0,20.0,45.0,7,40.0,15.0,False,3,False,False
R1166,R1166,U230,U230,I263,I263,1,1,3.25,LOW,20.0,0.0,15.0,0.0,0.0,2,0.0,0.0,False,1,False,False
R1167,R1167,U570,U570,I8,I8,5,5,3.25,LOW,20.0,0.0,15.0,0.0,0.0,4,0.0,0.0,False,1,False,False
R1168,R1168,U735,U735,I280,I280,5,5,3.25,LOW,20.0,0.0,15.0,0.0,0.0,3,0.0,0.0,False,1,False,False
R1169,R1169,U356,U356,I322,I322,3,3,9.5,LOW,0.0,0.0,0.0,20.0,30.0,5,0.0,0.0,False,0,False,False
R1170,R1170,U216,U216,I145,I145,3,3,6.0,LOW,0.0,0.0,25.0,0.0,0.0,2,15.0,0.0,False,1,False,False
R1171,R1171,U338,U338,I203,I203,4,4,6.0,LOW,0.0,0.0,25.0,0.0,0.0,2,15.0,0.0,False,1,False,False
R1172,R1172,U887,U887,I85,I85,5,5,5.5,LOW,20.0,15.0,15.0,0.0,0.0,2,0.0,0.0,False,1,False,False
R1173,R1173,U379,U379,I76,I76,1,1,12.75,LOW,20.0,0.0,15.0,20.0,30.0,6,0.0,0.0,False,1,False,False
R1174,R1174,U631,U631,I253,I253,1,1,3.25,LOW,20.0,0.0,15.0,0.0,0.0,1,0.0,0.0,False,1,False,False
R1175,R1175,U716,U716,I208,I208,4,4,2.25,LOW,0.0,0.0,15.0,0.0,0.0,3,0.0,0.0,False,0,False,False
R1176,R1176,U240,U240,I496,I496,4,4,6.0,LOW,0.0,0.0,25.0,0.0,0.0,2,15.0,0.0,False,1,False,False
R1177,R1177,U830,U830,I215,I215,2,2,6.0,LOW,0.0,0.0,25.0,0.0,0.0,3,15.0,0.0,False,1,False,False
R1178,R1178,U554,U554,I216,I216,1,1,7.75,LOW,20.0,0.0,25.0,0.0,0.0,3,15.0,5.0,False,2,False,False
R1179,R1179,U10,U10,I151,I151,4,4,2.25,LOW,0.0,0.0,15.0,0.0,0.0,1,0.0,0.0,False,0,False,False
R1180,R1180,U157,U157,I387,I387,4,4,2.25,LOW,0.0,0.0,15.0,0.0,0.0,3,0.0,0.0,False,0,False,False
R1181,R1181,U16,U16,I67,I67,2,2,15.5,LOW,0.0,0.0,25.0,20.0,30.0,6,15.0,0.0,False,1,False,False
R1182,R1182,U818,U818,I32,I32,3,3,15.5,LOW,0.0,0.0,25.0,20.0,30.0,6,15.0,0.0,False,1,False,False
R1183,R1183,U373,U373,I13,I13,1,1,3.25,LOW,20.0,0.0,15.0,0.0,0.0,3,0.0,0.0,False,1,False,False
R1184,R1184,U977,U977,I101,I101,1,1,15.25,LOW,20.0,30.0,25.0,0.0,0.0,3,25.0,15.0,False,3,False,False
R1185,R1185,U451,U451,I117,I117,1,1,3.25,LOW,20.0,0.0,15.0,0.0,0.0,3,0.0,0.0,False,1,False,False
R1186,R1186,U508,U508,I414,I414,1,1,3.25,LOW,20.0,0.0,15.0,0.0,0.0,1,0.0,0.0,False,1,False,False
R1187,R1187,U433,U433,I27,I27,3,3,2.25,LOW,0.0,0.0,15.0,0.0,0.0,3,0.0,0.0,False,0,False,False
R1188,R1188,U450,U450,I292,I292,1,1,9.25,LOW,20.0,10.0,25.0,0.0,0.0,3,15.0,5.0,False,2,False,False
R1189,R1189,U132,U132,I91,I91,3,3,0.0,LOW,0.0,0.0,0.0,0.0,0.0,2,0.0,0.0,False,0,False,False
R1190,R1190,U76,U76,I107,I107,2,2,6.0,LOW,0.0,0.0,25.0,0.0,0.0,3,15.0,0.0,False,1,False,False
R1191,R1191,U334,U334,I157,I157,4,4,0.0,LOW,0.0,0.0,0.0,0.0,0.0,3,0.0,0.0,False,0,False,False
R1192,R1192,U271,U271,I28,I28,4,4,2.25,LOW,0.0,0.0,15.0,0.0,0.0,4,0.0,0.0,False,0,False,False
R1193,R1193,U749,U749,I381,I381,3,3,6.0,LOW,0.0,0.0,25.0,0.0,0.0,1,15.0,0.0,False,1,False,False
R1194,R1194,U99,U99,I348,I348,3,3,7.5,LOW,0.0,10.0,25.0,0.0,0.0,4,15.0,0.0,False,1,False,False
R1195,R1195,U961,U961,I469,I469,4,4,15.5,LOW,0.0,0.0,25.0,20.0,30.0,5,15.0,0.0,False,1,False,False
R1196,R1196,U55,U55,I163,I163,4,4,6.0,LOW,0.0,0.0,25.0,0.0,0.0,2,15.0,0.0,False,1,False,False
R1197,R1197,U586,U586,I477,I477,1,1,7.75,LOW,20.0,0.0,25.0,0.0,0.0,2,15.0,5.0,False,2,False,False
R1198,R1198,U658,U658,I477,I477,5,5,7.75,LOW,20.0,0.0,25.0,0.0,0.0,2,15.0,5.0,False,2,False,False
R1199,R1199,U589,U589,I272,I272,4,4,0.0,LOW,0.0,0.0,0.0,0.0,0.0,4,0.0,0.0,False,0,False,False
R1200,R1200,U987,U987,I380,I380,3,3,0.0,LOW,0.0,0.0,0.0,0.0,0.0,2,0.0,0.0,False,0,False,False
R1201,R1201,U414,U414,I297,I297,2,2,8.25,LOW,0.0,15.0,25.0,0.0,0.0,2,15.0,0.0,False,1,False,False
R1202,R1202,U338,U338,I198,I198,1,1,7.75,LOW,20.0,0.0,25.0,0.0,0.0,4,15.0,5.0,False,2,False,False
R1203,R1203,U240,U240,I99,I99,3,3,2.25,LOW,0.0,0.0,15.0,0.0,0.0,2,0.0,0.0,False,0,False,False
R1204,R1204,U621,U621,I253,I253,3,3,2.25,LOW,0.0,0.0,15.0,0.0,0.0,4,0.0,0.0,False,0,False,False
R1205,R1205,U686,U686,I286,I286,4,4,6.0,LOW,0.0,0.0,25.0,0.0,0.0,1,15.0,0.0,False,1,False,False
R1206,R1206,U560,U560,I488,I488,1,1,3.25,LOW,20.0,0.0,15.0,0.0,0.0,3,0.0,0.0,False,1,False,False
R1207,R1207,U703,U703,I239,I239,1,1,3.25,LOW,20.0,0.0,15.0,0.0,0.0,3,0.0,0.0,False,1,False,False
R1208,R1208,U993,U993,I124,I124,4,4,2.25,LOW,0.0,0.0,15.0,0.0,0.0,4,0.0,0.0,False,0,False,False
R1209,R1209,U820,U820,I374,I374,1,1,3.25,LOW,20.0,0.0,15.0,0.0,0.0,3,0.0,0.0,False,1,False,False
R1210,R1210,U271,U271,I125,I125,1,1,3.25,LOW,20.0,0.0,15.0,0.0,0.0,4,0.0,0.0,False,1,False,False
R1211,R1211,U102,U102,I288,I288,2,2,0.0,LOW,0.0,0.0,0.0,0.0,0.0,3,0.0,0.0,False,0,False,False
R1212,R1212,U26,U26,I308,I308,3,3,2.25,LOW,0.0,0.0,15.0,0.0,0.0,2,0.0,0.0,False,0,False,False
R1213,R1213,U500,U500,I123,I123,2,2,2.25,LOW,0.0,0.0,15.0,0.0,0.0,4,0.0,0.0,False,0,False,False
R1214,R1214,U870,U870,I418,I418,2,2,2.25,LOW,0.0,0.0,15.0,0.0,0.0,4,0.0,0.0,False,0,False,False
R1215,R1215,U723,U723,I309,I309,4,4,6.0,LOW,0.0,0.0,25.0,0.0,0.0,2,15.0,0.0,False,1,False,False
R1216,R1216,U805,U805,I349,I349,2,2,2.25,LOW,0.0,0.0,15.0,0.0,0.0,3,0.0,0.0,False,0,False,False
R1217,R1217,U579,U579,I440,I440,4,4,25.25,LOW,0.0,0.0,25.0,20.0,45.0,7,40.0,15.0,False,3,False,False
R1218,R1218,U265,U265,I20,I20,2,2,6.0,LOW,0.0,0.0,25.0,0.0,0.0,3,15.0,0.0,False,1,False,False
R1219,R1219,U943,U943,I68,I68,3,3,6.0,LOW,0.0,0.0,25.0,0.0,0.0,1,15.0,0.0,False,1,False,False
R1220,R1220,U781,U781,I83,I83,4,4,6.0,LOW,0.0,0.0,25.0,0.0,0.0,2,15.0,0.0,False,1,False,False
R1221,R1221,U385,U385,I316,I316,5,5,17.25,LOW,20.0,0.0,25.0,20.0,30.0,6,15.0,5.0,False,2,False,False
R1222,R1222,U191,U191,I132,I132,2,2,3.75,LOW,0.0,10.0,15.0,0.0,0.0,3,0.0,0.0,False,0,False,False
R1223,R1223,U484,U484,I470,I470,2,2,6.0,LOW,0.0,0.0,25.0,0.0,0.0,3,15.0,0.0,False,1,False,False
R1224,R1224,U955,U955,I363,I363,2,2,6.0,LOW,0.0,0.0,25.0,0.0,0.0,4,15.0,0.0,False,1,False,False
R1225,R1225,U738,U738,I273,I273,3,3,6.0,LOW,0.0,0.0,25.0,0.0,0.0,2,15.0,0.0,False,1,False,False
R1226,R1226,U144,U144,I23,I23,2,2,2.25,LOW,0.0,0.0,15.0,0.0,0.0,4,0.0,0.0,False,0,False,False
R1227,R1227,U702,U702,I93,I93,1,1,3.25,LOW,20.0,0.0,15.0,0.0,0.0,1,0.0,0.0,False,1,False,False
R1228,R1228,U96,U96,I128,I128,1,1,1.0,LOW,20.0,0.0,0.0,0.0,0.0,2,0.0,0.0,False,1,False,False
R1229,R1229,U433,U433,I315,I315,2,2,0.0,LOW,0.0,0.0,0.0,0.0,0.0,1,0.0,0.0,False,0,False,False
R1230,R1230,U779,U779,I408,I408,2,2,6.0,LOW,0.0,0.0,25.0,0.0,0.0,3,15.0,0.0,False,1,False,False
R1231,R1231,U285,U285,I150,I150,2,2,3.75,LOW,0.0,10.0,15.0,0.0,0.0,4,0.0,0.0,False,0,False,False
R1232,R1232,U984,U984,I152,I152,4,4,15.5,LOW,0.0,0.0,25.0,20.0,30.0,5,15.0,0.0,False,1,False,False
R1233,R1233,U72,U72,I309,I309,5,5,9.25,LOW,20.0,10.0,25.0,0.0,0.0,2,15.0,5.0,False,2,False,False
R1234,R1234,U152,U152,I455,I455,5,5,3.25,LOW,20.0,0.0,15.0,0.0,0.0,3,0.0,0.0,False,1,False,False
R1235,R1235,U818,U818,I344,I344,4,4,2.25,LOW,0.0,0.0,15.0,0.0,0.0,1,0.0,0.0,False,0,False,False
R1236,R1236,U839,U839,I164,I164,1,1,3.25,LOW,20.0,0.0,15.0,0.0,0.0,1,0.0,0.0,False,1,False,False
R1237,R1237,U862,U862,I137,I137,3,3,2.25,LOW,0.0,0.0,15.0,0.0,0.0,3,0.0,0.0,False,0,False,False
R1238,R1238,U918,U918,I199,I199,1,1,4.75,LOW,20.0,10.0,15.0,0.0,0.0,1,0.0,0.0,False,1,False,False
R1239,R1239,U331,U331,I223,I223,5,5,10.0,LOW,20.0,15.0,25.0,0.0,0.0,3,15.0,5.0,False,2,False,False
R1240,R1240,U623,U623,I318,I318,1,1,1.0,LOW,20.0,0.0,0.0,0.0,0.0,3,0.0,0.0,False,1,False,False
R1241,R1241,U564,U564,I491,I491,2,2,2.25,LOW,0.0,0.0,15.0,0.0,0.0,2,0.0,0.0,False,0,False,False
R1242,R1242,U30,U30,I1,I1,4,4,27.5,LOW,0.0,15.0,25.0,20.0,45.0,7,40.0,15.0,False,3,False,False
R1243,R1243,U251,U251,I109,I109,2,2,0.0,LOW,0.0,0.0,0.0,0.0,0.0,2,0.0,0.0,False,0,False,False
R1244,R1244,U792,U792,I388,I388,4,4,2.25,LOW,0.0,0.0,15.0,0.0,0.0,2,0.0,0.0,False,0,False,False
R1245,R1245,U742,U742,I398,I398,2,2,7.5,LOW,0.0,10.0,25.0,0.0,0.0,3,15.0,0.0,False,1,False,False
R1246,R1246,U504,U504,I230,I230,4,4,14.0,LOW,0.0,15.0,15.0,20.0,30.0,5,0.0,0.0,False,0,False,False
R1247,R1247,U223,U223,I104,I104,1,1,10.0,LOW,20.0,15.0,25.0,0.0,0.0,2,15.0,5.0,False,2,False,False
R1248,R1248,U907,U907,I371,I371,5,5,3.25,LOW,20.0,0.0,15.0,0.0,0.0,3,0.0,0.0,False,1,False,False
R1249,R1249,U983,U983,I17,I17,4,4,0.0,LOW,0.0,0.0,0.0,0.0,0.0,2,0.0,0.0,False,0,False,False
R1250,R1250,U950,U950,I152,I152,4,4,15.5,LOW,0.0,0.0,25.0,20.0,30.0,5,15.0,0.0,False,1,False,False
R1251,R1251,U947,U947,I410,I410,4,4,6.0,LOW,0.0,0.0,25.0,0.0,0.0,3,15.0,0.0,False,1,False,False
R1252,R1252,U212,U212,I285,I285,3,3,0.0,LOW,0.0,0.0,0.0,0.0,0.0,2,0.0,0.0,False,0,False,False
R1253,R1253,U243,U243,I193,I193,1,1,3.25,LOW,20.0,0.0,15.0,0.0,0.0,2,0.0,0.0,False,1,False,False
R1254,R1254,U629,U629,I160,I160,2,2,6.0,LOW,0.0,0.0,25.0,0.0,0.0,4,15.0,0.0,False,1,False,False
R1255,R1255,U515,U515,I407,I407,3,3,2.25,LOW,0.0,0.0,15.0,0.0,0.0,1,0.0,0.0,False,0,False,False
R1256,R1256,U645,U645,I147,I147,1,1,7.75,LOW,20.0,0.0,25.0,0.0,0.0,4,15.0,5.0,False,2,False,False
R1257,R1257,U843,U843,I19,I19,4,4,6.0,LOW,0.0,0.0,25.0,0.0,0.0,4,15.0,0.0,False,1,False,False
R1258,R1258,U304,U304,I372,I372,1,1,3.25,LOW,20.0,0.0,15.0,0.0,0.0,4,0.0,0.0,False,1,False,False
R1259,R1259,U919,U919,I253,I253,3,3,3.75,LOW,0.0,10.0,15.0,0.0,0.0,4,0.0,0.0,False,0,False,False
R1260,R1260,U691,U691,I331,I331,4,4,11.75,LOW,0.0,0.0,15.0,20.0,30.0,5,0.0,0.0,False,0,False,False
R1261,R1261,U800,U800,I388,I388,3,3,2.25,LOW,0.0,0.0,15.0,0.0,0.0,1,0.0,0.0,False,0,False,False
R1262,R1262,U171,U171,I219,I219,4,4,2.25,LOW,0.0,0.0,15.0,0.0,0.0,2,0.0,0.0,False,0,False,False
R1263,R1263,U141,U141,I190,I190,5,5,3.25,LOW,20.0,0.0,15.0,0.0,0.0,3,0.0,0.0,False,1,False,False
R1264,R1264,U862,U862,I474,I474,4,4,6.0,LOW,0.0,0.0,25.0,0.0,0.0,2,15.0,0.0,False,1,False,False
R1265,R1265,U14,U14,I431,I431,1,1,3.25,LOW,20.0,0.0,15.0,0.0,0.0,1,0.0,0.0,False,1,False,False
R1266,R1266,U723,U723,I207,I207,2,2,6.0,LOW,0.0,0.0,25.0,0.0,0.0,2,15.0,0.0,False,1,False,False
R1267,R1267,U678,U678,I182,I182,4,4,6.0,LOW,0.0,0.0,25.0,0.0,0.0,2,15.0,0.0,False,1,False,False
R1268,R1268,U968,U968,I210,I210,1,1,3.25,LOW,20.0,0.0,15.0,0.0,0.0,2,0.0,0.0,False,1,False,False
R1269,R1269,U587,U587,I229,I229,3,3,6.0,LOW,0.0,0.0,25.0,0.0,0.0,2,15.0,0.0,False,1,False,False
R1270,R1270,U609,U609,I248,I248,5,5,3.25,LOW,20.0,0.0,15.0,0.0,0.0,3,0.0,0.0,False,1,False,False
R1271,R1271,U106,U106,I267,I267,2,2,4.5,LOW,0.0,15.0,15.0,0.0,0.0,3,0.0,0.0,False,0,False,False
R1272,R1272,U715,U715,I394,I394,5,5,12.75,LOW,20.0,0.0,15.0,20.0,30.0,5,0.0,0.0,False,1,False,False
R1273,R1273,U496,U496,I383,I383,5,5,9.25,LOW,20.0,10.0,25.0,0.0,0.0,2,15.0,5.0,False,2,False,False
R1274,R1274,U725,U725,I142,I142,5,5,7.75,LOW,20.0,0.0,25.0,0.0,0.0,4,15.0,5.0,False,2,False,False
R1275,R1275,U263,U263,I306,I306,5,5,3.25,LOW,20.0,0.0,15.0,0.0,0.0,4,0.0,0.0,False,1,False,False
R1276,R1276,U35,U35,I301,I301,5,5,3.25,LOW,20.0,0.0,15.0,0.0,0.0,4,0.0,0.0,False,1,False,False
R1277,R1277,U833,U833,I160,I160,1,1,10.0,LOW,20.0,15.0,25.0,0.0,0.0,4,15.0,5.0,False,2,False,False
R1278,R1278,U611,U611,I359,I359,2,2,6.0,LOW,0.0,0.0,25.0,0.0,0.0,3,15.0,0.0,False,1,False,False
R1279,R1279,U843,U843,I213,I213,4,4,0.0,LOW,0.0,0.0,0.0,0.0,0.0,2,0.0,0.0,False,0,False,False
R1280,R1280,U221,U221,I65,I65,2,2,2.25,LOW,0.0,0.0,15.0,0.0,0.0,4,0.0,0.0,False,0,False,False
R1281,R1281,U227,U227,I499,I499,5,5,3.25,LOW,20.0,0.0,15.0,0.0,0.0,4,0.0,0.0,False,1,False,False
R1282,R1282,U914,U914,I195,I195,1,1,7.75,LOW,20.0,0.0,25.0,0.0,0.0,2,15.0,5.0,False,2,False,False
R1283,R1283,U103,U103,I80,I80,5,5,17.25,LOW,20.0,0.0,25.0,20.0,30.0,6,15.0,5.0,False,2,False,False
R1284,R1284,U720,U720,I478,I478,5,5,1.0,LOW,20.0,0.0,0.0,0.0,0.0,1,0.0,0.0,False,1,False,False
R1285,R1285,U76,U76,I338,I338,1,1,1.0,LOW,20.0,0.0,0.0,0.0,0.0,1,0.0,0.0,False,1,False,False
R1286,R1286,U630,U630,I147,I147,5,5,17.25,LOW,20.0,0.0,25.0,20.0,30.0,5,15.0,5.0,False,2,False,False
R1287,R1287,U233,U233,I128,I128,1,1,3.25,LOW,20.0,15.0,0.0,0.0,0.0,2,0.0,0.0,False,1,False,False
R1288,R1288,U716,U716,I37,I37,2,2,6.0,LOW,0.0,0.0,25.0,0.0,0.0,4,15.0,0.0,False,1,False,False
R1289,R1289,U461,U461,I223,I223,2,2,7.5,LOW,0.0,10.0,25.0,0.0,0.0,2,15.0,0.0,False,1,False,False
R1290,R1290,U931,U931,I98,I98,5,5,5.5,LOW,20.0,15.0,15.0,0.0,0.0,3,0.0,0.0,False,1,False,False
R1291,R1291,U720,U720,I468,I468,3,3,6.0,LOW,0.0,0.0,25.0,0.0,0.0,4,15.0,0.0,False,1,False,False
R1292,R1292,U307,U307,I88,I88,2,2,15.5,LOW,0.0,0.0,25.0,20.0,30.0,5,15.0,0.0,False,1,False,False
R1293,R1293,U407,U407,I366,I366,4,4,6.0,LOW,0.0,0.0,25.0,0.0,0.0,2,15.0,0.0,False,1,False,False
R1294,R1294,U516,U516,I356,I356,4,4,1.5,LOW,0.0,10.0,0.0,0.0,0.0,3,0.0,0.0,False,0,False,False
R1295,R1295,U867,U867,I262,I262,5,5,7.75,LOW,20.0,0.0,25.0,0.0,0.0,4,15.0,5.0,False,2,False,False
R1296,R1296,U144,U144,I465,I465,2,2,0.0,LOW,0.0,0.0,0.0,0.0,0.0,1,0.0,0.0,False,0,False,False
R1297,R1297,U461,U461,I269,I269,5,5,4.75,LOW,20.0,10.0,15.0,0.0,0.0,1,0.0,0.0,False,1,False,False
R1298,R1298,U494,U494,I29,I29,3,3,2.25,LOW,0.0,0.0,15.0,0.0,0.0,3,0.0,0.0,False,0,False,False
R1299,R1299,U559,U559,I497,I497,3,3,8.25,LOW,0.0,15.0,25.0,0.0,0.0,2,15.0,0.0,False,1,False,False
R1300,R1300,U397,U397,I267,I267,1,1,3.25,LOW,20.0,0.0,15.0,0.0,0.0,3,0.0,0.0,False,1,False,False
R1301,R1301,U714,U714,I39,I39,2,2,0.0,LOW,0.0,0.0,0.0,0.0,0.0,2,0.0,0.0,False,0,False,False
R1302,R1302,U740,U740,I130,I130,5,5,4.75,LOW,20.0,10.0,15.0,0.0,0.0,2,0.0,0.0,False,1,False,False
R1303,R1303,U378,U378,I205,I205,3,3,6.0,LOW,0.0,0.0,25.0,0.0,0.0,3,15.0,0.0,False,1,False,False
R1304,R1304,U765,U765,I294,I294,5,5,12.75,LOW,20.0,0.0,15.0,20.0,30.0,5,0.0,0.0,False,1,False,False
R1305,R1305,U995,U995,I445,I445,3,3,0.0,LOW,0.0,0.0,0.0,0.0,0.0,1,0.0,0.0,False,0,False,False
R1306,R1306,U25,U25,I385,I385,3,3,6.0,LOW,0.0,0.0,25.0,0.0,0.0,1,15.0,0.0,False,1,False,False
R1307,R1307,U438,U438,I351,I351,4,4,2.25,LOW,0.0,0.0,15.0,0.0,0.0,2,0.0,0.0,False,0,False,False
R1308,R1308,U275,U275,I290,I290,4,4,2.25,LOW,0.0,0.0,15.0,0.0,0.0,1,0.0,0.0,False,0,False,False
R1309,R1309,U904,U904,I347,I347,5,5,3.25,LOW,20.0,0.0,15.0,0.0,0.0,3,0.0,0.0,False,1,False,False
R1310,R1310,U994,U994,I1,I1,5,5,7.75,LOW,20.0,0.0,25.0,0.0,0.0,4,15.0,5.0,False,2,False,False
R1311,R1311,U157,U157,I103,I103,4,4,2.25,LOW,0.0,0.0,15.0,0.0,0.0,3,0.0,0.0,False,0,False,False
R1312,R1312,U51,U51,I429,I429,5,5,5.5,LOW,20.0,15.0,15.0,0.0,0.0,2,0.0,0.0,False,1,False,False
R1313,R1313,U587,U587,I450,I450,2,2,2.25,LOW,0.0,0.0,15.0,0.0,0.0,4,0.0,0.0,False,0,False,False
R1314,R1314,U85,U85,I196,I196,4,4,2.25,LOW,0.0,0.0,15.0,0.0,0.0,2,0.0,0.0,False,0,False,False
R1315,R1315,U7,U7,I50,I50,4,4,15.5,LOW,0.0,0.0,25.0,20.0,30.0,6,15.0,0.0,False,1,False,False
R1316,R1316,U364,U364,I461,I461,3,3,2.25,LOW,0.0,0.0,15.0,0.0,0.0,2,0.0,0.0,False,0,False,False
R1317,R1317,U460,U460,I350,I350,5,5,7.75,LOW,20.0,0.0,25.0,0.0,0.0,3,15.0,5.0,False,2,False,False
R1318,R1318,U973,U973,I142,I142,3,3,7.5,LOW,0.0,10.0,25.0,0.0,0.0,4,15.0,0.0,False,1,False,False
R1319,R1319,U681,U681,I474,I474,5,5,7.75,LOW,20.0,0.0,25.0,0.0,0.0,4,15.0,5.0,False,2,False,False
R1320,R1320,U330,U330,I167,I167,3,3,6.0,LOW,0.0,0.0,25.0,0.0,0.0,2,15.0,0.0,False,1,False,False
R1321,R1321,U360,U360,I51,I51,2,2,3.75,LOW,0.0,10.0,15.0,0.0,0.0,4,0.0,0.0,False,0,False,False
R1322,R1322,U481,U481,I220,I220,3,3,6.0,LOW,0.0,0.0,25.0,0.0,0.0,2,15.0,0.0,False,1,False,False
R1323,R1323,U7,U7,I26,I26,4,4,15.5,LOW,0.0,0.0,25.0,20.0,30.0,5,15.0,0.0,False,1,False,False
R1324,R1324,U457,U457,I172,I172,5,5,3.25,LOW,20.0,0.0,15.0,0.0,0.0,4,0.0,0.0,False,1,False,False
R1325,R1325,U827,U827,I271,I271,2,2,17.0,LOW,0.0,10.0,25.0,20.0,30.0,6,15.0,0.0,False,1,False,False
R1326,R1326,U699,U699,I29,I29,3,3,4.5,LOW,0.0,15.0,15.0,0.0,0.0,3,0.0,0.0,False,0,False,False
R1327,R1327,U424,U424,I195,I195,3,3,6.0,LOW,0.0,0.0,25.0,0.0,0.0,2,15.0,0.0,False,1,False,False
R1328,R1328,U332,U332,I54,I54,2,2,2.25,LOW,0.0,0.0,15.0,0.0,0.0,3,0.0,0.0,False,0,False,False
R1329,R1329,U913,U913,I131,I131,3,3,0.0,LOW,0.0,0.0,0.0,0.0,0.0,2,0.0,0.0,False,0,False,False
R1330,R1330,U70,U70,I394,I394,5,5,12.75,LOW,20.0,0.0,15.0,20.0,30.0,5,0.0,0.0,False,1,False,False
R1331,R1331,U626,U626,I241,I241,3,3,3.75,LOW,0.0,10.0,15.0,0.0,0.0,3,0.0,0.0,False,0,False,False
R1332,R1332,U147,U147,I410,I410,2,2,6.0,LOW,0.0,0.0,25.0,0.0,0.0,1,15.0,0.0,False,1,False,False
R1333,R1333,U541,U541,I208,I208,5,5,3.25,LOW,20.0,0.0,15.0,0.0,0.0,2,0.0,0.0,False,1,False,False
R1334,R1334,U17,U17,I262,I262,2,2,7.5,LOW,0.0,10.0,25.0,0.0,0.0,2,15.0,0.0,False,1,False,False
R1335,R1335,U840,U840,I240,I240,1,1,2.5,LOW,20.0,10.0,0.0,0.0,0.0,3,0.0,0.0,False,1,False,False
R1336,R1336,U65,U65,I231,I231,1,1,9.25,LOW,20.0,10.0,25.0,0.0,0.0,4,15.0,5.0,False,2,False,False
R1337,R1337,U418,U418,I99,I99,1,1,3.25,LOW,20.0,0.0,15.0,0.0,0.0,1,0.0,0.0,False,1,False,False
R1338,R1338,U305,U305,I414,I414,3,3,2.25,LOW,0.0,0.0,15.0,0.0,0.0,4,0.0,0.0,False,0,False,False
R1339,R1339,U938,U938,I108,I108,5,5,9.25,LOW,20.0,25.0,15.0,0.0,0.0,3,10.0,5.0,False,2,False,False
R1340,R1340,U421,U421,I31,I31,2,2,15.5,LOW,0.0,0.0,25.0,20.0,30.0,5,15.0,0.0,False,1,False,False
R1341,R1341,U816,U816,I355,I355,3,3,25.25,LOW,0.0,0.0,25.0,20.0,45.0,7,40.0,15.0,False,3,False,False
R1342,R1342,U49,U49,I276,I276,5,5,3.25,LOW,20.0,0.0,15.0,0.0,0.0,3,0.0,0.0,False,1,False,False
R1343,R1343,U547,U547,I114,I114,1,1,17.25,LOW,20.0,0.0,25.0,20.0,30.0,5,15.0,5.0,False,2,False,False
R1344,R1344,U795,U795,I446,I446,3,3,2.25,LOW,0.0,0.0,15.0,0.0,0.0,2,0.0,0.0,False,0,False,False
R1345,R1345,U70,U70,I108,I108,3,3,2.25,LOW,0.0,0.0,15.0,0.0,0.0,2,0.0,0.0,False,0,False,False
R1346,R1346,U592,U592,I6,I6,5,5,14.5,LOW,20.0,25.0,25.0,0.0,0.0,4,25.0,15.0,False,3,False,False
R1347,R1347,U653,U653,I33,I33,5,5,15.0,LOW,20.0,15.0,15.0,20.0,30.0,6,0.0,0.0,False,1,False,False
R1348,R1348,U610,U610,I248,I248,5,5,3.25,LOW,20.0,0.0,15.0,0.0,0.0,3,0.0,0.0,False,1,False,False
R1349,R1349,U138,U138,I430,I430,3,3,6.0,LOW,0.0,0.0,25.0,0.0,0.0,4,15.0,0.0,False,1,False,False
R1350,R1350,U156,U156,I284,I284,3,3,17.0,LOW,0.0,10.0,25.0,20.0,30.0,6,15.0,0.0,False,1,False,False
R1351,R1351,U214,U214,I185,I185,4,4,2.25,LOW,0.0,0.0,15.0,0.0,0.0,4,0.0,0.0,False,0,False,False
R1352,R1352,U276,U276,I269,I269,1,1,3.25,LOW,20.0,0.0,15.0,0.0,0.0,2,0.0,0.0,False,1,False,False
R1353,R1353,U325,U325,I468,I468,1,1,7.75,LOW,20.0,0.0,25.0,0.0,0.0,2,15.0,5.0,False,2,False,False
R1354,R1354,U209,U209,I181,I181,4,4,2.25,LOW,0.0,0.0,15.0,0.0,0.0,3,0.0,0.0,False,0,False,False
R1355,R1355,U707,U707,I251,I251,3,3,6.0,LOW,0.0,0.0,25.0,0.0,0.0,4,15.0,0.0,False,1,False,False
R1356,R1356,U997,U997,I7,I7,5,5,1.0,LOW,20.0,0.0,0.0,0.0,0.0,2,0.0,0.0,False,1,False,False
R1357,R1357,U510,U510,I327,I327,2,2,6.0,LOW,0.0,0.0,25.0,0.0,0.0,3,15.0,0.0,False,1,False,False
R1358,R1358,U257,U257,I346,I346,1,1,7.75,LOW,20.0,0.0,25.0,0.0,0.0,4,15.0,5.0,False,2,False,False
R1359,R1359,U598,U598,I424,I424,5,5,7.75,LOW,20.0,0.0,25.0,0.0,0.0,4,15.0,5.0,False,2,False,False
R1360,R1360,U143,U143,I336,I336,4,4,0.0,LOW,0.0,0.0,0.0,0.0,0.0,2,0.0,0.0,False,0,False,False
R1361,R1361,U172,U172,I367,I367,5,5,7.75,LOW,20.0,0.0,25.0,0.0,0.0,4,15.0,5.0,False,2,False,False
R1362,R1362,U276,U276,I75,I75,1,1,17.25,LOW,20.0,0.0,25.0,20.0,30.0,5,15.0,5.0,False,2,False,False
R1363,R1363,U992,U992,I46,I46,3,3,2.25,LOW,0.0,0.0,15.0,0.0,0.0,1,0.0,0.0,False,0,False,False
R1364,R1364,U614,U614,I499,I499,2,2,2.25,LOW,0.0,0.0,15.0,0.0,0.0,2,0.0,0.0,False,0,False,False
R1365,R1365,U533,U533,I143,I143,5,5,10.0,LOW,20.0,15.0,25.0,0.0,0.0,3,15.0,5.0,False,2,False,False
R1366,R1366,U479,U479,I97,I97,3,3,2.25,LOW,0.0,0.0,15.0,0.0,0.0,1,0.0,0.0,False,0,False,False
R1367,R1367,U41,U41,I116,I116,1,1,1.0,LOW,20.0,0.0,0.0,0.0,0.0,1,0.0,0.0,False,1,False,False
R1368,R1368,U761,U761,I225,I225,4,4,6.0,LOW,0.0,0.0,25.0,0.0,0.0,2,15.0,0.0,False,1,False,False
R1369,R1369,U292,U292,I272,I272,4,4,1.5,LOW,0.0,10.0,0.0,0.0,0.0,4,0.0,0.0,False,0,False,False
R1370,R1370,U371,U371,I312,I312,3,3,0.0,LOW,0.0,0.0,0.0,0.0,0.0,1,0.0,0.0,False,0,False,False
R1371,R1371,U672,U672,I158,I158,1,1,3.25,LOW,20.0,0.0,15.0,0.0,0.0,1,0.0,0.0,False,1,False,False
R1372,R1372,U920,U920,I217,I217,3,3,3.75,LOW,0.0,10.0,15.0,0.0,0.0,3,0.0,0.0,False,0,False,False
R1373,R1373,U535,U535,I369,I369,2,2,3.75,LOW,0.0,10.0,15.0,0.0,0.0,3,0.0,0.0,False,0,False,False
R1374,R1374,U3,U3,I256,I256,5,5,1.0,LOW,20.0,0.0,0.0,0.0,0.0,2,0.0,0.0,False,1,False,False
R1375,R1375,U741,U741,I66,I66,5,5,3.25,LOW,20.0,0.0,15.0,0.0,0.0,3,0.0,0.0,False,1,False,False
R1376,R1376,U805,U805,I328,I328,5,5,1.0,LOW,20.0,0.0,0.0,0.0,0.0,2,0.0,0.0,False,1,False,False
R1377,R1377,U713,U713,I263,I263,3,3,2.25,LOW,0.0,0.0,15.0,0.0,0.0,3,0.0,0.0,False,0,False,False
R1378,R1378,U584,U584,I215,I215,2,2,7.5,LOW,0.0,10.0,25.0,0.0,0.0,3,15.0,0.0,False,1,False,False
R1379,R1379,U662,U662,I392,I392,2,2,6.0,LOW,0.0,0.0,25.0,0.0,0.0,2,15.0,0.0,False,1,False,False
R1380,R1380,U994,U994,I456,I456,4,4,15.5,LOW,0.0,0.0,25.0,20.0,30.0,5,15.0,0.0,False,1,False,False
R1381,R1381,U754,U754,I329,I329,3,3,2.25,LOW,0.0,0.0,15.0,0.0,0.0,2,0.0,0.0,False,0,False,False
R1382,R1382,U561,U561,I192,I192,5,5,3.25,LOW,20.0,0.0,15.0,0.0,0.0,1,0.0,0.0,False,1,False,False
R1383,R1383,U286,U286,I84,I84,4,4,2.25,LOW,0.0,0.0,15.0,0.0,0.0,1,0.0,0.0,False,0,False,False
R1384,R1384,U858,U858,I246,I246,3,3,6.0,LOW,0.0,0.0,25.0,0.0,0.0,4,15.0,0.0,False,1,False,False
R1385,R1385,U214,U214,I50,I50,4,4,15.5,LOW,0.0,0.0,25.0,20.0,30.0,6,15.0,0.0,False,1,False,False
R1386,R1386,U716,U716,I1,I1,4,4,25.25,LOW,0.0,0.0,25.0,20.0,45.0,7,40.0,15.0,False,3,False,False
R1387,R1387,U186,U186,I431,I431,5,5,3.25,LOW,20.0,0.0,15.0,0.0,0.0,1,0.0,0.0,False,1,False,False
R1388,R1388,U672,U672,I494,I494,1,1,35.75,MEDIUM,20.0,0.0,25.0,20.0,45.0,7,40.0,25.0,False,4,True,False
R1389,R1389,U94,U94,I415,I415,5,5,3.25,LOW,20.0,0.0,15.0,0.0,0.0,3,0.0,0.0,False,1,False,False
R1390,R1390,U479,U479,I276,I276,5,5,3.25,LOW,20.0,0.0,15.0,0.0,0.0,3,0.0,0.0,False,1,False,False
R1391,R1391,U301,U301,I398,I398,2,2,7.5,LOW,0.0,10.0,25.0,0.0,0.0,3,15.0,0.0,False,1,False,False
R1392,R1392,U843,U843,I185,I185,3,3,2.25,LOW,0.0,0.0,15.0,0.0,0.0,3,0.0,0.0,False,0,False,False
R1393,R1393,U319,U319,I212,I212,5,5,1.0,LOW,20.0,0.0,0.0,0.0,0.0,1,0.0,0.0,False,1,False,False
R1394,R1394,U607,U607,I428,I428,1,1,3.25,LOW,20.0,0.0,15.0,0.0,0.0,1,0.0,0.0,False,1,False,False
R1395,R1395,U950,U950,I78,I78,2,2,2.25,LOW,0.0,0.0,15.0,0.0,0.0,2,0.0,0.0,False,0,False,False
R1396,R1396,U471,U471,I371,I371,2,2,11.75,LOW,0.0,0.0,15.0,20.0,30.0,5,0.0,0.0,False,0,False,False
R1397,R1397,U669,U669,I242,I242,1,1,1.0,LOW,20.0,0.0,0.0,0.0,0.0,2,0.0,0.0,False,1,False,False
R1398,R1398,U639,U639,I257,I257,5,5,3.25,LOW,20.0,0.0,15.0,0.0,0.0,3,0.0,0.0,False,1,False,False
R1399,R1399,U155,U155,I452,I452,2,2,2.25,LOW,0.0,0.0,15.0,0.0,0.0,3,0.0,0.0,False,0,False,False
R1400,R1400,U482,U482,I347,I347,5,5,3.25,LOW,20.0,0.0,15.0,0.0,0.0,3,0.0,0.0,False,1,False,False
R1401,R1401,U36,U36,I362,I362,4,4,0.0,LOW,0.0,0.0,0.0,0.0,0.0,2,0.0,0.0,False,0,False,False
R1402,R1402,U843,U843,I139,I139,5,5,3.25,LOW,20.0,0.0,15.0,0.0,0.0,4,0.0,0.0,False,1,False,False
R1403,R1403,U653,U653,I229,I229,1,1,10.0,LOW,20.0,15.0,25.0,0.0,0.0,3,15.0,5.0,False,2,False,False
R1404,R1404,U909,U909,I282,I282,3,3,2.25,LOW,0.0,0.0,15.0,0.0,0.0,2,0.0,0.0,False,0,False,False
R1405,R1405,U457,U457,I297,I297,3,3,15.5,LOW,0.0,0.0,25.0,20.0,30.0,6,15.0,0.0,False,1,False,False
R1406,R1406,U265,U265,I36,I36,4,4,0.0,LOW,0.0,0.0,0.0,0.0,0.0,1,0.0,0.0,False,0,False,False
R1407,R1407,U508,U508,I160,I160,3,3,6.0,LOW,0.0,0.0,25.0,0.0,0.0,4,15.0,0.0,False,1,False,False
R1408,R1408,U607,U607,I268,I268,1,1,3.25,LOW,20.0,0.0,15.0,0.0,0.0,2,0.0,0.0,False,1,False,False
R1409,R1409,U553,U553,I319,I319,1,1,10.75,LOW,20.0,15.0,30.0,0.0,0.0,4,15.0,5.0,False,2,False,False
R1410,R1410,U766,U766,I107,I107,4,4,6.0,LOW,0.0,0.0,25.0,0.0,0.0,3,15.0,0.0,False,1,False,False
R1411,R1411,U67,U67,I180,I180,5,5,12.75,LOW,20.0,0.0,15.0,20.0,30.0,5,0.0,0.0,False,1,False,False
R1412,R1412,U328,U328,I252,I252,5,5,15.25,LOW,20.0,30.0,25.0,0.0,0.0,2,25.0,15.0,False,3,False,False
R1413,R1413,U571,U571,I297,I297,3,3,15.5,LOW,0.0,0.0,25.0,20.0,30.0,6,15.0,0.0,False,1,False,False
R1414,R1414,U522,U522,I311,I311,4,4,6.0,LOW,0.0,0.0,25.0,0.0,0.0,4,15.0,0.0,False,1,False,False
R1415,R1415,U414,U414,I423,I423,5,5,3.25,LOW,20.0,15.0,0.0,0.0,0.0,4,0.0,0.0,False,1,False,False
R1416,R1416,U517,U517,I134,I134,5,5,3.25,LOW,20.0,0.0,15.0,0.0,0.0,2,0.0,0.0,False,1,False,False
R1417,R1417,U453,U453,I210,I210,2,2,2.25,LOW,0.0,0.0,15.0,0.0,0.0,1,0.0,0.0,False,0,False,False
R1418,R1418,U23,U23,I440,I440,2,2,8.25,LOW,0.0,15.0,25.0,0.0,0.0,4,15.0,0.0,False,1,False,False
R1419,R1419,U701,U701,I245,I245,4,4,6.0,LOW,0.0,0.0,25.0,0.0,0.0,4,15.0,0.0,False,1,False,False
R1420,R1420,U154,U154,I121,I121,5,5,3.25,LOW,20.0,0.0,15.0,0.0,0.0,2,0.0,0.0,False,1,False,False
R1421,R1421,U697,U697,I55,I55,2,2,3.75,LOW,0.0,10.0,15.0,0.0,0.0,2,0.0,0.0,False,0,False,False
R1422,R1422,U958,U958,I323,I323,5,5,2.5,LOW,20.0,10.0,0.0,0.0,0.0,2,0.0,0.0,False,1,False,False
R1423,R1423,U647,U647,I435,I435,3,3,13.25,LOW,0.0,10.0,15.0,20.0,30.0,6,0.0,0.0,False,0,False,False
R1424,R1424,U90,U90,I280,I280,5,5,3.25,LOW,20.0,0.0,15.0,0.0,0.0,3,0.0,0.0,False,1,False,False
R1425,R1425,U158,U158,I475,I475,5,5,1.0,LOW,20.0,0.0,0.0,0.0,0.0,3,0.0,0.0,False,1,False,False
R1426,R1426,U808,U808,I276,I276,5,5,3.25,LOW,20.0,0.0,15.0,0.0,0.0,3,0.0,0.0,False,1,False,False
R1427,R1427,U396,U396,I433,I433,1,1,3.25,LOW,20.0,0.0,15.0,0.0,0.0,3,0.0,0.0,False,1,False,False
R1428,R1428,U785,U785,I68,I68,1,1,7.75,LOW,20.0,0.0,25.0,0.0,0.0,3,15.0,5.0,False,2,False,False
R1429,R1429,U847,U847,I250,I250,1,1,9.25,LOW,20.0,25.0,15.0,0.0,0.0,1,10.0,5.0,False,2,False,False
R1430,R1430,U397,U397,I366,I366,5,5,7.75,LOW,20.0,0.0,25.0,0.0,0.0,3,15.0,5.0,False,2,False,False
R1431,R1431,U894,U894,I60,I60,1,1,17.25,LOW,20.0,0.0,25.0,20.0,30.0,5,15.0,5.0,False,2,False,False
R1432,R1432,U600,U600,I67,I67,2,2,15.5,LOW,0.0,0.0,25.0,20.0,30.0,6,15.0,0.0,False,1,False,False
R1433,R1433,U798,U798,I75,I75,5,5,7.75,LOW,20.0,0.0,25.0,0.0,0.0,4,15.0,5.0,False,2,False,False
R1434,R1434,U147,U147,I198,I198,5,5,7.75,LOW,20.0,0.0,25.0,0.0,0.0,4,15.0,5.0,False,2,False,False
R1435,R1435,U914,U914,I118,I118,2,2,2.25,LOW,0.0,0.0,15.0,0.0,0.0,2,0.0,0.0,False,0,False,False
R1436,R1436,U927,U927,I361,I361,5,5,3.25,LOW,20.0,0.0,15.0,0.0,0.0,2,0.0,0.0,False,1,False,False
R1437,R1437,U952,U952,I434,I434,4,4,2.25,LOW,0.0,0.0,15.0,0.0,0.0,1,0.0,0.0,False,0,False,False
R1438,R1438,U311,U311,I311,I311,4,4,6.0,LOW,0.0,0.0,25.0,0.0,0.0,4,15.0,0.0,False,1,False,False
R1439,R1439,U248,U248,I365,I365,3,3,2.25,LOW,0.0,0.0,15.0,0.0,0.0,3,0.0,0.0,False,0,False,False
R1440,R1440,U430,U430,I251,I251,3,3,6.0,LOW,0.0,0.0,25.0,0.0,0.0,4,15.0,0.0,False,1,False,False
R1441,R1441,U523,U523,I314,I314,4,4,6.0,LOW,0.0,0.0,25.0,0.0,0.0,3,15.0,0.0,False,1,False,False
R1442,R1442,U801,U801,I373,I373,2,2,15.5,LOW,0.0,0.0,25.0,20.0,30.0,6,15.0,0.0,False,1,False,False
R1443,R1443,U346,U346,I181,I181,4,4,2.25,LOW,0.0,0.0,15.0,0.0,0.0,3,0.0,0.0,False,0,False,False
R1444,R1444,U819,U819,I249,I249,4,4,2.25,LOW,0.0,0.0,15.0,0.0,0.0,1,0.0,0.0,False,0,False,False
R1445,R1445,U757,U757,I51,I51,2,2,2.25,LOW,0.0,0.0,15.0,0.0,0.0,4,0.0,0.0,False,0,False,False
R1446,R1446,U920,U920,I450,I450,2,2,3.75,LOW,0.0,10.0,15.0,0.0,0.0,4,0.0,0.0,False,0,False,False
R1447,R1447,U330,U330,I168,I168,3,3,2.25,LOW,0.0,0.0,15.0,0.0,0.0,1,0.0,0.0,False,0,False,False
R1448,R1448,U43,U43,I348,I348,3,3,6.0,LOW,0.0,0.0,25.0,0.0,0.0,4,15.0,0.0,False,1,False,False
R1449,R1449,U692,U692,I463,I463,1,1,1.0,LOW,20.0,0.0,0.0,0.0,0.0,2,0.0,0.0,False,1,False,False
R1450,R1450,U130,U130,I329,I329,1,1,3.25,LOW,20.0,0.0,15.0,0.0,0.0,4,0.0,0.0,False,1,False,False
R1451,R1451,U489,U489,I316,I316,5,5,17.25,LOW,20.0,0.0,25.0,20.0,30.0,6,15.0,5.0,False,2,False,False
R1452,R1452,U898,U898,I378,I378,2,2,6.75,LOW,0.0,0.0,30.0,0.0,0.0,2,15.0,0.0,False,1,False,False
R1453,R1453,U280,U280,I363,I363,3,3,8.25,LOW,0.0,15.0,25.0,0.0,0.0,2,15.0,0.0,False,1,False,False
R1454,R1454,U45,U45,I159,I159,3,3,6.0,LOW,0.0,0.0,25.0,0.0,0.0,3,15.0,0.0,False,1,False,False
R1455,R1455,U550,U550,I107,I107,1,1,7.75,LOW,20.0,0.0,25.0,0.0,0.0,1,15.0,5.0,False,2,False,False
R1456,R1456,U318,U318,I32,I32,3,3,15.5,LOW,0.0,0.0,25.0,20.0,30.0,6,15.0,0.0,False,1,False,False
R1457,R1457,U973,U973,I26,I26,1,1,9.25,LOW,20.0,10.0,25.0,0.0,0.0,3,15.0,5.0,False,2,False,False
R1458,R1458,U156,U156,I479,I479,2,2,3.75,LOW,0.0,10.0,15.0,0.0,0.0,2,0.0,0.0,False,0,False,False
R1459,R1459,U812,U812,I165,I165,1,1,3.25,LOW,20.0,0.0,15.0,0.0,0.0,4,0.0,0.0,False,1,False,False
R1460,R1460,U410,U410,I274,I274,4,4,4.5,LOW,0.0,15.0,15.0,0.0,0.0,2,0.0,0.0,False,0,False,False
R1461,R1461,U332,U332,I321,I321,4,4,11.75,LOW,0.0,0.0,15.0,20.0,30.0,5,0.0,0.0,False,0,False,False
R1462,R1462,U616,U616,I38,I38,1,1,3.25,LOW,20.0,0.0,15.0,0.0,0.0,4,0.0,0.0,False,1,False,False
R1463,R1463,U654,U654,I224,I224,4,4,2.25,LOW,0.0,0.0,15.0,0.0,0.0,2,0.0,0.0,False,0,False,False
R1464,R1464,U457,U457,I275,I275,1,1,7.75,LOW,20.0,0.0,25.0,0.0,0.0,4,15.0,5.0,False,2,False,False
R1465,R1465,U237,U237,I327,I327,3,3,6.0,LOW,0.0,0.0,25.0,0.0,0.0,1,15.0,0.0,False,1,False,False
R1466,R1466,U273,U273,I182,I182,4,4,7.5,LOW,0.0,10.0,25.0,0.0,0.0,2,15.0,0.0,False,1,False,False
R1467,R1467,U298,U298,I134,I134,4,4,2.25,LOW,0.0,0.0,15.0,0.0,0.0,3,0.0,0.0,False,0,False,False
R1468,R1468,U588,U588,I414,I414,3,3,2.25,LOW,0.0,0.0,15.0,0.0,0.0,4,0.0,0.0,False,0,False,False
R1469,R1469,U936,U936,I389,I389,2,2,17.75,LOW,0.0,15.0,25.0,20.0,30.0,5,15.0,0.0,False,1,False,False
R1470,R1470,U743,U743,I438,I438,4,4,2.25,LOW,0.0,0.0,15.0,0.0,0.0,1,0.0,0.0,False,0,False,False
R1471,R1471,U833,U833,I11,I11,1,1,3.25,LOW,20.0,15.0,0.0,0.0,0.0,1,0.0,0.0,False,1,False,False
R1472,R1472,U223,U223,I480,I480,2,2,17.75,LOW,0.0,15.0,25.0,20.0,30.0,5,15.0,0.0,False,1,False,False
R1473,R1473,U326,U326,I245,I245,2,2,6.0,LOW,0.0,0.0,25.0,0.0,0.0,2,15.0,0.0,False,1,False,False
R1474,R1474,U510,U510,I259,I259,2,2,0.0,LOW,0.0,0.0,0.0,0.0,0.0,2,0.0,0.0,False,0,False,False
R1475,R1475,U363,U363,I298,I298,4,4,17.0,LOW,0.0,10.0,25.0,20.0,30.0,5,15.0,0.0,False,1,False,False
R1476,R1476,U463,U463,I361,I361,2,2,2.25,LOW,0.0,0.0,15.0,0.0,0.0,4,0.0,0.0,False,0,False,False
R1477,R1477,U931,U931,I360,I360,2,2,4.5,LOW,0.0,15.0,15.0,0.0,0.0,4,0.0,0.0,False,0,False,False
R1478,R1478,U449,U449,I119,I119,1,1,4.75,LOW,20.0,10.0,15.0,0.0,0.0,2,0.0,0.0,False,1,False,False
R1479,R1479,U402,U402,I492,I492,5,5,5.5,LOW,20.0,15.0,15.0,0.0,0.0,4,0.0,0.0,False,1,False,False
R1480,R1480,U213,U213,I363,I363,1,1,7.75,LOW,20.0,0.0,25.0,0.0,0.0,4,15.0,5.0,False,2,False,False
R1481,R1481,U578,U578,I424,I424,1,1,7.75,LOW,20.0,0.0,25.0,0.0,0.0,4,15.0,5.0,False,2,False,False
R1482,R1482,U572,U572,I188,I188,3,3,2.25,LOW,0.0,15.0,0.0,0.0,0.0,3,0.0,0.0,False,0,False,False
R1483,R1483,U167,U167,I420,I420,2,2,3.75,LOW,0.0,10.0,15.0,0.0,0.0,2,0.0,0.0,False,0,False,False
R1484,R1484,U179,U179,I153,I153,1,1,38.0,MEDIUM,20.0,0.0,40.0,20.0,45.0,7,40.0,25.0,False,4,True,False
R1485,R1485,U875,U875,I377,I377,3,3,2.25,LOW,0.0,0.0,15.0,0.0,0.0,3,0.0,0.0,False,0,False,False
R1486,R1486,U563,U563,I177,I177,3,3,2.25,LOW,0.0,0.0,15.0,0.0,0.0,3,0.0,0.0,False,0,False,False
R1487,R1487,U253,U253,I298,I298,4,4,17.0,LOW,0.0,10.0,25.0,20.0,30.0,5,15.0,0.0,False,1,False,False
R1488,R1488,U24,U24,I484,I484,4,4,7.5,LOW,0.0,10.0,25.0,0.0,0.0,3,15.0,0.0,False,1,False,False
R1489,R1489,U307,U307,I149,I149,4,4,2.25,LOW,0.0,0.0,15.0,0.0,0.0,1,0.0,0.0,False,0,False,False
R1490,R1490,U726,U726,I130,I130,4,4,2.25,LOW,0.0,0.0,15.0,0.0,0.0,2,0.0,0.0,False,0,False,False
R1491,R1491,U744,U744,I62,I62,3,3,2.25,LOW,0.0,0.0,15.0,0.0,0.0,2,0.0,0.0,False,0,False,False
R1492,R1492,U647,U647,I293,I293,3,3,7.5,LOW,0.0,10.0,25.0,0.0,0.0,4,15.0,0.0,False,1,False,False
R1493,R1493,U290,U290,I332,I332,1,1,3.25,LOW,20.0,0.0,15.0,0.0,0.0,3,0.0,0.0,False,1,False,False
R1494,R1494,U498,U498,I137,I137,5,5,3.25,LOW,20.0,0.0,15.0,0.0,0.0,4,0.0,0.0,False,1,False,False
R1495,R1495,U434,U434,I32,I32,4,4,6.0,LOW,0.0,0.0,25.0,0.0,0.0,1,15.0,0.0,False,1,False,False
R1496,R1496,U344,U344,I6,I6,2,2,15.5,LOW,0.0,0.0,25.0,20.0,30.0,5,15.0,0.0,False,1,False,False
R1497,R1497,U78,U78,I262,I262,1,1,10.0,LOW,20.0,15.0,25.0,0.0,0.0,3,15.0,5.0,False,2,False,False
R1498,R1498,U578,U578,I282,I282,1,1,3.25,LOW,20.0,0.0,15.0,0.0,0.0,4,0.0,0.0,False,1,False,False
R1499,R1499,U854,U854,I482,I482,3,3,2.25,LOW,0.0,0.0,15.0,0.0,0.0,2,0.0,0.0,False,0,False,False
R1500,R1500,U233,U233,I403,I403,3,3,8.25,LOW,0.0,15.0,25.0,0.0,0.0,4,15.0,0.0,False,1,False,False
R1501,R1501,U683,U683,I245,I245,4,4,6.0,LOW,0.0,0.0,25.0,0.0,0.0,4,15.0,0.0,False,1,False,False
R1502,R1502,U910,U910,I29,I29,5,5,4.75,LOW,20.0,10.0,15.0,0.0,0.0,1,0.0,0.0,False,1,False,False
R1503,R1503,U836,U836,I287,I287,2,2,6.0,LOW,0.0,0.0,25.0,0.0,0.0,2,15.0,0.0,False,1,False,False
R1504,R1504,U498,U498,I415,I415,4,4,2.25,LOW,0.0,0.0,15.0,0.0,0.0,1,0.0,0.0,False,0,False,False
R1505,R1505,U26,U26,I376,I376,2,2,2.25,LOW,0.0,0.0,15.0,0.0,0.0,2,0.0,0.0,False,0,False,False
R1506,R1506,U829,U829,I368,I368,2,2,6.0,LOW,0.0,0.0,25.0,0.0,0.0,4,15.0,0.0,False,1,False,False
R1507,R1507,U414,U414,I147,I147,2,2,8.25,LOW,0.0,15.0,25.0,0.0,0.0,2,15.0,0.0,False,1,False,False
R1508,R1508,U789,U789,I478,I478,1,1,1.0,LOW,20.0,0.0,0.0,0.0,0.0,4,0.0,0.0,False,1,False,False
R1509,R1509,U434,U434,I492,I492,3,3,2.25,LOW,0.0,0.0,15.0,0.0,0.0,2,0.0,0.0,False,0,False,False
R1510,R1510,U30,U30,I294,I294,5,5,15.0,LOW,20.0,15.0,15.0,20.0,30.0,5,0.0,0.0,False,1,False,False
R1511,R1511,U724,U724,I419,I419,2,2,6.0,LOW,0.0,0.0,25.0,0.0,0.0,4,15.0,0.0,False,1,False,False
R1512,R1512,U571,U571,I456,I456,2,2,6.0,LOW,0.0,0.0,25.0,0.0,0.0,4,15.0,0.0,False,1,False,False
R1513,R1513,U386,U386,I231,I231,4,4,6.0,LOW,0.0,0.0,25.0,0.0,0.0,2,15.0,0.0,False,1,False,False
R1514,R1514,U614,U614,I382,I382,4,4,2.25,LOW,0.0,0.0,15.0,0.0,0.0,2,0.0,0.0,False,0,False,False
R1515,R1515,U423,U423,I222,I222,1,1,10.0,LOW,20.0,15.0,25.0,0.0,0.0,2,15.0,5.0,False,2,False,False
R1516,R1516,U142,U142,I160,I160,4,4,7.5,LOW,0.0,10.0,25.0,0.0,0.0,2,15.0,0.0,False,1,False,False
R1517,R1517,U284,U284,I89,I89,1,1,5.5,LOW,20.0,15.0,15.0,0.0,0.0,3,0.0,0.0,False,1,False,False
R1518,R1518,U812,U812,I434,I434,2,2,2.25,LOW,0.0,0.0,15.0,0.0,0.0,2,0.0,0.0,False,0,False,False
R1519,R1519,U696,U696,I357,I357,2,2,6.0,LOW,0.0,0.0,25.0,0.0,0.0,3,15.0,0.0,False,1,False,False
R1520,R1520,U628,U628,I301,I301,5,5,5.5,LOW,20.0,15.0,15.0,0.0,0.0,4,0.0,0.0,False,1,False,False
R1521,R1521,U74,U74,I460,I460,2,2,6.0,LOW,0.0,0.0,25.0,0.0,0.0,2,15.0,0.0,False,1,False,False
R1522,R1522,U448,U448,I497,I497,4,4,7.5,LOW,0.0,10.0,25.0,0.0,0.0,3,15.0,0.0,False,1,False,False
R1523,R1523,U226,U226,I456,I456,4,4,15.5,LOW,0.0,0.0,25.0,20.0,30.0,5,15.0,0.0,False,1,False,False
R1524,R1524,U366,U366,I316,I316,1,1,9.25,LOW,20.0,10.0,25.0,0.0,0.0,3,15.0,5.0,False,2,False,False
R1525,R1525,U485,U485,I442,I442,4,4,8.25,LOW,0.0,15.0,25.0,0.0,0.0,2,15.0,0.0,False,1,False,False
R1526,R1526,U73,U73,I167,I167,2,2,15.5,LOW,0.0,0.0,25.0,20.0,30.0,5,15.0,0.0,False,1,False,False
R1527,R1527,U311,U311,I141,I141,4,4,2.25,LOW,0.0,0.0,15.0,0.0,0.0,2,0.0,0.0,False,0,False,False
R1528,R1528,U280,U280,I150,I150,1,1,5.5,LOW,20.0,15.0,15.0,0.0,0.0,3,0.0,0.0,False,1,False,False
R1529,R1529,U168,U168,I108,I108,2,2,2.25,LOW,0.0,0.0,15.0,0.0,0.0,2,0.0,0.0,False,0,False,False
R1530,R1530,U64,U64,I234,I234,3,3,15.5,LOW,0.0,0.0,25.0,20.0,30.0,5,15.0,0.0,False,1,False,False
R1531,R1531,U929,U929,I184,I184,4,4,1.5,LOW,0.0,10.0,0.0,0.0,0.0,1,0.0,0.0,False,0,False,False
R1532,R1532,U143,U143,I444,I444,4,4,0.0,LOW,0.0,0.0,0.0,0.0,0.0,2,0.0,0.0,False,0,False,False
R1533,R1533,U112,U112,I281,I281,4,4,3.75,LOW,0.0,10.0,15.0,0.0,0.0,3,0.0,0.0,False,0,False,False
R1534,R1534,U501,U501,I384,I384,2,2,15.5,LOW,0.0,0.0,25.0,20.0,30.0,5,15.0,0.0,False,1,False,False
R1535,R1535,U223,U223,I34,I34,5,5,5.5,LOW,20.0,15.0,15.0,0.0,0.0,3,0.0,0.0,False,1,False,False
R1536,R1536,U801,U801,I384,I384,3,3,6.0,LOW,0.0,0.0,25.0,0.0,0.0,2,15.0,0.0,False,1,False,False
R1537,R1537,U926,U926,I329,I329,4,4,2.25,LOW,0.0,0.0,15.0,0.0,0.0,2,0.0,0.0,False,0,False,False
R1538,R1538,U648,U648,I171,I171,3,3,2.25,LOW,0.0,0.0,15.0,0.0,0.0,3,0.0,0.0,False,0,False,False
R1539,R1539,U776,U776,I80,I80,2,2,6.0,LOW,0.0,0.0,25.0,0.0,0.0,3,15.0,0.0,False,1,False,False
R1540,R1540,U701,U701,I224,I224,4,4,2.25,LOW,0.0,0.0,15.0,0.0,0.0,2,0.0,0.0,False,0,False,False
R1541,R1541,U831,U831,I47,I47,3,3,6.0,LOW,0.0,0.0,25.0,0.0,0.0,3,15.0,0.0,False,1,False,False
R1542,R1542,U46,U46,I13,I13,2,2,2.25,LOW,0.0,0.0,15.0,0.0,0.0,3,0.0,0.0,False,0,False,False
R1543,R1543,U331,U331,I1,I1,2,2,8.25,LOW,0.0,15.0,25.0,0.0,0.0,2,15.0,0.0,False,1,False,False
R1544,R1544,U820,U820,I171,I171,3,3,2.25,LOW,0.0,0.0,15.0,0.0,0.0,3,0.0,0.0,False,0,False,False
R1545,R1545,U746,U746,I369,I369,2,2,2.25,LOW,0.0,0.0,15.0,0.0,0.0,3,0.0,0.0,False,0,False,False
R1546,R1546,U798,U798,I147,I147,3,3,6.0,LOW,0.0,0.0,25.0,0.0,0.0,4,15.0,0.0,False,1,False,False
R1547,R1547,U408,U408,I246,I246,2,2,6.0,LOW,0.0,0.0,25.0,0.0,0.0,2,15.0,0.0,False,1,False,False
R1548,R1548,U546,U546,I466,I466,5,5,4.75,LOW,20.0,10.0,15.0,0.0,0.0,2,0.0,0.0,False,1,False,False
R1549,R1549,U586,U586,I0,I0,3,3,0.0,LOW,0.0,0.0,0.0,0.0,0.0,2,0.0,0.0,False,0,False,False
R1550,R1550,U773,U773,I123,I123,2,2,2.25,LOW,0.0,0.0,15.0,0.0,0.0,4,0.0,0.0,False,0,False,False
R1551,R1551,U258,U258,I473,I473,3,3,0.0,LOW,0.0,0.0,0.0,0.0,0.0,1,0.0,0.0,False,0,False,False
R1552,R1552,U387,U387,I374,I374,1,1,5.5,LOW,20.0,15.0,15.0,0.0,0.0,3,0.0,0.0,False,1,False,False
R1553,R1553,U703,U703,I246,I246,3,3,6.0,LOW,0.0,0.0,25.0,0.0,0.0,4,15.0,0.0,False,1,False,False
R1554,R1554,U849,U849,I101,I101,2,2,15.5,LOW,0.0,0.0,25.0,20.0,30.0,5,15.0,0.0,False,1,False,False
R1555,R1555,U95,U95,I58,I58,3,3,6.0,LOW,0.0,0.0,25.0,0.0,0.0,2,15.0,0.0,False,1,False,False
R1556,R1556,U800,U800,I301,I301,4,4,2.25,LOW,0.0,0.0,15.0,0.0,0.0,2,0.0,0.0,False,0,False,False
R1557,R1557,U529,U529,I238,I238,5,5,9.25,LOW,20.0,10.0,25.0,0.0,0.0,3,15.0,5.0,False,2,False,False
R1558,R1558,U218,U218,I32,I32,2,2,6.0,LOW,0.0,0.0,25.0,0.0,0.0,2,15.0,0.0,False,1,False,False
R1559,R1559,U8,U8,I148,I148,1,1,3.25,LOW,20.0,0.0,15.0,0.0,0.0,3,0.0,0.0,False,1,False,False
R1560,R1560,U329,U329,I146,I146,2,2,6.0,LOW,0.0,0.0,25.0,0.0,0.0,2,15.0,0.0,False,1,False,False
R1561,R1561,U507,U507,I333,I333,4,4,4.5,LOW,0.0,15.0,15.0,0.0,0.0,2,0.0,0.0,False,0,False,False
R1562,R1562,U97,U97,I263,I263,2,2,4.5,LOW,0.0,15.0,15.0,0.0,0.0,2,0.0,0.0,False,0,False,False
R1563,R1563,U715,U715,I270,I270,3,3,6.0,LOW,0.0,0.0,25.0,0.0,0.0,4,15.0,0.0,False,1,False,False
R1564,R1564,U52,U52,I30,I30,1,1,3.25,LOW,20.0,0.0,15.0,0.0,0.0,2,0.0,0.0,False,1,False,False
R1565,R1565,U713,U713,I274,I274,4,4,2.25,LOW,0.0,0.0,15.0,0.0,0.0,2,0.0,0.0,False,0,False,False
R1566,R1566,U87,U87,I159,I159,2,2,6.0,LOW,0.0,0.0,25.0,0.0,0.0,4,15.0,0.0,False,1,False,False
R1567,R1567,U86,U86,I166,I166,1,1,4.75,LOW,20.0,10.0,15.0,0.0,0.0,3,0.0,0.0,False,1,False,False
R1568,R1568,U256,U256,I117,I117,4,4,2.25,LOW,0.0,0.0,15.0,0.0,0.0,3,0.0,0.0,False,0,False,False
R1569,R1569,U547,U547,I211,I211,2,2,11.75,LOW,0.0,0.0,15.0,20.0,30.0,6,0.0,0.0,False,0,False,False
R1570,R1570,U106,U106,I483,I483,1,1,10.0,LOW,20.0,15.0,25.0,0.0,0.0,3,15.0,5.0,False,2,False,False
R1571,R1571,U817,U817,I280,I280,1,1,3.25,LOW,20.0,0.0,15.0,0.0,0.0,2,0.0,0.0,False,1,False,False
R1572,R1572,U467,U467,I49,I49,1,1,9.25,LOW,20.0,10.0,25.0,0.0,0.0,3,15.0,5.0,False,2,False,False
R1573,R1573,U687,U687,I207,I207,5,5,10.0,LOW,20.0,15.0,25.0,0.0,0.0,4,15.0,5.0,False,2,False,False
R1574,R1574,U433,U433,I154,I154,2,2,2.25,LOW,0.0,0.0,15.0,0.0,0.0,3,0.0,0.0,False,0,False,False
R1575,R1575,U779,U779,I232,I232,1,1,3.25,LOW,20.0,0.0,15.0,0.0,0.0,2,0.0,0.0,False,1,False,False
R1576,R1576,U657,U657,I280,I280,1,1,3.25,LOW,20.0,0.0,15.0,0.0,0.0,2,0.0,0.0,False,1,False,False
R1577,R1577,U884,U884,I219,I219,5,5,5.5,LOW,20.0,15.0,15.0,0.0,0.0,3,0.0,0.0,False,1,False,False
R1578,R1578,U202,U202,I125,I125,1,1,3.25,LOW,20.0,0.0,15.0,0.0,0.0,4,0.0,0.0,False,1,False,False
R1579,R1579,U964,U964,I134,I134,2,2,2.25,LOW,0.0,0.0,15.0,0.0,0.0,2,0.0,0.0,False,0,False,False
R1580,R1580,U760,U760,I100,I100,1,1,17.25,LOW,20.0,0.0,25.0,20.0,30.0,5,15.0,5.0,False,2,False,False
R1581,R1581,U34,U34,I27,I27,2,2,2.25,LOW,0.0,0.0,15.0,0.0,0.0,3,0.0,0.0,False,0,False,False
R1582,R1582,U55,U55,I94,I94,5,5,3.25,LOW,20.0,0.0,15.0,0.0,0.0,3,0.0,0.0,False,1,False,False
R1583,R1583,U895,U895,I171,I171,3,3,2.25,LOW,0.0,0.0,15.0,0.0,0.0,3,0.0,0.0,False,0,False,False
R1584,R1584,U19,U19,I345,I345,3,3,6.0,LOW,0.0,0.0,25.0,0.0,0.0,4,15.0,0.0,False,1,False,False
R1585,R1585,U172,U172,I147,I147,1,1,7.75,LOW,20.0,0.0,25.0,0.0,0.0,4,15.0,5.0,False,2,False,False
R1586,R1586,U296,U296,I403,I403,2,2,15.5,LOW,0.0,0.0,25.0,20.0,30.0,5,15.0,0.0,False,1,False,False
R1587,R1587,U413,U413,I209,I209,4,4,2.25,LOW,0.0,0.0,15.0,0.0,0.0,4,0.0,0.0,False,0,False,False
R1588,R1588,U105,U105,I161,I161,1,1,3.25,LOW,20.0,0.0,15.0,0.0,0.0,3,0.0,0.0,False,1,False,False
R1589,R1589,U327,U327,I378,I378,5,5,18.0,LOW,20.0,0.0,30.0,20.0,30.0,5,15.0,5.0,False,2,False,False
R1590,R1590,U145,U145,I9,I9,1,1,3.25,LOW,20.0,0.0,15.0,0.0,0.0,1,0.0,0.0,False,1,False,False
R1591,R1591,U434,U434,I457,I457,2,2,0.0,LOW,0.0,0.0,0.0,0.0,0.0,1,0.0,0.0,False,0,False,False
R1592,R1592,U869,U869,I378,I378,5,5,28.5,LOW,20.0,25.0,30.0,20.0,30.0,5,25.0,40.0,False,4,False,False
R1593,R1593,U131,U131,I69,I69,2,2,2.25,LOW,0.0,0.0,15.0,0.0,0.0,2,0.0,0.0,False,0,False,False
R1594,R1594,U38,U38,I16,I16,3,3,15.5,LOW,0.0,0.0,25.0,20.0,30.0,5,15.0,0.0,False,1,False,False
R1595,R1595,U889,U889,I300,I300,2,2,6.0,LOW,0.0,0.0,25.0,0.0,0.0,3,15.0,0.0,False,1,False,False
R1596,R1596,U680,U680,I90,I90,1,1,9.25,LOW,20.0,10.0,25.0,0.0,0.0,4,15.0,5.0,False,2,False,False
R1597,R1597,U386,U386,I71,I71,1,1,12.75,LOW,20.0,0.0,15.0,20.0,30.0,6,0.0,0.0,False,1,False,False
R1598,R1598,U983,U983,I339,I339,5,5,3.25,LOW,20.0,0.0,15.0,0.0,0.0,3,0.0,0.0,False,1,False,False
R1599,R1599,U47,U47,I435,I435,1,1,3.25,LOW,20.0,0.0,15.0,0.0,0.0,1,0.0,0.0,False,1,False,False
R1600,R1600,U776,U776,I106,I106,3,3,6.0,LOW,0.0,0.0,25.0,0.0,0.0,2,15.0,0.0,False,1,False,False
R1601,R1601,U314,U314,I107,I107,2,2,8.25,LOW,0.0,15.0,25.0,0.0,0.0,3,15.0,0.0,False,1,False,False
R1602,R1602,U103,U103,I98,I98,2,2,2.25,LOW,0.0,0.0,15.0,0.0,0.0,2,0.0,0.0,False,0,False,False
R1603,R1603,U178,U178,I186,I186,2,2,2.25,LOW,0.0,0.0,15.0,0.0,0.0,2,0.0,0.0,False,0,False,False
R1604,R1604,U387,U387,I489,I489,1,1,5.5,LOW,20.0,15.0,15.0,0.0,0.0,1,0.0,0.0,False,1,False,False
R1605,R1605,U162,U162,I124,I124,5,5,9.25,LOW,20.0,25.0,15.0,0.0,0.0,1,10.0,5.0,False,2,False,False
R1606,R1606,U343,U343,I426,I426,4,4,0.0,LOW,0.0,0.0,0.0,0.0,0.0,1,0.0,0.0,False,0,False,False
R1607,R1607,U290,U290,I170,I170,2,2,2.25,LOW,0.0,0.0,15.0,0.0,0.0,4,0.0,0.0,False,0,False,False
R1608,R1608,U311,U311,I95,I95,5,5,7.75,LOW,20.0,0.0,25.0,0.0,0.0,3,15.0,5.0,False,2,False,False
R1609,R1609,U305,U305,I395,I395,3,3,2.25,LOW,0.0,0.0,15.0,0.0,0.0,2,0.0,0.0,False,0,False,False
R1610,R1610,U453,U453,I219,I219,1,1,3.25,LOW,20.0,0.0,15.0,0.0,0.0,2,0.0,0.0,False,1,False,False
R1611,R1611,U270,U270,I298,I298,5,5,7.75,LOW,20.0,0.0,25.0,0.0,0.0,4,15.0,5.0,False,2,False,False
R1612,R1612,U439,U439,I98,I98,3,3,2.25,LOW,0.0,0.0,15.0,0.0,0.0,3,0.0,0.0,False,0,False,False
R1613,R1613,U763,U763,I27,I27,5,5,3.25,LOW,20.0,0.0,15.0,0.0,0.0,1,0.0,0.0,False,1,False,False
R1614,R1614,U253,U253,I223,I223,4,4,7.5,LOW,0.0,10.0,25.0,0.0,0.0,3,15.0,0.0,False,1,False,False
R1615,R1615,U686,U686,I242,I242,2,2,0.0,LOW,0.0,0.0,0.0,0.0,0.0,1,0.0,0.0,False,0,False,False
R1616,R1616,U677,U677,I293,I293,5,5,7.75,LOW,20.0,0.0,25.0,0.0,0.0,3,15.0,5.0,False,2,False,False
R1617,R1617,U640,U640,I184,I184,2,2,0.0,LOW,0.0,0.0,0.0,0.0,0.0,2,0.0,0.0,False,0,False,False
R1618,R1618,U483,U483,I425,I425,2,2,6.0,LOW,0.0,0.0,25.0,0.0,0.0,1,15.0,0.0,False,1,False,False
R1619,R1619,U414,U414,I427,I427,1,1,19.5,LOW,20.0,15.0,25.0,20.0,30.0,6,15.0,5.0,False,2,False,False
R1620,R1620,U704,U704,I90,I90,4,4,6.0,LOW,0.0,0.0,25.0,0.0,0.0,4,15.0,0.0,False,1,False,False
R1621,R1621,U379,U379,I416,I416,3,3,0.0,LOW,0.0,0.0,0.0,0.0,0.0,2,0.0,0.0,False,0,False,False
R1622,R1622,U867,U867,I33,I33,3,3,2.25,LOW,0.0,0.0,15.0,0.0,0.0,2,0.0,0.0,False,0,False,False
R1623,R1623,U782,U782,I459,I459,4,4,3.75,LOW,0.0,10.0,15.0,0.0,0.0,2,0.0,0.0,False,0,False,False
R1624,R1624,U378,U378,I403,I403,2,2,15.5,LOW,0.0,0.0,25.0,20.0,30.0,5,15.0,0.0,False,1,False,False
R1625,R1625,U523,U523,I31,I31,5,5,7.75,LOW,20.0,0.0,25.0,0.0,0.0,3,15.0,5.0,False,2,False,False
R1626,R1626,U426,U426,I153,I153,1,1,38.0,MEDIUM,20.0,0.0,40.0,20.0,45.0,7,40.0,25.0,False,4,True,False
R1627,R1627,U484,U484,I400,I400,3,3,6.0,LOW,0.0,0.0,25.0,0.0,0.0,2,15.0,0.0,False,1,False,False
R1628,R1628,U255,U255,I207,I207,5,5,9.25,LOW,20.0,10.0,25.0,0.0,0.0,4,15.0,5.0,False,2,False,False
R1629,R1629,U379,U379,I81,I81,3,3,6.0,LOW,0.0,0.0,25.0,0.0,0.0,2,15.0,0.0,False,1,False,False
R1630,R1630,U796,U796,I485,I485,3,3,0.0,LOW,0.0,0.0,0.0,0.0,0.0,1,0.0,0.0,False,0,False,False
R1631,R1631,U444,U444,I368,I368,3,3,7.5,LOW,0.0,10.0,25.0,0.0,0.0,3,15.0,0.0,False,1,False,False
R1632,R1632,U238,U238,I173,I173,2,2,2.25,LOW,0.0,0.0,15.0,0.0,0.0,2,0.0,0.0,False,0,False,False
R1633,R1633,U594,U594,I357,I357,4,4,6.0,LOW,0.0,0.0,25.0,0.0,0.0,4,15.0,0.0,False,1,False,False
R1634,R1634,U780,U780,I324,I324,5,5,3.25,LOW,20.0,0.0,15.0,0.0,0.0,3,0.0,0.0,False,1,False,False
R1635,R1635,U909,U909,I173,I173,2,2,2.25,LOW,0.0,0.0,15.0,0.0,0.0,2,0.0,0.0,False,0,False,False
R1636,R1636,U296,U296,I103,I103,4,4,2.25,LOW,0.0,0.0,15.0,0.0,0.0,3,0.0,0.0,False,0,False,False
R1637,R1637,U945,U945,I303,I303,2,2,2.25,LOW,0.0,0.0,15.0,0.0,0.0,2,0.0,0.0,False,0,False,False
R1638,R1638,U105,U105,I173,I173,4,4,2.25,LOW,0.0,0.0,15.0,0.0,0.0,1,0.0,0.0,False,0,False,False
R1639,R1639,U160,U160,I328,I328,4,4,0.0,LOW,0.0,0.0,0.0,0.0,0.0,2,0.0,0.0,False,0,False,False
R1640,R1640,U714,U714,I478,I478,4,4,0.0,LOW,0.0,0.0,0.0,0.0,0.0,1,0.0,0.0,False,0,False,False
R1641,R1641,U762,U762,I320,I320,5,5,18.0,LOW,20.0,0.0,30.0,20.0,30.0,6,15.0,5.0,False,2,False,False
R1642,R1642,U331,U331,I138,I138,2,2,2.25,LOW,0.0,15.0,0.0,0.0,0.0,1,0.0,0.0,False,0,False,False
R1643,R1643,U293,U293,I210,I210,5,5,5.5,LOW,20.0,15.0,15.0,0.0,0.0,3,0.0,0.0,False,1,False,False
R1644,R1644,U512,U512,I383,I383,4,4,15.5,LOW,0.0,0.0,25.0,20.0,30.0,6,15.0,0.0,False,1,False,False
R1645,R1645,U684,U684,I295,I295,1,1,3.25,LOW,20.0,0.0,15.0,0.0,0.0,4,0.0,0.0,False,1,False,False
R1646,R1646,U803,U803,I51,I51,4,4,2.25,LOW,0.0,0.0,15.0,0.0,0.0,2,0.0,0.0,False,0,False,False
R1647,R1647,U551,U551,I75,I75,3,3,6.0,LOW,0.0,0.0,25.0,0.0,0.0,2,15.0,0.0,False,1,False,False
R1648,R1648,U481,U481,I302,I302,2,2,0.0,LOW,0.0,0.0,0.0,0.0,0.0,2,0.0,0.0,False,0,False,False
R1649,R1649,U623,U623,I385,I385,5,5,7.75,LOW,20.0,0.0,25.0,0.0,0.0,4,15.0,5.0,False,2,False,False
R1650,R1650,U79,U79,I212,I212,1,1,1.0,LOW,20.0,0.0,0.0,0.0,0.0,4,0.0,0.0,False,1,False,False
R1651,R1651,U881,U881,I114,I114,5,5,9.25,LOW,20.0,10.0,25.0,0.0,0.0,4,15.0,5.0,False,2,False,False
R1652,R1652,U103,U103,I201,I201,5,5,3.25,LOW,20.0,0.0,15.0,0.0,0.0,3,0.0,0.0,False,1,False,False
R1653,R1653,U201,U201,I355,I355,4,4,6.0,LOW,0.0,0.0,25.0,0.0,0.0,2,15.0,0.0,False,1,False,False
R1654,R1654,U29,U29,I125,I125,1,1,3.25,LOW,20.0,0.0,15.0,0.0,0.0,4,0.0,0.0,False,1,False,False
R1655,R1655,U825,U825,I106,I106,4,4,6.0,LOW,0.0,0.0,25.0,0.0,0.0,3,15.0,0.0,False,1,False,False
R1656,R1656,U388,U388,I30,I30,4,4,2.25,LOW,0.0,0.0,15.0,0.0,0.0,2,0.0,0.0,False,0,False,False
R1657,R1657,U170,U170,I396,I396,1,1,5.5,LOW,20.0,15.0,15.0,0.0,0.0,4,0.0,0.0,False,1,False,False
R1658,R1658,U280,U280,I274,I274,5,5,5.5,LOW,20.0,15.0,15.0,0.0,0.0,2,0.0,0.0,False,1,False,False
R1659,R1659,U834,U834,I246,I246,5,5,7.75,LOW,20.0,0.0,25.0,0.0,0.0,4,15.0,5.0,False,2,False,False
R1660,R1660,U19,U19,I284,I284,2,2,6.0,LOW,0.0,0.0,25.0,0.0,0.0,2,15.0,0.0,False,1,False,False
R1661,R1661,U749,U749,I140,I140,5,5,1.0,LOW,20.0,0.0,0.0,0.0,0.0,1,0.0,0.0,False,1,False,False
R1662,R1662,U120,U120,I67,I67,1,1,35.75,MEDIUM,20.0,0.0,25.0,20.0,45.0,7,40.0,25.0,False,4,True,False
R1663,R1663,U407,U407,I401,I401,2,2,0.0,LOW,0.0,0.0,0.0,0.0,0.0,2,0.0,0.0,False,0,False,False
R1664,R1664,U786,U786,I152,I152,4,4,15.5,LOW,0.0,0.0,25.0,20.0,30.0,5,15.0,0.0,False,1,False,False
R1665,R1665,U188,U188,I165,I165,3,3,2.25,LOW,0.0,0.0,15.0,0.0,0.0,2,0.0,0.0,False,0,False,False
R1666,R1666,U766,U766,I296,I296,2,2,6.0,LOW,0.0,0.0,25.0,0.0,0.0,2,15.0,0.0,False,1,False,False
R1667,R1667,U862,U862,I359,I359,3,3,15.5,LOW,0.0,0.0,25.0,20.0,30.0,5,15.0,0.0,False,1,False,False
R1668,R1668,U768,U768,I207,I207,2,2,6.0,LOW,0.0,0.0,25.0,0.0,0.0,2,15.0,0.0,False,1,False,False
R1669,R1669,U612,U612,I55,I55,4,4,2.25,LOW,0.0,0.0,15.0,0.0,0.0,2,0.0,0.0,False,0,False,False
R1670,R1670,U766,U766,I476,I476,5,5,3.25,LOW,20.0,0.0,15.0,0.0,0.0,4,0.0,0.0,False,1,False,False
R1671,R1671,U645,U645,I460,I460,3,3,6.0,LOW,0.0,0.0,25.0,0.0,0.0,4,15.0,0.0,False,1,False,False
R1672,R1672,U220,U220,I202,I202,5,5,7.75,LOW,20.0,0.0,25.0,0.0,0.0,3,15.0,5.0,False,2,False,False
R1673,R1673,U517,U517,I433,I433,1,1,3.25,LOW,20.0,0.0,15.0,0.0,0.0,3,0.0,0.0,False,1,False,False
R1674,R1674,U112,U112,I92,I92,4,4,7.5,LOW,0.0,10.0,25.0,0.0,0.0,2,15.0,0.0,False,1,False,False
R1675,R1675,U932,U932,I196,I196,3,3,2.25,LOW,0.0,0.0,15.0,0.0,0.0,2,0.0,0.0,False,0,False,False
R1676,R1676,U471,U471,I45,I45,5,5,7.75,LOW,20.0,0.0,25.0,0.0,0.0,2,15.0,5.0,False,2,False,False
R1677,R1677,U462,U462,I344,I344,1,1,3.25,LOW,20.0,0.0,15.0,0.0,0.0,1,0.0,0.0,False,1,False,False
R1678,R1678,U698,U698,I455,I455,5,5,3.25,LOW,20.0,0.0,15.0,0.0,0.0,3,0.0,0.0,False,1,False,False
R1679,R1679,U223,U223,I168,I168,2,2,4.5,LOW,0.0,15.0,15.0,0.0,0.0,2,0.0,0.0,False,0,False,False
R1680,R1680,U113,U113,I16,I16,1,1,7.75,LOW,20.0,0.0,25.0,0.0,0.0,3,15.0,5.0,False,2,False,False
R1681,R1681,U110,U110,I86,I86,3,3,0.0,LOW,0.0,0.0,0.0,0.0,0.0,2,0.0,0.0,False,0,False,False
R1682,R1682,U28,U28,I58,I58,4,4,15.5,LOW,0.0,0.0,25.0,20.0,30.0,6,15.0,0.0,False,1,False,False
R1683,R1683,U252,U252,I290,I290,5,5,3.25,LOW,20.0,0.0,15.0,0.0,0.0,3,0.0,0.0,False,1,False,False
R1684,R1684,U748,U748,I299,I299,1,1,7.75,LOW,20.0,0.0,25.0,0.0,0.0,2,15.0,5.0,False,2,False,False
R1685,R1685,U772,U772,I41,I41,2,2,2.25,LOW,0.0,0.0,15.0,0.0,0.0,2,0.0,0.0,False,0,False,False
R1686,R1686,U237,U237,I139,I139,3,3,2.25,LOW,0.0,0.0,15.0,0.0,0.0,1,0.0,0.0,False,0,False,False
R1687,R1687,U487,U487,I469,I469,4,4,15.5,LOW,0.0,0.0,25.0,20.0,30.0,5,15.0,0.0,False,1,False,False
R1688,R1688,U672,U672,I409,I409,2,2,6.0,LOW,0.0,0.0,25.0,0.0,0.0,2,15.0,0.0,False,1,False,False
R1689,R1689,U280,U280,I273,I273,1,1,10.0,LOW,20.0,15.0,25.0,0.0,0.0,4,15.0,5.0,False,2,False,False
R1690,R1690,U46,U46,I422,I422,5,5,3.25,LOW,20.0,0.0,15.0,0.0,0.0,2,0.0,0.0,False,1,False,False
R1691,R1691,U816,U816,I353,I353,3,3,2.25,LOW,0.0,0.0,15.0,0.0,0.0,1,0.0,0.0,False,0,False,False
R1692,R1692,U745,U745,I31,I31,1,1,7.75,LOW,20.0,0.0,25.0,0.0,0.0,3,15.0,5.0,False,2,False,False
R1693,R1693,U505,U505,I307,I307,2,2,6.0,LOW,0.0,0.0,25.0,0.0,0.0,3,15.0,0.0,False,1,False,False
R1694,R1694,U75,U75,I128,I128,5,5,2.5,LOW,20.0,10.0,0.0,0.0,0.0,1,0.0,0.0,False,1,False,False
R1695,R1695,U106,U106,I205,I205,1,1,10.0,LOW,20.0,15.0,25.0,0.0,0.0,2,15.0,5.0,False,2,False,False
R1696,R1696,U592,U592,I335,I335,5,5,23.75,LOW,20.0,25.0,25.0,40.0,0.0,1,45.0,30.0,False,5,False,False
R1697,R1697,U673,U673,I42,I42,1,1,10.0,LOW,20.0,15.0,25.0,0.0,0.0,2,15.0,5.0,False,2,False,False
R1698,R1698,U868,U868,I159,I159,2,2,7.5,LOW,0.0,10.0,25.0,0.0,0.0,4,15.0,0.0,False,1,False,False
R1699,R1699,U154,U154,I271,I271,5,5,17.25,LOW,20.0,0.0,25.0,20.0,30.0,5,15.0,5.0,False,2,False,False
R1700,R1700,U873,U873,I213,I213,1,1,1.0,LOW,20.0,0.0,0.0,0.0,0.0,2,0.0,0.0,False,1,False,False
R1701,R1701,U937,U937,I278,I278,1,1,3.25,LOW,20.0,0.0,15.0,0.0,0.0,3,0.0,0.0,False,1,False,False
R1702,R1702,U987,U987,I37,I37,5,5,7.75,LOW,20.0,0.0,25.0,0.0,0.0,4,15.0,5.0,False,2,False,False
R1703,R1703,U40,U40,I126,I126,3,3,3.75,LOW,0.0,10.0,15.0,0.0,0.0,2,0.0,0.0,False,0,False,False
R1704,R1704,U124,U124,I488,I488,2,2,11.75,LOW,0.0,0.0,15.0,20.0,30.0,5,0.0,0.0,False,0,False,False
R1705,R1705,U513,U513,I458,I458,3,3,2.25,LOW,0.0,0.0,15.0,0.0,0.0,2,0.0,0.0,False,0,False,False
R1706,R1706,U566,U566,I133,I133,2,2,1.5,LOW,0.0,10.0,0.0,0.0,0.0,1,0.0,0.0,False,0,False,False
R1707,R1707,U214,U214,I163,I163,2,2,6.0,LOW,0.0,0.0,25.0,0.0,0.0,3,15.0,0.0,False,1,False,False
R1708,R1708,U435,U435,I31,I31,4,4,6.0,LOW,0.0,0.0,25.0,0.0,0.0,1,15.0,0.0,False,1,False,False
R1709,R1709,U687,U687,I49,I49,4,4,17.75,LOW,0.0,15.0,25.0,20.0,30.0,6,15.0,0.0,False,1,False,False
R1710,R1710,U102,U102,I105,I105,5,5,3.25,LOW,20.0,0.0,15.0,0.0,0.0,2,0.0,0.0,False,1,False,False
R1711,R1711,U60,U60,I40,I40,3,3,17.0,LOW,0.0,10.0,25.0,20.0,30.0,6,15.0,0.0,False,1,False,False
R1712,R1712,U101,U101,I437,I437,1,1,1.0,LOW,20.0,0.0,0.0,0.0,0.0,2,0.0,0.0,False,1,False,False
R1713,R1713,U118,U118,I104,I104,2,2,6.0,LOW,0.0,0.0,25.0,0.0,0.0,3,15.0,0.0,False,1,False,False
R1714,R1714,U100,U100,I298,I298,3,3,6.0,LOW,0.0,0.0,25.0,0.0,0.0,2,15.0,0.0,False,1,False,False
R1715,R1715,U138,U138,I155,I155,4,4,2.25,LOW,0.0,0.0,15.0,0.0,0.0,4,0.0,0.0,False,0,False,False
R1716,R1716,U888,U888,I2,I2,2,2,6.0,LOW,0.0,0.0,25.0,0.0,0.0,2,15.0,0.0,False,1,False,False
R1717,R1717,U568,U568,I411,I411,1,1,1.0,LOW,20.0,0.0,0.0,0.0,0.0,1,0.0,0.0,False,1,False,False
R1718,R1718,U94,U94,I61,I61,2,2,2.25,LOW,0.0,0.0,15.0,0.0,0.0,4,0.0,0.0,False,0,False,False
R1719,R1719,U470,U470,I435,I435,3,3,11.75,LOW,0.0,0.0,15.0,20.0,30.0,6,0.0,0.0,False,0,False,False
R1720,R1720,U139,U139,I465,I465,4,4,0.0,LOW,0.0,0.0,0.0,0.0,0.0,1,0.0,0.0,False,0,False,False
R1721,R1721,U76,U76,I395,I395,5,5,3.25,LOW,20.0,0.0,15.0,0.0,0.0,4,0.0,0.0,False,1,False,False
R1722,R1722,U993,U993,I223,I223,4,4,6.0,LOW,0.0,0.0,25.0,0.0,0.0,3,15.0,0.0,False,1,False,False
R1723,R1723,U377,U377,I251,I251,4,4,7.5,LOW,0.0,10.0,25.0,0.0,0.0,3,15.0,0.0,False,1,False,False
R1724,R1724,U880,U880,I219,I219,2,2,2.25,LOW,0.0,0.0,15.0,0.0,0.0,1,0.0,0.0,False,0,False,False
R1725,R1725,U73,U73,I122,I122,5,5,3.25,LOW,20.0,0.0,15.0,0.0,0.0,2,0.0,0.0,False,1,False,False
R1726,R1726,U38,U38,I470,I470,4,4,6.0,LOW,0.0,0.0,25.0,0.0,0.0,3,15.0,0.0,False,1,False,False
R1727,R1727,U629,U629,I496,I496,1,1,17.25,LOW,20.0,0.0,25.0,20.0,30.0,6,15.0,5.0,False,2,False,False
R1728,R1728,U388,U388,I62,I62,5,5,3.25,LOW,20.0,0.0,15.0,0.0,0.0,2,0.0,0.0,False,1,False,False
R1729,R1729,U173,U173,I127,I127,2,2,2.25,LOW,0.0,0.0,15.0,0.0,0.0,3,0.0,0.0,False,0,False,False
R1730,R1730,U356,U356,I145,I145,1,1,7.75,LOW,20.0,0.0,25.0,0.0,0.0,3,15.0,5.0,False,2,False,False
R1731,R1731,U727,U727,I121,I121,1,1,3.25,LOW,20.0,0.0,15.0,0.0,0.0,3,0.0,0.0,False,1,False,False
R1732,R1732,U223,U223,I169,I169,1,1,3.25,LOW,20.0,15.0,0.0,0.0,0.0,3,0.0,0.0,False,1,False,False
R1733,R1733,U611,U611,I339,I339,4,4,2.25,LOW,0.0,0.0,15.0,0.0,0.0,2,0.0,0.0,False,0,False,False
R1734,R1734,U189,U189,I198,I198,1,1,7.75,LOW,20.0,0.0,25.0,0.0,0.0,4,15.0,5.0,False,2,False,False
R1735,R1735,U561,U561,I129,I129,3,3,0.0,LOW,0.0,0.0,0.0,0.0,0.0,1,0.0,0.0,False,0,False,False
R1736,R1736,U171,U171,I165,I165,2,2,2.25,LOW,0.0,0.0,15.0,0.0,0.0,1,0.0,0.0,False,0,False,False
R1737,R1737,U671,U671,I254,I254,3,3,3.75,LOW,0.0,10.0,15.0,0.0,0.0,2,0.0,0.0,False,0,False,False
R1738,R1738,U2,U2,I71,I71,3,3,2.25,LOW,0.0,0.0,15.0,0.0,0.0,1,0.0,0.0,False,0,False,False
R1739,R1739,U498,U498,I368,I368,1,1,17.25,LOW,20.0,0.0,25.0,20.0,30.0,5,15.0,5.0,False,2,False,False
R1740,R1740,U477,U477,I298,I298,5,5,7.75,LOW,20.0,0.0,25.0,0.0,0.0,4,15.0,5.0,False,2,False,False
R1741,R1741,U721,U721,I314,I314,3,3,6.0,LOW,0.0,0.0,25.0,0.0,0.0,1,15.0,0.0,False,1,False,False
R1742,R1742,U538,U538,I468,I468,3,3,6.0,LOW,0.0,0.0,25.0,0.0,0.0,4,15.0,0.0,False,1,False,False
R1743,R1743,U399,U399,I309,I309,3,3,6.0,LOW,0.0,0.0,25.0,0.0,0.0,4,15.0,0.0,False,1,False,False
R1744,R1744,U583,U583,I486,I486,5,5,17.25,LOW,20.0,0.0,25.0,20.0,30.0,5,15.0,5.0,False,2,False,False
R1745,R1745,U59,U59,I15,I15,3,3,15.5,LOW,0.0,0.0,25.0,20.0,30.0,5,15.0,0.0,False,1,False,False
R1746,R1746,U605,U605,I321,I321,3,3,2.25,LOW,0.0,0.0,15.0,0.0,0.0,1,0.0,0.0,False,0,False,False
R1747,R1747,U462,U462,I178,I178,4,4,2.25,LOW,0.0,0.0,15.0,0.0,0.0,3,0.0,0.0,False,0,False,False
R1748,R1748,U374,U374,I186,I186,5,5,13.25,LOW,20.0,15.0,15.0,40.0,0.0,2,20.0,5.0,False,2,False,False
R1749,R1749,U907,U907,I74,I74,2,2,2.25,LOW,0.0,0.0,15.0,0.0,0.0,2,0.0,0.0,False,0,False,False
R1750,R1750,U653,U653,I370,I370,1,1,10.0,LOW,20.0,15.0,25.0,0.0,0.0,3,15.0,5.0,False,2,False,False
R1751,R1751,U159,U159,I199,I199,4,4,2.25,LOW,0.0,0.0,15.0,0.0,0.0,2,0.0,0.0,False,0,False,False
R1752,R1752,U778,U778,I334,I334,3,3,11.75,LOW,0.0,0.0,15.0,20.0,30.0,5,0.0,0.0,False,0,False,False
R1753,R1753,U375,U375,I13,I13,3,3,2.25,LOW,0.0,0.0,15.0,0.0,0.0,2,0.0,0.0,False,0,False,False
R1754,R1754,U894,U894,I4,I4,4,4,2.25,LOW,0.0,0.0,15.0,0.0,0.0,2,0.0,0.0,False,0,False,False
R1755,R1755,U679,U679,I21,I21,1,1,1.0,LOW,20.0,0.0,0.0,0.0,0.0,2,0.0,0.0,False,1,False,False
R1756,R1756,U879,U879,I334,I334,3,3,11.75,LOW,0.0,0.0,15.0,20.0,30.0,5,0.0,0.0,False,0,False,False
R1757,R1757,U858,U858,I113,I113,1,1,3.25,LOW,20.0,0.0,15.0,0.0,0.0,2,0.0,0.0,False,1,False,False
R1758,R1758,U521,U521,I331,I331,4,4,11.75,LOW,0.0,0.0,15.0,20.0,30.0,5,0.0,0.0,False,0,False,False
R1759,R1759,U266,U266,I20,I20,5,5,10.0,LOW,20.0,15.0,25.0,0.0,0.0,3,15.0,5.0,False,2,False,False
R1760,R1760,U796,U796,I413,I413,1,1,3.25,LOW,20.0,0.0,15.0,0.0,0.0,2,0.0,0.0,False,1,False,False
R1761,R1761,U3,U3,I495,I495,4,4,2.25,LOW,0.0,0.0,15.0,0.0,0.0,3,0.0,0.0,False,0,False,False
R1762,R1762,U554,U554,I306,I306,1,1,3.25,LOW,20.0,0.0,15.0,0.0,0.0,2,0.0,0.0,False,1,False,False
R1763,R1763,U278,U278,I497,I497,1,1,7.75,LOW,20.0,0.0,25.0,0.0,0.0,3,15.0,5.0,False,2,False,False
R1764,R1764,U138,U138,I274,I274,2,2,2.25,LOW,0.0,0.0,15.0,0.0,0.0,2,0.0,0.0,False,0,False,False
R1765,R1765,U483,U483,I208,I208,2,2,2.25,LOW,0.0,0.0,15.0,0.0,0.0,3,0.0,0.0,False,0,False,False
R1766,R1766,U513,U513,I368,I368,1,1,17.25,LOW,20.0,0.0,25.0,20.0,30.0,5,15.0,5.0,False,2,False,False
R1767,R1767,U359,U359,I445,I445,2,2,0.0,LOW,0.0,0.0,0.0,0.0,0.0,1,0.0,0.0,False,0,False,False
R1768,R1768,U234,U234,I73,I73,5,5,19.5,LOW,20.0,15.0,25.0,20.0,30.0,5,15.0,5.0,False,2,False,False
R1769,R1769,U185,U185,I89,I89,5,5,3.25,LOW,20.0,0.0,15.0,0.0,0.0,1,0.0,0.0,False,1,False,False
R1770,R1770,U290,U290,I6,I6,5,5,7.75,LOW,20.0,0.0,25.0,0.0,0.0,4,15.0,5.0,False,2,False,False
R1771,R1771,U482,U482,I167,I167,2,2,15.5,LOW,0.0,0.0,25.0,20.0,30.0,5,15.0,0.0,False,1,False,False
R1772,R1772,U197,U197,I183,I183,5,5,3.25,LOW,20.0,15.0,0.0,0.0,0.0,2,0.0,0.0,False,1,False,False
R1773,R1773,U609,U609,I152,I152,1,1,7.75,LOW,20.0,0.0,25.0,0.0,0.0,3,15.0,5.0,False,2,False,False
R1774,R1774,U279,U279,I47,I47,1,1,7.75,LOW,20.0,0.0,25.0,0.0,0.0,4,15.0,5.0,False,2,False,False
R1775,R1775,U769,U769,I283,I283,3,3,2.25,LOW,0.0,0.0,15.0,0.0,0.0,4,0.0,0.0,False,0,False,False
R1776,R1776,U619,U619,I410,I410,1,1,7.75,LOW,20.0,0.0,25.0,0.0,0.0,3,15.0,5.0,False,2,False,False
R1777,R1777,U381,U381,I455,I455,1,1,3.25,LOW,20.0,0.0,15.0,0.0,0.0,1,0.0,0.0,False,1,False,False
R1778,R1778,U118,U118,I479,I479,2,2,2.25,LOW,0.0,0.0,15.0,0.0,0.0,2,0.0,0.0,False,0,False,False
R1779,R1779,U683,U683,I15,I15,3,3,15.5,LOW,0.0,0.0,25.0,20.0,30.0,5,15.0,0.0,False,1,False,False
R1780,R1780,U326,U326,I495,I495,4,4,2.25,LOW,0.0,0.0,15.0,0.0,0.0,3,0.0,0.0,False,0,False,False
R1781,R1781,U168,U168,I392,I392,5,5,7.75,LOW,20.0,0.0,25.0,0.0,0.0,4,15.0,5.0,False,2,False,False
R1782,R1782,U134,U134,I472,I472,1,1,17.25,LOW,20.0,0.0,25.0,20.0,30.0,6,15.0,5.0,False,2,False,False
R1783,R1783,U296,U296,I60,I60,3,3,15.5,LOW,0.0,0.0,25.0,20.0,30.0,5,15.0,0.0,False,1,False,False
R1784,R1784,U569,U569,I20,I20,5,5,7.75,LOW,20.0,0.0,25.0,0.0,0.0,3,15.0,5.0,False,2,False,False
R1785,R1785,U475,U475,I268,I268,2,2,2.25,LOW,0.0,0.0,15.0,0.0,0.0,2,0.0,0.0,False,0,False,False
R1786,R1786,U130,U130,I474,I474,5,5,7.75,LOW,20.0,0.0,25.0,0.0,0.0,4,15.0,5.0,False,2,False,False
R1787,R1787,U871,U871,I37,I37,1,1,7.75,LOW,20.0,0.0,25.0,0.0,0.0,4,15.0,5.0,False,2,False,False
R1788,R1788,U104,U104,I318,I318,3,3,0.0,LOW,0.0,0.0,0.0,0.0,0.0,2,0.0,0.0,False,0,False,False
R1789,R1789,U965,U965,I168,I168,2,2,2.25,LOW,0.0,0.0,15.0,0.0,0.0,2,0.0,0.0,False,0,False,False
R1790,R1790,U79,U79,I313,I313,3,3,2.25,LOW,0.0,0.0,15.0,0.0,0.0,3,0.0,0.0,False,0,False,False
R1791,R1791,U129,U129,I402,I402,5,5,1.0,LOW,20.0,0.0,0.0,0.0,0.0,2,0.0,0.0,False,1,False,False
R1792,R1792,U928,U928,I48,I48,3,3,6.0,LOW,0.0,0.0,25.0,0.0,0.0,3,15.0,0.0,False,1,False,False
R1793,R1793,U480,U480,I284,I284,4,4,6.0,LOW,0.0,0.0,25.0,0.0,0.0,4,15.0,0.0,False,1,False,False
R1794,R1794,U294,U294,I375,I375,2,2,0.0,LOW,0.0,0.0,0.0,0.0,0.0,2,0.0,0.0,False,0,False,False
R1795,R1795,U37,U37,I89,I89,1,1,5.5,LOW,20.0,15.0,15.0,0.0,0.0,3,0.0,0.0,False,1,False,False
R1796,R1796,U522,U522,I345,I345,5,5,7.75,LOW,20.0,0.0,25.0,0.0,0.0,4,15.0,5.0,False,2,False,False
R1797,R1797,U228,U228,I11,I11,4,4,1.5,LOW,0.0,10.0,0.0,0.0,0.0,3,0.0,0.0,False,0,False,False
R1798,R1798,U774,U774,I176,I176,4,4,15.5,LOW,0.0,0.0,25.0,20.0,30.0,5,15.0,0.0,False,1,False,False
R1799,R1799,U657,U657,I363,I363,1,1,7.75,LOW,20.0,0.0,25.0,0.0,0.0,4,15.0,5.0,False,2,False,False
R1800,R1800,U232,U232,I237,I237,5,5,7.75,LOW,20.0,0.0,25.0,0.0,0.0,4,15.0,5.0,False,2,False,False
R1801,R1801,U791,U791,I59,I59,2,2,0.0,LOW,0.0,0.0,0.0,0.0,0.0,1,0.0,0.0,False,0,False,False
R1802,R1802,U227,U227,I421,I421,5,5,7.75,LOW,20.0,0.0,25.0,0.0,0.0,3,15.0,5.0,False,2,False,False
R1803,R1803,U926,U926,I367,I367,4,4,6.0,LOW,0.0,0.0,25.0,0.0,0.0,1,15.0,0.0,False,1,False,False
R1804,R1804,U953,U953,I469,I469,2,2,6.0,LOW,0.0,0.0,25.0,0.0,0.0,2,15.0,0.0,False,1,False,False
R1805,R1805,U412,U412,I305,I305,5,5,4.75,LOW,20.0,10.0,15.0,0.0,0.0,1,0.0,0.0,False,1,False,False
R1806,R1806,U326,U326,I416,I416,3,3,0.0,LOW,0.0,0.0,0.0,0.0,0.0,2,0.0,0.0,False,0,False,False
R1807,R1807,U330,U330,I490,I490,3,3,2.25,LOW,0.0,0.0,15.0,0.0,0.0,3,0.0,0.0,False,0,False,False
R1808,R1808,U803,U803,I190,I190,5,5,3.25,LOW,20.0,0.0,15.0,0.0,0.0,3,0.0,0.0,False,1,False,False
R1809,R1809,U313,U313,I357,I357,1,1,17.25,LOW,20.0,0.0,25.0,20.0,30.0,5,15.0,5.0,False,2,False,False
R1810,R1810,U777,U777,I142,I142,2,2,7.5,LOW,0.0,10.0,25.0,0.0,0.0,3,15.0,0.0,False,1,False,False
R1811,R1811,U916,U916,I377,I377,1,1,3.25,LOW,20.0,0.0,15.0,0.0,0.0,4,0.0,0.0,False,1,False,False
R1812,R1812,U617,U617,I493,I493,4,4,3.75,LOW,0.0,10.0,15.0,0.0,0.0,3,0.0,0.0,False,0,False,False
R1813,R1813,U652,U652,I25,I25,3,3,1.5,LOW,0.0,10.0,0.0,0.0,0.0,2,0.0,0.0,False,0,False,False
R1814,R1814,U915,U915,I78,I78,5,5,10.0,LOW,20.0,30.0,15.0,0.0,0.0,3,10.0,5.0,False,2,False,False
R1815,R1815,U820,U820,I278,I278,4,4,2.25,LOW,0.0,0.0,15.0,0.0,0.0,2,0.0,0.0,False,0,False,False
R1816,R1816,U386,U386,I34,I34,1,1,3.25,LOW,20.0,0.0,15.0,0.0,0.0,3,0.0,0.0,False,1,False,False
R1817,R1817,U339,U339,I215,I215,4,4,15.5,LOW,0.0,0.0,25.0,20.0,30.0,6,15.0,0.0,False,1,False,False
R1818,R1818,U239,U239,I231,I231,3,3,6.0,LOW,0.0,0.0,25.0,0.0,0.0,2,15.0,0.0,False,1,False,False
R1819,R1819,U454,U454,I457,I457,1,1,3.25,LOW,20.0,15.0,0.0,0.0,0.0,3,0.0,0.0,False,1,False,False
R1820,R1820,U408,U408,I162,I162,2,2,2.25,LOW,0.0,0.0,15.0,0.0,0.0,3,0.0,0.0,False,0,False,False
R1821,R1821,U424,U424,I47,I47,2,2,6.0,LOW,0.0,0.0,25.0,0.0,0.0,4,15.0,0.0,False,1,False,False
R1822,R1822,U679,U679,I286,I286,1,1,7.75,LOW,20.0,0.0,25.0,0.0,0.0,3,15.0,5.0,False,2,False,False
R1823,R1823,U601,U601,I460,I460,5,5,14.5,LOW,20.0,25.0,25.0,0.0,0.0,2,25.0,15.0,False,3,False,False
R1824,R1824,U143,U143,I183,I183,2,2,0.0,LOW,0.0,0.0,0.0,0.0,0.0,1,0.0,0.0,False,0,False,False
R1825,R1825,U20,U20,I262,I262,3,3,6.0,LOW,0.0,0.0,25.0,0.0,0.0,2,15.0,0.0,False,1,False,False
R1826,R1826,U490,U490,I370,I370,4,4,15.5,LOW,0.0,0.0,25.0,20.0,30.0,6,15.0,0.0,False,1,False,False
R1827,R1827,U628,U628,I82,I82,5,5,5.5,LOW,20.0,15.0,15.0,0.0,0.0,3,0.0,0.0,False,1,False,False
R1828,R1828,U302,U302,I137,I137,3,3,2.25,LOW,0.0,0.0,15.0,0.0,0.0,3,0.0,0.0,False,0,False,False
R1829,R1829,U792,U792,I428,I428,4,4,2.25,LOW,0.0,0.0,15.0,0.0,0.0,3,0.0,0.0,False,0,False,False
R1830,R1830,U330,U330,I410,I410,1,1,7.75,LOW,20.0,0.0,25.0,0.0,0.0,3,15.0,5.0,False,2,False,False
R1831,R1831,U288,U288,I345,I345,2,2,6.0,LOW,0.0,0.0,25.0,0.0,0.0,3,15.0,0.0,False,1,False,False
R1832,R1832,U761,U761,I72,I72,3,3,2.25,LOW,0.0,0.0,15.0,0.0,0.0,2,0.0,0.0,False,0,False,False
R1833,R1833,U217,U217,I154,I154,5,5,3.25,LOW,20.0,0.0,15.0,0.0,0.0,2,0.0,0.0,False,1,False,False
R1834,R1834,U785,U785,I16,I16,3,3,15.5,LOW,0.0,0.0,25.0,20.0,30.0,5,15.0,0.0,False,1,False,False
R1835,R1835,U465,U465,I363,I363,2,2,6.0,LOW,0.0,0.0,25.0,0.0,0.0,4,15.0,0.0,False,1,False,False
R1836,R1836,U113,U113,I368,I368,3,3,6.0,LOW,0.0,0.0,25.0,0.0,0.0,3,15.0,0.0,False,1,False,False
R1837,R1837,U252,U252,I482,I482,4,4,2.25,LOW,0.0,0.0,15.0,0.0,0.0,3,0.0,0.0,False,0,False,False
R1838,R1838,U110,U110,I167,I167,5,5,7.75,LOW,20.0,0.0,25.0,0.0,0.0,4,15.0,5.0,False,2,False,False
R1839,R1839,U322,U322,I234,I234,3,3,15.5,LOW,0.0,0.0,25.0,20.0,30.0,5,15.0,0.0,False,1,False,False
R1840,R1840,U950,U950,I14,I14,4,4,0.0,LOW,0.0,0.0,0.0,0.0,0.0,1,0.0,0.0,False,0,False,False
R1841,R1841,U854,U854,I255,I255,5,5,1.0,LOW,20.0,0.0,0.0,0.0,0.0,1,0.0,0.0,False,1,False,False
R1842,R1842,U15,U15,I83,I83,3,3,17.0,LOW,0.0,10.0,25.0,20.0,30.0,5,15.0,0.0,False,1,False,False
R1843,R1843,U377,U377,I231,I231,1,1,9.25,LOW,20.0,10.0,25.0,0.0,0.0,4,15.0,5.0,False,2,False,False
R1844,R1844,U781,U781,I109,I109,2,2,0.0,LOW,0.0,0.0,0.0,0.0,0.0,2,0.0,0.0,False,0,False,False
R1845,R1845,U147,U147,I317,I317,3,3,0.0,LOW,0.0,0.0,0.0,0.0,0.0,2,0.0,0.0,False,0,False,False
R1846,R1846,U614,U614,I149,I149,3,3,2.25,LOW,0.0,0.0,15.0,0.0,0.0,3,0.0,0.0,False,0,False,False
R1847,R1847,U953,U953,I113,I113,1,1,3.25,LOW,20.0,0.0,15.0,0.0,0.0,2,0.0,0.0,False,1,False,False
R1848,R1848,U655,U655,I275,I275,2,2,7.5,LOW,0.0,10.0,25.0,0.0,0.0,3,15.0,0.0,False,1,False,False
R1849,R1849,U396,U396,I115,I115,1,1,3.25,LOW,20.0,0.0,15.0,0.0,0.0,1,0.0,0.0,False,1,False,False
R1850,R1850,U20,U20,I466,I466,2,2,2.25,LOW,0.0,0.0,15.0,0.0,0.0,4,0.0,0.0,False,0,False,False
R1851,R1851,U445,U445,I200,I200,2,2,7.5,LOW,0.0,10.0,25.0,0.0,0.0,3,15.0,0.0,False,1,False,False
R1852,R1852,U632,U632,I307,I307,1,1,14.5,LOW,20.0,25.0,25.0,0.0,0.0,3,25.0,15.0,False,3,False,False
R1853,R1853,U161,U161,I50,I50,4,4,15.5,LOW,0.0,0.0,25.0,20.0,30.0,6,15.0,0.0,False,1,False,False
R1854,R1854,U974,U974,I80,I80,5,5,17.25,LOW,20.0,0.0,25.0,20.0,30.0,6,15.0,5.0,False,2,False,False
R1855,R1855,U849,U849,I67,I67,1,1,35.75,MEDIUM,20.0,0.0,25.0,20.0,45.0,7,40.0,25.0,False,4,True,False
R1856,R1856,U89,U89,I208,I208,4,4,2.25,LOW,0.0,0.0,15.0,0.0,0.0,3,0.0,0.0,False,0,False,False
R1857,R1857,U949,U949,I393,I393,2,2,3.75,LOW,0.0,10.0,15.0,0.0,0.0,4,0.0,0.0,False,0,False,False
R1858,R1858,U367,U367,I350,I350,2,2,7.5,LOW,0.0,10.0,25.0,0.0,0.0,4,15.0,0.0,False,1,False,False
R1859,R1859,U180,U180,I460,I460,4,4,6.0,LOW,0.0,0.0,25.0,0.0,0.0,3,15.0,0.0,False,1,False,False
R1860,R1860,U618,U618,I107,I107,4,4,6.0,LOW,0.0,0.0,25.0,0.0,0.0,3,15.0,0.0,False,1,False,False
R1861,R1861,U405,U405,I113,I113,2,2,2.25,LOW,0.0,0.0,15.0,0.0,0.0,3,0.0,0.0,False,0,False,False
R1862,R1862,U769,U769,I16,I16,2,2,6.0,LOW,0.0,0.0,25.0,0.0,0.0,3,15.0,0.0,False,1,False,False
R1863,R1863,U859,U859,I118,I118,5,5,3.25,LOW,20.0,0.0,15.0,0.0,0.0,3,0.0,0.0,False,1,False,False
R1864,R1864,U512,U512,I23,I23,3,3,2.25,LOW,0.0,0.0,15.0,0.0,0.0,4,0.0,0.0,False,0,False,False
R1865,R1865,U798,U798,I480,I480,3,3,6.0,LOW,0.0,0.0,25.0,0.0,0.0,3,15.0,0.0,False,1,False,False
R1866,R1866,U189,U189,I77,I77,1,1,3.25,LOW,20.0,0.0,15.0,0.0,0.0,1,0.0,0.0,False,1,False,False
R1867,R1867,U97,U97,I343,I343,5,5,5.5,LOW,20.0,15.0,15.0,0.0,0.0,2,0.0,0.0,False,1,False,False
R1868,R1868,U108,U108,I295,I295,2,2,2.25,LOW,0.0,0.0,15.0,0.0,0.0,2,0.0,0.0,False,0,False,False
R1869,R1869,U249,U249,I108,I108,3,3,2.25,LOW,0.0,0.0,15.0,0.0,0.0,2,0.0,0.0,False,0,False,False
R1870,R1870,U231,U231,I250,I250,5,5,3.25,LOW,20.0,0.0,15.0,0.0,0.0,3,0.0,0.0,False,1,False,False
R1871,R1871,U86,U86,I309,I309,1,1,18.75,LOW,20.0,10.0,25.0,20.0,30.0,5,15.0,5.0,False,2,False,False
R1872,R1872,U59,U59,I330,I330,1,1,7.75,LOW,20.0,0.0,25.0,0.0,0.0,1,15.0,5.0,False,2,False,False
R1873,R1873,U725,U725,I297,I297,3,3,15.5,LOW,0.0,0.0,25.0,20.0,30.0,6,15.0,0.0,False,1,False,False
R1874,R1874,U101,U101,I192,I192,2,2,2.25,LOW,0.0,0.0,15.0,0.0,0.0,3,0.0,0.0,False,0,False,False
R1875,R1875,U861,U861,I174,I174,4,4,2.25,LOW,0.0,0.0,15.0,0.0,0.0,3,0.0,0.0,False,0,False,False
R1876,R1876,U735,U735,I346,I346,3,3,15.5,LOW,0.0,0.0,25.0,20.0,30.0,5,15.0,0.0,False,1,False,False
R1877,R1877,U504,U504,I32,I32,5,5,10.0,LOW,20.0,15.0,25.0,0.0,0.0,3,15.0,5.0,False,2,False,False
R1878,R1878,U377,U377,I181,I181,5,5,14.25,LOW,20.0,10.0,15.0,20.0,30.0,6,0.0,0.0,False,1,False,False
R1879,R1879,U2,U2,I372,I372,4,4,2.25,LOW,0.0,0.0,15.0,0.0,0.0,3,0.0,0.0,False,0,False,False
R1880,R1880,U636,U636,I415,I415,2,2,2.25,LOW,0.0,0.0,15.0,0.0,0.0,1,0.0,0.0,False,0,False,False
R1881,R1881,U0,U0,I146,I146,3,3,7.5,LOW,0.0,10.0,25.0,0.0,0.0,4,15.0,0.0,False,1,False,False
R1882,R1882,U823,U823,I111,I111,2,2,6.0,LOW,0.0,0.0,25.0,0.0,0.0,1,15.0,0.0,False,1,False,False
R1883,R1883,U239,U239,I42,I42,4,4,6.0,LOW,0.0,0.0,25.0,0.0,0.0,3,15.0,0.0,False,1,False,False
R1884,R1884,U642,U642,I239,I239,4,4,2.25,LOW,0.0,0.0,15.0,0.0,0.0,2,0.0,0.0,False,0,False,False
R1885,R1885,U786,U786,I38,I38,3,3,2.25,LOW,0.0,0.0,15.0,0.0,0.0,2,0.0,0.0,False,0,False,False
R1886,R1886,U385,U385,I148,I148,4,4,2.25,LOW,0.0,0.0,15.0,0.0,0.0,2,0.0,0.0,False,0,False,False
R1887,R1887,U294,U294,I428,I428,2,2,2.25,LOW,0.0,0.0,15.0,0.0,0.0,2,0.0,0.0,False,0,False,False
R1888,R1888,U13,U13,I400,I400,1,1,7.75,LOW,20.0,0.0,25.0,0.0,0.0,2,15.0,5.0,False,2,False,False
R1889,R1889,U302,U302,I483,I483,3,3,6.0,LOW,0.0,0.0,25.0,0.0,0.0,4,15.0,0.0,False,1,False,False
R1890,R1890,U693,U693,I314,I314,1,1,10.0,LOW,20.0,15.0,25.0,0.0,0.0,4,15.0,5.0,False,2,False,False
R1891,R1891,U686,U686,I231,I231,4,4,6.0,LOW,0.0,0.0,25.0,0.0,0.0,2,15.0,0.0,False,1,False,False
R1892,R1892,U992,U992,I215,I215,4,4,15.5,LOW,0.0,0.0,25.0,20.0,30.0,6,15.0,0.0,False,1,False,False
R1893,R1893,U59,U59,I176,I176,2,2,6.0,LOW,0.0,0.0,25.0,0.0,0.0,3,15.0,0.0,False,1,False,False
R1894,R1894,U482,U482,I331,I331,4,4,11.75,LOW,0.0,0.0,15.0,20.0,30.0,5,0.0,0.0,False,0,False,False
R1895,R1895,U128,U128,I13,I13,5,5,5.5,LOW,20.0,15.0,15.0,0.0,0.0,2,0.0,0.0,False,1,False,False
R1896,R1896,U567,U567,I44,I44,3,3,0.0,LOW,0.0,0.0,0.0,0.0,0.0,3,0.0,0.0,False,0,False,False
R1897,R1897,U560,U560,I28,I28,4,4,2.25,LOW,0.0,0.0,15.0,0.0,0.0,4,0.0,0.0,False,0,False,False
R1898,R1898,U75,U75,I408,I408,5,5,9.25,LOW,20.0,10.0,25.0,0.0,0.0,4,15.0,5.0,False,2,False,False
R1899,R1899,U159,U159,I67,I67,2,2,15.5,LOW,0.0,0.0,25.0,20.0,30.0,6,15.0,0.0,False,1,False,False
R1900,R1900,U691,U691,I58,I58,4,4,15.5,LOW,0.0,0.0,25.0,20.0,30.0,6,15.0,0.0,False,1,False,False
R1901,R1901,U641,U641,I280,I280,4,4,2.25,LOW,0.0,0.0,15.0,0.0,0.0,3,0.0,0.0,False,0,False,False
R1902,R1902,U395,U395,I322,I322,4,4,1.5,LOW,0.0,10.0,0.0,0.0,0.0,1,0.0,0.0,False,0,False,False
R1903,R1903,U437,U437,I104,I104,3,3,15.5,LOW,0.0,0.0,25.0,20.0,30.0,6,15.0,0.0,False,1,False,False
R1904,R1904,U138,U138,I77,I77,2,2,2.25,LOW,0.0,0.0,15.0,0.0,0.0,3,0.0,0.0,False,0,False,False
R1905,R1905,U497,U497,I63,I63,5,5,3.25,LOW,20.0,0.0,15.0,0.0,0.0,3,0.0,0.0,False,1,False,False
R1906,R1906,U599,U599,I79,I79,1,1,3.25,LOW,20.0,0.0,15.0,0.0,0.0,2,0.0,0.0,False,1,False,False
R1907,R1907,U387,U387,I419,I419,5,5,19.5,LOW,20.0,15.0,25.0,20.0,30.0,6,15.0,5.0,False,2,False,False
R1908,R1908,U291,U291,I331,I331,5,5,3.25,LOW,20.0,0.0,15.0,0.0,0.0,3,0.0,0.0,False,1,False,False
R1909,R1909,U424,U424,I112,I112,4,4,11.75,LOW,0.0,0.0,15.0,20.0,30.0,5,0.0,0.0,False,0,False,False
R1910,R1910,U85,U85,I146,I146,2,2,6.0,LOW,0.0,0.0,25.0,0.0,0.0,2,15.0,0.0,False,1,False,False
R1911,R1911,U319,U319,I98,I98,1,1,3.25,LOW,20.0,0.0,15.0,0.0,0.0,1,0.0,0.0,False,1,False,False
R1912,R1912,U29,U29,I480,I480,2,2,15.5,LOW,0.0,0.0,25.0,20.0,30.0,5,15.0,0.0,False,1,False,False
R1913,R1913,U850,U850,I172,I172,2,2,2.25,LOW,0.0,0.0,15.0,0.0,0.0,1,0.0,0.0,False,0,False,False
R1914,R1914,U770,U770,I275,I275,5,5,14.5,LOW,20.0,25.0,25.0,0.0,0.0,4,25.0,15.0,False,3,False,False
R1915,R1915,U152,U152,I447,I447,2,2,2.25,LOW,0.0,0.0,15.0,0.0,0.0,3,0.0,0.0,False,0,False,False
R1916,R1916,U714,U714,I37,I37,2,2,6.0,LOW,0.0,0.0,25.0,0.0,0.0,4,15.0,0.0,False,1,False,False
R1917,R1917,U265,U265,I223,I223,3,3,6.0,LOW,0.0,0.0,25.0,0.0,0.0,2,15.0,0.0,False,1,False,False
R1918,R1918,U674,U674,I320,I320,5,5,19.5,LOW,20.0,10.0,30.0,20.0,30.0,6,15.0,5.0,False,2,False,False
R1919,R1919,U389,U389,I313,I313,2,2,2.25,LOW,0.0,0.0,15.0,0.0,0.0,1,0.0,0.0,False,0,False,False
R1920,R1920,U994,U994,I245,I245,5,5,17.25,LOW,20.0,0.0,25.0,20.0,30.0,5,15.0,5.0,False,2,False,False
R1921,R1921,U264,U264,I52,I52,4,4,6.0,LOW,0.0,0.0,25.0,0.0,0.0,2,15.0,0.0,False,1,False,False
R1922,R1922,U567,U567,I103,I103,4,4,2.25,LOW,0.0,0.0,15.0,0.0,0.0,3,0.0,0.0,False,0,False,False
R1923,R1923,U350,U350,I291,I291,1,1,1.0,LOW,20.0,0.0,0.0,0.0,0.0,2,0.0,0.0,False,1,False,False
R1924,R1924,U917,U917,I107,I107,5,5,14.5,LOW,20.0,25.0,25.0,0.0,0.0,4,25.0,15.0,False,3,False,False
R1925,R1925,U42,U42,I48,I48,1,1,7.75,LOW,20.0,0.0,25.0,0.0,0.0,3,15.0,5.0,False,2,False,False
R1926,R1926,U683,U683,I445,I445,1,1,1.0,LOW,20.0,0.0,0.0,0.0,0.0,1,0.0,0.0,False,1,False,False
R1927,R1927,U823,U823,I180,I180,2,2,2.25,LOW,0.0,0.0,15.0,0.0,0.0,2,0.0,0.0,False,0,False,False
R1928,R1928,U438,U438,I201,I201,3,3,2.25,LOW,0.0,0.0,15.0,0.0,0.0,4,0.0,0.0,False,0,False,False
R1929,R1929,U441,U441,I227,I227,2,2,2.25,LOW,0.0,0.0,15.0,0.0,0.0,4,0.0,0.0,False,0,False,False
R1930,R1930,U65,U65,I412,I412,2,2,1.5,LOW,0.0,10.0,0.0,0.0,0.0,3,0.0,0.0,False,0,False,False
R1931,R1931,U187,U187,I143,I143,3,3,6.0,LOW,0.0,0.0,25.0,0.0,0.0,3,15.0,0.0,False,1,False,False
R1932,R1932,U225,U225,I492,I492,2,2,2.25,LOW,0.0,0.0,15.0,0.0,0.0,1,0.0,0.0,False,0,False,False
R1933,R1933,U972,U972,I427,I427,3,3,6.0,LOW,0.0,0.0,25.0,0.0,0.0,2,15.0,0.0,False,1,False,False
R1934,R1934,U401,U401,I160,I160,4,4,7.5,LOW,0.0,10.0,25.0,0.0,0.0,2,15.0,0.0,False,1,False,False
R1935,R1935,U480,U480,I210,I210,3,3,2.25,LOW,0.0,0.0,15.0,0.0,0.0,4,0.0,0.0,False,0,False,False
R1936,R1936,U451,U451,I261,I261,3,3,0.0,LOW,0.0,0.0,0.0,0.0,0.0,1,0.0,0.0,False,0,False,False
R1937,R1937,U436,U436,I81,I81,2,2,6.0,LOW,0.0,0.0,25.0,0.0,0.0,3,15.0,0.0,False,1,False,False
R1938,R1938,U833,U833,I410,I410,5,5,19.5,LOW,20.0,15.0,25.0,20.0,30.0,5,15.0,5.0,False,2,False,False
R1939,R1939,U725,U725,I188,I188,1,1,1.0,LOW,20.0,0.0,0.0,0.0,0.0,1,0.0,0.0,False,1,False,False
R1940,R1940,U314,U314,I208,I208,2,2,4.5,LOW,0.0,15.0,15.0,0.0,0.0,3,0.0,0.0,False,0,False,False
R1941,R1941,U5,U5,I490,I490,4,4,3.75,LOW,0.0,10.0,15.0,0.0,0.0,1,0.0,0.0,False,0,False,False
R1942,R1942,U132,U132,I496,I496,5,5,17.25,LOW,20.0,0.0,25.0,20.0,30.0,5,15.0,5.0,False,2,False,False
R1943,R1943,U334,U334,I196,I196,5,5,3.25,LOW,20.0,0.0,15.0,0.0,0.0,2,0.0,0.0,False,1,False,False
R1944,R1944,U879,U879,I56,I56,2,2,13.75,LOW,0.0,0.0,25.0,40.0,0.0,1,35.0,5.0,False,2,False,False
R1945,R1945,U55,U55,I443,I443,4,4,2.25,LOW,0.0,0.0,15.0,0.0,0.0,4,0.0,0.0,False,0,False,False
R1946,R1946,U768,U768,I229,I229,4,4,6.0,LOW,0.0,0.0,25.0,0.0,0.0,4,15.0,0.0,False,1,False,False
R1947,R1947,U504,U504,I91,I91,5,5,3.25,LOW,20.0,15.0,0.0,0.0,0.0,1,0.0,0.0,False,1,False,False
R1948,R1948,U757,U757,I163,I163,1,1,7.75,LOW,20.0,0.0,25.0,0.0,0.0,1,15.0,5.0,False,2,False,False
R1949,R1949,U451,U451,I299,I299,2,2,6.0,LOW,0.0,0.0,25.0,0.0,0.0,4,15.0,0.0,False,1,False,False
R1950,R1950,U701,U701,I449,I449,3,3,2.25,LOW,0.0,0.0,15.0,0.0,0.0,3,0.0,0.0,False,0,False,False
R1951,R1951,U74,U74,I67,I67,5,5,7.75,LOW,20.0,0.0,25.0,0.0,0.0,1,15.0,5.0,False,2,False,False
R1952,R1952,U308,U308,I223,I223,3,3,6.0,LOW,0.0,0.0,25.0,0.0,0.0,2,15.0,0.0,False,1,False,False
R1953,R1953,U190,U190,I75,I75,2,2,6.0,LOW,0.0,0.0,25.0,0.0,0.0,3,15.0,0.0,False,1,False,False
R1954,R1954,U914,U914,I252,I252,4,4,6.0,LOW,0.0,0.0,25.0,0.0,0.0,2,15.0,0.0,False,1,False,False
R1955,R1955,U877,U877,I353,I353,1,1,3.25,LOW,20.0,0.0,15.0,0.0,0.0,4,0.0,0.0,False,1,False,False
R1956,R1956,U932,U932,I176,I176,4,4,15.5,LOW,0.0,0.0,25.0,20.0,30.0,5,15.0,0.0,False,1,False,False
R1957,R1957,U580,U580,I237,I237,2,2,7.5,LOW,0.0,10.0,25.0,0.0,0.0,2,15.0,0.0,False,1,False,False
R1958,R1958,U119,U119,I442,I442,5,5,17.25,LOW,20.0,0.0,25.0,20.0,30.0,6,15.0,5.0,False,2,False,False
R1959,R1959,U714,U714,I335,I335,1,1,7.75,LOW,20.0,0.0,25.0,0.0,0.0,4,15.0,5.0,False,2,False,False
R1960,R1960,U24,U24,I104,I104,2,2,7.5,LOW,0.0,10.0,25.0,0.0,0.0,3,15.0,0.0,False,1,False,False
R1961,R1961,U625,U625,I271,I271,2,2,17.0,LOW,0.0,10.0,25.0,20.0,30.0,6,15.0,0.0,False,1,False,False
R1962,R1962,U299,U299,I231,I231,5,5,7.75,LOW,20.0,0.0,25.0,0.0,0.0,4,15.0,5.0,False,2,False,False
R1963,R1963,U861,U861,I484,I484,2,2,6.0,LOW,0.0,0.0,25.0,0.0,0.0,4,15.0,0.0,False,1,False,False
R1964,R1964,U197,U197,I227,I227,2,2,4.5,LOW,0.0,15.0,15.0,0.0,0.0,4,0.0,0.0,False,0,False,False
R1965,R1965,U57,U57,I474,I474,5,5,7.75,LOW,20.0,0.0,25.0,0.0,0.0,4,15.0,5.0,False,2,False,False
R1966,R1966,U720,U720,I138,I138,3,3,0.0,LOW,0.0,0.0,0.0,0.0,0.0,3,0.0,0.0,False,0,False,False
R1967,R1967,U734,U734,I472,I472,4,4,6.0,LOW,0.0,0.0,25.0,0.0,0.0,2,15.0,0.0,False,1,False,False
R1968,R1968,U409,U409,I392,I392,4,4,6.0,LOW,0.0,0.0,25.0,0.0,0.0,2,15.0,0.0,False,1,False,False
R1969,R1969,U404,U404,I100,I100,4,4,6.0,LOW,0.0,0.0,25.0,0.0,0.0,2,15.0,0.0,False,1,False,False
R1970,R1970,U224,U224,I343,I343,2,2,2.25,LOW,0.0,0.0,15.0,0.0,0.0,1,0.0,0.0,False,0,False,False
R1971,R1971,U436,U436,I102,I102,1,1,1.0,LOW,20.0,0.0,0.0,0.0,0.0,2,0.0,0.0,False,1,False,False
R1972,R1972,U68,U68,I70,I70,2,2,3.75,LOW,0.0,10.0,15.0,0.0,0.0,3,0.0,0.0,False,0,False,False
R1973,R1973,U841,U841,I485,I485,1,1,2.5,LOW,20.0,10.0,0.0,0.0,0.0,2,0.0,0.0,False,1,False,False
R1974,R1974,U692,U692,I265,I265,3,3,2.25,LOW,0.0,0.0,15.0,0.0,0.0,3,0.0,0.0,False,0,False,False
R1975,R1975,U940,U940,I137,I137,2,2,2.25,LOW,0.0,0.0,15.0,0.0,0.0,1,0.0,0.0,False,0,False,False
R1976,R1976,U836,U836,I129,I129,5,5,1.0,LOW,20.0,0.0,0.0,0.0,0.0,1,0.0,0.0,False,1,False,False
R1977,R1977,U209,U209,I385,I385,2,2,6.0,LOW,0.0,0.0,25.0,0.0,0.0,4,15.0,0.0,False,1,False,False
R1978,R1978,U869,U869,I231,I231,5,5,14.5,LOW,20.0,25.0,25.0,0.0,0.0,4,25.0,15.0,False,3,False,False
R1979,R1979,U23,U23,I484,I484,5,5,10.0,LOW,20.0,15.0,25.0,0.0,0.0,4,15.0,5.0,False,2,False,False
R1980,R1980,U961,U961,I353,I353,5,5,3.25,LOW,20.0,0.0,15.0,0.0,0.0,3,0.0,0.0,False,1,False,False
R1981,R1981,U415,U415,I255,I255,1,1,1.0,LOW,20.0,0.0,0.0,0.0,0.0,2,0.0,0.0,False,1,False,False
R1982,R1982,U211,U211,I195,I195,1,1,7.75,LOW,20.0,0.0,25.0,0.0,0.0,2,15.0,5.0,False,2,False,False
R1983,R1983,U655,U655,I346,I346,3,3,17.0,LOW,0.0,10.0,25.0,20.0,30.0,5,15.0,0.0,False,1,False,False
R1984,R1984,U939,U939,I146,I146,4,4,6.0,LOW,0.0,0.0,25.0,0.0,0.0,1,15.0,0.0,False,1,False,False
R1985,R1985,U136,U136,I12,I12,5,5,3.25,LOW,20.0,0.0,15.0,0.0,0.0,4,0.0,0.0,False,1,False,False
R1986,R1986,U939,U939,I214,I214,3,3,0.0,LOW,0.0,0.0,0.0,0.0,0.0,3,0.0,0.0,False,0,False,False
R1987,R1987,U732,U732,I426,I426,1,1,1.0,LOW,20.0,0.0,0.0,0.0,0.0,3,0.0,0.0,False,1,False,False
R1988,R1988,U887,U887,I96,I96,2,2,2.25,LOW,0.0,15.0,0.0,0.0,0.0,1,0.0,0.0,False,0,False,False
R1989,R1989,U636,U636,I189,I189,1,1,3.25,LOW,20.0,0.0,15.0,0.0,0.0,2,0.0,0.0,False,1,False,False
R1990,R1990,U952,U952,I110,I110,3,3,0.0,LOW,0.0,0.0,0.0,0.0,0.0,2,0.0,0.0,False,0,False,False
R1991,R1991,U844,U844,I334,I334,1,1,4.75,LOW,20.0,10.0,15.0,0.0,0.0,1,0.0,0.0,False,1,False,False
R1992,R1992,U110,U110,I460,I460,3,3,6.0,LOW,0.0,0.0,25.0,0.0,0.0,4,15.0,0.0,False,1,False,False
R1993,R1993,U400,U400,I56,I56,4,4,6.0,LOW,0.0,0.0,25.0,0.0,0.0,3,15.0,0.0,False,1,False,False
R1994,R1994,U805,U805,I460,I460,5,5,7.75,LOW,20.0,0.0,25.0,0.0,0.0,2,15.0,5.0,False,2,False,False
R1995,R1995,U707,U707,I458,I458,1,1,3.25,LOW,20.0,0.0,15.0,0.0,0.0,2,0.0,0.0,False,1,False,False
R1996,R1996,U898,U898,I24,I24,2,2,2.25,LOW,0.0,0.0,15.0,0.0,0.0,3,0.0,0.0,False,0,False,False
R1997,R1997,U751,U751,I260,I260,5,5,3.25,LOW,20.0,0.0,15.0,0.0,0.0,2,0.0,0.0,False,1,False,False
R1998,R1998,U775,U775,I372,I372,1,1,3.25,LOW,20.0,0.0,15.0,0.0,0.0,4,0.0,0.0,False,1,False,False
R1999,R1999,U261,U261,I326,I326,1,1,3.25,LOW,20.0,15.0,0.0,0.0,0.0,1,0.0,0.0,False,1,False,False
R2000,R2000,U288,U288,I31,I31,3,3,6.0,LOW,0.0,0.0,25.0,0.0,0.0,2,15.0,0.0,False,1,False,False
R2001,R2001,U65,U65,I178,I178,4,4,3.75,LOW,0.0,10.0,15.0,0.0,0.0,3,0.0,0.0,False,0,False,False
R2002,R2002,U915,U915,I260,I260,3,3,8.25,LOW,0.0,30.0,15.0,0.0,0.0,4,10.0,0.0,False,1,False,False
R2003,R2003,U703,U703,I109,I109,3,3,0.0,LOW,0.0,0.0,0.0,0.0,0.0,2,0.0,0.0,False,0,False,False
R2004,R2004,U534,U534,I324,I324,1,1,3.25,LOW,20.0,0.0,15.0,0.0,0.0,1,0.0,0.0,False,1,False,False
R2005,R2005,U527,U527,I330,I330,2,2,7.5,LOW,0.0,10.0,25.0,0.0,0.0,2,15.0,0.0,False,1,False,False
R2006,R2006,U317,U317,I234,I234,3,3,15.5,LOW,0.0,0.0,25.0,20.0,30.0,5,15.0,0.0,False,1,False,False
R2007,R2007,U517,U517,I25,I25,2,2,0.0,LOW,0.0,0.0,0.0,0.0,0.0,1,0.0,0.0,False,0,False,False
R2008,R2008,U639,U639,I327,I327,1,1,17.25,LOW,20.0,0.0,25.0,20.0,30.0,5,15.0,5.0,False,2,False,False
R2009,R2009,U944,U944,I206,I206,5,5,18.0,LOW,20.0,0.0,30.0,20.0,30.0,5,15.0,5.0,False,2,False,False
R2010,R2010,U390,U390,I144,I144,4,4,0.0,LOW,0.0,0.0,0.0,0.0,0.0,1,0.0,0.0,False,0,False,False
R2011,R2011,U498,U498,I430,I430,4,4,6.0,LOW,0.0,0.0,25.0,0.0,0.0,2,15.0,0.0,False,1,False,False
R2012,R2012,U268,U268,I18,I18,1,1,1.0,LOW,20.0,0.0,0.0,0.0,0.0,1,0.0,0.0,False,1,False,False
R2013,R2013,U38,U38,I79,I79,4,4,2.25,LOW,0.0,0.0,15.0,0.0,0.0,2,0.0,0.0,False,0,False,False
R2014,R2014,U105,U105,I207,I207,5,5,7.75,LOW,20.0,0.0,25.0,0.0,0.0,4,15.0,5.0,False,2,False,False
R2015,R2015,U710,U710,I286,I286,2,2,17.0,LOW,0.0,10.0,25.0,20.0,30.0,6,15.0,0.0,False,1,False,False
R2016,R2016,U718,U718,I52,I52,4,4,7.5,LOW,0.0,10.0,25.0,0.0,0.0,2,15.0,0.0,False,1,False,False
R2017,R2017,U109,U109,I187,I187,5,5,1.0,LOW,20.0,0.0,0.0,0.0,0.0,2,0.0,0.0,False,1,False,False
R2018,R2018,U434,U434,I409,I409,5,5,7.75,LOW,20.0,0.0,25.0,0.0,0.0,1,15.0,5.0,False,2,False,False
R2019,R2019,U115,U115,I43,I43,5,5,12.75,LOW,20.0,0.0,15.0,20.0,30.0,5,0.0,0.0,False,1,False,False
R2020,R2020,U481,U481,I423,I423,4,4,0.0,LOW,0.0,0.0,0.0,0.0,0.0,1,0.0,0.0,False,0,False,False
R2021,R2021,U364,U364,I296,I296,5,5,7.75,LOW,20.0,0.0,25.0,0.0,0.0,2,15.0,5.0,False,2,False,False
R2022,R2022,U679,U679,I101,I101,2,2,15.5,LOW,0.0,0.0,25.0,20.0,30.0,5,15.0,0.0,False,1,False,False
R2023,R2023,U67,U67,I243,I243,1,1,12.75,LOW,20.0,0.0,15.0,20.0,30.0,5,0.0,0.0,False,1,False,False
R2024,R2024,U328,U328,I442,I442,1,1,15.25,LOW,20.0,30.0,25.0,0.0,0.0,1,25.0,15.0,False,3,False,False
R2025,R2025,U992,U992,I274,I274,2,2,2.25,LOW,0.0,0.0,15.0,0.0,0.0,2,0.0,0.0,False,0,False,False
R2026,R2026,U194,U194,I130,I130,3,3,3.75,LOW,0.0,10.0,15.0,0.0,0.0,4,0.0,0.0,False,0,False,False
R2027,R2027,U552,U552,I34,I34,5,5,3.25,LOW,20.0,0.0,15.0,0.0,0.0,3,0.0,0.0,False,1,False,False
R2028,R2028,U432,U432,I167,I167,4,4,6.0,LOW,0.0,0.0,25.0,0.0,0.0,3,15.0,0.0,False,1,False,False
R2029,R2029,U153,U153,I279,I279,3,3,2.25,LOW,0.0,0.0,15.0,0.0,0.0,2,0.0,0.0,False,0,False,False
R2030,R2030,U373,U373,I487,I487,2,2,6.0,LOW,0.0,0.0,25.0,0.0,0.0,3,15.0,0.0,False,1,False,False
R2031,R2031,U592,U592,I335,I335,5,5,23.75,LOW,20.0,25.0,25.0,40.0,0.0,1,45.0,30.0,False,5,False,False
R2032,R2032,U521,U521,I83,I83,3,3,15.5,LOW,0.0,0.0,25.0,20.0,30.0,5,15.0,0.0,False,1,False,False
R2033,R2033,U397,U397,I204,I204,2,2,6.0,LOW,0.0,0.0,25.0,0.0,0.0,3,15.0,0.0,False,1,False,False
R2034,R2034,U479,U479,I463,I463,4,4,0.0,LOW,0.0,0.0,0.0,0.0,0.0,1,0.0,0.0,False,0,False,False
R2035,R2035,U572,U572,I22,I22,1,1,19.5,LOW,20.0,15.0,25.0,20.0,30.0,5,15.0,5.0,False,2,False,False
R2036,R2036,U338,U338,I276,I276,3,3,2.25,LOW,0.0,0.0,15.0,0.0,0.0,2,0.0,0.0,False,0,False,False
R2037,R2037,U438,U438,I280,I280,4,4,2.25,LOW,0.0,0.0,15.0,0.0,0.0,3,0.0,0.0,False,0,False,False
R2038,R2038,U889,U889,I106,I106,1,1,7.75,LOW,20.0,0.0,25.0,0.0,0.0,4,15.0,5.0,False,2,False,False
R2039,R2039,U6,U6,I77,I77,5,5,3.25,LOW,20.0,0.0,15.0,0.0,0.0,3,0.0,0.0,False,1,False,False
R2040,R2040,U209,U209,I80,I80,4,4,6.0,LOW,0.0,0.0,25.0,0.0,0.0,2,15.0,0.0,False,1,False,False
R2041,R2041,U490,U490,I386,I386,4,4,0.0,LOW,0.0,0.0,0.0,0.0,0.0,4,0.0,0.0,False,0,False,False
R2042,R2042,U606,U606,I286,I286,2,2,15.5,LOW,0.0,0.0,25.0,20.0,30.0,6,15.0,0.0,False,1,False,False
R2043,R2043,U324,U324,I35,I35,3,3,3.75,LOW,0.0,10.0,15.0,0.0,0.0,2,0.0,0.0,False,0,False,False
R2044,R2044,U727,U727,I31,I31,2,2,15.5,LOW,0.0,0.0,25.0,20.0,30.0,5,15.0,0.0,False,1,False,False
R2045,R2045,U128,U128,I447,I447,5,5,5.5,LOW,20.0,15.0,15.0,0.0,0.0,3,0.0,0.0,False,1,False,False
R2046,R2046,U966,U966,I153,I153,4,4,8.25,LOW,0.0,0.0,40.0,0.0,0.0,1,15.0,0.0,False,1,False,False
R2047,R2047,U991,U991,I122,I122,1,1,3.25,LOW,20.0,0.0,15.0,0.0,0.0,2,0.0,0.0,False,1,False,False
R2048,R2048,U478,U478,I418,I418,2,2,2.25,LOW,0.0,0.0,15.0,0.0,0.0,4,0.0,0.0,False,0,False,False
R2049,R2049,U548,U548,I469,I469,5,5,7.75,LOW,20.0,0.0,25.0,0.0,0.0,3,15.0,5.0,False,2,False,False
R2050,R2050,U128,U128,I453,I453,1,1,10.0,LOW,20.0,15.0,25.0,0.0,0.0,4,15.0,5.0,False,2,False,False
R2051,R2051,U467,U467,I391,I391,2,2,1.5,LOW,0.0,10.0,0.0,0.0,0.0,3,0.0,0.0,False,0,False,False
R2052,R2052,U885,U885,I366,I366,2,2,15.5,LOW,0.0,0.0,25.0,20.0,30.0,5,15.0,0.0,False,1,False,False
R2053,R2053,U812,U812,I243,I243,4,4,2.25,LOW,0.0,0.0,15.0,0.0,0.0,2,0.0,0.0,False,0,False,False
R2054,R2054,U941,U941,I382,I382,1,1,3.25,LOW,20.0,0.0,15.0,0.0,0.0,1,0.0,0.0,False,1,False,False
R2055,R2055,U899,U899,I389,I389,5,5,7.75,LOW,20.0,0.0,25.0,0.0,0.0,2,15.0,5.0,False,2,False,False
R2056,R2056,U143,U143,I163,I163,2,2,6.0,LOW,0.0,0.0,25.0,0.0,0.0,3,15.0,0.0,False,1,False,False
R2057,R2057,U750,U750,I246,I246,5,5,14.5,LOW,20.0,25.0,25.0,0.0,0.0,4,25.0,15.0,False,3,False,False
R2058,R2058,U203,U203,I0,I0,5,5,1.0,LOW,20.0,0.0,0.0,0.0,0.0,3,0.0,0.0,False,1,False,False
R2059,R2059,U8,U8,I226,I226,1,1,3.25,LOW,20.0,0.0,15.0,0.0,0.0,1,0.0,0.0,False,1,False,False
R2060,R2060,U74,U74,I24,I24,2,2,2.25,LOW,0.0,0.0,15.0,0.0,0.0,3,0.0,0.0,False,0,False,False
R2061,R2061,U878,U878,I142,I142,2,2,6.0,LOW,0.0,0.0,25.0,0.0,0.0,3,15.0,0.0,False,1,False,False
R2062,R2062,U302,U302,I345,I345,3,3,6.0,LOW,0.0,0.0,25.0,0.0,0.0,4,15.0,0.0,False,1,False,False
R2063,R2063,U221,U221,I454,I454,1,1,17.25,LOW,20.0,0.0,25.0,20.0,30.0,6,15.0,5.0,False,2,False,False
R2064,R2064,U756,U756,I337,I337,4,4,2.25,LOW,0.0,0.0,15.0,0.0,0.0,4,0.0,0.0,False,0,False,False
R2065,R2065,U678,U678,I228,I228,4,4,2.25,LOW,0.0,0.0,15.0,0.0,0.0,2,0.0,0.0,False,0,False,False
R2066,R2066,U775,U775,I316,I316,4,4,6.0,LOW,0.0,0.0,25.0,0.0,0.0,3,15.0,0.0,False,1,False,False
R2067,R2067,U694,U694,I296,I296,5,5,7.75,LOW,20.0,0.0,25.0,0.0,0.0,2,15.0,5.0,False,2,False,False
R2068,R2068,U486,U486,I55,I55,4,4,2.25,LOW,0.0,0.0,15.0,0.0,0.0,2,0.0,0.0,False,0,False,False
R2069,R2069,U726,U726,I312,I312,4,4,0.0,LOW,0.0,0.0,0.0,0.0,0.0,3,0.0,0.0,False,0,False,False
R2070,R2070,U790,U790,I204,I204,4,4,15.5,LOW,0.0,0.0,25.0,20.0,30.0,5,15.0,0.0,False,1,False,False
R2071,R2071,U416,U416,I151,I151,1,1,3.25,LOW,20.0,0.0,15.0,0.0,0.0,3,0.0,0.0,False,1,False,False
R2072,R2072,U624,U624,I370,I370,4,4,15.5,LOW,0.0,0.0,25.0,20.0,30.0,6,15.0,0.0,False,1,False,False
R2073,R2073,U875,U875,I120,I120,2,2,2.25,LOW,0.0,0.0,15.0,0.0,0.0,3,0.0,0.0,False,0,False,False
R2074,R2074,U797,U797,I136,I136,1,1,1.0,LOW,20.0,0.0,0.0,0.0,0.0,3,0.0,0.0,False,1,False,False
R2075,R2075,U629,U629,I365,I365,3,3,2.25,LOW,0.0,0.0,15.0,0.0,0.0,3,0.0,0.0,False,0,False,False
R2076,R2076,U165,U165,I479,I479,3,3,3.75,LOW,0.0,10.0,15.0,0.0,0.0,2,0.0,0.0,False,0,False,False
R2077,R2077,U690,U690,I194,I194,3,3,0.0,LOW,0.0,0.0,0.0,0.0,0.0,2,0.0,0.0,False,0,False,False
R2078,R2078,U799,U799,I234,I234,5,5,7.75,LOW,20.0,0.0,25.0,0.0,0.0,3,15.0,5.0,False,2,False,False
R2079,R2079,U980,U980,I355,I355,2,2,6.0,LOW,0.0,0.0,25.0,0.0,0.0,4,15.0,0.0,False,1,False,False
R2080,R2080,U857,U857,I45,I45,5,5,7.75,LOW,20.0,0.0,25.0,0.0,0.0,2,15.0,5.0,False,2,False,False
R2081,R2081,U778,U778,I132,I132,2,2,2.25,LOW,0.0,0.0,15.0,0.0,0.0,3,0.0,0.0,False,0,False,False
R2082,R2082,U720,U720,I6,I6,4,4,6.0,LOW,0.0,0.0,25.0,0.0,0.0,2,15.0,0.0,False,1,False,False
R2083,R2083,U370,U370,I354,I354,3,3,2.25,LOW,0.0,0.0,15.0,0.0,0.0,2,0.0,0.0,False,0,False,False
R2084,R2084,U687,U687,I124,I124,4,4,4.5,LOW,0.0,15.0,15.0,0.0,0.0,4,0.0,0.0,False,0,False,False
R2085,R2085,U780,U780,I58,I58,3,3,6.0,LOW,0.0,0.0,25.0,0.0,0.0,2,15.0,0.0,False,1,False,False
R2086,R2086,U807,U807,I327,I327,5,5,7.75,LOW,20.0,0.0,25.0,0.0,0.0,2,15.0,5.0,False,2,False,False
R2087,R2087,U84,U84,I464,I464,3,3,3.75,LOW,0.0,10.0,15.0,0.0,0.0,2,0.0,0.0,False,0,False,False
R2088,R2088,U763,U763,I359,I359,1,1,7.75,LOW,20.0,0.0,25.0,0.0,0.0,2,15.0,5.0,False,2,False,False
R2089,R2089,U70,U70,I203,I203,2,2,6.0,LOW,0.0,0.0,25.0,0.0,0.0,1,15.0,0.0,False,1,False,False
R2090,R2090,U9,U9,I15,I15,5,5,17.25,LOW,20.0,0.0,25.0,20.0,30.0,5,15.0,5.0,False,2,False,False
R2091,R2091,U137,U137,I205,I205,3,3,6.0,LOW,0.0,0.0,25.0,0.0,0.0,3,15.0,0.0,False,1,False,False
R2092,R2092,U585,U585,I367,I367,2,2,6.0,LOW,0.0,0.0,25.0,0.0,0.0,4,15.0,0.0,False,1,False,False
R2093,R2093,U267,U267,I432,I432,4,4,1.5,LOW,0.0,10.0,0.0,0.0,0.0,1,0.0,0.0,False,0,False,False
R2094,R2094,U612,U612,I233,I233,5,5,3.25,LOW,20.0,0.0,15.0,0.0,0.0,2,0.0,0.0,False,1,False,False
R2095,R2095,U225,U225,I163,I163,3,3,15.5,LOW,0.0,0.0,25.0,20.0,30.0,5,15.0,0.0,False,1,False,False
R2096,R2096,U512,U512,I365,I365,2,2,2.25,LOW,0.0,0.0,15.0,0.0,0.0,1,0.0,0.0,False,0,False,False
R2097,R2097,U503,U503,I457,I457,1,1,1.0,LOW,20.0,0.0,0.0,0.0,0.0,3,0.0,0.0,False,1,False,False
R2098,R2098,U191,U191,I55,I55,3,3,3.75,LOW,0.0,10.0,15.0,0.0,0.0,1,0.0,0.0,False,0,False,False
R2099,R2099,U412,U412,I241,I241,5,5,4.75,LOW,20.0,10.0,15.0,0.0,0.0,2,0.0,0.0,False,1,False,False
R2100,R2100,U837,U837,I129,I129,4,4,0.0,LOW,0.0,0.0,0.0,0.0,0.0,1,0.0,0.0,False,0,False,False
R2101,R2101,U993,U993,I458,I458,5,5,3.25,LOW,20.0,0.0,15.0,0.0,0.0,3,0.0,0.0,False,1,False,False
R2102,R2102,U648,U648,I198,I198,3,3,6.0,LOW,0.0,0.0,25.0,0.0,0.0,3,15.0,0.0,False,1,False,False
R2103,R2103,U851,U851,I122,I122,2,2,2.25,LOW,0.0,0.0,15.0,0.0,0.0,1,0.0,0.0,False,0,False,False
R2104,R2104,U897,U897,I106,I106,1,1,7.75,LOW,20.0,0.0,25.0,0.0,0.0,4,15.0,5.0,False,2,False,False
R2105,R2105,U709,U709,I71,I71,4,4,2.25,LOW,0.0,0.0,15.0,0.0,0.0,2,0.0,0.0,False,0,False,False
R2106,R2106,U373,U373,I74,I74,5,5,3.25,LOW,20.0,0.0,15.0,0.0,0.0,2,0.0,0.0,False,1,False,False
R2107,R2107,U317,U317,I201,I201,5,5,3.25,LOW,20.0,0.0,15.0,0.0,0.0,3,0.0,0.0,False,1,False,False
R2108,R2108,U270,U270,I439,I439,5,5,1.0,LOW,20.0,0.0,0.0,0.0,0.0,2,0.0,0.0,False,1,False,False
R2109,R2109,U737,U737,I255,I255,2,2,0.0,LOW,0.0,0.0,0.0,0.0,0.0,1,0.0,0.0,False,0,False,False
R2110,R2110,U2,U2,I20,I20,1,1,7.75,LOW,20.0,0.0,25.0,0.0,0.0,2,15.0,5.0,False,2,False,False
R2111,R2111,U901,U901,I376,I376,2,2,2.25,LOW,0.0,0.0,15.0,0.0,0.0,2,0.0,0.0,False,0,False,False
R2112,R2112,U559,U559,I200,I200,1,1,10.0,LOW,20.0,15.0,25.0,0.0,0.0,3,15.0,5.0,False,2,False,False
R2113,R2113,U311,U311,I341,I341,4,4,2.25,LOW,0.0,0.0,15.0,0.0,0.0,4,0.0,0.0,False,0,False,False
R2114,R2114,U327,U327,I44,I44,5,5,1.0,LOW,20.0,0.0,0.0,0.0,0.0,2,0.0,0.0,False,1,False,False
R2115,R2115,U572,U572,I392,I392,3,3,8.25,LOW,0.0,15.0,25.0,0.0,0.0,3,15.0,0.0,False,1,False,False
R2116,R2116,U213,U213,I421,I421,2,2,6.0,LOW,0.0,0.0,25.0,0.0,0.0,3,15.0,0.0,False,1,False,False
R2117,R2117,U898,U898,I58,I58,4,4,15.5,LOW,0.0,0.0,25.0,20.0,30.0,6,15.0,0.0,False,1,False,False
R2118,R2118,U207,U207,I373,I373,1,1,7.75,LOW,20.0,0.0,25.0,0.0,0.0,3,15.0,5.0,False,2,False,False
R2119,R2119,U712,U712,I371,I371,2,2,11.75,LOW,0.0,0.0,15.0,20.0,30.0,5,0.0,0.0,False,0,False,False
R2120,R2120,U327,U327,I460,I460,4,4,6.0,LOW,0.0,0.0,25.0,0.0,0.0,3,15.0,0.0,False,1,False,False
R2121,R2121,U931,U931,I111,I111,4,4,8.25,LOW,0.0,15.0,25.0,0.0,0.0,2,15.0,0.0,False,1,False,False
R2122,R2122,U729,U729,I390,I390,2,2,2.25,LOW,0.0,0.0,15.0,0.0,0.0,4,0.0,0.0,False,0,False,False
R2123,R2123,U91,U91,I464,I464,1,1,3.25,LOW,20.0,0.0,15.0,0.0,0.0,3,0.0,0.0,False,1,False,False
R2124,R2124,U739,U739,I19,I19,5,5,7.75,LOW,20.0,0.0,25.0,0.0,0.0,4,15.0,5.0,False,2,False,False
R2125,R2125,U538,U538,I420,I420,5,5,3.25,LOW,20.0,0.0,15.0,0.0,0.0,4,0.0,0.0,False,1,False,False
R2126,R2126,U240,U240,I33,I33,5,5,12.75,LOW,20.0,0.0,15.0,20.0,30.0,6,0.0,0.0,False,1,False,False
R2127,R2127,U533,U533,I58,I58,1,1,10.0,LOW,20.0,15.0,25.0,0.0,0.0,2,15.0,5.0,False,2,False,False
R2128,R2128,U874,U874,I421,I421,5,5,7.75,LOW,20.0,0.0,25.0,0.0,0.0,3,15.0,5.0,False,2,False,False
R2129,R2129,U177,U177,I269,I269,2,2,2.25,LOW,0.0,0.0,15.0,0.0,0.0,2,0.0,0.0,False,0,False,False
R2130,R2130,U715,U715,I487,I487,3,3,6.0,LOW,0.0,0.0,25.0,0.0,0.0,3,15.0,0.0,False,1,False,False
R2131,R2131,U343,U343,I278,I278,5,5,3.25,LOW,20.0,0.0,15.0,0.0,0.0,1,0.0,0.0,False,1,False,False
R2132,R2132,U184,U184,I319,I319,1,1,10.0,LOW,20.0,10.0,30.0,0.0,0.0,4,15.0,5.0,False,2,False,False
R2133,R2133,U757,U757,I117,I117,1,1,3.25,LOW,20.0,0.0,15.0,0.0,0.0,3,0.0,0.0,False,1,False,False
R2134,R2134,U723,U723,I112,I112,4,4,11.75,LOW,0.0,0.0,15.0,20.0,30.0,5,0.0,0.0,False,0,False,False
R2135,R2135,U434,U434,I45,I45,2,2,6.0,LOW,0.0,0.0,25.0,0.0,0.0,3,15.0,0.0,False,1,False,False
R2136,R2136,U403,U403,I87,I87,5,5,7.75,LOW,20.0,0.0,25.0,0.0,0.0,2,15.0,5.0,False,2,False,False
R2137,R2137,U25,U25,I262,I262,1,1,7.75,LOW,20.0,0.0,25.0,0.0,0.0,3,15.0,5.0,False,2,False,False
R2138,R2138,U140,U140,I345,I345,4,4,6.0,LOW,0.0,0.0,25.0,0.0,0.0,1,15.0,0.0,False,1,False,False
R2139,R2139,U68,U68,I178,I178,5,5,4.75,LOW,20.0,10.0,15.0,0.0,0.0,4,0.0,0.0,False,1,False,False
R2140,R2140,U798,U798,I234,I234,3,3,15.5,LOW,0.0,0.0,25.0,20.0,30.0,5,15.0,0.0,False,1,False,False
R2141,R2141,U867,U867,I1,I1,3,3,6.0,LOW,0.0,0.0,25.0,0.0,0.0,4,15.0,0.0,False,1,False,False
R2142,R2142,U225,U225,I37,I37,1,1,7.75,LOW,20.0,0.0,25.0,0.0,0.0,4,15.0,5.0,False,2,False,False
R2143,R2143,U357,U357,I348,I348,5,5,7.75,LOW,20.0,0.0,25.0,0.0,0.0,2,15.0,5.0,False,2,False,False
R2144,R2144,U690,U690,I399,I399,2,2,2.25,LOW,0.0,0.0,15.0,0.0,0.0,4,0.0,0.0,False,0,False,False
R2145,R2145,U882,U882,I313,I313,4,4,2.25,LOW,0.0,0.0,15.0,0.0,0.0,1,0.0,0.0,False,0,False,False
R2146,R2146,U952,U952,I103,I103,5,5,3.25,LOW,20.0,0.0,15.0,0.0,0.0,3,0.0,0.0,False,1,False,False
R2147,R2147,U633,U633,I257,I257,3,3,2.25,LOW,0.0,0.0,15.0,0.0,0.0,4,0.0,0.0,False,0,False,False
R2148,R2148,U96,U96,I285,I285,5,5,1.0,LOW,20.0,0.0,0.0,0.0,0.0,1,0.0,0.0,False,1,False,False
R2149,R2149,U764,U764,I157,I157,2,2,0.0,LOW,0.0,0.0,0.0,0.0,0.0,1,0.0,0.0,False,0,False,False
R2150,R2150,U432,U432,I310,I310,2,2,2.25,LOW,0.0,0.0,15.0,0.0,0.0,1,0.0,0.0,False,0,False,False
R2151,R2151,U417,U417,I375,I375,3,3,0.0,LOW,0.0,0.0,0.0,0.0,0.0,2,0.0,0.0,False,0,False,False
R2152,R2152,U29,U29,I387,I387,1,1,3.25,LOW,20.0,0.0,15.0,0.0,0.0,1,0.0,0.0,False,1,False,False
R2153,R2153,U831,U831,I248,I248,4,4,2.25,LOW,0.0,0.0,15.0,0.0,0.0,3,0.0,0.0,False,0,False,False
R2154,R2154,U706,U706,I443,I443,1,1,3.25,LOW,20.0,0.0,15.0,0.0,0.0,3,0.0,0.0,False,1,False,False
R2155,R2155,U507,U507,I245,I245,4,4,8.25,LOW,0.0,15.0,25.0,0.0,0.0,4,15.0,0.0,False,1,False,False
R2156,R2156,U673,U673,I271,I271,5,5,19.5,LOW,20.0,15.0,25.0,20.0,30.0,5,15.0,5.0,False,2,False,False
R2157,R2157,U418,U418,I474,I474,2,2,6.0,LOW,0.0,0.0,25.0,0.0,0.0,2,15.0,0.0,False,1,False,False
R2158,R2158,U557,U557,I269,I269,3,3,2.25,LOW,0.0,0.0,15.0,0.0,0.0,4,0.0,0.0,False,0,False,False
R2159,R2159,U89,U89,I373,I373,4,4,6.0,LOW,0.0,0.0,25.0,0.0,0.0,3,15.0,0.0,False,1,False,False
R2160,R2160,U165,U165,I235,I235,4,4,7.5,LOW,0.0,10.0,25.0,0.0,0.0,3,15.0,0.0,False,1,False,False
R2161,R2161,U606,U606,I81,I81,2,2,6.0,LOW,0.0,0.0,25.0,0.0,0.0,3,15.0,0.0,False,1,False,False
R2162,R2162,U442,U442,I222,I222,4,4,17.0,LOW,0.0,10.0,25.0,20.0,30.0,5,15.0,0.0,False,1,False,False
R2163,R2163,U850,U850,I353,I353,5,5,3.25,LOW,20.0,0.0,15.0,0.0,0.0,3,0.0,0.0,False,1,False,False
R2164,R2164,U583,U583,I358,I358,2,2,0.0,LOW,0.0,0.0,0.0,0.0,0.0,3,0.0,0.0,False,0,False,False
R2165,R2165,U659,U659,I203,I203,1,1,7.75,LOW,20.0,0.0,25.0,0.0,0.0,2,15.0,5.0,False,2,False,False
R2166,R2166,U836,U836,I166,I166,2,2,2.25,LOW,0.0,0.0,15.0,0.0,0.0,3,0.0,0.0,False,0,False,False
R2167,R2167,U563,U563,I469,I469,5,5,7.75,LOW,20.0,0.0,25.0,0.0,0.0,3,15.0,5.0,False,2,False,False
R2168,R2168,U913,U913,I365,I365,5,5,3.25,LOW,20.0,0.0,15.0,0.0,0.0,3,0.0,0.0,False,1,False,False
R2169,R2169,U0,U0,I237,I237,3,3,7.5,LOW,0.0,10.0,25.0,0.0,0.0,1,15.0,0.0,False,1,False,False
R2170,R2170,U597,U597,I123,I123,3,3,2.25,LOW,0.0,0.0,15.0,0.0,0.0,1,0.0,0.0,False,0,False,False
R2171,R2171,U548,U548,I54,I54,2,2,2.25,LOW,0.0,0.0,15.0,0.0,0.0,3,0.0,0.0,False,0,False,False
R2172,R2172,U349,U349,I318,I318,4,4,0.0,LOW,0.0,0.0,0.0,0.0,0.0,1,0.0,0.0,False,0,False,False
R2173,R2173,U476,U476,I77,I77,4,4,3.75,LOW,0.0,10.0,15.0,0.0,0.0,2,0.0,0.0,False,0,False,False
R2174,R2174,U997,U997,I308,I308,4,4,2.25,LOW,0.0,0.0,15.0,0.0,0.0,3,0.0,0.0,False,0,False,False
R2175,R2175,U303,U303,I12,I12,5,5,4.75,LOW,20.0,10.0,15.0,0.0,0.0,4,0.0,0.0,False,1,False,False
R2176,R2176,U934,U934,I285,I285,3,3,0.0,LOW,0.0,0.0,0.0,0.0,0.0,2,0.0,0.0,False,0,False,False
R2177,R2177,U544,U544,I12,I12,3,3,2.25,LOW,0.0,0.0,15.0,0.0,0.0,2,0.0,0.0,False,0,False,False
R2178,R2178,U946,U946,I37,I37,3,3,6.0,LOW,0.0,0.0,25.0,0.0,0.0,1,15.0,0.0,False,1,False,False
R2179,R2179,U791,U791,I225,I225,1,1,17.25,LOW,20.0,0.0,25.0,20.0,30.0,5,15.0,5.0,False,2,False,False
R2180,R2180,U337,U337,I247,I247,5,5,1.0,LOW,20.0,0.0,0.0,0.0,0.0,2,0.0,0.0,False,1,False,False
R2181,R2181,U192,U192,I292,I292,1,1,10.0,LOW,20.0,15.0,25.0,0.0,0.0,3,15.0,5.0,False,2,False,False
R2182,R2182,U604,U604,I490,I490,3,3,2.25,LOW,0.0,0.0,15.0,0.0,0.0,3,0.0,0.0,False,0,False,False
R2183,R2183,U359,U359,I410,I410,1,1,7.75,LOW,20.0,0.0,25.0,0.0,0.0,3,15.0,5.0,False,2,False,False
R2184,R2184,U545,U545,I225,I225,1,1,18.75,LOW,20.0,10.0,25.0,20.0,30.0,5,15.0,5.0,False,2,False,False
R2185,R2185,U116,U116,I430,I430,3,3,6.0,LOW,0.0,0.0,25.0,0.0,0.0,4,15.0,0.0,False,1,False,False
R2186,R2186,U438,U438,I20,I20,1,1,7.75,LOW,20.0,0.0,25.0,0.0,0.0,2,15.0,5.0,False,2,False,False
R2187,R2187,U369,U369,I396,I396,1,1,5.5,LOW,20.0,15.0,15.0,0.0,0.0,4,0.0,0.0,False,1,False,False
R2188,R2188,U735,U735,I308,I308,2,2,2.25,LOW,0.0,0.0,15.0,0.0,0.0,2,0.0,0.0,False,0,False,False
R2189,R2189,U276,U276,I304,I304,2,2,2.25,LOW,0.0,0.0,15.0,0.0,0.0,1,0.0,0.0,False,0,False,False
R2190,R2190,U970,U970,I228,I228,5,5,3.25,LOW,20.0,0.0,15.0,0.0,0.0,4,0.0,0.0,False,1,False,False
R2191,R2191,U357,U357,I327,I327,4,4,6.0,LOW,0.0,0.0,25.0,0.0,0.0,1,15.0,0.0,False,1,False,False
R2192,R2192,U641,U641,I119,I119,1,1,3.25,LOW,20.0,0.0,15.0,0.0,0.0,2,0.0,0.0,False,1,False,False
R2193,R2193,U603,U603,I100,I100,1,1,17.25,LOW,20.0,0.0,25.0,20.0,30.0,5,15.0,5.0,False,2,False,False
R2194,R2194,U104,U104,I374,I374,2,2,2.25,LOW,0.0,0.0,15.0,0.0,0.0,2,0.0,0.0,False,0,False,False
R2195,R2195,U648,U648,I6,I6,1,1,7.75,LOW,20.0,0.0,25.0,0.0,0.0,4,15.0,5.0,False,2,False,False
R2196,R2196,U519,U519,I200,I200,1,1,7.75,LOW,20.0,0.0,25.0,0.0,0.0,3,15.0,5.0,False,2,False,False
R2197,R2197,U281,U281,I87,I87,5,5,7.75,LOW,20.0,0.0,25.0,0.0,0.0,2,15.0,5.0,False,2,False,False
R2198,R2198,U992,U992,I11,I11,4,4,0.0,LOW,0.0,0.0,0.0,0.0,0.0,3,0.0,0.0,False,0,False,False
R2199,R2199,U658,U658,I307,I307,3,3,6.0,LOW,0.0,0.0,25.0,0.0,0.0,1,15.0,0.0,False,1,False,False
R2200,R2200,U185,U185,I82,I82,2,2,2.25,LOW,0.0,0.0,15.0,0.0,0.0,4,0.0,0.0,False,0,False,False
R2201,R2201,U417,U417,I309,I309,2,2,25.25,LOW,0.0,0.0,25.0,20.0,45.0,7,40.0,15.0,False,3,False,False
R2202,R2202,U649,U649,I287,I287,1,1,10.0,LOW,20.0,15.0,25.0,0.0,0.0,3,15.0,5.0,False,2,False,False
R2203,R2203,U172,U172,I453,I453,1,1,7.75,LOW,20.0,0.0,25.0,0.0,0.0,4,15.0,5.0,False,2,False,False
R2204,R2204,U801,U801,I487,I487,4,4,6.0,LOW,0.0,0.0,25.0,0.0,0.0,3,15.0,0.0,False,1,False,False
R2205,R2205,U200,U200,I10,I10,2,2,2.25,LOW,0.0,0.0,15.0,0.0,0.0,2,0.0,0.0,False,0,False,False
R2206,R2206,U804,U804,I88,I88,4,4,6.0,LOW,0.0,0.0,25.0,0.0,0.0,3,15.0,0.0,False,1,False,False
R2207,R2207,U727,U727,I216,I216,2,2,6.0,LOW,0.0,0.0,25.0,0.0,0.0,4,15.0,0.0,False,1,False,False
R2208,R2208,U718,U718,I412,I412,5,5,2.5,LOW,20.0,10.0,0.0,0.0,0.0,1,0.0,0.0,False,1,False,False
R2209,R2209,U372,U372,I122,I122,4,4,2.25,LOW,0.0,0.0,15.0,0.0,0.0,3,0.0,0.0,False,0,False,False
R2210,R2210,U650,U650,I147,I147,1,1,9.25,LOW,20.0,10.0,25.0,0.0,0.0,4,15.0,5.0,False,2,False,False
R2211,R2211,U828,U828,I167,I167,4,4,6.0,LOW,0.0,0.0,25.0,0.0,0.0,3,15.0,0.0,False,1,False,False
R2212,R2212,U94,U94,I413,I413,3,3,11.75,LOW,0.0,0.0,15.0,20.0,30.0,6,0.0,0.0,False,0,False,False
R2213,R2213,U400,U400,I484,I484,5,5,7.75,LOW,20.0,0.0,25.0,0.0,0.0,4,15.0,5.0,False,2,False,False
R2214,R2214,U922,U922,I208,I208,4,4,2.25,LOW,0.0,0.0,15.0,0.0,0.0,3,0.0,0.0,False,0,False,False
R2215,R2215,U50,U50,I368,I368,4,4,6.0,LOW,0.0,0.0,25.0,0.0,0.0,2,15.0,0.0,False,1,False,False
R2216,R2216,U924,U924,I252,I252,2,2,17.0,LOW,0.0,10.0,25.0,20.0,30.0,5,15.0,0.0,False,1,False,False
R2217,R2217,U661,U661,I155,I155,3,3,2.25,LOW,0.0,0.0,15.0,0.0,0.0,4,0.0,0.0,False,0,False,False
R2218,R2218,U224,U224,I130,I130,3,3,2.25,LOW,0.0,0.0,15.0,0.0,0.0,4,0.0,0.0,False,0,False,False
R2219,R2219,U67,U67,I143,I143,4,4,6.0,LOW,0.0,0.0,25.0,0.0,0.0,2,15.0,0.0,False,1,False,False
R2220,R2220,U439,U439,I458,I458,5,5,3.25,LOW,20.0,0.0,15.0,0.0,0.0,3,0.0,0.0,False,1,False,False
R2221,R2221,U678,U678,I421,I421,4,4,6.0,LOW,0.0,0.0,25.0,0.0,0.0,2,15.0,0.0,False,1,False,False
R2222,R2222,U949,U949,I447,I447,5,5,4.75,LOW,20.0,10.0,15.0,0.0,0.0,3,0.0,0.0,False,1,False,False
R2223,R2223,U682,U682,I382,I382,3,3,3.75,LOW,0.0,10.0,15.0,0.0,0.0,2,0.0,0.0,False,0,False,False
R2224,R2224,U203,U203,I402,I402,3,3,0.0,LOW,0.0,0.0,0.0,0.0,0.0,1,0.0,0.0,False,0,False,False
R2225,R2225,U759,U759,I438,I438,2,2,2.25,LOW,0.0,0.0,15.0,0.0,0.0,2,0.0,0.0,False,0,False,False
R2226,R2226,U962,U962,I474,I474,3,3,6.0,LOW,0.0,0.0,25.0,0.0,0.0,3,15.0,0.0,False,1,False,False
R2227,R2227,U560,U560,I483,I483,4,4,6.0,LOW,0.0,0.0,25.0,0.0,0.0,2,15.0,0.0,False,1,False,False
R2228,R2228,U163,U163,I437,I437,4,4,0.0,LOW,0.0,0.0,0.0,0.0,0.0,2,0.0,0.0,False,0,False,False
R2229,R2229,U221,U221,I222,I222,4,4,15.5,LOW,0.0,0.0,25.0,20.0,30.0,5,15.0,0.0,False,1,False,False
R2230,R2230,U530,U530,I160,I160,2,2,6.0,LOW,0.0,0.0,25.0,0.0,0.0,4,15.0,0.0,False,1,False,False
R2231,R2231,U30,U30,I440,I440,4,4,27.5,LOW,0.0,15.0,25.0,20.0,45.0,7,40.0,15.0,False,3,False,False
R2232,R2232,U373,U373,I268,I268,4,4,2.25,LOW,0.0,0.0,15.0,0.0,0.0,4,0.0,0.0,False,0,False,False
R2233,R2233,U946,U946,I260,I260,5,5,3.25,LOW,20.0,0.0,15.0,0.0,0.0,2,0.0,0.0,False,1,False,False
R2234,R2234,U249,U249,I81,I81,4,4,15.5,LOW,0.0,0.0,25.0,20.0,30.0,5,15.0,0.0,False,1,False,False
R2235,R2235,U574,U574,I111,I111,3,3,6.0,LOW,0.0,0.0,25.0,0.0,0.0,2,15.0,0.0,False,1,False,False
R2236,R2236,U249,U249,I446,I446,4,4,2.25,LOW,0.0,0.0,15.0,0.0,0.0,3,0.0,0.0,False,0,False,False
R2237,R2237,U707,U707,I172,I172,5,5,3.25,LOW,20.0,0.0,15.0,0.0,0.0,4,0.0,0.0,False,1,False,False
R2238,R2238,U364,U364,I12,I12,3,3,2.25,LOW,0.0,0.0,15.0,0.0,0.0,2,0.0,0.0,False,0,False,False
R2239,R2239,U818,U818,I30,I30,3,3,2.25,LOW,0.0,0.0,15.0,0.0,0.0,2,0.0,0.0,False,0,False,False
R2240,R2240,U32,U32,I305,I305,2,2,2.25,LOW,0.0,0.0,15.0,0.0,0.0,2,0.0,0.0,False,0,False,False
R2241,R2241,U275,U275,I205,I205,4,4,6.0,LOW,0.0,0.0,25.0,0.0,0.0,3,15.0,0.0,False,1,False,False
R2242,R2242,U750,U750,I421,I421,1,1,14.5,LOW,20.0,25.0,25.0,0.0,0.0,2,25.0,15.0,False,3,False,False
R2243,R2243,U468,U468,I100,I100,3,3,6.0,LOW,0.0,0.0,25.0,0.0,0.0,2,15.0,0.0,False,1,False,False
R2244,R2244,U939,U939,I388,I388,5,5,3.25,LOW,20.0,0.0,15.0,0.0,0.0,4,0.0,0.0,False,1,False,False
R2245,R2245,U200,U200,I290,I290,1,1,3.25,LOW,20.0,0.0,15.0,0.0,0.0,3,0.0,0.0,False,1,False,False
R2246,R2246,U478,U478,I228,I228,2,2,2.25,LOW,0.0,0.0,15.0,0.0,0.0,1,0.0,0.0,False,0,False,False
R2247,R2247,U501,U501,I464,I464,2,2,2.25,LOW,0.0,0.0,15.0,0.0,0.0,2,0.0,0.0,False,0,False,False
R2248,R2248,U322,U322,I138,I138,3,3,0.0,LOW,0.0,0.0,0.0,0.0,0.0,3,0.0,0.0,False,0,False,False
R2249,R2249,U643,U643,I496,I496,1,1,17.25,LOW,20.0,0.0,25.0,20.0,30.0,6,15.0,5.0,False,2,False,False
R2250,R2250,U575,U575,I473,I473,1,1,2.5,LOW,20.0,10.0,0.0,0.0,0.0,2,0.0,0.0,False,1,False,False
R2251,R2251,U431,U431,I70,I70,3,3,2.25,LOW,0.0,0.0,15.0,0.0,0.0,1,0.0,0.0,False,0,False,False
R2252,R2252,U359,U359,I56,I56,3,3,6.0,LOW,0.0,0.0,25.0,0.0,0.0,2,15.0,0.0,False,1,False,False
R2253,R2253,U692,U692,I67,I67,1,1,35.75,MEDIUM,20.0,0.0,25.0,20.0,45.0,7,40.0,25.0,False,4,True,False
R2254,R2254,U351,U351,I11,I11,2,2,0.0,LOW,0.0,0.0,0.0,0.0,0.0,2,0.0,0.0,False,0,False,False
R2255,R2255,U96,U96,I159,I159,2,2,6.0,LOW,0.0,0.0,25.0,0.0,0.0,4,15.0,0.0,False,1,False,False
R2256,R2256,U232,U232,I452,I452,1,1,3.25,LOW,20.0,0.0,15.0,0.0,0.0,3,0.0,0.0,False,1,False,False
R2257,R2257,U930,U930,I237,I237,5,5,7.75,LOW,20.0,0.0,25.0,0.0,0.0,4,15.0,5.0,False,2,False,False
R2258,R2258,U790,U790,I350,I350,2,2,6.0,LOW,0.0,0.0,25.0,0.0,0.0,4,15.0,0.0,False,1,False,False
R2259,R2259,U768,U768,I251,I251,5,5,7.75,LOW,20.0,0.0,25.0,0.0,0.0,3,15.0,5.0,False,2,False,False
R2260,R2260,U338,U338,I96,I96,1,1,1.0,LOW,20.0,0.0,0.0,0.0,0.0,1,0.0,0.0,False,1,False,False
R2261,R2261,U742,U742,I463,I463,1,1,2.5,LOW,20.0,10.0,0.0,0.0,0.0,2,0.0,0.0,False,1,False,False
R2262,R2262,U145,U145,I122,I122,3,3,2.25,LOW,0.0,0.0,15.0,0.0,0.0,3,0.0,0.0,False,0,False,False
R2263,R2263,U29,U29,I140,I140,2,2,0.0,LOW,0.0,0.0,0.0,0.0,0.0,2,0.0,0.0,False,0,False,False
R2264,R2264,U366,U366,I94,I94,4,4,3.75,LOW,0.0,10.0,15.0,0.0,0.0,3,0.0,0.0,False,0,False,False
R2265,R2265,U152,U152,I282,I282,4,4,2.25,LOW,0.0,0.0,15.0,0.0,0.0,2,0.0,0.0,False,0,False,False
R2266,R2266,U389,U389,I463,I463,2,2,0.0,LOW,0.0,0.0,0.0,0.0,0.0,3,0.0,0.0,False,0,False,False
R2267,R2267,U352,U352,I56,I56,1,1,9.25,LOW,20.0,10.0,25.0,0.0,0.0,4,15.0,5.0,False,2,False,False
R2268,R2268,U372,U372,I253,I253,2,2,9.25,LOW,0.0,0.0,15.0,40.0,0.0,2,20.0,0.0,False,1,False,False
R2269,R2269,U197,U197,I283,I283,3,3,4.5,LOW,0.0,15.0,15.0,0.0,0.0,4,0.0,0.0,False,0,False,False
R2270,R2270,U299,U299,I175,I175,1,1,3.25,LOW,20.0,0.0,15.0,0.0,0.0,1,0.0,0.0,False,1,False,False
R2271,R2271,U647,U647,I387,I387,4,4,3.75,LOW,0.0,10.0,15.0,0.0,0.0,3,0.0,0.0,False,0,False,False
R2272,R2272,U817,U817,I309,I309,1,1,17.25,LOW,20.0,0.0,25.0,20.0,30.0,5,15.0,5.0,False,2,False,False
R2273,R2273,U237,U237,I165,I165,1,1,3.25,LOW,20.0,0.0,15.0,0.0,0.0,4,0.0,0.0,False,1,False,False
R2274,R2274,U488,U488,I340,I340,3,3,2.25,LOW,0.0,0.0,15.0,0.0,0.0,4,0.0,0.0,False,0,False,False
R2275,R2275,U848,U848,I183,I183,3,3,0.0,LOW,0.0,0.0,0.0,0.0,0.0,1,0.0,0.0,False,0,False,False
R2276,R2276,U700,U700,I112,I112,4,4,11.75,LOW,0.0,0.0,15.0,20.0,30.0,5,0.0,0.0,False,0,False,False
R2277,R2277,U32,U32,I472,I472,4,4,6.0,LOW,0.0,0.0,25.0,0.0,0.0,2,15.0,0.0,False,1,False,False
R2278,R2278,U485,U485,I95,I95,5,5,10.0,LOW,20.0,15.0,25.0,0.0,0.0,3,15.0,5.0,False,2,False,False
R2279,R2279,U425,U425,I233,I233,2,2,2.25,LOW,0.0,0.0,15.0,0.0,0.0,2,0.0,0.0,False,0,False,False
R2280,R2280,U452,U452,I128,I128,4,4,0.0,LOW,0.0,0.0,0.0,0.0,0.0,3,0.0,0.0,False,0,False,False
R2281,R2281,U863,U863,I71,I71,1,1,12.75,LOW,20.0,0.0,15.0,20.0,30.0,6,0.0,0.0,False,1,False,False
R2282,R2282,U325,U325,I425,I425,4,4,6.0,LOW,0.0,0.0,25.0,0.0,0.0,4,15.0,0.0,False,1,False,False
R2283,R2283,U986,U986,I216,I216,2,2,6.0,LOW,0.0,0.0,25.0,0.0,0.0,4,15.0,0.0,False,1,False,False
R2284,R2284,U435,U435,I131,I131,1,1,1.0,LOW,20.0,0.0,0.0,0.0,0.0,1,0.0,0.0,False,1,False,False
R2285,R2285,U771,U771,I217,I217,1,1,3.25,LOW,20.0,0.0,15.0,0.0,0.0,1,0.0,0.0,False,1,False,False
R2286,R2286,U263,U263,I269,I269,1,1,3.25,LOW,20.0,0.0,15.0,0.0,0.0,2,0.0,0.0,False,1,False,False
R2287,R2287,U999,U999,I401,I401,4,4,0.0,LOW,0.0,0.0,0.0,0.0,0.0,1,0.0,0.0,False,0,False,False
R2288,R2288,U163,U163,I7,I7,5,5,1.0,LOW,20.0,0.0,0.0,0.0,0.0,2,0.0,0.0,False,1,False,False
R2289,R2289,U955,U955,I30,I30,4,4,2.25,LOW,0.0,0.0,15.0,0.0,0.0,2,0.0,0.0,False,0,False,False
R2290,R2290,U239,U239,I42,I42,5,5,7.75,LOW,20.0,0.0,25.0,0.0,0.0,2,15.0,5.0,False,2,False,False
R2291,R2291,U246,U246,I10,I10,2,2,2.25,LOW,0.0,0.0,15.0,0.0,0.0,2,0.0,0.0,False,0,False,False
R2292,R2292,U612,U612,I172,I172,1,1,3.25,LOW,20.0,0.0,15.0,0.0,0.0,2,0.0,0.0,False,1,False,False
R2293,R2293,U762,U762,I252,I252,1,1,7.75,LOW,20.0,0.0,25.0,0.0,0.0,2,15.0,5.0,False,2,False,False
R2294,R2294,U343,U343,I16,I16,3,3,15.5,LOW,0.0,0.0,25.0,20.0,30.0,5,15.0,0.0,False,1,False,False
R2295,R2295,U630,U630,I420,I420,5,5,3.25,LOW,20.0,0.0,15.0,0.0,0.0,4,0.0,0.0,False,1,False,False
R2296,R2296,U146,U146,I469,I469,2,2,7.5,LOW,0.0,10.0,25.0,0.0,0.0,2,15.0,0.0,False,1,False,False
R2297,R2297,U720,U720,I370,I370,4,4,15.5,LOW,0.0,0.0,25.0,20.0,30.0,6,15.0,0.0,False,1,False,False
R2298,R2298,U233,U233,I346,I346,1,1,10.0,LOW,20.0,15.0,25.0,0.0,0.0,4,15.0,5.0,False,2,False,False
R2299,R2299,U975,U975,I389,I389,2,2,15.5,LOW,0.0,0.0,25.0,20.0,30.0,5,15.0,0.0,False,1,False,False
R2300,R2300,U800,U800,I117,I117,5,5,3.25,LOW,20.0,0.0,15.0,0.0,0.0,2,0.0,0.0,False,1,False,False
R2301,R2301,U543,U543,I490,I490,1,1,3.25,LOW,20.0,0.0,15.0,0.0,0.0,1,0.0,0.0,False,1,False,False
R2302,R2302,U514,U514,I176,I176,1,1,14.5,LOW,20.0,25.0,25.0,0.0,0.0,2,25.0,15.0,False,3,False,False
R2303,R2303,U298,U298,I332,I332,2,2,2.25,LOW,0.0,0.0,15.0,0.0,0.0,3,0.0,0.0,False,0,False,False
R2304,R2304,U148,U148,I189,I189,5,5,4.75,LOW,20.0,10.0,15.0,0.0,0.0,2,0.0,0.0,False,1,False,False
R2305,R2305,U410,U410,I152,I152,3,3,8.25,LOW,0.0,15.0,25.0,0.0,0.0,2,15.0,0.0,False,1,False,False
R2306,R2306,U879,U879,I347,I347,2,2,2.25,LOW,0.0,0.0,15.0,0.0,0.0,2,0.0,0.0,False,0,False,False
R2307,R2307,U179,U179,I402,I402,2,2,0.0,LOW,0.0,0.0,0.0,0.0,0.0,1,0.0,0.0,False,0,False,False
R2308,R2308,U252,U252,I130,I130,2,2,2.25,LOW,0.0,0.0,15.0,0.0,0.0,2,0.0,0.0,False,0,False,False
R2309,R2309,U370,U370,I392,I392,3,3,6.0,LOW,0.0,0.0,25.0,0.0,0.0,3,15.0,0.0,False,1,False,False
R2310,R2310,U387,U387,I238,I238,2,2,8.25,LOW,0.0,15.0,25.0,0.0,0.0,3,15.0,0.0,False,1,False,False
R2311,R2311,U624,U624,I32,I32,1,1,7.75,LOW,20.0,0.0,25.0,0.0,0.0,4,15.0,5.0,False,2,False,False
R2312,R2312,U339,U339,I149,I149,5,5,3.25,LOW,20.0,0.0,15.0,0.0,0.0,4,0.0,0.0,False,1,False,False
R2313,R2313,U766,U766,I146,I146,3,3,6.0,LOW,0.0,0.0,25.0,0.0,0.0,4,15.0,0.0,False,1,False,False
R2314,R2314,U916,U916,I43,I43,5,5,12.75,LOW,20.0,0.0,15.0,20.0,30.0,5,0.0,0.0,False,1,False,False
R2315,R2315,U207,U207,I331,I331,3,3,2.25,LOW,0.0,0.0,15.0,0.0,0.0,1,0.0,0.0,False,0,False,False
R2316,R2316,U446,U446,I452,I452,5,5,3.25,LOW,20.0,0.0,15.0,0.0,0.0,2,0.0,0.0,False,1,False,False
R2317,R2317,U230,U230,I468,I468,1,1,7.75,LOW,20.0,0.0,25.0,0.0,0.0,2,15.0,5.0,False,2,False,False
R2318,R2318,U702,U702,I334,I334,2,2,2.25,LOW,0.0,0.0,15.0,0.0,0.0,2,0.0,0.0,False,0,False,False
R2319,R2319,U599,U599,I247,I247,4,4,0.0,LOW,0.0,0.0,0.0,0.0,0.0,2,0.0,0.0,False,0,False,False
R2320,R2320,U694,U694,I328,I328,1,1,1.0,LOW,20.0,0.0,0.0,0.0,0.0,1,0.0,0.0,False,1,False,False
R2321,R2321,U16,U16,I208,I208,2,2,2.25,LOW,0.0,0.0,15.0,0.0,0.0,3,0.0,0.0,False,0,False,False
R2322,R2322,U598,U598,I58,I58,4,4,15.5,LOW,0.0,0.0,25.0,20.0,30.0,6,15.0,0.0,False,1,False,False
R2323,R2323,U129,U129,I199,I199,3,3,2.25,LOW,0.0,0.0,15.0,0.0,0.0,4,0.0,0.0,False,0,False,False
R2324,R2324,U931,U931,I231,I231,2,2,8.25,LOW,0.0,15.0,25.0,0.0,0.0,2,15.0,0.0,False,1,False,False
R2325,R2325,U521,U521,I57,I57,4,4,2.25,LOW,0.0,0.0,15.0,0.0,0.0,2,0.0,0.0,False,0,False,False
R2326,R2326,U701,U701,I314,I314,1,1,7.75,LOW,20.0,0.0,25.0,0.0,0.0,4,15.0,5.0,False,2,False,False
R2327,R2327,U54,U54,I374,I374,5,5,3.25,LOW,20.0,0.0,15.0,0.0,0.0,2,0.0,0.0,False,1,False,False
R2328,R2328,U234,U234,I419,I419,5,5,19.5,LOW,20.0,15.0,25.0,20.0,30.0,6,15.0,5.0,False,2,False,False
R2329,R2329,U160,U160,I50,I50,5,5,7.75,LOW,20.0,0.0,25.0,0.0,0.0,3,15.0,5.0,False,2,False,False
R2330,R2330,U252,U252,I203,I203,5,5,17.25,LOW,20.0,0.0,25.0,20.0,30.0,5,15.0,5.0,False,2,False,False
R2331,R2331,U805,U805,I164,I164,4,4,2.25,LOW,0.0,0.0,15.0,0.0,0.0,2,0.0,0.0,False,0,False,False
R2332,R2332,U695,U695,I235,I235,4,4,6.0,LOW,0.0,0.0,25.0,0.0,0.0,3,15.0,0.0,False,1,False,False
R2333,R2333,U116,U116,I395,I395,1,1,3.25,LOW,20.0,0.0,15.0,0.0,0.0,1,0.0,0.0,False,1,False,False
R2334,R2334,U140,U140,I289,I289,5,5,1.0,LOW,20.0,0.0,0.0,0.0,0.0,3,0.0,0.0,False,1,False,False
R2335,R2335,U462,U462,I249,I249,1,1,3.25,LOW,20.0,0.0,15.0,0.0,0.0,1,0.0,0.0,False,1,False,False
R2336,R2336,U658,U658,I149,I149,3,3,2.25,LOW,0.0,0.0,15.0,0.0,0.0,3,0.0,0.0,False,0,False,False
R2337,R2337,U758,U758,I316,I316,1,1,7.75,LOW,20.0,0.0,25.0,0.0,0.0,3,15.0,5.0,False,2,False,False
R2338,R2338,U884,U884,I100,I100,1,1,19.5,LOW,20.0,15.0,25.0,20.0,30.0,5,15.0,5.0,False,2,False,False
R2339,R2339,U280,U280,I162,I162,1,1,5.5,LOW,20.0,15.0,15.0,0.0,0.0,2,0.0,0.0,False,1,False,False
R2340,R2340,U828,U828,I90,I90,1,1,7.75,LOW,20.0,0.0,25.0,0.0,0.0,4,15.0,5.0,False,2,False,False
R2341,R2341,U794,U794,I330,I330,4,4,6.0,LOW,0.0,0.0,25.0,0.0,0.0,4,15.0,0.0,False,1,False,False
R2342,R2342,U826,U826,I266,I266,2,2,2.25,LOW,0.0,0.0,15.0,0.0,0.0,2,0.0,0.0,False,0,False,False
R2343,R2343,U506,U506,I284,I284,5,5,9.25,LOW,20.0,10.0,25.0,0.0,0.0,2,15.0,5.0,False,2,False,False
R2344,R2344,U908,U908,I109,I109,3,3,0.0,LOW,0.0,0.0,0.0,0.0,0.0,2,0.0,0.0,False,0,False,False
R2345,R2345,U354,U354,I450,I450,1,1,14.25,LOW,20.0,10.0,15.0,20.0,30.0,5,0.0,0.0,False,1,False,False
R2346,R2346,U608,U608,I161,I161,5,5,3.25,LOW,20.0,0.0,15.0,0.0,0.0,1,0.0,0.0,False,1,False,False
R2347,R2347,U463,U463,I389,I389,4,4,6.0,LOW,0.0,0.0,25.0,0.0,0.0,2,15.0,0.0,False,1,False,False
R2348,R2348,U243,U243,I332,I332,1,1,3.25,LOW,20.0,0.0,15.0,0.0,0.0,3,0.0,0.0,False,1,False,False
R2349,R2349,U8,U8,I309,I309,2,2,25.25,LOW,0.0,0.0,25.0,20.0,45.0,7,40.0,15.0,False,3,False,False
R2350,R2350,U417,U417,I350,I350,4,4,6.0,LOW,0.0,0.0,25.0,0.0,0.0,3,15.0,0.0,False,1,False,False
R2351,R2351,U356,U356,I152,I152,1,1,7.75,LOW,20.0,0.0,25.0,0.0,0.0,3,15.0,5.0,False,2,False,False
R2352,R2352,U728,U728,I370,I370,2,2,7.5,LOW,0.0,10.0,25.0,0.0,0.0,4,15.0,0.0,False,1,False,False
R2353,R2353,U807,U807,I217,I217,5,5,12.75,LOW,20.0,0.0,15.0,20.0,30.0,5,0.0,0.0,False,1,False,False
R2354,R2354,U98,U98,I22,I22,1,1,17.25,LOW,20.0,0.0,25.0,20.0,30.0,5,15.0,5.0,False,2,False,False
R2355,R2355,U850,U850,I281,I281,2,2,2.25,LOW,0.0,0.0,15.0,0.0,0.0,4,0.0,0.0,False,0,False,False
R2356,R2356,U176,U176,I36,I36,1,1,2.5,LOW,20.0,10.0,0.0,0.0,0.0,2,0.0,0.0,False,1,False,False
R2357,R2357,U321,U321,I51,I51,2,2,2.25,LOW,0.0,0.0,15.0,0.0,0.0,4,0.0,0.0,False,0,False,False
R2358,R2358,U287,U287,I192,I192,1,1,3.25,LOW,20.0,0.0,15.0,0.0,0.0,4,0.0,0.0,False,1,False,False
R2359,R2359,U558,U558,I158,I158,2,2,2.25,LOW,0.0,0.0,15.0,0.0,0.0,2,0.0,0.0,False,0,False,False
R2360,R2360,U2,U2,I50,I50,2,2,6.0,LOW,0.0,0.0,25.0,0.0,0.0,4,15.0,0.0,False,1,False,False
R2361,R2361,U673,U673,I280,I280,2,2,4.5,LOW,0.0,15.0,15.0,0.0,0.0,1,0.0,0.0,False,0,False,False
R2362,R2362,U815,U815,I120,I120,2,2,3.75,LOW,0.0,10.0,15.0,0.0,0.0,3,0.0,0.0,False,0,False,False
R2363,R2363,U789,U789,I281,I281,2,2,2.25,LOW,0.0,0.0,15.0,0.0,0.0,4,0.0,0.0,False,0,False,False
R2364,R2364,U748,U748,I39,I39,4,4,0.0,LOW,0.0,0.0,0.0,0.0,0.0,1,0.0,0.0,False,0,False,False
R2365,R2365,U124,U124,I370,I370,4,4,15.5,LOW,0.0,0.0,25.0,20.0,30.0,6,15.0,0.0,False,1,False,False
R2366,R2366,U425,U425,I430,I430,1,1,7.75,LOW,20.0,0.0,25.0,0.0,0.0,3,15.0,5.0,False,2,False,False
R2367,R2367,U550,U550,I289,I289,1,1,1.0,LOW,20.0,0.0,0.0,0.0,0.0,1,0.0,0.0,False,1,False,False
R2368,R2368,U960,U960,I359,I359,4,4,6.0,LOW,0.0,0.0,25.0,0.0,0.0,2,15.0,0.0,False,1,False,False
R2369,R2369,U755,U755,I194,I194,5,5,1.0,LOW,20.0,0.0,0.0,0.0,0.0,2,0.0,0.0,False,1,False,False
R2370,R2370,U477,U477,I383,I383,5,5,7.75,LOW,20.0,0.0,25.0,0.0,0.0,2,15.0,5.0,False,2,False,False
R2371,R2371,U723,U723,I156,I156,4,4,15.5,LOW,0.0,0.0,25.0,20.0,30.0,5,15.0,0.0,False,1,False,False
R2372,R2372,U493,U493,I94,I94,1,1,5.5,LOW,20.0,15.0,15.0,0.0,0.0,3,0.0,0.0,False,1,False,False
R2373,R2373,U23,U23,I181,I181,2,2,4.5,LOW,0.0,15.0,15.0,0.0,0.0,1,0.0,0.0,False,0,False,False
R2374,R2374,U263,U263,I357,I357,1,1,17.25,LOW,20.0,0.0,25.0,20.0,30.0,5,15.0,5.0,False,2,False,False
R2375,R2375,U989,U989,I242,I242,1,1,1.0,LOW,20.0,0.0,0.0,0.0,0.0,2,0.0,0.0,False,1,False,False
R2376,R2376,U116,U116,I222,I222,2,2,6.0,LOW,0.0,0.0,25.0,0.0,0.0,4,15.0,0.0,False,1,False,False
R2377,R2377,U574,U574,I186,I186,1,1,3.25,LOW,20.0,0.0,15.0,0.0,0.0,4,0.0,0.0,False,1,False,False
R2378,R2378,U687,U687,I272,I272,5,5,3.25,LOW,20.0,15.0,0.0,0.0,0.0,1,0.0,0.0,False,1,False,False
R2379,R2379,U106,U106,I92,I92,2,2,8.25,LOW,0.0,15.0,25.0,0.0,0.0,4,15.0,0.0,False,1,False,False
R2380,R2380,U6,U6,I270,I270,3,3,6.0,LOW,0.0,0.0,25.0,0.0,0.0,4,15.0,0.0,False,1,False,False
R2381,R2381,U783,U783,I56,I56,5,5,17.25,LOW,20.0,0.0,25.0,20.0,30.0,5,15.0,5.0,False,2,False,False
R2382,R2382,U82,U82,I318,I318,3,3,0.0,LOW,0.0,0.0,0.0,0.0,0.0,2,0.0,0.0,False,0,False,False
R2383,R2383,U311,U311,I185,I185,3,3,2.25,LOW,0.0,0.0,15.0,0.0,0.0,3,0.0,0.0,False,0,False,False
R2384,R2384,U430,U430,I310,I310,4,4,2.25,LOW,0.0,0.0,15.0,0.0,0.0,4,0.0,0.0,False,0,False,False
R2385,R2385,U631,U631,I202,I202,3,3,6.0,LOW,0.0,0.0,25.0,0.0,0.0,2,15.0,0.0,False,1,False,False
R2386,R2386,U398,U398,I421,I421,1,1,7.75,LOW,20.0,0.0,25.0,0.0,0.0,2,15.0,5.0,False,2,False,False
R2387,R2387,U190,U190,I232,I232,4,4,2.25,LOW,0.0,0.0,15.0,0.0,0.0,1,0.0,0.0,False,0,False,False
R2388,R2388,U80,U80,I120,I120,4,4,11.75,LOW,0.0,0.0,15.0,20.0,30.0,5,0.0,0.0,False,0,False,False
R2389,R2389,U751,U751,I350,I350,1,1,7.75,LOW,20.0,0.0,25.0,0.0,0.0,4,15.0,5.0,False,2,False,False
R2390,R2390,U773,U773,I345,I345,5,5,7.75,LOW,20.0,0.0,25.0,0.0,0.0,4,15.0,5.0,False,2,False,False
R2391,R2391,U425,U425,I384,I384,2,2,15.5,LOW,0.0,0.0,25.0,20.0,30.0,5,15.0,0.0,False,1,False,False
R2392,R2392,U246,U246,I299,I299,3,3,6.0,LOW,0.0,0.0,25.0,0.0,0.0,3,15.0,0.0,False,1,False,False
R2393,R2393,U109,U109,I68,I68,4,4,6.0,LOW,0.0,0.0,25.0,0.0,0.0,4,15.0,0.0,False,1,False,False
R2394,R2394,U945,U945,I397,I397,4,4,2.25,LOW,0.0,0.0,15.0,0.0,0.0,2,0.0,0.0,False,0,False,False
R2395,R2395,U224,U224,I481,I481,1,1,1.0,LOW,20.0,0.0,0.0,0.0,0.0,1,0.0,0.0,False,1,False,False
R2396,R2396,U372,U372,I253,I253,2,2,9.25,LOW,0.0,0.0,15.0,40.0,0.0,2,20.0,0.0,False,1,False,False
R2397,R2397,U100,U100,I100,I100,5,5,52.5,HIGH,20.0,0.0,25.0,20.0,60.0,11,60.0,25.0,False,4,True,False
R2398,R2398,U489,U489,I382,I382,3,3,2.25,LOW,0.0,0.0,15.0,0.0,0.0,2,0.0,0.0,False,0,False,False
R2399,R2399,U169,U169,I373,I373,2,2,15.5,LOW,0.0,0.0,25.0,20.0,30.0,6,15.0,0.0,False,1,False,False
R2400,R2400,U703,U703,I335,I335,3,3,6.0,LOW,0.0,0.0,25.0,0.0,0.0,4,15.0,0.0,False,1,False,False
R2401,R2401,U389,U389,I492,I492,1,1,3.25,LOW,20.0,0.0,15.0,0.0,0.0,1,0.0,0.0,False,1,False,False
R2402,R2402,U304,U304,I403,I403,4,4,15.5,LOW,0.0,0.0,25.0,20.0,30.0,5,15.0,0.0,False,1,False,False
R2403,R2403,U180,U180,I253,I253,4,4,2.25,LOW,0.0,0.0,15.0,0.0,0.0,2,0.0,0.0,False,0,False,False
R2404,R2404,U744,U744,I111,I111,1,1,7.75,LOW,20.0,0.0,25.0,0.0,0.0,4,15.0,5.0,False,2,False,False
R2405,R2405,U974,U974,I348,I348,1,1,7.75,LOW,20.0,0.0,25.0,0.0,0.0,4,15.0,5.0,False,2,False,False
R2406,R2406,U824,U824,I234,I234,4,4,6.0,LOW,0.0,0.0,25.0,0.0,0.0,1,15.0,0.0,False,1,False,False
R2407,R2407,U700,U700,I152,I152,2,2,6.0,LOW,0.0,0.0,25.0,0.0,0.0,4,15.0,0.0,False,1,False,False
R2408,R2408,U687,U687,I52,I52,3,3,8.25,LOW,0.0,15.0,25.0,0.0,0.0,4,15.0,0.0,False,1,False,False
R2409,R2409,U302,U302,I261,I261,2,2,0.0,LOW,0.0,0.0,0.0,0.0,0.0,1,0.0,0.0,False,0,False,False
R2410,R2410,U615,U615,I203,I203,5,5,17.25,LOW,20.0,0.0,25.0,20.0,30.0,5,15.0,5.0,False,2,False,False
R2411,R2411,U431,U431,I106,I106,4,4,6.0,LOW,0.0,0.0,25.0,0.0,0.0,3,15.0,0.0,False,1,False,False
R2412,R2412,U490,U490,I13,I13,3,3,2.25,LOW,0.0,0.0,15.0,0.0,0.0,2,0.0,0.0,False,0,False,False
R2413,R2413,U320,U320,I193,I193,5,5,3.25,LOW,20.0,0.0,15.0,0.0,0.0,1,0.0,0.0,False,1,False,False
R2414,R2414,U396,U396,I303,I303,5,5,3.25,LOW,20.0,0.0,15.0,0.0,0.0,2,0.0,0.0,False,1,False,False
R2415,R2415,U949,U949,I11,I11,2,2,1.5,LOW,0.0,10.0,0.0,0.0,0.0,2,0.0,0.0,False,0,False,False
R2416,R2416,U564,U564,I286,I286,2,2,15.5,LOW,0.0,0.0,25.0,20.0,30.0,6,15.0,0.0,False,1,False,False
R2417,R2417,U28,U28,I142,I142,5,5,7.75,LOW,20.0,0.0,25.0,0.0,0.0,4,15.0,5.0,False,2,False,False
R2418,R2418,U498,U498,I349,I349,5,5,3.25,LOW,20.0,0.0,15.0,0.0,0.0,2,0.0,0.0,False,1,False,False
R2419,R2419,U233,U233,I205,I205,2,2,8.25,LOW,0.0,15.0,25.0,0.0,0.0,4,15.0,0.0,False,1,False,False
R2420,R2420,U863,U863,I40,I40,3,3,15.5,LOW,0.0,0.0,25.0,20.0,30.0,6,15.0,0.0,False,1,False,False
R2421,R2421,U998,U998,I92,I92,2,2,6.0,LOW,0.0,0.0,25.0,0.0,0.0,4,15.0,0.0,False,1,False,False
R2422,R2422,U970,U970,I304,I304,1,1,3.25,LOW,20.0,0.0,15.0,0.0,0.0,4,0.0,0.0,False,1,False,False
R2423,R2423,U659,U659,I85,I85,4,4,2.25,LOW,0.0,0.0,15.0,0.0,0.0,2,0.0,0.0,False,0,False,False
R2424,R2424,U392,U392,I168,I168,5,5,3.25,LOW,20.0,0.0,15.0,0.0,0.0,2,0.0,0.0,False,1,False,False
R2425,R2425,U286,U286,I32,I32,1,1,7.75,LOW,20.0,0.0,25.0,0.0,0.0,4,15.0,5.0,False,2,False,False
R2426,R2426,U51,U51,I193,I193,2,2,14.0,LOW,0.0,15.0,15.0,20.0,30.0,5,0.0,0.0,False,0,False,False
R2427,R2427,U96,U96,I41,I41,5,5,3.25,LOW,20.0,0.0,15.0,0.0,0.0,2,0.0,0.0,False,1,False,False
R2428,R2428,U174,U174,I65,I65,5,5,3.25,LOW,20.0,0.0,15.0,0.0,0.0,3,0.0,0.0,False,1,False,False
R2429,R2429,U287,U287,I245,I245,1,1,7.75,LOW,20.0,0.0,25.0,0.0,0.0,4,15.0,5.0,False,2,False,False
R2430,R2430,U197,U197,I10,I10,1,1,5.5,LOW,20.0,15.0,15.0,0.0,0.0,3,0.0,0.0,False,1,False,False
R2431,R2431,U116,U116,I228,I228,5,5,3.25,LOW,20.0,0.0,15.0,0.0,0.0,4,0.0,0.0,False,1,False,False
R2432,R2432,U667,U667,I27,I27,4,4,2.25,LOW,0.0,0.0,15.0,0.0,0.0,1,0.0,0.0,False,0,False,False
R2433,R2433,U693,U693,I229,I229,5,5,10.0,LOW,20.0,15.0,25.0,0.0,0.0,2,15.0,5.0,False,2,False,False
R2434,R2434,U746,U746,I404,I404,5,5,3.25,LOW,20.0,0.0,15.0,0.0,0.0,2,0.0,0.0,False,1,False,False
R2435,R2435,U258,U258,I426,I426,5,5,1.0,LOW,20.0,0.0,0.0,0.0,0.0,1,0.0,0.0,False,1,False,False
R2436,R2436,U915,U915,I145,I145,5,5,24.75,LOW,20.0,30.0,25.0,20.0,30.0,5,25.0,15.0,False,3,False,False
R2437,R2437,U459,U459,I319,I319,5,5,18.0,LOW,20.0,0.0,30.0,20.0,30.0,5,15.0,5.0,False,2,False,False
R2438,R2438,U323,U323,I82,I82,2,2,2.25,LOW,0.0,0.0,15.0,0.0,0.0,4,0.0,0.0,False,0,False,False
R2439,R2439,U502,U502,I63,I63,1,1,5.5,LOW,20.0,15.0,15.0,0.0,0.0,3,0.0,0.0,False,1,False,False
R2440,R2440,U559,U559,I437,I437,4,4,2.25,LOW,0.0,15.0,0.0,0.0,0.0,2,0.0,0.0,False,0,False,False
R2441,R2441,U427,U427,I182,I182,5,5,18.75,LOW,20.0,10.0,25.0,20.0,30.0,5,15.0,5.0,False,2,False,False
R2442,R2442,U97,U97,I283,I283,5,5,5.5,LOW,20.0,15.0,15.0,0.0,0.0,3,0.0,0.0,False,1,False,False
R2443,R2443,U678,U678,I52,I52,1,1,7.75,LOW,20.0,0.0,25.0,0.0,0.0,4,15.0,5.0,False,2,False,False
R2444,R2444,U78,U78,I252,I252,2,2,17.75,LOW,0.0,15.0,25.0,20.0,30.0,5,15.0,0.0,False,1,False,False
R2445,R2445,U820,U820,I350,I350,3,3,6.0,LOW,0.0,0.0,25.0,0.0,0.0,4,15.0,0.0,False,1,False,False
R2446,R2446,U882,U882,I124,I124,1,1,3.25,LOW,20.0,0.0,15.0,0.0,0.0,3,0.0,0.0,False,1,False,False
R2447,R2447,U204,U204,I424,I424,1,1,7.75,LOW,20.0,0.0,25.0,0.0,0.0,4,15.0,5.0,False,2,False,False
R2448,R2448,U610,U610,I236,I236,3,3,6.0,LOW,0.0,0.0,25.0,0.0,0.0,3,15.0,0.0,False,1,False,False
R2449,R2449,U459,U459,I418,I418,2,2,2.25,LOW,0.0,0.0,15.0,0.0,0.0,4,0.0,0.0,False,0,False,False
R2450,R2450,U887,U887,I385,I385,4,4,8.25,LOW,0.0,15.0,25.0,0.0,0.0,4,15.0,0.0,False,1,False,False
R2451,R2451,U428,U428,I305,I305,3,3,3.75,LOW,0.0,10.0,15.0,0.0,0.0,2,0.0,0.0,False,0,False,False
R2452,R2452,U420,U420,I111,I111,4,4,6.0,LOW,0.0,0.0,25.0,0.0,0.0,2,15.0,0.0,False,1,False,False
R2453,R2453,U519,U519,I36,I36,1,1,1.0,LOW,20.0,0.0,0.0,0.0,0.0,2,0.0,0.0,False,1,False,False
R2454,R2454,U859,U859,I456,I456,2,2,6.0,LOW,0.0,0.0,25.0,0.0,0.0,4,15.0,0.0,False,1,False,False
R2455,R2455,U873,U873,I353,I353,5,5,3.25,LOW,20.0,0.0,15.0,0.0,0.0,3,0.0,0.0,False,1,False,False
R2456,R2456,U594,U594,I454,I454,5,5,7.75,LOW,20.0,0.0,25.0,0.0,0.0,2,15.0,5.0,False,2,False,False
R2457,R2457,U401,U401,I271,I271,2,2,17.0,LOW,0.0,10.0,25.0,20.0,30.0,6,15.0,0.0,False,1,False,False
R2458,R2458,U48,U48,I58,I58,2,2,6.0,LOW,0.0,0.0,25.0,0.0,0.0,1,15.0,0.0,False,1,False,False
R2459,R2459,U843,U843,I6,I6,4,4,6.0,LOW,0.0,0.0,25.0,0.0,0.0,2,15.0,0.0,False,1,False,False
R2460,R2460,U436,U436,I252,I252,3,3,6.0,LOW,0.0,0.0,25.0,0.0,0.0,2,15.0,0.0,False,1,False,False
R2461,R2461,U814,U814,I349,I349,2,2,2.25,LOW,0.0,0.0,15.0,0.0,0.0,3,0.0,0.0,False,0,False,False
R2462,R2462,U398,U398,I113,I113,2,2,2.25,LOW,0.0,0.0,15.0,0.0,0.0,3,0.0,0.0,False,0,False,False
R2463,R2463,U943,U943,I61,I61,2,2,2.25,LOW,0.0,0.0,15.0,0.0,0.0,4,0.0,0.0,False,0,False,False
R2464,R2464,U481,U481,I314,I314,5,5,7.75,LOW,20.0,0.0,25.0,0.0,0.0,3,15.0,5.0,False,2,False,False
R2465,R2465,U274,U274,I296,I296,1,1,7.75,LOW,20.0,0.0,25.0,0.0,0.0,4,15.0,5.0,False,2,False,False
R2466,R2466,U868,U868,I23,I23,3,3,3.75,LOW,0.0,10.0,15.0,0.0,0.0,4,0.0,0.0,False,0,False,False
R2467,R2467,U616,U616,I427,I427,1,1,17.25,LOW,20.0,0.0,25.0,20.0,30.0,6,15.0,5.0,False,2,False,False
R2468,R2468,U487,U487,I344,I344,2,2,2.25,LOW,0.0,0.0,15.0,0.0,0.0,4,0.0,0.0,False,0,False,False
R2469,R2469,U365,U365,I383,I383,3,3,7.5,LOW,0.0,10.0,25.0,0.0,0.0,1,15.0,0.0,False,1,False,False
R2470,R2470,U528,U528,I397,I397,3,3,2.25,LOW,0.0,0.0,15.0,0.0,0.0,1,0.0,0.0,False,0,False,False
R2471,R2471,U230,U230,I174,I174,4,4,2.25,LOW,0.0,0.0,15.0,0.0,0.0,3,0.0,0.0,False,0,False,False
R2472,R2472,U696,U696,I306,I306,5,5,3.25,LOW,20.0,0.0,15.0,0.0,0.0,4,0.0,0.0,False,1,False,False
R2473,R2473,U776,U776,I425,I425,1,1,7.75,LOW,20.0,0.0,25.0,0.0,0.0,4,15.0,5.0,False,2,False,False
R2474,R2474,U493,U493,I435,I435,3,3,14.0,LOW,0.0,15.0,15.0,20.0,30.0,6,0.0,0.0,False,0,False,False
R2475,R2475,U223,U223,I309,I309,2,2,27.5,LOW,0.0,15.0,25.0,20.0,45.0,7,40.0,15.0,False,3,False,False
R2476,R2476,U932,U932,I164,I164,3,3,2.25,LOW,0.0,0.0,15.0,0.0,0.0,3,0.0,0.0,False,0,False,False
R2477,R2477,U448,U448,I414,I414,3,3,3.75,LOW,0.0,10.0,15.0,0.0,0.0,4,0.0,0.0,False,0,False,False
R2478,R2478,U853,U853,I307,I307,2,2,6.0,LOW,0.0,0.0,25.0,0.0,0.0,3,15.0,0.0,False,1,False,False
R2479,R2479,U571,U571,I450,I450,1,1,12.75,LOW,20.0,0.0,15.0,20.0,30.0,5,0.0,0.0,False,1,False,False
R2480,R2480,U756,U756,I431,I431,3,3,2.25,LOW,0.0,0.0,15.0,0.0,0.0,4,0.0,0.0,False,0,False,False
R2481,R2481,U888,U888,I215,I215,2,2,6.0,LOW,0.0,0.0,25.0,0.0,0.0,3,15.0,0.0,False,1,False,False
R2482,R2482,U838,U838,I360,I360,2,2,2.25,LOW,0.0,0.0,15.0,0.0,0.0,4,0.0,0.0,False,0,False,False
R2483,R2483,U192,U192,I207,I207,1,1,10.0,LOW,20.0,15.0,25.0,0.0,0.0,4,15.0,5.0,False,2,False,False
R2484,R2484,U712,U712,I277,I277,4,4,6.0,LOW,0.0,0.0,25.0,0.0,0.0,3,15.0,0.0,False,1,False,False
R2485,R2485,U585,U585,I306,I306,3,3,2.25,LOW,0.0,0.0,15.0,0.0,0.0,1,0.0,0.0,False,0,False,False
R2486,R2486,U264,U264,I50,I50,2,2,6.0,LOW,0.0,0.0,25.0,0.0,0.0,4,15.0,0.0,False,1,False,False
R2487,R2487,U791,U791,I284,I284,3,3,15.5,LOW,0.0,0.0,25.0,20.0,30.0,6,15.0,0.0,False,1,False,False
R2488,R2488,U239,U239,I48,I48,3,3,6.0,LOW,0.0,0.0,25.0,0.0,0.0,3,15.0,0.0,False,1,False,False
R2489,R2489,U222,U222,I397,I397,1,1,3.25,LOW,20.0,0.0,15.0,0.0,0.0,3,0.0,0.0,False,1,False,False
R2490,R2490,U248,U248,I4,I4,4,4,2.25,LOW,0.0,0.0,15.0,0.0,0.0,2,0.0,0.0,False,0,False,False
R2491,R2491,U409,U409,I266,I266,3,3,11.75,LOW,0.0,0.0,15.0,20.0,30.0,5,0.0,0.0,False,0,False,False
R2492,R2492,U47,U47,I333,I333,5,5,3.25,LOW,20.0,0.0,15.0,0.0,0.0,1,0.0,0.0,False,1,False,False
R2493,R2493,U712,U712,I338,I338,3,3,0.0,LOW,0.0,0.0,0.0,0.0,0.0,1,0.0,0.0,False,0,False,False
R2494,R2494,U903,U903,I403,I403,5,5,7.75,LOW,20.0,0.0,25.0,0.0,0.0,3,15.0,5.0,False,2,False,False
R2495,R2495,U475,U475,I69,I69,3,3,2.25,LOW,0.0,0.0,15.0,0.0,0.0,1,0.0,0.0,False,0,False,False
R2496,R2496,U32,U32,I287,I287,5,5,7.75,LOW,20.0,0.0,25.0,0.0,0.0,3,15.0,5.0,False,2,False,False
R2497,R2497,U887,U887,I90,I90,1,1,10.0,LOW,20.0,15.0,25.0,0.0,0.0,4,15.0,5.0,False,2,False,False
R2498,R2498,U495,U495,I325,I325,2,2,2.25,LOW,0.0,0.0,15.0,0.0,0.0,2,0.0,0.0,False,0,False,False
R2499,R2499,U666,U666,I484,I484,1,1,9.25,LOW,20.0,10.0,25.0,0.0,0.0,2,15.0,5.0,False,2,False,False
R2500,R2500,U410,U410,I260,I260,1,1,5.5,LOW,20.0,15.0,15.0,0.0,0.0,1,0.0,0.0,False,1,False,False
R2501,R2501,U898,U898,I105,I105,2,2,2.25,LOW,0.0,0.0,15.0,0.0,0.0,3,0.0,0.0,False,0,False,False
R2502,R2502,U481,U481,I98,I98,4,4,2.25,LOW,0.0,0.0,15.0,0.0,0.0,2,0.0,0.0,False,0,False,False
R2503,R2503,U29,U29,I244,I244,2,2,2.25,LOW,0.0,0.0,15.0,0.0,0.0,3,0.0,0.0,False,0,False,False
R2504,R2504,U490,U490,I336,I336,2,2,0.0,LOW,0.0,0.0,0.0,0.0,0.0,1,0.0,0.0,False,0,False,False
R2505,R2505,U300,U300,I499,I499,1,1,3.25,LOW,20.0,0.0,15.0,0.0,0.0,1,0.0,0.0,False,1,False,False
R2506,R2506,U941,U941,I92,I92,3,3,6.0,LOW,0.0,0.0,25.0,0.0,0.0,1,15.0,0.0,False,1,False,False
R2507,R2507,U666,U666,I87,I87,2,2,7.5,LOW,0.0,10.0,25.0,0.0,0.0,2,15.0,0.0,False,1,False,False
R2508,R2508,U871,U871,I483,I483,3,3,6.0,LOW,0.0,0.0,25.0,0.0,0.0,4,15.0,0.0,False,1,False,False
R2509,R2509,U704,U704,I315,I315,5,5,1.0,LOW,20.0,0.0,0.0,0.0,0.0,3,0.0,0.0,False,1,False,False
R2510,R2510,U235,U235,I415,I415,1,1,3.25,LOW,20.0,0.0,15.0,0.0,0.0,1,0.0,0.0,False,1,False,False
R2511,R2511,U689,U689,I467,I467,2,2,1.5,LOW,0.0,10.0,0.0,0.0,0.0,2,0.0,0.0,False,0,False,False
R2512,R2512,U751,U751,I120,I120,4,4,11.75,LOW,0.0,0.0,15.0,20.0,30.0,5,0.0,0.0,False,0,False,False
R2513,R2513,U315,U315,I461,I461,1,1,3.25,LOW,20.0,0.0,15.0,0.0,0.0,2,0.0,0.0,False,1,False,False
R2514,R2514,U912,U912,I278,I278,1,1,3.25,LOW,20.0,0.0,15.0,0.0,0.0,3,0.0,0.0,False,1,False,False
R2515,R2515,U809,U809,I158,I158,3,3,3.75,LOW,0.0,10.0,15.0,0.0,0.0,1,0.0,0.0,False,0,False,False
R2516,R2516,U172,U172,I151,I151,5,5,3.25,LOW,20.0,0.0,15.0,0.0,0.0,2,0.0,0.0,False,1,False,False
R2517,R2517,U159,U159,I342,I342,1,1,1.0,LOW,20.0,0.0,0.0,0.0,0.0,2,0.0,0.0,False,1,False,False
R2518,R2518,U709,U709,I143,I143,2,2,6.0,LOW,0.0,0.0,25.0,0.0,0.0,4,15.0,0.0,False,1,False,False
R2519,R2519,U376,U376,I3,I3,5,5,5.5,LOW,20.0,15.0,15.0,0.0,0.0,3,0.0,0.0,False,1,False,False
R2520,R2520,U449,U449,I210,I210,3,3,3.75,LOW,0.0,10.0,15.0,0.0,0.0,4,0.0,0.0,False,0,False,False
R2521,R2521,U915,U915,I480,I480,1,1,15.25,LOW,20.0,30.0,25.0,0.0,0.0,2,25.0,15.0,False,3,False,False
R2522,R2522,U684,U684,I376,I376,5,5,3.25,LOW,20.0,0.0,15.0,0.0,0.0,2,0.0,0.0,False,1,False,False
R2523,R2523,U673,U673,I33,I33,3,3,4.5,LOW,0.0,15.0,15.0,0.0,0.0,2,0.0,0.0,False,0,False,False
R2524,R2524,U280,U280,I4,I4,5,5,5.5,LOW,20.0,15.0,15.0,0.0,0.0,3,0.0,0.0,False,1,False,False
R2525,R2525,U291,U291,I52,I52,3,3,6.0,LOW,0.0,0.0,25.0,0.0,0.0,4,15.0,0.0,False,1,False,False
R2526,R2526,U359,U359,I98,I98,5,5,3.25,LOW,20.0,0.0,15.0,0.0,0.0,3,0.0,0.0,False,1,False,False
R2527,R2527,U634,U634,I361,I361,1,1,3.25,LOW,20.0,0.0,15.0,0.0,0.0,2,0.0,0.0,False,1,False,False
R2528,R2528,U478,U478,I19,I19,3,3,6.0,LOW,0.0,0.0,25.0,0.0,0.0,2,15.0,0.0,False,1,False,False
R2529,R2529,U850,U850,I325,I325,2,2,2.25,LOW,0.0,0.0,15.0,0.0,0.0,2,0.0,0.0,False,0,False,False
R2530,R2530,U858,U858,I166,I166,1,1,3.25,LOW,20.0,0.0,15.0,0.0,0.0,3,0.0,0.0,False,1,False,False
R2531,R2531,U648,U648,I319,I319,1,1,8.5,LOW,20.0,0.0,30.0,0.0,0.0,4,15.0,5.0,False,2,False,False
R2532,R2532,U931,U931,I422,I422,2,2,4.5,LOW,0.0,15.0,15.0,0.0,0.0,2,0.0,0.0,False,0,False,False
R2533,R2533,U880,U880,I38,I38,1,1,3.25,LOW,20.0,0.0,15.0,0.0,0.0,4,0.0,0.0,False,1,False,False
R2534,R2534,U658,U658,I102,I102,3,3,0.0,LOW,0.0,0.0,0.0,0.0,0.0,1,0.0,0.0,False,0,False,False
R2535,R2535,U327,U327,I315,I315,3,3,0.0,LOW,0.0,0.0,0.0,0.0,0.0,1,0.0,0.0,False,0,False,False
R2536,R2536,U767,U767,I295,I295,5,5,3.25,LOW,20.0,0.0,15.0,0.0,0.0,3,0.0,0.0,False,1,False,False
R2537,R2537,U36,U36,I324,I324,2,2,2.25,LOW,0.0,0.0,15.0,0.0,0.0,1,0.0,0.0,False,0,False,False
R2538,R2538,U491,U491,I195,I195,4,4,23.25,LOW,0.0,0.0,25.0,60.0,30.0,6,35.0,5.0,False,2,False,False
R2539,R2539,U597,U597,I339,I339,4,4,2.25,LOW,0.0,0.0,15.0,0.0,0.0,2,0.0,0.0,False,0,False,False
R2540,R2540,U177,U177,I396,I396,2,2,2.25,LOW,0.0,0.0,15.0,0.0,0.0,1,0.0,0.0,False,0,False,False
R2541,R2541,U355,U355,I119,I119,2,2,2.25,LOW,0.0,0.0,15.0,0.0,0.0,2,0.0,0.0,False,0,False,False
R2542,R2542,U392,U392,I47,I47,5,5,7.75,LOW,20.0,0.0,25.0,0.0,0.0,3,15.0,5.0,False,2,False,False
R2543,R2543,U95,U95,I427,I427,1,1,17.25,LOW,20.0,0.0,25.0,20.0,30.0,6,15.0,5.0,False,2,False,False
R2544,R2544,U842,U842,I277,I277,2,2,7.5,LOW,0.0,10.0,25.0,0.0,0.0,4,15.0,0.0,False,1,False,False
R2545,R2545,U693,U693,I8,I8,5,5,5.5,LOW,20.0,15.0,15.0,0.0,0.0,4,0.0,0.0,False,1,False,False
R2546,R2546,U802,U802,I406,I406,3,3,3.75,LOW,0.0,10.0,15.0,0.0,0.0,3,0.0,0.0,False,0,False,False
R2547,R2547,U287,U287,I334,I334,2,2,2.25,LOW,0.0,0.0,15.0,0.0,0.0,2,0.0,0.0,False,0,False,False
R2548,R2548,U2,U2,I193,I193,4,4,2.25,LOW,0.0,0.0,15.0,0.0,0.0,1,0.0,0.0,False,0,False,False
R2549,R2549,U181,U181,I262,I262,2,2,6.0,LOW,0.0,0.0,25.0,0.0,0.0,2,15.0,0.0,False,1,False,False
R2550,R2550,U419,U419,I97,I97,2,2,2.25,LOW,0.0,0.0,15.0,0.0,0.0,3,0.0,0.0,False,0,False,False
R2551,R2551,U690,U690,I264,I264,5,5,12.75,LOW,20.0,0.0,15.0,20.0,30.0,5,0.0,0.0,False,1,False,False
R2552,R2552,U235,U235,I487,I487,2,2,6.0,LOW,0.0,0.0,25.0,0.0,0.0,3,15.0,0.0,False,1,False,False
R2553,R2553,U213,U213,I241,I241,3,3,2.25,LOW,0.0,0.0,15.0,0.0,0.0,3,0.0,0.0,False,0,False,False
R2554,R2554,U961,U961,I490,I490,5,5,3.25,LOW,20.0,0.0,15.0,0.0,0.0,3,0.0,0.0,False,1,False,False
R2555,R2555,U446,U446,I462,I462,5,5,1.0,LOW,20.0,0.0,0.0,0.0,0.0,2,0.0,0.0,False,1,False,False
R2556,R2556,U749,U749,I19,I19,5,5,7.75,LOW,20.0,0.0,25.0,0.0,0.0,4,15.0,5.0,False,2,False,False
R2557,R2557,U794,U794,I413,I413,3,3,11.75,LOW,0.0,0.0,15.0,20.0,30.0,6,0.0,0.0,False,0,False,False
R2558,R2558,U179,U179,I145,I145,2,2,6.0,LOW,0.0,0.0,25.0,0.0,0.0,3,15.0,0.0,False,1,False,False
R2559,R2559,U575,U575,I90,I90,4,4,7.5,LOW,0.0,10.0,25.0,0.0,0.0,4,15.0,0.0,False,1,False,False
R2560,R2560,U967,U967,I68,I68,5,5,9.25,LOW,20.0,10.0,25.0,0.0,0.0,2,15.0,5.0,False,2,False,False
R2561,R2561,U351,U351,I10,I10,4,4,2.25,LOW,0.0,0.0,15.0,0.0,0.0,2,0.0,0.0,False,0,False,False
R2562,R2562,U209,U209,I174,I174,1,1,3.25,LOW,20.0,0.0,15.0,0.0,0.0,3,0.0,0.0,False,1,False,False
R2563,R2563,U882,U882,I177,I177,2,2,2.25,LOW,0.0,0.0,15.0,0.0,0.0,1,0.0,0.0,False,0,False,False
R2564,R2564,U873,U873,I286,I286,5,5,7.75,LOW,20.0,0.0,25.0,0.0,0.0,3,15.0,5.0,False,2,False,False
R2565,R2565,U382,U382,I311,I311,3,3,6.0,LOW,0.0,0.0,25.0,0.0,0.0,4,15.0,0.0,False,1,False,False
R2566,R2566,U863,U863,I323,I323,1,1,1.0,LOW,20.0,0.0,0.0,0.0,0.0,1,0.0,0.0,False,1,False,False
R2567,R2567,U582,U582,I218,I218,5,5,2.5,LOW,20.0,10.0,0.0,0.0,0.0,1,0.0,0.0,False,1,False,False
R2568,R2568,U290,U290,I167,I167,2,2,15.5,LOW,0.0,0.0,25.0,20.0,30.0,5,15.0,0.0,False,1,False,False
R2569,R2569,U615,U615,I49,I49,4,4,15.5,LOW,0.0,0.0,25.0,20.0,30.0,6,15.0,0.0,False,1,False,False
R2570,R2570,U336,U336,I22,I22,3,3,6.0,LOW,0.0,0.0,25.0,0.0,0.0,1,15.0,0.0,False,1,False,False
R2571,R2571,U127,U127,I410,I410,5,5,17.25,LOW,20.0,0.0,25.0,20.0,30.0,5,15.0,5.0,False,2,False,False
R2572,R2572,U206,U206,I2,I2,1,1,7.75,LOW,20.0,0.0,25.0,0.0,0.0,4,15.0,5.0,False,2,False,False
R2573,R2573,U606,U606,I408,I408,5,5,16.25,LOW,20.0,0.0,25.0,40.0,0.0,4,35.0,15.0,False,3,False,False
R2574,R2574,U280,U280,I69,I69,5,5,5.5,LOW,20.0,15.0,15.0,0.0,0.0,2,0.0,0.0,False,1,False,False
R2575,R2575,U972,U972,I233,I233,2,2,2.25,LOW,0.0,0.0,15.0,0.0,0.0,2,0.0,0.0,False,0,False,False
R2576,R2576,U291,U291,I378,I378,5,5,18.0,LOW,20.0,0.0,30.0,20.0,30.0,5,15.0,5.0,False,2,False,False
R2577,R2577,U411,U411,I341,I341,4,4,2.25,LOW,0.0,0.0,15.0,0.0,0.0,4,0.0,0.0,False,0,False,False
R2578,R2578,U985,U985,I222,I222,4,4,15.5,LOW,0.0,0.0,25.0,20.0,30.0,5,15.0,0.0,False,1,False,False
R2579,R2579,U603,U603,I275,I275,5,5,7.75,LOW,20.0,0.0,25.0,0.0,0.0,4,15.0,5.0,False,2,False,False
R2580,R2580,U264,U264,I233,I233,1,1,3.25,LOW,20.0,0.0,15.0,0.0,0.0,3,0.0,0.0,False,1,False,False
R2581,R2581,U717,U717,I54,I54,4,4,2.25,LOW,0.0,0.0,15.0,0.0,0.0,3,0.0,0.0,False,0,False,False
R2582,R2582,U873,U873,I437,I437,1,1,1.0,LOW,20.0,0.0,0.0,0.0,0.0,2,0.0,0.0,False,1,False,False
R2583,R2583,U598,U598,I26,I26,1,1,7.75,LOW,20.0,0.0,25.0,0.0,0.0,3,15.0,5.0,False,2,False,False
R2584,R2584,U636,U636,I225,I225,1,1,17.25,LOW,20.0,0.0,25.0,20.0,30.0,5,15.0,5.0,False,2,False,False
R2585,R2585,U26,U26,I493,I493,2,2,2.25,LOW,0.0,0.0,15.0,0.0,0.0,2,0.0,0.0,False,0,False,False
R2586,R2586,U266,U266,I407,I407,4,4,4.5,LOW,0.0,15.0,15.0,0.0,0.0,3,0.0,0.0,False,0,False,False
R2587,R2587,U344,U344,I200,I200,4,4,6.0,LOW,0.0,0.0,25.0,0.0,0.0,1,15.0,0.0,False,1,False,False
R2588,R2588,U428,U428,I221,I221,3,3,7.5,LOW,0.0,10.0,25.0,0.0,0.0,4,15.0,0.0,False,1,False,False
R2589,R2589,U668,U668,I173,I173,1,1,3.25,LOW,20.0,0.0,15.0,0.0,0.0,3,0.0,0.0,False,1,False,False
R2590,R2590,U745,U745,I258,I258,4,4,0.0,LOW,0.0,0.0,0.0,0.0,0.0,2,0.0,0.0,False,0,False,False
R2591,R2591,U702,U702,I49,I49,4,4,15.5,LOW,0.0,0.0,25.0,20.0,30.0,6,15.0,0.0,False,1,False,False
R2592,R2592,U678,U678,I149,I149,3,3,2.25,LOW,0.0,0.0,15.0,0.0,0.0,3,0.0,0.0,False,0,False,False
R2593,R2593,U908,U908,I370,I370,2,2,6.0,LOW,0.0,0.0,25.0,0.0,0.0,4,15.0,0.0,False,1,False,False
R2594,R2594,U290,U290,I355,I355,2,2,6.0,LOW,0.0,0.0,25.0,0.0,0.0,4,15.0,0.0,False,1,False,False
R2595,R2595,U625,U625,I454,I454,4,4,17.0,LOW,0.0,10.0,25.0,20.0,30.0,5,15.0,0.0,False,1,False,False
R2596,R2596,U529,U529,I167,I167,1,1,9.25,LOW,20.0,10.0,25.0,0.0,0.0,1,15.0,5.0,False,2,False,False
R2597,R2597,U331,U331,I388,I388,1,1,5.5,LOW,20.0,15.0,15.0,0.0,0.0,3,0.0,0.0,False,1,False,False
R2598,R2598,U343,U343,I400,I400,4,4,6.0,LOW,0.0,0.0,25.0,0.0,0.0,3,15.0,0.0,False,1,False,False
R2599,R2599,U877,U877,I362,I362,5,5,1.0,LOW,20.0,0.0,0.0,0.0,0.0,2,0.0,0.0,False,1,False,False
R2600,R2600,U496,U496,I175,I175,3,3,3.75,LOW,0.0,10.0,15.0,0.0,0.0,3,0.0,0.0,False,0,False,False
R2601,R2601,U138,U138,I422,I422,3,3,2.25,LOW,0.0,0.0,15.0,0.0,0.0,1,0.0,0.0,False,0,False,False
R2602,R2602,U814,U814,I287,I287,4,4,6.0,LOW,0.0,0.0,25.0,0.0,0.0,4,15.0,0.0,False,1,False,False
R2603,R2603,U482,U482,I425,I425,5,5,7.75,LOW,20.0,0.0,25.0,0.0,0.0,1,15.0,5.0,False,2,False,False
R2604,R2604,U171,U171,I460,I460,3,3,6.0,LOW,0.0,0.0,25.0,0.0,0.0,4,15.0,0.0,False,1,False,False
R2605,R2605,U127,U127,I153,I153,1,1,38.0,MEDIUM,20.0,0.0,40.0,20.0,45.0,7,40.0,25.0,False,4,True,False
R2606,R2606,U338,U338,I28,I28,2,2,2.25,LOW,0.0,0.0,15.0,0.0,0.0,1,0.0,0.0,False,0,False,False
R2607,R2607,U331,U331,I446,I446,4,4,4.5,LOW,0.0,15.0,15.0,0.0,0.0,3,0.0,0.0,False,0,False,False
R2608,R2608,U762,U762,I88,I88,4,4,6.0,LOW,0.0,0.0,25.0,0.0,0.0,3,15.0,0.0,False,1,False,False
R2609,R2609,U526,U526,I404,I404,1,1,4.75,LOW,20.0,10.0,15.0,0.0,0.0,3,0.0,0.0,False,1,False,False
R2610,R2610,U421,U421,I389,I389,2,2,15.5,LOW,0.0,0.0,25.0,20.0,30.0,5,15.0,0.0,False,1,False,False
R2611,R2611,U662,U662,I147,I147,5,5,17.25,LOW,20.0,0.0,25.0,20.0,30.0,5,15.0,5.0,False,2,False,False
R2612,R2612,U776,U776,I383,I383,4,4,15.5,LOW,0.0,0.0,25.0,20.0,30.0,6,15.0,0.0,False,1,False,False
R2613,R2613,U889,U889,I26,I26,4,4,15.5,LOW,0.0,0.0,25.0,20.0,30.0,5,15.0,0.0,False,1,False,False
R2614,R2614,U330,U330,I262,I262,3,3,6.0,LOW,0.0,0.0,25.0,0.0,0.0,2,15.0,0.0,False,1,False,False
R2615,R2615,U19,U19,I368,I368,1,1,17.25,LOW,20.0,0.0,25.0,20.0,30.0,5,15.0,5.0,False,2,False,False
R2616,R2616,U788,U788,I40,I40,2,2,6.0,LOW,0.0,0.0,25.0,0.0,0.0,2,15.0,0.0,False,1,False,False
R2617,R2617,U562,U562,I295,I295,4,4,3.75,LOW,0.0,10.0,15.0,0.0,0.0,1,0.0,0.0,False,0,False,False
R2618,R2618,U341,U341,I43,I43,5,5,12.75,LOW,20.0,0.0,15.0,20.0,30.0,5,0.0,0.0,False,1,False,False
R2619,R2619,U213,U213,I0,I0,3,3,0.0,LOW,0.0,0.0,0.0,0.0,0.0,2,0.0,0.0,False,0,False,False
R2620,R2620,U942,U942,I257,I257,3,3,3.75,LOW,0.0,10.0,15.0,0.0,0.0,4,0.0,0.0,False,0,False,False
R2621,R2621,U928,U928,I444,I444,4,4,0.0,LOW,0.0,0.0,0.0,0.0,0.0,2,0.0,0.0,False,0,False,False
R2622,R2622,U358,U358,I268,I268,4,4,3.75,LOW,0.0,10.0,15.0,0.0,0.0,4,0.0,0.0,False,0,False,False
R2623,R2623,U486,U486,I24,I24,2,2,2.25,LOW,0.0,0.0,15.0,0.0,0.0,3,0.0,0.0,False,0,False,False
R2624,R2624,U335,U335,I212,I212,2,2,1.5,LOW,0.0,10.0,0.0,0.0,0.0,2,0.0,0.0,False,0,False,False
R2625,R2625,U968,U968,I99,I99,4,4,2.25,LOW,0.0,0.0,15.0,0.0,0.0,2,0.0,0.0,False,0,False,False
R2626,R2626,U259,U259,I155,I155,3,3,2.25,LOW,0.0,0.0,15.0,0.0,0.0,4,0.0,0.0,False,0,False,False
R2627,R2627,U643,U643,I304,I304,3,3,2.25,LOW,0.0,0.0,15.0,0.0,0.0,1,0.0,0.0,False,0,False,False
R2628,R2628,U520,U520,I399,I399,5,5,3.25,LOW,20.0,0.0,15.0,0.0,0.0,3,0.0,0.0,False,1,False,False
R2629,R2629,U765,U765,I378,I378,2,2,6.75,LOW,0.0,0.0,30.0,0.0,0.0,2,15.0,0.0,False,1,False,False
R2630,R2630,U107,U107,I275,I275,1,1,7.75,LOW,20.0,0.0,25.0,0.0,0.0,4,15.0,5.0,False,2,False,False
R2631,R2631,U986,U986,I77,I77,2,2,2.25,LOW,0.0,0.0,15.0,0.0,0.0,3,0.0,0.0,False,0,False,False
R2632,R2632,U379,U379,I225,I225,4,4,6.0,LOW,0.0,0.0,25.0,0.0,0.0,2,15.0,0.0,False,1,False,False
R2633,R2633,U488,U488,I365,I365,1,1,3.25,LOW,20.0,0.0,15.0,0.0,0.0,1,0.0,0.0,False,1,False,False
R2634,R2634,U903,U903,I112,I112,1,1,3.25,LOW,20.0,0.0,15.0,0.0,0.0,2,0.0,0.0,False,1,False,False
R2635,R2635,U308,U308,I143,I143,3,3,6.0,LOW,0.0,0.0,25.0,0.0,0.0,3,15.0,0.0,False,1,False,False
R2636,R2636,U472,U472,I453,I453,4,4,6.0,LOW,0.0,0.0,25.0,0.0,0.0,2,15.0,0.0,False,1,False,False
R2637,R2637,U691,U691,I211,I211,2,2,11.75,LOW,0.0,0.0,15.0,20.0,30.0,6,0.0,0.0,False,0,False,False
R2638,R2638,U250,U250,I482,I482,4,4,2.25,LOW,0.0,0.0,15.0,0.0,0.0,3,0.0,0.0,False,0,False,False
R2639,R2639,U551,U551,I160,I160,1,1,7.75,LOW,20.0,0.0,25.0,0.0,0.0,4,15.0,5.0,False,2,False,False
R2640,R2640,U628,U628,I461,I461,5,5,5.5,LOW,20.0,15.0,15.0,0.0,0.0,2,0.0,0.0,False,1,False,False
R2641,R2641,U500,U500,I416,I416,4,4,0.0,LOW,0.0,0.0,0.0,0.0,0.0,1,0.0,0.0,False,0,False,False
R2642,R2642,U802,U802,I253,I253,3,3,3.75,LOW,0.0,10.0,15.0,0.0,0.0,4,0.0,0.0,False,0,False,False
R2643,R2643,U279,U279,I350,I350,3,3,6.0,LOW,0.0,0.0,25.0,0.0,0.0,4,15.0,0.0,False,1,False,False
R2644,R2644,U245,U245,I481,I481,3,3,0.0,LOW,0.0,0.0,0.0,0.0,0.0,2,0.0,0.0,False,0,False,False
R2645,R2645,U729,U729,I171,I171,2,2,2.25,LOW,0.0,0.0,15.0,0.0,0.0,2,0.0,0.0,False,0,False,False
R2646,R2646,U362,U362,I434,I434,2,2,3.75,LOW,0.0,10.0,15.0,0.0,0.0,2,0.0,0.0,False,0,False,False
R2647,R2647,U767,U767,I235,I235,3,3,6.0,LOW,0.0,0.0,25.0,0.0,0.0,3,15.0,0.0,False,1,False,False
R2648,R2648,U985,U985,I385,I385,2,2,6.0,LOW,0.0,0.0,25.0,0.0,0.0,4,15.0,0.0,False,1,False,False
R2649,R2649,U398,U398,I238,I238,4,4,6.0,LOW,0.0,0.0,25.0,0.0,0.0,3,15.0,0.0,False,1,False,False
R2650,R2650,U486,U486,I144,I144,1,1,1.0,LOW,20.0,0.0,0.0,0.0,0.0,2,0.0,0.0,False,1,False,False
R2651,R2651,U893,U893,I76,I76,1,1,12.75,LOW,20.0,0.0,15.0,20.0,30.0,6,0.0,0.0,False,1,False,False
R2652,R2652,U431,U431,I239,I239,3,3,2.25,LOW,0.0,0.0,15.0,0.0,0.0,2,0.0,0.0,False,0,False,False
R2653,R2653,U315,U315,I305,I305,4,4,2.25,LOW,0.0,0.0,15.0,0.0,0.0,3,0.0,0.0,False,0,False,False
R2654,R2654,U204,U204,I152,I152,1,1,7.75,LOW,20.0,0.0,25.0,0.0,0.0,3,15.0,5.0,False,2,False,False
R2655,R2655,U324,U324,I386,I386,4,4,1.5,LOW,0.0,10.0,0.0,0.0,0.0,4,0.0,0.0,False,0,False,False
R2656,R2656,U667,U667,I397,I397,2,2,2.25,LOW,0.0,0.0,15.0,0.0,0.0,2,0.0,0.0,False,0,False,False
R2657,R2657,U636,U636,I301,I301,1,1,3.25,LOW,20.0,0.0,15.0,0.0,0.0,1,0.0,0.0,False,1,False,False
R2658,R2658,U658,U658,I367,I367,1,1,7.75,LOW,20.0,0.0,25.0,0.0,0.0,4,15.0,5.0,False,2,False,False
R2659,R2659,U871,U871,I142,I142,1,1,7.75,LOW,20.0,0.0,25.0,0.0,0.0,1,15.0,5.0,False,2,False,False
R2660,R2660,U381,U381,I203,I203,3,3,6.0,LOW,0.0,0.0,25.0,0.0,0.0,4,15.0,0.0,False,1,False,False
R2661,R2661,U518,U518,I76,I76,2,2,3.75,LOW,0.0,10.0,15.0,0.0,0.0,2,0.0,0.0,False,0,False,False
R2662,R2662,U297,U297,I369,I369,3,3,3.75,LOW,0.0,10.0,15.0,0.0,0.0,1,0.0,0.0,False,0,False,False
R2663,R2663,U250,U250,I268,I268,3,3,2.25,LOW,0.0,0.0,15.0,0.0,0.0,2,0.0,0.0,False,0,False,False
R2664,R2664,U672,U672,I216,I216,3,3,6.0,LOW,0.0,0.0,25.0,0.0,0.0,3,15.0,0.0,False,1,False,False
R2665,R2665,U350,U350,I488,I488,2,2,11.75,LOW,0.0,0.0,15.0,20.0,30.0,5,0.0,0.0,False,0,False,False
R2666,R2666,U885,U885,I346,I346,2,2,6.0,LOW,0.0,0.0,25.0,0.0,0.0,3,15.0,0.0,False,1,False,False
R2667,R2667,U440,U440,I16,I16,1,1,9.25,LOW,20.0,10.0,25.0,0.0,0.0,3,15.0,5.0,False,2,False,False
R2668,R2668,U266,U266,I238,I238,1,1,10.0,LOW,20.0,15.0,25.0,0.0,0.0,3,15.0,5.0,False,2,False,False
R2669,R2669,U754,U754,I40,I40,1,1,7.75,LOW,20.0,0.0,25.0,0.0,0.0,3,15.0,5.0,False,2,False,False
R2670,R2670,U753,U753,I125,I125,3,3,3.75,LOW,0.0,10.0,15.0,0.0,0.0,3,0.0,0.0,False,0,False,False
R2671,R2671,U771,U771,I340,I340,3,3,2.25,LOW,0.0,0.0,15.0,0.0,0.0,4,0.0,0.0,False,0,False,False
R2672,R2672,U79,U79,I40,I40,5,5,7.75,LOW,20.0,0.0,25.0,0.0,0.0,1,15.0,5.0,False,2,False,False
R2673,R2673,U783,U783,I306,I306,5,5,3.25,LOW,20.0,0.0,15.0,0.0,0.0,4,0.0,0.0,False,1,False,False
R2674,R2674,U605,U605,I376,I376,4,4,2.25,LOW,0.0,0.0,15.0,0.0,0.0,3,0.0,0.0,False,0,False,False
R2675,R2675,U82,U82,I44,I44,5,5,1.0,LOW,20.0,0.0,0.0,0.0,0.0,2,0.0,0.0,False,1,False,False
R2676,R2676,U699,U699,I454,I454,3,3,8.25,LOW,0.0,15.0,25.0,0.0,0.0,3,15.0,0.0,False,1,False,False
R2677,R2677,U220,U220,I383,I383,4,4,15.5,LOW,0.0,0.0,25.0,20.0,30.0,6,15.0,0.0,False,1,False,False
R2678,R2678,U411,U411,I218,I218,1,1,1.0,LOW,20.0,0.0,0.0,0.0,0.0,2,0.0,0.0,False,1,False,False
R2679,R2679,U747,U747,I156,I156,4,4,17.0,LOW,0.0,10.0,25.0,20.0,30.0,5,15.0,0.0,False,1,False,False
R2680,R2680,U435,U435,I472,I472,1,1,17.25,LOW,20.0,0.0,25.0,20.0,30.0,6,15.0,5.0,False,2,False,False
R2681,R2681,U658,U658,I391,I391,4,4,0.0,LOW,0.0,0.0,0.0,0.0,0.0,2,0.0,0.0,False,0,False,False
R2682,R2682,U498,U498,I342,I342,1,1,1.0,LOW,20.0,0.0,0.0,0.0,0.0,2,0.0,0.0,False,1,False,False
R2683,R2683,U737,U737,I236,I236,5,5,7.75,LOW,20.0,0.0,25.0,0.0,0.0,2,15.0,5.0,False,2,False,False
R2684,R2684,U409,U409,I343,I343,4,4,2.25,LOW,0.0,0.0,15.0,0.0,0.0,2,0.0,0.0,False,0,False,False
R2685,R2685,U906,U906,I75,I75,5,5,9.25,LOW,20.0,10.0,25.0,0.0,0.0,4,15.0,5.0,False,2,False,False
R2686,R2686,U758,U758,I190,I190,2,2,2.25,LOW,0.0,0.0,15.0,0.0,0.0,3,0.0,0.0,False,0,False,False
R2687,R2687,U413,U413,I175,I175,5,5,3.25,LOW,20.0,0.0,15.0,0.0,0.0,1,0.0,0.0,False,1,False,False
R2688,R2688,U383,U383,I8,I8,5,5,3.25,LOW,20.0,0.0,15.0,0.0,0.0,4,0.0,0.0,False,1,False,False
R2689,R2689,U633,U633,I34,I34,3,3,2.25,LOW,0.0,0.0,15.0,0.0,0.0,1,0.0,0.0,False,0,False,False
R2690,R2690,U168,U168,I359,I359,2,2,6.0,LOW,0.0,0.0,25.0,0.0,0.0,3,15.0,0.0,False,1,False,False
R2691,R2691,U237,U237,I1,I1,2,2,6.0,LOW,0.0,0.0,25.0,0.0,0.0,2,15.0,0.0,False,1,False,False
R2692,R2692,U721,U721,I95,I95,4,4,15.5,LOW,0.0,0.0,25.0,20.0,30.0,5,15.0,0.0,False,1,False,False
R2693,R2693,U930,U930,I146,I146,1,1,7.75,LOW,20.0,0.0,25.0,0.0,0.0,1,15.0,5.0,False,2,False,False
R2694,R2694,U284,U284,I429,I429,4,4,4.5,LOW,0.0,15.0,15.0,0.0,0.0,4,0.0,0.0,False,0,False,False
R2695,R2695,U247,U247,I319,I319,5,5,28.5,LOW,20.0,25.0,30.0,20.0,30.0,5,25.0,40.0,False,4,False,False
R2696,R2696,U178,U178,I468,I468,2,2,6.0,LOW,0.0,0.0,25.0,0.0,0.0,2,15.0,0.0,False,1,False,False
R2697,R2697,U259,U259,I28,I28,3,3,2.25,LOW,0.0,0.0,15.0,0.0,0.0,1,0.0,0.0,False,0,False,False
R2698,R2698,U221,U221,I448,I448,1,1,3.25,LOW,20.0,0.0,15.0,0.0,0.0,2,0.0,0.0,False,1,False,False
R2699,R2699,U397,U397,I192,I192,1,1,3.25,LOW,20.0,0.0,15.0,0.0,0.0,4,0.0,0.0,False,1,False,False
R2700,R2700,U496,U496,I157,I157,4,4,1.5,LOW,0.0,10.0,0.0,0.0,0.0,3,0.0,0.0,False,0,False,False
R2701,R2701,U218,U218,I282,I282,5,5,3.25,LOW,20.0,0.0,15.0,0.0,0.0,2,0.0,0.0,False,1,False,False
R2702,R2702,U259,U259,I232,I232,5,5,3.25,LOW,20.0,0.0,15.0,0.0,0.0,3,0.0,0.0,False,1,False,False
R2703,R2703,U171,U171,I133,I133,4,4,0.0,LOW,0.0,0.0,0.0,0.0,0.0,1,0.0,0.0,False,0,False,False
R2704,R2704,U885,U885,I154,I154,2,2,2.25,LOW,0.0,0.0,15.0,0.0,0.0,3,0.0,0.0,False,0,False,False
R2705,R2705,U192,U192,I167,I167,5,5,10.0,LOW,20.0,15.0,25.0,0.0,0.0,4,15.0,5.0,False,2,False,False
R2706,R2706,U288,U288,I52,I52,1,1,7.75,LOW,20.0,0.0,25.0,0.0,0.0,4,15.0,5.0,False,2,False,False
R2707,R2707,U894,U894,I344,I344,2,2,2.25,LOW,0.0,0.0,15.0,0.0,0.0,4,0.0,0.0,False,0,False,False
R2708,R2708,U231,U231,I400,I400,5,5,7.75,LOW,20.0,0.0,25.0,0.0,0.0,4,15.0,5.0,False,2,False,False
R2709,R2709,U660,U660,I115,I115,3,3,11.75,LOW,0.0,0.0,15.0,20.0,30.0,5,0.0,0.0,False,0,False,False
R2710,R2710,U550,U550,I468,I468,4,4,6.0,LOW,0.0,0.0,25.0,0.0,0.0,2,15.0,0.0,False,1,False,False
R2711,R2711,U317,U317,I473,I473,4,4,0.0,LOW,0.0,0.0,0.0,0.0,0.0,2,0.0,0.0,False,0,False,False
R2712,R2712,U309,U309,I48,I48,2,2,6.0,LOW,0.0,0.0,25.0,0.0,0.0,3,15.0,0.0,False,1,False,False
R2713,R2713,U992,U992,I104,I104,3,3,15.5,LOW,0.0,0.0,25.0,20.0,30.0,6,15.0,0.0,False,1,False,False
R2714,R2714,U517,U517,I345,I345,2,2,6.0,LOW,0.0,0.0,25.0,0.0,0.0,3,15.0,0.0,False,1,False,False
R2715,R2715,U144,U144,I181,I181,5,5,12.75,LOW,20.0,0.0,15.0,20.0,30.0,6,0.0,0.0,False,1,False,False
R2716,R2716,U200,U200,I136,I136,4,4,0.0,LOW,0.0,0.0,0.0,0.0,0.0,2,0.0,0.0,False,0,False,False
R2717,R2717,U547,U547,I417,I417,1,1,1.0,LOW,20.0,0.0,0.0,0.0,0.0,2,0.0,0.0,False,1,False,False
R2718,R2718,U215,U215,I486,I486,5,5,18.75,LOW,20.0,10.0,25.0,20.0,30.0,5,15.0,5.0,False,2,False,False
R2719,R2719,U794,U794,I275,I275,3,3,6.0,LOW,0.0,0.0,25.0,0.0,0.0,3,15.0,0.0,False,1,False,False
R2720,R2720,U171,U171,I355,I355,1,1,7.75,LOW,20.0,0.0,25.0,0.0,0.0,2,15.0,5.0,False,2,False,False
R2721,R2721,U563,U563,I308,I308,3,3,2.25,LOW,0.0,0.0,15.0,0.0,0.0,2,0.0,0.0,False,0,False,False
R2722,R2722,U897,U897,I318,I318,5,5,1.0,LOW,20.0,0.0,0.0,0.0,0.0,1,0.0,0.0,False,1,False,False
R2723,R2723,U828,U828,I295,I295,5,5,3.25,LOW,20.0,0.0,15.0,0.0,0.0,3,0.0,0.0,False,1,False,False
R2724,R2724,U722,U722,I453,I453,1,1,7.75,LOW,20.0,0.0,25.0,0.0,0.0,4,15.0,5.0,False,2,False,False
R2725,R2725,U994,U994,I283,I283,4,4,2.25,LOW,0.0,0.0,15.0,0.0,0.0,3,0.0,0.0,False,0,False,False
R2726,R2726,U369,U369,I413,I413,5,5,5.5,LOW,20.0,15.0,15.0,0.0,0.0,2,0.0,0.0,False,1,False,False
R2727,R2727,U385,U385,I235,I235,3,3,6.0,LOW,0.0,0.0,25.0,0.0,0.0,3,15.0,0.0,False,1,False,False
R2728,R2728,U635,U635,I91,I91,2,2,1.5,LOW,0.0,10.0,0.0,0.0,0.0,2,0.0,0.0,False,0,False,False
R2729,R2729,U210,U210,I482,I482,1,1,3.25,LOW,20.0,0.0,15.0,0.0,0.0,2,0.0,0.0,False,1,False,False
R2730,R2730,U225,U225,I159,I159,5,5,7.75,LOW,20.0,0.0,25.0,0.0,0.0,4,15.0,5.0,False,2,False,False
R2731,R2731,U977,U977,I292,I292,1,1,15.25,LOW,20.0,30.0,25.0,0.0,0.0,3,25.0,15.0,False,3,False,False
R2732,R2732,U912,U912,I366,I366,1,1,7.75,LOW,20.0,0.0,25.0,0.0,0.0,3,15.0,5.0,False,2,False,False
R2733,R2733,U56,U56,I100,I100,5,5,52.5,HIGH,20.0,0.0,25.0,20.0,60.0,11,60.0,25.0,False,4,True,False
R2734,R2734,U838,U838,I132,I132,4,4,11.75,LOW,0.0,0.0,15.0,20.0,30.0,5,0.0,0.0,False,0,False,False
R2735,R2735,U265,U265,I65,I65,5,5,3.25,LOW,20.0,0.0,15.0,0.0,0.0,3,0.0,0.0,False,1,False,False
R2736,R2736,U319,U319,I468,I468,2,2,6.0,LOW,0.0,0.0,25.0,0.0,0.0,2,15.0,0.0,False,1,False,False
R2737,R2737,U705,U705,I311,I311,3,3,6.0,LOW,0.0,0.0,25.0,0.0,0.0,4,15.0,0.0,False,1,False,False
R2738,R2738,U474,U474,I381,I381,2,2,6.0,LOW,0.0,0.0,25.0,0.0,0.0,3,15.0,0.0,False,1,False,False
R2739,R2739,U860,U860,I300,I300,1,1,7.75,LOW,20.0,0.0,25.0,0.0,0.0,3,15.0,5.0,False,2,False,False
R2740,R2740,U64,U64,I263,I263,3,3,2.25,LOW,0.0,0.0,15.0,0.0,0.0,3,0.0,0.0,False,0,False,False
R2741,R2741,U483,U483,I463,I463,2,2,0.0,LOW,0.0,0.0,0.0,0.0,0.0,3,0.0,0.0,False,0,False,False
R2742,R2742,U92,U92,I44,I44,3,3,0.0,LOW,0.0,0.0,0.0,0.0,0.0,3,0.0,0.0,False,0,False,False
R2743,R2743,U411,U411,I45,I45,2,2,6.0,LOW,0.0,0.0,25.0,0.0,0.0,3,15.0,0.0,False,1,False,False
R2744,R2744,U85,U85,I170,I170,3,3,2.25,LOW,0.0,0.0,15.0,0.0,0.0,4,0.0,0.0,False,0,False,False
R2745,R2745,U200,U200,I434,I434,1,1,3.25,LOW,20.0,0.0,15.0,0.0,0.0,4,0.0,0.0,False,1,False,False
R2746,R2746,U328,U328,I114,I114,1,1,24.75,LOW,20.0,30.0,25.0,20.0,30.0,5,25.0,15.0,False,3,False,False
R2747,R2747,U60,U60,I413,I413,3,3,13.25,LOW,0.0,10.0,15.0,20.0,30.0,6,0.0,0.0,False,0,False,False
R2748,R2748,U10,U10,I230,I230,4,4,11.75,LOW,0.0,0.0,15.0,20.0,30.0,5,0.0,0.0,False,0,False,False
R2749,R2749,U90,U90,I343,I343,1,1,3.25,LOW,20.0,0.0,15.0,0.0,0.0,2,0.0,0.0,False,1,False,False
R2750,R2750,U631,U631,I454,I454,4,4,15.5,LOW,0.0,0.0,25.0,20.0,30.0,5,15.0,0.0,False,1,False,False
R2751,R2751,U628,U628,I281,I281,3,3,4.5,LOW,0.0,15.0,15.0,0.0,0.0,3,0.0,0.0,False,0,False,False
R2752,R2752,U786,U786,I160,I160,3,3,6.0,LOW,0.0,0.0,25.0,0.0,0.0,4,15.0,0.0,False,1,False,False
R2753,R2753,U416,U416,I379,I379,4,4,0.0,LOW,0.0,0.0,0.0,0.0,0.0,1,0.0,0.0,False,0,False,False
R2754,R2754,U767,U767,I409,I409,3,3,25.25,LOW,0.0,0.0,25.0,20.0,45.0,7,40.0,15.0,False,3,False,False
R2755,R2755,U907,U907,I155,I155,1,1,3.25,LOW,20.0,0.0,15.0,0.0,0.0,2,0.0,0.0,False,1,False,False
R2756,R2756,U759,U759,I498,I498,2,2,2.25,LOW,0.0,0.0,15.0,0.0,0.0,2,0.0,0.0,False,0,False,False
R2757,R2757,U605,U605,I50,I50,2,2,6.0,LOW,0.0,0.0,25.0,0.0,0.0,4,15.0,0.0,False,1,False,False
R2758,R2758,U961,U961,I314,I314,5,5,7.75,LOW,20.0,0.0,25.0,0.0,0.0,3,15.0,5.0,False,2,False,False
R2759,R2759,U349,U349,I78,I78,1,1,3.25,LOW,20.0,0.0,15.0,0.0,0.0,2,0.0,0.0,False,1,False,False
R2760,R2760,U314,U314,I350,I350,1,1,10.0,LOW,20.0,15.0,25.0,0.0,0.0,4,15.0,5.0,False,2,False,False
R2761,R2761,U939,U939,I375,I375,1,1,1.0,LOW,20.0,0.0,0.0,0.0,0.0,1,0.0,0.0,False,1,False,False
R2762,R2762,U429,U429,I497,I497,1,1,7.75,LOW,20.0,0.0,25.0,0.0,0.0,3,15.0,5.0,False,2,False,False
R2763,R2763,U766,U766,I195,I195,4,4,15.5,LOW,0.0,0.0,25.0,20.0,30.0,6,15.0,0.0,False,1,False,False
R2764,R2764,U630,U630,I47,I47,1,1,7.75,LOW,20.0,0.0,25.0,0.0,0.0,4,15.0,5.0,False,2,False,False
R2765,R2765,U916,U916,I385,I385,5,5,7.75,LOW,20.0,0.0,25.0,0.0,0.0,4,15.0,5.0,False,2,False,False
R2766,R2766,U135,U135,I81,I81,3,3,6.0,LOW,0.0,0.0,25.0,0.0,0.0,2,15.0,0.0,False,1,False,False
R2767,R2767,U819,U819,I378,I378,1,1,8.5,LOW,20.0,0.0,30.0,0.0,0.0,4,15.0,5.0,False,2,False,False
R2768,R2768,U548,U548,I72,I72,4,4,2.25,LOW,0.0,0.0,15.0,0.0,0.0,2,0.0,0.0,False,0,False,False
R2769,R2769,U947,U947,I64,I64,2,2,15.5,LOW,0.0,0.0,25.0,20.0,30.0,5,15.0,0.0,False,1,False,False
R2770,R2770,U85,U85,I324,I324,4,4,2.25,LOW,0.0,0.0,15.0,0.0,0.0,4,0.0,0.0,False,0,False,False
R2771,R2771,U950,U950,I326,I326,4,4,0.0,LOW,0.0,0.0,0.0,0.0,0.0,4,0.0,0.0,False,0,False,False
R2772,R2772,U665,U665,I400,I400,4,4,7.5,LOW,0.0,10.0,25.0,0.0,0.0,3,15.0,0.0,False,1,False,False
R2773,R2773,U582,U582,I398,I398,4,4,7.5,LOW,0.0,10.0,25.0,0.0,0.0,2,15.0,0.0,False,1,False,False
R2774,R2774,U31,U31,I270,I270,2,2,6.0,LOW,0.0,0.0,25.0,0.0,0.0,1,15.0,0.0,False,1,False,False
R2775,R2775,U277,U277,I254,I254,5,5,4.75,LOW,20.0,10.0,15.0,0.0,0.0,2,0.0,0.0,False,1,False,False
R2776,R2776,U88,U88,I381,I381,1,1,7.75,LOW,20.0,0.0,25.0,0.0,0.0,2,15.0,5.0,False,2,False,False
R2777,R2777,U353,U353,I291,I291,2,2,1.5,LOW,0.0,10.0,0.0,0.0,0.0,2,0.0,0.0,False,0,False,False
R2778,R2778,U677,U677,I409,I409,3,3,25.25,LOW,0.0,0.0,25.0,20.0,45.0,7,40.0,15.0,False,3,False,False
R2779,R2779,U132,U132,I389,I389,2,2,15.5,LOW,0.0,0.0,25.0,20.0,30.0,5,15.0,0.0,False,1,False,False
R2780,R2780,U642,U642,I233,I233,1,1,3.25,LOW,20.0,0.0,15.0,0.0,0.0,3,0.0,0.0,False,1,False,False
R2781,R2781,U206,U206,I80,I80,2,2,6.0,LOW,0.0,0.0,25.0,0.0,0.0,3,15.0,0.0,False,1,False,False
R2782,R2782,U47,U47,I491,I491,4,4,2.25,LOW,0.0,0.0,15.0,0.0,0.0,2,0.0,0.0,False,0,False,False
R2783,R2783,U572,U572,I173,I173,5,5,5.5,LOW,20.0,15.0,15.0,0.0,0.0,1,0.0,0.0,False,1,False,False
R2784,R2784,U752,U752,I65,I65,3,3,2.25,LOW,0.0,0.0,15.0,0.0,0.0,1,0.0,0.0,False,0,False,False
R2785,R2785,U569,U569,I237,I237,1,1,7.75,LOW,20.0,0.0,25.0,0.0,0.0,3,15.0,5.0,False,2,False,False
R2786,R2786,U624,U624,I179,I179,1,1,3.25,LOW,20.0,0.0,15.0,0.0,0.0,4,0.0,0.0,False,1,False,False
R2787,R2787,U342,U342,I95,I95,1,1,10.0,LOW,20.0,15.0,25.0,0.0,0.0,3,15.0,5.0,False,2,False,False
R2788,R2788,U693,U693,I262,I262,1,1,10.0,LOW,20.0,15.0,25.0,0.0,0.0,3,15.0,5.0,False,2,False,False
R2789,R2789,U952,U952,I75,I75,5,5,7.75,LOW,20.0,0.0,25.0,0.0,0.0,4,15.0,5.0,False,2,False,False
R2790,R2790,U16,U16,I412,I412,4,4,0.0,LOW,0.0,0.0,0.0,0.0,0.0,2,0.0,0.0,False,0,False,False
R2791,R2791,U294,U294,I282,I282,1,1,3.25,LOW,20.0,0.0,15.0,0.0,0.0,4,0.0,0.0,False,1,False,False
R2792,R2792,U810,U810,I478,I478,2,2,1.5,LOW,0.0,10.0,0.0,0.0,0.0,1,0.0,0.0,False,0,False,False
R2793,R2793,U13,U13,I214,I214,3,3,0.0,LOW,0.0,0.0,0.0,0.0,0.0,3,0.0,0.0,False,0,False,False
R2794,R2794,U907,U907,I244,I244,3,3,2.25,LOW,0.0,0.0,15.0,0.0,0.0,2,0.0,0.0,False,0,False,False
R2795,R2795,U977,U977,I411,I411,4,4,6.0,LOW,0.0,30.0,0.0,0.0,0.0,1,10.0,0.0,False,1,False,False
R2796,R2796,U621,U621,I494,I494,3,3,6.0,LOW,0.0,0.0,25.0,0.0,0.0,3,15.0,0.0,False,1,False,False
R2797,R2797,U735,U735,I296,I296,1,1,7.75,LOW,20.0,0.0,25.0,0.0,0.0,4,15.0,5.0,False,2,False,False
R2798,R2798,U891,U891,I42,I42,5,5,7.75,LOW,20.0,0.0,25.0,0.0,0.0,2,15.0,5.0,False,2,False,False
R2799,R2799,U598,U598,I258,I258,3,3,0.0,LOW,0.0,0.0,0.0,0.0,0.0,2,0.0,0.0,False,0,False,False
R2800,R2800,U401,U401,I493,I493,3,3,3.75,LOW,0.0,10.0,15.0,0.0,0.0,3,0.0,0.0,False,0,False,False
R2801,R2801,U36,U36,I48,I48,4,4,6.0,LOW,0.0,0.0,25.0,0.0,0.0,2,15.0,0.0,False,1,False,False
R2802,R2802,U642,U642,I430,I430,3,3,6.0,LOW,0.0,0.0,25.0,0.0,0.0,4,15.0,0.0,False,1,False,False
R2803,R2803,U824,U824,I68,I68,2,2,6.0,LOW,0.0,0.0,25.0,0.0,0.0,2,15.0,0.0,False,1,False,False
R2804,R2804,U572,U572,I251,I251,5,5,10.0,LOW,20.0,15.0,25.0,0.0,0.0,3,15.0,5.0,False,2,False,False
R2805,R2805,U948,U948,I261,I261,4,4,1.5,LOW,0.0,10.0,0.0,0.0,0.0,3,0.0,0.0,False,0,False,False
R2806,R2806,U901,U901,I195,I195,3,3,6.0,LOW,0.0,0.0,25.0,0.0,0.0,2,15.0,0.0,False,1,False,False
R2807,R2807,U713,U713,I466,I466,5,5,3.25,LOW,20.0,0.0,15.0,0.0,0.0,2,0.0,0.0,False,1,False,False
R2808,R2808,U849,U849,I121,I121,1,1,3.25,LOW,20.0,0.0,15.0,0.0,0.0,3,0.0,0.0,False,1,False,False
R2809,R2809,U398,U398,I337,I337,1,1,3.25,LOW,20.0,0.0,15.0,0.0,0.0,2,0.0,0.0,False,1,False,False
R2810,R2810,U662,U662,I65,I65,2,2,2.25,LOW,0.0,0.0,15.0,0.0,0.0,4,0.0,0.0,False,0,False,False
R2811,R2811,U23,U23,I452,I452,1,1,5.5,LOW,20.0,15.0,15.0,0.0,0.0,3,0.0,0.0,False,1,False,False
R2812,R2812,U818,U818,I372,I372,2,2,2.25,LOW,0.0,0.0,15.0,0.0,0.0,2,0.0,0.0,False,0,False,False
R2813,R2813,U391,U391,I4,I4,3,3,2.25,LOW,0.0,0.0,15.0,0.0,0.0,3,0.0,0.0,False,0,False,False
R2814,R2814,U850,U850,I301,I301,3,3,2.25,LOW,0.0,0.0,15.0,0.0,0.0,2,0.0,0.0,False,0,False,False
R2815,R2815,U771,U771,I228,I228,1,1,3.25,LOW,20.0,0.0,15.0,0.0,0.0,2,0.0,0.0,False,1,False,False
R2816,R2816,U591,U591,I315,I315,1,1,2.5,LOW,20.0,10.0,0.0,0.0,0.0,2,0.0,0.0,False,1,False,False
R2817,R2817,U521,U521,I8,I8,2,2,2.25,LOW,0.0,0.0,15.0,0.0,0.0,3,0.0,0.0,False,0,False,False
R2818,R2818,U124,U124,I389,I389,3,3,6.0,LOW,0.0,0.0,25.0,0.0,0.0,2,15.0,0.0,False,1,False,False
R2819,R2819,U600,U600,I408,I408,3,3,6.0,LOW,0.0,0.0,25.0,0.0,0.0,2,15.0,0.0,False,1,False,False
R2820,R2820,U251,U251,I286,I286,2,2,15.5,LOW,0.0,0.0,25.0,20.0,30.0,6,15.0,0.0,False,1,False,False
R2821,R2821,U583,U583,I148,I148,3,3,2.25,LOW,0.0,0.0,15.0,0.0,0.0,2,0.0,0.0,False,0,False,False
R2822,R2822,U603,U603,I364,I364,1,1,3.25,LOW,20.0,0.0,15.0,0.0,0.0,4,0.0,0.0,False,1,False,False
R2823,R2823,U470,U470,I414,I414,5,5,3.25,LOW,20.0,0.0,15.0,0.0,0.0,1,0.0,0.0,False,1,False,False
R2824,R2824,U48,U48,I490,I490,3,3,2.25,LOW,0.0,0.0,15.0,0.0,0.0,3,0.0,0.0,False,0,False,False
R2825,R2825,U315,U315,I225,I225,2,2,6.0,LOW,0.0,0.0,25.0,0.0,0.0,1,15.0,0.0,False,1,False,False
R2826,R2826,U245,U245,I301,I301,3,3,2.25,LOW,0.0,0.0,15.0,0.0,0.0,2,0.0,0.0,False,0,False,False
R2827,R2827,U980,U980,I376,I376,4,4,2.25,LOW,0.0,0.0,15.0,0.0,0.0,3,0.0,0.0,False,0,False,False
R2828,R2828,U220,U220,I327,I327,1,1,17.25,LOW,20.0,0.0,25.0,20.0,30.0,5,15.0,5.0,False,2,False,False
R2829,R2829,U339,U339,I373,I373,2,2,15.5,LOW,0.0,0.0,25.0,20.0,30.0,6,15.0,0.0,False,1,False,False
R2830,R2830,U673,U673,I373,I373,4,4,8.25,LOW,0.0,15.0,25.0,0.0,0.0,3,15.0,0.0,False,1,False,False
R2831,R2831,U8,U8,I413,I413,5,5,3.25,LOW,20.0,0.0,15.0,0.0,0.0,2,0.0,0.0,False,1,False,False
R2832,R2832,U885,U885,I261,I261,5,5,1.0,LOW,20.0,0.0,0.0,0.0,0.0,2,0.0,0.0,False,1,False,False
R2833,R2833,U834,U834,I320,I320,5,5,18.0,LOW,20.0,0.0,30.0,20.0,30.0,6,15.0,5.0,False,2,False,False
R2834,R2834,U788,U788,I211,I211,3,3,2.25,LOW,0.0,0.0,15.0,0.0,0.0,2,0.0,0.0,False,0,False,False
R2835,R2835,U705,U705,I338,I338,2,2,0.0,LOW,0.0,0.0,0.0,0.0,0.0,2,0.0,0.0,False,0,False,False
R2836,R2836,U912,U912,I85,I85,3,3,2.25,LOW,0.0,0.0,15.0,0.0,0.0,2,0.0,0.0,False,0,False,False
R2837,R2837,U961,U961,I339,I339,5,5,3.25,LOW,20.0,0.0,15.0,0.0,0.0,3,0.0,0.0,False,1,False,False
R2838,R2838,U190,U190,I446,I446,2,2,2.25,LOW,0.0,0.0,15.0,0.0,0.0,1,0.0,0.0,False,0,False,False
R2839,R2839,U927,U927,I84,I84,5,5,3.25,LOW,20.0,0.0,15.0,0.0,0.0,3,0.0,0.0,False,1,False,False
R2840,R2840,U778,U778,I391,I391,1,1,1.0,LOW,20.0,0.0,0.0,0.0,0.0,1,0.0,0.0,False,1,False,False
R2841,R2841,U223,U223,I78,I78,2,2,4.5,LOW,0.0,15.0,15.0,0.0,0.0,2,0.0,0.0,False,0,False,False
R2842,R2842,U214,U214,I21,I21,4,4,0.0,LOW,0.0,0.0,0.0,0.0,0.0,1,0.0,0.0,False,0,False,False
R2843,R2843,U526,U526,I175,I175,4,4,3.75,LOW,0.0,10.0,15.0,0.0,0.0,2,0.0,0.0,False,0,False,False
R2844,R2844,U744,U744,I152,I152,4,4,15.5,LOW,0.0,0.0,25.0,20.0,30.0,5,15.0,0.0,False,1,False,False
R2845,R2845,U928,U928,I209,I209,4,4,2.25,LOW,0.0,0.0,15.0,0.0,0.0,4,0.0,0.0,False,0,False,False
R2846,R2846,U18,U18,I312,I312,4,4,0.0,LOW,0.0,0.0,0.0,0.0,0.0,3,0.0,0.0,False,0,False,False
R2847,R2847,U331,U331,I410,I410,5,5,19.5,LOW,20.0,15.0,25.0,20.0,30.0,5,15.0,5.0,False,2,False,False
R2848,R2848,U491,U491,I498,I498,3,3,2.25,LOW,0.0,0.0,15.0,0.0,0.0,2,0.0,0.0,False,0,False,False
R2849,R2849,U287,U287,I294,I294,3,3,2.25,LOW,0.0,0.0,15.0,0.0,0.0,3,0.0,0.0,False,0,False,False
R2850,R2850,U486,U486,I171,I171,2,2,2.25,LOW,0.0,0.0,15.0,0.0,0.0,2,0.0,0.0,False,0,False,False
R2851,R2851,U236,U236,I182,I182,2,2,6.0,LOW,0.0,0.0,25.0,0.0,0.0,2,15.0,0.0,False,1,False,False
R2852,R2852,U960,U960,I244,I244,3,3,2.25,LOW,0.0,0.0,15.0,0.0,0.0,2,0.0,0.0,False,0,False,False
R2853,R2853,U700,U700,I403,I403,3,3,6.0,LOW,0.0,0.0,25.0,0.0,0.0,4,15.0,0.0,False,1,False,False
R2854,R2854,U643,U643,I81,I81,5,5,7.75,LOW,20.0,0.0,25.0,0.0,0.0,3,15.0,5.0,False,2,False,False
R2855,R2855,U637,U637,I250,I250,3,3,2.25,LOW,0.0,0.0,15.0,0.0,0.0,2,0.0,0.0,False,0,False,False
R2856,R2856,U725,U725,I234,I234,3,3,15.5,LOW,0.0,0.0,25.0,20.0,30.0,5,15.0,0.0,False,1,False,False
R2857,R2857,U990,U990,I351,I351,1,1,4.75,LOW,20.0,10.0,15.0,0.0,0.0,2,0.0,0.0,False,1,False,False
R2858,R2858,U651,U651,I149,I149,5,5,3.25,LOW,20.0,0.0,15.0,0.0,0.0,4,0.0,0.0,False,1,False,False
R2859,R2859,U700,U700,I454,I454,2,2,6.0,LOW,0.0,0.0,25.0,0.0,0.0,2,15.0,0.0,False,1,False,False
R2860,R2860,U454,U454,I165,I165,1,1,5.5,LOW,20.0,15.0,15.0,0.0,0.0,4,0.0,0.0,False,1,False,False
R2861,R2861,U667,U667,I60,I60,5,5,7.75,LOW,20.0,0.0,25.0,0.0,0.0,2,15.0,5.0,False,2,False,False
R2862,R2862,U504,U504,I217,I217,3,3,4.5,LOW,0.0,15.0,15.0,0.0,0.0,3,0.0,0.0,False,0,False,False
R2863,R2863,U229,U229,I137,I137,5,5,3.25,LOW,20.0,0.0,15.0,0.0,0.0,4,0.0,0.0,False,1,False,False
R2864,R2864,U364,U364,I403,I403,3,3,6.0,LOW,0.0,0.0,25.0,0.0,0.0,4,15.0,0.0,False,1,False,False
R2865,R2865,U785,U785,I183,I183,4,4,0.0,LOW,0.0,0.0,0.0,0.0,0.0,3,0.0,0.0,False,0,False,False
R2866,R2866,U908,U908,I57,I57,5,5,3.25,LOW,20.0,0.0,15.0,0.0,0.0,3,0.0,0.0,False,1,False,False
R2867,R2867,U451,U451,I271,I271,5,5,17.25,LOW,20.0,0.0,25.0,20.0,30.0,5,15.0,5.0,False,2,False,False
R2868,R2868,U243,U243,I478,I478,1,1,1.0,LOW,20.0,0.0,0.0,0.0,0.0,4,0.0,0.0,False,1,False,False
R2869,R2869,U579,U579,I489,I489,2,2,2.25,LOW,0.0,0.0,15.0,0.0,0.0,4,0.0,0.0,False,0,False,False
R2870,R2870,U754,U754,I258,I258,2,2,0.0,LOW,0.0,0.0,0.0,0.0,0.0,2,0.0,0.0,False,0,False,False
R2871,R2871,U855,U855,I56,I56,4,4,6.0,LOW,0.0,0.0,25.0,0.0,0.0,3,15.0,0.0,False,1,False,False
R2872,R2872,U857,U857,I19,I19,1,1,7.75,LOW,20.0,0.0,25.0,0.0,0.0,1,15.0,5.0,False,2,False,False
R2873,R2873,U754,U754,I167,I167,5,5,7.75,LOW,20.0,0.0,25.0,0.0,0.0,4,15.0,5.0,False,2,False,False
R2874,R2874,U667,U667,I327,I327,2,2,6.0,LOW,0.0,0.0,25.0,0.0,0.0,3,15.0,0.0,False,1,False,False
R2875,R2875,U944,U944,I143,I143,2,2,6.0,LOW,0.0,0.0,25.0,0.0,0.0,4,15.0,0.0,False,1,False,False
R2876,R2876,U536,U536,I143,I143,5,5,14.5,LOW,20.0,25.0,25.0,0.0,0.0,3,25.0,15.0,False,3,False,False
R2877,R2877,U220,U220,I156,I156,5,5,7.75,LOW,20.0,0.0,25.0,0.0,0.0,3,15.0,5.0,False,2,False,False
R2878,R2878,U491,U491,I195,I195,4,4,23.25,LOW,0.0,0.0,25.0,60.0,30.0,6,35.0,5.0,False,2,False,False
R2879,R2879,U49,U49,I290,I290,5,5,3.25,LOW,20.0,0.0,15.0,0.0,0.0,3,0.0,0.0,False,1,False,False
R2880,R2880,U446,U446,I335,I335,1,1,7.75,LOW,20.0,0.0,25.0,0.0,0.0,4,15.0,5.0,False,2,False,False
R2881,R2881,U823,U823,I324,I324,5,5,3.25,LOW,20.0,0.0,15.0,0.0,0.0,3,0.0,0.0,False,1,False,False
R2882,R2882,U281,U281,I4,I4,2,2,2.25,LOW,0.0,0.0,15.0,0.0,0.0,2,0.0,0.0,False,0,False,False
R2883,R2883,U931,U931,I153,I153,5,5,21.75,LOW,20.0,15.0,40.0,20.0,30.0,5,15.0,5.0,False,2,False,False
R2884,R2884,U73,U73,I429,I429,3,3,2.25,LOW,0.0,0.0,15.0,0.0,0.0,2,0.0,0.0,False,0,False,False
R2885,R2885,U449,U449,I382,I382,2,2,3.75,LOW,0.0,10.0,15.0,0.0,0.0,3,0.0,0.0,False,0,False,False
R2886,R2886,U813,U813,I451,I451,5,5,1.0,LOW,20.0,0.0,0.0,0.0,0.0,2,0.0,0.0,False,1,False,False
R2887,R2887,U409,U409,I382,I382,4,4,2.25,LOW,0.0,0.0,15.0,0.0,0.0,2,0.0,0.0,False,0,False,False
R2888,R2888,U950,U950,I177,I177,3,3,2.25,LOW,0.0,0.0,15.0,0.0,0.0,3,0.0,0.0,False,0,False,False
R2889,R2889,U279,U279,I213,I213,1,1,1.0,LOW,20.0,0.0,0.0,0.0,0.0,2,0.0,0.0,False,1,False,False
R2890,R2890,U250,U250,I299,I299,2,2,6.0,LOW,0.0,0.0,25.0,0.0,0.0,4,15.0,0.0,False,1,False,False
R2891,R2891,U41,U41,I314,I314,4,4,6.0,LOW,0.0,0.0,25.0,0.0,0.0,3,15.0,0.0,False,1,False,False
R2892,R2892,U876,U876,I136,I136,4,4,0.0,LOW,0.0,0.0,0.0,0.0,0.0,2,0.0,0.0,False,0,False,False
R2893,R2893,U717,U717,I70,I70,4,4,2.25,LOW,0.0,0.0,15.0,0.0,0.0,2,0.0,0.0,False,0,False,False
R2894,R2894,U49,U49,I322,I322,3,3,9.5,LOW,0.0,0.0,0.0,20.0,30.0,5,0.0,0.0,False,0,False,False
R2895,R2895,U211,U211,I202,I202,3,3,6.0,LOW,0.0,0.0,25.0,0.0,0.0,2,15.0,0.0,False,1,False,False
R2896,R2896,U587,U587,I32,I32,1,1,7.75,LOW,20.0,0.0,25.0,0.0,0.0,4,15.0,5.0,False,2,False,False
R2897,R2897,U707,U707,I78,I78,5,5,3.25,LOW,20.0,0.0,15.0,0.0,0.0,3,0.0,0.0,False,1,False,False
R2898,R2898,U418,U418,I227,I227,2,2,2.25,LOW,0.0,0.0,15.0,0.0,0.0,4,0.0,0.0,False,0,False,False
R2899,R2899,U373,U373,I377,I377,1,1,3.25,LOW,20.0,0.0,15.0,0.0,0.0,4,0.0,0.0,False,1,False,False
R2900,R2900,U87,U87,I450,I450,3,3,2.25,LOW,0.0,0.0,15.0,0.0,0.0,1,0.0,0.0,False,0,False,False
R2901,R2901,U739,U739,I453,I453,2,2,6.0,LOW,0.0,0.0,25.0,0.0,0.0,2,15.0,0.0,False,1,False,False
R2902,R2902,U251,U251,I440,I440,1,1,7.75,LOW,20.0,0.0,25.0,0.0,0.0,1,15.0,5.0,False,2,False,False
R2903,R2903,U509,U509,I232,I232,3,3,3.75,LOW,0.0,10.0,15.0,0.0,0.0,2,0.0,0.0,False,0,False,False
R2904,R2904,U562,U562,I71,I71,1,1,14.25,LOW,20.0,10.0,15.0,20.0,30.0,6,0.0,0.0,False,1,False,False
R2905,R2905,U395,U395,I93,I93,4,4,3.75,LOW,0.0,10.0,15.0,0.0,0.0,2,0.0,0.0,False,0,False,False
R2906,R2906,U222,U222,I482,I482,5,5,3.25,LOW,20.0,0.0,15.0,0.0,0.0,1,0.0,0.0,False,1,False,False
R2907,R2907,U407,U407,I244,I244,5,5,3.25,LOW,20.0,0.0,15.0,0.0,0.0,2,0.0,0.0,False,1,False,False
R2908,R2908,U295,U295,I383,I383,4,4,17.0,LOW,0.0,10.0,25.0,20.0,30.0,6,15.0,0.0,False,1,False,False
R2909,R2909,U456,U456,I287,I287,5,5,10.0,LOW,20.0,15.0,25.0,0.0,0.0,3,15.0,5.0,False,2,False,False
R2910,R2910,U851,U851,I246,I246,3,3,6.0,LOW,0.0,0.0,25.0,0.0,0.0,4,15.0,0.0,False,1,False,False
R2911,R2911,U682,U682,I400,I400,5,5,9.25,LOW,20.0,10.0,25.0,0.0,0.0,4,15.0,5.0,False,2,False,False
R2912,R2912,U583,U583,I480,I480,1,1,7.75,LOW,20.0,0.0,25.0,0.0,0.0,2,15.0,5.0,False,2,False,False
R2913,R2913,U516,U516,I33,I33,4,4,3.75,LOW,0.0,10.0,15.0,0.0,0.0,2,0.0,0.0,False,0,False,False
R2914,R2914,U383,U383,I189,I189,1,1,3.25,LOW,20.0,0.0,15.0,0.0,0.0,2,0.0,0.0,False,1,False,False
R2915,R2915,U586,U586,I346,I346,3,3,15.5,LOW,0.0,0.0,25.0,20.0,30.0,5,15.0,0.0,False,1,False,False
R2916,R2916,U98,U98,I406,I406,3,3,2.25,LOW,0.0,0.0,15.0,0.0,0.0,3,0.0,0.0,False,0,False,False
R2917,R2917,U799,U799,I84,I84,3,3,2.25,LOW,0.0,0.0,15.0,0.0,0.0,2,0.0,0.0,False,0,False,False
R2918,R2918,U688,U688,I51,I51,4,4,3.75,LOW,0.0,10.0,15.0,0.0,0.0,2,0.0,0.0,False,0,False,False
R2919,R2919,U634,U634,I277,I277,2,2,6.0,LOW,0.0,0.0,25.0,0.0,0.0,4,15.0,0.0,False,1,False,False
R2920,R2920,U777,U777,I344,I344,2,2,3.75,LOW,0.0,10.0,15.0,0.0,0.0,4,0.0,0.0,False,0,False,False
R2921,R2921,U799,U799,I329,I329,3,3,2.25,LOW,0.0,0.0,15.0,0.0,0.0,2,0.0,0.0,False,0,False,False
R2922,R2922,U584,U584,I243,I243,3,3,3.75,LOW,0.0,10.0,15.0,0.0,0.0,3,0.0,0.0,False,0,False,False
R2923,R2923,U455,U455,I222,I222,3,3,7.5,LOW,0.0,10.0,25.0,0.0,0.0,4,15.0,0.0,False,1,False,False
R2924,R2924,U798,U798,I163,I163,5,5,7.75,LOW,20.0,0.0,25.0,0.0,0.0,2,15.0,5.0,False,2,False,False
R2925,R2925,U492,U492,I9,I9,3,3,2.25,LOW,0.0,0.0,15.0,0.0,0.0,3,0.0,0.0,False,0,False,False
R2926,R2926,U310,U310,I371,I371,5,5,5.5,LOW,20.0,15.0,15.0,0.0,0.0,3,0.0,0.0,False,1,False,False
R2927,R2927,U664,U664,I406,I406,2,2,3.75,LOW,0.0,10.0,15.0,0.0,0.0,4,0.0,0.0,False,0,False,False
R2928,R2928,U855,U855,I156,I156,2,2,6.0,LOW,0.0,0.0,25.0,0.0,0.0,4,15.0,0.0,False,1,False,False
R2929,R2929,U549,U549,I241,I241,4,4,3.75,LOW,0.0,10.0,15.0,0.0,0.0,2,0.0,0.0,False,0,False,False
R2930,R2930,U344,U344,I440,I440,4,4,25.25,LOW,0.0,0.0,25.0,20.0,45.0,7,40.0,15.0,False,3,False,False
R2931,R2931,U178,U178,I486,I486,2,2,6.0,LOW,0.0,0.0,25.0,0.0,0.0,4,15.0,0.0,False,1,False,False
R2932,R2932,U2,U2,I424,I424,5,5,7.75,LOW,20.0,0.0,25.0,0.0,0.0,4,15.0,5.0,False,2,False,False
R2933,R2933,U786,U786,I313,I313,1,1,3.25,LOW,20.0,0.0,15.0,0.0,0.0,1,0.0,0.0,False,1,False,False
R2934,R2934,U414,U414,I484,I484,2,2,8.25,LOW,0.0,15.0,25.0,0.0,0.0,4,15.0,0.0,False,1,False,False
R2935,R2935,U885,U885,I57,I57,3,3,2.25,LOW,0.0,0.0,15.0,0.0,0.0,2,0.0,0.0,False,0,False,False
R2936,R2936,U368,U368,I303,I303,4,4,2.25,LOW,0.0,0.0,15.0,0.0,0.0,2,0.0,0.0,False,0,False,False
R2937,R2937,U127,U127,I26,I26,1,1,7.75,LOW,20.0,0.0,25.0,0.0,0.0,3,15.0,5.0,False,2,False,False
R2938,R2938,U126,U126,I486,I486,3,3,7.5,LOW,0.0,10.0,25.0,0.0,0.0,1,15.0,0.0,False,1,False,False
R2939,R2939,U258,U258,I236,I236,4,4,15.5,LOW,0.0,0.0,25.0,20.0,30.0,5,15.0,0.0,False,1,False,False
R2940,R2940,U784,U784,I147,I147,5,5,27.75,LOW,20.0,25.0,25.0,20.0,30.0,5,25.0,40.0,False,4,False,False
R2941,R2941,U246,U246,I339,I339,1,1,3.25,LOW,20.0,0.0,15.0,0.0,0.0,2,0.0,0.0,False,1,False,False
R2942,R2942,U268,U268,I355,I355,5,5,7.75,LOW,20.0,0.0,25.0,0.0,0.0,2,15.0,5.0,False,2,False,False
R2943,R2943,U136,U136,I88,I88,3,3,6.0,LOW,0.0,0.0,25.0,0.0,0.0,1,15.0,0.0,False,1,False,False
R2944,R2944,U479,U479,I492,I492,5,5,3.25,LOW,20.0,0.0,15.0,0.0,0.0,4,0.0,0.0,False,1,False,False
R2945,R2945,U410,U410,I130,I130,1,1,5.5,LOW,20.0,15.0,15.0,0.0,0.0,1,0.0,0.0,False,1,False,False
R2946,R2946,U350,U350,I138,I138,4,4,0.0,LOW,0.0,0.0,0.0,0.0,0.0,1,0.0,0.0,False,0,False,False
R2947,R2947,U97,U97,I201,I201,5,5,5.5,LOW,20.0,15.0,15.0,0.0,0.0,3,0.0,0.0,False,1,False,False
R2948,R2948,U896,U896,I332,I332,3,3,2.25,LOW,0.0,0.0,15.0,0.0,0.0,1,0.0,0.0,False,0,False,False
R2949,R2949,U219,U219,I317,I317,3,3,1.5,LOW,0.0,10.0,0.0,0.0,0.0,2,0.0,0.0,False,0,False,False
R2950,R2950,U243,U243,I440,I440,2,2,6.0,LOW,0.0,0.0,25.0,0.0,0.0,4,15.0,0.0,False,1,False,False
R2951,R2951,U375,U375,I494,I494,3,3,6.0,LOW,0.0,0.0,25.0,0.0,0.0,3,15.0,0.0,False,1,False,False
R2952,R2952,U565,U565,I9,I9,5,5,3.25,LOW,20.0,0.0,15.0,0.0,0.0,1,0.0,0.0,False,1,False,False
R2953,R2953,U497,U497,I382,I382,5,5,3.25,LOW,20.0,0.0,15.0,0.0,0.0,2,0.0,0.0,False,1,False,False
R2954,R2954,U852,U852,I249,I249,3,3,3.75,LOW,0.0,10.0,15.0,0.0,0.0,3,0.0,0.0,False,0,False,False
R2955,R2955,U100,U100,I334,I334,4,4,2.25,LOW,0.0,0.0,15.0,0.0,0.0,2,0.0,0.0,False,0,False,False
R2956,R2956,U45,U45,I79,I79,5,5,3.25,LOW,20.0,0.0,15.0,0.0,0.0,3,0.0,0.0,False,1,False,False
R2957,R2957,U643,U643,I327,I327,1,1,17.25,LOW,20.0,0.0,25.0,20.0,30.0,5,15.0,5.0,False,2,False,False
R2958,R2958,U420,U420,I85,I85,2,2,2.25,LOW,0.0,0.0,15.0,0.0,0.0,2,0.0,0.0,False,0,False,False
R2959,R2959,U759,U759,I376,I376,3,3,2.25,LOW,0.0,0.0,15.0,0.0,0.0,1,0.0,0.0,False,0,False,False
R2960,R2960,U1,U1,I153,I153,1,1,55.0,HIGH,20.0,25.0,40.0,20.0,45.0,7,50.0,50.0,False,6,True,False
R2961,R2961,U104,U104,I128,I128,4,4,0.0,LOW,0.0,0.0,0.0,0.0,0.0,3,0.0,0.0,False,0,False,False
R2962,R2962,U999,U999,I227,I227,1,1,3.25,LOW,20.0,0.0,15.0,0.0,0.0,2,0.0,0.0,False,1,False,False
R2963,R2963,U747,U747,I252,I252,5,5,9.25,LOW,20.0,10.0,25.0,0.0,0.0,2,15.0,5.0,False,2,False,False
R2964,R2964,U737,U737,I414,I414,2,2,2.25,LOW,0.0,0.0,15.0,0.0,0.0,3,0.0,0.0,False,0,False,False
R2965,R2965,U127,U127,I284,I284,3,3,15.5,LOW,0.0,0.0,25.0,20.0,30.0,6,15.0,0.0,False,1,False,False
R2966,R2966,U327,U327,I292,I292,3,3,6.0,LOW,0.0,0.0,25.0,0.0,0.0,3,15.0,0.0,False,1,False,False
R2967,R2967,U530,U530,I364,I364,2,2,2.25,LOW,0.0,0.0,15.0,0.0,0.0,2,0.0,0.0,False,0,False,False
R2968,R2968,U961,U961,I145,I145,3,3,6.0,LOW,0.0,0.0,25.0,0.0,0.0,2,15.0,0.0,False,1,False,False
R2969,R2969,U784,U784,I206,I206,1,1,15.25,LOW,20.0,25.0,30.0,0.0,0.0,2,25.0,15.0,False,3,False,False
R2970,R2970,U472,U472,I13,I13,2,2,2.25,LOW,0.0,0.0,15.0,0.0,0.0,3,0.0,0.0,False,0,False,False
R2971,R2971,U844,U844,I198,I198,1,1,9.25,LOW,20.0,10.0,25.0,0.0,0.0,4,15.0,5.0,False,2,False,False
R2972,R2972,U79,U79,I235,I235,3,3,6.0,LOW,0.0,0.0,25.0,0.0,0.0,3,15.0,0.0,False,1,False,False
R2973,R2973,U694,U694,I15,I15,1,1,17.25,LOW,20.0,0.0,25.0,20.0,30.0,5,15.0,5.0,False,2,False,False
R2974,R2974,U107,U107,I224,I224,1,1,3.25,LOW,20.0,0.0,15.0,0.0,0.0,3,0.0,0.0,False,1,False,False
R2975,R2975,U471,U471,I293,I293,3,3,6.0,LOW,0.0,0.0,25.0,0.0,0.0,4,15.0,0.0,False,1,False,False
R2976,R2976,U34,U34,I250,I250,5,5,3.25,LOW,20.0,0.0,15.0,0.0,0.0,3,0.0,0.0,False,1,False,False
R2977,R2977,U717,U717,I305,I305,2,2,2.25,LOW,0.0,0.0,15.0,0.0,0.0,2,0.0,0.0,False,0,False,False
R2978,R2978,U320,U320,I160,I160,1,1,7.75,LOW,20.0,0.0,25.0,0.0,0.0,4,15.0,5.0,False,2,False,False
R2979,R2979,U925,U925,I360,I360,2,2,2.25,LOW,0.0,0.0,15.0,0.0,0.0,4,0.0,0.0,False,0,False,False
R2980,R2980,U767,U767,I408,I408,3,3,6.0,LOW,0.0,0.0,25.0,0.0,0.0,2,15.0,0.0,False,1,False,False
R2981,R2981,U829,U829,I399,I399,2,2,2.25,LOW,0.0,0.0,15.0,0.0,0.0,4,0.0,0.0,False,0,False,False
R2982,R2982,U562,U562,I394,I394,5,5,14.25,LOW,20.0,10.0,15.0,20.0,30.0,5,0.0,0.0,False,1,False,False
R2983,R2983,U455,U455,I205,I205,2,2,7.5,LOW,0.0,10.0,25.0,0.0,0.0,4,15.0,0.0,False,1,False,False
R2984,R2984,U202,U202,I404,I404,4,4,2.25,LOW,0.0,0.0,15.0,0.0,0.0,3,0.0,0.0,False,0,False,False
R2985,R2985,U245,U245,I188,I188,3,3,0.0,LOW,0.0,0.0,0.0,0.0,0.0,3,0.0,0.0,False,0,False,False
R2986,R2986,U539,U539,I304,I304,4,4,2.25,LOW,0.0,0.0,15.0,0.0,0.0,3,0.0,0.0,False,0,False,False
R2987,R2987,U500,U500,I29,I29,4,4,2.25,LOW,0.0,0.0,15.0,0.0,0.0,2,0.0,0.0,False,0,False,False
R2988,R2988,U136,U136,I273,I273,5,5,7.75,LOW,20.0,0.0,25.0,0.0,0.0,3,15.0,5.0,False,2,False,False
R2989,R2989,U276,U276,I398,I398,1,1,7.75,LOW,20.0,0.0,25.0,0.0,0.0,2,15.0,5.0,False,2,False,False
R2990,R2990,U236,U236,I410,I410,3,3,6.0,LOW,0.0,0.0,25.0,0.0,0.0,1,15.0,0.0,False,1,False,False
R2991,R2991,U771,U771,I99,I99,5,5,3.25,LOW,20.0,0.0,15.0,0.0,0.0,1,0.0,0.0,False,1,False,False
R2992,R2992,U76,U76,I139,I139,2,2,2.25,LOW,0.0,0.0,15.0,0.0,0.0,1,0.0,0.0,False,0,False,False
R2993,R2993,U618,U618,I239,I239,3,3,2.25,LOW,0.0,0.0,15.0,0.0,0.0,2,0.0,0.0,False,0,False,False
R2994,R2994,U504,U504,I325,I325,3,3,4.5,LOW,0.0,15.0,15.0,0.0,0.0,2,0.0,0.0,False,0,False,False
R2995,R2995,U232,U232,I221,I221,4,4,6.0,LOW,0.0,0.0,25.0,0.0,0.0,4,15.0,0.0,False,1,False,False
R2996,R2996,U945,U945,I115,I115,3,3,11.75,LOW,0.0,0.0,15.0,20.0,30.0,5,0.0,0.0,False,0,False,False
R2997,R2997,U729,U729,I395,I395,5,5,3.25,LOW,20.0,0.0,15.0,0.0,0.0,4,0.0,0.0,False,1,False,False
R2998,R2998,U452,U452,I393,I393,1,1,3.25,LOW,20.0,0.0,15.0,0.0,0.0,3,0.0,0.0,False,1,False,False
R2999,R2999,U274,U274,I266,I266,1,1,3.25,LOW,20.0,0.0,15.0,0.0,0.0,2,0.0,0.0,False,1,False,False
R3000,R3000,U720,U720,I393,I393,1,1,3.25,LOW,20.0,0.0,15.0,0.0,0.0,3,0.0,0.0,False,1,False,False
R3001,R3001,U52,U52,I468,I468,4,4,6.0,LOW,0.0,0.0,25.0,0.0,0.0,2,15.0,0.0,False,1,False,False
R3002,R3002,U738,U738,I116,I116,3,3,0.0,LOW,0.0,0.0,0.0,0.0,0.0,1,0.0,0.0,False,0,False,False
R3003,R3003,U447,U447,I431,I431,3,3,3.75,LOW,0.0,10.0,15.0,0.0,0.0,4,0.0,0.0,False,0,False,False
R3004,R3004,U833,U833,I78,I78,4,4,4.5,LOW,0.0,15.0,15.0,0.0,0.0,2,0.0,0.0,False,0,False,False
R3005,R3005,U525,U525,I89,I89,3,3,2.25,LOW,0.0,0.0,15.0,0.0,0.0,3,0.0,0.0,False,0,False,False
R3006,R3006,U971,U971,I342,I342,4,4,0.0,LOW,0.0,0.0,0.0,0.0,0.0,1,0.0,0.0,False,0,False,False
R3007,R3007,U918,U918,I373,I373,4,4,7.5,LOW,0.0,10.0,25.0,0.0,0.0,3,15.0,0.0,False,1,False,False
R3008,R3008,U968,U968,I135,I135,1,1,3.25,LOW,20.0,0.0,15.0,0.0,0.0,4,0.0,0.0,False,1,False,False
R3009,R3009,U907,U907,I259,I259,5,5,1.0,LOW,20.0,0.0,0.0,0.0,0.0,3,0.0,0.0,False,1,False,False
R3010,R3010,U439,U439,I480,I480,5,5,7.75,LOW,20.0,0.0,25.0,0.0,0.0,2,15.0,5.0,False,2,False,False
R3011,R3011,U90,U90,I414,I414,2,2,2.25,LOW,0.0,0.0,15.0,0.0,0.0,3,0.0,0.0,False,0,False,False
R3012,R3012,U131,U131,I489,I489,2,2,2.25,LOW,0.0,0.0,15.0,0.0,0.0,4,0.0,0.0,False,0,False,False
R3013,R3013,U77,U77,I135,I135,2,2,3.75,LOW,0.0,10.0,15.0,0.0,0.0,2,0.0,0.0,False,0,False,False
R3014,R3014,U887,U887,I81,I81,4,4,17.75,LOW,0.0,15.0,25.0,20.0,30.0,5,15.0,0.0,False,1,False,False
R3015,R3015,U945,U945,I55,I55,5,5,3.25,LOW,20.0,0.0,15.0,0.0,0.0,2,0.0,0.0,False,1,False,False
R3016,R3016,U808,U808,I328,I328,5,5,1.0,LOW,20.0,0.0,0.0,0.0,0.0,2,0.0,0.0,False,1,False,False
R3017,R3017,U825,U825,I75,I75,3,3,6.0,LOW,0.0,0.0,25.0,0.0,0.0,2,15.0,0.0,False,1,False,False
R3018,R3018,U885,U885,I156,I156,4,4,15.5,LOW,0.0,0.0,25.0,20.0,30.0,5,15.0,0.0,False,1,False,False
R3019,R3019,U776,U776,I163,I163,4,4,6.0,LOW,0.0,0.0,25.0,0.0,0.0,2,15.0,0.0,False,1,False,False
R3020,R3020,U644,U644,I322,I322,3,3,11.0,LOW,0.0,10.0,0.0,20.0,30.0,5,0.0,0.0,False,0,False,False
R3021,R3021,U936,U936,I190,I190,2,2,4.5,LOW,0.0,15.0,15.0,0.0,0.0,3,0.0,0.0,False,0,False,False
R3022,R3022,U383,U383,I351,I351,3,3,2.25,LOW,0.0,0.0,15.0,0.0,0.0,1,0.0,0.0,False,0,False,False
R3023,R3023,U293,U293,I473,I473,1,1,3.25,LOW,20.0,15.0,0.0,0.0,0.0,2,0.0,0.0,False,1,False,False
R3024,R3024,U533,U533,I49,I49,5,5,10.0,LOW,20.0,15.0,25.0,0.0,0.0,4,15.0,5.0,False,2,False,False
R3025,R3025,U870,U870,I391,I391,3,3,0.0,LOW,0.0,0.0,0.0,0.0,0.0,1,0.0,0.0,False,0,False,False
R3026,R3026,U218,U218,I195,I195,4,4,15.5,LOW,0.0,0.0,25.0,20.0,30.0,6,15.0,0.0,False,1,False,False
R3027,R3027,U523,U523,I494,I494,1,1,35.75,MEDIUM,20.0,0.0,25.0,20.0,45.0,7,40.0,25.0,False,4,True,False
R3028,R3028,U346,U346,I73,I73,1,1,7.75,LOW,20.0,0.0,25.0,0.0,0.0,3,15.0,5.0,False,2,False,False
R3029,R3029,U565,U565,I422,I422,5,5,3.25,LOW,20.0,0.0,15.0,0.0,0.0,2,0.0,0.0,False,1,False,False
R3030,R3030,U706,U706,I303,I303,2,2,2.25,LOW,0.0,0.0,15.0,0.0,0.0,2,0.0,0.0,False,0,False,False
R3031,R3031,U857,U857,I487,I487,4,4,6.0,LOW,0.0,0.0,25.0,0.0,0.0,3,15.0,0.0,False,1,False,False
R3032,R3032,U308,U308,I399,I399,1,1,3.25,LOW,20.0,0.0,15.0,0.0,0.0,1,0.0,0.0,False,1,False,False
R3033,R3033,U797,U797,I459,I459,3,3,2.25,LOW,0.0,0.0,15.0,0.0,0.0,3,0.0,0.0,False,0,False,False
R3034,R3034,U961,U961,I41,I41,3,3,2.25,LOW,0.0,0.0,15.0,0.0,0.0,2,0.0,0.0,False,0,False,False
R3035,R3035,U686,U686,I68,I68,2,2,6.0,LOW,0.0,0.0,25.0,0.0,0.0,2,15.0,0.0,False,1,False,False
R3036,R3036,U968,U968,I38,I38,3,3,2.25,LOW,0.0,0.0,15.0,0.0,0.0,2,0.0,0.0,False,0,False,False
R3037,R3037,U534,U534,I124,I124,2,2,2.25,LOW,0.0,0.0,15.0,0.0,0.0,1,0.0,0.0,False,0,False,False
R3038,R3038,U331,U331,I136,I136,1,1,3.25,LOW,20.0,15.0,0.0,0.0,0.0,3,0.0,0.0,False,1,False,False
R3039,R3039,U113,U113,I94,I94,4,4,2.25,LOW,0.0,0.0,15.0,0.0,0.0,3,0.0,0.0,False,0,False,False
R3040,R3040,U554,U554,I106,I106,4,4,6.0,LOW,0.0,0.0,25.0,0.0,0.0,3,15.0,0.0,False,1,False,False
R3041,R3041,U200,U200,I0,I0,5,5,1.0,LOW,20.0,0.0,0.0,0.0,0.0,3,0.0,0.0,False,1,False,False
R3042,R3042,U899,U899,I398,I398,4,4,6.0,LOW,0.0,0.0,25.0,0.0,0.0,2,15.0,0.0,False,1,False,False
R3043,R3043,U479,U479,I464,I464,4,4,2.25,LOW,0.0,0.0,15.0,0.0,0.0,2,0.0,0.0,False,0,False,False
R3044,R3044,U749,U749,I293,I293,1,1,7.75,LOW,20.0,0.0,25.0,0.0,0.0,2,15.0,5.0,False,2,False,False
R3045,R3045,U677,U677,I340,I340,4,4,2.25,LOW,0.0,0.0,15.0,0.0,0.0,2,0.0,0.0,False,0,False,False
R3046,R3046,U111,U111,I497,I497,5,5,10.0,LOW,20.0,15.0,25.0,0.0,0.0,2,15.0,5.0,False,2,False,False
R3047,R3047,U794,U794,I238,I238,4,4,6.0,LOW,0.0,0.0,25.0,0.0,0.0,3,15.0,0.0,False,1,False,False
R3048,R3048,U758,U758,I309,I309,3,3,6.0,LOW,0.0,0.0,25.0,0.0,0.0,4,15.0,0.0,False,1,False,False
R3049,R3049,U494,U494,I215,I215,4,4,15.5,LOW,0.0,0.0,25.0,20.0,30.0,6,15.0,0.0,False,1,False,False
R3050,R3050,U858,U858,I33,I33,4,4,2.25,LOW,0.0,0.0,15.0,0.0,0.0,2,0.0,0.0,False,0,False,False
R3051,R3051,U981,U981,I48,I48,4,4,7.5,LOW,0.0,10.0,25.0,0.0,0.0,2,15.0,0.0,False,1,False,False
R3052,R3052,U42,U42,I144,I144,5,5,1.0,LOW,20.0,0.0,0.0,0.0,0.0,1,0.0,0.0,False,1,False,False
R3053,R3053,U865,U865,I264,I264,4,4,2.25,LOW,0.0,0.0,15.0,0.0,0.0,2,0.0,0.0,False,0,False,False
R3054,R3054,U50,U50,I336,I336,3,3,0.0,LOW,0.0,0.0,0.0,0.0,0.0,2,0.0,0.0,False,0,False,False
R3055,R3055,U513,U513,I199,I199,5,5,3.25,LOW,20.0,0.0,15.0,0.0,0.0,3,0.0,0.0,False,1,False,False
R3056,R3056,U45,U45,I115,I115,2,2,2.25,LOW,0.0,0.0,15.0,0.0,0.0,2,0.0,0.0,False,0,False,False
R3057,R3057,U865,U865,I152,I152,3,3,6.0,LOW,0.0,0.0,25.0,0.0,0.0,2,15.0,0.0,False,1,False,False
R3058,R3058,U262,U262,I314,I314,4,4,7.5,LOW,0.0,10.0,25.0,0.0,0.0,3,15.0,0.0,False,1,False,False
R3059,R3059,U305,U305,I55,I55,5,5,3.25,LOW,20.0,0.0,15.0,0.0,0.0,2,0.0,0.0,False,1,False,False
R3060,R3060,U85,U85,I205,I205,1,1,7.75,LOW,20.0,0.0,25.0,0.0,0.0,2,15.0,5.0,False,2,False,False
R3061,R3061,U735,U735,I463,I463,2,2,0.0,LOW,0.0,0.0,0.0,0.0,0.0,3,0.0,0.0,False,0,False,False
R3062,R3062,U698,U698,I10,I10,4,4,2.25,LOW,0.0,0.0,15.0,0.0,0.0,2,0.0,0.0,False,0,False,False
R3063,R3063,U815,U815,I408,I408,5,5,9.25,LOW,20.0,10.0,25.0,0.0,0.0,4,15.0,5.0,False,2,False,False
R3064,R3064,U988,U988,I289,I289,4,4,0.0,LOW,0.0,0.0,0.0,0.0,0.0,2,0.0,0.0,False,0,False,False
R3065,R3065,U15,U15,I117,I117,3,3,3.75,LOW,0.0,10.0,15.0,0.0,0.0,1,0.0,0.0,False,0,False,False
R3066,R3066,U344,U344,I416,I416,1,1,1.0,LOW,20.0,0.0,0.0,0.0,0.0,2,0.0,0.0,False,1,False,False
R3067,R3067,U984,U984,I305,I305,4,4,2.25,LOW,0.0,0.0,15.0,0.0,0.0,3,0.0,0.0,False,0,False,False
R3068,R3068,U54,U54,I63,I63,5,5,3.25,LOW,20.0,0.0,15.0,0.0,0.0,3,0.0,0.0,False,1,False,False
R3069,R3069,U755,U755,I442,I442,3,3,6.0,LOW,0.0,0.0,25.0,0.0,0.0,3,15.0,0.0,False,1,False,False
R3070,R3070,U587,U587,I51,I51,2,2,2.25,LOW,0.0,0.0,15.0,0.0,0.0,4,0.0,0.0,False,0,False,False
R3071,R3071,U557,U557,I72,I72,5,5,3.25,LOW,20.0,0.0,15.0,0.0,0.0,4,0.0,0.0,False,1,False,False
R3072,R3072,U475,U475,I488,I488,1,1,3.25,LOW,20.0,0.0,15.0,0.0,0.0,3,0.0,0.0,False,1,False,False
R3073,R3073,U283,U283,I89,I89,1,1,3.25,LOW,20.0,0.0,15.0,0.0,0.0,3,0.0,0.0,False,1,False,False
R3074,R3074,U944,U944,I126,I126,1,1,3.25,LOW,20.0,0.0,15.0,0.0,0.0,3,0.0,0.0,False,1,False,False
R3075,R3075,U254,U254,I326,I326,4,4,0.0,LOW,0.0,0.0,0.0,0.0,0.0,4,0.0,0.0,False,0,False,False
R3076,R3076,U141,U141,I399,I399,3,3,2.25,LOW,0.0,0.0,15.0,0.0,0.0,2,0.0,0.0,False,0,False,False
R3077,R3077,U411,U411,I407,I407,1,1,3.25,LOW,20.0,0.0,15.0,0.0,0.0,4,0.0,0.0,False,1,False,False
R3078,R3078,U178,U178,I57,I57,4,4,2.25,LOW,0.0,0.0,15.0,0.0,0.0,2,0.0,0.0,False,0,False,False
R3079,R3079,U752,U752,I475,I475,1,1,1.0,LOW,20.0,0.0,0.0,0.0,0.0,1,0.0,0.0,False,1,False,False
R3080,R3080,U724,U724,I261,I261,4,4,0.0,LOW,0.0,0.0,0.0,0.0,0.0,3,0.0,0.0,False,0,False,False
R3081,R3081,U811,U811,I141,I141,5,5,3.25,LOW,20.0,0.0,15.0,0.0,0.0,4,0.0,0.0,False,1,False,False
R3082,R3082,U144,U144,I442,I442,5,5,17.25,LOW,20.0,0.0,25.0,20.0,30.0,6,15.0,5.0,False,2,False,False
R3083,R3083,U203,U203,I395,I395,3,3,2.25,LOW,0.0,0.0,15.0,0.0,0.0,2,0.0,0.0,False,0,False,False
R3084,R3084,U236,U236,I387,I387,5,5,3.25,LOW,20.0,0.0,15.0,0.0,0.0,4,0.0,0.0,False,1,False,False
R3085,R3085,U196,U196,I349,I349,5,5,9.25,LOW,20.0,25.0,15.0,0.0,0.0,2,10.0,5.0,False,2,False,False
R3086,R3086,U84,U84,I2,I2,4,4,7.5,LOW,0.0,10.0,25.0,0.0,0.0,4,15.0,0.0,False,1,False,False
R3087,R3087,U459,U459,I122,I122,3,3,2.25,LOW,0.0,0.0,15.0,0.0,0.0,3,0.0,0.0,False,0,False,False
R3088,R3088,U491,U491,I159,I159,3,3,6.0,LOW,0.0,0.0,25.0,0.0,0.0,3,15.0,0.0,False,1,False,False
R3089,R3089,U386,U386,I293,I293,2,2,6.0,LOW,0.0,0.0,25.0,0.0,0.0,2,15.0,0.0,False,1,False,False
R3090,R3090,U722,U722,I176,I176,1,1,7.75,LOW,20.0,0.0,25.0,0.0,0.0,2,15.0,5.0,False,2,False,False
R3091,R3091,U897,U897,I83,I83,1,1,7.75,LOW,20.0,0.0,25.0,0.0,0.0,2,15.0,5.0,False,2,False,False
R3092,R3092,U48,U48,I464,I464,1,1,3.25,LOW,20.0,0.0,15.0,0.0,0.0,3,0.0,0.0,False,1,False,False
R3093,R3093,U932,U932,I278,I278,2,2,2.25,LOW,0.0,0.0,15.0,0.0,0.0,2,0.0,0.0,False,0,False,False
R3094,R3094,U88,U88,I292,I292,3,3,6.0,LOW,0.0,0.0,25.0,0.0,0.0,3,15.0,0.0,False,1,False,False
R3095,R3095,U525,U525,I487,I487,5,5,7.75,LOW,20.0,0.0,25.0,0.0,0.0,2,15.0,5.0,False,2,False,False
R3096,R3096,U493,U493,I289,I289,5,5,3.25,LOW,20.0,15.0,0.0,0.0,0.0,3,0.0,0.0,False,1,False,False
R3097,R3097,U954,U954,I112,I112,3,3,2.25,LOW,0.0,0.0,15.0,0.0,0.0,3,0.0,0.0,False,0,False,False
R3098,R3098,U883,U883,I308,I308,4,4,3.75,LOW,0.0,10.0,15.0,0.0,0.0,3,0.0,0.0,False,0,False,False
R3099,R3099,U504,U504,I475,I475,4,4,2.25,LOW,0.0,15.0,0.0,0.0,0.0,1,0.0,0.0,False,0,False,False
R3100,R3100,U877,U877,I248,I248,1,1,3.25,LOW,20.0,0.0,15.0,0.0,0.0,1,0.0,0.0,False,1,False,False
R3101,R3101,U33,U33,I176,I176,4,4,15.5,LOW,0.0,0.0,25.0,20.0,30.0,5,15.0,0.0,False,1,False,False
R3102,R3102,U462,U462,I464,I464,1,1,3.25,LOW,20.0,0.0,15.0,0.0,0.0,3,0.0,0.0,False,1,False,False
R3103,R3103,U310,U310,I37,I37,2,2,8.25,LOW,0.0,15.0,25.0,0.0,0.0,4,15.0,0.0,False,1,False,False
R3104,R3104,U931,U931,I477,I477,4,4,8.25,LOW,0.0,15.0,25.0,0.0,0.0,4,15.0,0.0,False,1,False,False
R3105,R3105,U337,U337,I47,I47,4,4,6.0,LOW,0.0,0.0,25.0,0.0,0.0,1,15.0,0.0,False,1,False,False
R3106,R3106,U553,U553,I414,I414,2,2,4.5,LOW,0.0,15.0,15.0,0.0,0.0,3,0.0,0.0,False,0,False,False
R3107,R3107,U649,U649,I323,I323,5,5,3.25,LOW,20.0,15.0,0.0,0.0,0.0,2,0.0,0.0,False,1,False,False
R3108,R3108,U328,U328,I106,I106,2,2,32.75,MEDIUM,0.0,30.0,25.0,20.0,45.0,8,50.0,25.0,False,4,True,False
R3109,R3109,U394,U394,I286,I286,3,3,6.0,LOW,0.0,0.0,25.0,0.0,0.0,1,15.0,0.0,False,1,False,False
R3110,R3110,U774,U774,I285,I285,4,4,0.0,LOW,0.0,0.0,0.0,0.0,0.0,2,0.0,0.0,False,0,False,False
R3111,R3111,U468,U468,I237,I237,4,4,6.0,LOW,0.0,0.0,25.0,0.0,0.0,3,15.0,0.0,False,1,False,False
R3112,R3112,U9,U9,I198,I198,3,3,6.0,LOW,0.0,0.0,25.0,0.0,0.0,3,15.0,0.0,False,1,False,False
R3113,R3113,U317,U317,I166,I166,5,5,3.25,LOW,20.0,0.0,15.0,0.0,0.0,1,0.0,0.0,False,1,False,False
R3114,R3114,U465,U465,I346,I346,2,2,6.0,LOW,0.0,0.0,25.0,0.0,0.0,3,15.0,0.0,False,1,False,False
R3115,R3115,U654,U654,I390,I390,4,4,2.25,LOW,0.0,0.0,15.0,0.0,0.0,3,0.0,0.0,False,0,False,False
R3116,R3116,U242,U242,I22,I22,2,2,6.0,LOW,0.0,0.0,25.0,0.0,0.0,2,15.0,0.0,False,1,False,False
R3117,R3117,U181,U181,I135,I135,5,5,3.25,LOW,20.0,0.0,15.0,0.0,0.0,1,0.0,0.0,False,1,False,False
R3118,R3118,U766,U766,I424,I424,4,4,6.0,LOW,0.0,0.0,25.0,0.0,0.0,2,15.0,0.0,False,1,False,False
R3119,R3119,U934,U934,I386,I386,4,4,0.0,LOW,0.0,0.0,0.0,0.0,0.0,4,0.0,0.0,False,0,False,False
R3120,R3120,U889,U889,I174,I174,1,1,3.25,LOW,20.0,0.0,15.0,0.0,0.0,3,0.0,0.0,False,1,False,False
R3121,R3121,U309,U309,I277,I277,3,3,6.0,LOW,0.0,0.0,25.0,0.0,0.0,2,15.0,0.0,False,1,False,False
R3122,R3122,U879,U879,I22,I22,5,5,7.75,LOW,20.0,0.0,25.0,0.0,0.0,4,15.0,5.0,False,2,False,False
R3123,R3123,U717,U717,I447,I447,4,4,2.25,LOW,0.0,0.0,15.0,0.0,0.0,2,0.0,0.0,False,0,False,False
R3124,R3124,U821,U821,I111,I111,1,1,7.75,LOW,20.0,0.0,25.0,0.0,0.0,4,15.0,5.0,False,2,False,False
R3125,R3125,U94,U94,I176,I176,4,4,15.5,LOW,0.0,0.0,25.0,20.0,30.0,5,15.0,0.0,False,1,False,False
R3126,R3126,U877,U877,I174,I174,3,3,2.25,LOW,0.0,0.0,15.0,0.0,0.0,2,0.0,0.0,False,0,False,False
R3127,R3127,U495,U495,I26,I26,4,4,15.5,LOW,0.0,0.0,25.0,20.0,30.0,5,15.0,0.0,False,1,False,False
R3128,R3128,U798,U798,I434,I434,5,5,3.25,LOW,20.0,0.0,15.0,0.0,0.0,2,0.0,0.0,False,1,False,False
R3129,R3129,U837,U837,I296,I296,3,3,15.5,LOW,0.0,0.0,25.0,20.0,30.0,5,15.0,0.0,False,1,False,False
R3130,R3130,U423,U423,I425,I425,1,1,10.0,LOW,20.0,15.0,25.0,0.0,0.0,4,15.0,5.0,False,2,False,False
R3131,R3131,U110,U110,I26,I26,4,4,15.5,LOW,0.0,0.0,25.0,20.0,30.0,5,15.0,0.0,False,1,False,False
R3132,R3132,U484,U484,I200,I200,3,3,25.25,LOW,0.0,0.0,25.0,20.0,45.0,7,40.0,15.0,False,3,False,False
R3133,R3133,U370,U370,I148,I148,3,3,2.25,LOW,0.0,0.0,15.0,0.0,0.0,2,0.0,0.0,False,0,False,False
R3134,R3134,U349,U349,I236,I236,2,2,6.0,LOW,0.0,0.0,25.0,0.0,0.0,2,15.0,0.0,False,1,False,False
R3135,R3135,U578,U578,I404,I404,4,4,2.25,LOW,0.0,0.0,15.0,0.0,0.0,3,0.0,0.0,False,0,False,False
R3136,R3136,U170,U170,I198,I198,5,5,10.0,LOW,20.0,15.0,25.0,0.0,0.0,4,15.0,5.0,False,2,False,False
R3137,R3137,U303,U303,I259,I259,3,3,1.5,LOW,0.0,10.0,0.0,0.0,0.0,2,0.0,0.0,False,0,False,False
R3138,R3138,U965,U965,I348,I348,1,1,7.75,LOW,20.0,0.0,25.0,0.0,0.0,4,15.0,5.0,False,2,False,False
R3139,R3139,U208,U208,I296,I296,1,1,14.5,LOW,20.0,25.0,25.0,0.0,0.0,4,25.0,15.0,False,3,False,False
R3140,R3140,U519,U519,I132,I132,4,4,11.75,LOW,0.0,0.0,15.0,20.0,30.0,5,0.0,0.0,False,0,False,False
R3141,R3141,U878,U878,I178,I178,4,4,2.25,LOW,0.0,0.0,15.0,0.0,0.0,3,0.0,0.0,False,0,False,False
R3142,R3142,U863,U863,I222,I222,4,4,15.5,LOW,0.0,0.0,25.0,20.0,30.0,5,15.0,0.0,False,1,False,False
R3143,R3143,U604,U604,I373,I373,5,5,7.75,LOW,20.0,0.0,25.0,0.0,0.0,1,15.0,5.0,False,2,False,False
R3144,R3144,U944,U944,I443,I443,4,4,2.25,LOW,0.0,0.0,15.0,0.0,0.0,4,0.0,0.0,False,0,False,False
R3145,R3145,U223,U223,I265,I265,2,2,4.5,LOW,0.0,15.0,15.0,0.0,0.0,2,0.0,0.0,False,0,False,False
R3146,R3146,U800,U800,I280,I280,4,4,2.25,LOW,0.0,0.0,15.0,0.0,0.0,3,0.0,0.0,False,0,False,False
R3147,R3147,U639,U639,I392,I392,4,4,6.0,LOW,0.0,0.0,25.0,0.0,0.0,2,15.0,0.0,False,1,False,False
R3148,R3148,U911,U911,I233,I233,4,4,3.75,LOW,0.0,10.0,15.0,0.0,0.0,1,0.0,0.0,False,0,False,False
R3149,R3149,U383,U383,I239,I239,1,1,3.25,LOW,20.0,0.0,15.0,0.0,0.0,3,0.0,0.0,False,1,False,False
R3150,R3150,U669,U669,I105,I105,5,5,3.25,LOW,20.0,0.0,15.0,0.0,0.0,2,0.0,0.0,False,1,False,False
R3151,R3151,U914,U914,I422,I422,4,4,2.25,LOW,0.0,0.0,15.0,0.0,0.0,2,0.0,0.0,False,0,False,False
R3152,R3152,U385,U385,I114,I114,4,4,6.0,LOW,0.0,0.0,25.0,0.0,0.0,1,15.0,0.0,False,1,False,False
R3153,R3153,U603,U603,I94,I94,4,4,2.25,LOW,0.0,0.0,15.0,0.0,0.0,3,0.0,0.0,False,0,False,False
R3154,R3154,U686,U686,I402,I402,1,1,1.0,LOW,20.0,0.0,0.0,0.0,0.0,1,0.0,0.0,False,1,False,False
R3155,R3155,U969,U969,I224,I224,2,2,3.75,LOW,0.0,10.0,15.0,0.0,0.0,2,0.0,0.0,False,0,False,False
R3156,R3156,U126,U126,I66,I66,5,5,4.75,LOW,20.0,10.0,15.0,0.0,0.0,3,0.0,0.0,False,1,False,False
R3157,R3157,U429,U429,I88,I88,2,2,15.5,LOW,0.0,0.0,25.0,20.0,30.0,5,15.0,0.0,False,1,False,False
R3158,R3158,U812,U812,I16,I16,4,4,6.0,LOW,0.0,0.0,25.0,0.0,0.0,1,15.0,0.0,False,1,False,False
R3159,R3159,U990,U990,I461,I461,2,2,3.75,LOW,0.0,10.0,15.0,0.0,0.0,1,0.0,0.0,False,0,False,False
R3160,R3160,U206,U206,I83,I83,2,2,6.0,LOW,0.0,0.0,25.0,0.0,0.0,4,15.0,0.0,False,1,False,False
R3161,R3161,U700,U700,I482,I482,2,2,2.25,LOW,0.0,0.0,15.0,0.0,0.0,1,0.0,0.0,False,0,False,False
R3162,R3162,U806,U806,I73,I73,2,2,6.0,LOW,0.0,0.0,25.0,0.0,0.0,2,15.0,0.0,False,1,False,False
R3163,R3163,U603,U603,I475,I475,2,2,0.0,LOW,0.0,0.0,0.0,0.0,0.0,1,0.0,0.0,False,0,False,False
R3164,R3164,U286,U286,I194,I194,1,1,1.0,LOW,20.0,0.0,0.0,0.0,0.0,1,0.0,0.0,False,1,False,False
R3165,R3165,U833,U833,I362,I362,1,1,3.25,LOW,20.0,15.0,0.0,0.0,0.0,2,0.0,0.0,False,1,False,False
R3166,R3166,U579,U579,I498,I498,3,3,2.25,LOW,0.0,0.0,15.0,0.0,0.0,2,0.0,0.0,False,0,False,False
R3167,R3167,U232,U232,I348,I348,1,1,7.75,LOW,20.0,0.0,25.0,0.0,0.0,4,15.0,5.0,False,2,False,False
R3168,R3168,U626,U626,I176,I176,2,2,7.5,LOW,0.0,10.0,25.0,0.0,0.0,3,15.0,0.0,False,1,False,False
R3169,R3169,U349,U349,I224,I224,5,5,3.25,LOW,20.0,0.0,15.0,0.0,0.0,3,0.0,0.0,False,1,False,False
R3170,R3170,U330,U330,I398,I398,2,2,6.0,LOW,0.0,0.0,25.0,0.0,0.0,3,15.0,0.0,False,1,False,False
R3171,R3171,U312,U312,I46,I46,2,2,11.75,LOW,0.0,0.0,15.0,20.0,30.0,6,0.0,0.0,False,0,False,False
R3172,R3172,U351,U351,I124,I124,4,4,2.25,LOW,0.0,0.0,15.0,0.0,0.0,4,0.0,0.0,False,0,False,False
R3173,R3173,U854,U854,I24,I24,1,1,3.25,LOW,20.0,0.0,15.0,0.0,0.0,2,0.0,0.0,False,1,False,False
R3174,R3174,U882,U882,I481,I481,3,3,0.0,LOW,0.0,0.0,0.0,0.0,0.0,2,0.0,0.0,False,0,False,False
R3175,R3175,U543,U543,I453,I453,5,5,7.75,LOW,20.0,0.0,25.0,0.0,0.0,3,15.0,5.0,False,2,False,False
R3176,R3176,U294,U294,I272,I272,4,4,0.0,LOW,0.0,0.0,0.0,0.0,0.0,4,0.0,0.0,False,0,False,False
R3177,R3177,U251,U251,I54,I54,1,1,3.25,LOW,20.0,0.0,15.0,0.0,0.0,3,0.0,0.0,False,1,False,False
R3178,R3178,U646,U646,I385,I385,5,5,7.75,LOW,20.0,0.0,25.0,0.0,0.0,4,15.0,5.0,False,2,False,False
R3179,R3179,U262,U262,I85,I85,3,3,3.75,LOW,0.0,10.0,15.0,0.0,0.0,2,0.0,0.0,False,0,False,False
R3180,R3180,U986,U986,I159,I159,2,2,6.0,LOW,0.0,0.0,25.0,0.0,0.0,4,15.0,0.0,False,1,False,False
R3181,R3181,U821,U821,I3,I3,3,3,2.25,LOW,0.0,0.0,15.0,0.0,0.0,2,0.0,0.0,False,0,False,False
R3182,R3182,U997,U997,I227,I227,4,4,2.25,LOW,0.0,0.0,15.0,0.0,0.0,2,0.0,0.0,False,0,False,False
R3183,R3183,U309,U309,I496,I496,2,2,6.0,LOW,0.0,0.0,25.0,0.0,0.0,3,15.0,0.0,False,1,False,False
R3184,R3184,U341,U341,I409,I409,1,1,7.75,LOW,20.0,0.0,25.0,0.0,0.0,1,15.0,5.0,False,2,False,False
R3185,R3185,U570,U570,I440,I440,4,4,25.25,LOW,0.0,0.0,25.0,20.0,45.0,7,40.0,15.0,False,3,False,False
R3186,R3186,U542,U542,I326,I326,4,4,1.5,LOW,0.0,10.0,0.0,0.0,0.0,4,0.0,0.0,False,0,False,False
R3187,R3187,U406,U406,I14,I14,2,2,0.0,LOW,0.0,0.0,0.0,0.0,0.0,2,0.0,0.0,False,0,False,False
R3188,R3188,U234,U234,I369,I369,5,5,5.5,LOW,20.0,15.0,15.0,0.0,0.0,3,0.0,0.0,False,1,False,False
R3189,R3189,U172,U172,I62,I62,2,2,2.25,LOW,0.0,0.0,15.0,0.0,0.0,2,0.0,0.0,False,0,False,False
R3190,R3190,U939,U939,I246,I246,1,1,7.75,LOW,20.0,0.0,25.0,0.0,0.0,1,15.0,5.0,False,2,False,False
R3191,R3191,U636,U636,I496,I496,3,3,6.0,LOW,0.0,0.0,25.0,0.0,0.0,4,15.0,0.0,False,1,False,False
R3192,R3192,U410,U410,I493,I493,4,4,4.5,LOW,0.0,15.0,15.0,0.0,0.0,3,0.0,0.0,False,0,False,False
R3193,R3193,U974,U974,I303,I303,5,5,3.25,LOW,20.0,0.0,15.0,0.0,0.0,2,0.0,0.0,False,1,False,False
R3194,R3194,U134,U134,I276,I276,4,4,2.25,LOW,0.0,0.0,15.0,0.0,0.0,1,0.0,0.0,False,0,False,False
R3195,R3195,U537,U537,I397,I397,4,4,2.25,LOW,0.0,0.0,15.0,0.0,0.0,2,0.0,0.0,False,0,False,False
R3196,R3196,U941,U941,I453,I453,5,5,7.75,LOW,20.0,0.0,25.0,0.0,0.0,3,15.0,5.0,False,2,False,False
R3197,R3197,U207,U207,I423,I423,1,1,1.0,LOW,20.0,0.0,0.0,0.0,0.0,1,0.0,0.0,False,1,False,False
R3198,R3198,U820,U820,I80,I80,3,3,6.0,LOW,0.0,0.0,25.0,0.0,0.0,2,15.0,0.0,False,1,False,False
R3199,R3199,U370,U370,I408,I408,4,4,6.0,LOW,0.0,0.0,25.0,0.0,0.0,3,15.0,0.0,False,1,False,False
R3200,R3200,U590,U590,I418,I418,1,1,3.25,LOW,20.0,0.0,15.0,0.0,0.0,2,0.0,0.0,False,1,False,False
R3201,R3201,U937,U937,I341,I341,5,5,3.25,LOW,20.0,0.0,15.0,0.0,0.0,2,0.0,0.0,False,1,False,False
R3202,R3202,U317,U317,I153,I153,1,1,38.0,MEDIUM,20.0,0.0,40.0,20.0,45.0,7,40.0,25.0,False,4,True,False
R3203,R3203,U8,U8,I120,I120,2,2,2.25,LOW,0.0,0.0,15.0,0.0,0.0,3,0.0,0.0,False,0,False,False
R3204,R3204,U187,U187,I277,I277,5,5,7.75,LOW,20.0,0.0,25.0,0.0,0.0,2,15.0,5.0,False,2,False,False
R3205,R3205,U6,U6,I241,I241,1,1,3.25,LOW,20.0,0.0,15.0,0.0,0.0,2,0.0,0.0,False,1,False,False
R3206,R3206,U331,U331,I40,I40,1,1,10.0,LOW,20.0,15.0,25.0,0.0,0.0,3,15.0,5.0,False,2,False,False
R3207,R3207,U539,U539,I249,I249,3,3,2.25,LOW,0.0,0.0,15.0,0.0,0.0,3,0.0,0.0,False,0,False,False
R3208,R3208,U701,U701,I40,I40,2,2,6.0,LOW,0.0,0.0,25.0,0.0,0.0,2,15.0,0.0,False,1,False,False
R3209,R3209,U150,U150,I348,I348,2,2,6.0,LOW,0.0,0.0,25.0,0.0,0.0,2,15.0,0.0,False,1,False,False
R3210,R3210,U720,U720,I335,I335,1,1,7.75,LOW,20.0,0.0,25.0,0.0,0.0,4,15.0,5.0,False,2,False,False
R3211,R3211,U740,U740,I454,I454,4,4,17.0,LOW,0.0,10.0,25.0,20.0,30.0,5,15.0,0.0,False,1,False,False
R3212,R3212,U304,U304,I187,I187,3,3,0.0,LOW,0.0,0.0,0.0,0.0,0.0,1,0.0,0.0,False,0,False,False
R3213,R3213,U407,U407,I141,I141,5,5,3.25,LOW,20.0,0.0,15.0,0.0,0.0,4,0.0,0.0,False,1,False,False
R3214,R3214,U634,U634,I70,I70,1,1,3.25,LOW,20.0,0.0,15.0,0.0,0.0,2,0.0,0.0,False,1,False,False
R3215,R3215,U889,U889,I454,I454,3,3,6.0,LOW,0.0,0.0,25.0,0.0,0.0,3,15.0,0.0,False,1,False,False
R3216,R3216,U425,U425,I67,I67,4,4,6.0,LOW,0.0,0.0,25.0,0.0,0.0,2,15.0,0.0,False,1,False,False
R3217,R3217,U665,U665,I378,I378,1,1,10.0,LOW,20.0,10.0,30.0,0.0,0.0,4,15.0,5.0,False,2,False,False
R3218,R3218,U364,U364,I87,I87,4,4,6.0,LOW,0.0,0.0,25.0,0.0,0.0,2,15.0,0.0,False,1,False,False
R3219,R3219,U696,U696,I292,I292,4,4,6.0,LOW,0.0,0.0,25.0,0.0,0.0,3,15.0,0.0,False,1,False,False
R3220,R3220,U282,U282,I87,I87,1,1,9.25,LOW,20.0,10.0,25.0,0.0,0.0,3,15.0,5.0,False,2,False,False
R3221,R3221,U888,U888,I369,I369,4,4,2.25,LOW,0.0,0.0,15.0,0.0,0.0,1,0.0,0.0,False,0,False,False
R3222,R3222,U492,U492,I273,I273,3,3,6.0,LOW,0.0,0.0,25.0,0.0,0.0,2,15.0,0.0,False,1,False,False
R3223,R3223,U752,U752,I277,I277,2,2,6.0,LOW,0.0,0.0,25.0,0.0,0.0,4,15.0,0.0,False,1,False,False
R3224,R3224,U13,U13,I293,I293,3,3,6.0,LOW,0.0,0.0,25.0,0.0,0.0,4,15.0,0.0,False,1,False,False
R3225,R3225,U975,U975,I252,I252,2,2,15.5,LOW,0.0,0.0,25.0,20.0,30.0,5,15.0,0.0,False,1,False,False
R3226,R3226,U705,U705,I284,I284,2,2,6.0,LOW,0.0,0.0,25.0,0.0,0.0,2,15.0,0.0,False,1,False,False
R3227,R3227,U547,U547,I362,I362,1,1,1.0,LOW,20.0,0.0,0.0,0.0,0.0,2,0.0,0.0,False,1,False,False
R3228,R3228,U50,U50,I407,I407,1,1,3.25,LOW,20.0,0.0,15.0,0.0,0.0,4,0.0,0.0,False,1,False,False
R3229,R3229,U343,U343,I228,I228,5,5,3.25,LOW,20.0,0.0,15.0,0.0,0.0,4,0.0,0.0,False,1,False,False
R3230,R3230,U234,U234,I68,I68,4,4,8.25,LOW,0.0,15.0,25.0,0.0,0.0,4,15.0,0.0,False,1,False,False
R3231,R3231,U77,U77,I137,I137,5,5,4.75,LOW,20.0,10.0,15.0,0.0,0.0,4,0.0,0.0,False,1,False,False
R3232,R3232,U512,U512,I360,I360,1,1,3.25,LOW,20.0,0.0,15.0,0.0,0.0,3,0.0,0.0,False,1,False,False
R3233,R3233,U649,U649,I235,I235,1,1,10.0,LOW,20.0,15.0,25.0,0.0,0.0,2,15.0,5.0,False,2,False,False
R3234,R3234,U373,U373,I22,I22,1,1,17.25,LOW,20.0,0.0,25.0,20.0,30.0,5,15.0,5.0,False,2,False,False
R3235,R3235,U442,U442,I254,I254,5,5,4.75,LOW,20.0,10.0,15.0,0.0,0.0,2,0.0,0.0,False,1,False,False
R3236,R3236,U685,U685,I67,I67,1,1,35.75,MEDIUM,20.0,0.0,25.0,20.0,45.0,7,40.0,25.0,False,4,True,False
R3237,R3237,U132,U132,I179,I179,1,1,3.25,LOW,20.0,0.0,15.0,0.0,0.0,4,0.0,0.0,False,1,False,False
R3238,R3238,U133,U133,I23,I23,1,1,3.25,LOW,20.0,0.0,15.0,0.0,0.0,3,0.0,0.0,False,1,False,False
R3239,R3239,U158,U158,I281,I281,3,3,2.25,LOW,0.0,0.0,15.0,0.0,0.0,3,0.0,0.0,False,0,False,False
R3240,R3240,U243,U243,I116,I116,2,2,0.0,LOW,0.0,0.0,0.0,0.0,0.0,1,0.0,0.0,False,0,False,False
R3241,R3241,U460,U460,I430,I430,1,1,7.75,LOW,20.0,0.0,25.0,0.0,0.0,3,15.0,5.0,False,2,False,False
R3242,R3242,U589,U589,I331,I331,2,2,2.25,LOW,0.0,0.0,15.0,0.0,0.0,1,0.0,0.0,False,0,False,False
R3243,R3243,U488,U488,I299,I299,3,3,6.0,LOW,0.0,0.0,25.0,0.0,0.0,3,15.0,0.0,False,1,False,False
R3244,R3244,U165,U165,I303,I303,1,1,4.75,LOW,20.0,10.0,15.0,0.0,0.0,3,0.0,0.0,False,1,False,False
R3245,R3245,U548,U548,I493,I493,3,3,2.25,LOW,0.0,0.0,15.0,0.0,0.0,3,0.0,0.0,False,0,False,False
R3246,R3246,U830,U830,I63,I63,1,1,3.25,LOW,20.0,0.0,15.0,0.0,0.0,3,0.0,0.0,False,1,False,False
R3247,R3247,U862,U862,I108,I108,5,5,3.25,LOW,20.0,0.0,15.0,0.0,0.0,3,0.0,0.0,False,1,False,False
R3248,R3248,U454,U454,I42,I42,3,3,8.25,LOW,0.0,15.0,25.0,0.0,0.0,2,15.0,0.0,False,1,False,False
R3249,R3249,U168,U168,I498,I498,1,1,3.25,LOW,20.0,0.0,15.0,0.0,0.0,4,0.0,0.0,False,1,False,False
R3250,R3250,U342,U342,I425,I425,4,4,8.25,LOW,0.0,15.0,25.0,0.0,0.0,4,15.0,0.0,False,1,False,False
R3251,R3251,U712,U712,I439,I439,1,1,1.0,LOW,20.0,0.0,0.0,0.0,0.0,1,0.0,0.0,False,1,False,False
R3252,R3252,U936,U936,I93,I93,3,3,4.5,LOW,0.0,15.0,15.0,0.0,0.0,1,0.0,0.0,False,0,False,False
R3253,R3253,U830,U830,I239,I239,2,2,2.25,LOW,0.0,0.0,15.0,0.0,0.0,2,0.0,0.0,False,0,False,False
R3254,R3254,U421,U421,I81,I81,4,4,15.5,LOW,0.0,0.0,25.0,20.0,30.0,5,15.0,0.0,False,1,False,False
R3255,R3255,U354,U354,I307,I307,1,1,9.25,LOW,20.0,10.0,25.0,0.0,0.0,3,15.0,5.0,False,2,False,False
R3256,R3256,U947,U947,I279,I279,2,2,2.25,LOW,0.0,0.0,15.0,0.0,0.0,3,0.0,0.0,False,0,False,False
R3257,R3257,U71,U71,I91,I91,3,3,1.5,LOW,0.0,10.0,0.0,0.0,0.0,2,0.0,0.0,False,0,False,False
R3258,R3258,U588,U588,I487,I487,4,4,6.0,LOW,0.0,0.0,25.0,0.0,0.0,3,15.0,0.0,False,1,False,False
R3259,R3259,U460,U460,I120,I120,4,4,11.75,LOW,0.0,0.0,15.0,20.0,30.0,5,0.0,0.0,False,0,False,False
R3260,R3260,U808,U808,I236,I236,4,4,15.5,LOW,0.0,0.0,25.0,20.0,30.0,5,15.0,0.0,False,1,False,False
R3261,R3261,U903,U903,I384,I384,3,3,6.0,LOW,0.0,0.0,25.0,0.0,0.0,2,15.0,0.0,False,1,False,False
R3262,R3262,U195,U195,I325,I325,3,3,3.75,LOW,0.0,10.0,15.0,0.0,0.0,2,0.0,0.0,False,0,False,False
R3263,R3263,U644,U644,I452,I452,3,3,3.75,LOW,0.0,10.0,15.0,0.0,0.0,2,0.0,0.0,False,0,False,False
R3264,R3264,U637,U637,I459,I459,4,4,2.25,LOW,0.0,0.0,15.0,0.0,0.0,2,0.0,0.0,False,0,False,False
R3265,R3265,U507,U507,I84,I84,5,5,5.5,LOW,20.0,15.0,15.0,0.0,0.0,3,0.0,0.0,False,1,False,False
R3266,R3266,U370,U370,I243,I243,1,1,12.75,LOW,20.0,0.0,15.0,20.0,30.0,5,0.0,0.0,False,1,False,False
R3267,R3267,U925,U925,I207,I207,3,3,6.0,LOW,0.0,0.0,25.0,0.0,0.0,3,15.0,0.0,False,1,False,False
R3268,R3268,U915,U915,I265,I265,1,1,10.0,LOW,20.0,30.0,15.0,0.0,0.0,3,10.0,5.0,False,2,False,False
R3269,R3269,U628,U628,I468,I468,5,5,10.0,LOW,20.0,15.0,25.0,0.0,0.0,2,15.0,5.0,False,2,False,False
R3270,R3270,U781,U781,I412,I412,2,2,0.0,LOW,0.0,0.0,0.0,0.0,0.0,3,0.0,0.0,False,0,False,False
R3271,R3271,U950,U950,I273,I273,1,1,7.75,LOW,20.0,0.0,25.0,0.0,0.0,4,15.0,5.0,False,2,False,False
R3272,R3272,U303,U303,I64,I64,3,3,7.5,LOW,0.0,10.0,25.0,0.0,0.0,2,15.0,0.0,False,1,False,False
R3273,R3273,U595,U595,I442,I442,4,4,6.0,LOW,0.0,0.0,25.0,0.0,0.0,2,15.0,0.0,False,1,False,False
R3274,R3274,U641,U641,I15,I15,1,1,17.25,LOW,20.0,0.0,25.0,20.0,30.0,5,15.0,5.0,False,2,False,False
R3275,R3275,U293,U293,I4,I4,5,5,5.5,LOW,20.0,15.0,15.0,0.0,0.0,3,0.0,0.0,False,1,False,False
R3276,R3276,U429,U429,I357,I357,3,3,6.0,LOW,0.0,0.0,25.0,0.0,0.0,3,15.0,0.0,False,1,False,False
R3277,R3277,U233,U233,I244,I244,4,4,4.5,LOW,0.0,15.0,15.0,0.0,0.0,2,0.0,0.0,False,0,False,False
R3278,R3278,U294,U294,I450,I450,2,2,2.25,LOW,0.0,0.0,15.0,0.0,0.0,4,0.0,0.0,False,0,False,False
R3279,R3279,U391,U391,I355,I355,2,2,6.0,LOW,0.0,0.0,25.0,0.0,0.0,4,15.0,0.0,False,1,False,False
R3280,R3280,U374,U374,I133,I133,5,5,3.25,LOW,20.0,15.0,0.0,0.0,0.0,3,0.0,0.0,False,1,False,False
R3281,R3281,U944,U944,I16,I16,2,2,6.0,LOW,0.0,0.0,25.0,0.0,0.0,3,15.0,0.0,False,1,False,False
R3282,R3282,U800,U800,I306,I306,2,2,2.25,LOW,0.0,0.0,15.0,0.0,0.0,3,0.0,0.0,False,0,False,False
R3283,R3283,U609,U609,I389,I389,1,1,7.75,LOW,20.0,0.0,25.0,0.0,0.0,1,15.0,5.0,False,2,False,False
R3284,R3284,U980,U980,I137,I137,1,1,3.25,LOW,20.0,0.0,15.0,0.0,0.0,2,0.0,0.0,False,1,False,False
R3285,R3285,U695,U695,I170,I170,2,2,2.25,LOW,0.0,0.0,15.0,0.0,0.0,4,0.0,0.0,False,0,False,False
R3286,R3286,U247,U247,I55,I55,1,1,9.25,LOW,20.0,25.0,15.0,0.0,0.0,4,10.0,5.0,False,2,False,False
R3287,R3287,U471,U471,I94,I94,2,2,2.25,LOW,0.0,0.0,15.0,0.0,0.0,1,0.0,0.0,False,0,False,False
R3288,R3288,U318,U318,I466,I466,1,1,3.25,LOW,20.0,0.0,15.0,0.0,0.0,1,0.0,0.0,False,1,False,False
R3289,R3289,U503,U503,I491,I491,3,3,2.25,LOW,0.0,0.0,15.0,0.0,0.0,3,0.0,0.0,False,0,False,False
R3290,R3290,U585,U585,I496,I496,1,1,17.25,LOW,20.0,0.0,25.0,20.0,30.0,6,15.0,5.0,False,2,False,False
R3291,R3291,U649,U649,I33,I33,5,5,15.0,LOW,20.0,15.0,15.0,20.0,30.0,6,0.0,0.0,False,1,False,False
R3292,R3292,U128,U128,I470,I470,5,5,10.0,LOW,20.0,15.0,25.0,0.0,0.0,2,15.0,5.0,False,2,False,False
R3293,R3293,U222,U222,I168,I168,5,5,3.25,LOW,20.0,0.0,15.0,0.0,0.0,2,0.0,0.0,False,1,False,False
R3294,R3294,U754,U754,I139,I139,4,4,2.25,LOW,0.0,0.0,15.0,0.0,0.0,3,0.0,0.0,False,0,False,False
R3295,R3295,U167,U167,I80,I80,5,5,18.75,LOW,20.0,10.0,25.0,20.0,30.0,6,15.0,5.0,False,2,False,False
R3296,R3296,U652,U652,I124,I124,3,3,3.75,LOW,0.0,10.0,15.0,0.0,0.0,1,0.0,0.0,False,0,False,False
R3297,R3297,U427,U427,I350,I350,4,4,7.5,LOW,0.0,10.0,25.0,0.0,0.0,3,15.0,0.0,False,1,False,False
R3298,R3298,U492,U492,I403,I403,4,4,15.5,LOW,0.0,0.0,25.0,20.0,30.0,5,15.0,0.0,False,1,False,False
R3299,R3299,U361,U361,I127,I127,5,5,3.25,LOW,20.0,0.0,15.0,0.0,0.0,4,0.0,0.0,False,1,False,False
R3300,R3300,U808,U808,I86,I86,2,2,0.0,LOW,0.0,0.0,0.0,0.0,0.0,2,0.0,0.0,False,0,False,False
R3301,R3301,U787,U787,I467,I467,2,2,1.5,LOW,0.0,10.0,0.0,0.0,0.0,2,0.0,0.0,False,0,False,False
R3302,R3302,U308,U308,I238,I238,2,2,6.0,LOW,0.0,0.0,25.0,0.0,0.0,3,15.0,0.0,False,1,False,False
R3303,R3303,U332,U332,I5,I5,1,1,3.25,LOW,20.0,0.0,15.0,0.0,0.0,2,0.0,0.0,False,1,False,False
R3304,R3304,U207,U207,I73,I73,5,5,17.25,LOW,20.0,0.0,25.0,20.0,30.0,5,15.0,5.0,False,2,False,False
R3305,R3305,U16,U16,I294,I294,1,1,3.25,LOW,20.0,0.0,15.0,0.0,0.0,1,0.0,0.0,False,1,False,False
R3306,R3306,U994,U994,I325,I325,1,1,3.25,LOW,20.0,0.0,15.0,0.0,0.0,4,0.0,0.0,False,1,False,False
R3307,R3307,U307,U307,I431,I431,4,4,2.25,LOW,0.0,0.0,15.0,0.0,0.0,1,0.0,0.0,False,0,False,False
R3308,R3308,U69,U69,I442,I442,3,3,6.0,LOW,0.0,0.0,25.0,0.0,0.0,3,15.0,0.0,False,1,False,False
R3309,R3309,U149,U149,I231,I231,5,5,9.25,LOW,20.0,10.0,25.0,0.0,0.0,4,15.0,5.0,False,2,False,False
R3310,R3310,U255,U255,I431,I431,3,3,3.75,LOW,0.0,10.0,15.0,0.0,0.0,4,0.0,0.0,False,0,False,False
R3311,R3311,U266,U266,I337,I337,1,1,5.5,LOW,20.0,15.0,15.0,0.0,0.0,2,0.0,0.0,False,1,False,False
R3312,R3312,U943,U943,I145,I145,2,2,6.0,LOW,0.0,0.0,25.0,0.0,0.0,3,15.0,0.0,False,1,False,False
R3313,R3313,U254,U254,I63,I63,4,4,2.25,LOW,0.0,0.0,15.0,0.0,0.0,1,0.0,0.0,False,0,False,False
R3314,R3314,U504,U504,I306,I306,2,2,4.5,LOW,0.0,15.0,15.0,0.0,0.0,3,0.0,0.0,False,0,False,False
R3315,R3315,U722,U722,I383,I383,1,1,7.75,LOW,20.0,0.0,25.0,0.0,0.0,3,15.0,5.0,False,2,False,False
R3316,R3316,U443,U443,I226,I226,3,3,13.25,LOW,0.0,10.0,15.0,20.0,30.0,5,0.0,0.0,False,0,False,False
R3317,R3317,U968,U968,I292,I292,2,2,6.0,LOW,0.0,0.0,25.0,0.0,0.0,2,15.0,0.0,False,1,False,False
R3318,R3318,U201,U201,I156,I156,2,2,6.0,LOW,0.0,0.0,25.0,0.0,0.0,4,15.0,0.0,False,1,False,False
R3319,R3319,U588,U588,I204,I204,5,5,7.75,LOW,20.0,0.0,25.0,0.0,0.0,2,15.0,5.0,False,2,False,False
R3320,R3320,U283,U283,I163,I163,2,2,6.0,LOW,0.0,0.0,25.0,0.0,0.0,3,15.0,0.0,False,1,False,False
R3321,R3321,U796,U796,I343,I343,5,5,3.25,LOW,20.0,0.0,15.0,0.0,0.0,2,0.0,0.0,False,1,False,False
R3322,R3322,U810,U810,I352,I352,3,3,3.75,LOW,0.0,10.0,15.0,0.0,0.0,1,0.0,0.0,False,0,False,False
R3323,R3323,U525,U525,I240,I240,5,5,1.0,LOW,20.0,0.0,0.0,0.0,0.0,1,0.0,0.0,False,1,False,False
R3324,R3324,U227,U227,I171,I171,4,4,2.25,LOW,0.0,0.0,15.0,0.0,0.0,1,0.0,0.0,False,0,False,False
R3325,R3325,U254,U254,I423,I423,5,5,1.0,LOW,20.0,0.0,0.0,0.0,0.0,4,0.0,0.0,False,1,False,False
R3326,R3326,U913,U913,I113,I113,2,2,2.25,LOW,0.0,0.0,15.0,0.0,0.0,3,0.0,0.0,False,0,False,False
R3327,R3327,U956,U956,I246,I246,2,2,7.5,LOW,0.0,10.0,25.0,0.0,0.0,2,15.0,0.0,False,1,False,False
R3328,R3328,U348,U348,I127,I127,2,2,2.25,LOW,0.0,0.0,15.0,0.0,0.0,3,0.0,0.0,False,0,False,False
R3329,R3329,U185,U185,I117,I117,4,4,2.25,LOW,0.0,0.0,15.0,0.0,0.0,3,0.0,0.0,False,0,False,False
R3330,R3330,U103,U103,I432,I432,2,2,0.0,LOW,0.0,0.0,0.0,0.0,0.0,2,0.0,0.0,False,0,False,False
R3331,R3331,U300,U300,I388,I388,4,4,2.25,LOW,0.0,0.0,15.0,0.0,0.0,2,0.0,0.0,False,0,False,False
R3332,R3332,U22,U22,I324,I324,5,5,4.75,LOW,20.0,10.0,15.0,0.0,0.0,3,0.0,0.0,False,1,False,False
R3333,R3333,U383,U383,I97,I97,4,4,2.25,LOW,0.0,0.0,15.0,0.0,0.0,3,0.0,0.0,False,0,False,False
R3334,R3334,U56,U56,I123,I123,2,2,2.25,LOW,0.0,0.0,15.0,0.0,0.0,4,0.0,0.0,False,0,False,False
R3335,R3335,U45,U45,I165,I165,1,1,3.25,LOW,20.0,0.0,15.0,0.0,0.0,4,0.0,0.0,False,1,False,False
R3336,R3336,U49,U49,I64,I64,2,2,15.5,LOW,0.0,0.0,25.0,20.0,30.0,5,15.0,0.0,False,1,False,False
R3337,R3337,U334,U334,I49,I49,1,1,7.75,LOW,20.0,0.0,25.0,0.0,0.0,3,15.0,5.0,False,2,False,False
R3338,R3338,U725,U725,I45,I45,3,3,6.0,LOW,0.0,0.0,25.0,0.0,0.0,3,15.0,0.0,False,1,False,False
R3339,R3339,U332,U332,I273,I273,4,4,6.0,LOW,0.0,0.0,25.0,0.0,0.0,1,15.0,0.0,False,1,False,False
R3340,R3340,U823,U823,I300,I300,3,3,6.0,LOW,0.0,0.0,25.0,0.0,0.0,4,15.0,0.0,False,1,False,False
R3341,R3341,U715,U715,I26,I26,3,3,6.0,LOW,0.0,0.0,25.0,0.0,0.0,2,15.0,0.0,False,1,False,False
R3342,R3342,U155,U155,I458,I458,3,3,2.25,LOW,0.0,0.0,15.0,0.0,0.0,2,0.0,0.0,False,0,False,False
R3343,R3343,U402,U402,I156,I156,1,1,10.0,LOW,20.0,15.0,25.0,0.0,0.0,1,15.0,5.0,False,2,False,False
R3344,R3344,U607,U607,I317,I317,2,2,0.0,LOW,0.0,0.0,0.0,0.0,0.0,3,0.0,0.0,False,0,False,False
R3345,R3345,U832,U832,I190,I190,1,1,5.5,LOW,20.0,15.0,15.0,0.0,0.0,2,0.0,0.0,False,1,False,False
R3346,R3346,U328,U328,I119,I119,5,5,10.0,LOW,20.0,30.0,15.0,0.0,0.0,2,10.0,5.0,False,2,False,False
R3347,R3347,U963,U963,I248,I248,5,5,9.25,LOW,20.0,25.0,15.0,0.0,0.0,3,10.0,5.0,False,2,False,False
R3348,R3348,U600,U600,I46,I46,2,2,11.75,LOW,0.0,0.0,15.0,20.0,30.0,6,0.0,0.0,False,0,False,False
R3349,R3349,U997,U997,I453,I453,3,3,15.5,LOW,0.0,0.0,25.0,20.0,30.0,5,15.0,0.0,False,1,False,False
R3350,R3350,U357,U357,I366,I366,2,2,15.5,LOW,0.0,0.0,25.0,20.0,30.0,5,15.0,0.0,False,1,False,False
R3351,R3351,U705,U705,I158,I158,5,5,12.75,LOW,20.0,0.0,15.0,20.0,30.0,5,0.0,0.0,False,1,False,False
R3352,R3352,U953,U953,I390,I390,1,1,3.25,LOW,20.0,0.0,15.0,0.0,0.0,1,0.0,0.0,False,1,False,False
R3353,R3353,U730,U730,I447,I447,4,4,2.25,LOW,0.0,0.0,15.0,0.0,0.0,2,0.0,0.0,False,0,False,False
R3354,R3354,U341,U341,I354,I354,4,4,2.25,LOW,0.0,0.0,15.0,0.0,0.0,1,0.0,0.0,False,0,False,False
R3355,R3355,U321,U321,I183,I183,4,4,0.0,LOW,0.0,0.0,0.0,0.0,0.0,3,0.0,0.0,False,0,False,False
R3356,R3356,U915,U915,I477,I477,4,4,12.75,LOW,0.0,30.0,25.0,0.0,0.0,4,25.0,5.0,False,2,False,False
R3357,R3357,U816,U816,I118,I118,2,2,2.25,LOW,0.0,0.0,15.0,0.0,0.0,2,0.0,0.0,False,0,False,False
R3358,R3358,U646,U646,I332,I332,2,2,2.25,LOW,0.0,0.0,15.0,0.0,0.0,3,0.0,0.0,False,0,False,False
R3359,R3359,U419,U419,I125,I125,1,1,3.25,LOW,20.0,0.0,15.0,0.0,0.0,4,0.0,0.0,False,1,False,False
R3360,R3360,U123,U123,I381,I381,4,4,7.5,LOW,0.0,10.0,25.0,0.0,0.0,3,15.0,0.0,False,1,False,False
R3361,R3361,U865,U865,I436,I436,1,1,1.0,LOW,20.0,0.0,0.0,0.0,0.0,2,0.0,0.0,False,1,False,False
R3362,R3362,U685,U685,I446,I446,5,5,3.25,LOW,20.0,0.0,15.0,0.0,0.0,1,0.0,0.0,False,1,False,False
R3363,R3363,U373,U373,I456,I456,4,4,15.5,LOW,0.0,0.0,25.0,20.0,30.0,5,15.0,0.0,False,1,False,False
R3364,R3364,U323,U323,I67,I67,1,1,35.75,MEDIUM,20.0,0.0,25.0,20.0,45.0,7,40.0,25.0,False,4,True,False
R3365,R3365,U469,U469,I223,I223,1,1,10.0,LOW,20.0,15.0,25.0,0.0,0.0,2,15.0,5.0,False,2,False,False
R3366,R3366,U42,U42,I148,I148,2,2,2.25,LOW,0.0,0.0,15.0,0.0,0.0,2,0.0,0.0,False,0,False,False
R3367,R3367,U321,U321,I310,I310,5,5,3.25,LOW,20.0,0.0,15.0,0.0,0.0,1,0.0,0.0,False,1,False,False
R3368,R3368,U394,U394,I256,I256,3,3,0.0,LOW,0.0,0.0,0.0,0.0,0.0,1,0.0,0.0,False,0,False,False
R3369,R3369,U667,U667,I215,I215,5,5,7.75,LOW,20.0,0.0,25.0,0.0,0.0,3,15.0,5.0,False,2,False,False
R3370,R3370,U471,U471,I449,I449,1,1,3.25,LOW,20.0,0.0,15.0,0.0,0.0,2,0.0,0.0,False,1,False,False
R3371,R3371,U194,U194,I351,I351,2,2,3.75,LOW,0.0,10.0,15.0,0.0,0.0,1,0.0,0.0,False,0,False,False
R3372,R3372,U987,U987,I216,I216,1,1,7.75,LOW,20.0,0.0,25.0,0.0,0.0,3,15.0,5.0,False,2,False,False
R3373,R3373,U43,U43,I381,I381,5,5,7.75,LOW,20.0,0.0,25.0,0.0,0.0,3,15.0,5.0,False,2,False,False
R3374,R3374,U111,U111,I22,I22,1,1,19.5,LOW,20.0,15.0,25.0,20.0,30.0,5,15.0,5.0,False,2,False,False
R3375,R3375,U783,U783,I386,I386,4,4,0.0,LOW,0.0,0.0,0.0,0.0,0.0,4,0.0,0.0,False,0,False,False
R3376,R3376,U98,U98,I434,I434,1,1,3.25,LOW,20.0,0.0,15.0,0.0,0.0,4,0.0,0.0,False,1,False,False
R3377,R3377,U221,U221,I307,I307,2,2,6.0,LOW,0.0,0.0,25.0,0.0,0.0,3,15.0,0.0,False,1,False,False
R3378,R3378,U851,U851,I262,I262,5,5,7.75,LOW,20.0,0.0,25.0,0.0,0.0,4,15.0,5.0,False,2,False,False
R3379,R3379,U570,U570,I50,I50,5,5,7.75,LOW,20.0,0.0,25.0,0.0,0.0,3,15.0,5.0,False,2,False,False
R3380,R3380,U212,U212,I19,I19,3,3,6.0,LOW,0.0,0.0,25.0,0.0,0.0,2,15.0,0.0,False,1,False,False
R3381,R3381,U672,U672,I58,I58,4,4,15.5,LOW,0.0,0.0,25.0,20.0,30.0,6,15.0,0.0,False,1,False,False
R3382,R3382,U568,U568,I267,I267,1,1,3.25,LOW,20.0,0.0,15.0,0.0,0.0,3,0.0,0.0,False,1,False,False
R3383,R3383,U990,U990,I260,I260,4,4,3.75,LOW,0.0,10.0,15.0,0.0,0.0,1,0.0,0.0,False,0,False,False
R3384,R3384,U548,U548,I375,I375,3,3,0.0,LOW,0.0,0.0,0.0,0.0,0.0,2,0.0,0.0,False,0,False,False
R3385,R3385,U540,U540,I418,I418,3,3,3.75,LOW,0.0,10.0,15.0,0.0,0.0,4,0.0,0.0,False,0,False,False
R3386,R3386,U953,U953,I305,I305,1,1,3.25,LOW,20.0,0.0,15.0,0.0,0.0,2,0.0,0.0,False,1,False,False
R3387,R3387,U642,U642,I18,I18,5,5,1.0,LOW,20.0,0.0,0.0,0.0,0.0,1,0.0,0.0,False,1,False,False
R3388,R3388,U342,U342,I204,I204,5,5,10.0,LOW,20.0,15.0,25.0,0.0,0.0,2,15.0,5.0,False,2,False,False
R3389,R3389,U776,U776,I82,I82,4,4,2.25,LOW,0.0,0.0,15.0,0.0,0.0,1,0.0,0.0,False,0,False,False
R3390,R3390,U180,U180,I268,I268,1,1,3.25,LOW,20.0,0.0,15.0,0.0,0.0,2,0.0,0.0,False,1,False,False
R3391,R3391,U490,U490,I486,I486,2,2,6.0,LOW,0.0,0.0,25.0,0.0,0.0,4,15.0,0.0,False,1,False,False
R3392,R3392,U499,U499,I80,I80,1,1,14.5,LOW,20.0,25.0,25.0,0.0,0.0,2,25.0,15.0,False,3,False,False
R3393,R3393,U653,U653,I283,I283,1,1,5.5,LOW,20.0,15.0,15.0,0.0,0.0,1,0.0,0.0,False,1,False,False
R3394,R3394,U684,U684,I483,I483,3,3,6.0,LOW,0.0,0.0,25.0,0.0,0.0,4,15.0,0.0,False,1,False,False
R3395,R3395,U158,U158,I323,I323,2,2,0.0,LOW,0.0,0.0,0.0,0.0,0.0,2,0.0,0.0,False,0,False,False
R3396,R3396,U215,U215,I180,I180,4,4,3.75,LOW,0.0,10.0,15.0,0.0,0.0,2,0.0,0.0,False,0,False,False
R3397,R3397,U18,U18,I238,I238,5,5,7.75,LOW,20.0,0.0,25.0,0.0,0.0,3,15.0,5.0,False,2,False,False
R3398,R3398,U744,U744,I370,I370,1,1,7.75,LOW,20.0,0.0,25.0,0.0,0.0,3,15.0,5.0,False,2,False,False
R3399,R3399,U227,U227,I25,I25,4,4,0.0,LOW,0.0,0.0,0.0,0.0,0.0,3,0.0,0.0,False,0,False,False
R3400,R3400,U454,U454,I487,I487,5,5,10.0,LOW,20.0,15.0,25.0,0.0,0.0,2,15.0,5.0,False,2,False,False
R3401,R3401,U612,U612,I299,I299,5,5,7.75,LOW,20.0,0.0,25.0,0.0,0.0,1,15.0,5.0,False,2,False,False
R3402,R3402,U105,U105,I328,I328,3,3,0.0,LOW,0.0,0.0,0.0,0.0,0.0,1,0.0,0.0,False,0,False,False
R3403,R3403,U290,U290,I311,I311,5,5,7.75,LOW,20.0,0.0,25.0,0.0,0.0,4,15.0,5.0,False,2,False,False
R3404,R3404,U421,U421,I236,I236,1,1,7.75,LOW,20.0,0.0,25.0,0.0,0.0,3,15.0,5.0,False,2,False,False
R3405,R3405,U396,U396,I246,I246,3,3,6.0,LOW,0.0,0.0,25.0,0.0,0.0,4,15.0,0.0,False,1,False,False
R3406,R3406,U36,U36,I483,I483,4,4,6.0,LOW,0.0,0.0,25.0,0.0,0.0,2,15.0,0.0,False,1,False,False
R3407,R3407,U539,U539,I263,I263,4,4,2.25,LOW,0.0,0.0,15.0,0.0,0.0,2,0.0,0.0,False,0,False,False
R3408,R3408,U381,U381,I35,I35,5,5,3.25,LOW,20.0,0.0,15.0,0.0,0.0,3,0.0,0.0,False,1,False,False
R3409,R3409,U781,U781,I251,I251,1,1,7.75,LOW,20.0,0.0,25.0,0.0,0.0,3,15.0,5.0,False,2,False,False
R3410,R3410,U435,U435,I155,I155,3,3,2.25,LOW,0.0,0.0,15.0,0.0,0.0,4,0.0,0.0,False,0,False,False
R3411,R3411,U46,U46,I179,I179,5,5,3.25,LOW,20.0,0.0,15.0,0.0,0.0,2,0.0,0.0,False,1,False,False
R3412,R3412,U840,U840,I205,I205,2,2,7.5,LOW,0.0,10.0,25.0,0.0,0.0,4,15.0,0.0,False,1,False,False
R3413,R3413,U254,U254,I474,I474,1,1,7.75,LOW,20.0,0.0,25.0,0.0,0.0,1,15.0,5.0,False,2,False,False
R3414,R3414,U49,U49,I469,I469,4,4,15.5,LOW,0.0,0.0,25.0,20.0,30.0,5,15.0,0.0,False,1,False,False
R3415,R3415,U602,U602,I477,I477,2,2,6.0,LOW,0.0,0.0,25.0,0.0,0.0,3,15.0,0.0,False,1,False,False
R3416,R3416,U737,U737,I16,I16,2,2,6.0,LOW,0.0,0.0,25.0,0.0,0.0,3,15.0,0.0,False,1,False,False
R3417,R3417,U541,U541,I427,I427,3,3,6.0,LOW,0.0,0.0,25.0,0.0,0.0,2,15.0,0.0,False,1,False,False
R3418,R3418,U339,U339,I388,I388,2,2,2.25,LOW,0.0,0.0,15.0,0.0,0.0,1,0.0,0.0,False,0,False,False
R3419,R3419,U789,U789,I240,I240,4,4,0.0,LOW,0.0,0.0,0.0,0.0,0.0,3,0.0,0.0,False,0,False,False
R3420,R3420,U813,U813,I123,I123,1,1,3.25,LOW,20.0,0.0,15.0,0.0,0.0,2,0.0,0.0,False,1,False,False
R3421,R3421,U204,U204,I50,I50,4,4,15.5,LOW,0.0,0.0,25.0,20.0,30.0,6,15.0,0.0,False,1,False,False
R3422,R3422,U704,U704,I285,I285,4,4,0.0,LOW,0.0,0.0,0.0,0.0,0.0,2,0.0,0.0,False,0,False,False
R3423,R3423,U606,U606,I400,I400,2,2,6.0,LOW,0.0,0.0,25.0,0.0,0.0,3,15.0,0.0,False,1,False,False
R3424,R3424,U110,U110,I190,I190,3,3,2.25,LOW,0.0,0.0,15.0,0.0,0.0,2,0.0,0.0,False,0,False,False
R3425,R3425,U492,U492,I344,I344,2,2,2.25,LOW,0.0,0.0,15.0,0.0,0.0,4,0.0,0.0,False,0,False,False
R3426,R3426,U872,U872,I52,I52,2,2,7.5,LOW,0.0,10.0,25.0,0.0,0.0,4,15.0,0.0,False,1,False,False
R3427,R3427,U680,U680,I29,I29,2,2,3.75,LOW,0.0,10.0,15.0,0.0,0.0,4,0.0,0.0,False,0,False,False
R3428,R3428,U978,U978,I418,I418,3,3,2.25,LOW,0.0,0.0,15.0,0.0,0.0,4,0.0,0.0,False,0,False,False
R3429,R3429,U328,U328,I12,I12,1,1,10.0,LOW,20.0,30.0,15.0,0.0,0.0,2,10.0,5.0,False,2,False,False
R3430,R3430,U302,U302,I302,I302,1,1,1.0,LOW,20.0,0.0,0.0,0.0,0.0,1,0.0,0.0,False,1,False,False
R3431,R3431,U762,U762,I368,I368,1,1,17.25,LOW,20.0,0.0,25.0,20.0,30.0,5,15.0,5.0,False,2,False,False
R3432,R3432,U577,U577,I300,I300,5,5,14.5,LOW,20.0,25.0,25.0,0.0,0.0,3,25.0,15.0,False,3,False,False
R3433,R3433,U581,U581,I433,I433,4,4,2.25,LOW,0.0,0.0,15.0,0.0,0.0,4,0.0,0.0,False,0,False,False
R3434,R3434,U646,U646,I234,I234,2,2,6.0,LOW,0.0,0.0,25.0,0.0,0.0,2,15.0,0.0,False,1,False,False
R3435,R3435,U522,U522,I244,I244,2,2,2.25,LOW,0.0,0.0,15.0,0.0,0.0,3,0.0,0.0,False,0,False,False
R3436,R3436,U386,U386,I49,I49,4,4,15.5,LOW,0.0,0.0,25.0,20.0,30.0,6,15.0,0.0,False,1,False,False
R3437,R3437,U13,U13,I103,I103,3,3,2.25,LOW,0.0,0.0,15.0,0.0,0.0,2,0.0,0.0,False,0,False,False
R3438,R3438,U538,U538,I112,I112,1,1,3.25,LOW,20.0,0.0,15.0,0.0,0.0,2,0.0,0.0,False,1,False,False
R3439,R3439,U30,U30,I297,I297,1,1,10.0,LOW,20.0,15.0,25.0,0.0,0.0,1,15.0,5.0,False,2,False,False
R3440,R3440,U228,U228,I160,I160,2,2,7.5,LOW,0.0,10.0,25.0,0.0,0.0,4,15.0,0.0,False,1,False,False
R3441,R3441,U314,U314,I316,I316,2,2,8.25,LOW,0.0,15.0,25.0,0.0,0.0,4,15.0,0.0,False,1,False,False
R3442,R3442,U503,U503,I354,I354,3,3,2.25,LOW,0.0,0.0,15.0,0.0,0.0,2,0.0,0.0,False,0,False,False
R3443,R3443,U448,U448,I290,I290,5,5,4.75,LOW,20.0,10.0,15.0,0.0,0.0,3,0.0,0.0,False,1,False,False
R3444,R3444,U422,U422,I160,I160,3,3,7.5,LOW,0.0,10.0,25.0,0.0,0.0,4,15.0,0.0,False,1,False,False
R3445,R3445,U772,U772,I198,I198,2,2,6.0,LOW,0.0,0.0,25.0,0.0,0.0,4,15.0,0.0,False,1,False,False
R3446,R3446,U634,U634,I254,I254,2,2,2.25,LOW,0.0,0.0,15.0,0.0,0.0,3,0.0,0.0,False,0,False,False
R3447,R3447,U102,U102,I267,I267,5,5,3.25,LOW,20.0,0.0,15.0,0.0,0.0,1,0.0,0.0,False,1,False,False
R3448,R3448,U160,U160,I74,I74,3,3,2.25,LOW,0.0,0.0,15.0,0.0,0.0,1,0.0,0.0,False,0,False,False
R3449,R3449,U463,U463,I398,I398,3,3,6.0,LOW,0.0,0.0,25.0,0.0,0.0,2,15.0,0.0,False,1,False,False
R3450,R3450,U413,U413,I28,I28,1,1,3.25,LOW,20.0,0.0,15.0,0.0,0.0,2,0.0,0.0,False,1,False,False
R3451,R3451,U130,U130,I127,I127,1,1,3.25,LOW,20.0,0.0,15.0,0.0,0.0,1,0.0,0.0,False,1,False,False
R3452,R3452,U229,U229,I459,I459,3,3,2.25,LOW,0.0,0.0,15.0,0.0,0.0,3,0.0,0.0,False,0,False,False
R3453,R3453,U381,U381,I195,I195,4,4,15.5,LOW,0.0,0.0,25.0,20.0,30.0,6,15.0,0.0,False,1,False,False
R3454,R3454,U873,U873,I434,I434,1,1,3.25,LOW,20.0,0.0,15.0,0.0,0.0,4,0.0,0.0,False,1,False,False
R3455,R3455,U368,U368,I40,I40,3,3,15.5,LOW,0.0,0.0,25.0,20.0,30.0,6,15.0,0.0,False,1,False,False
R3456,R3456,U577,U577,I377,I377,1,1,9.25,LOW,20.0,25.0,15.0,0.0,0.0,4,10.0,5.0,False,2,False,False
R3457,R3457,U104,U104,I472,I472,5,5,7.75,LOW,20.0,0.0,25.0,0.0,0.0,1,15.0,5.0,False,2,False,False
R3458,R3458,U169,U169,I395,I395,5,5,3.25,LOW,20.0,0.0,15.0,0.0,0.0,4,0.0,0.0,False,1,False,False
R3459,R3459,U344,U344,I35,I35,4,4,2.25,LOW,0.0,0.0,15.0,0.0,0.0,3,0.0,0.0,False,0,False,False
R3460,R3460,U441,U441,I22,I22,5,5,7.75,LOW,20.0,0.0,25.0,0.0,0.0,4,15.0,5.0,False,2,False,False
R3461,R3461,U870,U870,I92,I92,2,2,6.0,LOW,0.0,0.0,25.0,0.0,0.0,4,15.0,0.0,False,1,False,False
R3462,R3462,U130,U130,I249,I249,5,5,3.25,LOW,20.0,0.0,15.0,0.0,0.0,3,0.0,0.0,False,1,False,False
R3463,R3463,U300,U300,I394,I394,3,3,2.25,LOW,0.0,0.0,15.0,0.0,0.0,2,0.0,0.0,False,0,False,False
R3464,R3464,U650,U650,I314,I314,1,1,9.25,LOW,20.0,10.0,25.0,0.0,0.0,4,15.0,5.0,False,2,False,False
R3465,R3465,U570,U570,I195,I195,2,2,6.0,LOW,0.0,0.0,25.0,0.0,0.0,2,15.0,0.0,False,1,False,False
R3466,R3466,U84,U84,I167,I167,2,2,17.0,LOW,0.0,10.0,25.0,20.0,30.0,5,15.0,0.0,False,1,False,False
R3467,R3467,U400,U400,I313,I313,3,3,2.25,LOW,0.0,0.0,15.0,0.0,0.0,3,0.0,0.0,False,0,False,False
R3468,R3468,U829,U829,I415,I415,3,3,2.25,LOW,0.0,0.0,15.0,0.0,0.0,2,0.0,0.0,False,0,False,False
R3469,R3469,U310,U310,I79,I79,1,1,5.5,LOW,20.0,15.0,15.0,0.0,0.0,2,0.0,0.0,False,1,False,False
R3470,R3470,U163,U163,I409,I409,3,3,25.25,LOW,0.0,0.0,25.0,20.0,45.0,7,40.0,15.0,False,3,False,False
R3471,R3471,U568,U568,I76,I76,3,3,2.25,LOW,0.0,0.0,15.0,0.0,0.0,1,0.0,0.0,False,0,False,False
R3472,R3472,U557,U557,I428,I428,4,4,2.25,LOW,0.0,0.0,15.0,0.0,0.0,3,0.0,0.0,False,0,False,False
R3473,R3473,U741,U741,I36,I36,2,2,0.0,LOW,0.0,0.0,0.0,0.0,0.0,2,0.0,0.0,False,0,False,False
R3474,R3474,U240,U240,I236,I236,1,1,7.75,LOW,20.0,0.0,25.0,0.0,0.0,3,15.0,5.0,False,2,False,False
R3475,R3475,U375,U375,I21,I21,2,2,0.0,LOW,0.0,0.0,0.0,0.0,0.0,1,0.0,0.0,False,0,False,False
R3476,R3476,U857,U857,I427,I427,1,1,17.25,LOW,20.0,0.0,25.0,20.0,30.0,6,15.0,5.0,False,2,False,False
R3477,R3477,U32,U32,I356,I356,2,2,0.0,LOW,0.0,0.0,0.0,0.0,0.0,2,0.0,0.0,False,0,False,False
R3478,R3478,U695,U695,I194,I194,5,5,1.0,LOW,20.0,0.0,0.0,0.0,0.0,2,0.0,0.0,False,1,False,False
R3479,R3479,U942,U942,I134,I134,1,1,4.75,LOW,20.0,10.0,15.0,0.0,0.0,2,0.0,0.0,False,1,False,False
R3480,R3480,U780,U780,I127,I127,5,5,3.25,LOW,20.0,0.0,15.0,0.0,0.0,4,0.0,0.0,False,1,False,False
R3481,R3481,U6,U6,I196,I196,1,1,3.25,LOW,20.0,0.0,15.0,0.0,0.0,2,0.0,0.0,False,1,False,False
R3482,R3482,U270,U270,I232,I232,1,1,3.25,LOW,20.0,0.0,15.0,0.0,0.0,2,0.0,0.0,False,1,False,False
R3483,R3483,U581,U581,I426,I426,1,1,1.0,LOW,20.0,0.0,0.0,0.0,0.0,3,0.0,0.0,False,1,False,False
R3484,R3484,U834,U834,I297,I297,5,5,7.75,LOW,20.0,0.0,25.0,0.0,0.0,3,15.0,5.0,False,2,False,False
R3485,R3485,U751,U751,I161,I161,4,4,2.25,LOW,0.0,0.0,15.0,0.0,0.0,1,0.0,0.0,False,0,False,False
R3486,R3486,U692,U692,I306,I306,2,2,2.25,LOW,0.0,0.0,15.0,0.0,0.0,3,0.0,0.0,False,0,False,False
R3487,R3487,U743,U743,I248,I248,4,4,2.25,LOW,0.0,0.0,15.0,0.0,0.0,3,0.0,0.0,False,0,False,False
R3488,R3488,U565,U565,I342,I342,2,2,0.0,LOW,0.0,0.0,0.0,0.0,0.0,2,0.0,0.0,False,0,False,False
R3489,R3489,U64,U64,I496,I496,1,1,17.25,LOW,20.0,0.0,25.0,20.0,30.0,6,15.0,5.0,False,2,False,False
R3490,R3490,U268,U268,I40,I40,3,3,15.5,LOW,0.0,0.0,25.0,20.0,30.0,6,15.0,0.0,False,1,False,False
R3491,R3491,U202,U202,I386,I386,1,1,1.0,LOW,20.0,0.0,0.0,0.0,0.0,2,0.0,0.0,False,1,False,False
R3492,R3492,U106,U106,I56,I56,5,5,19.5,LOW,20.0,15.0,25.0,20.0,30.0,5,15.0,5.0,False,2,False,False
R3493,R3493,U106,U106,I159,I159,1,1,10.0,LOW,20.0,15.0,25.0,0.0,0.0,1,15.0,5.0,False,2,False,False
R3494,R3494,U943,U943,I43,I43,2,2,2.25,LOW,0.0,0.0,15.0,0.0,0.0,3,0.0,0.0,False,0,False,False
R3495,R3495,U322,U322,I325,I325,1,1,3.25,LOW,20.0,0.0,15.0,0.0,0.0,4,0.0,0.0,False,1,False,False
R3496,R3496,U894,U894,I300,I300,1,1,7.75,LOW,20.0,0.0,25.0,0.0,0.0,3,15.0,5.0,False,2,False,False
R3497,R3497,U319,U319,I230,I230,1,1,3.25,LOW,20.0,0.0,15.0,0.0,0.0,1,0.0,0.0,False,1,False,False
R3498,R3498,U369,U369,I212,I212,1,1,3.25,LOW,20.0,15.0,0.0,0.0,0.0,4,0.0,0.0,False,1,False,False
R3499,R3499,U762,U762,I140,I140,1,1,1.0,LOW,20.0,0.0,0.0,0.0,0.0,2,0.0,0.0,False,1,False,False
R3500,R3500,U464,U464,I51,I51,3,3,3.75,LOW,0.0,10.0,15.0,0.0,0.0,2,0.0,0.0,False,0,False,False
R3501,R3501,U837,U837,I257,I257,4,4,2.25,LOW,0.0,0.0,15.0,0.0,0.0,1,0.0,0.0,False,0,False,False
R3502,R3502,U217,U217,I35,I35,1,1,3.25,LOW,20.0,0.0,15.0,0.0,0.0,1,0.0,0.0,False,1,False,False
R3503,R3503,U107,U107,I134,I134,3,3,2.25,LOW,0.0,0.0,15.0,0.0,0.0,1,0.0,0.0,False,0,False,False
R3504,R3504,U932,U932,I199,I199,3,3,2.25,LOW,0.0,0.0,15.0,0.0,0.0,4,0.0,0.0,False,0,False,False
R3505,R3505,U485,U485,I64,I64,2,2,17.75,LOW,0.0,15.0,25.0,20.0,30.0,5,15.0,0.0,False,1,False,False
R3506,R3506,U335,U335,I338,I338,4,4,1.5,LOW,0.0,10.0,0.0,0.0,0.0,2,0.0,0.0,False,0,False,False
R3507,R3507,U275,U275,I404,I404,1,1,3.25,LOW,20.0,0.0,15.0,0.0,0.0,3,0.0,0.0,False,1,False,False
R3508,R3508,U743,U743,I137,I137,1,1,3.25,LOW,20.0,0.0,15.0,0.0,0.0,2,0.0,0.0,False,1,False,False
R3509,R3509,U219,U219,I439,I439,4,4,1.5,LOW,0.0,10.0,0.0,0.0,0.0,1,0.0,0.0,False,0,False,False
R3510,R3510,U264,U264,I316,I316,5,5,17.25,LOW,20.0,0.0,25.0,20.0,30.0,6,15.0,5.0,False,2,False,False
R3511,R3511,U943,U943,I496,I496,5,5,17.25,LOW,20.0,0.0,25.0,20.0,30.0,5,15.0,5.0,False,2,False,False
R3512,R3512,U3,U3,I309,I309,2,2,25.25,LOW,0.0,0.0,25.0,20.0,45.0,7,40.0,15.0,False,3,False,False
R3513,R3513,U623,U623,I54,I54,2,2,2.25,LOW,0.0,0.0,15.0,0.0,0.0,3,0.0,0.0,False,0,False,False
R3514,R3514,U765,U765,I496,I496,5,5,17.25,LOW,20.0,0.0,25.0,20.0,30.0,5,15.0,5.0,False,2,False,False
R3515,R3515,U91,U91,I95,I95,4,4,15.5,LOW,0.0,0.0,25.0,20.0,30.0,5,15.0,0.0,False,1,False,False
R3516,R3516,U72,U72,I2,I2,4,4,7.5,LOW,0.0,10.0,25.0,0.0,0.0,4,15.0,0.0,False,1,False,False
R3517,R3517,U229,U229,I85,I85,4,4,2.25,LOW,0.0,0.0,15.0,0.0,0.0,2,0.0,0.0,False,0,False,False
R3518,R3518,U828,U828,I230,I230,3,3,2.25,LOW,0.0,0.0,15.0,0.0,0.0,1,0.0,0.0,False,0,False,False
R3519,R3519,U962,U962,I33,I33,5,5,12.75,LOW,20.0,0.0,15.0,20.0,30.0,6,0.0,0.0,False,1,False,False
R3520,R3520,U356,U356,I250,I250,4,4,2.25,LOW,0.0,0.0,15.0,0.0,0.0,3,0.0,0.0,False,0,False,False
R3521,R3521,U89,U89,I350,I350,1,1,7.75,LOW,20.0,0.0,25.0,0.0,0.0,4,15.0,5.0,False,2,False,False
R3522,R3522,U27,U27,I273,I273,5,5,14.5,LOW,20.0,25.0,25.0,0.0,0.0,3,25.0,15.0,False,3,False,False
R3523,R3523,U659,U659,I170,I170,3,3,2.25,LOW,0.0,0.0,15.0,0.0,0.0,4,0.0,0.0,False,0,False,False
R3524,R3524,U805,U805,I48,I48,2,2,6.0,LOW,0.0,0.0,25.0,0.0,0.0,3,15.0,0.0,False,1,False,False
R3525,R3525,U231,U231,I202,I202,1,1,7.75,LOW,20.0,0.0,25.0,0.0,0.0,1,15.0,5.0,False,2,False,False
R3526,R3526,U953,U953,I147,I147,1,1,7.75,LOW,20.0,0.0,25.0,0.0,0.0,4,15.0,5.0,False,2,False,False
R3527,R3527,U287,U287,I225,I225,3,3,6.0,LOW,0.0,0.0,25.0,0.0,0.0,2,15.0,0.0,False,1,False,False
R3528,R3528,U409,U409,I237,I237,5,5,7.75,LOW,20.0,0.0,25.0,0.0,0.0,4,15.0,5.0,False,2,False,False
R3529,R3529,U897,U897,I287,I287,4,4,6.0,LOW,0.0,0.0,25.0,0.0,0.0,4,15.0,0.0,False,1,False,False
R3530,R3530,U651,U651,I298,I298,5,5,7.75,LOW,20.0,0.0,25.0,0.0,0.0,4,15.0,5.0,False,2,False,False
R3531,R3531,U278,U278,I260,I260,3,3,2.25,LOW,0.0,0.0,15.0,0.0,0.0,4,0.0,0.0,False,0,False,False
R3532,R3532,U71,U71,I239,I239,1,1,4.75,LOW,20.0,10.0,15.0,0.0,0.0,3,0.0,0.0,False,1,False,False
R3533,R3533,U252,U252,I207,I207,1,1,7.75,LOW,20.0,0.0,25.0,0.0,0.0,4,15.0,5.0,False,2,False,False
R3534,R3534,U54,U54,I471,I471,4,4,0.0,LOW,0.0,0.0,0.0,0.0,0.0,2,0.0,0.0,False,0,False,False
R3535,R3535,U4,U4,I385,I385,1,1,7.75,LOW,20.0,0.0,25.0,0.0,0.0,2,15.0,5.0,False,2,False,False
R3536,R3536,U497,U497,I486,I486,2,2,6.0,LOW,0.0,0.0,25.0,0.0,0.0,4,15.0,0.0,False,1,False,False
R3537,R3537,U492,U492,I160,I160,5,5,7.75,LOW,20.0,0.0,25.0,0.0,0.0,2,15.0,5.0,False,2,False,False
R3538,R3538,U609,U609,I101,I101,2,2,15.5,LOW,0.0,0.0,25.0,20.0,30.0,5,15.0,0.0,False,1,False,False
R3539,R3539,U454,U454,I270,I270,1,1,10.0,LOW,20.0,15.0,25.0,0.0,0.0,1,15.0,5.0,False,2,False,False
R3540,R3540,U953,U953,I453,I453,1,1,7.75,LOW,20.0,0.0,25.0,0.0,0.0,4,15.0,5.0,False,2,False,False
R3541,R3541,U109,U109,I293,I293,4,4,6.0,LOW,0.0,0.0,25.0,0.0,0.0,4,15.0,0.0,False,1,False,False
R3542,R3542,U37,U37,I142,I142,5,5,10.0,LOW,20.0,15.0,25.0,0.0,0.0,4,15.0,5.0,False,2,False,False
R3543,R3543,U174,U174,I472,I472,1,1,17.25,LOW,20.0,0.0,25.0,20.0,30.0,6,15.0,5.0,False,2,False,False
R3544,R3544,U293,U293,I150,I150,1,1,5.5,LOW,20.0,15.0,15.0,0.0,0.0,3,0.0,0.0,False,1,False,False
R3545,R3545,U342,U342,I434,I434,5,5,5.5,LOW,20.0,15.0,15.0,0.0,0.0,2,0.0,0.0,False,1,False,False
R3546,R3546,U458,U458,I143,I143,2,2,7.5,LOW,0.0,10.0,25.0,0.0,0.0,4,15.0,0.0,False,1,False,False
R3547,R3547,U238,U238,I340,I340,5,5,3.25,LOW,20.0,0.0,15.0,0.0,0.0,3,0.0,0.0,False,1,False,False
R3548,R3548,U679,U679,I289,I289,4,4,0.0,LOW,0.0,0.0,0.0,0.0,0.0,2,0.0,0.0,False,0,False,False
R3549,R3549,U947,U947,I175,I175,3,3,2.25,LOW,0.0,0.0,15.0,0.0,0.0,3,0.0,0.0,False,0,False,False
R3550,R3550,U234,U234,I290,I290,1,1,5.5,LOW,20.0,15.0,15.0,0.0,0.0,3,0.0,0.0,False,1,False,False
R3551,R3551,U794,U794,I348,I348,1,1,7.75,LOW,20.0,0.0,25.0,0.0,0.0,4,15.0,5.0,False,2,False,False
R3552,R3552,U744,U744,I119,I119,3,3,2.25,LOW,0.0,0.0,15.0,0.0,0.0,2,0.0,0.0,False,0,False,False
R3553,R3553,U928,U928,I0,I0,1,1,1.0,LOW,20.0,0.0,0.0,0.0,0.0,1,0.0,0.0,False,1,False,False
R3554,R3554,U632,U632,I355,I355,5,5,14.5,LOW,20.0,25.0,25.0,0.0,0.0,2,25.0,15.0,False,3,False,False
R3555,R3555,U184,U184,I196,I196,4,4,3.75,LOW,0.0,10.0,15.0,0.0,0.0,2,0.0,0.0,False,0,False,False
R3556,R3556,U219,U219,I368,I368,4,4,7.5,LOW,0.0,10.0,25.0,0.0,0.0,2,15.0,0.0,False,1,False,False
R3557,R3557,U114,U114,I490,I490,5,5,4.75,LOW,20.0,10.0,15.0,0.0,0.0,3,0.0,0.0,False,1,False,False
R3558,R3558,U663,U663,I425,I425,4,4,7.5,LOW,0.0,10.0,25.0,0.0,0.0,4,15.0,0.0,False,1,False,False
R3559,R3559,U106,U106,I232,I232,2,2,4.5,LOW,0.0,15.0,15.0,0.0,0.0,1,0.0,0.0,False,0,False,False
R3560,R3560,U889,U889,I155,I155,4,4,2.25,LOW,0.0,0.0,15.0,0.0,0.0,4,0.0,0.0,False,0,False,False
R3561,R3561,U934,U934,I79,I79,3,3,2.25,LOW,0.0,0.0,15.0,0.0,0.0,1,0.0,0.0,False,0,False,False
R3562,R3562,U507,U507,I367,I367,2,2,8.25,LOW,0.0,15.0,25.0,0.0,0.0,4,15.0,0.0,False,1,False,False
R3563,R3563,U811,U811,I382,I382,5,5,3.25,LOW,20.0,0.0,15.0,0.0,0.0,2,0.0,0.0,False,1,False,False
R3564,R3564,U866,U866,I269,I269,4,4,3.75,LOW,0.0,10.0,15.0,0.0,0.0,2,0.0,0.0,False,0,False,False
R3565,R3565,U993,U993,I338,I338,2,2,0.0,LOW,0.0,0.0,0.0,0.0,0.0,2,0.0,0.0,False,0,False,False
R3566,R3566,U157,U157,I443,I443,4,4,2.25,LOW,0.0,0.0,15.0,0.0,0.0,4,0.0,0.0,False,0,False,False
R3567,R3567,U831,U831,I198,I198,5,5,7.75,LOW,20.0,0.0,25.0,0.0,0.0,4,15.0,5.0,False,2,False,False
R3568,R3568,U679,U679,I47,I47,3,3,6.0,LOW,0.0,0.0,25.0,0.0,0.0,3,15.0,0.0,False,1,False,False
R3569,R3569,U80,U80,I473,I473,2,2,0.0,LOW,0.0,0.0,0.0,0.0,0.0,2,0.0,0.0,False,0,False,False
R3570,R3570,U590,U590,I102,I102,1,1,1.0,LOW,20.0,0.0,0.0,0.0,0.0,2,0.0,0.0,False,1,False,False
R3571,R3571,U939,U939,I311,I311,4,4,6.0,LOW,0.0,0.0,25.0,0.0,0.0,4,15.0,0.0,False,1,False,False
R3572,R3572,U959,U959,I17,I17,4,4,1.5,LOW,0.0,10.0,0.0,0.0,0.0,2,0.0,0.0,False,0,False,False
R3573,R3573,U374,U374,I186,I186,5,5,13.25,LOW,20.0,15.0,15.0,40.0,0.0,2,20.0,5.0,False,2,False,False
R3574,R3574,U103,U103,I244,I244,2,2,2.25,LOW,0.0,0.0,15.0,0.0,0.0,3,0.0,0.0,False,0,False,False
R3575,R3575,U473,U473,I311,I311,2,2,6.0,LOW,0.0,0.0,25.0,0.0,0.0,3,15.0,0.0,False,1,False,False
R3576,R3576,U901,U901,I367,I367,1,1,7.75,LOW,20.0,0.0,25.0,0.0,0.0,4,15.0,5.0,False,2,False,False
R3577,R3577,U139,U139,I173,I173,1,1,3.25,LOW,20.0,0.0,15.0,0.0,0.0,3,0.0,0.0,False,1,False,False
R3578,R3578,U714,U714,I415,I415,5,5,3.25,LOW,20.0,0.0,15.0,0.0,0.0,3,0.0,0.0,False,1,False,False
R3579,R3579,U627,U627,I96,I96,3,3,1.5,LOW,0.0,10.0,0.0,0.0,0.0,1,0.0,0.0,False,0,False,False
R3580,R3580,U269,U269,I201,I201,3,3,3.75,LOW,0.0,10.0,15.0,0.0,0.0,4,0.0,0.0,False,0,False,False
R3581,R3581,U213,U213,I419,I419,5,5,17.25,LOW,20.0,0.0,25.0,20.0,30.0,6,15.0,5.0,False,2,False,False
R3582,R3582,U710,U710,I305,I305,4,4,3.75,LOW,0.0,10.0,15.0,0.0,0.0,3,0.0,0.0,False,0,False,False
R3583,R3583,U104,U104,I480,I480,3,3,6.0,LOW,0.0,0.0,25.0,0.0,0.0,3,15.0,0.0,False,1,False,False
R3584,R3584,U643,U643,I330,I330,3,3,6.0,LOW,0.0,0.0,25.0,0.0,0.0,3,15.0,0.0,False,1,False,False
R3585,R3585,U497,U497,I2,I2,2,2,6.0,LOW,0.0,0.0,25.0,0.0,0.0,2,15.0,0.0,False,1,False,False
R3586,R3586,U734,U734,I121,I121,3,3,2.25,LOW,0.0,0.0,15.0,0.0,0.0,1,0.0,0.0,False,0,False,False
R3587,R3587,U135,U135,I243,I243,1,1,12.75,LOW,20.0,0.0,15.0,20.0,30.0,5,0.0,0.0,False,1,False,False
R3588,R3588,U553,U553,I202,I202,4,4,8.25,LOW,0.0,15.0,25.0,0.0,0.0,3,15.0,0.0,False,1,False,False
R3589,R3589,U597,U597,I494,I494,2,2,6.0,LOW,0.0,0.0,25.0,0.0,0.0,2,15.0,0.0,False,1,False,False
R3590,R3590,U329,U329,I64,I64,5,5,7.75,LOW,20.0,0.0,25.0,0.0,0.0,3,15.0,5.0,False,2,False,False
R3591,R3591,U56,U56,I168,I168,1,1,3.25,LOW,20.0,0.0,15.0,0.0,0.0,3,0.0,0.0,False,1,False,False
R3592,R3592,U946,U946,I88,I88,4,4,6.0,LOW,0.0,0.0,25.0,0.0,0.0,3,15.0,0.0,False,1,False,False
R3593,R3593,U7,U7,I24,I24,1,1,3.25,LOW,20.0,0.0,15.0,0.0,0.0,2,0.0,0.0,False,1,False,False
R3594,R3594,U683,U683,I394,I394,1,1,3.25,LOW,20.0,0.0,15.0,0.0,0.0,2,0.0,0.0,False,1,False,False
R3595,R3595,U837,U837,I167,I167,4,4,6.0,LOW,0.0,0.0,25.0,0.0,0.0,3,15.0,0.0,False,1,False,False
R3596,R3596,U425,U425,I36,I36,5,5,1.0,LOW,20.0,0.0,0.0,0.0,0.0,2,0.0,0.0,False,1,False,False
R3597,R3597,U197,U197,I287,I287,3,3,8.25,LOW,0.0,15.0,25.0,0.0,0.0,3,15.0,0.0,False,1,False,False
R3598,R3598,U991,U991,I394,I394,5,5,12.75,LOW,20.0,0.0,15.0,20.0,30.0,5,0.0,0.0,False,1,False,False
R3599,R3599,U526,U526,I41,I41,2,2,3.75,LOW,0.0,10.0,15.0,0.0,0.0,2,0.0,0.0,False,0,False,False
R3600,R3600,U875,U875,I118,I118,1,1,3.25,LOW,20.0,0.0,15.0,0.0,0.0,4,0.0,0.0,False,1,False,False
R3601,R3601,U688,U688,I378,I378,5,5,19.5,LOW,20.0,10.0,30.0,20.0,30.0,5,15.0,5.0,False,2,False,False
R3602,R3602,U143,U143,I335,I335,2,2,6.0,LOW,0.0,0.0,25.0,0.0,0.0,2,15.0,0.0,False,1,False,False
R3603,R3603,U874,U874,I155,I155,4,4,2.25,LOW,0.0,0.0,15.0,0.0,0.0,4,0.0,0.0,False,0,False,False
R3604,R3604,U639,U639,I26,I26,5,5,7.75,LOW,20.0,0.0,25.0,0.0,0.0,2,15.0,5.0,False,2,False,False
R3605,R3605,U489,U489,I65,I65,2,2,2.25,LOW,0.0,0.0,15.0,0.0,0.0,4,0.0,0.0,False,0,False,False
R3606,R3606,U954,U954,I111,I111,1,1,7.75,LOW,20.0,0.0,25.0,0.0,0.0,4,15.0,5.0,False,2,False,False
R3607,R3607,U270,U270,I340,I340,3,3,2.25,LOW,0.0,0.0,15.0,0.0,0.0,4,0.0,0.0,False,0,False,False
R3608,R3608,U127,U127,I252,I252,4,4,6.0,LOW,0.0,0.0,25.0,0.0,0.0,2,15.0,0.0,False,1,False,False
R3609,R3609,U250,U250,I321,I321,4,4,11.75,LOW,0.0,0.0,15.0,20.0,30.0,5,0.0,0.0,False,0,False,False
R3610,R3610,U992,U992,I162,I162,4,4,2.25,LOW,0.0,0.0,15.0,0.0,0.0,4,0.0,0.0,False,0,False,False
R3611,R3611,U620,U620,I70,I70,2,2,2.25,LOW,0.0,0.0,15.0,0.0,0.0,3,0.0,0.0,False,0,False,False
R3612,R3612,U790,U790,I271,I271,5,5,17.25,LOW,20.0,0.0,25.0,20.0,30.0,5,15.0,5.0,False,2,False,False
R3613,R3613,U899,U899,I71,I71,1,1,12.75,LOW,20.0,0.0,15.0,20.0,30.0,6,0.0,0.0,False,1,False,False
R3614,R3614,U218,U218,I384,I384,1,1,7.75,LOW,20.0,0.0,25.0,0.0,0.0,1,15.0,5.0,False,2,False,False
R3615,R3615,U744,U744,I203,I203,3,3,6.0,LOW,0.0,0.0,25.0,0.0,0.0,4,15.0,0.0,False,1,False,False
R3616,R3616,U492,U492,I196,I196,1,1,3.25,LOW,20.0,0.0,15.0,0.0,0.0,2,0.0,0.0,False,1,False,False
R3617,R3617,U644,U644,I321,I321,2,2,3.75,LOW,0.0,10.0,15.0,0.0,0.0,1,0.0,0.0,False,0,False,False
R3618,R3618,U159,U159,I97,I97,4,4,2.25,LOW,0.0,0.0,15.0,0.0,0.0,3,0.0,0.0,False,0,False,False
R3619,R3619,U782,U782,I59,I59,4,4,1.5,LOW,0.0,10.0,0.0,0.0,0.0,2,0.0,0.0,False,0,False,False
R3620,R3620,U244,U244,I216,I216,5,5,7.75,LOW,20.0,0.0,25.0,0.0,0.0,2,15.0,5.0,False,2,False,False
R3621,R3621,U324,U324,I467,I467,5,5,2.5,LOW,20.0,10.0,0.0,0.0,0.0,4,0.0,0.0,False,1,False,False
R3622,R3622,U67,U67,I211,I211,4,4,2.25,LOW,0.0,0.0,15.0,0.0,0.0,1,0.0,0.0,False,0,False,False
R3623,R3623,U280,U280,I7,I7,2,2,2.25,LOW,0.0,15.0,0.0,0.0,0.0,3,0.0,0.0,False,0,False,False
R3624,R3624,U230,U230,I400,I400,5,5,7.75,LOW,20.0,0.0,25.0,0.0,0.0,4,15.0,5.0,False,2,False,False
R3625,R3625,U69,U69,I365,I365,5,5,3.25,LOW,20.0,0.0,15.0,0.0,0.0,3,0.0,0.0,False,1,False,False
R3626,R3626,U233,U233,I337,I337,2,2,4.5,LOW,0.0,15.0,15.0,0.0,0.0,2,0.0,0.0,False,0,False,False
R3627,R3627,U143,U143,I403,I403,5,5,7.75,LOW,20.0,0.0,25.0,0.0,0.0,3,15.0,5.0,False,2,False,False
R3628,R3628,U906,U906,I454,I454,4,4,17.0,LOW,0.0,10.0,25.0,20.0,30.0,5,15.0,0.0,False,1,False,False
R3629,R3629,U933,U933,I52,I52,2,2,6.0,LOW,0.0,0.0,25.0,0.0,0.0,4,15.0,0.0,False,1,False,False
R3630,R3630,U909,U909,I308,I308,2,2,2.25,LOW,0.0,0.0,15.0,0.0,0.0,2,0.0,0.0,False,0,False,False
R3631,R3631,U597,U597,I133,I133,5,5,1.0,LOW,20.0,0.0,0.0,0.0,0.0,3,0.0,0.0,False,1,False,False
R3632,R3632,U581,U581,I164,I164,2,2,2.25,LOW,0.0,0.0,15.0,0.0,0.0,1,0.0,0.0,False,0,False,False
R3633,R3633,U320,U320,I94,I94,5,5,3.25,LOW,20.0,0.0,15.0,0.0,0.0,3,0.0,0.0,False,1,False,False
R3634,R3634,U779,U779,I131,I131,3,3,0.0,LOW,0.0,0.0,0.0,0.0,0.0,2,0.0,0.0,False,0,False,False
R3635,R3635,U700,U700,I266,I266,3,3,11.75,LOW,0.0,0.0,15.0,20.0,30.0,5,0.0,0.0,False,0,False,False
R3636,R3636,U984,U984,I127,I127,4,4,2.25,LOW,0.0,0.0,15.0,0.0,0.0,1,0.0,0.0,False,0,False,False
R3637,R3637,U747,U747,I277,I277,4,4,7.5,LOW,0.0,10.0,25.0,0.0,0.0,3,15.0,0.0,False,1,False,False
R3638,R3638,U115,U115,I446,I446,1,1,3.25,LOW,20.0,0.0,15.0,0.0,0.0,1,0.0,0.0,False,1,False,False
R3639,R3639,U316,U316,I400,I400,2,2,6.0,LOW,0.0,0.0,25.0,0.0,0.0,3,15.0,0.0,False,1,False,False
R3640,R3640,U47,U47,I218,I218,3,3,0.0,LOW,0.0,0.0,0.0,0.0,0.0,1,0.0,0.0,False,0,False,False
R3641,R3641,U619,U619,I362,I362,5,5,1.0,LOW,20.0,0.0,0.0,0.0,0.0,2,0.0,0.0,False,1,False,False
R3642,R3642,U328,U328,I287,I287,4,4,12.75,LOW,0.0,30.0,25.0,0.0,0.0,4,25.0,5.0,False,2,False,False
R3643,R3643,U87,U87,I430,I430,3,3,6.0,LOW,0.0,0.0,25.0,0.0,0.0,4,15.0,0.0,False,1,False,False
R3644,R3644,U719,U719,I178,I178,5,5,4.75,LOW,20.0,10.0,15.0,0.0,0.0,4,0.0,0.0,False,1,False,False
R3645,R3645,U675,U675,I400,I400,1,1,10.0,LOW,20.0,15.0,25.0,0.0,0.0,2,15.0,5.0,False,2,False,False
R3646,R3646,U931,U931,I198,I198,2,2,8.25,LOW,0.0,15.0,25.0,0.0,0.0,4,15.0,0.0,False,1,False,False
R3647,R3647,U543,U543,I245,I245,5,5,17.25,LOW,20.0,0.0,25.0,20.0,30.0,5,15.0,5.0,False,2,False,False
R3648,R3648,U175,U175,I472,I472,3,3,7.5,LOW,0.0,10.0,25.0,0.0,0.0,4,15.0,0.0,False,1,False,False
R3649,R3649,U100,U100,I352,I352,2,2,2.25,LOW,0.0,0.0,15.0,0.0,0.0,2,0.0,0.0,False,0,False,False
R3650,R3650,U730,U730,I373,I373,3,3,6.0,LOW,0.0,0.0,25.0,0.0,0.0,2,15.0,0.0,False,1,False,False
R3651,R3651,U976,U976,I120,I120,4,4,13.25,LOW,0.0,10.0,15.0,20.0,30.0,5,0.0,0.0,False,0,False,False
R3652,R3652,U119,U119,I211,I211,2,2,11.75,LOW,0.0,0.0,15.0,20.0,30.0,6,0.0,0.0,False,0,False,False
R3653,R3653,U989,U989,I203,I203,4,4,6.0,LOW,0.0,0.0,25.0,0.0,0.0,2,15.0,0.0,False,1,False,False
R3654,R3654,U23,U23,I110,I110,2,2,2.25,LOW,0.0,15.0,0.0,0.0,0.0,3,0.0,0.0,False,0,False,False
R3655,R3655,U331,U331,I260,I260,3,3,4.5,LOW,0.0,15.0,15.0,0.0,0.0,4,0.0,0.0,False,0,False,False
R3656,R3656,U548,U548,I407,I407,1,1,3.25,LOW,20.0,0.0,15.0,0.0,0.0,4,0.0,0.0,False,1,False,False
R3657,R3657,U637,U637,I163,I163,3,3,15.5,LOW,0.0,0.0,25.0,20.0,30.0,5,15.0,0.0,False,1,False,False
R3658,R3658,U634,U634,I301,I301,5,5,3.25,LOW,20.0,0.0,15.0,0.0,0.0,4,0.0,0.0,False,1,False,False
R3659,R3659,U479,U479,I394,I394,2,2,2.25,LOW,0.0,0.0,15.0,0.0,0.0,2,0.0,0.0,False,0,False,False
R3660,R3660,U466,U466,I496,I496,5,5,18.75,LOW,20.0,10.0,25.0,20.0,30.0,5,15.0,5.0,False,2,False,False
R3661,R3661,U616,U616,I425,I425,3,3,6.0,LOW,0.0,0.0,25.0,0.0,0.0,3,15.0,0.0,False,1,False,False
R3662,R3662,U873,U873,I296,I296,3,3,15.5,LOW,0.0,0.0,25.0,20.0,30.0,5,15.0,0.0,False,1,False,False
R3663,R3663,U69,U69,I288,I288,2,2,0.0,LOW,0.0,0.0,0.0,0.0,0.0,3,0.0,0.0,False,0,False,False
R3664,R3664,U737,U737,I231,I231,3,3,6.0,LOW,0.0,0.0,25.0,0.0,0.0,2,15.0,0.0,False,1,False,False
R3665,R3665,U87,U87,I37,I37,1,1,7.75,LOW,20.0,0.0,25.0,0.0,0.0,4,15.0,5.0,False,2,False,False
R3666,R3666,U691,U691,I110,I110,4,4,0.0,LOW,0.0,0.0,0.0,0.0,0.0,1,0.0,0.0,False,0,False,False
R3667,R3667,U12,U12,I111,I111,5,5,9.25,LOW,20.0,10.0,25.0,0.0,0.0,3,15.0,5.0,False,2,False,False
R3668,R3668,U151,U151,I492,I492,3,3,3.75,LOW,0.0,10.0,15.0,0.0,0.0,2,0.0,0.0,False,0,False,False
R3669,R3669,U980,U980,I334,I334,4,4,2.25,LOW,0.0,0.0,15.0,0.0,0.0,2,0.0,0.0,False,0,False,False
R3670,R3670,U106,U106,I52,I52,2,2,8.25,LOW,0.0,15.0,25.0,0.0,0.0,4,15.0,0.0,False,1,False,False
R3671,R3671,U970,U970,I284,I284,3,3,15.5,LOW,0.0,0.0,25.0,20.0,30.0,6,15.0,0.0,False,1,False,False
R3672,R3672,U870,U870,I82,I82,2,2,2.25,LOW,0.0,0.0,15.0,0.0,0.0,4,0.0,0.0,False,0,False,False
R3673,R3673,U31,U31,I407,I407,1,1,3.25,LOW,20.0,0.0,15.0,0.0,0.0,4,0.0,0.0,False,1,False,False
R3674,R3674,U43,U43,I185,I185,4,4,2.25,LOW,0.0,0.0,15.0,0.0,0.0,4,0.0,0.0,False,0,False,False
R3675,R3675,U32,U32,I380,I380,5,5,1.0,LOW,20.0,0.0,0.0,0.0,0.0,1,0.0,0.0,False,1,False,False
R3676,R3676,U149,U149,I295,I295,2,2,3.75,LOW,0.0,10.0,15.0,0.0,0.0,2,0.0,0.0,False,0,False,False
R3677,R3677,U258,U258,I326,I326,5,5,1.0,LOW,20.0,0.0,0.0,0.0,0.0,1,0.0,0.0,False,1,False,False
R3678,R3678,U523,U523,I238,I238,2,2,6.0,LOW,0.0,0.0,25.0,0.0,0.0,3,15.0,0.0,False,1,False,False
R3679,R3679,U818,U818,I56,I56,1,1,7.75,LOW,20.0,0.0,25.0,0.0,0.0,4,15.0,5.0,False,2,False,False
R3680,R3680,U699,U699,I366,I366,5,5,10.0,LOW,20.0,15.0,25.0,0.0,0.0,3,15.0,5.0,False,2,False,False
R3681,R3681,U207,U207,I42,I42,2,2,6.0,LOW,0.0,0.0,25.0,0.0,0.0,3,15.0,0.0,False,1,False,False
R3682,R3682,U451,U451,I117,I117,4,4,2.25,LOW,0.0,0.0,15.0,0.0,0.0,3,0.0,0.0,False,0,False,False
R3683,R3683,U780,U780,I470,I470,3,3,15.5,LOW,0.0,0.0,25.0,20.0,30.0,5,15.0,0.0,False,1,False,False
R3684,R3684,U357,U357,I76,I76,2,2,2.25,LOW,0.0,0.0,15.0,0.0,0.0,2,0.0,0.0,False,0,False,False
R3685,R3685,U483,U483,I68,I68,1,1,7.75,LOW,20.0,0.0,25.0,0.0,0.0,3,15.0,5.0,False,2,False,False
R3686,R3686,U631,U631,I229,I229,1,1,7.75,LOW,20.0,0.0,25.0,0.0,0.0,3,15.0,5.0,False,2,False,False
R3687,R3687,U302,U302,I70,I70,5,5,3.25,LOW,20.0,0.0,15.0,0.0,0.0,1,0.0,0.0,False,1,False,False
R3688,R3688,U259,U259,I424,I424,1,1,7.75,LOW,20.0,0.0,25.0,0.0,0.0,4,15.0,5.0,False,2,False,False
R3689,R3689,U698,U698,I366,I366,2,2,15.5,LOW,0.0,0.0,25.0,20.0,30.0,5,15.0,0.0,False,1,False,False
R3690,R3690,U627,U627,I357,I357,4,4,7.5,LOW,0.0,10.0,25.0,0.0,0.0,4,15.0,0.0,False,1,False,False
R3691,R3691,U909,U909,I107,I107,4,4,6.0,LOW,0.0,0.0,25.0,0.0,0.0,3,15.0,0.0,False,1,False,False
R3692,R3692,U67,U67,I80,I80,5,5,17.25,LOW,20.0,0.0,25.0,20.0,30.0,6,15.0,5.0,False,2,False,False
R3693,R3693,U748,U748,I167,I167,3,3,6.0,LOW,0.0,0.0,25.0,0.0,0.0,2,15.0,0.0,False,1,False,False
R3694,R3694,U93,U93,I350,I350,1,1,7.75,LOW,20.0,0.0,25.0,0.0,0.0,4,15.0,5.0,False,2,False,False
R3695,R3695,U979,U979,I186,I186,1,1,9.25,LOW,20.0,25.0,15.0,0.0,0.0,4,10.0,5.0,False,2,False,False
R3696,R3696,U525,U525,I58,I58,5,5,7.75,LOW,20.0,0.0,25.0,0.0,0.0,3,15.0,5.0,False,2,False,False
R3697,R3697,U705,U705,I275,I275,3,3,6.0,LOW,0.0,0.0,25.0,0.0,0.0,3,15.0,0.0,False,1,False,False
R3698,R3698,U131,U131,I65,I65,4,4,2.25,LOW,0.0,0.0,15.0,0.0,0.0,2,0.0,0.0,False,0,False,False
R3699,R3699,U212,U212,I353,I353,1,1,3.25,LOW,20.0,0.0,15.0,0.0,0.0,4,0.0,0.0,False,1,False,False
R3700,R3700,U214,U214,I214,I214,1,1,1.0,LOW,20.0,0.0,0.0,0.0,0.0,3,0.0,0.0,False,1,False,False
R3701,R3701,U137,U137,I66,I66,2,2,2.25,LOW,0.0,0.0,15.0,0.0,0.0,2,0.0,0.0,False,0,False,False
R3702,R3702,U39,U39,I78,I78,5,5,5.5,LOW,20.0,15.0,15.0,0.0,0.0,3,0.0,0.0,False,1,False,False
R3703,R3703,U2,U2,I361,I361,2,2,2.25,LOW,0.0,0.0,15.0,0.0,0.0,4,0.0,0.0,False,0,False,False
R3704,R3704,U278,U278,I349,I349,2,2,2.25,LOW,0.0,0.0,15.0,0.0,0.0,3,0.0,0.0,False,0,False,False
R3705,R3705,U281,U281,I101,I101,4,4,6.0,LOW,0.0,0.0,25.0,0.0,0.0,2,15.0,0.0,False,1,False,False
R3706,R3706,U826,U826,I104,I104,5,5,7.75,LOW,20.0,0.0,25.0,0.0,0.0,2,15.0,5.0,False,2,False,False
R3707,R3707,U445,U445,I392,I392,5,5,9.25,LOW,20.0,10.0,25.0,0.0,0.0,4,15.0,5.0,False,2,False,False
R3708,R3708,U869,U869,I489,I489,5,5,9.25,LOW,20.0,25.0,15.0,0.0,0.0,3,10.0,5.0,False,2,False,False
R3709,R3709,U885,U885,I310,I310,1,1,3.25,LOW,20.0,0.0,15.0,0.0,0.0,1,0.0,0.0,False,1,False,False
R3710,R3710,U726,U726,I202,I202,2,2,6.0,LOW,0.0,0.0,25.0,0.0,0.0,3,15.0,0.0,False,1,False,False
R3711,R3711,U432,U432,I430,I430,4,4,6.0,LOW,0.0,0.0,25.0,0.0,0.0,2,15.0,0.0,False,1,False,False
R3712,R3712,U394,U394,I428,I428,5,5,3.25,LOW,20.0,0.0,15.0,0.0,0.0,2,0.0,0.0,False,1,False,False
R3713,R3713,U744,U744,I346,I346,3,3,15.5,LOW,0.0,0.0,25.0,20.0,30.0,5,15.0,0.0,False,1,False,False
R3714,R3714,U254,U254,I105,I105,1,1,3.25,LOW,20.0,0.0,15.0,0.0,0.0,2,0.0,0.0,False,1,False,False
R3715,R3715,U382,U382,I142,I142,3,3,6.0,LOW,0.0,0.0,25.0,0.0,0.0,4,15.0,0.0,False,1,False,False
R3716,R3716,U965,U965,I9,I9,4,4,2.25,LOW,0.0,0.0,15.0,0.0,0.0,1,0.0,0.0,False,0,False,False
R3717,R3717,U446,U446,I200,I200,3,3,25.25,LOW,0.0,0.0,25.0,20.0,45.0,7,40.0,15.0,False,3,False,False
R3718,R3718,U475,U475,I2,I2,1,1,7.75,LOW,20.0,0.0,25.0,0.0,0.0,4,15.0,5.0,False,2,False,False
R3719,R3719,U559,U559,I147,I147,3,3,8.25,LOW,0.0,15.0,25.0,0.0,0.0,4,15.0,0.0,False,1,False,False
R3720,R3720,U339,U339,I282,I282,1,1,3.25,LOW,20.0,0.0,15.0,0.0,0.0,4,0.0,0.0,False,1,False,False
R3721,R3721,U337,U337,I373,I373,1,1,7.75,LOW,20.0,0.0,25.0,0.0,0.0,3,15.0,5.0,False,2,False,False
R3722,R3722,U416,U416,I153,I153,2,2,8.25,LOW,0.0,0.0,40.0,0.0,0.0,1,15.0,0.0,False,1,False,False
R3723,R3723,U968,U968,I211,I211,2,2,11.75,LOW,0.0,0.0,15.0,20.0,30.0,6,0.0,0.0,False,0,False,False
R3724,R3724,U3,U3,I300,I300,2,2,6.0,LOW,0.0,0.0,25.0,0.0,0.0,3,15.0,0.0,False,1,False,False
R3725,R3725,U98,U98,I60,I60,3,3,15.5,LOW,0.0,0.0,25.0,20.0,30.0,5,15.0,0.0,False,1,False,False
R3726,R3726,U325,U325,I418,I418,1,1,3.25,LOW,20.0,0.0,15.0,0.0,0.0,2,0.0,0.0,False,1,False,False
R3727,R3727,U624,U624,I493,I493,4,4,2.25,LOW,0.0,0.0,15.0,0.0,0.0,3,0.0,0.0,False,0,False,False
R3728,R3728,U586,U586,I361,I361,4,4,2.25,LOW,0.0,0.0,15.0,0.0,0.0,1,0.0,0.0,False,0,False,False
R3729,R3729,U748,U748,I368,I368,2,2,6.0,LOW,0.0,0.0,25.0,0.0,0.0,4,15.0,0.0,False,1,False,False
R3730,R3730,U337,U337,I428,I428,2,2,2.25,LOW,0.0,0.0,15.0,0.0,0.0,2,0.0,0.0,False,0,False,False
R3731,R3731,U339,U339,I190,I190,2,2,2.25,LOW,0.0,0.0,15.0,0.0,0.0,3,0.0,0.0,False,0,False,False
R3732,R3732,U250,U250,I356,I356,2,2,0.0,LOW,0.0,0.0,0.0,0.0,0.0,2,0.0,0.0,False,0,False,False
R3733,R3733,U676,U676,I406,I406,5,5,4.75,LOW,20.0,10.0,15.0,0.0,0.0,1,0.0,0.0,False,1,False,False
R3734,R3734,U332,U332,I257,I257,5,5,3.25,LOW,20.0,0.0,15.0,0.0,0.0,3,0.0,0.0,False,1,False,False
R3735,R3735,U466,U466,I331,I331,4,4,13.25,LOW,0.0,10.0,15.0,20.0,30.0,5,0.0,0.0,False,0,False,False
R3736,R3736,U311,U311,I120,I120,3,3,2.25,LOW,0.0,0.0,15.0,0.0,0.0,3,0.0,0.0,False,0,False,False
R3737,R3737,U757,U757,I29,I29,3,3,2.25,LOW,0.0,0.0,15.0,0.0,0.0,3,0.0,0.0,False,0,False,False
R3738,R3738,U414,U414,I89,I89,3,3,4.5,LOW,0.0,15.0,15.0,0.0,0.0,3,0.0,0.0,False,0,False,False
R3739,R3739,U891,U891,I346,I346,2,2,6.0,LOW,0.0,0.0,25.0,0.0,0.0,3,15.0,0.0,False,1,False,False
R3740,R3740,U372,U372,I23,I23,1,1,3.25,LOW,20.0,0.0,15.0,0.0,0.0,3,0.0,0.0,False,1,False,False
R3741,R3741,U118,U118,I468,I468,3,3,6.0,LOW,0.0,0.0,25.0,0.0,0.0,4,15.0,0.0,False,1,False,False
R3742,R3742,U836,U836,I166,I166,3,3,2.25,LOW,0.0,0.0,15.0,0.0,0.0,1,0.0,0.0,False,0,False,False
R3743,R3743,U702,U702,I222,I222,2,2,6.0,LOW,0.0,0.0,25.0,0.0,0.0,4,15.0,0.0,False,1,False,False
R3744,R3744,U456,U456,I360,I360,5,5,5.5,LOW,20.0,15.0,15.0,0.0,0.0,1,0.0,0.0,False,1,False,False
R3745,R3745,U551,U551,I90,I90,4,4,6.0,LOW,0.0,0.0,25.0,0.0,0.0,4,15.0,0.0,False,1,False,False
R3746,R3746,U226,U226,I42,I42,4,4,6.0,LOW,0.0,0.0,25.0,0.0,0.0,3,15.0,0.0,False,1,False,False
R3747,R3747,U544,U544,I300,I300,1,1,7.75,LOW,20.0,0.0,25.0,0.0,0.0,3,15.0,5.0,False,2,False,False
R3748,R3748,U20,U20,I130,I130,3,3,2.25,LOW,0.0,0.0,15.0,0.0,0.0,4,0.0,0.0,False,0,False,False
R3749,R3749,U912,U912,I408,I408,5,5,7.75,LOW,20.0,0.0,25.0,0.0,0.0,4,15.0,5.0,False,2,False,False
R3750,R3750,U723,U723,I388,I388,5,5,3.25,LOW,20.0,0.0,15.0,0.0,0.0,4,0.0,0.0,False,1,False,False
R3751,R3751,U120,U120,I428,I428,5,5,3.25,LOW,20.0,0.0,15.0,0.0,0.0,2,0.0,0.0,False,1,False,False
R3752,R3752,U69,U69,I409,I409,3,3,25.25,LOW,0.0,0.0,25.0,20.0,45.0,7,40.0,15.0,False,3,False,False
R3753,R3753,U182,U182,I311,I311,2,2,6.0,LOW,0.0,0.0,25.0,0.0,0.0,3,15.0,0.0,False,1,False,False
R3754,R3754,U980,U980,I359,I359,3,3,15.5,LOW,0.0,0.0,25.0,20.0,30.0,5,15.0,0.0,False,1,False,False
R3755,R3755,U786,U786,I151,I151,3,3,2.25,LOW,0.0,0.0,15.0,0.0,0.0,4,0.0,0.0,False,0,False,False
R3756,R3756,U900,U900,I92,I92,1,1,9.25,LOW,20.0,10.0,25.0,0.0,0.0,4,15.0,5.0,False,2,False,False
R3757,R3757,U754,U754,I406,I406,3,3,2.25,LOW,0.0,0.0,15.0,0.0,0.0,3,0.0,0.0,False,0,False,False
R3758,R3758,U416,U416,I226,I226,3,3,11.75,LOW,0.0,0.0,15.0,20.0,30.0,5,0.0,0.0,False,0,False,False
R3759,R3759,U507,U507,I306,I306,5,5,5.5,LOW,20.0,15.0,15.0,0.0,0.0,4,0.0,0.0,False,1,False,False
R3760,R3760,U109,U109,I348,I348,2,2,6.0,LOW,0.0,0.0,25.0,0.0,0.0,2,15.0,0.0,False,1,False,False
R3761,R3761,U606,U606,I408,I408,5,5,16.25,LOW,20.0,0.0,25.0,40.0,0.0,4,35.0,15.0,False,3,False,False
R3762,R3762,U18,U18,I362,I362,3,3,0.0,LOW,0.0,0.0,0.0,0.0,0.0,1,0.0,0.0,False,0,False,False
R3763,R3763,U339,U339,I239,I239,4,4,2.25,LOW,0.0,0.0,15.0,0.0,0.0,2,0.0,0.0,False,0,False,False
R3764,R3764,U452,U452,I447,I447,3,3,2.25,LOW,0.0,0.0,15.0,0.0,0.0,2,0.0,0.0,False,0,False,False
R3765,R3765,U785,U785,I444,I444,1,1,1.0,LOW,20.0,0.0,0.0,0.0,0.0,2,0.0,0.0,False,1,False,False
R3766,R3766,U398,U398,I0,I0,5,5,1.0,LOW,20.0,0.0,0.0,0.0,0.0,3,0.0,0.0,False,1,False,False
R3767,R3767,U913,U913,I434,I434,3,3,2.25,LOW,0.0,0.0,15.0,0.0,0.0,1,0.0,0.0,False,0,False,False
R3768,R3768,U584,U584,I237,I237,1,1,9.25,LOW,20.0,10.0,25.0,0.0,0.0,3,15.0,5.0,False,2,False,False
R3769,R3769,U111,U111,I449,I449,3,3,4.5,LOW,0.0,15.0,15.0,0.0,0.0,3,0.0,0.0,False,0,False,False
R3770,R3770,U950,U950,I493,I493,2,2,2.25,LOW,0.0,0.0,15.0,0.0,0.0,2,0.0,0.0,False,0,False,False
R3771,R3771,U119,U119,I397,I397,2,2,2.25,LOW,0.0,0.0,15.0,0.0,0.0,2,0.0,0.0,False,0,False,False
R3772,R3772,U388,U388,I363,I363,5,5,7.75,LOW,20.0,0.0,25.0,0.0,0.0,2,15.0,5.0,False,2,False,False
R3773,R3773,U795,U795,I192,I192,1,1,3.25,LOW,20.0,0.0,15.0,0.0,0.0,4,0.0,0.0,False,1,False,False
R3774,R3774,U937,U937,I263,I263,2,2,2.25,LOW,0.0,0.0,15.0,0.0,0.0,2,0.0,0.0,False,0,False,False
R3775,R3775,U469,U469,I221,I221,1,1,10.0,LOW,20.0,15.0,25.0,0.0,0.0,1,15.0,5.0,False,2,False,False
R3776,R3776,U687,U687,I259,I259,5,5,3.25,LOW,20.0,15.0,0.0,0.0,0.0,3,0.0,0.0,False,1,False,False
R3777,R3777,U600,U600,I316,I316,2,2,6.0,LOW,0.0,0.0,25.0,0.0,0.0,4,15.0,0.0,False,1,False,False
R3778,R3778,U703,U703,I471,I471,4,4,0.0,LOW,0.0,0.0,0.0,0.0,0.0,2,0.0,0.0,False,0,False,False
R3779,R3779,U399,U399,I462,I462,1,1,1.0,LOW,20.0,0.0,0.0,0.0,0.0,2,0.0,0.0,False,1,False,False
R3780,R3780,U119,U119,I382,I382,2,2,2.25,LOW,0.0,0.0,15.0,0.0,0.0,3,0.0,0.0,False,0,False,False
R3781,R3781,U857,U857,I292,I292,5,5,7.75,LOW,20.0,0.0,25.0,0.0,0.0,2,15.0,5.0,False,2,False,False
R3782,R3782,U654,U654,I245,I245,5,5,17.25,LOW,20.0,0.0,25.0,20.0,30.0,5,15.0,5.0,False,2,False,False
R3783,R3783,U129,U129,I238,I238,1,1,7.75,LOW,20.0,0.0,25.0,0.0,0.0,3,15.0,5.0,False,2,False,False
R3784,R3784,U928,U928,I475,I475,3,3,0.0,LOW,0.0,0.0,0.0,0.0,0.0,1,0.0,0.0,False,0,False,False
R3785,R3785,U403,U403,I478,I478,1,1,1.0,LOW,20.0,0.0,0.0,0.0,0.0,4,0.0,0.0,False,1,False,False
R3786,R3786,U216,U216,I266,I266,4,4,2.25,LOW,0.0,0.0,15.0,0.0,0.0,1,0.0,0.0,False,0,False,False
R3787,R3787,U553,U553,I451,I451,5,5,3.25,LOW,20.0,15.0,0.0,0.0,0.0,2,0.0,0.0,False,1,False,False
R3788,R3788,U361,U361,I451,I451,2,2,0.0,LOW,0.0,0.0,0.0,0.0,0.0,1,0.0,0.0,False,0,False,False
R3789,R3789,U374,U374,I375,I375,5,5,3.25,LOW,20.0,15.0,0.0,0.0,0.0,1,0.0,0.0,False,1,False,False
R3790,R3790,U524,U524,I203,I203,5,5,17.25,LOW,20.0,0.0,25.0,20.0,30.0,5,15.0,5.0,False,2,False,False
R3791,R3791,U107,U107,I279,I279,3,3,2.25,LOW,0.0,0.0,15.0,0.0,0.0,2,0.0,0.0,False,0,False,False
R3792,R3792,U992,U992,I294,I294,4,4,2.25,LOW,0.0,0.0,15.0,0.0,0.0,1,0.0,0.0,False,0,False,False
R3793,R3793,U713,U713,I124,I124,1,1,3.25,LOW,20.0,0.0,15.0,0.0,0.0,3,0.0,0.0,False,1,False,False
R3794,R3794,U931,U931,I459,I459,5,5,5.5,LOW,20.0,15.0,15.0,0.0,0.0,1,0.0,0.0,False,1,False,False
R3795,R3795,U660,U660,I2,I2,4,4,6.0,LOW,0.0,0.0,25.0,0.0,0.0,4,15.0,0.0,False,1,False,False
R3796,R3796,U508,U508,I300,I300,3,3,6.0,LOW,0.0,0.0,25.0,0.0,0.0,4,15.0,0.0,False,1,False,False
R3797,R3797,U596,U596,I313,I313,3,3,3.75,LOW,0.0,10.0,15.0,0.0,0.0,3,0.0,0.0,False,0,False,False
R3798,R3798,U320,U320,I236,I236,3,3,6.0,LOW,0.0,0.0,25.0,0.0,0.0,3,15.0,0.0,False,1,False,False
R3799,R3799,U283,U283,I56,I56,1,1,7.75,LOW,20.0,0.0,25.0,0.0,0.0,4,15.0,5.0,False,2,False,False
R3800,R3800,U412,U412,I297,I297,2,2,7.5,LOW,0.0,10.0,25.0,0.0,0.0,2,15.0,0.0,False,1,False,False
R3801,R3801,U436,U436,I69,I69,4,4,2.25,LOW,0.0,0.0,15.0,0.0,0.0,2,0.0,0.0,False,0,False,False
R3802,R3802,U789,U789,I474,I474,3,3,6.0,LOW,0.0,0.0,25.0,0.0,0.0,3,15.0,0.0,False,1,False,False
R3803,R3803,U669,U669,I118,I118,3,3,2.25,LOW,0.0,0.0,15.0,0.0,0.0,1,0.0,0.0,False,0,False,False
R3804,R3804,U850,U850,I181,I181,5,5,12.75,LOW,20.0,0.0,15.0,20.0,30.0,6,0.0,0.0,False,1,False,False
R3805,R3805,U705,U705,I200,I200,1,1,7.75,LOW,20.0,0.0,25.0,0.0,0.0,3,15.0,5.0,False,2,False,False
R3806,R3806,U265,U265,I127,I127,3,3,2.25,LOW,0.0,0.0,15.0,0.0,0.0,1,0.0,0.0,False,0,False,False
R3807,R3807,U667,U667,I470,I470,5,5,7.75,LOW,20.0,0.0,25.0,0.0,0.0,2,15.0,5.0,False,2,False,False
R3808,R3808,U943,U943,I312,I312,5,5,1.0,LOW,20.0,0.0,0.0,0.0,0.0,3,0.0,0.0,False,1,False,False
R3809,R3809,U977,U977,I320,I320,5,5,25.5,LOW,20.0,30.0,30.0,20.0,30.0,6,25.0,15.0,False,3,False,False
R3810,R3810,U55,U55,I236,I236,5,5,7.75,LOW,20.0,0.0,25.0,0.0,0.0,2,15.0,5.0,False,2,False,False
R3811,R3811,U801,U801,I293,I293,4,4,6.0,LOW,0.0,0.0,25.0,0.0,0.0,4,15.0,0.0,False,1,False,False
R3812,R3812,U518,U518,I437,I437,3,3,1.5,LOW,0.0,10.0,0.0,0.0,0.0,1,0.0,0.0,False,0,False,False
R3813,R3813,U519,U519,I387,I387,2,2,2.25,LOW,0.0,0.0,15.0,0.0,0.0,1,0.0,0.0,False,0,False,False
R3814,R3814,U508,U508,I168,I168,4,4,2.25,LOW,0.0,0.0,15.0,0.0,0.0,1,0.0,0.0,False,0,False,False
R3815,R3815,U816,U816,I282,I282,1,1,3.25,LOW,20.0,0.0,15.0,0.0,0.0,4,0.0,0.0,False,1,False,False
R3816,R3816,U488,U488,I269,I269,3,3,2.25,LOW,0.0,0.0,15.0,0.0,0.0,4,0.0,0.0,False,0,False,False
R3817,R3817,U313,U313,I346,I346,1,1,7.75,LOW,20.0,0.0,25.0,0.0,0.0,4,15.0,5.0,False,2,False,False
R3818,R3818,U861,U861,I489,I489,2,2,2.25,LOW,0.0,0.0,15.0,0.0,0.0,4,0.0,0.0,False,0,False,False
R3819,R3819,U453,U453,I333,I333,1,1,3.25,LOW,20.0,0.0,15.0,0.0,0.0,1,0.0,0.0,False,1,False,False
R3820,R3820,U860,U860,I238,I238,4,4,6.0,LOW,0.0,0.0,25.0,0.0,0.0,3,15.0,0.0,False,1,False,False
R3821,R3821,U96,U96,I450,I450,2,2,2.25,LOW,0.0,0.0,15.0,0.0,0.0,4,0.0,0.0,False,0,False,False
R3822,R3822,U673,U673,I13,I13,1,1,5.5,LOW,20.0,15.0,15.0,0.0,0.0,3,0.0,0.0,False,1,False,False
R3823,R3823,U520,U520,I273,I273,2,2,6.0,LOW,0.0,0.0,25.0,0.0,0.0,2,15.0,0.0,False,1,False,False
R3824,R3824,U597,U597,I80,I80,2,2,6.0,LOW,0.0,0.0,25.0,0.0,0.0,3,15.0,0.0,False,1,False,False
R3825,R3825,U202,U202,I366,I366,5,5,7.75,LOW,20.0,0.0,25.0,0.0,0.0,3,15.0,5.0,False,2,False,False
R3826,R3826,U289,U289,I6,I6,2,2,17.0,LOW,0.0,10.0,25.0,20.0,30.0,5,15.0,0.0,False,1,False,False
R3827,R3827,U418,U418,I297,I297,5,5,7.75,LOW,20.0,0.0,25.0,0.0,0.0,3,15.0,5.0,False,2,False,False
R3828,R3828,U348,U348,I66,I66,5,5,3.25,LOW,20.0,0.0,15.0,0.0,0.0,3,0.0,0.0,False,1,False,False
R3829,R3829,U698,U698,I392,I392,1,1,17.25,LOW,20.0,0.0,25.0,20.0,30.0,5,15.0,5.0,False,2,False,False
R3830,R3830,U191,U191,I114,I114,1,1,18.75,LOW,20.0,10.0,25.0,20.0,30.0,5,15.0,5.0,False,2,False,False
R3831,R3831,U952,U952,I420,I420,4,4,2.25,LOW,0.0,0.0,15.0,0.0,0.0,2,0.0,0.0,False,0,False,False
R3832,R3832,U200,U200,I81,I81,4,4,15.5,LOW,0.0,0.0,25.0,20.0,30.0,5,15.0,0.0,False,1,False,False
R3833,R3833,U321,U321,I355,I355,3,3,25.25,LOW,0.0,0.0,25.0,20.0,45.0,7,40.0,15.0,False,3,False,False
R3834,R3834,U291,U291,I319,I319,4,4,6.75,LOW,0.0,0.0,30.0,0.0,0.0,1,15.0,0.0,False,1,False,False
R3835,R3835,U268,U268,I304,I304,1,1,3.25,LOW,20.0,0.0,15.0,0.0,0.0,4,0.0,0.0,False,1,False,False
R3836,R3836,U143,U143,I495,I495,2,2,2.25,LOW,0.0,0.0,15.0,0.0,0.0,3,0.0,0.0,False,0,False,False
R3837,R3837,U274,U274,I246,I246,4,4,6.0,LOW,0.0,0.0,25.0,0.0,0.0,1,15.0,0.0,False,1,False,False
R3838,R3838,U299,U299,I217,I217,5,5,12.75,LOW,20.0,0.0,15.0,20.0,30.0,5,0.0,0.0,False,1,False,False
R3839,R3839,U907,U907,I17,I17,5,5,1.0,LOW,20.0,0.0,0.0,0.0,0.0,4,0.0,0.0,False,1,False,False
R3840,R3840,U727,U727,I182,I182,3,3,6.0,LOW,0.0,0.0,25.0,0.0,0.0,4,15.0,0.0,False,1,False,False
R3841,R3841,U352,U352,I355,I355,4,4,7.5,LOW,0.0,10.0,25.0,0.0,0.0,2,15.0,0.0,False,1,False,False
R3842,R3842,U935,U935,I76,I76,1,1,12.75,LOW,20.0,0.0,15.0,20.0,30.0,6,0.0,0.0,False,1,False,False
R3843,R3843,U420,U420,I58,I58,4,4,15.5,LOW,0.0,0.0,25.0,20.0,30.0,6,15.0,0.0,False,1,False,False
R3844,R3844,U75,U75,I99,I99,4,4,3.75,LOW,0.0,10.0,15.0,0.0,0.0,2,0.0,0.0,False,0,False,False
R3845,R3845,U271,U271,I479,I479,3,3,2.25,LOW,0.0,0.0,15.0,0.0,0.0,2,0.0,0.0,False,0,False,False
R3846,R3846,U280,U280,I409,I409,4,4,8.25,LOW,0.0,15.0,25.0,0.0,0.0,2,15.0,0.0,False,1,False,False
R3847,R3847,U113,U113,I392,I392,2,2,6.0,LOW,0.0,0.0,25.0,0.0,0.0,2,15.0,0.0,False,1,False,False
R3848,R3848,U564,U564,I288,I288,2,2,0.0,LOW,0.0,0.0,0.0,0.0,0.0,3,0.0,0.0,False,0,False,False
R3849,R3849,U611,U611,I47,I47,2,2,6.0,LOW,0.0,0.0,25.0,0.0,0.0,4,15.0,0.0,False,1,False,False
R3850,R3850,U693,U693,I374,I374,1,1,5.5,LOW,20.0,15.0,15.0,0.0,0.0,3,0.0,0.0,False,1,False,False
R3851,R3851,U332,U332,I15,I15,4,4,6.0,LOW,0.0,0.0,25.0,0.0,0.0,1,15.0,0.0,False,1,False,False
R3852,R3852,U414,U414,I52,I52,2,2,8.25,LOW,0.0,15.0,25.0,0.0,0.0,4,15.0,0.0,False,1,False,False
R3853,R3853,U890,U890,I76,I76,5,5,3.25,LOW,20.0,0.0,15.0,0.0,0.0,1,0.0,0.0,False,1,False,False
R3854,R3854,U242,U242,I335,I335,1,1,7.75,LOW,20.0,0.0,25.0,0.0,0.0,4,15.0,5.0,False,2,False,False
R3855,R3855,U395,U395,I151,I151,3,3,3.75,LOW,0.0,10.0,15.0,0.0,0.0,4,0.0,0.0,False,0,False,False
R3856,R3856,U570,U570,I355,I355,3,3,25.25,LOW,0.0,0.0,25.0,20.0,45.0,7,40.0,15.0,False,3,False,False
R3857,R3857,U687,U687,I2,I2,3,3,8.25,LOW,0.0,15.0,25.0,0.0,0.0,1,15.0,0.0,False,1,False,False
R3858,R3858,U378,U378,I165,I165,3,3,2.25,LOW,0.0,0.0,15.0,0.0,0.0,2,0.0,0.0,False,0,False,False
R3859,R3859,U340,U340,I26,I26,2,2,7.5,LOW,0.0,10.0,25.0,0.0,0.0,2,15.0,0.0,False,1,False,False
R3860,R3860,U217,U217,I361,I361,3,3,2.25,LOW,0.0,0.0,15.0,0.0,0.0,2,0.0,0.0,False,0,False,False
R3861,R3861,U6,U6,I255,I255,4,4,0.0,LOW,0.0,0.0,0.0,0.0,0.0,1,0.0,0.0,False,0,False,False
R3862,R3862,U786,U786,I275,I275,5,5,7.75,LOW,20.0,0.0,25.0,0.0,0.0,4,15.0,5.0,False,2,False,False
R3863,R3863,U319,U319,I472,I472,2,2,6.0,LOW,0.0,0.0,25.0,0.0,0.0,2,15.0,0.0,False,1,False,False
R3864,R3864,U661,U661,I70,I70,4,4,2.25,LOW,0.0,0.0,15.0,0.0,0.0,2,0.0,0.0,False,0,False,False
R3865,R3865,U878,U878,I98,I98,5,5,3.25,LOW,20.0,0.0,15.0,0.0,0.0,3,0.0,0.0,False,1,False,False
R3866,R3866,U615,U615,I31,I31,3,3,6.0,LOW,0.0,0.0,25.0,0.0,0.0,2,15.0,0.0,False,1,False,False
R3867,R3867,U843,U843,I210,I210,1,1,3.25,LOW,20.0,0.0,15.0,0.0,0.0,2,0.0,0.0,False,1,False,False
R3868,R3868,U532,U532,I91,I91,2,2,1.5,LOW,0.0,10.0,0.0,0.0,0.0,2,0.0,0.0,False,0,False,False
R3869,R3869,U579,U579,I193,I193,2,2,11.75,LOW,0.0,0.0,15.0,20.0,30.0,5,0.0,0.0,False,0,False,False
R3870,R3870,U911,U911,I475,I475,5,5,2.5,LOW,20.0,10.0,0.0,0.0,0.0,3,0.0,0.0,False,1,False,False
R3871,R3871,U188,U188,I484,I484,2,2,6.0,LOW,0.0,0.0,25.0,0.0,0.0,4,15.0,0.0,False,1,False,False
R3872,R3872,U63,U63,I288,I288,4,4,1.5,LOW,0.0,10.0,0.0,0.0,0.0,2,0.0,0.0,False,0,False,False
R3873,R3873,U971,U971,I172,I172,1,1,3.25,LOW,20.0,0.0,15.0,0.0,0.0,2,0.0,0.0,False,1,False,False
R3874,R3874,U106,U106,I234,I234,5,5,10.0,LOW,20.0,15.0,25.0,0.0,0.0,3,15.0,5.0,False,2,False,False
R3875,R3875,U442,U442,I329,I329,4,4,3.75,LOW,0.0,10.0,15.0,0.0,0.0,2,0.0,0.0,False,0,False,False
R3876,R3876,U939,U939,I369,I369,1,1,3.25,LOW,20.0,0.0,15.0,0.0,0.0,1,0.0,0.0,False,1,False,False
R3877,R3877,U694,U694,I55,I55,2,2,2.25,LOW,0.0,0.0,15.0,0.0,0.0,2,0.0,0.0,False,0,False,False
R3878,R3878,U57,U57,I106,I106,5,5,7.75,LOW,20.0,0.0,25.0,0.0,0.0,1,15.0,5.0,False,2,False,False
R3879,R3879,U258,U258,I158,I158,5,5,12.75,LOW,20.0,0.0,15.0,20.0,30.0,5,0.0,0.0,False,1,False,False
R3880,R3880,U468,U468,I223,I223,5,5,7.75,LOW,20.0,0.0,25.0,0.0,0.0,3,15.0,5.0,False,2,False,False
R3881,R3881,U915,U915,I83,I83,1,1,15.25,LOW,20.0,30.0,25.0,0.0,0.0,2,25.0,15.0,False,3,False,False
R3882,R3882,U186,U186,I372,I372,1,1,3.25,LOW,20.0,0.0,15.0,0.0,0.0,4,0.0,0.0,False,1,False,False
R3883,R3883,U664,U664,I99,I99,2,2,3.75,LOW,0.0,10.0,15.0,0.0,0.0,2,0.0,0.0,False,0,False,False
R3884,R3884,U702,U702,I418,I418,2,2,2.25,LOW,0.0,0.0,15.0,0.0,0.0,4,0.0,0.0,False,0,False,False
R3885,R3885,U752,U752,I325,I325,1,1,3.25,LOW,20.0,0.0,15.0,0.0,0.0,4,0.0,0.0,False,1,False,False
R3886,R3886,U610,U610,I80,I80,5,5,17.25,LOW,20.0,0.0,25.0,20.0,30.0,6,15.0,5.0,False,2,False,False
R3887,R3887,U801,U801,I332,I332,5,5,3.25,LOW,20.0,0.0,15.0,0.0,0.0,2,0.0,0.0,False,1,False,False
R3888,R3888,U115,U115,I1,I1,3,3,6.0,LOW,0.0,0.0,25.0,0.0,0.0,4,15.0,0.0,False,1,False,False
R3889,R3889,U25,U25,I245,I245,1,1,7.75,LOW,20.0,0.0,25.0,0.0,0.0,4,15.0,5.0,False,2,False,False
R3890,R3890,U177,U177,I470,I470,4,4,6.0,LOW,0.0,0.0,25.0,0.0,0.0,3,15.0,0.0,False,1,False,False
R3891,R3891,U886,U886,I28,I28,5,5,3.25,LOW,20.0,0.0,15.0,0.0,0.0,1,0.0,0.0,False,1,False,False
R3892,R3892,U905,U905,I74,I74,5,5,4.75,LOW,20.0,10.0,15.0,0.0,0.0,2,0.0,0.0,False,1,False,False
R3893,R3893,U668,U668,I237,I237,4,4,6.0,LOW,0.0,0.0,25.0,0.0,0.0,3,15.0,0.0,False,1,False,False
R3894,R3894,U286,U286,I93,I93,4,4,2.25,LOW,0.0,0.0,15.0,0.0,0.0,2,0.0,0.0,False,0,False,False
R3895,R3895,U323,U323,I146,I146,5,5,7.75,LOW,20.0,0.0,25.0,0.0,0.0,4,15.0,5.0,False,2,False,False
R3896,R3896,U331,U331,I251,I251,5,5,10.0,LOW,20.0,15.0,25.0,0.0,0.0,3,15.0,5.0,False,2,False,False
R3897,R3897,U910,U910,I227,I227,2,2,3.75,LOW,0.0,10.0,15.0,0.0,0.0,4,0.0,0.0,False,0,False,False
R3898,R3898,U955,U955,I74,I74,1,1,3.25,LOW,20.0,0.0,15.0,0.0,0.0,1,0.0,0.0,False,1,False,False
R3899,R3899,U198,U198,I77,I77,2,2,2.25,LOW,0.0,0.0,15.0,0.0,0.0,3,0.0,0.0,False,0,False,False
R3900,R3900,U676,U676,I265,I265,1,1,4.75,LOW,20.0,10.0,15.0,0.0,0.0,3,0.0,0.0,False,1,False,False
R3901,R3901,U171,U171,I215,I215,5,5,7.75,LOW,20.0,0.0,25.0,0.0,0.0,3,15.0,5.0,False,2,False,False
R3902,R3902,U54,U54,I461,I461,3,3,2.25,LOW,0.0,0.0,15.0,0.0,0.0,2,0.0,0.0,False,0,False,False
R3903,R3903,U425,U425,I360,I360,4,4,2.25,LOW,0.0,0.0,15.0,0.0,0.0,2,0.0,0.0,False,0,False,False
R3904,R3904,U515,U515,I296,I296,3,3,15.5,LOW,0.0,0.0,25.0,20.0,30.0,5,15.0,0.0,False,1,False,False
R3905,R3905,U758,U758,I451,I451,3,3,0.0,LOW,0.0,0.0,0.0,0.0,0.0,1,0.0,0.0,False,0,False,False
R3906,R3906,U418,U418,I6,I6,5,5,7.75,LOW,20.0,0.0,25.0,0.0,0.0,4,15.0,5.0,False,2,False,False
R3907,R3907,U838,U838,I354,I354,1,1,3.25,LOW,20.0,0.0,15.0,0.0,0.0,3,0.0,0.0,False,1,False,False
R3908,R3908,U436,U436,I453,I453,3,3,15.5,LOW,0.0,0.0,25.0,20.0,30.0,5,15.0,0.0,False,1,False,False
R3909,R3909,U159,U159,I355,I355,3,3,25.25,LOW,0.0,0.0,25.0,20.0,45.0,7,40.0,15.0,False,3,False,False
R3910,R3910,U181,U181,I185,I185,4,4,2.25,LOW,0.0,0.0,15.0,0.0,0.0,4,0.0,0.0,False,0,False,False
R3911,R3911,U463,U463,I281,I281,4,4,2.25,LOW,0.0,0.0,15.0,0.0,0.0,3,0.0,0.0,False,0,False,False
R3912,R3912,U256,U256,I240,I240,4,4,0.0,LOW,0.0,0.0,0.0,0.0,0.0,3,0.0,0.0,False,0,False,False
R3913,R3913,U927,U927,I274,I274,3,3,2.25,LOW,0.0,0.0,15.0,0.0,0.0,2,0.0,0.0,False,0,False,False
R3914,R3914,U452,U452,I1,I1,5,5,7.75,LOW,20.0,0.0,25.0,0.0,0.0,4,15.0,5.0,False,2,False,False
R3915,R3915,U426,U426,I162,I162,4,4,2.25,LOW,0.0,0.0,15.0,0.0,0.0,4,0.0,0.0,False,0,False,False
R3916,R3916,U469,U469,I397,I397,1,1,5.5,LOW,20.0,15.0,15.0,0.0,0.0,3,0.0,0.0,False,1,False,False
R3917,R3917,U88,U88,I72,I72,5,5,3.25,LOW,20.0,0.0,15.0,0.0,0.0,4,0.0,0.0,False,1,False,False
R3918,R3918,U512,U512,I310,I310,4,4,2.25,LOW,0.0,0.0,15.0,0.0,0.0,4,0.0,0.0,False,0,False,False
R3919,R3919,U558,U558,I156,I156,2,2,6.0,LOW,0.0,0.0,25.0,0.0,0.0,4,15.0,0.0,False,1,False,False
R3920,R3920,U534,U534,I31,I31,5,5,7.75,LOW,20.0,0.0,25.0,0.0,0.0,3,15.0,5.0,False,2,False,False
R3921,R3921,U524,U524,I407,I407,2,2,2.25,LOW,0.0,0.0,15.0,0.0,0.0,1,0.0,0.0,False,0,False,False
R3922,R3922,U703,U703,I368,I368,1,1,17.25,LOW,20.0,0.0,25.0,20.0,30.0,5,15.0,5.0,False,2,False,False
R3923,R3923,U659,U659,I387,I387,4,4,2.25,LOW,0.0,0.0,15.0,0.0,0.0,3,0.0,0.0,False,0,False,False
R3924,R3924,U122,U122,I224,I224,1,1,9.25,LOW,20.0,25.0,15.0,0.0,0.0,3,10.0,5.0,False,2,False,False
R3925,R3925,U349,U349,I100,I100,4,4,6.0,LOW,0.0,0.0,25.0,0.0,0.0,2,15.0,0.0,False,1,False,False
R3926,R3926,U660,U660,I264,I264,4,4,2.25,LOW,0.0,0.0,15.0,0.0,0.0,2,0.0,0.0,False,0,False,False
R3927,R3927,U342,U342,I198,I198,4,4,8.25,LOW,0.0,15.0,25.0,0.0,0.0,2,15.0,0.0,False,1,False,False
R3928,R3928,U527,U527,I5,I5,2,2,3.75,LOW,0.0,10.0,15.0,0.0,0.0,3,0.0,0.0,False,0,False,False
R3929,R3929,U706,U706,I429,I429,4,4,2.25,LOW,0.0,0.0,15.0,0.0,0.0,4,0.0,0.0,False,0,False,False
R3930,R3930,U312,U312,I241,I241,5,5,3.25,LOW,20.0,0.0,15.0,0.0,0.0,2,0.0,0.0,False,1,False,False
R3931,R3931,U651,U651,I32,I32,2,2,6.0,LOW,0.0,0.0,25.0,0.0,0.0,2,15.0,0.0,False,1,False,False
R3932,R3932,U596,U596,I268,I268,2,2,3.75,LOW,0.0,10.0,15.0,0.0,0.0,2,0.0,0.0,False,0,False,False
R3933,R3933,U901,U901,I89,I89,3,3,2.25,LOW,0.0,0.0,15.0,0.0,0.0,3,0.0,0.0,False,0,False,False
R3934,R3934,U570,U570,I350,I350,3,3,6.0,LOW,0.0,0.0,25.0,0.0,0.0,4,15.0,0.0,False,1,False,False
R3935,R3935,U382,U382,I344,I344,3,3,2.25,LOW,0.0,0.0,15.0,0.0,0.0,2,0.0,0.0,False,0,False,False
R3936,R3936,U858,U858,I204,I204,1,1,7.75,LOW,20.0,0.0,25.0,0.0,0.0,3,15.0,5.0,False,2,False,False
R3937,R3937,U590,U590,I309,I309,1,1,17.25,LOW,20.0,0.0,25.0,20.0,30.0,5,15.0,5.0,False,2,False,False
R3938,R3938,U569,U569,I348,I348,3,3,6.0,LOW,0.0,0.0,25.0,0.0,0.0,4,15.0,0.0,False,1,False,False
R3939,R3939,U20,U20,I267,I267,4,4,2.25,LOW,0.0,0.0,15.0,0.0,0.0,1,0.0,0.0,False,0,False,False
R3940,R3940,U953,U953,I359,I359,1,1,7.75,LOW,20.0,0.0,25.0,0.0,0.0,2,15.0,5.0,False,2,False,False
R3941,R3941,U1,U1,I354,I354,5,5,9.25,LOW,20.0,25.0,15.0,0.0,0.0,2,10.0,5.0,False,2,False,False
R3942,R3942,U701,U701,I204,I204,4,4,15.5,LOW,0.0,0.0,25.0,20.0,30.0,5,15.0,0.0,False,1,False,False
R3943,R3943,U375,U375,I87,I87,1,1,7.75,LOW,20.0,0.0,25.0,0.0,0.0,3,15.0,5.0,False,2,False,False
R3944,R3944,U478,U478,I332,I332,1,1,3.25,LOW,20.0,0.0,15.0,0.0,0.0,3,0.0,0.0,False,1,False,False
R3945,R3945,U971,U971,I28,I28,4,4,2.25,LOW,0.0,0.0,15.0,0.0,0.0,4,0.0,0.0,False,0,False,False
R3946,R3946,U59,U59,I145,I145,2,2,6.0,LOW,0.0,0.0,25.0,0.0,0.0,3,15.0,0.0,False,1,False,False
R3947,R3947,U434,U434,I499,I499,5,5,3.25,LOW,20.0,0.0,15.0,0.0,0.0,4,0.0,0.0,False,1,False,False
R3948,R3948,U381,U381,I374,I374,4,4,2.25,LOW,0.0,0.0,15.0,0.0,0.0,1,0.0,0.0,False,0,False,False
R3949,R3949,U388,U388,I231,I231,2,2,6.0,LOW,0.0,0.0,25.0,0.0,0.0,2,15.0,0.0,False,1,False,False
R3950,R3950,U933,U933,I150,I150,4,4,2.25,LOW,0.0,0.0,15.0,0.0,0.0,3,0.0,0.0,False,0,False,False
R3951,R3951,U685,U685,I27,I27,3,3,2.25,LOW,0.0,0.0,15.0,0.0,0.0,3,0.0,0.0,False,0,False,False
R3952,R3952,U93,U93,I17,I17,5,5,1.0,LOW,20.0,0.0,0.0,0.0,0.0,4,0.0,0.0,False,1,False,False
R3953,R3953,U52,U52,I346,I346,4,4,6.0,LOW,0.0,0.0,25.0,0.0,0.0,2,15.0,0.0,False,1,False,False
R3954,R3954,U834,U834,I54,I54,4,4,2.25,LOW,0.0,0.0,15.0,0.0,0.0,3,0.0,0.0,False,0,False,False
R3955,R3955,U754,U754,I185,I185,1,1,3.25,LOW,20.0,0.0,15.0,0.0,0.0,1,0.0,0.0,False,1,False,False
R3956,R3956,U180,U180,I6,I6,3,3,6.0,LOW,0.0,0.0,25.0,0.0,0.0,1,15.0,0.0,False,1,False,False
R3957,R3957,U152,U152,I178,I178,3,3,2.25,LOW,0.0,0.0,15.0,0.0,0.0,3,0.0,0.0,False,0,False,False
R3958,R3958,U484,U484,I83,I83,2,2,6.0,LOW,0.0,0.0,25.0,0.0,0.0,4,15.0,0.0,False,1,False,False
R3959,R3959,U699,U699,I316,I316,2,2,8.25,LOW,0.0,15.0,25.0,0.0,0.0,4,15.0,0.0,False,1,False,False
R3960,R3960,U83,U83,I6,I6,2,2,17.0,LOW,0.0,10.0,25.0,20.0,30.0,5,15.0,0.0,False,1,False,False
R3961,R3961,U922,U922,I453,I453,4,4,6.0,LOW,0.0,0.0,25.0,0.0,0.0,2,15.0,0.0,False,1,False,False
R3962,R3962,U926,U926,I319,I319,5,5,18.0,LOW,20.0,0.0,30.0,20.0,30.0,5,15.0,5.0,False,2,False,False
R3963,R3963,U275,U275,I331,I331,4,4,11.75,LOW,0.0,0.0,15.0,20.0,30.0,5,0.0,0.0,False,0,False,False
R3964,R3964,U709,U709,I334,I334,3,3,11.75,LOW,0.0,0.0,15.0,20.0,30.0,5,0.0,0.0,False,0,False,False
R3965,R3965,U235,U235,I444,I444,5,5,1.0,LOW,20.0,0.0,0.0,0.0,0.0,3,0.0,0.0,False,1,False,False
R3966,R3966,U329,U329,I304,I304,4,4,2.25,LOW,0.0,0.0,15.0,0.0,0.0,3,0.0,0.0,False,0,False,False
R3967,R3967,U316,U316,I130,I130,2,2,2.25,LOW,0.0,0.0,15.0,0.0,0.0,2,0.0,0.0,False,0,False,False
R3968,R3968,U154,U154,I196,I196,5,5,3.25,LOW,20.0,0.0,15.0,0.0,0.0,2,0.0,0.0,False,1,False,False
R3969,R3969,U264,U264,I342,I342,2,2,0.0,LOW,0.0,0.0,0.0,0.0,0.0,2,0.0,0.0,False,0,False,False
R3970,R3970,U288,U288,I42,I42,4,4,6.0,LOW,0.0,0.0,25.0,0.0,0.0,3,15.0,0.0,False,1,False,False
R3971,R3971,U115,U115,I178,I178,2,2,2.25,LOW,0.0,0.0,15.0,0.0,0.0,1,0.0,0.0,False,0,False,False
R3972,R3972,U298,U298,I20,I20,3,3,6.0,LOW,0.0,0.0,25.0,0.0,0.0,2,15.0,0.0,False,1,False,False
R3973,R3973,U922,U922,I459,I459,2,2,2.25,LOW,0.0,0.0,15.0,0.0,0.0,2,0.0,0.0,False,0,False,False
R3974,R3974,U469,U469,I479,I479,5,5,5.5,LOW,20.0,15.0,15.0,0.0,0.0,2,0.0,0.0,False,1,False,False
R3975,R3975,U889,U889,I227,I227,4,4,2.25,LOW,0.0,0.0,15.0,0.0,0.0,2,0.0,0.0,False,0,False,False
R3976,R3976,U404,U404,I379,I379,5,5,1.0,LOW,20.0,0.0,0.0,0.0,0.0,2,0.0,0.0,False,1,False,False
R3977,R3977,U622,U622,I229,I229,4,4,7.5,LOW,0.0,10.0,25.0,0.0,0.0,4,15.0,0.0,False,1,False,False
R3978,R3978,U117,U117,I380,I380,4,4,0.0,LOW,0.0,0.0,0.0,0.0,0.0,2,0.0,0.0,False,0,False,False
R3979,R3979,U857,U857,I271,I271,3,3,6.0,LOW,0.0,0.0,25.0,0.0,0.0,3,15.0,0.0,False,1,False,False
R3980,R3980,U508,U508,I392,I392,1,1,17.25,LOW,20.0,0.0,25.0,20.0,30.0,5,15.0,5.0,False,2,False,False
R3981,R3981,U308,U308,I306,I306,1,1,3.25,LOW,20.0,0.0,15.0,0.0,0.0,2,0.0,0.0,False,1,False,False
R3982,R3982,U533,U533,I152,I152,5,5,10.0,LOW,20.0,15.0,25.0,0.0,0.0,2,15.0,5.0,False,2,False,False
R3983,R3983,U400,U400,I264,I264,5,5,12.75,LOW,20.0,0.0,15.0,20.0,30.0,5,0.0,0.0,False,1,False,False
R3984,R3984,U281,U281,I139,I139,5,5,3.25,LOW,20.0,0.0,15.0,0.0,0.0,4,0.0,0.0,False,1,False,False
R3985,R3985,U35,U35,I263,I263,1,1,3.25,LOW,20.0,0.0,15.0,0.0,0.0,2,0.0,0.0,False,1,False,False
R3986,R3986,U978,U978,I419,I419,3,3,6.0,LOW,0.0,0.0,25.0,0.0,0.0,1,15.0,0.0,False,1,False,False
R3987,R3987,U410,U410,I87,I87,3,3,8.25,LOW,0.0,15.0,25.0,0.0,0.0,3,15.0,0.0,False,1,False,False
R3988,R3988,U46,U46,I345,I345,3,3,6.0,LOW,0.0,0.0,25.0,0.0,0.0,4,15.0,0.0,False,1,False,False
R3989,R3989,U261,U261,I135,I135,3,3,4.5,LOW,0.0,15.0,15.0,0.0,0.0,3,0.0,0.0,False,0,False,False
R3990,R3990,U578,U578,I316,I316,5,5,17.25,LOW,20.0,0.0,25.0,20.0,30.0,6,15.0,5.0,False,2,False,False
R3991,R3991,U447,U447,I107,I107,2,2,7.5,LOW,0.0,10.0,25.0,0.0,0.0,3,15.0,0.0,False,1,False,False
R3992,R3992,U382,U382,I391,I391,2,2,0.0,LOW,0.0,0.0,0.0,0.0,0.0,3,0.0,0.0,False,0,False,False
R3993,R3993,U148,U148,I498,I498,4,4,3.75,LOW,0.0,10.0,15.0,0.0,0.0,1,0.0,0.0,False,0,False,False
R3994,R3994,U605,U605,I55,I55,1,1,3.25,LOW,20.0,0.0,15.0,0.0,0.0,4,0.0,0.0,False,1,False,False
R3995,R3995,U92,U92,I354,I354,1,1,3.25,LOW,20.0,0.0,15.0,0.0,0.0,3,0.0,0.0,False,1,False,False
R3996,R3996,U530,U530,I190,I190,1,1,3.25,LOW,20.0,0.0,15.0,0.0,0.0,2,0.0,0.0,False,1,False,False
R3997,R3997,U256,U256,I210,I210,4,4,2.25,LOW,0.0,0.0,15.0,0.0,0.0,1,0.0,0.0,False,0,False,False
R3998,R3998,U624,U624,I283,I283,3,3,2.25,LOW,0.0,0.0,15.0,0.0,0.0,4,0.0,0.0,False,0,False,False
R3999,R3999,U227,U227,I419,I419,2,2,6.0,LOW,0.0,0.0,25.0,0.0,0.0,4,15.0,0.0,False,1,False,False
R4000,R4000,U248,U248,I182,I182,5,5,17.25,LOW,20.0,0.0,25.0,20.0,30.0,5,15.0,5.0,False,2,False,False
R4001,R4001,U120,U120,I256,I256,2,2,0.0,LOW,0.0,0.0,0.0,0.0,0.0,3,0.0,0.0,False,0,False,False
R4002,R4002,U838,U838,I337,I337,4,4,2.25,LOW,0.0,0.0,15.0,0.0,0.0,4,0.0,0.0,False,0,False,False
R4003,R4003,U711,U711,I101,I101,3,3,7.5,LOW,0.0,10.0,25.0,0.0,0.0,2,15.0,0.0,False,1,False,False
R4004,R4004,U959,U959,I435,I435,5,5,4.75,LOW,20.0,10.0,15.0,0.0,0.0,1,0.0,0.0,False,1,False,False
R4005,R4005,U898,U898,I388,I388,1,1,3.25,LOW,20.0,0.0,15.0,0.0,0.0,3,0.0,0.0,False,1,False,False
R4006,R4006,U151,U151,I336,I336,4,4,1.5,LOW,0.0,10.0,0.0,0.0,0.0,2,0.0,0.0,False,0,False,False
R4007,R4007,U158,U158,I177,I177,5,5,3.25,LOW,20.0,0.0,15.0,0.0,0.0,4,0.0,0.0,False,1,False,False
R4008,R4008,U678,U678,I477,I477,2,2,6.0,LOW,0.0,0.0,25.0,0.0,0.0,3,15.0,0.0,False,1,False,False
R4009,R4009,U342,U342,I435,I435,3,3,14.0,LOW,0.0,15.0,15.0,20.0,30.0,6,0.0,0.0,False,0,False,False
R4010,R4010,U559,U559,I423,I423,2,2,2.25,LOW,0.0,15.0,0.0,0.0,0.0,1,0.0,0.0,False,0,False,False
R4011,R4011,U529,U529,I445,I445,4,4,1.5,LOW,0.0,10.0,0.0,0.0,0.0,1,0.0,0.0,False,0,False,False
R4012,R4012,U885,U885,I52,I52,5,5,7.75,LOW,20.0,0.0,25.0,0.0,0.0,1,15.0,5.0,False,2,False,False
R4013,R4013,U991,U991,I32,I32,3,3,15.5,LOW,0.0,0.0,25.0,20.0,30.0,6,15.0,0.0,False,1,False,False
R4014,R4014,U995,U995,I349,I349,3,3,2.25,LOW,0.0,0.0,15.0,0.0,0.0,1,0.0,0.0,False,0,False,False
R4015,R4015,U746,U746,I276,I276,3,3,2.25,LOW,0.0,0.0,15.0,0.0,0.0,2,0.0,0.0,False,0,False,False
R4016,R4016,U312,U312,I197,I197,1,1,1.0,LOW,20.0,0.0,0.0,0.0,0.0,2,0.0,0.0,False,1,False,False
R4017,R4017,U178,U178,I298,I298,2,2,6.0,LOW,0.0,0.0,25.0,0.0,0.0,1,15.0,0.0,False,1,False,False
R4018,R4018,U981,U981,I53,I53,4,4,1.5,LOW,0.0,10.0,0.0,0.0,0.0,1,0.0,0.0,False,0,False,False
R4019,R4019,U560,U560,I470,I470,3,3,15.5,LOW,0.0,0.0,25.0,20.0,30.0,5,15.0,0.0,False,1,False,False
R4020,R4020,U485,U485,I406,I406,2,2,4.5,LOW,0.0,15.0,15.0,0.0,0.0,4,0.0,0.0,False,0,False,False
R4021,R4021,U268,U268,I220,I220,1,1,17.25,LOW,20.0,0.0,25.0,20.0,30.0,5,15.0,5.0,False,2,False,False
R4022,R4022,U187,U187,I255,I255,3,3,0.0,LOW,0.0,0.0,0.0,0.0,0.0,1,0.0,0.0,False,0,False,False
R4023,R4023,U48,U48,I414,I414,3,3,2.25,LOW,0.0,0.0,15.0,0.0,0.0,4,0.0,0.0,False,0,False,False
R4024,R4024,U819,U819,I73,I73,5,5,17.25,LOW,20.0,0.0,25.0,20.0,30.0,5,15.0,5.0,False,2,False,False
R4025,R4025,U433,U433,I228,I228,4,4,2.25,LOW,0.0,0.0,15.0,0.0,0.0,2,0.0,0.0,False,0,False,False
R4026,R4026,U941,U941,I257,I257,5,5,3.25,LOW,20.0,0.0,15.0,0.0,0.0,3,0.0,0.0,False,1,False,False
R4027,R4027,U633,U633,I232,I232,5,5,3.25,LOW,20.0,0.0,15.0,0.0,0.0,3,0.0,0.0,False,1,False,False
R4028,R4028,U537,U537,I236,I236,4,4,15.5,LOW,0.0,0.0,25.0,20.0,30.0,5,15.0,0.0,False,1,False,False
R4029,R4029,U300,U300,I142,I142,3,3,6.0,LOW,0.0,0.0,25.0,0.0,0.0,4,15.0,0.0,False,1,False,False
R4030,R4030,U264,U264,I452,I452,4,4,2.25,LOW,0.0,0.0,15.0,0.0,0.0,1,0.0,0.0,False,0,False,False
R4031,R4031,U301,U301,I494,I494,1,1,37.25,MEDIUM,20.0,10.0,25.0,20.0,45.0,7,40.0,25.0,False,4,True,False
R4032,R4032,U284,U284,I2,I2,1,1,10.0,LOW,20.0,15.0,25.0,0.0,0.0,4,15.0,5.0,False,2,False,False
R4033,R4033,U948,U948,I69,I69,5,5,4.75,LOW,20.0,10.0,15.0,0.0,0.0,2,0.0,0.0,False,1,False,False
R4034,R4034,U218,U218,I212,I212,1,1,1.0,LOW,20.0,0.0,0.0,0.0,0.0,4,0.0,0.0,False,1,False,False
R4035,R4035,U336,U336,I492,I492,5,5,3.25,LOW,20.0,0.0,15.0,0.0,0.0,4,0.0,0.0,False,1,False,False
R4036,R4036,U186,U186,I356,I356,4,4,0.0,LOW,0.0,0.0,0.0,0.0,0.0,3,0.0,0.0,False,0,False,False
R4037,R4037,U679,U679,I32,I32,5,5,7.75,LOW,20.0,0.0,25.0,0.0,0.0,3,15.0,5.0,False,2,False,False
R4038,R4038,U257,U257,I192,I192,2,2,2.25,LOW,0.0,0.0,15.0,0.0,0.0,3,0.0,0.0,False,0,False,False
R4039,R4039,U617,U617,I13,I13,1,1,4.75,LOW,20.0,10.0,15.0,0.0,0.0,3,0.0,0.0,False,1,False,False
R4040,R4040,U860,U860,I142,I142,5,5,7.75,LOW,20.0,0.0,25.0,0.0,0.0,4,15.0,5.0,False,2,False,False
R4041,R4041,U806,U806,I150,I150,4,4,2.25,LOW,0.0,0.0,15.0,0.0,0.0,3,0.0,0.0,False,0,False,False
R4042,R4042,U248,U248,I216,I216,3,3,6.0,LOW,0.0,0.0,25.0,0.0,0.0,3,15.0,0.0,False,1,False,False
R4043,R4043,U121,U121,I471,I471,1,1,2.5,LOW,20.0,10.0,0.0,0.0,0.0,1,0.0,0.0,False,1,False,False
R4044,R4044,U419,U419,I283,I283,4,4,2.25,LOW,0.0,0.0,15.0,0.0,0.0,3,0.0,0.0,False,0,False,False
R4045,R4045,U722,U722,I67,I67,2,2,15.5,LOW,0.0,0.0,25.0,20.0,30.0,6,15.0,0.0,False,1,False,False
R4046,R4046,U989,U989,I482,I482,4,4,2.25,LOW,0.0,0.0,15.0,0.0,0.0,3,0.0,0.0,False,0,False,False
R4047,R4047,U673,U673,I214,I214,3,3,2.25,LOW,0.0,15.0,0.0,0.0,0.0,3,0.0,0.0,False,0,False,False
R4048,R4048,U258,U258,I265,I265,1,1,3.25,LOW,20.0,0.0,15.0,0.0,0.0,3,0.0,0.0,False,1,False,False
R4049,R4049,U991,U991,I118,I118,1,1,3.25,LOW,20.0,0.0,15.0,0.0,0.0,4,0.0,0.0,False,1,False,False
R4050,R4050,U35,U35,I67,I67,2,2,15.5,LOW,0.0,0.0,25.0,20.0,30.0,6,15.0,0.0,False,1,False,False
R4051,R4051,U650,U650,I472,I472,3,3,7.5,LOW,0.0,10.0,25.0,0.0,0.0,4,15.0,0.0,False,1,False,False
R4052,R4052,U254,U254,I27,I27,2,2,2.25,LOW,0.0,0.0,15.0,0.0,0.0,3,0.0,0.0,False,0,False,False
R4053,R4053,U983,U983,I345,I345,2,2,6.0,LOW,0.0,0.0,25.0,0.0,0.0,3,15.0,0.0,False,1,False,False
R4054,R4054,U732,U732,I384,I384,4,4,6.0,LOW,0.0,0.0,25.0,0.0,0.0,1,15.0,0.0,False,1,False,False
R4055,R4055,U549,U549,I211,I211,2,2,13.25,LOW,0.0,10.0,15.0,20.0,30.0,6,0.0,0.0,False,0,False,False
R4056,R4056,U305,U305,I233,I233,3,3,2.25,LOW,0.0,0.0,15.0,0.0,0.0,2,0.0,0.0,False,0,False,False
R4057,R4057,U192,U192,I441,I441,1,1,3.25,LOW,20.0,15.0,0.0,0.0,0.0,2,0.0,0.0,False,1,False,False
R4058,R4058,U133,U133,I320,I320,1,1,8.5,LOW,20.0,0.0,30.0,0.0,0.0,2,15.0,5.0,False,2,False,False
R4059,R4059,U556,U556,I357,I357,1,1,17.25,LOW,20.0,0.0,25.0,20.0,30.0,5,15.0,5.0,False,2,False,False
R4060,R4060,U557,U557,I433,I433,2,2,2.25,LOW,0.0,0.0,15.0,0.0,0.0,2,0.0,0.0,False,0,False,False
R4061,R4061,U925,U925,I249,I249,5,5,3.25,LOW,20.0,0.0,15.0,0.0,0.0,3,0.0,0.0,False,1,False,False
R4062,R4062,U817,U817,I24,I24,4,4,2.25,LOW,0.0,0.0,15.0,0.0,0.0,1,0.0,0.0,False,0,False,False
R4063,R4063,U79,U79,I163,I163,3,3,15.5,LOW,0.0,0.0,25.0,20.0,30.0,5,15.0,0.0,False,1,False,False
R4064,R4064,U637,U637,I441,I441,5,5,1.0,LOW,20.0,0.0,0.0,0.0,0.0,1,0.0,0.0,False,1,False,False
R4065,R4065,U525,U525,I205,I205,4,4,6.0,LOW,0.0,0.0,25.0,0.0,0.0,3,15.0,0.0,False,1,False,False
R4066,R4066,U362,U362,I221,I221,3,3,7.5,LOW,0.0,10.0,25.0,0.0,0.0,4,15.0,0.0,False,1,False,False
R4067,R4067,U853,U853,I151,I151,1,1,3.25,LOW,20.0,0.0,15.0,0.0,0.0,3,0.0,0.0,False,1,False,False
R4068,R4068,U952,U952,I14,I14,2,2,0.0,LOW,0.0,0.0,0.0,0.0,0.0,2,0.0,0.0,False,0,False,False
R4069,R4069,U875,U875,I282,I282,5,5,3.25,LOW,20.0,0.0,15.0,0.0,0.0,2,0.0,0.0,False,1,False,False
R4070,R4070,U346,U346,I71,I71,1,1,12.75,LOW,20.0,0.0,15.0,20.0,30.0,6,0.0,0.0,False,1,False,False
R4071,R4071,U936,U936,I339,I339,5,5,5.5,LOW,20.0,15.0,15.0,0.0,0.0,3,0.0,0.0,False,1,False,False
R4072,R4072,U553,U553,I195,I195,4,4,17.75,LOW,0.0,15.0,25.0,20.0,30.0,6,15.0,0.0,False,1,False,False
R4073,R4073,U42,U42,I466,I466,3,3,2.25,LOW,0.0,0.0,15.0,0.0,0.0,3,0.0,0.0,False,0,False,False
R4074,R4074,U279,U279,I199,I199,5,5,3.25,LOW,20.0,0.0,15.0,0.0,0.0,3,0.0,0.0,False,1,False,False
R4075,R4075,U620,U620,I269,I269,3,3,2.25,LOW,0.0,0.0,15.0,0.0,0.0,4,0.0,0.0,False,0,False,False
R4076,R4076,U549,U549,I256,I256,2,2,1.5,LOW,0.0,10.0,0.0,0.0,0.0,3,0.0,0.0,False,0,False,False
R4077,R4077,U860,U860,I272,I272,3,3,0.0,LOW,0.0,0.0,0.0,0.0,0.0,1,0.0,0.0,False,0,False,False
R4078,R4078,U904,U904,I18,I18,3,3,0.0,LOW,0.0,0.0,0.0,0.0,0.0,2,0.0,0.0,False,0,False,False
R4079,R4079,U45,U45,I124,I124,1,1,3.25,LOW,20.0,0.0,15.0,0.0,0.0,3,0.0,0.0,False,1,False,False
R4080,R4080,U225,U225,I429,I429,2,2,2.25,LOW,0.0,0.0,15.0,0.0,0.0,1,0.0,0.0,False,0,False,False
R4081,R4081,U553,U553,I284,I284,4,4,8.25,LOW,0.0,15.0,25.0,0.0,0.0,4,15.0,0.0,False,1,False,False
R4082,R4082,U811,U811,I375,I375,2,2,0.0,LOW,0.0,0.0,0.0,0.0,0.0,2,0.0,0.0,False,0,False,False
R4083,R4083,U763,U763,I81,I81,1,1,7.75,LOW,20.0,0.0,25.0,0.0,0.0,2,15.0,5.0,False,2,False,False
R4084,R4084,U888,U888,I221,I221,4,4,6.0,LOW,0.0,0.0,25.0,0.0,0.0,4,15.0,0.0,False,1,False,False
R4085,R4085,U446,U446,I150,I150,2,2,2.25,LOW,0.0,0.0,15.0,0.0,0.0,4,0.0,0.0,False,0,False,False
R4086,R4086,U951,U951,I446,I446,4,4,3.75,LOW,0.0,10.0,15.0,0.0,0.0,3,0.0,0.0,False,0,False,False
R4087,R4087,U398,U398,I69,I69,4,4,2.25,LOW,0.0,0.0,15.0,0.0,0.0,2,0.0,0.0,False,0,False,False
R4088,R4088,U719,U719,I339,I339,3,3,3.75,LOW,0.0,10.0,15.0,0.0,0.0,1,0.0,0.0,False,0,False,False
R4089,R4089,U482,U482,I73,I73,5,5,17.25,LOW,20.0,0.0,25.0,20.0,30.0,5,15.0,5.0,False,2,False,False
R4090,R4090,U756,U756,I193,I193,1,1,3.25,LOW,20.0,0.0,15.0,0.0,0.0,2,0.0,0.0,False,1,False,False
R4091,R4091,U249,U249,I76,I76,1,1,12.75,LOW,20.0,0.0,15.0,20.0,30.0,6,0.0,0.0,False,1,False,False
R4092,R4092,U934,U934,I247,I247,4,4,0.0,LOW,0.0,0.0,0.0,0.0,0.0,2,0.0,0.0,False,0,False,False
R4093,R4093,U231,U231,I425,I425,3,3,6.0,LOW,0.0,0.0,25.0,0.0,0.0,3,15.0,0.0,False,1,False,False
R4094,R4094,U993,U993,I40,I40,1,1,7.75,LOW,20.0,0.0,25.0,0.0,0.0,3,15.0,5.0,False,2,False,False
R4095,R4095,U186,U186,I340,I340,5,5,3.25,LOW,20.0,0.0,15.0,0.0,0.0,3,0.0,0.0,False,1,False,False
R4096,R4096,U843,U843,I113,I113,3,3,2.25,LOW,0.0,0.0,15.0,0.0,0.0,2,0.0,0.0,False,0,False,False
R4097,R4097,U648,U648,I177,I177,3,3,2.25,LOW,0.0,0.0,15.0,0.0,0.0,3,0.0,0.0,False,0,False,False
R4098,R4098,U248,U248,I175,I175,4,4,2.25,LOW,0.0,0.0,15.0,0.0,0.0,2,0.0,0.0,False,0,False,False
R4099,R4099,U197,U197,I488,I488,2,2,14.0,LOW,0.0,15.0,15.0,20.0,30.0,5,0.0,0.0,False,0,False,False
R4100,R4100,U511,U511,I329,I329,1,1,3.25,LOW,20.0,0.0,15.0,0.0,0.0,4,0.0,0.0,False,1,False,False
R4101,R4101,U260,U260,I169,I169,2,2,1.5,LOW,0.0,10.0,0.0,0.0,0.0,1,0.0,0.0,False,0,False,False
R4102,R4102,U543,U543,I182,I182,5,5,17.25,LOW,20.0,0.0,25.0,20.0,30.0,5,15.0,5.0,False,2,False,False
R4103,R4103,U223,U223,I31,I31,2,2,17.75,LOW,0.0,15.0,25.0,20.0,30.0,5,15.0,0.0,False,1,False,False
R4104,R4104,U225,U225,I381,I381,2,2,6.0,LOW,0.0,0.0,25.0,0.0,0.0,3,15.0,0.0,False,1,False,False
R4105,R4105,U563,U563,I176,I176,4,4,15.5,LOW,0.0,0.0,25.0,20.0,30.0,5,15.0,0.0,False,1,False,False
R4106,R4106,U319,U319,I363,I363,2,2,6.0,LOW,0.0,0.0,25.0,0.0,0.0,4,15.0,0.0,False,1,False,False
R4107,R4107,U42,U42,I390,I390,2,2,2.25,LOW,0.0,0.0,15.0,0.0,0.0,4,0.0,0.0,False,0,False,False
R4108,R4108,U350,U350,I172,I172,3,3,2.25,LOW,0.0,0.0,15.0,0.0,0.0,2,0.0,0.0,False,0,False,False
R4109,R4109,U533,U533,I309,I309,2,2,27.5,LOW,0.0,15.0,25.0,20.0,45.0,7,40.0,15.0,False,3,False,False
R4110,R4110,U814,U814,I230,I230,4,4,11.75,LOW,0.0,0.0,15.0,20.0,30.0,5,0.0,0.0,False,0,False,False
R4111,R4111,U39,U39,I150,I150,1,1,5.5,LOW,20.0,15.0,15.0,0.0,0.0,3,0.0,0.0,False,1,False,False
R4112,R4112,U425,U425,I244,I244,5,5,3.25,LOW,20.0,0.0,15.0,0.0,0.0,2,0.0,0.0,False,1,False,False
R4113,R4113,U874,U874,I488,I488,1,1,3.25,LOW,20.0,0.0,15.0,0.0,0.0,3,0.0,0.0,False,1,False,False
R4114,R4114,U807,U807,I298,I298,4,4,15.5,LOW,0.0,0.0,25.0,20.0,30.0,5,15.0,0.0,False,1,False,False
R4115,R4115,U803,U803,I442,I442,3,3,6.0,LOW,0.0,0.0,25.0,0.0,0.0,3,15.0,0.0,False,1,False,False
R4116,R4116,U890,U890,I330,I330,4,4,6.0,LOW,0.0,0.0,25.0,0.0,0.0,4,15.0,0.0,False,1,False,False
R4117,R4117,U540,U540,I200,I200,3,3,26.75,LOW,0.0,10.0,25.0,20.0,45.0,7,40.0,15.0,False,3,False,False
R4118,R4118,U623,U623,I5,I5,3,3,2.25,LOW,0.0,0.0,15.0,0.0,0.0,4,0.0,0.0,False,0,False,False
R4119,R4119,U527,U527,I343,I343,3,3,3.75,LOW,0.0,10.0,15.0,0.0,0.0,2,0.0,0.0,False,0,False,False
R4120,R4120,U687,U687,I220,I220,4,4,8.25,LOW,0.0,15.0,25.0,0.0,0.0,4,15.0,0.0,False,1,False,False
R4121,R4121,U233,U233,I106,I106,2,2,27.5,LOW,0.0,15.0,25.0,20.0,45.0,8,40.0,15.0,False,3,False,False
R4122,R4122,U182,U182,I319,I319,1,1,8.5,LOW,20.0,0.0,30.0,0.0,0.0,4,15.0,5.0,False,2,False,False
R4123,R4123,U166,U166,I145,I145,5,5,18.75,LOW,20.0,10.0,25.0,20.0,30.0,5,15.0,5.0,False,2,False,False
R4124,R4124,U338,U338,I180,I180,5,5,12.75,LOW,20.0,0.0,15.0,20.0,30.0,5,0.0,0.0,False,1,False,False
R4125,R4125,U940,U940,I353,I353,4,4,2.25,LOW,0.0,0.0,15.0,0.0,0.0,2,0.0,0.0,False,0,False,False
R4126,R4126,U10,U10,I337,I337,4,4,2.25,LOW,0.0,0.0,15.0,0.0,0.0,4,0.0,0.0,False,0,False,False
R4127,R4127,U244,U244,I346,I346,5,5,7.75,LOW,20.0,0.0,25.0,0.0,0.0,2,15.0,5.0,False,2,False,False
R4128,R4128,U962,U962,I160,I160,5,5,7.75,LOW,20.0,0.0,25.0,0.0,0.0,2,15.0,5.0,False,2,False,False
R4129,R4129,U693,U693,I431,I431,3,3,4.5,LOW,0.0,15.0,15.0,0.0,0.0,4,0.0,0.0,False,0,False,False
R4130,R4130,U431,U431,I140,I140,1,1,1.0,LOW,20.0,0.0,0.0,0.0,0.0,2,0.0,0.0,False,1,False,False
R4131,R4131,U422,U422,I12,I12,5,5,4.75,LOW,20.0,10.0,15.0,0.0,0.0,4,0.0,0.0,False,1,False,False
R4132,R4132,U330,U330,I105,I105,1,1,3.25,LOW,20.0,0.0,15.0,0.0,0.0,2,0.0,0.0,False,1,False,False
R4133,R4133,U131,U131,I483,I483,1,1,7.75,LOW,20.0,0.0,25.0,0.0,0.0,3,15.0,5.0,False,2,False,False
R4134,R4134,U880,U880,I489,I489,2,2,2.25,LOW,0.0,0.0,15.0,0.0,0.0,4,0.0,0.0,False,0,False,False
R4135,R4135,U523,U523,I14,I14,1,1,1.0,LOW,20.0,0.0,0.0,0.0,0.0,1,0.0,0.0,False,1,False,False
R4136,R4136,U738,U738,I484,I484,5,5,7.75,LOW,20.0,0.0,25.0,0.0,0.0,4,15.0,5.0,False,2,False,False
R4137,R4137,U93,U93,I443,I443,4,4,2.25,LOW,0.0,0.0,15.0,0.0,0.0,4,0.0,0.0,False,0,False,False
R4138,R4138,U557,U557,I114,I114,2,2,6.0,LOW,0.0,0.0,25.0,0.0,0.0,2,15.0,0.0,False,1,False,False
R4139,R4139,U434,U434,I281,I281,5,5,3.25,LOW,20.0,0.0,15.0,0.0,0.0,1,0.0,0.0,False,1,False,False
R4140,R4140,U328,U328,I456,I456,5,5,15.25,LOW,20.0,30.0,25.0,0.0,0.0,1,25.0,15.0,False,3,False,False
R4141,R4141,U39,U39,I276,I276,1,1,5.5,LOW,20.0,15.0,15.0,0.0,0.0,3,0.0,0.0,False,1,False,False
R4142,R4142,U374,U374,I419,I419,2,2,8.25,LOW,0.0,15.0,25.0,0.0,0.0,4,15.0,0.0,False,1,False,False
R4143,R4143,U468,U468,I143,I143,2,2,6.0,LOW,0.0,0.0,25.0,0.0,0.0,4,15.0,0.0,False,1,False,False
R4144,R4144,U413,U413,I234,I234,1,1,7.75,LOW,20.0,0.0,25.0,0.0,0.0,1,15.0,5.0,False,2,False,False
R4145,R4145,U651,U651,I335,I335,4,4,6.0,LOW,0.0,0.0,25.0,0.0,0.0,1,15.0,0.0,False,1,False,False
R4146,R4146,U169,U169,I261,I261,4,4,0.0,LOW,0.0,0.0,0.0,0.0,0.0,3,0.0,0.0,False,0,False,False
R4147,R4147,U326,U326,I474,I474,4,4,6.0,LOW,0.0,0.0,25.0,0.0,0.0,2,15.0,0.0,False,1,False,False
R4148,R4148,U622,U622,I220,I220,5,5,9.25,LOW,20.0,10.0,25.0,0.0,0.0,2,15.0,5.0,False,2,False,False
R4149,R4149,U473,U473,I356,I356,5,5,1.0,LOW,20.0,0.0,0.0,0.0,0.0,2,0.0,0.0,False,1,False,False
R4150,R4150,U919,U919,I151,I151,3,3,3.75,LOW,0.0,10.0,15.0,0.0,0.0,4,0.0,0.0,False,0,False,False
R4151,R4151,U348,U348,I290,I290,3,3,2.25,LOW,0.0,0.0,15.0,0.0,0.0,2,0.0,0.0,False,0,False,False
R4152,R4152,U583,U583,I189,I189,3,3,2.25,LOW,0.0,0.0,15.0,0.0,0.0,2,0.0,0.0,False,0,False,False
R4153,R4153,U912,U912,I175,I175,3,3,2.25,LOW,0.0,0.0,15.0,0.0,0.0,3,0.0,0.0,False,0,False,False
R4154,R4154,U245,U245,I352,I352,4,4,2.25,LOW,0.0,0.0,15.0,0.0,0.0,3,0.0,0.0,False,0,False,False
R4155,R4155,U576,U576,I363,I363,1,1,9.25,LOW,20.0,10.0,25.0,0.0,0.0,4,15.0,5.0,False,2,False,False
R4156,R4156,U117,U117,I153,I153,5,5,19.5,LOW,20.0,0.0,40.0,20.0,30.0,5,15.0,5.0,False,2,False,False
R4157,R4157,U896,U896,I455,I455,3,3,2.25,LOW,0.0,0.0,15.0,0.0,0.0,2,0.0,0.0,False,0,False,False
R4158,R4158,U572,U572,I114,I114,5,5,10.0,LOW,20.0,15.0,25.0,0.0,0.0,4,15.0,5.0,False,2,False,False
R4159,R4159,U964,U964,I82,I82,3,3,2.25,LOW,0.0,0.0,15.0,0.0,0.0,1,0.0,0.0,False,0,False,False
R4160,R4160,U756,U756,I436,I436,3,3,0.0,LOW,0.0,0.0,0.0,0.0,0.0,3,0.0,0.0,False,0,False,False
R4161,R4161,U828,U828,I477,I477,1,1,7.75,LOW,20.0,0.0,25.0,0.0,0.0,2,15.0,5.0,False,2,False,False
R4162,R4162,U915,U915,I342,I342,5,5,7.75,LOW,20.0,30.0,0.0,0.0,0.0,1,10.0,5.0,False,2,False,False
R4163,R4163,U999,U999,I256,I256,2,2,0.0,LOW,0.0,0.0,0.0,0.0,0.0,3,0.0,0.0,False,0,False,False
R4164,R4164,U76,U76,I201,I201,3,3,2.25,LOW,0.0,0.0,15.0,0.0,0.0,4,0.0,0.0,False,0,False,False
R4165,R4165,U894,U894,I34,I34,5,5,3.25,LOW,20.0,0.0,15.0,0.0,0.0,3,0.0,0.0,False,1,False,False
R4166,R4166,U726,U726,I94,I94,1,1,3.25,LOW,20.0,0.0,15.0,0.0,0.0,3,0.0,0.0,False,1,False,False
R4167,R4167,U852,U852,I464,I464,3,3,3.75,LOW,0.0,10.0,15.0,0.0,0.0,2,0.0,0.0,False,0,False,False
R4168,R4168,U302,U302,I363,I363,3,3,6.0,LOW,0.0,0.0,25.0,0.0,0.0,2,15.0,0.0,False,1,False,False
R4169,R4169,U152,U152,I30,I30,2,2,2.25,LOW,0.0,0.0,15.0,0.0,0.0,3,0.0,0.0,False,0,False,False
R4170,R4170,U808,U808,I413,I413,2,2,2.25,LOW,0.0,0.0,15.0,0.0,0.0,1,0.0,0.0,False,0,False,False
R4171,R4171,U645,U645,I197,I197,5,5,1.0,LOW,20.0,0.0,0.0,0.0,0.0,2,0.0,0.0,False,1,False,False
R4172,R4172,U474,U474,I103,I103,1,1,3.25,LOW,20.0,0.0,15.0,0.0,0.0,1,0.0,0.0,False,1,False,False
R4173,R4173,U748,U748,I396,I396,5,5,3.25,LOW,20.0,0.0,15.0,0.0,0.0,1,0.0,0.0,False,1,False,False
R4174,R4174,U307,U307,I486,I486,1,1,7.75,LOW,20.0,0.0,25.0,0.0,0.0,1,15.0,5.0,False,2,False,False
R4175,R4175,U842,U842,I373,I373,3,3,7.5,LOW,0.0,10.0,25.0,0.0,0.0,2,15.0,0.0,False,1,False,False
R4176,R4176,U878,U878,I123,I123,2,2,2.25,LOW,0.0,0.0,15.0,0.0,0.0,4,0.0,0.0,False,0,False,False
R4177,R4177,U959,U959,I46,I46,2,2,13.25,LOW,0.0,10.0,15.0,20.0,30.0,6,0.0,0.0,False,0,False,False
R4178,R4178,U291,U291,I449,I449,3,3,2.25,LOW,0.0,0.0,15.0,0.0,0.0,3,0.0,0.0,False,0,False,False
R4179,R4179,U754,U754,I359,I359,2,2,6.0,LOW,0.0,0.0,25.0,0.0,0.0,3,15.0,0.0,False,1,False,False
R4180,R4180,U205,U205,I395,I395,4,4,3.75,LOW,0.0,10.0,15.0,0.0,0.0,2,0.0,0.0,False,0,False,False
R4181,R4181,U296,U296,I329,I329,1,1,3.25,LOW,20.0,0.0,15.0,0.0,0.0,4,0.0,0.0,False,1,False,False
R4182,R4182,U256,U256,I46,I46,2,2,11.75,LOW,0.0,0.0,15.0,20.0,30.0,6,0.0,0.0,False,0,False,False
R4183,R4183,U90,U90,I421,I421,5,5,7.75,LOW,20.0,0.0,25.0,0.0,0.0,3,15.0,5.0,False,2,False,False
R4184,R4184,U370,U370,I367,I367,2,2,6.0,LOW,0.0,0.0,25.0,0.0,0.0,4,15.0,0.0,False,1,False,False
R4185,R4185,U489,U489,I292,I292,3,3,6.0,LOW,0.0,0.0,25.0,0.0,0.0,3,15.0,0.0,False,1,False,False
R4186,R4186,U581,U581,I31,I31,1,1,7.75,LOW,20.0,0.0,25.0,0.0,0.0,3,15.0,5.0,False,2,False,False
R4187,R4187,U947,U947,I418,I418,4,4,2.25,LOW,0.0,0.0,15.0,0.0,0.0,1,0.0,0.0,False,0,False,False
R4188,R4188,U935,U935,I129,I129,1,1,1.0,LOW,20.0,0.0,0.0,0.0,0.0,2,0.0,0.0,False,1,False,False
R4189,R4189,U819,U819,I466,I466,2,2,2.25,LOW,0.0,0.0,15.0,0.0,0.0,4,0.0,0.0,False,0,False,False
R4190,R4190,U332,U332,I154,I154,4,4,2.25,LOW,0.0,0.0,15.0,0.0,0.0,1,0.0,0.0,False,0,False,False
R4191,R4191,U88,U88,I283,I283,5,5,3.25,LOW,20.0,0.0,15.0,0.0,0.0,3,0.0,0.0,False,1,False,False
R4192,R4192,U977,U977,I494,I494,1,1,42.5,MEDIUM,20.0,30.0,25.0,20.0,45.0,7,50.0,30.0,False,5,True,False
R4193,R4193,U819,U819,I154,I154,2,2,2.25,LOW,0.0,0.0,15.0,0.0,0.0,3,0.0,0.0,False,0,False,False
R4194,R4194,U820,U820,I257,I257,3,3,2.25,LOW,0.0,0.0,15.0,0.0,0.0,4,0.0,0.0,False,0,False,False
R4195,R4195,U70,U70,I103,I103,2,2,2.25,LOW,0.0,0.0,15.0,0.0,0.0,1,0.0,0.0,False,0,False,False
R4196,R4196,U785,U785,I351,I351,5,5,3.25,LOW,20.0,0.0,15.0,0.0,0.0,3,0.0,0.0,False,1,False,False
R4197,R4197,U708,U708,I90,I90,4,4,7.5,LOW,0.0,10.0,25.0,0.0,0.0,4,15.0,0.0,False,1,False,False
R4198,R4198,U559,U559,I212,I212,1,1,3.25,LOW,20.0,15.0,0.0,0.0,0.0,4,0.0,0.0,False,1,False,False
R4199,R4199,U505,U505,I122,I122,3,3,2.25,LOW,0.0,0.0,15.0,0.0,0.0,3,0.0,0.0,False,0,False,False
R4200,R4200,U118,U118,I393,I393,1,1,3.25,LOW,20.0,0.0,15.0,0.0,0.0,3,0.0,0.0,False,1,False,False
R4201,R4201,U26,U26,I395,I395,2,2,2.25,LOW,0.0,0.0,15.0,0.0,0.0,1,0.0,0.0,False,0,False,False
R4202,R4202,U88,U88,I452,I452,2,2,2.25,LOW,0.0,0.0,15.0,0.0,0.0,3,0.0,0.0,False,0,False,False
R4203,R4203,U85,U85,I114,I114,1,1,17.25,LOW,20.0,0.0,25.0,20.0,30.0,5,15.0,5.0,False,2,False,False
R4204,R4204,U296,U296,I303,I303,3,3,2.25,LOW,0.0,0.0,15.0,0.0,0.0,2,0.0,0.0,False,0,False,False
R4205,R4205,U35,U35,I83,I83,5,5,7.75,LOW,20.0,0.0,25.0,0.0,0.0,2,15.0,5.0,False,2,False,False
R4206,R4206,U973,U973,I308,I308,1,1,4.75,LOW,20.0,10.0,15.0,0.0,0.0,2,0.0,0.0,False,1,False,False
R4207,R4207,U558,U558,I330,I330,5,5,7.75,LOW,20.0,0.0,25.0,0.0,0.0,2,15.0,5.0,False,2,False,False
R4208,R4208,U71,U71,I296,I296,4,4,7.5,LOW,0.0,10.0,25.0,0.0,0.0,1,15.0,0.0,False,1,False,False
R4209,R4209,U422,U422,I154,I154,3,3,3.75,LOW,0.0,10.0,15.0,0.0,0.0,1,0.0,0.0,False,0,False,False
R4210,R4210,U192,U192,I59,I59,5,5,3.25,LOW,20.0,15.0,0.0,0.0,0.0,2,0.0,0.0,False,1,False,False
R4211,R4211,U692,U692,I294,I294,5,5,12.75,LOW,20.0,0.0,15.0,20.0,30.0,5,0.0,0.0,False,1,False,False
R4212,R4212,U525,U525,I78,I78,1,1,3.25,LOW,20.0,0.0,15.0,0.0,0.0,2,0.0,0.0,False,1,False,False
R4213,R4213,U222,U222,I98,I98,3,3,2.25,LOW,0.0,0.0,15.0,0.0,0.0,3,0.0,0.0,False,0,False,False
R4214,R4214,U987,U987,I287,I287,2,2,6.0,LOW,0.0,0.0,25.0,0.0,0.0,2,15.0,0.0,False,1,False,False
R4215,R4215,U452,U452,I491,I491,2,2,2.25,LOW,0.0,0.0,15.0,0.0,0.0,2,0.0,0.0,False,0,False,False
R4216,R4216,U778,U778,I220,I220,4,4,6.0,LOW,0.0,0.0,25.0,0.0,0.0,4,15.0,0.0,False,1,False,False
R4217,R4217,U55,U55,I153,I153,1,1,38.0,MEDIUM,20.0,0.0,40.0,20.0,45.0,7,40.0,25.0,False,4,True,False
R4218,R4218,U87,U87,I5,I5,2,2,2.25,LOW,0.0,0.0,15.0,0.0,0.0,3,0.0,0.0,False,0,False,False
R4219,R4219,U561,U561,I461,I461,5,5,3.25,LOW,20.0,0.0,15.0,0.0,0.0,2,0.0,0.0,False,1,False,False
R4220,R4220,U633,U633,I58,I58,5,5,7.75,LOW,20.0,0.0,25.0,0.0,0.0,3,15.0,5.0,False,2,False,False
R4221,R4221,U490,U490,I148,I148,1,1,3.25,LOW,20.0,0.0,15.0,0.0,0.0,3,0.0,0.0,False,1,False,False
R4222,R4222,U832,U832,I443,I443,1,1,5.5,LOW,20.0,15.0,15.0,0.0,0.0,3,0.0,0.0,False,1,False,False
R4223,R4223,U244,U244,I369,I369,2,2,2.25,LOW,0.0,0.0,15.0,0.0,0.0,3,0.0,0.0,False,0,False,False
R4224,R4224,U23,U23,I390,I390,2,2,4.5,LOW,0.0,15.0,15.0,0.0,0.0,4,0.0,0.0,False,0,False,False
R4225,R4225,U975,U975,I409,I409,3,3,25.25,LOW,0.0,0.0,25.0,20.0,45.0,7,40.0,15.0,False,3,False,False
R4226,R4226,U376,U376,I220,I220,1,1,19.5,LOW,20.0,15.0,25.0,20.0,30.0,5,15.0,5.0,False,2,False,False
R4227,R4227,U78,U78,I131,I131,5,5,3.25,LOW,20.0,15.0,0.0,0.0,0.0,2,0.0,0.0,False,1,False,False
R4228,R4228,U788,U788,I200,I200,3,3,25.25,LOW,0.0,0.0,25.0,20.0,45.0,7,40.0,15.0,False,3,False,False
R4229,R4229,U846,U846,I366,I366,4,4,7.5,LOW,0.0,10.0,25.0,0.0,0.0,2,15.0,0.0,False,1,False,False
R4230,R4230,U355,U355,I384,I384,2,2,15.5,LOW,0.0,0.0,25.0,20.0,30.0,5,15.0,0.0,False,1,False,False
R4231,R4231,U724,U724,I440,I440,4,4,25.25,LOW,0.0,0.0,25.0,20.0,45.0,7,40.0,15.0,False,3,False,False
R4232,R4232,U231,U231,I38,I38,4,4,2.25,LOW,0.0,0.0,15.0,0.0,0.0,2,0.0,0.0,False,0,False,False
R4233,R4233,U764,U764,I106,I106,1,1,7.75,LOW,20.0,0.0,25.0,0.0,0.0,4,15.0,5.0,False,2,False,False
R4234,R4234,U26,U26,I427,I427,2,2,6.0,LOW,0.0,0.0,25.0,0.0,0.0,3,15.0,0.0,False,1,False,False
R4235,R4235,U509,U509,I491,I491,5,5,4.75,LOW,20.0,10.0,15.0,0.0,0.0,2,0.0,0.0,False,1,False,False
R4236,R4236,U78,U78,I47,I47,1,1,10.0,LOW,20.0,15.0,25.0,0.0,0.0,4,15.0,5.0,False,2,False,False
R4237,R4237,U789,U789,I455,I455,4,4,2.25,LOW,0.0,0.0,15.0,0.0,0.0,1,0.0,0.0,False,0,False,False
R4238,R4238,U977,U977,I96,I96,5,5,7.75,LOW,20.0,30.0,0.0,0.0,0.0,1,10.0,5.0,False,2,False,False
R4239,R4239,U388,U388,I440,I440,2,2,6.0,LOW,0.0,0.0,25.0,0.0,0.0,4,15.0,0.0,False,1,False,False
R4240,R4240,U434,U434,I204,I204,4,4,15.5,LOW,0.0,0.0,25.0,20.0,30.0,5,15.0,0.0,False,1,False,False
R4241,R4241,U13,U13,I176,I176,5,5,7.75,LOW,20.0,0.0,25.0,0.0,0.0,1,15.0,5.0,False,2,False,False
R4242,R4242,U287,U287,I206,I206,5,5,18.0,LOW,20.0,0.0,30.0,20.0,30.0,5,15.0,5.0,False,2,False,False
R4243,R4243,U406,U406,I351,I351,5,5,3.25,LOW,20.0,0.0,15.0,0.0,0.0,3,0.0,0.0,False,1,False,False
R4244,R4244,U881,U881,I366,I366,2,2,17.0,LOW,0.0,10.0,25.0,20.0,30.0,5,15.0,0.0,False,1,False,False
R4245,R4245,U223,U223,I353,I353,4,4,4.5,LOW,0.0,15.0,15.0,0.0,0.0,2,0.0,0.0,False,0,False,False
R4246,R4246,U29,U29,I252,I252,1,1,7.75,LOW,20.0,0.0,25.0,0.0,0.0,2,15.0,5.0,False,2,False,False
R4247,R4247,U697,U697,I162,I162,5,5,4.75,LOW,20.0,10.0,15.0,0.0,0.0,1,0.0,0.0,False,1,False,False
R4248,R4248,U800,U800,I13,I13,5,5,3.25,LOW,20.0,0.0,15.0,0.0,0.0,2,0.0,0.0,False,1,False,False
R4249,R4249,U887,U887,I467,I467,1,1,3.25,LOW,20.0,15.0,0.0,0.0,0.0,1,0.0,0.0,False,1,False,False
R4250,R4250,U671,U671,I24,I24,5,5,4.75,LOW,20.0,10.0,15.0,0.0,0.0,1,0.0,0.0,False,1,False,False
R4251,R4251,U202,U202,I127,I127,2,2,2.25,LOW,0.0,0.0,15.0,0.0,0.0,3,0.0,0.0,False,0,False,False
R4252,R4252,U305,U305,I110,I110,1,1,1.0,LOW,20.0,0.0,0.0,0.0,0.0,1,0.0,0.0,False,1,False,False
R4253,R4253,U415,U415,I172,I172,5,5,3.25,LOW,20.0,0.0,15.0,0.0,0.0,4,0.0,0.0,False,1,False,False
R4254,R4254,U300,U300,I146,I146,5,5,7.75,LOW,20.0,0.0,25.0,0.0,0.0,4,15.0,5.0,False,2,False,False
R4255,R4255,U538,U538,I282,I282,2,2,2.25,LOW,0.0,0.0,15.0,0.0,0.0,1,0.0,0.0,False,0,False,False
R4256,R4256,U896,U896,I333,I333,2,2,2.25,LOW,0.0,0.0,15.0,0.0,0.0,2,0.0,0.0,False,0,False,False
R4257,R4257,U479,U479,I171,I171,5,5,3.25,LOW,20.0,0.0,15.0,0.0,0.0,3,0.0,0.0,False,1,False,False
R4258,R4258,U5,U5,I430,I430,5,5,9.25,LOW,20.0,10.0,25.0,0.0,0.0,3,15.0,5.0,False,2,False,False
R4259,R4259,U190,U190,I72,I72,5,5,3.25,LOW,20.0,0.0,15.0,0.0,0.0,4,0.0,0.0,False,1,False,False
R4260,R4260,U935,U935,I277,I277,2,2,6.0,LOW,0.0,0.0,25.0,0.0,0.0,4,15.0,0.0,False,1,False,False
R4261,R4261,U382,U382,I281,I281,3,3,2.25,LOW,0.0,0.0,15.0,0.0,0.0,3,0.0,0.0,False,0,False,False
R4262,R4262,U280,U280,I182,I182,3,3,8.25,LOW,0.0,15.0,25.0,0.0,0.0,4,15.0,0.0,False,1,False,False
R4263,R4263,U216,U216,I317,I317,1,1,1.0,LOW,20.0,0.0,0.0,0.0,0.0,1,0.0,0.0,False,1,False,False
R4264,R4264,U977,U977,I215,I215,1,1,15.25,LOW,20.0,30.0,25.0,0.0,0.0,1,25.0,15.0,False,3,False,False
R4265,R4265,U941,U941,I159,I159,5,5,7.75,LOW,20.0,0.0,25.0,0.0,0.0,4,15.0,5.0,False,2,False,False
R4266,R4266,U796,U796,I384,I384,2,2,15.5,LOW,0.0,0.0,25.0,20.0,30.0,5,15.0,0.0,False,1,False,False
R4267,R4267,U507,U507,I277,I277,5,5,10.0,LOW,20.0,15.0,25.0,0.0,0.0,2,15.0,5.0,False,2,False,False
R4268,R4268,U560,U560,I363,I363,4,4,6.0,LOW,0.0,0.0,25.0,0.0,0.0,2,15.0,0.0,False,1,False,False
R4269,R4269,U405,U405,I449,I449,5,5,12.75,LOW,20.0,0.0,15.0,20.0,30.0,5,0.0,0.0,False,1,False,False
R4270,R4270,U197,U197,I74,I74,2,2,4.5,LOW,0.0,15.0,15.0,0.0,0.0,2,0.0,0.0,False,0,False,False
R4271,R4271,U17,U17,I16,I16,3,3,17.0,LOW,0.0,10.0,25.0,20.0,30.0,5,15.0,0.0,False,1,False,False
R4272,R4272,U241,U241,I210,I210,3,3,3.75,LOW,0.0,10.0,15.0,0.0,0.0,4,0.0,0.0,False,0,False,False
R4273,R4273,U372,U372,I265,I265,3,3,2.25,LOW,0.0,0.0,15.0,0.0,0.0,3,0.0,0.0,False,0,False,False
R4274,R4274,U431,U431,I460,I460,3,3,6.0,LOW,0.0,0.0,25.0,0.0,0.0,4,15.0,0.0,False,1,False,False
R4275,R4275,U441,U441,I377,I377,4,4,2.25,LOW,0.0,0.0,15.0,0.0,0.0,1,0.0,0.0,False,0,False,False
R4276,R4276,U272,U272,I50,I50,4,4,17.0,LOW,0.0,10.0,25.0,20.0,30.0,6,15.0,0.0,False,1,False,False
R4277,R4277,U502,U502,I392,I392,1,1,19.5,LOW,20.0,15.0,25.0,20.0,30.0,5,15.0,5.0,False,2,False,False
R4278,R4278,U39,U39,I204,I204,2,2,8.25,LOW,0.0,15.0,25.0,0.0,0.0,3,15.0,0.0,False,1,False,False
R4279,R4279,U468,U468,I170,I170,3,3,2.25,LOW,0.0,0.0,15.0,0.0,0.0,4,0.0,0.0,False,0,False,False
R4280,R4280,U588,U588,I226,I226,4,4,2.25,LOW,0.0,0.0,15.0,0.0,0.0,2,0.0,0.0,False,0,False,False
R4281,R4281,U38,U38,I62,I62,3,3,2.25,LOW,0.0,0.0,15.0,0.0,0.0,2,0.0,0.0,False,0,False,False
R4282,R4282,U525,U525,I154,I154,1,1,3.25,LOW,20.0,0.0,15.0,0.0,0.0,3,0.0,0.0,False,1,False,False
R4283,R4283,U105,U105,I56,I56,3,3,6.0,LOW,0.0,0.0,25.0,0.0,0.0,2,15.0,0.0,False,1,False,False
R4284,R4284,U818,U818,I40,I40,3,3,15.5,LOW,0.0,0.0,25.0,20.0,30.0,6,15.0,0.0,False,1,False,False
R4285,R4285,U182,U182,I278,I278,1,1,3.25,LOW,20.0,0.0,15.0,0.0,0.0,3,0.0,0.0,False,1,False,False
R4286,R4286,U319,U319,I364,I364,2,2,2.25,LOW,0.0,0.0,15.0,0.0,0.0,2,0.0,0.0,False,0,False,False
R4287,R4287,U388,U388,I456,I456,1,1,7.75,LOW,20.0,0.0,25.0,0.0,0.0,2,15.0,5.0,False,2,False,False
R4288,R4288,U424,U424,I275,I275,4,4,6.0,LOW,0.0,0.0,25.0,0.0,0.0,2,15.0,0.0,False,1,False,False
R4289,R4289,U104,U104,I157,I157,4,4,0.0,LOW,0.0,0.0,0.0,0.0,0.0,3,0.0,0.0,False,0,False,False
R4290,R4290,U880,U880,I101,I101,4,4,6.0,LOW,0.0,0.0,25.0,0.0,0.0,2,15.0,0.0,False,1,False,False
R4291,R4291,U91,U91,I264,I264,5,5,12.75,LOW,20.0,0.0,15.0,20.0,30.0,5,0.0,0.0,False,1,False,False
R4292,R4292,U409,U409,I383,I383,1,1,7.75,LOW,20.0,0.0,25.0,0.0,0.0,3,15.0,5.0,False,2,False,False
R4293,R4293,U349,U349,I173,I173,3,3,2.25,LOW,0.0,0.0,15.0,0.0,0.0,2,0.0,0.0,False,0,False,False
R4294,R4294,U994,U994,I179,I179,3,3,2.25,LOW,0.0,0.0,15.0,0.0,0.0,1,0.0,0.0,False,0,False,False
R4295,R4295,U759,U759,I203,I203,5,5,17.25,LOW,20.0,0.0,25.0,20.0,30.0,5,15.0,5.0,False,2,False,False
R4296,R4296,U388,U388,I259,I259,3,3,0.0,LOW,0.0,0.0,0.0,0.0,0.0,2,0.0,0.0,False,0,False,False
R4297,R4297,U511,U511,I231,I231,1,1,7.75,LOW,20.0,0.0,25.0,0.0,0.0,4,15.0,5.0,False,2,False,False
R4298,R4298,U826,U826,I13,I13,2,2,2.25,LOW,0.0,0.0,15.0,0.0,0.0,3,0.0,0.0,False,0,False,False
R4299,R4299,U898,U898,I409,I409,3,3,25.25,LOW,0.0,0.0,25.0,20.0,45.0,7,40.0,15.0,False,3,False,False
R4300,R4300,U702,U702,I161,I161,3,3,2.25,LOW,0.0,0.0,15.0,0.0,0.0,3,0.0,0.0,False,0,False,False
R4301,R4301,U867,U867,I290,I290,3,3,2.25,LOW,0.0,0.0,15.0,0.0,0.0,2,0.0,0.0,False,0,False,False
R4302,R4302,U420,U420,I403,I403,4,4,15.5,LOW,0.0,0.0,25.0,20.0,30.0,5,15.0,0.0,False,1,False,False
R4303,R4303,U9,U9,I118,I118,1,1,3.25,LOW,20.0,0.0,15.0,0.0,0.0,4,0.0,0.0,False,1,False,False
R4304,R4304,U94,U94,I307,I307,4,4,15.5,LOW,0.0,0.0,25.0,20.0,30.0,5,15.0,0.0,False,1,False,False
R4305,R4305,U140,U140,I77,I77,4,4,2.25,LOW,0.0,0.0,15.0,0.0,0.0,2,0.0,0.0,False,0,False,False
R4306,R4306,U979,U979,I112,I112,5,5,9.25,LOW,20.0,25.0,15.0,0.0,0.0,1,10.0,5.0,False,2,False,False
R4307,R4307,U819,U819,I300,I300,4,4,6.0,LOW,0.0,0.0,25.0,0.0,0.0,2,15.0,0.0,False,1,False,False
R4308,R4308,U703,U703,I64,I64,1,1,7.75,LOW,20.0,0.0,25.0,0.0,0.0,2,15.0,5.0,False,2,False,False
R4309,R4309,U877,U877,I372,I372,4,4,2.25,LOW,0.0,0.0,15.0,0.0,0.0,3,0.0,0.0,False,0,False,False
R4310,R4310,U893,U893,I411,I411,2,2,0.0,LOW,0.0,0.0,0.0,0.0,0.0,2,0.0,0.0,False,0,False,False
R4311,R4311,U816,U816,I271,I271,2,2,15.5,LOW,0.0,0.0,25.0,20.0,30.0,6,15.0,0.0,False,1,False,False
R4312,R4312,U376,U376,I336,I336,1,1,3.25,LOW,20.0,15.0,0.0,0.0,0.0,1,0.0,0.0,False,1,False,False
R4313,R4313,U332,U332,I428,I428,4,4,2.25,LOW,0.0,0.0,15.0,0.0,0.0,3,0.0,0.0,False,0,False,False
R4314,R4314,U808,U808,I299,I299,2,2,6.0,LOW,0.0,0.0,25.0,0.0,0.0,4,15.0,0.0,False,1,False,False
R4315,R4315,U30,U30,I399,I399,5,5,5.5,LOW,20.0,15.0,15.0,0.0,0.0,3,0.0,0.0,False,1,False,False
R4316,R4316,U87,U87,I208,I208,3,3,2.25,LOW,0.0,0.0,15.0,0.0,0.0,1,0.0,0.0,False,0,False,False
R4317,R4317,U556,U556,I58,I58,1,1,7.75,LOW,20.0,0.0,25.0,0.0,0.0,2,15.0,5.0,False,2,False,False
R4318,R4318,U421,U421,I411,I411,3,3,0.0,LOW,0.0,0.0,0.0,0.0,0.0,1,0.0,0.0,False,0,False,False
R4319,R4319,U792,U792,I484,I484,1,1,7.75,LOW,20.0,0.0,25.0,0.0,0.0,2,15.0,5.0,False,2,False,False
R4320,R4320,U281,U281,I417,I417,5,5,1.0,LOW,20.0,0.0,0.0,0.0,0.0,1,0.0,0.0,False,1,False,False
R4321,R4321,U257,U257,I287,I287,3,3,6.0,LOW,0.0,0.0,25.0,0.0,0.0,3,15.0,0.0,False,1,False,False
R4322,R4322,U892,U892,I381,I381,4,4,7.5,LOW,0.0,10.0,25.0,0.0,0.0,3,15.0,0.0,False,1,False,False
R4323,R4323,U34,U34,I7,I7,4,4,0.0,LOW,0.0,0.0,0.0,0.0,0.0,1,0.0,0.0,False,0,False,False
R4324,R4324,U829,U829,I249,I249,5,5,3.25,LOW,20.0,0.0,15.0,0.0,0.0,3,0.0,0.0,False,1,False,False
R4325,R4325,U729,U729,I338,I338,5,5,1.0,LOW,20.0,0.0,0.0,0.0,0.0,1,0.0,0.0,False,1,False,False
R4326,R4326,U897,U897,I363,I363,1,1,7.75,LOW,20.0,0.0,25.0,0.0,0.0,4,15.0,5.0,False,2,False,False
R4327,R4327,U830,U830,I92,I92,5,5,7.75,LOW,20.0,0.0,25.0,0.0,0.0,3,15.0,5.0,False,2,False,False
R4328,R4328,U261,U261,I145,I145,5,5,19.5,LOW,20.0,15.0,25.0,20.0,30.0,5,15.0,5.0,False,2,False,False
R4329,R4329,U396,U396,I219,I219,5,5,3.25,LOW,20.0,0.0,15.0,0.0,0.0,3,0.0,0.0,False,1,False,False
R4330,R4330,U300,U300,I70,I70,1,1,3.25,LOW,20.0,0.0,15.0,0.0,0.0,2,0.0,0.0,False,1,False,False
R4331,R4331,U769,U769,I356,I356,4,4,0.0,LOW,0.0,0.0,0.0,0.0,0.0,3,0.0,0.0,False,0,False,False
R4332,R4332,U714,U714,I496,I496,3,3,6.0,LOW,0.0,0.0,25.0,0.0,0.0,4,15.0,0.0,False,1,False,False
R4333,R4333,U133,U133,I243,I243,3,3,2.25,LOW,0.0,0.0,15.0,0.0,0.0,3,0.0,0.0,False,0,False,False
R4334,R4334,U512,U512,I3,I3,1,1,3.25,LOW,20.0,0.0,15.0,0.0,0.0,1,0.0,0.0,False,1,False,False
R4335,R4335,U424,U424,I495,I495,1,1,3.25,LOW,20.0,0.0,15.0,0.0,0.0,2,0.0,0.0,False,1,False,False
R4336,R4336,U457,U457,I104,I104,3,3,15.5,LOW,0.0,0.0,25.0,20.0,30.0,6,15.0,0.0,False,1,False,False
R4337,R4337,U472,U472,I296,I296,3,3,15.5,LOW,0.0,0.0,25.0,20.0,30.0,5,15.0,0.0,False,1,False,False
R4338,R4338,U769,U769,I163,I163,5,5,7.75,LOW,20.0,0.0,25.0,0.0,0.0,2,15.0,5.0,False,2,False,False
R4339,R4339,U239,U239,I160,I160,1,1,7.75,LOW,20.0,0.0,25.0,0.0,0.0,4,15.0,5.0,False,2,False,False
R4340,R4340,U728,U728,I108,I108,5,5,4.75,LOW,20.0,10.0,15.0,0.0,0.0,3,0.0,0.0,False,1,False,False
R4341,R4341,U843,U843,I83,I83,4,4,6.0,LOW,0.0,0.0,25.0,0.0,0.0,2,15.0,0.0,False,1,False,False
R4342,R4342,U931,U931,I374,I374,5,5,5.5,LOW,20.0,15.0,15.0,0.0,0.0,2,0.0,0.0,False,1,False,False
R4343,R4343,U498,U498,I367,I367,1,1,7.75,LOW,20.0,0.0,25.0,0.0,0.0,4,15.0,5.0,False,2,False,False
R4344,R4344,U978,U978,I349,I349,1,1,3.25,LOW,20.0,0.0,15.0,0.0,0.0,2,0.0,0.0,False,1,False,False
R4345,R4345,U92,U92,I227,I227,1,1,3.25,LOW,20.0,0.0,15.0,0.0,0.0,2,0.0,0.0,False,1,False,False
R4346,R4346,U569,U569,I494,I494,1,1,35.75,MEDIUM,20.0,0.0,25.0,20.0,45.0,7,40.0,25.0,False,4,True,False
R4347,R4347,U699,U699,I364,I364,5,5,5.5,LOW,20.0,15.0,15.0,0.0,0.0,2,0.0,0.0,False,1,False,False
R4348,R4348,U651,U651,I335,I335,3,3,6.0,LOW,0.0,0.0,25.0,0.0,0.0,4,15.0,0.0,False,1,False,False
R4349,R4349,U414,U414,I487,I487,1,1,10.0,LOW,20.0,15.0,25.0,0.0,0.0,1,15.0,5.0,False,2,False,False
R4350,R4350,U756,U756,I122,I122,1,1,3.25,LOW,20.0,0.0,15.0,0.0,0.0,2,0.0,0.0,False,1,False,False
R4351,R4351,U894,U894,I398,I398,5,5,7.75,LOW,20.0,0.0,25.0,0.0,0.0,3,15.0,5.0,False,2,False,False
R4352,R4352,U572,U572,I144,I144,1,1,3.25,LOW,20.0,15.0,0.0,0.0,0.0,2,0.0,0.0,False,1,False,False
R4353,R4353,U943,U943,I436,I436,3,3,0.0,LOW,0.0,0.0,0.0,0.0,0.0,3,0.0,0.0,False,0,False,False
R4354,R4354,U640,U640,I361,I361,2,2,2.25,LOW,0.0,0.0,15.0,0.0,0.0,4,0.0,0.0,False,0,False,False
R4355,R4355,U730,U730,I179,I179,2,2,2.25,LOW,0.0,0.0,15.0,0.0,0.0,1,0.0,0.0,False,0,False,False
R4356,R4356,U206,U206,I327,I327,2,2,6.0,LOW,0.0,0.0,25.0,0.0,0.0,3,15.0,0.0,False,1,False,False
R4357,R4357,U173,U173,I345,I345,5,5,7.75,LOW,20.0,0.0,25.0,0.0,0.0,4,15.0,5.0,False,2,False,False
R4358,R4358,U730,U730,I183,I183,4,4,0.0,LOW,0.0,0.0,0.0,0.0,0.0,3,0.0,0.0,False,0,False,False
R4359,R4359,U503,U503,I293,I293,5,5,7.75,LOW,20.0,0.0,25.0,0.0,0.0,3,15.0,5.0,False,2,False,False
R4360,R4360,U675,U675,I106,I106,1,1,10.0,LOW,20.0,15.0,25.0,0.0,0.0,4,15.0,5.0,False,2,False,False
R4361,R4361,U424,U424,I453,I453,3,3,15.5,LOW,0.0,0.0,25.0,20.0,30.0,5,15.0,0.0,False,1,False,False
R4362,R4362,U280,U280,I326,I326,4,4,2.25,LOW,0.0,15.0,0.0,0.0,0.0,4,0.0,0.0,False,0,False,False
R4363,R4363,U483,U483,I49,I49,1,1,7.75,LOW,20.0,0.0,25.0,0.0,0.0,3,15.0,5.0,False,2,False,False
R4364,R4364,U530,U530,I286,I286,2,2,15.5,LOW,0.0,0.0,25.0,20.0,30.0,6,15.0,0.0,False,1,False,False
R4365,R4365,U746,U746,I33,I33,5,5,12.75,LOW,20.0,0.0,15.0,20.0,30.0,6,0.0,0.0,False,1,False,False
R4366,R4366,U982,U982,I19,I19,5,5,7.75,LOW,20.0,0.0,25.0,0.0,0.0,4,15.0,5.0,False,2,False,False
R4367,R4367,U284,U284,I37,I37,1,1,10.0,LOW,20.0,15.0,25.0,0.0,0.0,4,15.0,5.0,False,2,False,False
R4368,R4368,U745,U745,I295,I295,1,1,3.25,LOW,20.0,0.0,15.0,0.0,0.0,4,0.0,0.0,False,1,False,False
R4369,R4369,U426,U426,I61,I61,1,1,3.25,LOW,20.0,0.0,15.0,0.0,0.0,2,0.0,0.0,False,1,False,False
R4370,R4370,U955,U955,I205,I205,3,3,6.0,LOW,0.0,0.0,25.0,0.0,0.0,3,15.0,0.0,False,1,False,False
R4371,R4371,U390,U390,I364,I364,1,1,3.25,LOW,20.0,0.0,15.0,0.0,0.0,4,0.0,0.0,False,1,False,False
R4372,R4372,U596,U596,I438,I438,5,5,4.75,LOW,20.0,10.0,15.0,0.0,0.0,1,0.0,0.0,False,1,False,False
R4373,R4373,U61,U61,I388,I388,5,5,4.75,LOW,20.0,10.0,15.0,0.0,0.0,4,0.0,0.0,False,1,False,False
R4374,R4374,U371,U371,I409,I409,3,3,25.25,LOW,0.0,0.0,25.0,20.0,45.0,7,40.0,15.0,False,3,False,False
R4375,R4375,U749,U749,I392,I392,3,3,6.0,LOW,0.0,0.0,25.0,0.0,0.0,3,15.0,0.0,False,1,False,False
R4376,R4376,U217,U217,I491,I491,5,5,3.25,LOW,20.0,0.0,15.0,0.0,0.0,2,0.0,0.0,False,1,False,False
R4377,R4377,U878,U878,I333,I333,3,3,2.25,LOW,0.0,0.0,15.0,0.0,0.0,4,0.0,0.0,False,0,False,False
R4378,R4378,U189,U189,I123,I123,4,4,2.25,LOW,0.0,0.0,15.0,0.0,0.0,2,0.0,0.0,False,0,False,False
R4379,R4379,U685,U685,I247,I247,3,3,0.0,LOW,0.0,0.0,0.0,0.0,0.0,1,0.0,0.0,False,0,False,False
R4380,R4380,U690,U690,I429,I429,4,4,2.25,LOW,0.0,0.0,15.0,0.0,0.0,4,0.0,0.0,False,0,False,False
R4381,R4381,U4,U4,I28,I28,4,4,2.25,LOW,0.0,0.0,15.0,0.0,0.0,4,0.0,0.0,False,0,False,False
R4382,R4382,U573,U573,I454,I454,1,1,27.75,LOW,20.0,25.0,25.0,20.0,30.0,6,25.0,40.0,False,4,False,False
R4383,R4383,U150,U150,I174,I174,2,2,2.25,LOW,0.0,0.0,15.0,0.0,0.0,1,0.0,0.0,False,0,False,False
R4384,R4384,U342,U342,I476,I476,1,1,5.5,LOW,20.0,15.0,15.0,0.0,0.0,1,0.0,0.0,False,1,False,False
R4385,R4385,U88,U88,I384,I384,5,5,7.75,LOW,20.0,0.0,25.0,0.0,0.0,3,15.0,5.0,False,2,False,False
R4386,R4386,U563,U563,I496,I496,2,2,6.0,LOW,0.0,0.0,25.0,0.0,0.0,3,15.0,0.0,False,1,False,False
R4387,R4387,U169,U169,I207,I207,4,4,6.0,LOW,0.0,0.0,25.0,0.0,0.0,3,15.0,0.0,False,1,False,False
R4388,R4388,U994,U994,I299,I299,1,1,7.75,LOW,20.0,0.0,25.0,0.0,0.0,2,15.0,5.0,False,2,False,False
R4389,R4389,U418,U418,I340,I340,4,4,2.25,LOW,0.0,0.0,15.0,0.0,0.0,2,0.0,0.0,False,0,False,False
R4390,R4390,U745,U745,I9,I9,2,2,2.25,LOW,0.0,0.0,15.0,0.0,0.0,2,0.0,0.0,False,0,False,False
R4391,R4391,U440,U440,I184,I184,2,2,1.5,LOW,0.0,10.0,0.0,0.0,0.0,2,0.0,0.0,False,0,False,False
R4392,R4392,U220,U220,I424,I424,5,5,7.75,LOW,20.0,0.0,25.0,0.0,0.0,4,15.0,5.0,False,2,False,False
R4393,R4393,U369,U369,I235,I235,1,1,10.0,LOW,20.0,15.0,25.0,0.0,0.0,2,15.0,5.0,False,2,False,False
R4394,R4394,U314,U314,I206,I206,5,5,20.25,LOW,20.0,15.0,30.0,20.0,30.0,5,15.0,5.0,False,2,False,False
R4395,R4395,U998,U998,I55,I55,1,1,3.25,LOW,20.0,0.0,15.0,0.0,0.0,4,0.0,0.0,False,1,False,False
R4396,R4396,U193,U193,I349,I349,4,4,3.75,LOW,0.0,10.0,15.0,0.0,0.0,2,0.0,0.0,False,0,False,False
R4397,R4397,U851,U851,I387,I387,5,5,3.25,LOW,20.0,0.0,15.0,0.0,0.0,4,0.0,0.0,False,1,False,False
R4398,R4398,U457,U457,I23,I23,2,2,2.25,LOW,0.0,0.0,15.0,0.0,0.0,4,0.0,0.0,False,0,False,False
R4399,R4399,U532,U532,I397,I397,1,1,4.75,LOW,20.0,10.0,15.0,0.0,0.0,3,0.0,0.0,False,1,False,False
R4400,R4400,U646,U646,I262,I262,4,4,6.0,LOW,0.0,0.0,25.0,0.0,0.0,2,15.0,0.0,False,1,False,False
R4401,R4401,U721,U721,I391,I391,4,4,0.0,LOW,0.0,0.0,0.0,0.0,0.0,2,0.0,0.0,False,0,False,False
R4402,R4402,U826,U826,I480,I480,5,5,7.75,LOW,20.0,0.0,25.0,0.0,0.0,2,15.0,5.0,False,2,False,False
R4403,R4403,U168,U168,I18,I18,4,4,0.0,LOW,0.0,0.0,0.0,0.0,0.0,1,0.0,0.0,False,0,False,False
R4404,R4404,U723,U723,I17,I17,5,5,1.0,LOW,20.0,0.0,0.0,0.0,0.0,4,0.0,0.0,False,1,False,False
R4405,R4405,U240,U240,I139,I139,5,5,3.25,LOW,20.0,0.0,15.0,0.0,0.0,4,0.0,0.0,False,1,False,False
R4406,R4406,U608,U608,I79,I79,4,4,2.25,LOW,0.0,0.0,15.0,0.0,0.0,2,0.0,0.0,False,0,False,False
R4407,R4407,U739,U739,I155,I155,5,5,3.25,LOW,20.0,0.0,15.0,0.0,0.0,1,0.0,0.0,False,1,False,False
R4408,R4408,U885,U885,I209,I209,2,2,2.25,LOW,0.0,0.0,15.0,0.0,0.0,1,0.0,0.0,False,0,False,False
R4409,R4409,U419,U419,I177,I177,1,1,3.25,LOW,20.0,0.0,15.0,0.0,0.0,1,0.0,0.0,False,1,False,False
R4410,R4410,U817,U817,I146,I146,3,3,6.0,LOW,0.0,0.0,25.0,0.0,0.0,4,15.0,0.0,False,1,False,False
R4411,R4411,U404,U404,I162,I162,4,4,2.25,LOW,0.0,0.0,15.0,0.0,0.0,4,0.0,0.0,False,0,False,False
R4412,R4412,U437,U437,I241,I241,4,4,2.25,LOW,0.0,0.0,15.0,0.0,0.0,2,0.0,0.0,False,0,False,False
R4413,R4413,U693,U693,I141,I141,1,1,5.5,LOW,20.0,15.0,15.0,0.0,0.0,2,0.0,0.0,False,1,False,False
R4414,R4414,U522,U522,I82,I82,5,5,3.25,LOW,20.0,0.0,15.0,0.0,0.0,3,0.0,0.0,False,1,False,False
R4415,R4415,U457,U457,I300,I300,3,3,6.0,LOW,0.0,0.0,25.0,0.0,0.0,4,15.0,0.0,False,1,False,False
R4416,R4416,U488,U488,I295,I295,3,3,2.25,LOW,0.0,0.0,15.0,0.0,0.0,1,0.0,0.0,False,0,False,False
R4417,R4417,U879,U879,I470,I470,1,1,7.75,LOW,20.0,0.0,25.0,0.0,0.0,3,15.0,5.0,False,2,False,False
R4418,R4418,U314,U314,I170,I170,2,2,4.5,LOW,0.0,15.0,15.0,0.0,0.0,4,0.0,0.0,False,0,False,False
R4419,R4419,U152,U152,I31,I31,2,2,15.5,LOW,0.0,0.0,25.0,20.0,30.0,5,15.0,0.0,False,1,False,False
R4420,R4420,U998,U998,I91,I91,4,4,0.0,LOW,0.0,0.0,0.0,0.0,0.0,1,0.0,0.0,False,0,False,False
R4421,R4421,U231,U231,I29,I29,2,2,2.25,LOW,0.0,0.0,15.0,0.0,0.0,4,0.0,0.0,False,0,False,False
R4422,R4422,U865,U865,I380,I380,4,4,0.0,LOW,0.0,0.0,0.0,0.0,0.0,2,0.0,0.0,False,0,False,False
R4423,R4423,U974,U974,I462,I462,3,3,0.0,LOW,0.0,0.0,0.0,0.0,0.0,2,0.0,0.0,False,0,False,False
R4424,R4424,U175,U175,I487,I487,3,3,7.5,LOW,0.0,10.0,25.0,0.0,0.0,3,15.0,0.0,False,1,False,False
R4425,R4425,U228,U228,I123,I123,1,1,4.75,LOW,20.0,10.0,15.0,0.0,0.0,2,0.0,0.0,False,1,False,False
R4426,R4426,U932,U932,I366,I366,1,1,7.75,LOW,20.0,0.0,25.0,0.0,0.0,3,15.0,5.0,False,2,False,False
R4427,R4427,U771,U771,I396,I396,3,3,2.25,LOW,0.0,0.0,15.0,0.0,0.0,2,0.0,0.0,False,0,False,False
R4428,R4428,U40,U40,I375,I375,4,4,1.5,LOW,0.0,10.0,0.0,0.0,0.0,1,0.0,0.0,False,0,False,False
R4429,R4429,U343,U343,I44,I44,4,4,0.0,LOW,0.0,0.0,0.0,0.0,0.0,1,0.0,0.0,False,0,False,False
R4430,R4430,U351,U351,I75,I75,2,2,6.0,LOW,0.0,0.0,25.0,0.0,0.0,3,15.0,0.0,False,1,False,False
R4431,R4431,U476,U476,I204,I204,4,4,17.0,LOW,0.0,10.0,25.0,20.0,30.0,5,15.0,0.0,False,1,False,False
R4432,R4432,U125,U125,I64,I64,3,3,7.5,LOW,0.0,10.0,25.0,0.0,0.0,2,15.0,0.0,False,1,False,False
R4433,R4433,U571,U571,I102,I102,4,4,0.0,LOW,0.0,0.0,0.0,0.0,0.0,1,0.0,0.0,False,0,False,False
R4434,R4434,U648,U648,I294,I294,5,5,12.75,LOW,20.0,0.0,15.0,20.0,30.0,5,0.0,0.0,False,1,False,False
R4435,R4435,U63,U63,I368,I368,3,3,7.5,LOW,0.0,10.0,25.0,0.0,0.0,3,15.0,0.0,False,1,False,False
R4436,R4436,U409,U409,I370,I370,4,4,15.5,LOW,0.0,0.0,25.0,20.0,30.0,6,15.0,0.0,False,1,False,False
R4437,R4437,U953,U953,I106,I106,2,2,25.25,LOW,0.0,0.0,25.0,20.0,45.0,8,40.0,15.0,False,3,False,False
R4438,R4438,U504,U504,I222,I222,2,2,8.25,LOW,0.0,15.0,25.0,0.0,0.0,4,15.0,0.0,False,1,False,False
R4439,R4439,U264,U264,I66,I66,2,2,2.25,LOW,0.0,0.0,15.0,0.0,0.0,2,0.0,0.0,False,0,False,False
R4440,R4440,U966,U966,I181,I181,4,4,2.25,LOW,0.0,0.0,15.0,0.0,0.0,3,0.0,0.0,False,0,False,False
R4441,R4441,U791,U791,I484,I484,5,5,7.75,LOW,20.0,0.0,25.0,0.0,0.0,4,15.0,5.0,False,2,False,False
R4442,R4442,U476,U476,I71,I71,2,2,3.75,LOW,0.0,10.0,15.0,0.0,0.0,1,0.0,0.0,False,0,False,False
R4443,R4443,U690,U690,I90,I90,2,2,6.0,LOW,0.0,0.0,25.0,0.0,0.0,3,15.0,0.0,False,1,False,False
R4444,R4444,U768,U768,I296,I296,2,2,6.0,LOW,0.0,0.0,25.0,0.0,0.0,2,15.0,0.0,False,1,False,False
R4445,R4445,U36,U36,I119,I119,2,2,2.25,LOW,0.0,0.0,15.0,0.0,0.0,2,0.0,0.0,False,0,False,False
R4446,R4446,U482,U482,I422,I422,1,1,3.25,LOW,20.0,0.0,15.0,0.0,0.0,2,0.0,0.0,False,1,False,False
R4447,R4447,U556,U556,I354,I354,5,5,3.25,LOW,20.0,0.0,15.0,0.0,0.0,2,0.0,0.0,False,1,False,False
R4448,R4448,U145,U145,I335,I335,2,2,6.0,LOW,0.0,0.0,25.0,0.0,0.0,2,15.0,0.0,False,1,False,False
R4449,R4449,U958,U958,I458,I458,1,1,4.75,LOW,20.0,10.0,15.0,0.0,0.0,2,0.0,0.0,False,1,False,False
R4450,R4450,U760,U760,I228,I228,1,1,3.25,LOW,20.0,0.0,15.0,0.0,0.0,2,0.0,0.0,False,1,False,False
R4451,R4451,U202,U202,I97,I97,2,2,2.25,LOW,0.0,0.0,15.0,0.0,0.0,3,0.0,0.0,False,0,False,False
R4452,R4452,U201,U201,I349,I349,1,1,3.25,LOW,20.0,0.0,15.0,0.0,0.0,2,0.0,0.0,False,1,False,False
R4453,R4453,U641,U641,I275,I275,5,5,7.75,LOW,20.0,0.0,25.0,0.0,0.0,4,15.0,5.0,False,2,False,False
R4454,R4454,U546,U546,I143,I143,3,3,7.5,LOW,0.0,10.0,25.0,0.0,0.0,3,15.0,0.0,False,1,False,False
R4455,R4455,U649,U649,I392,I392,1,1,19.5,LOW,20.0,15.0,25.0,20.0,30.0,5,15.0,5.0,False,2,False,False
R4456,R4456,U368,U368,I330,I330,4,4,6.0,LOW,0.0,0.0,25.0,0.0,0.0,4,15.0,0.0,False,1,False,False
R4457,R4457,U640,U640,I472,I472,1,1,17.25,LOW,20.0,0.0,25.0,20.0,30.0,6,15.0,5.0,False,2,False,False
R4458,R4458,U475,U475,I112,I112,4,4,11.75,LOW,0.0,0.0,15.0,20.0,30.0,5,0.0,0.0,False,0,False,False
R4459,R4459,U606,U606,I268,I268,3,3,2.25,LOW,0.0,0.0,15.0,0.0,0.0,2,0.0,0.0,False,0,False,False
R4460,R4460,U957,U957,I351,I351,1,1,9.25,LOW,20.0,25.0,15.0,0.0,0.0,2,10.0,5.0,False,2,False,False
R4461,R4461,U972,U972,I215,I215,5,5,7.75,LOW,20.0,0.0,25.0,0.0,0.0,3,15.0,5.0,False,2,False,False
R4462,R4462,U394,U394,I276,I276,1,1,3.25,LOW,20.0,0.0,15.0,0.0,0.0,3,0.0,0.0,False,1,False,False
R4463,R4463,U642,U642,I197,I197,3,3,0.0,LOW,0.0,0.0,0.0,0.0,0.0,1,0.0,0.0,False,0,False,False
R4464,R4464,U864,U864,I361,I361,3,3,2.25,LOW,0.0,0.0,15.0,0.0,0.0,2,0.0,0.0,False,0,False,False
R4465,R4465,U309,U309,I372,I372,2,2,2.25,LOW,0.0,0.0,15.0,0.0,0.0,2,0.0,0.0,False,0,False,False
R4466,R4466,U376,U376,I250,I250,5,5,5.5,LOW,20.0,15.0,15.0,0.0,0.0,3,0.0,0.0,False,1,False,False
R4467,R4467,U474,U474,I317,I317,2,2,0.0,LOW,0.0,0.0,0.0,0.0,0.0,3,0.0,0.0,False,0,False,False
R4468,R4468,U296,U296,I15,I15,3,3,15.5,LOW,0.0,0.0,25.0,20.0,30.0,5,15.0,0.0,False,1,False,False
R4469,R4469,U730,U730,I74,I74,4,4,2.25,LOW,0.0,0.0,15.0,0.0,0.0,2,0.0,0.0,False,0,False,False
R4470,R4470,U663,U663,I496,I496,5,5,18.75,LOW,20.0,10.0,25.0,20.0,30.0,5,15.0,5.0,False,2,False,False
R4471,R4471,U534,U534,I271,I271,3,3,6.0,LOW,0.0,0.0,25.0,0.0,0.0,3,15.0,0.0,False,1,False,False
R4472,R4472,U209,U209,I134,I134,2,2,2.25,LOW,0.0,0.0,15.0,0.0,0.0,2,0.0,0.0,False,0,False,False
R4473,R4473,U569,U569,I109,I109,5,5,1.0,LOW,20.0,0.0,0.0,0.0,0.0,3,0.0,0.0,False,1,False,False
R4474,R4474,U226,U226,I308,I308,4,4,2.25,LOW,0.0,0.0,15.0,0.0,0.0,3,0.0,0.0,False,0,False,False
R4475,R4475,U932,U932,I310,I310,4,4,2.25,LOW,0.0,0.0,15.0,0.0,0.0,4,0.0,0.0,False,0,False,False
R4476,R4476,U688,U688,I265,I265,2,2,3.75,LOW,0.0,10.0,15.0,0.0,0.0,2,0.0,0.0,False,0,False,False
R4477,R4477,U216,U216,I41,I41,3,3,2.25,LOW,0.0,0.0,15.0,0.0,0.0,2,0.0,0.0,False,0,False,False
R4478,R4478,U243,U243,I84,I84,1,1,3.25,LOW,20.0,0.0,15.0,0.0,0.0,2,0.0,0.0,False,1,False,False
R4479,R4479,U522,U522,I191,I191,5,5,1.0,LOW,20.0,0.0,0.0,0.0,0.0,1,0.0,0.0,False,1,False,False
R4480,R4480,U430,U430,I493,I493,3,3,2.25,LOW,0.0,0.0,15.0,0.0,0.0,3,0.0,0.0,False,0,False,False
R4481,R4481,U798,U798,I41,I41,1,1,3.25,LOW,20.0,0.0,15.0,0.0,0.0,1,0.0,0.0,False,1,False,False
R4482,R4482,U339,U339,I5,I5,4,4,2.25,LOW,0.0,0.0,15.0,0.0,0.0,1,0.0,0.0,False,0,False,False
R4483,R4483,U444,U444,I448,I448,5,5,4.75,LOW,20.0,10.0,15.0,0.0,0.0,2,0.0,0.0,False,1,False,False
R4484,R4484,U653,U653,I343,I343,1,1,5.5,LOW,20.0,15.0,15.0,0.0,0.0,2,0.0,0.0,False,1,False,False
R4485,R4485,U661,U661,I234,I234,2,2,6.0,LOW,0.0,0.0,25.0,0.0,0.0,2,15.0,0.0,False,1,False,False
R4486,R4486,U506,U506,I213,I213,4,4,1.5,LOW,0.0,10.0,0.0,0.0,0.0,2,0.0,0.0,False,0,False,False
R4487,R4487,U891,U891,I152,I152,5,5,7.75,LOW,20.0,0.0,25.0,0.0,0.0,2,15.0,5.0,False,2,False,False
R4488,R4488,U694,U694,I272,I272,4,4,0.0,LOW,0.0,0.0,0.0,0.0,0.0,4,0.0,0.0,False,0,False,False
R4489,R4489,U145,U145,I286,I286,5,5,7.75,LOW,20.0,0.0,25.0,0.0,0.0,3,15.0,5.0,False,2,False,False
R4490,R4490,U741,U741,I315,I315,1,1,1.0,LOW,20.0,0.0,0.0,0.0,0.0,2,0.0,0.0,False,1,False,False
R4491,R4491,U0,U0,I118,I118,5,5,4.75,LOW,20.0,10.0,15.0,0.0,0.0,3,0.0,0.0,False,1,False,False
R4492,R4492,U189,U189,I158,I158,2,2,2.25,LOW,0.0,0.0,15.0,0.0,0.0,2,0.0,0.0,False,0,False,False
R4493,R4493,U390,U390,I86,I86,2,2,0.0,LOW,0.0,0.0,0.0,0.0,0.0,2,0.0,0.0,False,0,False,False
R4494,R4494,U333,U333,I180,I180,5,5,22.5,LOW,20.0,25.0,15.0,20.0,30.0,5,10.0,30.0,False,3,False,False
R4495,R4495,U410,U410,I123,I123,4,4,4.5,LOW,0.0,15.0,15.0,0.0,0.0,2,0.0,0.0,False,0,False,False
R4496,R4496,U210,U210,I293,I293,4,4,6.0,LOW,0.0,0.0,25.0,0.0,0.0,4,15.0,0.0,False,1,False,False
R4497,R4497,U610,U610,I309,I309,3,3,6.0,LOW,0.0,0.0,25.0,0.0,0.0,4,15.0,0.0,False,1,False,False
R4498,R4498,U344,U344,I469,I469,5,5,7.75,LOW,20.0,0.0,25.0,0.0,0.0,3,15.0,5.0,False,2,False,False
R4499,R4499,U7,U7,I102,I102,5,5,1.0,LOW,20.0,0.0,0.0,0.0,0.0,3,0.0,0.0,False,1,False,False
R4500,R4500,U356,U356,I164,I164,3,3,2.25,LOW,0.0,0.0,15.0,0.0,0.0,3,0.0,0.0,False,0,False,False
R4501,R4501,U370,U370,I222,I222,3,3,6.0,LOW,0.0,0.0,25.0,0.0,0.0,4,15.0,0.0,False,1,False,False
R4502,R4502,U76,U76,I240,I240,1,1,1.0,LOW,20.0,0.0,0.0,0.0,0.0,3,0.0,0.0,False,1,False,False
R4503,R4503,U502,U502,I111,I111,1,1,10.0,LOW,20.0,15.0,25.0,0.0,0.0,4,15.0,5.0,False,2,False,False
R4504,R4504,U153,U153,I378,I378,1,1,8.5,LOW,20.0,0.0,30.0,0.0,0.0,4,15.0,5.0,False,2,False,False
R4505,R4505,U678,U678,I74,I74,4,4,2.25,LOW,0.0,0.0,15.0,0.0,0.0,2,0.0,0.0,False,0,False,False
R4506,R4506,U389,U389,I343,I343,4,4,2.25,LOW,0.0,0.0,15.0,0.0,0.0,2,0.0,0.0,False,0,False,False
R4507,R4507,U699,U699,I380,I380,2,2,2.25,LOW,0.0,15.0,0.0,0.0,0.0,1,0.0,0.0,False,0,False,False
R4508,R4508,U753,U753,I199,I199,4,4,3.75,LOW,0.0,10.0,15.0,0.0,0.0,2,0.0,0.0,False,0,False,False
R4509,R4509,U737,U737,I360,I360,2,2,2.25,LOW,0.0,0.0,15.0,0.0,0.0,4,0.0,0.0,False,0,False,False
R4510,R4510,U969,U969,I373,I373,2,2,17.0,LOW,0.0,10.0,25.0,20.0,30.0,6,15.0,0.0,False,1,False,False
R4511,R4511,U940,U940,I258,I258,4,4,0.0,LOW,0.0,0.0,0.0,0.0,0.0,2,0.0,0.0,False,0,False,False
R4512,R4512,U577,U577,I109,I109,5,5,7.0,LOW,20.0,25.0,0.0,0.0,0.0,3,10.0,5.0,False,2,False,False
R4513,R4513,U436,U436,I341,I341,4,4,2.25,LOW,0.0,0.0,15.0,0.0,0.0,4,0.0,0.0,False,0,False,False
R4514,R4514,U816,U816,I49,I49,5,5,7.75,LOW,20.0,0.0,25.0,0.0,0.0,4,15.0,5.0,False,2,False,False
R4515,R4515,U34,U34,I308,I308,1,1,3.25,LOW,20.0,0.0,15.0,0.0,0.0,2,0.0,0.0,False,1,False,False
R4516,R4516,U561,U561,I265,I265,4,4,2.25,LOW,0.0,0.0,15.0,0.0,0.0,2,0.0,0.0,False,0,False,False
R4517,R4517,U737,U737,I496,I496,1,1,17.25,LOW,20.0,0.0,25.0,20.0,30.0,6,15.0,5.0,False,2,False,False
R4518,R4518,U452,U452,I106,I106,2,2,25.25,LOW,0.0,0.0,25.0,20.0,45.0,8,40.0,15.0,False,3,False,False
R4519,R4519,U316,U316,I155,I155,4,4,2.25,LOW,0.0,0.0,15.0,0.0,0.0,4,0.0,0.0,False,0,False,False
R4520,R4520,U907,U907,I292,I292,2,2,6.0,LOW,0.0,0.0,25.0,0.0,0.0,2,15.0,0.0,False,1,False,False
R4521,R4521,U480,U480,I263,I263,3,3,2.25,LOW,0.0,0.0,15.0,0.0,0.0,3,0.0,0.0,False,0,False,False
R4522,R4522,U371,U371,I322,I322,3,3,9.5,LOW,0.0,0.0,0.0,20.0,30.0,5,0.0,0.0,False,0,False,False
R4523,R4523,U495,U495,I220,I220,1,1,17.25,LOW,20.0,0.0,25.0,20.0,30.0,5,15.0,5.0,False,2,False,False
R4524,R4524,U686,U686,I11,I11,5,5,1.0,LOW,20.0,0.0,0.0,0.0,0.0,1,0.0,0.0,False,1,False,False
R4525,R4525,U507,U507,I49,I49,4,4,17.75,LOW,0.0,15.0,25.0,20.0,30.0,6,15.0,0.0,False,1,False,False
R4526,R4526,U937,U937,I480,I480,3,3,6.0,LOW,0.0,0.0,25.0,0.0,0.0,3,15.0,0.0,False,1,False,False
R4527,R4527,U972,U972,I286,I286,1,1,7.75,LOW,20.0,0.0,25.0,0.0,0.0,3,15.0,5.0,False,2,False,False
R4528,R4528,U292,U292,I179,I179,4,4,3.75,LOW,0.0,10.0,15.0,0.0,0.0,1,0.0,0.0,False,0,False,False
R4529,R4529,U732,U732,I139,I139,4,4,2.25,LOW,0.0,0.0,15.0,0.0,0.0,3,0.0,0.0,False,0,False,False
R4530,R4530,U984,U984,I294,I294,3,3,2.25,LOW,0.0,0.0,15.0,0.0,0.0,3,0.0,0.0,False,0,False,False
R4531,R4531,U936,U936,I252,I252,2,2,17.75,LOW,0.0,15.0,25.0,20.0,30.0,5,15.0,0.0,False,1,False,False
R4532,R4532,U983,U983,I495,I495,2,2,2.25,LOW,0.0,0.0,15.0,0.0,0.0,3,0.0,0.0,False,0,False,False
R4533,R4533,U451,U451,I393,I393,5,5,3.25,LOW,20.0,0.0,15.0,0.0,0.0,3,0.0,0.0,False,1,False,False
R4534,R4534,U762,U762,I394,I394,3,3,2.25,LOW,0.0,0.0,15.0,0.0,0.0,2,0.0,0.0,False,0,False,False
R4535,R4535,U513,U513,I483,I483,5,5,7.75,LOW,20.0,0.0,25.0,0.0,0.0,4,15.0,5.0,False,2,False,False
R4536,R4536,U675,U675,I169,I169,4,4,2.25,LOW,0.0,15.0,0.0,0.0,0.0,1,0.0,0.0,False,0,False,False
R4537,R4537,U353,U353,I470,I470,1,1,9.25,LOW,20.0,10.0,25.0,0.0,0.0,3,15.0,5.0,False,2,False,False
R4538,R4538,U195,U195,I226,I226,5,5,4.75,LOW,20.0,10.0,15.0,0.0,0.0,2,0.0,0.0,False,1,False,False
R4539,R4539,U757,U757,I230,I230,4,4,11.75,LOW,0.0,0.0,15.0,20.0,30.0,5,0.0,0.0,False,0,False,False
R4540,R4540,U607,U607,I270,I270,5,5,7.75,LOW,20.0,0.0,25.0,0.0,0.0,3,15.0,5.0,False,2,False,False
R4541,R4541,U242,U242,I227,I227,3,3,2.25,LOW,0.0,0.0,15.0,0.0,0.0,3,0.0,0.0,False,0,False,False
R4542,R4542,U834,U834,I135,I135,3,3,2.25,LOW,0.0,0.0,15.0,0.0,0.0,3,0.0,0.0,False,0,False,False
R4543,R4543,U620,U620,I419,I419,4,4,6.0,LOW,0.0,0.0,25.0,0.0,0.0,2,15.0,0.0,False,1,False,False
R4544,R4544,U326,U326,I316,I316,2,2,6.0,LOW,0.0,0.0,25.0,0.0,0.0,4,15.0,0.0,False,1,False,False
R4545,R4545,U41,U41,I202,I202,2,2,6.0,LOW,0.0,0.0,25.0,0.0,0.0,3,15.0,0.0,False,1,False,False
R4546,R4546,U331,U331,I29,I29,2,2,4.5,LOW,0.0,15.0,15.0,0.0,0.0,4,0.0,0.0,False,0,False,False
R4547,R4547,U46,U46,I261,I261,5,5,1.0,LOW,20.0,0.0,0.0,0.0,0.0,2,0.0,0.0,False,1,False,False
R4548,R4548,U605,U605,I424,I424,4,4,6.0,LOW,0.0,0.0,25.0,0.0,0.0,2,15.0,0.0,False,1,False,False
R4549,R4549,U402,U402,I410,I410,5,5,19.5,LOW,20.0,15.0,25.0,20.0,30.0,5,15.0,5.0,False,2,False,False
R4550,R4550,U169,U169,I135,I135,2,2,2.25,LOW,0.0,0.0,15.0,0.0,0.0,2,0.0,0.0,False,0,False,False
R4551,R4551,U793,U793,I447,I447,2,2,3.75,LOW,0.0,10.0,15.0,0.0,0.0,3,0.0,0.0,False,0,False,False
R4552,R4552,U257,U257,I270,I270,4,4,6.0,LOW,0.0,0.0,25.0,0.0,0.0,3,15.0,0.0,False,1,False,False
R4553,R4553,U337,U337,I90,I90,1,1,7.75,LOW,20.0,0.0,25.0,0.0,0.0,4,15.0,5.0,False,2,False,False
R4554,R4554,U839,U839,I52,I52,3,3,6.0,LOW,0.0,0.0,25.0,0.0,0.0,4,15.0,0.0,False,1,False,False
R4555,R4555,U32,U32,I421,I421,2,2,6.0,LOW,0.0,0.0,25.0,0.0,0.0,3,15.0,0.0,False,1,False,False
R4556,R4556,U462,U462,I32,I32,1,1,7.75,LOW,20.0,0.0,25.0,0.0,0.0,4,15.0,5.0,False,2,False,False
R4557,R4557,U559,U559,I23,I23,2,2,4.5,LOW,0.0,15.0,15.0,0.0,0.0,4,0.0,0.0,False,0,False,False
R4558,R4558,U888,U888,I158,I158,4,4,2.25,LOW,0.0,0.0,15.0,0.0,0.0,1,0.0,0.0,False,0,False,False
R4559,R4559,U297,U297,I195,I195,4,4,17.0,LOW,0.0,10.0,25.0,20.0,30.0,6,15.0,0.0,False,1,False,False
R4560,R4560,U926,U926,I153,I153,5,5,19.5,LOW,20.0,0.0,40.0,20.0,30.0,5,15.0,5.0,False,2,False,False
R4561,R4561,U217,U217,I244,I244,4,4,2.25,LOW,0.0,0.0,15.0,0.0,0.0,2,0.0,0.0,False,0,False,False
R4562,R4562,U451,U451,I141,I141,4,4,2.25,LOW,0.0,0.0,15.0,0.0,0.0,2,0.0,0.0,False,0,False,False
R4563,R4563,U752,U752,I467,I467,5,5,1.0,LOW,20.0,0.0,0.0,0.0,0.0,4,0.0,0.0,False,1,False,False
R4564,R4564,U672,U672,I379,I379,1,1,1.0,LOW,20.0,0.0,0.0,0.0,0.0,1,0.0,0.0,False,1,False,False
R4565,R4565,U83,U83,I95,I95,2,2,7.5,LOW,0.0,10.0,25.0,0.0,0.0,2,15.0,0.0,False,1,False,False
R4566,R4566,U831,U831,I173,I173,1,1,3.25,LOW,20.0,0.0,15.0,0.0,0.0,3,0.0,0.0,False,1,False,False
R4567,R4567,U243,U243,I372,I372,5,5,3.25,LOW,20.0,0.0,15.0,0.0,0.0,2,0.0,0.0,False,1,False,False
R4568,R4568,U414,U414,I357,I357,3,3,8.25,LOW,0.0,15.0,25.0,0.0,0.0,3,15.0,0.0,False,1,False,False
R4569,R4569,U564,U564,I403,I403,4,4,15.5,LOW,0.0,0.0,25.0,20.0,30.0,5,15.0,0.0,False,1,False,False
R4570,R4570,U514,U514,I364,I364,1,1,9.25,LOW,20.0,25.0,15.0,0.0,0.0,4,10.0,5.0,False,2,False,False
R4571,R4571,U576,U576,I462,I462,1,1,2.5,LOW,20.0,10.0,0.0,0.0,0.0,2,0.0,0.0,False,1,False,False
R4572,R4572,U806,U806,I424,I424,3,3,6.0,LOW,0.0,0.0,25.0,0.0,0.0,3,15.0,0.0,False,1,False,False
R4573,R4573,U321,U321,I266,I266,5,5,3.25,LOW,20.0,0.0,15.0,0.0,0.0,1,0.0,0.0,False,1,False,False
R4574,R4574,U220,U220,I110,I110,3,3,0.0,LOW,0.0,0.0,0.0,0.0,0.0,2,0.0,0.0,False,0,False,False
R4575,R4575,U865,U865,I278,I278,4,4,2.25,LOW,0.0,0.0,15.0,0.0,0.0,2,0.0,0.0,False,0,False,False
R4576,R4576,U732,U732,I338,I338,4,4,0.0,LOW,0.0,0.0,0.0,0.0,0.0,2,0.0,0.0,False,0,False,False
R4577,R4577,U102,U102,I417,I417,2,2,0.0,LOW,0.0,0.0,0.0,0.0,0.0,1,0.0,0.0,False,0,False,False
R4578,R4578,U321,U321,I161,I161,1,1,3.25,LOW,20.0,0.0,15.0,0.0,0.0,3,0.0,0.0,False,1,False,False
R4579,R4579,U171,U171,I300,I300,3,3,6.0,LOW,0.0,0.0,25.0,0.0,0.0,4,15.0,0.0,False,1,False,False
R4580,R4580,U197,U197,I404,I404,5,5,5.5,LOW,20.0,15.0,15.0,0.0,0.0,2,0.0,0.0,False,1,False,False
R4581,R4581,U108,U108,I448,I448,1,1,3.25,LOW,20.0,0.0,15.0,0.0,0.0,2,0.0,0.0,False,1,False,False
R4582,R4582,U188,U188,I438,I438,3,3,11.75,LOW,0.0,0.0,15.0,20.0,30.0,5,0.0,0.0,False,0,False,False
R4583,R4583,U876,U876,I238,I238,1,1,7.75,LOW,20.0,0.0,25.0,0.0,0.0,3,15.0,5.0,False,2,False,False
R4584,R4584,U94,U94,I466,I466,3,3,2.25,LOW,0.0,0.0,15.0,0.0,0.0,3,0.0,0.0,False,0,False,False
R4585,R4585,U56,U56,I197,I197,1,1,1.0,LOW,20.0,0.0,0.0,0.0,0.0,2,0.0,0.0,False,1,False,False
R4586,R4586,U302,U302,I311,I311,5,5,7.75,LOW,20.0,0.0,25.0,0.0,0.0,4,15.0,5.0,False,2,False,False
R4587,R4587,U118,U118,I97,I97,4,4,2.25,LOW,0.0,0.0,15.0,0.0,0.0,3,0.0,0.0,False,0,False,False
R4588,R4588,U803,U803,I370,I370,3,3,6.0,LOW,0.0,0.0,25.0,0.0,0.0,2,15.0,0.0,False,1,False,False
R4589,R4589,U898,U898,I182,I182,3,3,6.0,LOW,0.0,0.0,25.0,0.0,0.0,4,15.0,0.0,False,1,False,False
R4590,R4590,U589,U589,I48,I48,5,5,7.75,LOW,20.0,0.0,25.0,0.0,0.0,1,15.0,5.0,False,2,False,False
R4591,R4591,U853,U853,I475,I475,5,5,1.0,LOW,20.0,0.0,0.0,0.0,0.0,3,0.0,0.0,False,1,False,False
R4592,R4592,U545,U545,I224,I224,1,1,4.75,LOW,20.0,10.0,15.0,0.0,0.0,3,0.0,0.0,False,1,False,False
R4593,R4593,U443,U443,I407,I407,4,4,3.75,LOW,0.0,10.0,15.0,0.0,0.0,3,0.0,0.0,False,0,False,False
R4594,R4594,U494,U494,I3,I3,5,5,3.25,LOW,20.0,0.0,15.0,0.0,0.0,3,0.0,0.0,False,1,False,False
R4595,R4595,U657,U657,I159,I159,5,5,7.75,LOW,20.0,0.0,25.0,0.0,0.0,4,15.0,5.0,False,2,False,False
R4596,R4596,U611,U611,I435,I435,2,2,2.25,LOW,0.0,0.0,15.0,0.0,0.0,1,0.0,0.0,False,0,False,False
R4597,R4597,U166,U166,I384,I384,5,5,9.25,LOW,20.0,10.0,25.0,0.0,0.0,3,15.0,5.0,False,2,False,False
R4598,R4598,U977,U977,I400,I400,3,3,12.75,LOW,0.0,30.0,25.0,0.0,0.0,2,25.0,5.0,False,2,False,False
R4599,R4599,U502,U502,I470,I470,1,1,10.0,LOW,20.0,15.0,25.0,0.0,0.0,3,15.0,5.0,False,2,False,False
R4600,R4600,U432,U432,I42,I42,2,2,6.0,LOW,0.0,0.0,25.0,0.0,0.0,3,15.0,0.0,False,1,False,False
R4601,R4601,U225,U225,I106,I106,2,2,25.25,LOW,0.0,0.0,25.0,20.0,45.0,8,40.0,15.0,False,3,False,False
R4602,R4602,U780,U780,I99,I99,3,3,2.25,LOW,0.0,0.0,15.0,0.0,0.0,2,0.0,0.0,False,0,False,False
R4603,R4603,U361,U361,I83,I83,2,2,6.0,LOW,0.0,0.0,25.0,0.0,0.0,4,15.0,0.0,False,1,False,False
R4604,R4604,U576,U576,I446,I446,3,3,3.75,LOW,0.0,10.0,15.0,0.0,0.0,2,0.0,0.0,False,0,False,False
R4605,R4605,U681,U681,I26,I26,2,2,6.0,LOW,0.0,0.0,25.0,0.0,0.0,2,15.0,0.0,False,1,False,False
R4606,R4606,U893,U893,I346,I346,1,1,7.75,LOW,20.0,0.0,25.0,0.0,0.0,4,15.0,5.0,False,2,False,False
R4607,R4607,U507,U507,I185,I185,5,5,5.5,LOW,20.0,15.0,15.0,0.0,0.0,3,0.0,0.0,False,1,False,False
R4608,R4608,U357,U357,I197,I197,2,2,0.0,LOW,0.0,0.0,0.0,0.0,0.0,1,0.0,0.0,False,0,False,False
R4609,R4609,U459,U459,I130,I130,5,5,3.25,LOW,20.0,0.0,15.0,0.0,0.0,2,0.0,0.0,False,1,False,False
R4610,R4610,U397,U397,I204,I204,1,1,7.75,LOW,20.0,0.0,25.0,0.0,0.0,3,15.0,5.0,False,2,False,False
R4611,R4611,U707,U707,I470,I470,2,2,6.0,LOW,0.0,0.0,25.0,0.0,0.0,3,15.0,0.0,False,1,False,False
R4612,R4612,U807,U807,I499,I499,2,2,2.25,LOW,0.0,0.0,15.0,0.0,0.0,2,0.0,0.0,False,0,False,False
R4613,R4613,U33,U33,I332,I332,2,2,2.25,LOW,0.0,0.0,15.0,0.0,0.0,3,0.0,0.0,False,0,False,False
R4614,R4614,U397,U397,I303,I303,3,3,2.25,LOW,0.0,0.0,15.0,0.0,0.0,2,0.0,0.0,False,0,False,False
R4615,R4615,U439,U439,I162,I162,4,4,2.25,LOW,0.0,0.0,15.0,0.0,0.0,4,0.0,0.0,False,0,False,False
R4616,R4616,U95,U95,I86,I86,1,1,1.0,LOW,20.0,0.0,0.0,0.0,0.0,2,0.0,0.0,False,1,False,False
R4617,R4617,U567,U567,I220,I220,1,1,17.25,LOW,20.0,0.0,25.0,20.0,30.0,5,15.0,5.0,False,2,False,False
R4618,R4618,U64,U64,I277,I277,1,1,7.75,LOW,20.0,0.0,25.0,0.0,0.0,2,15.0,5.0,False,2,False,False
R4619,R4619,U683,U683,I373,I373,2,2,15.5,LOW,0.0,0.0,25.0,20.0,30.0,6,15.0,0.0,False,1,False,False
R4620,R4620,U727,U727,I330,I330,2,2,6.0,LOW,0.0,0.0,25.0,0.0,0.0,2,15.0,0.0,False,1,False,False
R4621,R4621,U629,U629,I432,I432,5,5,1.0,LOW,20.0,0.0,0.0,0.0,0.0,2,0.0,0.0,False,1,False,False
R4622,R4622,U200,U200,I30,I30,2,2,2.25,LOW,0.0,0.0,15.0,0.0,0.0,3,0.0,0.0,False,0,False,False
R4623,R4623,U365,U365,I298,I298,5,5,9.25,LOW,20.0,10.0,25.0,0.0,0.0,4,15.0,5.0,False,2,False,False
R4624,R4624,U594,U594,I368,I368,2,2,6.0,LOW,0.0,0.0,25.0,0.0,0.0,4,15.0,0.0,False,1,False,False
R4625,R4625,U439,U439,I403,I403,2,2,15.5,LOW,0.0,0.0,25.0,20.0,30.0,5,15.0,0.0,False,1,False,False
R4626,R4626,U117,U117,I404,I404,3,3,2.25,LOW,0.0,0.0,15.0,0.0,0.0,2,0.0,0.0,False,0,False,False
R4627,R4627,U349,U349,I307,I307,4,4,15.5,LOW,0.0,0.0,25.0,20.0,30.0,5,15.0,0.0,False,1,False,False
R4628,R4628,U673,U673,I352,I352,5,5,5.5,LOW,20.0,15.0,15.0,0.0,0.0,3,0.0,0.0,False,1,False,False
R4629,R4629,U619,U619,I433,I433,1,1,3.25,LOW,20.0,0.0,15.0,0.0,0.0,3,0.0,0.0,False,1,False,False
R4630,R4630,U902,U902,I298,I298,4,4,17.0,LOW,0.0,10.0,25.0,20.0,30.0,5,15.0,0.0,False,1,False,False
R4631,R4631,U110,U110,I292,I292,4,4,6.0,LOW,0.0,0.0,25.0,0.0,0.0,3,15.0,0.0,False,1,False,False
R4632,R4632,U49,U49,I495,I495,3,3,2.25,LOW,0.0,0.0,15.0,0.0,0.0,2,0.0,0.0,False,0,False,False
R4633,R4633,U31,U31,I176,I176,2,2,6.0,LOW,0.0,0.0,25.0,0.0,0.0,3,15.0,0.0,False,1,False,False
R4634,R4634,U66,U66,I72,I72,1,1,9.25,LOW,20.0,25.0,15.0,0.0,0.0,1,10.0,5.0,False,2,False,False
R4635,R4635,U811,U811,I216,I216,1,1,7.75,LOW,20.0,0.0,25.0,0.0,0.0,3,15.0,5.0,False,2,False,False
R4636,R4636,U125,U125,I207,I207,3,3,7.5,LOW,0.0,10.0,25.0,0.0,0.0,3,15.0,0.0,False,1,False,False
R4637,R4637,U964,U964,I352,I352,5,5,3.25,LOW,20.0,0.0,15.0,0.0,0.0,3,0.0,0.0,False,1,False,False
R4638,R4638,U259,U259,I130,I130,4,4,2.25,LOW,0.0,0.0,15.0,0.0,0.0,2,0.0,0.0,False,0,False,False
R4639,R4639,U897,U897,I277,I277,1,1,7.75,LOW,20.0,0.0,25.0,0.0,0.0,2,15.0,5.0,False,2,False,False
R4640,R4640,U625,U625,I255,I255,1,1,2.5,LOW,20.0,10.0,0.0,0.0,0.0,2,0.0,0.0,False,1,False,False
R4641,R4641,U39,U39,I411,I411,5,5,3.25,LOW,20.0,15.0,0.0,0.0,0.0,2,0.0,0.0,False,1,False,False
R4642,R4642,U279,U279,I217,I217,5,5,12.75,LOW,20.0,0.0,15.0,20.0,30.0,5,0.0,0.0,False,1,False,False
R4643,R4643,U269,U269,I143,I143,5,5,9.25,LOW,20.0,10.0,25.0,0.0,0.0,3,15.0,5.0,False,2,False,False
R4644,R4644,U30,U30,I419,I419,4,4,8.25,LOW,0.0,15.0,25.0,0.0,0.0,2,15.0,0.0,False,1,False,False
R4645,R4645,U604,U604,I348,I348,3,3,6.0,LOW,0.0,0.0,25.0,0.0,0.0,4,15.0,0.0,False,1,False,False
R4646,R4646,U35,U35,I211,I211,2,2,11.75,LOW,0.0,0.0,15.0,20.0,30.0,6,0.0,0.0,False,0,False,False
R4647,R4647,U967,U967,I233,I233,3,3,3.75,LOW,0.0,10.0,15.0,0.0,0.0,2,0.0,0.0,False,0,False,False
R4648,R4648,U407,U407,I221,I221,5,5,7.75,LOW,20.0,0.0,25.0,0.0,0.0,2,15.0,5.0,False,2,False,False
R4649,R4649,U225,U225,I350,I350,5,5,7.75,LOW,20.0,0.0,25.0,0.0,0.0,3,15.0,5.0,False,2,False,False
R4650,R4650,U559,U559,I468,I468,3,3,8.25,LOW,0.0,15.0,25.0,0.0,0.0,4,15.0,0.0,False,1,False,False
R4651,R4651,U669,U669,I20,I20,4,4,6.0,LOW,0.0,0.0,25.0,0.0,0.0,2,15.0,0.0,False,1,False,False
R4652,R4652,U145,U145,I311,I311,3,3,6.0,LOW,0.0,0.0,25.0,0.0,0.0,4,15.0,0.0,False,1,False,False
R4653,R4653,U312,U312,I73,I73,5,5,17.25,LOW,20.0,0.0,25.0,20.0,30.0,5,15.0,5.0,False,2,False,False
R4654,R4654,U16,U16,I148,I148,5,5,3.25,LOW,20.0,0.0,15.0,0.0,0.0,2,0.0,0.0,False,1,False,False
R4655,R4655,U465,U465,I476,I476,4,4,2.25,LOW,0.0,0.0,15.0,0.0,0.0,1,0.0,0.0,False,0,False,False
R4656,R4656,U183,U183,I161,I161,2,2,2.25,LOW,0.0,0.0,15.0,0.0,0.0,2,0.0,0.0,False,0,False,False
R4657,R4657,U779,U779,I321,I321,5,5,3.25,LOW,20.0,0.0,15.0,0.0,0.0,1,0.0,0.0,False,1,False,False
R4658,R4658,U465,U465,I207,I207,4,4,6.0,LOW,0.0,0.0,25.0,0.0,0.0,3,15.0,0.0,False,1,False,False
R4659,R4659,U87,U87,I449,I449,5,5,12.75,LOW,20.0,0.0,15.0,20.0,30.0,5,0.0,0.0,False,1,False,False
R4660,R4660,U199,U199,I22,I22,1,1,18.75,LOW,20.0,10.0,25.0,20.0,30.0,5,15.0,5.0,False,2,False,False
R4661,R4661,U960,U960,I438,I438,3,3,11.75,LOW,0.0,0.0,15.0,20.0,30.0,5,0.0,0.0,False,0,False,False
R4662,R4662,U142,U142,I268,I268,4,4,3.75,LOW,0.0,10.0,15.0,0.0,0.0,4,0.0,0.0,False,0,False,False
R4663,R4663,U480,U480,I150,I150,4,4,2.25,LOW,0.0,0.0,15.0,0.0,0.0,3,0.0,0.0,False,0,False,False
R4664,R4664,U327,U327,I298,I298,1,1,7.75,LOW,20.0,0.0,25.0,0.0,0.0,1,15.0,5.0,False,2,False,False
R4665,R4665,U989,U989,I400,I400,4,4,6.0,LOW,0.0,0.0,25.0,0.0,0.0,3,15.0,0.0,False,1,False,False
R4666,R4666,U623,U623,I412,I412,4,4,0.0,LOW,0.0,0.0,0.0,0.0,0.0,2,0.0,0.0,False,0,False,False
R4667,R4667,U86,U86,I61,I61,4,4,3.75,LOW,0.0,10.0,15.0,0.0,0.0,2,0.0,0.0,False,0,False,False
R4668,R4668,U140,U140,I393,I393,5,5,3.25,LOW,20.0,0.0,15.0,0.0,0.0,3,0.0,0.0,False,1,False,False
R4669,R4669,U445,U445,I4,I4,2,2,3.75,LOW,0.0,10.0,15.0,0.0,0.0,2,0.0,0.0,False,0,False,False
R4670,R4670,U611,U611,I267,I267,2,2,2.25,LOW,0.0,0.0,15.0,0.0,0.0,3,0.0,0.0,False,0,False,False
R4671,R4671,U827,U827,I481,I481,4,4,1.5,LOW,0.0,10.0,0.0,0.0,0.0,2,0.0,0.0,False,0,False,False
R4672,R4672,U608,U608,I469,I469,4,4,15.5,LOW,0.0,0.0,25.0,20.0,30.0,5,15.0,0.0,False,1,False,False
R4673,R4673,U666,U666,I23,I23,1,1,4.75,LOW,20.0,10.0,15.0,0.0,0.0,3,0.0,0.0,False,1,False,False
R4674,R4674,U378,U378,I193,I193,2,2,11.75,LOW,0.0,0.0,15.0,20.0,30.0,5,0.0,0.0,False,0,False,False
R4675,R4675,U763,U763,I251,I251,3,3,6.0,LOW,0.0,0.0,25.0,0.0,0.0,4,15.0,0.0,False,1,False,False
R4676,R4676,U161,U161,I32,I32,3,3,15.5,LOW,0.0,0.0,25.0,20.0,30.0,6,15.0,0.0,False,1,False,False
R4677,R4677,U974,U974,I67,I67,2,2,15.5,LOW,0.0,0.0,25.0,20.0,30.0,6,15.0,0.0,False,1,False,False
R4678,R4678,U734,U734,I480,I480,2,2,15.5,LOW,0.0,0.0,25.0,20.0,30.0,5,15.0,0.0,False,1,False,False
R4679,R4679,U151,U151,I140,I140,2,2,1.5,LOW,0.0,10.0,0.0,0.0,0.0,2,0.0,0.0,False,0,False,False
R4680,R4680,U348,U348,I77,I77,3,3,2.25,LOW,0.0,0.0,15.0,0.0,0.0,1,0.0,0.0,False,0,False,False
R4681,R4681,U399,U399,I425,I425,1,1,7.75,LOW,20.0,0.0,25.0,0.0,0.0,4,15.0,5.0,False,2,False,False
R4682,R4682,U533,U533,I164,I164,5,5,5.5,LOW,20.0,15.0,15.0,0.0,0.0,2,0.0,0.0,False,1,False,False
R4683,R4683,U316,U316,I307,I307,4,4,15.5,LOW,0.0,0.0,25.0,20.0,30.0,5,15.0,0.0,False,1,False,False
R4684,R4684,U463,U463,I92,I92,1,1,7.75,LOW,20.0,0.0,25.0,0.0,0.0,4,15.0,5.0,False,2,False,False
R4685,R4685,U978,U978,I434,I434,1,1,3.25,LOW,20.0,0.0,15.0,0.0,0.0,4,0.0,0.0,False,1,False,False
R4686,R4686,U791,U791,I76,I76,1,1,12.75,LOW,20.0,0.0,15.0,20.0,30.0,6,0.0,0.0,False,1,False,False
R4687,R4687,U368,U368,I464,I464,2,2,2.25,LOW,0.0,0.0,15.0,0.0,0.0,2,0.0,0.0,False,0,False,False
R4688,R4688,U203,U203,I392,I392,1,1,17.25,LOW,20.0,0.0,25.0,20.0,30.0,5,15.0,5.0,False,2,False,False
R4689,R4689,U736,U736,I60,I60,5,5,14.5,LOW,20.0,25.0,25.0,0.0,0.0,2,25.0,15.0,False,3,False,False
R4690,R4690,U380,U380,I470,I470,4,4,7.5,LOW,0.0,10.0,25.0,0.0,0.0,3,15.0,0.0,False,1,False,False
R4691,R4691,U337,U337,I313,I313,5,5,3.25,LOW,20.0,0.0,15.0,0.0,0.0,3,0.0,0.0,False,1,False,False
R4692,R4692,U295,U295,I339,I339,2,2,3.75,LOW,0.0,10.0,15.0,0.0,0.0,1,0.0,0.0,False,0,False,False
R4693,R4693,U153,U153,I64,I64,1,1,7.75,LOW,20.0,0.0,25.0,0.0,0.0,2,15.0,5.0,False,2,False,False
R4694,R4694,U619,U619,I43,I43,2,2,2.25,LOW,0.0,0.0,15.0,0.0,0.0,3,0.0,0.0,False,0,False,False
R4695,R4695,U277,U277,I469,I469,3,3,7.5,LOW,0.0,10.0,25.0,0.0,0.0,2,15.0,0.0,False,1,False,False
R4696,R4696,U231,U231,I371,I371,1,1,3.25,LOW,20.0,0.0,15.0,0.0,0.0,2,0.0,0.0,False,1,False,False
R4697,R4697,U930,U930,I357,I357,1,1,17.25,LOW,20.0,0.0,25.0,20.0,30.0,5,15.0,5.0,False,2,False,False
R4698,R4698,U882,U882,I15,I15,5,5,17.25,LOW,20.0,0.0,25.0,20.0,30.0,5,15.0,5.0,False,2,False,False
R4699,R4699,U524,U524,I113,I113,3,3,2.25,LOW,0.0,0.0,15.0,0.0,0.0,2,0.0,0.0,False,0,False,False
R4700,R4700,U928,U928,I409,I409,2,2,6.0,LOW,0.0,0.0,25.0,0.0,0.0,2,15.0,0.0,False,1,False,False
R4701,R4701,U863,U863,I325,I325,4,4,2.25,LOW,0.0,0.0,15.0,0.0,0.0,1,0.0,0.0,False,0,False,False
R4702,R4702,U605,U605,I390,I390,5,5,3.25,LOW,20.0,0.0,15.0,0.0,0.0,1,0.0,0.0,False,1,False,False
R4703,R4703,U705,U705,I447,I447,3,3,2.25,LOW,0.0,0.0,15.0,0.0,0.0,2,0.0,0.0,False,0,False,False
R4704,R4704,U774,U774,I76,I76,1,1,12.75,LOW,20.0,0.0,15.0,20.0,30.0,6,0.0,0.0,False,1,False,False
R4705,R4705,U437,U437,I476,I476,5,5,3.25,LOW,20.0,0.0,15.0,0.0,0.0,4,0.0,0.0,False,1,False,False
R4706,R4706,U233,U233,I47,I47,2,2,8.25,LOW,0.0,15.0,25.0,0.0,0.0,4,15.0,0.0,False,1,False,False
R4707,R4707,U637,U637,I481,I481,5,5,1.0,LOW,20.0,0.0,0.0,0.0,0.0,1,0.0,0.0,False,1,False,False
R4708,R4708,U922,U922,I381,I381,5,5,7.75,LOW,20.0,0.0,25.0,0.0,0.0,3,15.0,5.0,False,2,False,False
R4709,R4709,U514,U514,I55,I55,1,1,9.25,LOW,20.0,25.0,15.0,0.0,0.0,4,10.0,5.0,False,2,False,False
R4710,R4710,U823,U823,I348,I348,5,5,7.75,LOW,20.0,0.0,25.0,0.0,0.0,2,15.0,5.0,False,2,False,False
R4711,R4711,U154,U154,I441,I441,3,3,0.0,LOW,0.0,0.0,0.0,0.0,0.0,1,0.0,0.0,False,0,False,False
R4712,R4712,U996,U996,I209,I209,3,3,3.75,LOW,0.0,10.0,15.0,0.0,0.0,2,0.0,0.0,False,0,False,False
R4713,R4713,U531,U531,I395,I395,5,5,4.75,LOW,20.0,10.0,15.0,0.0,0.0,4,0.0,0.0,False,1,False,False
R4714,R4714,U824,U824,I222,I222,2,2,6.0,LOW,0.0,0.0,25.0,0.0,0.0,4,15.0,0.0,False,1,False,False
R4715,R4715,U340,U340,I185,I185,5,5,4.75,LOW,20.0,10.0,15.0,0.0,0.0,3,0.0,0.0,False,1,False,False
R4716,R4716,U462,U462,I497,I497,3,3,6.0,LOW,0.0,0.0,25.0,0.0,0.0,2,15.0,0.0,False,1,False,False
R4717,R4717,U887,U887,I65,I65,4,4,4.5,LOW,0.0,15.0,15.0,0.0,0.0,2,0.0,0.0,False,0,False,False
R4718,R4718,U785,U785,I359,I359,3,3,15.5,LOW,0.0,0.0,25.0,20.0,30.0,5,15.0,0.0,False,1,False,False
R4719,R4719,U535,U535,I486,I486,5,5,18.75,LOW,20.0,10.0,25.0,20.0,30.0,5,15.0,5.0,False,2,False,False
R4720,R4720,U200,U200,I383,I383,4,4,15.5,LOW,0.0,0.0,25.0,20.0,30.0,6,15.0,0.0,False,1,False,False
R4721,R4721,U152,U152,I161,I161,3,3,2.25,LOW,0.0,0.0,15.0,0.0,0.0,3,0.0,0.0,False,0,False,False
R4722,R4722,U765,U765,I95,I95,2,2,6.0,LOW,0.0,0.0,25.0,0.0,0.0,2,15.0,0.0,False,1,False,False
R4723,R4723,U329,U329,I103,I103,3,3,2.25,LOW,0.0,0.0,15.0,0.0,0.0,2,0.0,0.0,False,0,False,False
R4724,R4724,U69,U69,I460,I460,4,4,6.0,LOW,0.0,0.0,25.0,0.0,0.0,3,15.0,0.0,False,1,False,False
R4725,R4725,U695,U695,I285,I285,2,2,0.0,LOW,0.0,0.0,0.0,0.0,0.0,1,0.0,0.0,False,0,False,False
R4726,R4726,U25,U25,I169,I169,1,1,1.0,LOW,20.0,0.0,0.0,0.0,0.0,3,0.0,0.0,False,1,False,False
R4727,R4727,U257,U257,I172,I172,3,3,2.25,LOW,0.0,0.0,15.0,0.0,0.0,2,0.0,0.0,False,0,False,False
R4728,R4728,U567,U567,I376,I376,5,5,3.25,LOW,20.0,0.0,15.0,0.0,0.0,2,0.0,0.0,False,1,False,False
R4729,R4729,U523,U523,I492,I492,4,4,2.25,LOW,0.0,0.0,15.0,0.0,0.0,3,0.0,0.0,False,0,False,False
R4730,R4730,U7,U7,I134,I134,4,4,2.25,LOW,0.0,0.0,15.0,0.0,0.0,3,0.0,0.0,False,0,False,False
R4731,R4731,U484,U484,I222,I222,4,4,15.5,LOW,0.0,0.0,25.0,20.0,30.0,5,15.0,0.0,False,1,False,False
R4732,R4732,U725,U725,I22,I22,5,5,7.75,LOW,20.0,0.0,25.0,0.0,0.0,4,15.0,5.0,False,2,False,False
R4733,R4733,U553,U553,I279,I279,4,4,4.5,LOW,0.0,15.0,15.0,0.0,0.0,2,0.0,0.0,False,0,False,False
R4734,R4734,U328,U328,I361,I361,5,5,10.0,LOW,20.0,30.0,15.0,0.0,0.0,2,10.0,5.0,False,2,False,False
R4735,R4735,U80,U80,I370,I370,2,2,6.0,LOW,0.0,0.0,25.0,0.0,0.0,4,15.0,0.0,False,1,False,False
R4736,R4736,U640,U640,I241,I241,3,3,2.25,LOW,0.0,0.0,15.0,0.0,0.0,3,0.0,0.0,False,0,False,False
R4737,R4737,U73,U73,I350,I350,2,2,6.0,LOW,0.0,0.0,25.0,0.0,0.0,4,15.0,0.0,False,1,False,False
R4738,R4738,U933,U933,I199,I199,5,5,3.25,LOW,20.0,0.0,15.0,0.0,0.0,3,0.0,0.0,False,1,False,False
R4739,R4739,U618,U618,I97,I97,1,1,3.25,LOW,20.0,0.0,15.0,0.0,0.0,2,0.0,0.0,False,1,False,False
R4740,R4740,U795,U795,I384,I384,2,2,15.5,LOW,0.0,0.0,25.0,20.0,30.0,5,15.0,0.0,False,1,False,False
R4741,R4741,U131,U131,I48,I48,1,1,7.75,LOW,20.0,0.0,25.0,0.0,0.0,3,15.0,5.0,False,2,False,False
R4742,R4742,U861,U861,I151,I151,1,1,3.25,LOW,20.0,0.0,15.0,0.0,0.0,3,0.0,0.0,False,1,False,False
R4743,R4743,U809,U809,I488,I488,3,3,3.75,LOW,0.0,10.0,15.0,0.0,0.0,1,0.0,0.0,False,0,False,False
R4744,R4744,U3,U3,I325,I325,1,1,3.25,LOW,20.0,0.0,15.0,0.0,0.0,4,0.0,0.0,False,1,False,False
R4745,R4745,U824,U824,I198,I198,1,1,7.75,LOW,20.0,0.0,25.0,0.0,0.0,4,15.0,5.0,False,2,False,False
R4746,R4746,U944,U944,I146,I146,3,3,6.0,LOW,0.0,0.0,25.0,0.0,0.0,4,15.0,0.0,False,1,False,False
R4747,R4747,U605,U605,I403,I403,5,5,7.75,LOW,20.0,0.0,25.0,0.0,0.0,3,15.0,5.0,False,2,False,False
R4748,R4748,U953,U953,I156,I156,3,3,6.0,LOW,0.0,0.0,25.0,0.0,0.0,1,15.0,0.0,False,1,False,False
R4749,R4749,U472,U472,I159,I159,3,3,6.0,LOW,0.0,0.0,25.0,0.0,0.0,3,15.0,0.0,False,1,False,False
R4750,R4750,U218,U218,I35,I35,5,5,3.25,LOW,20.0,0.0,15.0,0.0,0.0,3,0.0,0.0,False,1,False,False
R4751,R4751,U870,U870,I245,I245,1,1,7.75,LOW,20.0,0.0,25.0,0.0,0.0,4,15.0,5.0,False,2,False,False
R4752,R4752,U699,U699,I435,I435,3,3,14.0,LOW,0.0,15.0,15.0,20.0,30.0,6,0.0,0.0,False,0,False,False
R4753,R4753,U232,U232,I419,I419,2,2,6.0,LOW,0.0,0.0,25.0,0.0,0.0,4,15.0,0.0,False,1,False,False
R4754,R4754,U804,U804,I297,I297,4,4,6.0,LOW,0.0,0.0,25.0,0.0,0.0,2,15.0,0.0,False,1,False,False
R4755,R4755,U637,U637,I221,I221,5,5,7.75,LOW,20.0,0.0,25.0,0.0,0.0,2,15.0,5.0,False,2,False,False
R4756,R4756,U29,U29,I47,I47,1,1,7.75,LOW,20.0,0.0,25.0,0.0,0.0,4,15.0,5.0,False,2,False,False
R4757,R4757,U46,U46,I382,I382,2,2,2.25,LOW,0.0,0.0,15.0,0.0,0.0,3,0.0,0.0,False,0,False,False
R4758,R4758,U309,U309,I115,I115,3,3,11.75,LOW,0.0,0.0,15.0,20.0,30.0,5,0.0,0.0,False,0,False,False
R4759,R4759,U614,U614,I307,I307,4,4,15.5,LOW,0.0,0.0,25.0,20.0,30.0,5,15.0,0.0,False,1,False,False
R4760,R4760,U756,U756,I364,I364,5,5,3.25,LOW,20.0,0.0,15.0,0.0,0.0,2,0.0,0.0,False,1,False,False
R4761,R4761,U364,U364,I416,I416,5,5,1.0,LOW,20.0,0.0,0.0,0.0,0.0,2,0.0,0.0,False,1,False,False
R4762,R4762,U423,U423,I320,I320,1,1,10.75,LOW,20.0,15.0,30.0,0.0,0.0,2,15.0,5.0,False,2,False,False
R4763,R4763,U543,U543,I268,I268,5,5,3.25,LOW,20.0,0.0,15.0,0.0,0.0,1,0.0,0.0,False,1,False,False
R4764,R4764,U857,U857,I477,I477,4,4,6.0,LOW,0.0,0.0,25.0,0.0,0.0,4,15.0,0.0,False,1,False,False
R4765,R4765,U413,U413,I27,I27,2,2,2.25,LOW,0.0,0.0,15.0,0.0,0.0,3,0.0,0.0,False,0,False,False
R4766,R4766,U375,U375,I293,I293,5,5,7.75,LOW,20.0,0.0,25.0,0.0,0.0,3,15.0,5.0,False,2,False,False
R4767,R4767,U511,U511,I310,I310,3,3,2.25,LOW,0.0,0.0,15.0,0.0,0.0,1,0.0,0.0,False,0,False,False
R4768,R4768,U467,U467,I223,I223,2,2,7.5,LOW,0.0,10.0,25.0,0.0,0.0,2,15.0,0.0,False,1,False,False
R4769,R4769,U130,U130,I251,I251,3,3,6.0,LOW,0.0,0.0,25.0,0.0,0.0,4,15.0,0.0,False,1,False,False
R4770,R4770,U888,U888,I23,I23,2,2,2.25,LOW,0.0,0.0,15.0,0.0,0.0,4,0.0,0.0,False,0,False,False
R4771,R4771,U120,U120,I82,I82,2,2,2.25,LOW,0.0,0.0,15.0,0.0,0.0,4,0.0,0.0,False,0,False,False
R4772,R4772,U234,U234,I445,I445,5,5,3.25,LOW,20.0,15.0,0.0,0.0,0.0,1,0.0,0.0,False,1,False,False
R4773,R4773,U270,U270,I285,I285,1,1,1.0,LOW,20.0,0.0,0.0,0.0,0.0,1,0.0,0.0,False,1,False,False
R4774,R4774,U14,U14,I148,I148,4,4,2.25,LOW,0.0,0.0,15.0,0.0,0.0,2,0.0,0.0,False,0,False,False
R4775,R4775,U702,U702,I60,I60,3,3,15.5,LOW,0.0,0.0,25.0,20.0,30.0,5,15.0,0.0,False,1,False,False
R4776,R4776,U964,U964,I449,I449,5,5,12.75,LOW,20.0,0.0,15.0,20.0,30.0,5,0.0,0.0,False,1,False,False
R4777,R4777,U816,U816,I202,I202,5,5,7.75,LOW,20.0,0.0,25.0,0.0,0.0,3,15.0,5.0,False,2,False,False
R4778,R4778,U317,U317,I235,I235,4,4,6.0,LOW,0.0,0.0,25.0,0.0,0.0,3,15.0,0.0,False,1,False,False
R4779,R4779,U879,U879,I254,I254,3,3,2.25,LOW,0.0,0.0,15.0,0.0,0.0,2,0.0,0.0,False,0,False,False
R4780,R4780,U470,U470,I9,I9,2,2,2.25,LOW,0.0,0.0,15.0,0.0,0.0,2,0.0,0.0,False,0,False,False
R4781,R4781,U394,U394,I210,I210,3,3,2.25,LOW,0.0,0.0,15.0,0.0,0.0,4,0.0,0.0,False,0,False,False
R4782,R4782,U12,U12,I1,I1,4,4,26.75,LOW,0.0,10.0,25.0,20.0,45.0,7,40.0,15.0,False,3,False,False
R4783,R4783,U985,U985,I367,I367,2,2,6.0,LOW,0.0,0.0,25.0,0.0,0.0,4,15.0,0.0,False,1,False,False
R4784,R4784,U875,U875,I281,I281,2,2,2.25,LOW,0.0,0.0,15.0,0.0,0.0,4,0.0,0.0,False,0,False,False
R4785,R4785,U886,U886,I495,I495,2,2,2.25,LOW,0.0,0.0,15.0,0.0,0.0,3,0.0,0.0,False,0,False,False
R4786,R4786,U660,U660,I275,I275,2,2,6.0,LOW,0.0,0.0,25.0,0.0,0.0,3,15.0,0.0,False,1,False,False
R4787,R4787,U594,U594,I424,I424,2,2,6.0,LOW,0.0,0.0,25.0,0.0,0.0,1,15.0,0.0,False,1,False,False
R4788,R4788,U425,U425,I442,I442,5,5,17.25,LOW,20.0,0.0,25.0,20.0,30.0,6,15.0,5.0,False,2,False,False
R4789,R4789,U492,U492,I284,I284,3,3,15.5,LOW,0.0,0.0,25.0,20.0,30.0,6,15.0,0.0,False,1,False,False
R4790,R4790,U450,U450,I68,I68,4,4,7.5,LOW,0.0,10.0,25.0,0.0,0.0,4,15.0,0.0,False,1,False,False
R4791,R4791,U725,U725,I404,I404,2,2,2.25,LOW,0.0,0.0,15.0,0.0,0.0,1,0.0,0.0,False,0,False,False
R4792,R4792,U210,U210,I101,I101,1,1,7.75,LOW,20.0,0.0,25.0,0.0,0.0,3,15.0,5.0,False,2,False,False
R4793,R4793,U739,U739,I398,I398,3,3,6.0,LOW,0.0,0.0,25.0,0.0,0.0,2,15.0,0.0,False,1,False,False
R4794,R4794,U600,U600,I429,I429,4,4,2.25,LOW,0.0,0.0,15.0,0.0,0.0,4,0.0,0.0,False,0,False,False
R4795,R4795,U170,U170,I339,I339,1,1,5.5,LOW,20.0,15.0,15.0,0.0,0.0,2,0.0,0.0,False,1,False,False
R4796,R4796,U410,U410,I337,I337,4,4,4.5,LOW,0.0,15.0,15.0,0.0,0.0,4,0.0,0.0,False,0,False,False
R4797,R4797,U908,U908,I139,I139,5,5,3.25,LOW,20.0,0.0,15.0,0.0,0.0,4,0.0,0.0,False,1,False,False
R4798,R4798,U237,U237,I48,I48,2,2,6.0,LOW,0.0,0.0,25.0,0.0,0.0,3,15.0,0.0,False,1,False,False
R4799,R4799,U258,U258,I334,I334,3,3,11.75,LOW,0.0,0.0,15.0,20.0,30.0,5,0.0,0.0,False,0,False,False
R4800,R4800,U348,U348,I266,I266,3,3,11.75,LOW,0.0,0.0,15.0,20.0,30.0,5,0.0,0.0,False,0,False,False
R4801,R4801,U899,U899,I287,I287,1,1,7.75,LOW,20.0,0.0,25.0,0.0,0.0,3,15.0,5.0,False,2,False,False
R4802,R4802,U989,U989,I266,I266,3,3,11.75,LOW,0.0,0.0,15.0,20.0,30.0,5,0.0,0.0,False,0,False,False
R4803,R4803,U359,U359,I50,I50,2,2,6.0,LOW,0.0,0.0,25.0,0.0,0.0,4,15.0,0.0,False,1,False,False
R4804,R4804,U185,U185,I60,I60,1,1,17.25,LOW,20.0,0.0,25.0,20.0,30.0,5,15.0,5.0,False,2,False,False
R4805,R4805,U767,U767,I120,I120,4,4,11.75,LOW,0.0,0.0,15.0,20.0,30.0,5,0.0,0.0,False,0,False,False
R4806,R4806,U698,U698,I45,I45,4,4,6.0,LOW,0.0,0.0,25.0,0.0,0.0,1,15.0,0.0,False,1,False,False
R4807,R4807,U724,U724,I9,I9,3,3,2.25,LOW,0.0,0.0,15.0,0.0,0.0,3,0.0,0.0,False,0,False,False
R4808,R4808,U727,U727,I371,I371,2,2,11.75,LOW,0.0,0.0,15.0,20.0,30.0,5,0.0,0.0,False,0,False,False
R4809,R4809,U258,U258,I320,I320,5,5,18.0,LOW,20.0,0.0,30.0,20.0,30.0,6,15.0,5.0,False,2,False,False
R4810,R4810,U85,U85,I352,I352,4,4,2.25,LOW,0.0,0.0,15.0,0.0,0.0,3,0.0,0.0,False,0,False,False
R4811,R4811,U346,U346,I296,I296,3,3,15.5,LOW,0.0,0.0,25.0,20.0,30.0,5,15.0,0.0,False,1,False,False
R4812,R4812,U755,U755,I419,I419,5,5,17.25,LOW,20.0,0.0,25.0,20.0,30.0,6,15.0,5.0,False,2,False,False
R4813,R4813,U726,U726,I190,I190,5,5,3.25,LOW,20.0,0.0,15.0,0.0,0.0,3,0.0,0.0,False,1,False,False
R4814,R4814,U170,U170,I37,I37,5,5,10.0,LOW,20.0,15.0,25.0,0.0,0.0,4,15.0,5.0,False,2,False,False
R4815,R4815,U511,U511,I293,I293,2,2,6.0,LOW,0.0,0.0,25.0,0.0,0.0,2,15.0,0.0,False,1,False,False
R4816,R4816,U213,U213,I390,I390,4,4,2.25,LOW,0.0,0.0,15.0,0.0,0.0,3,0.0,0.0,False,0,False,False
R4817,R4817,U931,U931,I352,I352,4,4,4.5,LOW,0.0,15.0,15.0,0.0,0.0,3,0.0,0.0,False,0,False,False
R4818,R4818,U590,U590,I254,I254,2,2,2.25,LOW,0.0,0.0,15.0,0.0,0.0,3,0.0,0.0,False,0,False,False
R4819,R4819,U409,U409,I236,I236,4,4,15.5,LOW,0.0,0.0,25.0,20.0,30.0,5,15.0,0.0,False,1,False,False
R4820,R4820,U504,U504,I243,I243,4,4,4.5,LOW,0.0,15.0,15.0,0.0,0.0,2,0.0,0.0,False,0,False,False
R4821,R4821,U581,U581,I107,I107,3,3,6.0,LOW,0.0,0.0,25.0,0.0,0.0,2,15.0,0.0,False,1,False,False
R4822,R4822,U435,U435,I36,I36,2,2,0.0,LOW,0.0,0.0,0.0,0.0,0.0,2,0.0,0.0,False,0,False,False
R4823,R4823,U91,U91,I248,I248,3,3,2.25,LOW,0.0,0.0,15.0,0.0,0.0,2,0.0,0.0,False,0,False,False
R4824,R4824,U74,U74,I299,I299,3,3,6.0,LOW,0.0,0.0,25.0,0.0,0.0,3,15.0,0.0,False,1,False,False
R4825,R4825,U793,U793,I416,I416,5,5,2.5,LOW,20.0,10.0,0.0,0.0,0.0,2,0.0,0.0,False,1,False,False
R4826,R4826,U982,U982,I280,I280,5,5,3.25,LOW,20.0,0.0,15.0,0.0,0.0,3,0.0,0.0,False,1,False,False
R4827,R4827,U183,U183,I221,I221,4,4,6.0,LOW,0.0,0.0,25.0,0.0,0.0,4,15.0,0.0,False,1,False,False
R4828,R4828,U196,U196,I102,I102,5,5,7.0,LOW,20.0,25.0,0.0,0.0,0.0,3,10.0,5.0,False,2,False,False
R4829,R4829,U13,U13,I347,I347,4,4,2.25,LOW,0.0,0.0,15.0,0.0,0.0,2,0.0,0.0,False,0,False,False
R4830,R4830,U117,U117,I186,I186,1,1,3.25,LOW,20.0,0.0,15.0,0.0,0.0,4,0.0,0.0,False,1,False,False
R4831,R4831,U96,U96,I38,I38,1,1,3.25,LOW,20.0,0.0,15.0,0.0,0.0,4,0.0,0.0,False,1,False,False
R4832,R4832,U624,U624,I54,I54,3,3,2.25,LOW,0.0,0.0,15.0,0.0,0.0,1,0.0,0.0,False,0,False,False
R4833,R4833,U538,U538,I495,I495,1,1,3.25,LOW,20.0,0.0,15.0,0.0,0.0,2,0.0,0.0,False,1,False,False
R4834,R4834,U289,U289,I93,I93,2,2,3.75,LOW,0.0,10.0,15.0,0.0,0.0,3,0.0,0.0,False,0,False,False
R4835,R4835,U995,U995,I128,I128,4,4,0.0,LOW,0.0,0.0,0.0,0.0,0.0,3,0.0,0.0,False,0,False,False
R4836,R4836,U160,U160,I388,I388,1,1,3.25,LOW,20.0,0.0,15.0,0.0,0.0,3,0.0,0.0,False,1,False,False
R4837,R4837,U599,U599,I309,I309,1,1,17.25,LOW,20.0,0.0,25.0,20.0,30.0,5,15.0,5.0,False,2,False,False
R4838,R4838,U2,U2,I442,I442,5,5,17.25,LOW,20.0,0.0,25.0,20.0,30.0,6,15.0,5.0,False,2,False,False
R4839,R4839,U99,U99,I409,I409,4,4,7.5,LOW,0.0,10.0,25.0,0.0,0.0,2,15.0,0.0,False,1,False,False
R4840,R4840,U845,U845,I235,I235,5,5,14.5,LOW,20.0,25.0,25.0,0.0,0.0,3,25.0,15.0,False,3,False,False
R4841,R4841,U319,U319,I429,I429,5,5,3.25,LOW,20.0,0.0,15.0,0.0,0.0,2,0.0,0.0,False,1,False,False
R4842,R4842,U978,U978,I45,I45,3,3,6.0,LOW,0.0,0.0,25.0,0.0,0.0,3,15.0,0.0,False,1,False,False
R4843,R4843,U229,U229,I271,I271,1,1,7.75,LOW,20.0,0.0,25.0,0.0,0.0,2,15.0,5.0,False,2,False,False
R4844,R4844,U465,U465,I313,I313,5,5,3.25,LOW,20.0,0.0,15.0,0.0,0.0,3,0.0,0.0,False,1,False,False
R4845,R4845,U472,U472,I341,I341,2,2,2.25,LOW,0.0,0.0,15.0,0.0,0.0,2,0.0,0.0,False,0,False,False
R4846,R4846,U462,U462,I92,I92,1,1,7.75,LOW,20.0,0.0,25.0,0.0,0.0,4,15.0,5.0,False,2,False,False
R4847,R4847,U691,U691,I201,I201,1,1,3.25,LOW,20.0,0.0,15.0,0.0,0.0,1,0.0,0.0,False,1,False,False
R4848,R4848,U820,U820,I92,I92,2,2,6.0,LOW,0.0,0.0,25.0,0.0,0.0,4,15.0,0.0,False,1,False,False
R4849,R4849,U185,U185,I221,I221,3,3,6.0,LOW,0.0,0.0,25.0,0.0,0.0,4,15.0,0.0,False,1,False,False
R4850,R4850,U690,U690,I88,I88,1,1,7.75,LOW,20.0,0.0,25.0,0.0,0.0,2,15.0,5.0,False,2,False,False
R4851,R4851,U521,U521,I408,I408,4,4,6.0,LOW,0.0,0.0,25.0,0.0,0.0,3,15.0,0.0,False,1,False,False
R4852,R4852,U579,U579,I224,I224,2,2,2.25,LOW,0.0,0.0,15.0,0.0,0.0,2,0.0,0.0,False,0,False,False
R4853,R4853,U933,U933,I185,I185,5,5,3.25,LOW,20.0,0.0,15.0,0.0,0.0,3,0.0,0.0,False,1,False,False
R4854,R4854,U106,U106,I340,I340,3,3,4.5,LOW,0.0,15.0,15.0,0.0,0.0,4,0.0,0.0,False,0,False,False
R4855,R4855,U936,U936,I349,I349,4,4,4.5,LOW,0.0,15.0,15.0,0.0,0.0,2,0.0,0.0,False,0,False,False
R4856,R4856,U200,U200,I80,I80,4,4,6.0,LOW,0.0,0.0,25.0,0.0,0.0,2,15.0,0.0,False,1,False,False
R4857,R4857,U7,U7,I60,I60,1,1,17.25,LOW,20.0,0.0,25.0,20.0,30.0,5,15.0,5.0,False,2,False,False
R4858,R4858,U343,U343,I157,I157,5,5,1.0,LOW,20.0,0.0,0.0,0.0,0.0,1,0.0,0.0,False,1,False,False
R4859,R4859,U853,U853,I494,I494,4,4,6.0,LOW,0.0,0.0,25.0,0.0,0.0,1,15.0,0.0,False,1,False,False
R4860,R4860,U511,U511,I105,I105,2,2,2.25,LOW,0.0,0.0,15.0,0.0,0.0,3,0.0,0.0,False,0,False,False
R4861,R4861,U856,U856,I435,I435,4,4,3.75,LOW,0.0,10.0,15.0,0.0,0.0,1,0.0,0.0,False,0,False,False
R4862,R4862,U836,U836,I494,I494,5,5,7.75,LOW,20.0,0.0,25.0,0.0,0.0,1,15.0,5.0,False,2,False,False
R4863,R4863,U520,U520,I174,I174,4,4,2.25,LOW,0.0,0.0,15.0,0.0,0.0,3,0.0,0.0,False,0,False,False
R4864,R4864,U565,U565,I352,I352,5,5,3.25,LOW,20.0,0.0,15.0,0.0,0.0,3,0.0,0.0,False,1,False,False
R4865,R4865,U703,U703,I281,I281,4,4,2.25,LOW,0.0,0.0,15.0,0.0,0.0,3,0.0,0.0,False,0,False,False
R4866,R4866,U64,U64,I17,I17,5,5,1.0,LOW,20.0,0.0,0.0,0.0,0.0,4,0.0,0.0,False,1,False,False
R4867,R4867,U689,U689,I309,I309,4,4,7.5,LOW,0.0,10.0,25.0,0.0,0.0,2,15.0,0.0,False,1,False,False
R4868,R4868,U964,U964,I177,I177,5,5,3.25,LOW,20.0,0.0,15.0,0.0,0.0,4,0.0,0.0,False,1,False,False
R4869,R4869,U991,U991,I245,I245,5,5,17.25,LOW,20.0,0.0,25.0,20.0,30.0,5,15.0,5.0,False,2,False,False
R4870,R4870,U849,U849,I108,I108,2,2,2.25,LOW,0.0,0.0,15.0,0.0,0.0,2,0.0,0.0,False,0,False,False
R4871,R4871,U280,U280,I139,I139,4,4,4.5,LOW,0.0,15.0,15.0,0.0,0.0,3,0.0,0.0,False,0,False,False
R4872,R4872,U172,U172,I195,I195,2,2,6.0,LOW,0.0,0.0,25.0,0.0,0.0,2,15.0,0.0,False,1,False,False
R4873,R4873,U501,U501,I202,I202,4,4,6.0,LOW,0.0,0.0,25.0,0.0,0.0,3,15.0,0.0,False,1,False,False
R4874,R4874,U434,U434,I453,I453,3,3,15.5,LOW,0.0,0.0,25.0,20.0,30.0,5,15.0,0.0,False,1,False,False
R4875,R4875,U403,U403,I413,I413,3,3,11.75,LOW,0.0,0.0,15.0,20.0,30.0,6,0.0,0.0,False,0,False,False
R4876,R4876,U342,U342,I265,I265,4,4,4.5,LOW,0.0,15.0,15.0,0.0,0.0,2,0.0,0.0,False,0,False,False
R4877,R4877,U759,U759,I198,I198,4,4,6.0,LOW,0.0,0.0,25.0,0.0,0.0,2,15.0,0.0,False,1,False,False
R4878,R4878,U265,U265,I419,I419,5,5,17.25,LOW,20.0,0.0,25.0,20.0,30.0,6,15.0,5.0,False,2,False,False
R4879,R4879,U271,U271,I497,I497,4,4,6.0,LOW,0.0,0.0,25.0,0.0,0.0,3,15.0,0.0,False,1,False,False
R4880,R4880,U80,U80,I178,I178,3,3,2.25,LOW,0.0,0.0,15.0,0.0,0.0,3,0.0,0.0,False,0,False,False
R4881,R4881,U828,U828,I377,I377,2,2,2.25,LOW,0.0,0.0,15.0,0.0,0.0,1,0.0,0.0,False,0,False,False
R4882,R4882,U874,U874,I226,I226,3,3,11.75,LOW,0.0,0.0,15.0,20.0,30.0,5,0.0,0.0,False,0,False,False
R4883,R4883,U663,U663,I18,I18,2,2,1.5,LOW,0.0,10.0,0.0,0.0,0.0,1,0.0,0.0,False,0,False,False
R4884,R4884,U24,U24,I396,I396,3,3,3.75,LOW,0.0,10.0,15.0,0.0,0.0,2,0.0,0.0,False,0,False,False
R4885,R4885,U453,U453,I253,I253,2,2,2.25,LOW,0.0,0.0,15.0,0.0,0.0,2,0.0,0.0,False,0,False,False
R4886,R4886,U662,U662,I2,I2,5,5,7.75,LOW,20.0,0.0,25.0,0.0,0.0,1,15.0,5.0,False,2,False,False
R4887,R4887,U279,U279,I347,I347,5,5,3.25,LOW,20.0,0.0,15.0,0.0,0.0,3,0.0,0.0,False,1,False,False
R4888,R4888,U407,U407,I161,I161,2,2,2.25,LOW,0.0,0.0,15.0,0.0,0.0,2,0.0,0.0,False,0,False,False
R4889,R4889,U638,U638,I132,I132,3,3,3.75,LOW,0.0,10.0,15.0,0.0,0.0,1,0.0,0.0,False,0,False,False
R4890,R4890,U242,U242,I225,I225,3,3,6.0,LOW,0.0,0.0,25.0,0.0,0.0,2,15.0,0.0,False,1,False,False
R4891,R4891,U567,U567,I443,I443,1,1,3.25,LOW,20.0,0.0,15.0,0.0,0.0,3,0.0,0.0,False,1,False,False
R4892,R4892,U537,U537,I3,I3,3,3,2.25,LOW,0.0,0.0,15.0,0.0,0.0,2,0.0,0.0,False,0,False,False
R4893,R4893,U544,U544,I110,I110,2,2,0.0,LOW,0.0,0.0,0.0,0.0,0.0,3,0.0,0.0,False,0,False,False
R4894,R4894,U546,U546,I190,I190,4,4,3.75,LOW,0.0,10.0,15.0,0.0,0.0,1,0.0,0.0,False,0,False,False
R4895,R4895,U193,U193,I95,I95,5,5,9.25,LOW,20.0,10.0,25.0,0.0,0.0,3,15.0,5.0,False,2,False,False
R4896,R4896,U253,U253,I208,I208,5,5,4.75,LOW,20.0,10.0,15.0,0.0,0.0,2,0.0,0.0,False,1,False,False
R4897,R4897,U310,U310,I499,I499,5,5,5.5,LOW,20.0,15.0,15.0,0.0,0.0,4,0.0,0.0,False,1,False,False
R4898,R4898,U713,U713,I470,I470,3,3,15.5,LOW,0.0,0.0,25.0,20.0,30.0,5,15.0,0.0,False,1,False,False
R4899,R4899,U486,U486,I113,I113,4,4,2.25,LOW,0.0,0.0,15.0,0.0,0.0,1,0.0,0.0,False,0,False,False
R4900,R4900,U56,U56,I495,I495,3,3,2.25,LOW,0.0,0.0,15.0,0.0,0.0,2,0.0,0.0,False,0,False,False
R4901,R4901,U360,U360,I0,I0,4,4,1.5,LOW,0.0,10.0,0.0,0.0,0.0,1,0.0,0.0,False,0,False,False
R4902,R4902,U180,U180,I415,I415,3,3,2.25,LOW,0.0,0.0,15.0,0.0,0.0,2,0.0,0.0,False,0,False,False
R4903,R4903,U321,U321,I52,I52,1,1,7.75,LOW,20.0,0.0,25.0,0.0,0.0,4,15.0,5.0,False,2,False,False
R4904,R4904,U900,U900,I72,I72,4,4,3.75,LOW,0.0,10.0,15.0,0.0,0.0,2,0.0,0.0,False,0,False,False
R4905,R4905,U528,U528,I117,I117,5,5,3.25,LOW,20.0,0.0,15.0,0.0,0.0,2,0.0,0.0,False,1,False,False
R4906,R4906,U646,U646,I297,I297,4,4,6.0,LOW,0.0,0.0,25.0,0.0,0.0,2,15.0,0.0,False,1,False,False
R4907,R4907,U206,U206,I456,I456,3,3,6.0,LOW,0.0,0.0,25.0,0.0,0.0,1,15.0,0.0,False,1,False,False
R4908,R4908,U478,U478,I143,I143,4,4,6.0,LOW,0.0,0.0,25.0,0.0,0.0,2,15.0,0.0,False,1,False,False
R4909,R4909,U708,U708,I403,I403,4,4,17.0,LOW,0.0,10.0,25.0,20.0,30.0,5,15.0,0.0,False,1,False,False
R4910,R4910,U763,U763,I19,I19,2,2,6.0,LOW,0.0,0.0,25.0,0.0,0.0,1,15.0,0.0,False,1,False,False
R4911,R4911,U871,U871,I438,I438,2,2,2.25,LOW,0.0,0.0,15.0,0.0,0.0,2,0.0,0.0,False,0,False,False
R4912,R4912,U201,U201,I420,I420,5,5,3.25,LOW,20.0,0.0,15.0,0.0,0.0,4,0.0,0.0,False,1,False,False
R4913,R4913,U485,U485,I135,I135,1,1,5.5,LOW,20.0,15.0,15.0,0.0,0.0,4,0.0,0.0,False,1,False,False
R4914,R4914,U608,U608,I75,I75,1,1,17.25,LOW,20.0,0.0,25.0,20.0,30.0,5,15.0,5.0,False,2,False,False
R4915,R4915,U977,U977,I388,I388,5,5,10.0,LOW,20.0,30.0,15.0,0.0,0.0,4,10.0,5.0,False,2,False,False
R4916,R4916,U837,U837,I417,I417,1,1,1.0,LOW,20.0,0.0,0.0,0.0,0.0,2,0.0,0.0,False,1,False,False
R4917,R4917,U898,U898,I45,I45,1,1,7.75,LOW,20.0,0.0,25.0,0.0,0.0,3,15.0,5.0,False,2,False,False
R4918,R4918,U643,U643,I250,I250,4,4,2.25,LOW,0.0,0.0,15.0,0.0,0.0,3,0.0,0.0,False,0,False,False
R4919,R4919,U494,U494,I411,I411,5,5,1.0,LOW,20.0,0.0,0.0,0.0,0.0,2,0.0,0.0,False,1,False,False
R4920,R4920,U698,U698,I447,I447,5,5,3.25,LOW,20.0,0.0,15.0,0.0,0.0,3,0.0,0.0,False,1,False,False
R4921,R4921,U117,U117,I200,I200,3,3,25.25,LOW,0.0,0.0,25.0,20.0,45.0,7,40.0,15.0,False,3,False,False
R4922,R4922,U268,U268,I303,I303,4,4,2.25,LOW,0.0,0.0,15.0,0.0,0.0,2,0.0,0.0,False,0,False,False
R4923,R4923,U579,U579,I324,I324,4,4,2.25,LOW,0.0,0.0,15.0,0.0,0.0,4,0.0,0.0,False,0,False,False
R4924,R4924,U530,U530,I100,I100,2,2,6.0,LOW,0.0,0.0,25.0,0.0,0.0,1,15.0,0.0,False,1,False,False
R4925,R4925,U437,U437,I44,I44,3,3,0.0,LOW,0.0,0.0,0.0,0.0,0.0,3,0.0,0.0,False,0,False,False
R4926,R4926,U220,U220,I455,I455,3,3,2.25,LOW,0.0,0.0,15.0,0.0,0.0,2,0.0,0.0,False,0,False,False
R4927,R4927,U882,U882,I335,I335,3,3,6.0,LOW,0.0,0.0,25.0,0.0,0.0,4,15.0,0.0,False,1,False,False
R4928,R4928,U722,U722,I484,I484,4,4,6.0,LOW,0.0,0.0,25.0,0.0,0.0,3,15.0,0.0,False,1,False,False
R4929,R4929,U604,U604,I107,I107,3,3,6.0,LOW,0.0,0.0,25.0,0.0,0.0,2,15.0,0.0,False,1,False,False
R4930,R4930,U968,U968,I413,I413,3,3,11.75,LOW,0.0,0.0,15.0,20.0,30.0,6,0.0,0.0,False,0,False,False
R4931,R4931,U775,U775,I393,I393,2,2,2.25,LOW,0.0,0.0,15.0,0.0,0.0,4,0.0,0.0,False,0,False,False
R4932,R4932,U32,U32,I95,I95,4,4,15.5,LOW,0.0,0.0,25.0,20.0,30.0,5,15.0,0.0,False,1,False,False
R4933,R4933,U743,U743,I206,I206,5,5,18.0,LOW,20.0,0.0,30.0,20.0,30.0,5,15.0,5.0,False,2,False,False
R4934,R4934,U342,U342,I221,I221,4,4,8.25,LOW,0.0,15.0,25.0,0.0,0.0,4,15.0,0.0,False,1,False,False
R4935,R4935,U492,U492,I43,I43,5,5,12.75,LOW,20.0,0.0,15.0,20.0,30.0,5,0.0,0.0,False,1,False,False
R4936,R4936,U964,U964,I61,I61,2,2,2.25,LOW,0.0,0.0,15.0,0.0,0.0,4,0.0,0.0,False,0,False,False
R4937,R4937,U186,U186,I122,I122,4,4,2.25,LOW,0.0,0.0,15.0,0.0,0.0,3,0.0,0.0,False,0,False,False
R4938,R4938,U883,U883,I111,I111,5,5,9.25,LOW,20.0,10.0,25.0,0.0,0.0,3,15.0,5.0,False,2,False,False
R4939,R4939,U130,U130,I96,I96,4,4,0.0,LOW,0.0,0.0,0.0,0.0,0.0,1,0.0,0.0,False,0,False,False
R4940,R4940,U259,U259,I186,I186,5,5,3.25,LOW,20.0,0.0,15.0,0.0,0.0,2,0.0,0.0,False,1,False,False
R4941,R4941,U602,U602,I266,I266,3,3,11.75,LOW,0.0,0.0,15.0,20.0,30.0,5,0.0,0.0,False,0,False,False
R4942,R4942,U104,U104,I358,I358,2,2,0.0,LOW,0.0,0.0,0.0,0.0,0.0,3,0.0,0.0,False,0,False,False
R4943,R4943,U510,U510,I210,I210,5,5,3.25,LOW,20.0,0.0,15.0,0.0,0.0,3,0.0,0.0,False,1,False,False
R4944,R4944,U9,U9,I171,I171,5,5,3.25,LOW,20.0,0.0,15.0,0.0,0.0,3,0.0,0.0,False,1,False,False
R4945,R4945,U501,U501,I296,I296,1,1,7.75,LOW,20.0,0.0,25.0,0.0,0.0,4,15.0,5.0,False,2,False,False
R4946,R4946,U45,U45,I321,I321,4,4,11.75,LOW,0.0,0.0,15.0,20.0,30.0,5,0.0,0.0,False,0,False,False
R4947,R4947,U372,U372,I60,I60,1,1,17.25,LOW,20.0,0.0,25.0,20.0,30.0,5,15.0,5.0,False,2,False,False
R4948,R4948,U273,U273,I20,I20,4,4,7.5,LOW,0.0,10.0,25.0,0.0,0.0,2,15.0,0.0,False,1,False,False
R4949,R4949,U988,U988,I232,I232,5,5,3.25,LOW,20.0,0.0,15.0,0.0,0.0,3,0.0,0.0,False,1,False,False
R4950,R4950,U779,U779,I275,I275,3,3,6.0,LOW,0.0,0.0,25.0,0.0,0.0,3,15.0,0.0,False,1,False,False
R4951,R4951,U543,U543,I374,I374,3,3,2.25,LOW,0.0,0.0,15.0,0.0,0.0,1,0.0,0.0,False,0,False,False
R4952,R4952,U992,U992,I100,I100,1,1,17.25,LOW,20.0,0.0,25.0,20.0,30.0,5,15.0,5.0,False,2,False,False
R4953,R4953,U260,U260,I264,I264,3,3,3.75,LOW,0.0,10.0,15.0,0.0,0.0,2,0.0,0.0,False,0,False,False
R4954,R4954,U218,U218,I221,I221,3,3,6.0,LOW,0.0,0.0,25.0,0.0,0.0,4,15.0,0.0,False,1,False,False
R4955,R4955,U291,U291,I353,I353,1,1,3.25,LOW,20.0,0.0,15.0,0.0,0.0,4,0.0,0.0,False,1,False,False
R4956,R4956,U898,U898,I134,I134,5,5,3.25,LOW,20.0,0.0,15.0,0.0,0.0,2,0.0,0.0,False,1,False,False
R4957,R4957,U490,U490,I94,I94,5,5,3.25,LOW,20.0,0.0,15.0,0.0,0.0,3,0.0,0.0,False,1,False,False
R4958,R4958,U629,U629,I5,I5,2,2,2.25,LOW,0.0,0.0,15.0,0.0,0.0,3,0.0,0.0,False,0,False,False
R4959,R4959,U887,U887,I231,I231,5,5,10.0,LOW,20.0,15.0,25.0,0.0,0.0,4,15.0,5.0,False,2,False,False
R4960,R4960,U250,U250,I405,I405,4,4,0.0,LOW,0.0,0.0,0.0,0.0,0.0,1,0.0,0.0,False,0,False,False
R4961,R4961,U251,U251,I378,I378,1,1,8.5,LOW,20.0,0.0,30.0,0.0,0.0,4,15.0,5.0,False,2,False,False
R4962,R4962,U504,U504,I381,I381,5,5,10.0,LOW,20.0,15.0,25.0,0.0,0.0,3,15.0,5.0,False,2,False,False
R4963,R4963,U764,U764,I319,I319,5,5,18.0,LOW,20.0,0.0,30.0,20.0,30.0,5,15.0,5.0,False,2,False,False
R4964,R4964,U970,U970,I133,I133,3,3,0.0,LOW,0.0,0.0,0.0,0.0,0.0,1,0.0,0.0,False,0,False,False
R4965,R4965,U564,U564,I287,I287,5,5,7.75,LOW,20.0,0.0,25.0,0.0,0.0,3,15.0,5.0,False,2,False,False
R4966,R4966,U760,U760,I300,I300,2,2,6.0,LOW,0.0,0.0,25.0,0.0,0.0,3,15.0,0.0,False,1,False,False
R4967,R4967,U204,U204,I95,I95,1,1,7.75,LOW,20.0,0.0,25.0,0.0,0.0,3,15.0,5.0,False,2,False,False
R4968,R4968,U641,U641,I454,I454,3,3,6.0,LOW,0.0,0.0,25.0,0.0,0.0,3,15.0,0.0,False,1,False,False
R4969,R4969,U5,U5,I432,I432,3,3,1.5,LOW,0.0,10.0,0.0,0.0,0.0,1,0.0,0.0,False,0,False,False
R4970,R4970,U433,U433,I317,I317,5,5,1.0,LOW,20.0,0.0,0.0,0.0,0.0,1,0.0,0.0,False,1,False,False
R4971,R4971,U127,U127,I380,I380,3,3,0.0,LOW,0.0,0.0,0.0,0.0,0.0,2,0.0,0.0,False,0,False,False
R4972,R4972,U211,U211,I426,I426,1,1,1.0,LOW,20.0,0.0,0.0,0.0,0.0,3,0.0,0.0,False,1,False,False
R4973,R4973,U621,U621,I485,I485,5,5,1.0,LOW,20.0,0.0,0.0,0.0,0.0,1,0.0,0.0,False,1,False,False
R4974,R4974,U637,U637,I205,I205,4,4,6.0,LOW,0.0,0.0,25.0,0.0,0.0,3,15.0,0.0,False,1,False,False
R4975,R4975,U224,U224,I10,I10,5,5,3.25,LOW,20.0,0.0,15.0,0.0,0.0,1,0.0,0.0,False,1,False,False
R4976,R4976,U932,U932,I125,I125,3,3,2.25,LOW,0.0,0.0,15.0,0.0,0.0,3,0.0,0.0,False,0,False,False
R4977,R4977,U361,U361,I135,I135,1,1,3.25,LOW,20.0,0.0,15.0,0.0,0.0,4,0.0,0.0,False,1,False,False
R4978,R4978,U30,U30,I225,I225,5,5,10.0,LOW,20.0,15.0,25.0,0.0,0.0,2,15.0,5.0,False,2,False,False
R4979,R4979,U607,U607,I60,I60,3,3,15.5,LOW,0.0,0.0,25.0,20.0,30.0,5,15.0,0.0,False,1,False,False
R4980,R4980,U824,U824,I406,I406,1,1,3.25,LOW,20.0,0.0,15.0,0.0,0.0,1,0.0,0.0,False,1,False,False
R4981,R4981,U699,U699,I237,I237,2,2,8.25,LOW,0.0,15.0,25.0,0.0,0.0,2,15.0,0.0,False,1,False,False
R4982,R4982,U26,U26,I60,I60,2,2,6.0,LOW,0.0,0.0,25.0,0.0,0.0,2,15.0,0.0,False,1,False,False
R4983,R4983,U623,U623,I182,I182,2,2,6.0,LOW,0.0,0.0,25.0,0.0,0.0,2,15.0,0.0,False,1,False,False
R4984,R4984,U571,U571,I499,I499,3,3,2.25,LOW,0.0,0.0,15.0,0.0,0.0,1,0.0,0.0,False,0,False,False
R4985,R4985,U22,U22,I149,I149,2,2,3.75,LOW,0.0,10.0,15.0,0.0,0.0,2,0.0,0.0,False,0,False,False
R4986,R4986,U80,U80,I340,I340,5,5,3.25,LOW,20.0,0.0,15.0,0.0,0.0,3,0.0,0.0,False,1,False,False
R4987,R4987,U716,U716,I19,I19,4,4,6.0,LOW,0.0,0.0,25.0,0.0,0.0,4,15.0,0.0,False,1,False,False
R4988,R4988,U129,U129,I413,I413,1,1,3.25,LOW,20.0,0.0,15.0,0.0,0.0,2,0.0,0.0,False,1,False,False
R4989,R4989,U541,U541,I447,I447,1,1,3.25,LOW,20.0,0.0,15.0,0.0,0.0,1,0.0,0.0,False,1,False,False
R4990,R4990,U33,U33,I290,I290,2,2,2.25,LOW,0.0,0.0,15.0,0.0,0.0,1,0.0,0.0,False,0,False,False
R4991,R4991,U931,U931,I491,I491,3,3,4.5,LOW,0.0,15.0,15.0,0.0,0.0,3,0.0,0.0,False,0,False,False
R4992,R4992,U543,U543,I147,I147,4,4,6.0,LOW,0.0,0.0,25.0,0.0,0.0,1,15.0,0.0,False,1,False,False
R4993,R4993,U937,U937,I264,I264,3,3,2.25,LOW,0.0,0.0,15.0,0.0,0.0,2,0.0,0.0,False,0,False,False
R4994,R4994,U774,U774,I422,I422,4,4,2.25,LOW,0.0,0.0,15.0,0.0,0.0,2,0.0,0.0,False,0,False,False
R4995,R4995,U457,U457,I453,I453,2,2,6.0,LOW,0.0,0.0,25.0,0.0,0.0,2,15.0,0.0,False,1,False,False
R4996,R4996,U830,U830,I269,I269,2,2,2.25,LOW,0.0,0.0,15.0,0.0,0.0,2,0.0,0.0,False,0,False,False
R4997,R4997,U850,U850,I366,I366,3,3,6.0,LOW,0.0,0.0,25.0,0.0,0.0,1,15.0,0.0,False,1,False,False
R4998,R4998,U696,U696,I167,I167,2,2,15.5,LOW,0.0,0.0,25.0,20.0,30.0,5,15.0,0.0,False,1,False,False
R4999,R4999,U849,U849,I53,I53,3,3,0.0,LOW,0.0,0.0,0.0,0.0,0.0,1,0.0,0.0,False,0,False,False
ATTACK_R0,ATTACK_R0,U801,U801,I100,I100,5,5,52.5,HIGH,20.0,0.0,25.0,20.0,60.0,11,60.0,25.0,False,4,True,False
ATTACK_R1,ATTACK_R1,U802,U802,I100,I100,5,5,54.0,HIGH,20.0,10.0,25.0,20.0,60.0,11,60.0,25.0,False,4,True,False
ATTACK_R2,ATTACK_R2,U803,U803,I100,I100,5,5,52.5,HIGH,20.0,0.0,25.0,20.0,60.0,11,60.0,25.0,False,4,True,False
ATTACK_R3,ATTACK_R3,U804,U804,I100,I100,5,5,52.5,HIGH,20.0,0.0,25.0,20.0,60.0,11,60.0,25.0,False,4,True,False
ATTACK_R4,ATTACK_R4,U805,U805,I100,I100,5,5,52.5,HIGH,20.0,0.0,25.0,20.0,60.0,11,60.0,25.0,False,4,True,False
ATTACK_R5,ATTACK_R5,U806,U806,I100,I100,5,5,52.5,HIGH,20.0,0.0,25.0,20.0,60.0,11,60.0,25.0,False,4,True,False
ATTACK_R6,ATTACK_R6,U807,U807,I100,I100,5,5,52.5,HIGH,20.0,0.0,25.0,20.0,60.0,11,60.0,25.0,False,4,True,False
ATTACK_R7,ATTACK_R7,U808,U808,I100,I100,5,5,52.5,HIGH,20.0,0.0,25.0,20.0,60.0,11,60.0,25.0,False,4,True,False
,,BOT_001,BOT_001,I49,I49,5,5,14.5,LOW,20.0,25.0,25.0,0.0,0.0,4,25.0,15.0,True,3,False,True
,,BOT_001,BOT_001,I15,I15,5,5,27.75,LOW,20.0,25.0,25.0,20.0,30.0,5,25.0,40.0,True,4,False,True
,,BOT_001,BOT_001,I151,I151,5,5,9.25,LOW,20.0,25.0,15.0,0.0,0.0,2,10.0,5.0,True,2,False,True
,,BOT_002,BOT_002,I331,I331,5,5,9.25,LOW,20.0,25.0,15.0,0.0,0.0,3,10.0,5.0,True,2,False,True
,,BOT_002,BOT_002,I14,I14,5,5,7.0,LOW,20.0,25.0,0.0,0.0,0.0,2,10.0,5.0,True,2,False,True
,,BOT_002,BOT_002,I222,I222,5,5,14.5,LOW,20.0,25.0,25.0,0.0,0.0,1,25.0,15.0,True,3,False,True
,,BOT_003,BOT_003,I84,I84,5,5,9.25,LOW,20.0,25.0,15.0,0.0,0.0,3,10.0,5.0,True,2,False,True
,,BOT_003,BOT_003,I311,I311,5,5,14.5,LOW,20.0,25.0,25.0,0.0,0.0,4,25.0,15.0,True,3,False,True
,,BOT_003,BOT_003,I15,I15,5,5,27.75,LOW,20.0,25.0,25.0,20.0,30.0,5,25.0,40.0,True,4,False,True
,,BOT_004,BOT_004,I246,I246,5,5,14.5,LOW,20.0,25.0,25.0,0.0,0.0,4,25.0,15.0,True,3,False,True
,,BOT_004,BOT_004,I377,I377,5,5,9.25,LOW,20.0,25.0,15.0,0.0,0.0,2,10.0,5.0,True,2,False,True
,,BOT_004,BOT_004,I195,I195,5,5,14.5,LOW,20.0,25.0,25.0,0.0,0.0,1,25.0,15.0,True,3,False,True
,,BOT_005,BOT_005,I497,I497,5,5,14.5,LOW,20.0,25.0,25.0,0.0,0.0,2,25.0,15.0,True,3,False,True
,,BOT_005,BOT_005,I80,I80,5,5,27.75,LOW,20.0,25.0,25.0,20.0,30.0,6,25.0,40.0,True,4,False,True
,,BOT_005,BOT_005,I172,I172,5,5,9.25,LOW,20.0,25.0,15.0,0.0,0.0,4,10.0,5.0,True,2,False,True
,,BOT_006,BOT_006,I423,I423,5,5,7.0,LOW,20.0,25.0,0.0,0.0,0.0,4,10.0,5.0,True,2,False,True
,,BOT_006,BOT_006,I20,I20,5,5,14.5,LOW,20.0,25.0,25.0,0.0,0.0,3,25.0,15.0,True,3,False,True
,,BOT_006,BOT_006,I350,I350,5,5,14.5,LOW,20.0,25.0,25.0,0.0,0.0,3,25.0,15.0,True,3,False,True
,,BOT_007,BOT_007,I182,I182,5,5,27.75,LOW,20.0,25.0,25.0,20.0,30.0,5,25.0,40.0,True,4,False,True
,,BOT_007,BOT_007,I225,I225,5,5,14.5,LOW,20.0,25.0,25.0,0.0,0.0,2,25.0,15.0,True,3,False,True
,,BOT_007,BOT_007,I432,I432,5,5,7.0,LOW,20.0,25.0,0.0,0.0,0.0,2,10.0,5.0,True,2,False,True
,,BOT_008,BOT_008,I159,I159,5,5,14.5,LOW,20.0,25.0,25.0,0.0,0.0,4,25.0,15.0,True,3,False,True
,,BOT_008,BOT_008,I107,I107,5,5,14.5,LOW,20.0,25.0,25.0,0.0,0.0,4,25.0,15.0,True,3,False,True
,,BOT_008,BOT_008,I448,I448,5,5,9.25,LOW,20.0,25.0,15.0,0.0,0.0,2,10.0,5.0,True,2,False,True
,,BOT_009,BOT_009,I345,I345,5,5,14.5,LOW,20.0,25.0,25.0,0.0,0.0,4,25.0,15.0,True,3,False,True
,,BOT_009,BOT_009,I62,I62,5,5,9.25,LOW,20.0,25.0,15.0,0.0,0.0,2,10.0,5.0,True,2,False,True
,,BOT_009,BOT_009,I493,I493,5,5,9.25,LOW,20.0,25.0,15.0,0.0,0.0,1,10.0,5.0,True,2,False,True
,,BOT_010,BOT_010,I169,I169,5,5,7.0,LOW,20.0,25.0,0.0,0.0,0.0,1,10.0,5.0,True,2,False,True
,,BOT_010,BOT_010,I385,I385,5,5,14.5,LOW,20.0,25.0,25.0,0.0,0.0,4,25.0,15.0,True,3,False,True
,,BOT_010,BOT_010,I58,I58,5,5,14.5,LOW,20.0,25.0,25.0,0.0,0.0,3,25.0,15.0,True,3,False,True
,,BOT_011,BOT_011,I226,I226,5,5,9.25,LOW,20.0,25.0,15.0,0.0,0.0,2,10.0,5.0,True,2,False,True
,,BOT_011,BOT_011,I219,I219,5,5,9.25,LOW,20.0,25.0,15.0,0.0,0.0,3,10.0,5.0,True,2,False,True
,,BOT_011,BOT_011,I197,I197,5,5,7.0,LOW,20.0,25.0,0.0,0.0,0.0,2,10.0,5.0,True,2,False,True
,,BOT_012,BOT_012,I367,I367,5,5,14.5,LOW,20.0,25.0,25.0,0.0,0.0,4,25.0,15.0,True,3,False,True
,,BOT_012,BOT_012,I79,I79,5,5,9.25,LOW,20.0,25.0,15.0,0.0,0.0,3,10.0,5.0,True,2,False,True
,,BOT_012,BOT_012,I121,I121,5,5,9.25,LOW,20.0,25.0,15.0,0.0,0.0,2,10.0,5.0,True,2,False,True
,,BOT_013,BOT_013,I397,I397,5,5,9.25,LOW,20.0,25.0,15.0,0.0,0.0,1,10.0,5.0,True,2,False,True
,,BOT_013,BOT_013,I184,I184,5,5,7.0,LOW,20.0,25.0,0.0,0.0,0.0,1,10.0,5.0,True,2,False,True
,,BOT_013,BOT_013,I15,I15,5,5,27.75,LOW,20.0,25.0,25.0,20.0,30.0,5,25.0,40.0,True,4,False,True
,,BOT_014,BOT_014,I314,I314,5,5,14.5,LOW,20.0,25.0,25.0,0.0,0.0,3,25.0,15.0,True,3,False,True
,,BOT_014,BOT_014,I39,I39,5,5,7.0,LOW,20.0,25.0,0.0,0.0,0.0,2,10.0,5.0,True,2,False,True
,,BOT_014,BOT_014,I297,I297,5,5,14.5,LOW,20.0,25.0,25.0,0.0,0.0,3,25.0,15.0,True,3,False,True
,,BOT_015,BOT_015,I103,I103,5,5,9.25,LOW,20.0,25.0,15.0,0.0,0.0,3,10.0,5.0,True,2,False,True
,,BOT_015,BOT_015,I178,I178,5,5,9.25,LOW,20.0,25.0,15.0,0.0,0.0,4,10.0,5.0,True,2,False,True
,,BOT_015,BOT_015,I439,I439,5,5,7.0,LOW,20.0,25.0,0.0,0.0,0.0,2,10.0,5.0,True,2,False,True
,,BOT_016,BOT_016,I387,I387,5,5,9.25,LOW,20.0,25.0,15.0,0.0,0.0,4,10.0,5.0,True,2,False,True
,,BOT_016,BOT_016,I19,I19,5,5,14.5,LOW,20.0,25.0,25.0,0.0,0.0,4,25.0,15.0,True,3,False,True
,,BOT_016,BOT_016,I182,I182,5,5,27.75,LOW,20.0,25.0,25.0,20.0,30.0,5,25.0,40.0,True,4,False,True
,,BOT_017,BOT_017,I238,I238,5,5,14.5,LOW,20.0,25.0,25.0,0.0,0.0,3,25.0,15.0,True,3,False,True
,,BOT_017,BOT_017,I202,I202,5,5,14.5,LOW,20.0,25.0,25.0,0.0,0.0,3,25.0,15.0,True,3,False,True
,,BOT_017,BOT_017,I398,I398,5,5,14.5,LOW,20.0,25.0,25.0,0.0,0.0,3,25.0,15.0,True,3,False,True
,,BOT_018,BOT_018,I462,I462,5,5,7.0,LOW,20.0,25.0,0.0,0.0,0.0,2,10.0,5.0,True,2,False,True
,,BOT_018,BOT_018,I79,I79,5,5,9.25,LOW,20.0,25.0,15.0,0.0,0.0,3,10.0,5.0,True,2,False,True
,,BOT_018,BOT_018,I235,I235,5,5,14.5,LOW,20.0,25.0,25.0,0.0,0.0,3,25.0,15.0,True,3,False,True
,,BOT_019,BOT_019,I187,I187,5,5,7.0,LOW,20.0,25.0,0.0,0.0,0.0,2,10.0,5.0,True,2,False,True
,,BOT_019,BOT_019,I271,I271,5,5,27.75,LOW,20.0,25.0,25.0,20.0,30.0,5,25.0,40.0,True,4,False,True
,,BOT_019,BOT_019,I341,I341,5,5,9.25,LOW,20.0,25.0,15.0,0.0,0.0,2,10.0,5.0,True,2,False,True
,,BOT_020,BOT_020,I156,I156,5,5,14.5,LOW,20.0,25.0,25.0,0.0,0.0,3,25.0,15.0,True,3,False,True
,,BOT_020,BOT_020,I183,I183,5,5,7.0,LOW,20.0,25.0,0.0,0.0,0.0,2,10.0,5.0,True,2,False,True
,,BOT_020,BOT_020,I453,I453,5,5,14.5,LOW,20.0,25.0,25.0,0.0,0.0,3,25.0,15.0,True,3,False,True
