comment_id,user_id,item_id,text,timestamp,is_fake_attack,attack_type,duplicate_count,duplicate_score,spam_score,near_duplicate_similarity,near_duplicate_score,user_comment_count,user_activity_score,unique_users_for_text,text_item_group_size,coordination_score,attack_pattern_score,base_attack_score,coordination_boost,attack_score,detected_fake,is_real_attack
C0,U104,I356,i have a different opinion about gaming. reference 0,2026-06-21 07:41:31.776649,False,GENUINE,1,0,0,1.0000000000000002,50,6,15,1,1,0,0,9.0,0,9.0,False,False
C1,U801,I21,this is worth discussing further. reference 1,2026-06-12 14:52:31.776838,False,GENUINE,1,0,0,1.0,50,7,15,1,1,0,0,9.0,0,9.0,False,False
C2,U379,I35,this was a surprisingly interesting post. reference 2,2026-08-10 16:20:31.776865,False,GENUINE,1,0,0,1.0,50,7,15,1,1,0,0,9.0,0,9.0,False,False
C3,U869,I215,i think this could be improved. reference 3,2026-07-03 08:56:31.776884,False,GENUINE,1,0,0,1.0000000000000002,50,5,15,1,1,0,0,9.0,0,9.0,False,False
C4,U983,I185,i think this could be improved. reference 4,2026-07-03 04:38:31.776913,False,GENUINE,1,0,0,1.0000000000000002,50,7,15,1,1,0,0,9.0,0,9.0,False,False
C5,U180,I375,this was a surprisingly interesting post. reference 5,2026-06-16 18:30:31.776931,False,GENUINE,1,0,0,1.0,50,6,15,1,1,0,0,9.0,0,9.0,False,False
C6,U827,I470,this was a surprisingly interesting post. reference 6,2026-06-30 12:27:31.776950,False,GENUINE,1,0,0,1.0,50,6,15,1,1,0,0,9.0,0,9.0,False,False
C7,U446,I422,amazing product buy now,2026-07-13 11:53:31.776966,False,GENUINE,69,50,15,1.0,50,6,15,68,1,40,0,33.5,8,41.5,False,False
C8,U872,I125,this is an interesting perspective on movies. reference 8,2026-07-01 19:11:31.776984,False,GENUINE,1,0,0,1.0,50,10,40,1,1,0,0,11.5,0,11.5,False,False
C9,U249,I384,i think this could be improved. reference 9,2026-07-12 05:06:31.777001,False,GENUINE,1,0,0,1.0000000000000002,50,6,15,1,1,0,0,9.0,0,9.0,False,False
C10,U29,I253,this is worth discussing further. reference 10,2026-06-28 10:54:31.777016,False,GENUINE,1,0,0,1.0,50,7,15,1,1,0,0,9.0,0,9.0,False,False
C11,U217,I181,i have a different opinion about music. reference 11,2026-07-17 09:03:31.777031,False,GENUINE,1,0,0,1.0,50,6,15,1,1,0,0,9.0,0,9.0,False,False
C12,U901,I305,i have a different opinion about technology. reference 12,2026-06-25 19:23:31.777047,False,GENUINE,1,0,0,0.7418462529021725,20,9,15,1,1,0,0,4.5,0,4.5,False,False
C13,U970,I97,this is an interesting perspective on sports. reference 13,2026-06-07 06:57:31.777062,False,GENUINE,1,0,0,0.7310531063082972,20,7,15,1,1,0,0,4.5,0,4.5,False,False
C14,U416,I250,this was a surprisingly interesting post. reference 14,2026-06-09 23:19:31.777076,False,GENUINE,1,0,0,0.661661894767308,0,6,15,1,1,0,0,1.5,0,1.5,False,False
C15,U487,I330,click here for amazing deals,2026-08-10 06:18:31.777090,False,GENUINE,53,50,30,1.0000000000000002,50,5,15,53,1,40,0,36.5,8,44.5,False,False
C16,U95,I150,the explanation of fashion was very clear. reference 16,2026-06-09 20:45:31.777105,False,GENUINE,1,0,0,0.7656396726651926,20,9,15,1,1,0,0,4.5,0,4.5,False,False
C17,U249,I156,thanks for sharing this information. reference 17,2026-06-29 18:07:31.777119,False,GENUINE,1,0,0,0.6789809902112234,0,6,15,1,1,0,0,1.5,0,1.5,False,False
C18,U566,I271,best deal available now,2026-06-04 22:27:31.777133,False,GENUINE,52,50,15,1.0000000000000002,50,5,15,51,2,50,0,37.0,8,45.0,False,False
C19,U563,I169,this is worth discussing further. reference 19,2026-07-18 04:09:31.777147,False,GENUINE,1,0,0,0.6148367794734235,0,5,15,1,1,0,0,1.5,0,1.5,False,False
C20,U313,I128,the explanation of gaming was very clear. reference 20,2026-06-07 04:18:31.777161,False,GENUINE,1,0,0,0.7624332223630372,20,5,15,1,1,0,0,4.5,0,4.5,False,False
C21,U197,I161,this is an interesting perspective on education. reference 21,2026-07-25 09:33:31.777176,False,GENUINE,1,0,0,0.7306942280328297,20,5,15,1,1,0,0,4.5,0,4.5,False,False
C22,U221,I378,i think this could be improved. reference 22,2026-06-06 21:06:31.777190,False,GENUINE,1,0,0,0.6122441426822248,0,3,0,1,1,0,0,0.0,0,0.0,False,False
C23,U603,I389,this was a surprisingly interesting post. reference 23,2026-08-02 16:22:31.777204,False,GENUINE,1,0,0,0.661661894767308,0,6,15,1,1,0,0,1.5,0,1.5,False,False
C24,U852,I99,i have a different opinion about sports. reference 24,2026-07-09 23:37:31.777218,False,GENUINE,1,0,0,0.7435975412000372,20,5,15,1,1,0,0,4.5,0,4.5,False,False
C25,U183,I154,i really enjoyed this post about education. reference 25,2026-07-17 20:44:31.777232,False,GENUINE,1,0,0,0.7751482859536991,20,6,15,1,1,0,0,4.5,0,4.5,False,False
C26,U46,I498,i really enjoyed this post about movies. reference 26,2026-06-09 08:27:31.777249,False,GENUINE,1,0,0,0.7772370080656208,20,5,15,1,1,0,0,4.5,0,4.5,False,False
C27,U966,I64,i think this could be improved. reference 27,2026-08-10 17:11:31.777266,False,GENUINE,1,0,0,0.6122441426822248,0,6,15,1,1,0,0,1.5,0,1.5,False,False
C28,U587,I145,i think this could be improved. reference 28,2026-07-02 17:45:31.777280,False,GENUINE,1,0,0,0.6122441426822248,0,5,15,1,1,0,0,1.5,0,1.5,False,False
C29,U348,I94,i really enjoyed this post about movies. reference 29,2026-06-29 08:22:31.777294,False,GENUINE,1,0,0,0.7772370080656208,20,7,15,1,1,0,0,4.5,0,4.5,False,False
C30,U116,I420,this is an interesting perspective on fashion. reference 30,2026-06-28 01:44:31.777309,False,GENUINE,1,0,0,0.7361608768424162,20,9,15,1,1,0,0,4.5,0,4.5,False,False
C31,U75,I295,click here for amazing deals,2026-07-29 06:03:31.777324,False,GENUINE,53,50,30,1.0000000000000002,50,9,15,53,1,40,0,36.5,8,44.5,False,False
C32,U830,I288,i have a different opinion about gaming. reference 32,2026-07-20 05:48:31.777338,False,GENUINE,1,0,0,0.7402988924808734,20,8,15,1,1,0,0,4.5,0,4.5,False,False
C33,U121,I285,the information presented here is useful. reference 33,2026-06-25 06:24:31.777352,False,GENUINE,1,0,0,0.6598076480079635,0,6,15,1,1,0,0,1.5,0,1.5,False,False
C34,U389,I230,i think this could be improved. reference 34,2026-06-19 06:19:31.777366,False,GENUINE,1,0,0,0.6122441426822248,0,7,15,1,1,0,0,1.5,0,1.5,False,False
C35,U439,I156,thanks for sharing this information. reference 35,2026-06-17 08:13:31.777380,False,GENUINE,1,0,0,0.6789809902112234,0,5,15,1,1,0,0,1.5,0,1.5,False,False
C36,U983,I378,this is an interesting perspective on sports. reference 36,2026-06-15 21:31:31.777394,False,GENUINE,1,0,0,0.7310531063082972,20,7,15,1,1,0,0,4.5,0,4.5,False,False
C37,U216,I135,this is an interesting perspective on education. reference 37,2026-07-20 23:59:31.777409,False,GENUINE,1,0,0,0.7306942280328299,20,7,15,1,1,0,0,4.5,0,4.5,False,False
C38,U177,I282,this is an interesting perspective on education. reference 38,2026-08-11 14:08:31.777423,False,GENUINE,1,0,0,0.7306942280328299,20,5,15,1,1,0,0,4.5,0,4.5,False,False
C39,U418,I230,thanks for sharing this information. reference 39,2026-07-16 07:43:31.777440,False,GENUINE,1,0,0,1.0,50,2,0,1,1,0,0,7.5,0,7.5,False,False
C40,U33,I118,i have a different opinion about movies. reference 40,2026-06-08 20:17:31.777457,False,GENUINE,1,0,0,1.0000000000000004,50,7,15,1,1,0,0,9.0,0,9.0,False,False
C41,U880,I232,this is an interesting perspective on sports. reference 41,2026-07-18 18:03:31.777471,False,GENUINE,1,0,0,1.0,50,7,15,1,1,0,0,9.0,0,9.0,False,False
C42,U806,I405,thanks for sharing this information. reference 42,2026-07-04 03:15:31.777487,False,GENUINE,1,0,0,1.0,50,7,15,1,1,0,0,9.0,0,9.0,False,False
C43,U117,I278,the explanation of education was very clear. reference 43,2026-07-18 15:42:31.777502,False,GENUINE,1,0,0,1.0000000000000002,50,6,15,1,1,0,0,9.0,0,9.0,False,False
C44,U846,I72,this is an interesting perspective on technology. reference 44,2026-07-27 17:31:31.777516,False,GENUINE,1,0,0,1.0,50,6,15,1,1,0,0,9.0,0,9.0,False,False
C45,U811,I157,thanks for sharing this information. reference 45,2026-07-02 20:38:31.777530,False,GENUINE,1,0,0,1.0,50,4,0,1,1,0,0,7.5,0,7.5,False,False
C46,U127,I239,i have a different opinion about fashion. reference 46,2026-07-18 01:15:31.777544,False,GENUINE,1,0,0,1.0,50,7,15,1,1,0,0,9.0,0,9.0,False,False
C47,U512,I276,i think this could be improved. reference 47,2026-08-04 12:15:31.777558,False,GENUINE,1,0,0,1.0000000000000002,50,2,0,1,1,0,0,7.5,0,7.5,False,False
C48,U612,I20,the information presented here is useful. reference 48,2026-06-17 21:09:31.777574,False,GENUINE,1,0,0,1.0,50,9,15,1,1,0,0,9.0,0,9.0,False,False
C49,U256,I13,this is an interesting perspective on sports. reference 49,2026-06-11 10:57:31.777589,False,GENUINE,1,0,0,1.0,50,10,40,1,1,0,0,11.5,0,11.5,False,False
C50,U856,I440,thanks for sharing this information. reference 50,2026-06-11 15:21:31.777603,False,GENUINE,1,0,0,1.0,50,3,0,1,1,0,0,7.5,0,7.5,False,False
C51,U841,I137,thanks for sharing this information. reference 51,2026-06-03 23:53:31.777617,False,GENUINE,1,0,0,1.0,50,8,15,1,1,0,0,9.0,0,9.0,False,False
C52,U179,I240,this was a surprisingly interesting post. reference 52,2026-07-17 12:20:31.777631,False,GENUINE,1,0,0,1.0,50,5,15,1,1,0,0,9.0,0,9.0,False,False
C53,U185,I299,the information presented here is useful. reference 53,2026-08-03 12:39:31.777645,False,GENUINE,1,0,0,1.0,50,5,15,1,1,0,0,9.0,0,9.0,False,False
C54,U481,I178,the information presented here is useful. reference 54,2026-07-13 14:37:31.777661,False,GENUINE,1,0,0,1.0,50,4,0,1,1,0,0,7.5,0,7.5,False,False
C55,U686,I53,i learned something useful about music here. reference 55,2026-07-05 08:43:31.777676,False,GENUINE,1,0,0,1.0,50,6,15,1,1,0,0,9.0,0,9.0,False,False
C56,U710,I253,i have a different opinion about fashion. reference 56,2026-06-03 14:38:31.777691,False,GENUINE,1,0,0,1.0,50,5,15,1,1,0,0,9.0,0,9.0,False,False
C57,U563,I18,i think this could be improved. reference 57,2026-07-14 04:54:31.777705,False,GENUINE,1,0,0,1.0000000000000002,50,5,15,1,1,0,0,9.0,0,9.0,False,False
C58,U258,I165,this is an interesting perspective on fashion. reference 58,2026-06-25 23:49:31.777719,False,GENUINE,1,0,0,1.0,50,6,15,1,1,0,0,9.0,0,9.0,False,False
C59,U844,I0,this was a surprisingly interesting post. reference 59,2026-07-05 05:13:31.777733,False,GENUINE,1,0,0,1.0,50,9,15,1,1,0,0,9.0,0,9.0,False,False
C60,U55,I96,this was a surprisingly interesting post. reference 60,2026-06-16 03:49:31.777747,False,GENUINE,1,0,0,1.0,50,5,15,1,1,0,0,9.0,0,9.0,False,False
C61,U774,I255,i think this could be improved. reference 61,2026-07-24 07:18:31.777760,False,GENUINE,1,0,0,1.0000000000000002,50,10,40,1,1,0,0,11.5,0,11.5,False,False
C62,U273,I281,i learned something useful about movies here. reference 62,2026-07-02 22:54:31.777774,False,GENUINE,1,0,0,1.0,50,13,40,1,1,0,0,11.5,0,11.5,False,False
C63,U901,I357,i think this could be improved. reference 63,2026-08-09 04:55:31.777788,False,GENUINE,1,0,0,1.0000000000000002,50,9,15,1,1,0,0,9.0,0,9.0,False,False
C64,U996,I322,thanks for sharing this information. reference 64,2026-06-08 05:26:31.777802,False,GENUINE,1,0,0,1.0,50,3,0,1,1,0,0,7.5,0,7.5,False,False
C65,U162,I159,this was a surprisingly interesting post. reference 65,2026-06-22 13:34:31.777816,False,GENUINE,1,0,0,1.0,50,8,15,1,1,0,0,9.0,0,9.0,False,False
C66,U417,I47,the explanation of gaming was very clear. reference 66,2026-06-30 19:56:31.777830,False,GENUINE,1,0,0,1.0000000000000002,50,1,0,1,1,0,0,7.5,0,7.5,False,False
C67,U969,I60,i learned something useful about food here. reference 67,2026-06-07 14:32:31.777844,False,GENUINE,1,0,0,1.0000000000000002,50,6,15,1,1,0,0,9.0,0,9.0,False,False
C68,U298,I260,i have a different opinion about fashion. reference 68,2026-06-28 21:56:31.777858,False,GENUINE,1,0,0,1.0,50,8,15,1,1,0,0,9.0,0,9.0,False,False
C69,U483,I124,amazing product buy now,2026-07-07 22:01:31.777874,False,GENUINE,69,50,15,1.0,50,5,15,68,1,40,0,33.5,8,41.5,False,False
C70,U195,I471,thanks for sharing this information. reference 70,2026-08-05 11:28:31.777888,False,GENUINE,1,0,0,1.0,50,2,0,1,1,0,0,7.5,0,7.5,False,False
C71,U282,I395,the information presented here is useful. reference 71,2026-06-26 14:48:31.777908,False,GENUINE,1,0,0,1.0,50,7,15,1,1,0,0,9.0,0,9.0,False,False
C72,U273,I420,i really enjoyed this post about movies. reference 72,2026-06-06 17:54:31.777922,False,GENUINE,1,0,0,1.0,50,13,40,1,1,0,0,11.5,0,11.5,False,False
C73,U305,I428,thanks for sharing this information. reference 73,2026-07-29 07:22:31.777936,False,GENUINE,1,0,0,1.0,50,4,0,1,1,0,0,7.5,0,7.5,False,False
C74,U457,I275,i think this could be improved. reference 74,2026-07-12 13:45:31.777950,False,GENUINE,1,0,0,1.0000000000000002,50,8,15,1,1,0,0,9.0,0,9.0,False,False
C75,U565,I390,this was a surprisingly interesting post. reference 75,2026-07-01 09:16:31.777964,False,GENUINE,1,0,0,1.0,50,5,15,1,1,0,0,9.0,0,9.0,False,False
C76,U955,I164,the explanation of sports was very clear. reference 76,2026-06-20 18:52:31.777979,False,GENUINE,1,0,0,1.0,50,8,15,1,1,0,0,9.0,0,9.0,False,False
C77,U392,I119,the information presented here is useful. reference 77,2026-07-13 20:54:31.777994,False,GENUINE,1,0,0,1.0,50,6,15,1,1,0,0,9.0,0,9.0,False,False
C78,U762,I242,the information presented here is useful. reference 78,2026-06-12 10:07:31.778008,False,GENUINE,1,0,0,1.0,50,6,15,1,1,0,0,9.0,0,9.0,False,False
C79,U811,I420,i learned something useful about food here. reference 79,2026-08-08 11:06:31.778023,False,GENUINE,1,0,0,1.0000000000000002,50,4,0,1,1,0,0,7.5,0,7.5,False,False
C80,U129,I257,thanks for sharing this information. reference 80,2026-08-02 16:44:31.778037,False,GENUINE,1,0,0,1.0,50,6,15,1,1,0,0,9.0,0,9.0,False,False
C81,U895,I432,i think this could be improved. reference 81,2026-06-24 23:01:31.778051,False,GENUINE,1,0,0,1.0000000000000002,50,9,15,1,1,0,0,9.0,0,9.0,False,False
C82,U932,I233,i really enjoyed this post about education. reference 82,2026-07-05 12:22:31.778065,False,GENUINE,1,0,0,1.0,50,3,0,1,1,0,0,7.5,0,7.5,False,False
C83,U891,I335,i learned something useful about gaming here. reference 83,2026-06-30 02:21:31.778082,False,GENUINE,1,0,0,1.0,50,6,15,1,1,0,0,9.0,0,9.0,False,False
C84,U800,I496,i have a different opinion about music. reference 84,2026-06-16 02:27:31.778096,False,GENUINE,1,0,0,1.0,50,5,15,1,1,0,0,9.0,0,9.0,False,False
C85,U709,I203,this is an interesting perspective on music. reference 85,2026-06-11 10:49:31.778111,False,GENUINE,1,0,0,1.0,50,3,0,1,1,0,0,7.5,0,7.5,False,False
C86,U879,I273,the information presented here is useful. reference 86,2026-06-15 18:43:31.778125,False,GENUINE,1,0,0,1.0,50,8,15,1,1,0,0,9.0,0,9.0,False,False
C87,U735,I454,i think this could be improved. reference 87,2026-06-16 15:07:31.778139,False,GENUINE,1,0,0,1.0000000000000002,50,6,15,1,1,0,0,9.0,0,9.0,False,False
C88,U70,I120,i have a different opinion about sports. reference 88,2026-06-04 20:38:31.778154,False,GENUINE,1,0,0,1.0,50,4,0,1,1,0,0,7.5,0,7.5,False,False
C89,U92,I222,this is an interesting perspective on gaming. reference 89,2026-07-02 10:45:31.778168,False,GENUINE,1,0,0,1.0,50,6,15,1,1,0,0,9.0,0,9.0,False,False
C90,U170,I355,i have a different opinion about technology. reference 90,2026-08-07 15:30:31.778182,False,GENUINE,1,0,0,1.0,50,6,15,1,1,0,0,9.0,0,9.0,False,False
C91,U332,I407,i really enjoyed this post about movies. reference 91,2026-07-10 04:54:31.778198,False,GENUINE,1,0,0,1.0,50,8,15,1,1,0,0,9.0,0,9.0,False,False
C92,U383,I220,i learned something useful about sports here. reference 92,2026-06-24 11:37:31.778213,False,GENUINE,1,0,0,1.0000000000000002,50,6,15,1,1,0,0,9.0,0,9.0,False,False
C93,U421,I289,i learned something useful about education here. reference 93,2026-07-26 21:32:31.778228,False,GENUINE,1,0,0,1.0,50,5,15,1,1,0,0,9.0,0,9.0,False,False
C94,U80,I312,the information presented here is useful. reference 94,2026-06-27 12:48:31.778242,False,GENUINE,1,0,0,1.0,50,11,40,1,1,0,0,11.5,0,11.5,False,False
C95,U934,I298,i learned something useful about sports here. reference 95,2026-06-30 20:35:31.778256,False,GENUINE,1,0,0,1.0000000000000002,50,5,15,1,1,0,0,9.0,0,9.0,False,False
C96,U653,I130,click here for amazing deals,2026-06-12 03:14:31.778270,False,GENUINE,53,50,30,1.0000000000000002,50,3,0,53,1,40,0,35.0,8,43.0,False,False
C97,U9,I460,i think this could be improved. reference 97,2026-06-11 03:43:31.778284,False,GENUINE,1,0,0,1.0000000000000002,50,5,15,1,1,0,0,9.0,0,9.0,False,False
C98,U559,I80,this is an interesting perspective on food. reference 98,2026-07-11 09:05:31.778297,False,GENUINE,1,0,0,1.0000000000000002,50,8,15,1,1,0,0,9.0,0,9.0,False,False
C99,U601,I153,the information presented here is useful. reference 99,2026-07-01 06:00:31.778312,False,GENUINE,1,0,0,1.0,50,9,15,1,1,0,0,9.0,0,9.0,False,False
C100,U865,I154,the explanation of fashion was very clear. reference 100,2026-06-28 20:23:31.778328,False,GENUINE,1,0,0,1.0000000000000002,50,8,15,1,1,0,0,9.0,0,9.0,False,False
C101,U109,I121,the information presented here is useful. reference 101,2026-06-20 12:17:31.778341,False,GENUINE,1,0,0,0.6598076480079632,0,7,15,1,1,0,0,1.5,0,1.5,False,False
C102,U302,I358,i have a different opinion about technology. reference 102,2026-06-12 22:03:31.778356,False,GENUINE,1,0,0,1.0,50,6,15,1,1,0,0,9.0,0,9.0,False,False
C103,U405,I140,i really enjoyed this post about technology. reference 103,2026-06-17 15:16:31.778373,False,GENUINE,1,0,0,1.0000000000000002,50,2,0,1,1,0,0,7.5,0,7.5,False,False
C104,U763,I254,i have a different opinion about sports. reference 104,2026-06-17 13:49:31.778389,False,GENUINE,1,0,0,1.0,50,9,15,1,1,0,0,9.0,0,9.0,False,False
C105,U821,I180,the explanation of sports was very clear. reference 105,2026-06-16 07:37:31.778404,False,GENUINE,1,0,0,1.0,50,4,0,1,1,0,0,7.5,0,7.5,False,False
C106,U256,I347,i learned something useful about gaming here. reference 106,2026-06-15 17:16:31.778419,False,GENUINE,1,0,0,1.0,50,10,40,1,1,0,0,11.5,0,11.5,False,False
C107,U661,I20,i have a different opinion about food. reference 107,2026-08-08 19:05:31.778433,False,GENUINE,1,0,0,1.0,50,9,15,1,1,0,0,9.0,0,9.0,False,False
C108,U593,I186,i learned something useful about gaming here. reference 108,2026-07-15 23:18:31.778448,False,GENUINE,1,0,0,1.0,50,5,15,1,1,0,0,9.0,0,9.0,False,False
C109,U334,I382,the information presented here is useful. reference 109,2026-07-24 13:20:31.778464,False,GENUINE,1,0,0,1.0,50,5,15,1,1,0,0,9.0,0,9.0,False,False
C110,U135,I402,this was a surprisingly interesting post. reference 110,2026-06-24 12:19:31.778479,False,GENUINE,1,0,0,1.0,50,6,15,1,1,0,0,9.0,0,9.0,False,False
C111,U513,I467,i have a different opinion about education. reference 111,2026-07-19 10:37:31.778496,False,GENUINE,1,0,0,1.0000000000000002,50,5,15,1,1,0,0,9.0,0,9.0,False,False
C112,U935,I422,i think this could be improved. reference 112,2026-06-04 21:05:31.778512,False,GENUINE,1,0,0,1.0000000000000002,50,4,0,1,1,0,0,7.5,0,7.5,False,False
C113,U891,I173,this is an interesting perspective on food. reference 113,2026-08-04 23:29:31.778526,False,GENUINE,1,0,0,1.0000000000000002,50,6,15,1,1,0,0,9.0,0,9.0,False,False
C114,U144,I386,the explanation of fashion was very clear. reference 114,2026-06-22 02:30:31.778541,False,GENUINE,1,0,0,0.7656396726651926,20,11,40,1,1,0,0,7.0,0,7.0,False,False
C115,U374,I46,the information presented here is useful. reference 115,2026-07-18 18:15:31.778555,False,GENUINE,1,0,0,0.6598076480079632,0,5,15,1,1,0,0,1.5,0,1.5,False,False
C116,U549,I63,i think this could be improved. reference 116,2026-06-11 14:10:31.778569,False,GENUINE,1,0,0,0.6122441426822248,0,7,15,1,1,0,0,1.5,0,1.5,False,False
C117,U766,I344,i have a different opinion about fashion. reference 117,2026-06-14 17:03:31.778583,False,GENUINE,1,0,0,0.743131701331639,20,5,15,1,1,0,0,4.5,0,4.5,False,False
C118,U962,I190,this is an interesting perspective on sports. reference 118,2026-06-29 22:01:31.778597,False,GENUINE,1,0,0,0.7310531063082972,20,5,15,1,1,0,0,4.5,0,4.5,False,False
C119,U25,I317,this was a surprisingly interesting post. reference 119,2026-06-17 07:14:31.778611,False,GENUINE,1,0,0,0.661661894767308,0,6,15,1,1,0,0,1.5,0,1.5,False,False
C120,U226,I331,this is an interesting perspective on food. reference 120,2026-06-09 00:27:31.778626,False,GENUINE,1,0,0,0.7354630625709739,20,5,15,1,1,0,0,4.5,0,4.5,False,False
C121,U309,I332,the information presented here is useful. reference 121,2026-07-30 02:38:31.778640,False,GENUINE,1,0,0,0.6598076480079632,0,8,15,1,1,0,0,1.5,0,1.5,False,False
C122,U46,I484,i really enjoyed this post about movies. reference 122,2026-06-27 23:49:31.778654,False,GENUINE,1,0,0,0.7772370080656208,20,5,15,1,1,0,0,4.5,0,4.5,False,False
C123,U118,I49,the explanation of education was very clear. reference 123,2026-07-07 10:58:31.778668,False,GENUINE,1,0,0,0.7597438970269877,20,4,0,1,1,0,0,3.0,0,3.0,False,False
C124,U464,I189,this was a surprisingly interesting post. reference 124,2026-06-19 08:55:31.778682,False,GENUINE,1,0,0,0.661661894767308,0,5,15,1,1,0,0,1.5,0,1.5,False,False
C125,U760,I372,i learned something useful about fashion here. reference 125,2026-06-13 05:17:31.778696,False,GENUINE,1,0,0,0.7359149406482672,20,13,40,1,1,0,0,7.0,0,7.0,False,False
C126,U101,I426,i think this could be improved. reference 126,2026-07-17 08:52:31.778710,False,GENUINE,1,0,0,0.6122441426822248,0,6,15,1,1,0,0,1.5,0,1.5,False,False
C127,U33,I353,this is worth discussing further. reference 127,2026-07-02 11:23:31.778724,False,GENUINE,1,0,0,0.6148367794734235,0,7,15,1,1,0,0,1.5,0,1.5,False,False
C128,U455,I486,the explanation of music was very clear. reference 128,2026-08-02 18:56:31.778738,False,GENUINE,1,0,0,0.7662202675963719,20,6,15,1,1,0,0,4.5,0,4.5,False,False
C129,U702,I188,this was a surprisingly interesting post. reference 129,2026-08-06 07:42:31.778753,False,GENUINE,1,0,0,0.661661894767308,0,6,15,1,1,0,0,1.5,0,1.5,False,False
C130,U407,I141,the explanation of gaming was very clear. reference 130,2026-07-01 10:38:31.778767,False,GENUINE,1,0,0,0.7624332223630372,20,8,15,1,1,0,0,4.5,0,4.5,False,False
C131,U93,I339,the explanation of technology was very clear. reference 131,2026-08-07 05:29:31.778782,False,GENUINE,1,0,0,0.768821942884016,20,6,15,1,1,0,0,4.5,0,4.5,False,False
C132,U805,I170,the explanation of education was very clear. reference 132,2026-06-21 10:38:31.778796,False,GENUINE,1,0,0,0.7597438970269877,20,8,15,1,1,0,0,4.5,0,4.5,False,False
C133,U210,I35,this was a surprisingly interesting post. reference 133,2026-06-19 11:00:31.778810,False,GENUINE,1,0,0,0.661661894767308,0,7,15,1,1,0,0,1.5,0,1.5,False,False
C134,U221,I416,the explanation of music was very clear. reference 134,2026-07-29 09:38:31.778827,False,GENUINE,1,0,0,0.7662202675963719,20,3,0,1,1,0,0,3.0,0,3.0,False,False
C135,U807,I461,thanks for sharing this information. reference 135,2026-07-17 14:16:31.778843,False,GENUINE,1,0,0,0.6789809902112234,0,5,15,1,1,0,0,1.5,0,1.5,False,False
C136,U879,I74,i learned something useful about movies here. reference 136,2026-07-26 22:47:31.778858,False,GENUINE,1,0,0,0.736990248638929,20,8,15,1,1,0,0,4.5,0,4.5,False,False
C137,U112,I338,i really enjoyed this post about education. reference 137,2026-08-10 11:31:31.778872,False,GENUINE,1,0,0,0.7751482859536991,20,5,15,1,1,0,0,4.5,0,4.5,False,False
C138,U366,I404,the explanation of music was very clear. reference 138,2026-08-10 09:30:31.778886,False,GENUINE,1,0,0,0.7662202675963719,20,3,0,1,1,0,0,3.0,0,3.0,False,False
C139,U178,I135,i really enjoyed this post about education. reference 139,2026-06-05 07:40:31.778903,False,GENUINE,1,0,0,0.7751482859536991,20,5,15,1,1,0,0,4.5,0,4.5,False,False
C140,U431,I269,this is an interesting perspective on gaming. reference 140,2026-06-29 11:36:31.778924,False,GENUINE,1,0,0,0.7326877208387651,20,7,15,1,1,0,0,4.5,0,4.5,False,False
C141,U459,I398,this is worth discussing further. reference 141,2026-07-01 16:33:31.778939,False,GENUINE,1,0,0,0.6148367794734235,0,6,15,1,1,0,0,1.5,0,1.5,False,False
C142,U515,I113,thanks for sharing this information. reference 142,2026-06-06 15:17:31.778953,False,GENUINE,1,0,0,0.6789809902112234,0,6,15,1,1,0,0,1.5,0,1.5,False,False
C143,U802,I465,you must buy this product,2026-07-01 03:22:31.778967,False,GENUINE,51,50,0,1.0,50,9,15,51,1,40,0,30.5,8,38.5,False,False
C144,U658,I493,i really enjoyed this post about technology. reference 144,2026-06-29 05:37:31.778981,False,GENUINE,1,0,0,0.7763004403525399,20,4,0,1,1,0,0,3.0,0,3.0,False,False
C145,U867,I205,the information presented here is useful. reference 145,2026-06-28 04:58:31.778995,False,GENUINE,1,0,0,0.6598076480079632,0,6,15,1,1,0,0,1.5,0,1.5,False,False
C146,U729,I465,i think this could be improved. reference 146,2026-08-04 11:29:31.779009,False,GENUINE,1,0,0,0.6122441426822248,0,4,0,1,1,0,0,0.0,0,0.0,False,False
C147,U329,I311,i learned something useful about gaming here. reference 147,2026-07-31 08:18:31.779023,False,GENUINE,1,0,0,0.7317498758867395,20,4,0,1,1,0,0,3.0,0,3.0,False,False
C148,U281,I319,thanks for sharing this information. reference 148,2026-07-08 03:53:31.779037,False,GENUINE,1,0,0,0.6789809902112234,0,4,0,1,1,0,0,0.0,0,0.0,False,False
C149,U611,I271,i have a different opinion about food. reference 149,2026-06-26 19:35:31.779052,False,GENUINE,1,0,0,0.7486181787682682,20,4,0,1,1,0,0,3.0,0,3.0,False,False
C150,U619,I220,this is an interesting perspective on gaming. reference 150,2026-06-13 05:44:31.779066,False,GENUINE,1,0,0,0.7326877208387651,20,9,15,1,1,0,0,4.5,0,4.5,False,False
C151,U666,I449,this was a surprisingly interesting post. reference 151,2026-07-03 16:28:31.779080,False,GENUINE,1,0,0,0.661661894767308,0,3,0,1,1,0,0,0.0,0,0.0,False,False
C152,U462,I454,the explanation of fashion was very clear. reference 152,2026-07-11 23:34:31.779094,False,GENUINE,1,0,0,0.7656396726651926,20,10,40,1,1,0,0,7.0,0,7.0,False,False
C153,U847,I232,the information presented here is useful. reference 153,2026-06-06 10:07:31.779108,False,GENUINE,1,0,0,0.6598076480079632,0,6,15,1,1,0,0,1.5,0,1.5,False,False
C154,U97,I160,the information presented here is useful. reference 154,2026-06-12 07:01:31.779122,False,GENUINE,1,0,0,0.6598076480079632,0,4,0,1,1,0,0,0.0,0,0.0,False,False
C155,U261,I191,i learned something useful about food here. reference 155,2026-08-05 17:19:31.779138,False,GENUINE,1,0,0,0.7306701420191416,20,7,15,1,1,0,0,4.5,0,4.5,False,False
C156,U93,I425,this is an interesting perspective on gaming. reference 156,2026-07-03 12:32:31.779152,False,GENUINE,1,0,0,0.7326877208387651,20,6,15,1,1,0,0,4.5,0,4.5,False,False
C157,U98,I381,this is worth discussing further. reference 157,2026-06-22 04:34:31.779166,False,GENUINE,1,0,0,0.6148367794734235,0,4,0,1,1,0,0,0.0,0,0.0,False,False
C158,U61,I300,this was a surprisingly interesting post. reference 158,2026-06-11 20:19:31.779180,False,GENUINE,1,0,0,0.661661894767308,0,6,15,1,1,0,0,1.5,0,1.5,False,False
C159,U125,I210,this is worth discussing further. reference 159,2026-06-07 04:48:31.779194,False,GENUINE,1,0,0,0.6148367794734235,0,7,15,1,1,0,0,1.5,0,1.5,False,False
C160,U52,I495,i have a different opinion about movies. reference 160,2026-07-10 19:48:31.779208,False,GENUINE,1,0,0,0.7480534672157237,20,3,0,1,1,0,0,3.0,0,3.0,False,False
C161,U106,I295,this was a surprisingly interesting post. reference 161,2026-07-28 17:58:31.779222,False,GENUINE,1,0,0,0.661661894767308,0,3,0,1,1,0,0,0.0,0,0.0,False,False
C162,U672,I246,the explanation of gaming was very clear. reference 162,2026-07-10 23:08:31.779236,False,GENUINE,1,0,0,0.7624332223630372,20,5,15,1,1,0,0,4.5,0,4.5,False,False
C163,U865,I284,this is worth discussing further. reference 163,2026-06-03 10:02:31.779250,False,GENUINE,1,0,0,0.6148367794734235,0,8,15,1,1,0,0,1.5,0,1.5,False,False
C164,U285,I293,the explanation of fashion was very clear. reference 164,2026-06-21 18:32:31.779264,False,GENUINE,1,0,0,0.7656396726651926,20,6,15,1,1,0,0,4.5,0,4.5,False,False
C165,U997,I392,thanks for sharing this information. reference 165,2026-06-17 09:36:31.779279,False,GENUINE,1,0,0,0.6789809902112234,0,6,15,1,1,0,0,1.5,0,1.5,False,False
C166,U951,I336,i have a different opinion about technology. reference 166,2026-07-26 09:51:31.779295,False,GENUINE,1,0,0,0.7418462529021725,20,6,15,1,1,0,0,4.5,0,4.5,False,False
C167,U279,I359,i have a different opinion about music. reference 167,2026-07-10 21:09:31.779312,False,GENUINE,1,0,0,0.7390063271830457,20,3,0,1,1,0,0,3.0,0,3.0,False,False
C168,U6,I92,i learned something useful about fashion here. reference 168,2026-08-05 11:58:31.779326,False,GENUINE,1,0,0,0.7359149406482672,20,5,15,1,1,0,0,4.5,0,4.5,False,False
C169,U145,I379,i really enjoyed this post about gaming. reference 169,2026-06-04 22:04:31.779341,False,GENUINE,1,0,0,0.7760108921746118,20,11,40,1,1,0,0,7.0,0,7.0,False,False
C170,U543,I110,the information presented here is useful. reference 170,2026-07-01 12:58:31.779356,False,GENUINE,1,0,0,0.6598076480079632,0,5,15,1,1,0,0,1.5,0,1.5,False,False
C171,U349,I80,this is worth discussing further. reference 171,2026-06-07 03:37:31.779370,False,GENUINE,1,0,0,0.6148367794734235,0,8,15,1,1,0,0,1.5,0,1.5,False,False
C172,U332,I397,thanks for sharing this information. reference 172,2026-08-07 01:03:31.779384,False,GENUINE,1,0,0,0.6789809902112234,0,8,15,1,1,0,0,1.5,0,1.5,False,False
C173,U159,I80,thanks for sharing this information. reference 173,2026-06-11 11:40:31.779399,False,GENUINE,1,0,0,0.6789809902112234,0,7,15,1,1,0,0,1.5,0,1.5,False,False
C174,U83,I139,i think this could be improved. reference 174,2026-06-28 15:02:31.779415,False,GENUINE,1,0,0,0.6122441426822248,0,7,15,1,1,0,0,1.5,0,1.5,False,False
C175,U621,I226,click here for amazing deals,2026-07-23 05:03:31.779429,False,GENUINE,53,50,30,1.0000000000000002,50,9,15,53,2,50,0,40.0,8,48.0,False,False
C176,U773,I262,this is an interesting perspective on music. reference 176,2026-07-03 16:49:31.779445,False,GENUINE,1,0,0,0.7318423269582839,20,5,15,1,1,0,0,4.5,0,4.5,False,False
C177,U113,I145,thanks for sharing this information. reference 177,2026-06-24 20:52:31.779459,False,GENUINE,1,0,0,0.6789809902112234,0,7,15,1,1,0,0,1.5,0,1.5,False,False
C178,U683,I157,i really enjoyed this post about sports. reference 178,2026-07-06 20:31:31.779473,False,GENUINE,1,0,0,0.7746110731001136,20,4,0,1,1,0,0,3.0,0,3.0,False,False
C179,U613,I28,i really enjoyed this post about sports. reference 179,2026-07-15 09:31:31.779488,False,GENUINE,1,0,0,0.7746110731001136,20,7,15,1,1,0,0,4.5,0,4.5,False,False
C180,U968,I108,i learned something useful about movies here. reference 180,2026-07-16 11:40:31.779502,False,GENUINE,1,0,0,0.736990248638929,20,11,40,1,1,0,0,7.0,0,7.0,False,False
C181,U335,I61,i really enjoyed this post about food. reference 181,2026-06-04 20:06:31.779516,False,GENUINE,1,0,0,0.7772683096754256,20,9,15,1,1,0,0,4.5,0,4.5,False,False
C182,U440,I89,i learned something useful about fashion here. reference 182,2026-06-24 08:32:31.779531,False,GENUINE,1,0,0,0.7359149406482672,20,4,0,1,1,0,0,3.0,0,3.0,False,False
C183,U720,I117,this was a surprisingly interesting post. reference 183,2026-08-05 06:31:31.779546,False,GENUINE,1,0,0,0.661661894767308,0,6,15,1,1,0,0,1.5,0,1.5,False,False
C184,U406,I441,i really enjoyed this post about fashion. reference 184,2026-08-10 03:02:31.779560,False,GENUINE,1,0,0,0.7749801373506703,20,6,15,1,1,0,0,4.5,0,4.5,False,False
C185,U470,I471,this is an interesting perspective on music. reference 185,2026-06-20 10:13:31.779574,False,GENUINE,1,0,0,0.7318423269582839,20,6,15,1,1,0,0,4.5,0,4.5,False,False
C186,U439,I293,the information presented here is useful. reference 186,2026-07-16 11:31:31.779588,False,GENUINE,1,0,0,0.6598076480079632,0,5,15,1,1,0,0,1.5,0,1.5,False,False
C187,U117,I207,i really enjoyed this post about music. reference 187,2026-07-27 04:31:31.779602,False,GENUINE,1,0,0,0.7730771289001258,20,6,15,1,1,0,0,4.5,0,4.5,False,False
C188,U820,I485,thanks for sharing this information. reference 188,2026-06-10 01:30:31.779616,False,GENUINE,1,0,0,0.6789809902112234,0,4,0,1,1,0,0,0.0,0,0.0,False,False
C189,U941,I185,this is an interesting perspective on fashion. reference 189,2026-08-02 04:43:31.779630,False,GENUINE,1,0,0,0.7361608768424162,20,3,0,1,1,0,0,3.0,0,3.0,False,False
C190,U249,I223,thanks for sharing this information. reference 190,2026-06-25 03:22:31.779644,False,GENUINE,1,0,0,0.6789809902112234,0,6,15,1,1,0,0,1.5,0,1.5,False,False
C191,U80,I202,i have a different opinion about music. reference 191,2026-07-22 15:57:31.779658,False,GENUINE,1,0,0,0.7390063271830457,20,11,40,1,1,0,0,7.0,0,7.0,False,False
C192,U341,I398,i learned something useful about gaming here. reference 192,2026-06-26 08:48:31.779673,False,GENUINE,1,0,0,0.7317498758867395,20,3,0,1,1,0,0,3.0,0,3.0,False,False
C193,U648,I58,this was a surprisingly interesting post. reference 193,2026-07-11 00:45:31.779687,False,GENUINE,1,0,0,0.661661894767308,0,6,15,1,1,0,0,1.5,0,1.5,False,False
C194,U359,I372,i learned something useful about sports here. reference 194,2026-08-02 11:24:31.779701,False,GENUINE,1,0,0,0.7313413266953137,20,5,15,1,1,0,0,4.5,0,4.5,False,False
C195,U149,I131,the explanation of education was very clear. reference 195,2026-06-18 00:01:31.779715,False,GENUINE,1,0,0,0.7597438970269877,20,4,0,1,1,0,0,3.0,0,3.0,False,False
C196,U156,I389,this is an interesting perspective on education. reference 196,2026-06-15 16:12:31.779732,False,GENUINE,1,0,0,0.7306942280328299,20,9,15,1,1,0,0,4.5,0,4.5,False,False
C197,U505,I237,thanks for sharing this information. reference 197,2026-06-10 20:01:31.779746,False,GENUINE,1,0,0,0.6789809902112234,0,5,15,1,1,0,0,1.5,0,1.5,False,False
C198,U946,I451,thanks for sharing this information. reference 198,2026-06-15 17:48:31.779764,False,GENUINE,1,0,0,0.6789809902112234,0,5,15,1,1,0,0,1.5,0,1.5,False,False
C199,U323,I77,i think this could be improved. reference 199,2026-06-30 03:36:31.779778,False,GENUINE,1,0,0,0.6122441426822248,0,4,0,1,1,0,0,0.0,0,0.0,False,False
C200,U452,I323,i have a different opinion about movies. reference 200,2026-06-19 00:00:31.779792,False,GENUINE,1,0,0,0.7480534672157237,20,7,15,1,1,0,0,4.5,0,4.5,False,False
C201,U57,I180,this was a surprisingly interesting post. reference 201,2026-07-14 13:53:31.779807,False,GENUINE,1,0,0,0.661661894767308,0,5,15,1,1,0,0,1.5,0,1.5,False,False
C202,U472,I231,i really enjoyed this post about technology. reference 202,2026-07-09 06:27:31.779821,False,GENUINE,1,0,0,0.7763004403525399,20,6,15,1,1,0,0,4.5,0,4.5,False,False
C203,U851,I146,this is an interesting perspective on gaming. reference 203,2026-06-16 20:28:31.779836,False,GENUINE,1,0,0,0.7326877208387651,20,5,15,1,1,0,0,4.5,0,4.5,False,False
C204,U608,I259,the information presented here is useful. reference 204,2026-06-20 00:14:31.779850,False,GENUINE,1,0,0,0.6598076480079632,0,2,0,1,1,0,0,0.0,0,0.0,False,False
C205,U567,I488,i really enjoyed this post about food. reference 205,2026-06-20 19:10:31.779864,False,GENUINE,1,0,0,0.7772683096754256,20,5,15,1,1,0,0,4.5,0,4.5,False,False
C206,U667,I96,this is worth discussing further. reference 206,2026-06-27 04:43:31.779878,False,GENUINE,1,0,0,0.6148367794734235,0,2,0,1,1,0,0,0.0,0,0.0,False,False
C207,U154,I490,i really enjoyed this post about food. reference 207,2026-08-02 09:52:31.779892,False,GENUINE,1,0,0,0.7772683096754256,20,6,15,1,1,0,0,4.5,0,4.5,False,False
C208,U830,I460,this is worth discussing further. reference 208,2026-06-26 21:46:31.779906,False,GENUINE,1,0,0,0.6148367794734235,0,8,15,1,1,0,0,1.5,0,1.5,False,False
C209,U661,I88,i really enjoyed this post about sports. reference 209,2026-06-08 10:09:31.779920,False,GENUINE,1,0,0,0.7746110731001136,20,9,15,1,1,0,0,4.5,0,4.5,False,False
C210,U448,I224,this was a surprisingly interesting post. reference 210,2026-07-09 17:02:31.779935,False,GENUINE,1,0,0,0.661661894767308,0,8,15,1,1,0,0,1.5,0,1.5,False,False
C211,U381,I469,i have a different opinion about fashion. reference 211,2026-07-05 15:00:31.779949,False,GENUINE,1,0,0,0.743131701331639,20,9,15,1,1,0,0,4.5,0,4.5,False,False
C212,U793,I173,thanks for sharing this information. reference 212,2026-06-15 09:47:31.779963,False,GENUINE,1,0,0,0.6789809902112234,0,5,15,1,1,0,0,1.5,0,1.5,False,False
C213,U662,I171,this is an interesting perspective on music. reference 213,2026-08-03 05:31:31.779977,False,GENUINE,1,0,0,0.7318423269582839,20,4,0,1,1,0,0,3.0,0,3.0,False,False
C214,U571,I347,the information presented here is useful. reference 214,2026-07-19 21:29:31.779992,False,GENUINE,1,0,0,0.6598076480079632,0,3,0,1,1,0,0,0.0,0,0.0,False,False
C215,U741,I436,thanks for sharing this information. reference 215,2026-07-12 11:44:31.780007,False,GENUINE,1,0,0,0.6789809902112234,0,11,40,1,1,0,0,4.0,0,4.0,False,False
C216,U83,I298,i learned something useful about music here. reference 216,2026-07-14 14:16:31.780021,False,GENUINE,1,0,0,0.7357637114536311,20,7,15,1,1,0,0,4.5,0,4.5,False,False
C217,U990,I335,the information presented here is useful. reference 217,2026-06-18 16:05:31.780035,False,GENUINE,1,0,0,0.6598076480079632,0,4,0,1,1,0,0,0.0,0,0.0,False,False
C218,U725,I480,this is an interesting perspective on movies. reference 218,2026-06-21 22:59:31.780049,False,GENUINE,1,0,0,0.7382784747058516,20,4,0,1,1,0,0,3.0,0,3.0,False,False
C219,U385,I329,this is worth discussing further. reference 219,2026-06-11 20:05:31.780065,False,GENUINE,1,0,0,0.6148367794734235,0,5,15,1,1,0,0,1.5,0,1.5,False,False
C220,U719,I424,this was a surprisingly interesting post. reference 220,2026-06-14 00:43:31.780079,False,GENUINE,1,0,0,0.661661894767308,0,2,0,1,1,0,0,0.0,0,0.0,False,False
C221,U686,I216,this was a surprisingly interesting post. reference 221,2026-08-10 04:09:31.780093,False,GENUINE,1,0,0,0.661661894767308,0,6,15,1,1,0,0,1.5,0,1.5,False,False
C222,U371,I158,i learned something useful about sports here. reference 222,2026-07-11 17:27:31.780107,False,GENUINE,1,0,0,0.7313413266953137,20,6,15,1,1,0,0,4.5,0,4.5,False,False
C223,U970,I392,i think this could be improved. reference 223,2026-07-22 05:05:31.780121,False,GENUINE,1,0,0,0.6122441426822248,0,7,15,1,1,0,0,1.5,0,1.5,False,False
C224,U140,I79,this is an interesting perspective on movies. reference 224,2026-08-02 15:02:31.780137,False,GENUINE,1,0,0,0.7382784747058516,20,6,15,1,1,0,0,4.5,0,4.5,False,False
C225,U519,I394,this was a surprisingly interesting post. reference 225,2026-06-12 13:58:31.780152,False,GENUINE,1,0,0,0.661661894767308,0,4,0,1,1,0,0,0.0,0,0.0,False,False
C226,U344,I448,thanks for sharing this information. reference 226,2026-06-18 11:16:31.780166,False,GENUINE,1,0,0,0.6789809902112234,0,4,0,1,1,0,0,0.0,0,0.0,False,False
C227,U385,I78,click here for amazing deals,2026-06-09 18:26:31.780180,False,GENUINE,53,50,30,1.0000000000000002,50,5,15,53,1,40,0,36.5,8,44.5,False,False
C228,U789,I319,i learned something useful about food here. reference 228,2026-08-07 20:32:31.780194,False,GENUINE,1,0,0,0.7306701420191416,20,9,15,1,1,0,0,4.5,0,4.5,False,False
C229,U420,I186,amazing product buy now,2026-06-17 06:07:31.780295,False,GENUINE,69,50,15,1.0,50,5,15,68,1,40,0,33.5,8,41.5,False,False
C230,U291,I385,i think this could be improved. reference 230,2026-06-24 05:25:31.780318,False,GENUINE,1,0,0,0.6122441426822248,0,8,15,1,1,0,0,1.5,0,1.5,False,False
C231,U244,I158,i think this could be improved. reference 231,2026-07-09 08:25:31.780335,False,GENUINE,1,0,0,0.6122441426822248,0,4,0,1,1,0,0,0.0,0,0.0,False,False
C232,U694,I484,thanks for sharing this information. reference 232,2026-06-30 19:25:31.780349,False,GENUINE,1,0,0,0.6789809902112234,0,7,15,1,1,0,0,1.5,0,1.5,False,False
C233,U787,I144,the information presented here is useful. reference 233,2026-07-28 01:57:31.780364,False,GENUINE,1,0,0,0.6598076480079632,0,4,0,1,1,0,0,0.0,0,0.0,False,False
C234,U836,I102,thanks for sharing this information. reference 234,2026-07-20 01:50:31.780378,False,GENUINE,1,0,0,0.6789809902112234,0,4,0,1,1,0,0,0.0,0,0.0,False,False
C235,U53,I328,i think this could be improved. reference 235,2026-06-22 08:34:31.780392,False,GENUINE,1,0,0,0.6122441426822248,0,2,0,1,1,0,0,0.0,0,0.0,False,False
C236,U956,I52,this was a surprisingly interesting post. reference 236,2026-07-16 21:15:31.780406,False,GENUINE,1,0,0,0.661661894767308,0,5,15,1,1,0,0,1.5,0,1.5,False,False
C237,U85,I390,best product ever buy now,2026-07-01 22:25:31.780421,False,GENUINE,75,50,15,1.0,50,7,15,72,1,40,0,33.5,8,41.5,False,False
C238,U927,I262,i learned something useful about fashion here. reference 238,2026-08-03 11:37:31.780435,False,GENUINE,1,0,0,0.7359149406482672,20,5,15,1,1,0,0,4.5,0,4.5,False,False
C239,U969,I466,the explanation of food was very clear. reference 239,2026-07-11 00:18:31.780449,False,GENUINE,1,0,0,0.7668898154278452,20,6,15,1,1,0,0,4.5,0,4.5,False,False
C240,U952,I13,the information presented here is useful. reference 240,2026-07-06 17:54:31.780465,False,GENUINE,1,0,0,0.6598076480079632,0,4,0,1,1,0,0,0.0,0,0.0,False,False
C241,U514,I191,the explanation of fashion was very clear. reference 241,2026-08-04 09:42:31.780480,False,GENUINE,1,0,0,0.7656396726651926,20,9,15,1,1,0,0,4.5,0,4.5,False,False
C242,U383,I114,i really enjoyed this post about music. reference 242,2026-08-02 19:31:31.780495,False,GENUINE,1,0,0,0.7730771289001258,20,6,15,1,1,0,0,4.5,0,4.5,False,False
C243,U859,I365,this is worth discussing further. reference 243,2026-07-30 07:23:31.780509,False,GENUINE,1,0,0,0.6148367794734235,0,5,15,1,1,0,0,1.5,0,1.5,False,False
C244,U39,I146,i think this could be improved. reference 244,2026-06-03 18:16:31.780524,False,GENUINE,1,0,0,0.6122441426822248,0,6,15,1,1,0,0,1.5,0,1.5,False,False
C245,U722,I240,i think this could be improved. reference 245,2026-08-04 14:54:31.780538,False,GENUINE,1,0,0,0.6122441426822248,0,4,0,1,1,0,0,0.0,0,0.0,False,False
C246,U19,I131,the explanation of education was very clear. reference 246,2026-06-22 21:06:31.780553,False,GENUINE,1,0,0,0.7597438970269877,20,7,15,1,1,0,0,4.5,0,4.5,False,False
C247,U962,I372,thanks for sharing this information. reference 247,2026-08-01 17:05:31.780568,False,GENUINE,1,0,0,0.6789809902112234,0,5,15,1,1,0,0,1.5,0,1.5,False,False
C248,U794,I147,the explanation of movies was very clear. reference 248,2026-07-31 17:48:31.780582,False,GENUINE,1,0,0,0.769149315988473,20,8,15,1,1,0,0,4.5,0,4.5,False,False
C249,U48,I122,the information presented here is useful. reference 249,2026-08-06 02:46:31.780597,False,GENUINE,1,0,0,0.6598076480079632,0,3,0,1,1,0,0,0.0,0,0.0,False,False
C250,U113,I428,i think this could be improved. reference 250,2026-06-15 07:27:31.780611,False,GENUINE,1,0,0,0.6122441426822248,0,7,15,1,1,0,0,1.5,0,1.5,False,False
C251,U527,I294,the explanation of education was very clear. reference 251,2026-07-16 07:41:31.780626,False,GENUINE,1,0,0,0.7597438970269877,20,3,0,1,1,0,0,3.0,0,3.0,False,False
C252,U439,I0,thanks for sharing this information. reference 252,2026-07-20 22:27:31.780642,False,GENUINE,1,0,0,0.6789809902112234,0,5,15,1,1,0,0,1.5,0,1.5,False,False
C253,U584,I213,i learned something useful about gaming here. reference 253,2026-06-25 04:24:31.780657,False,GENUINE,1,0,0,0.7317498758867395,20,7,15,1,1,0,0,4.5,0,4.5,False,False
C254,U998,I184,this is an interesting perspective on technology. reference 254,2026-07-07 07:01:31.780672,False,GENUINE,1,0,0,0.7340859795799535,20,5,15,1,1,0,0,4.5,0,4.5,False,False
C255,U894,I240,i really enjoyed this post about fashion. reference 255,2026-07-08 20:29:31.780686,False,GENUINE,1,0,0,0.7749801373506703,20,6,15,1,1,0,0,4.5,0,4.5,False,False
C256,U259,I382,i really enjoyed this post about music. reference 256,2026-08-05 16:23:31.780701,False,GENUINE,1,0,0,0.7730771289001258,20,4,0,1,1,0,0,3.0,0,3.0,False,False
C257,U353,I123,this is an interesting perspective on music. reference 257,2026-07-30 16:32:31.780716,False,GENUINE,1,0,0,0.7318423269582839,20,4,0,1,1,0,0,3.0,0,3.0,False,False
C258,U45,I180,this was a surprisingly interesting post. reference 258,2026-06-14 07:46:31.780730,False,GENUINE,1,0,0,0.661661894767308,0,5,15,1,1,0,0,1.5,0,1.5,False,False
C259,U179,I425,i think this could be improved. reference 259,2026-06-15 07:56:31.780750,False,GENUINE,1,0,0,0.6122441426822248,0,5,15,1,1,0,0,1.5,0,1.5,False,False
C260,U186,I415,i learned something useful about gaming here. reference 260,2026-06-07 15:45:31.780766,False,GENUINE,1,0,0,0.7317498758867395,20,6,15,1,1,0,0,4.5,0,4.5,False,False
C261,U794,I483,i think this could be improved. reference 261,2026-07-16 02:56:31.780780,False,GENUINE,1,0,0,0.6122441426822248,0,8,15,1,1,0,0,1.5,0,1.5,False,False
C262,U206,I22,the explanation of technology was very clear. reference 262,2026-07-14 02:33:31.780798,False,GENUINE,1,0,0,0.768821942884016,20,5,15,1,1,0,0,4.5,0,4.5,False,False
C263,U955,I158,this was a surprisingly interesting post. reference 263,2026-06-23 09:42:31.780815,False,GENUINE,1,0,0,0.661661894767308,0,8,15,1,1,0,0,1.5,0,1.5,False,False
C264,U484,I129,i really enjoyed this post about sports. reference 264,2026-07-16 18:57:31.780830,False,GENUINE,1,0,0,0.7746110731001136,20,6,15,1,1,0,0,4.5,0,4.5,False,False
C265,U365,I441,i really enjoyed this post about music. reference 265,2026-07-17 23:07:31.780845,False,GENUINE,1,0,0,0.7730771289001258,20,4,0,1,1,0,0,3.0,0,3.0,False,False
C266,U127,I409,this is worth discussing further. reference 266,2026-07-06 10:07:31.780859,False,GENUINE,1,0,0,0.6148367794734235,0,7,15,1,1,0,0,1.5,0,1.5,False,False
C267,U761,I225,the information presented here is useful. reference 267,2026-07-25 19:52:31.780874,False,GENUINE,1,0,0,0.6598076480079632,0,6,15,1,1,0,0,1.5,0,1.5,False,False
C268,U508,I354,i think this could be improved. reference 268,2026-06-25 13:36:31.780888,False,GENUINE,1,0,0,0.6122441426822248,0,5,15,1,1,0,0,1.5,0,1.5,False,False
C269,U273,I410,this is an interesting perspective on fashion. reference 269,2026-08-04 15:33:31.780903,False,GENUINE,1,0,0,0.7361608768424162,20,13,40,1,1,0,0,7.0,0,7.0,False,False
C270,U440,I308,i learned something useful about movies here. reference 270,2026-07-13 14:17:31.780926,False,GENUINE,1,0,0,0.736990248638929,20,4,0,1,1,0,0,3.0,0,3.0,False,False
C271,U105,I40,this is worth discussing further. reference 271,2026-07-14 22:25:31.780941,False,GENUINE,1,0,0,0.6148367794734235,0,5,15,1,1,0,0,1.5,0,1.5,False,False
C272,U456,I308,the information presented here is useful. reference 272,2026-06-10 01:10:31.780955,False,GENUINE,1,0,0,0.6598076480079632,0,5,15,1,1,0,0,1.5,0,1.5,False,False
C273,U454,I179,i think this could be improved. reference 273,2026-06-06 16:13:31.780968,False,GENUINE,1,0,0,0.6122441426822248,0,9,15,1,1,0,0,1.5,0,1.5,False,False
C274,U890,I466,best product ever buy now,2026-07-17 20:12:31.780982,False,GENUINE,75,50,15,1.0,50,6,15,72,1,40,0,33.5,8,41.5,False,False
C275,U654,I405,i really enjoyed this post about gaming. reference 275,2026-06-11 17:45:31.780996,False,GENUINE,1,0,0,0.7760108921746118,20,6,15,1,1,0,0,4.5,0,4.5,False,False
C276,U652,I207,this is worth discussing further. reference 276,2026-08-08 23:57:31.781010,False,GENUINE,1,0,0,0.6148367794734235,0,7,15,1,1,0,0,1.5,0,1.5,False,False
C277,U146,I434,thanks for sharing this information. reference 277,2026-08-08 15:57:31.781024,False,GENUINE,1,0,0,0.6789809902112234,0,6,15,1,1,0,0,1.5,0,1.5,False,False
C278,U129,I34,the explanation of music was very clear. reference 278,2026-07-09 20:51:31.781039,False,GENUINE,1,0,0,0.7662202675963719,20,6,15,1,1,0,0,4.5,0,4.5,False,False
C279,U392,I486,thanks for sharing this information. reference 279,2026-06-17 18:08:31.781053,False,GENUINE,1,0,0,0.6789809902112234,0,6,15,1,1,0,0,1.5,0,1.5,False,False
C280,U157,I347,i think this could be improved. reference 280,2026-07-08 23:18:31.781072,False,GENUINE,1,0,0,0.6122441426822248,0,5,15,1,1,0,0,1.5,0,1.5,False,False
C281,U454,I390,this is an interesting perspective on education. reference 281,2026-06-24 15:21:31.781086,False,GENUINE,1,0,0,0.7306942280328299,20,9,15,1,1,0,0,4.5,0,4.5,False,False
C282,U375,I203,this is worth discussing further. reference 282,2026-07-20 02:41:31.781100,False,GENUINE,1,0,0,0.6148367794734235,0,6,15,1,1,0,0,1.5,0,1.5,False,False
C283,U983,I58,i really enjoyed this post about education. reference 283,2026-06-27 09:48:31.781115,False,GENUINE,1,0,0,0.7751482859536991,20,7,15,1,1,0,0,4.5,0,4.5,False,False
C284,U530,I198,this was a surprisingly interesting post. reference 284,2026-07-19 00:07:31.781128,False,GENUINE,1,0,0,0.661661894767308,0,6,15,1,1,0,0,1.5,0,1.5,False,False
C285,U793,I133,i think this could be improved. reference 285,2026-06-17 03:19:31.781142,False,GENUINE,1,0,0,0.6122441426822248,0,5,15,1,1,0,0,1.5,0,1.5,False,False
C286,U292,I355,i think this could be improved. reference 286,2026-07-31 16:04:31.781156,False,GENUINE,1,0,0,0.6122441426822248,0,2,0,1,1,0,0,0.0,0,0.0,False,False
C287,U138,I436,this is an interesting perspective on food. reference 287,2026-07-27 02:48:31.781172,False,GENUINE,1,0,0,0.7354630625709739,20,7,15,1,1,0,0,4.5,0,4.5,False,False
C288,U920,I365,i think this could be improved. reference 288,2026-06-10 18:17:31.781186,False,GENUINE,1,0,0,0.6122441426822248,0,6,15,1,1,0,0,1.5,0,1.5,False,False
C289,U990,I432,this is worth discussing further. reference 289,2026-06-08 05:58:31.781202,False,GENUINE,1,0,0,0.6148367794734235,0,4,0,1,1,0,0,0.0,0,0.0,False,False
C290,U66,I281,this was a surprisingly interesting post. reference 290,2026-07-15 12:43:31.781216,False,GENUINE,1,0,0,0.661661894767308,0,6,15,1,1,0,0,1.5,0,1.5,False,False
C291,U871,I80,i learned something useful about music here. reference 291,2026-06-26 12:35:31.781231,False,GENUINE,1,0,0,0.7357637114536311,20,8,15,1,1,0,0,4.5,0,4.5,False,False
C292,U229,I62,the explanation of education was very clear. reference 292,2026-07-21 06:49:31.781245,False,GENUINE,1,0,0,0.7597438970269877,20,5,15,1,1,0,0,4.5,0,4.5,False,False
C293,U809,I252,i really enjoyed this post about music. reference 293,2026-06-22 09:42:31.781261,False,GENUINE,1,0,0,0.7730771289001258,20,8,15,1,1,0,0,4.5,0,4.5,False,False
C294,U586,I188,i think this could be improved. reference 294,2026-06-17 03:09:31.781276,False,GENUINE,1,0,0,0.6122441426822248,0,8,15,1,1,0,0,1.5,0,1.5,False,False
C295,U905,I44,best product ever buy now,2026-07-06 14:11:31.781290,False,GENUINE,75,50,15,1.0,50,2,0,72,2,50,0,35.5,8,43.5,False,False
C296,U734,I368,i think this could be improved. reference 296,2026-07-05 13:33:31.781304,False,GENUINE,1,0,0,0.6122441426822248,0,4,0,1,1,0,0,0.0,0,0.0,False,False
C297,U843,I294,this is an interesting perspective on education. reference 297,2026-07-13 23:25:31.781320,False,GENUINE,1,0,0,0.7306942280328299,20,5,15,1,1,0,0,4.5,0,4.5,False,False
C298,U657,I37,i think this could be improved. reference 298,2026-06-10 22:15:31.781350,False,GENUINE,1,0,0,0.6122441426822248,0,8,15,1,1,0,0,1.5,0,1.5,False,False
C299,U529,I176,i learned something useful about education here. reference 299,2026-07-31 02:06:31.781519,False,GENUINE,1,0,0,0.7309832397113513,20,6,15,1,1,0,0,4.5,0,4.5,False,False
C300,U443,I257,i really enjoyed this post about gaming. reference 300,2026-06-25 16:10:31.781637,False,GENUINE,1,0,0,0.7760108921746118,20,2,0,1,1,0,0,3.0,0,3.0,False,False
C301,U156,I155,i learned something useful about education here. reference 301,2026-07-13 11:07:31.781682,False,GENUINE,1,0,0,0.7309832397113513,20,9,15,1,1,0,0,4.5,0,4.5,False,False
C302,U957,I363,the explanation of music was very clear. reference 302,2026-06-25 14:26:31.781714,False,GENUINE,1,0,0,0.7662202675963719,20,6,15,1,1,0,0,4.5,0,4.5,False,False
C303,U916,I145,this is an interesting perspective on movies. reference 303,2026-07-24 23:09:31.781742,False,GENUINE,1,0,0,0.7382784747058516,20,8,15,1,1,0,0,4.5,0,4.5,False,False
C304,U650,I489,this was a surprisingly interesting post. reference 304,2026-07-31 10:32:31.781831,False,GENUINE,1,0,0,0.661661894767308,0,8,15,1,1,0,0,1.5,0,1.5,False,False
C305,U640,I155,thanks for sharing this information. reference 305,2026-06-27 02:05:31.781862,False,GENUINE,1,0,0,0.6789809902112234,0,5,15,1,1,0,0,1.5,0,1.5,False,False
C306,U656,I86,thanks for sharing this information. reference 306,2026-07-27 05:59:31.781881,False,GENUINE,1,0,0,0.6789809902112234,0,3,0,1,1,0,0,0.0,0,0.0,False,False
C307,U674,I319,thanks for sharing this information. reference 307,2026-06-21 12:44:31.781896,False,GENUINE,1,0,0,0.6789809902112234,0,5,15,1,1,0,0,1.5,0,1.5,False,False
C308,U42,I422,i really enjoyed this post about gaming. reference 308,2026-08-07 16:40:31.781912,False,GENUINE,1,0,0,0.7760108921746118,20,9,15,1,1,0,0,4.5,0,4.5,False,False
C309,U971,I328,thanks for sharing this information. reference 309,2026-06-13 13:34:31.781940,False,GENUINE,1,0,0,0.6789809902112234,0,4,0,1,1,0,0,0.0,0,0.0,False,False
C310,U215,I392,thanks for sharing this information. reference 310,2026-06-16 13:42:31.781956,False,GENUINE,1,0,0,0.6789809902112234,0,6,15,1,1,0,0,1.5,0,1.5,False,False
C311,U654,I15,i think this could be improved. reference 311,2026-06-14 09:42:31.781972,False,GENUINE,1,0,0,0.6122441426822248,0,6,15,1,1,0,0,1.5,0,1.5,False,False
C312,U979,I154,i think this could be improved. reference 312,2026-06-10 11:35:31.781987,False,GENUINE,1,0,0,0.6122441426822248,0,5,15,1,1,0,0,1.5,0,1.5,False,False
C313,U415,I152,i think this could be improved. reference 313,2026-06-10 03:41:31.782001,False,GENUINE,1,0,0,0.6122441426822248,0,6,15,1,1,0,0,1.5,0,1.5,False,False
C314,U61,I80,i think this could be improved. reference 314,2026-06-28 18:07:31.782015,False,GENUINE,1,0,0,0.6122441426822248,0,6,15,1,1,0,0,1.5,0,1.5,False,False
C315,U475,I104,this is worth discussing further. reference 315,2026-07-14 09:08:31.782028,False,GENUINE,1,0,0,0.6148367794734235,0,5,15,1,1,0,0,1.5,0,1.5,False,False
C316,U882,I367,this is worth discussing further. reference 316,2026-07-06 12:58:31.782042,False,GENUINE,1,0,0,0.6148367794734235,0,5,15,1,1,0,0,1.5,0,1.5,False,False
C317,U133,I389,this is worth discussing further. reference 317,2026-07-13 18:51:31.782058,False,GENUINE,1,0,0,0.6148367794734235,0,5,15,1,1,0,0,1.5,0,1.5,False,False
C318,U247,I238,this is an interesting perspective on movies. reference 318,2026-07-01 21:49:31.782072,False,GENUINE,1,0,0,0.7382784747058516,20,2,0,1,1,0,0,3.0,0,3.0,False,False
C319,U253,I72,this is an interesting perspective on technology. reference 319,2026-07-16 10:00:31.782087,False,GENUINE,1,0,0,0.7340859795799535,20,8,15,1,1,0,0,4.5,0,4.5,False,False
C320,U968,I196,thanks for sharing this information. reference 320,2026-07-20 05:37:31.782100,False,GENUINE,1,0,0,0.6789809902112234,0,11,40,1,1,0,0,4.0,0,4.0,False,False
C321,U985,I443,i learned something useful about music here. reference 321,2026-06-20 06:00:31.782114,False,GENUINE,1,0,0,0.7357637114536311,20,3,0,1,1,0,0,3.0,0,3.0,False,False
C322,U738,I160,the explanation of education was very clear. reference 322,2026-06-27 11:30:31.782129,False,GENUINE,1,0,0,0.7597438970269877,20,6,15,1,1,0,0,4.5,0,4.5,False,False
C323,U527,I239,i think this could be improved. reference 323,2026-06-27 13:27:31.782142,False,GENUINE,1,0,0,0.6122441426822248,0,3,0,1,1,0,0,0.0,0,0.0,False,False
C324,U23,I46,the information presented here is useful. reference 324,2026-07-20 22:06:31.782156,False,GENUINE,1,0,0,0.6598076480079632,0,8,15,1,1,0,0,1.5,0,1.5,False,False
C325,U220,I298,this is worth discussing further. reference 325,2026-08-07 05:34:31.782174,False,GENUINE,1,0,0,0.6148367794734235,0,5,15,1,1,0,0,1.5,0,1.5,False,False
C326,U288,I253,thanks for sharing this information. reference 326,2026-07-16 19:45:31.782188,False,GENUINE,1,0,0,0.6789809902112234,0,5,15,1,1,0,0,1.5,0,1.5,False,False
C327,U549,I4,this is an interesting perspective on fashion. reference 327,2026-07-30 15:23:31.782202,False,GENUINE,1,0,0,0.7361608768424162,20,7,15,1,1,0,0,4.5,0,4.5,False,False
C328,U903,I135,best deal available now,2026-07-09 12:34:31.782215,False,GENUINE,52,50,15,1.0000000000000002,50,9,15,51,1,40,0,33.5,8,41.5,False,False
C329,U46,I205,i really enjoyed this post about sports. reference 329,2026-07-09 20:02:31.782229,False,GENUINE,1,0,0,0.7746110731001136,20,5,15,1,1,0,0,4.5,0,4.5,False,False
C330,U566,I147,this is an interesting perspective on fashion. reference 330,2026-06-26 22:25:31.782243,False,GENUINE,1,0,0,0.7361608768424162,20,5,15,1,1,0,0,4.5,0,4.5,False,False
C331,U461,I391,amazing product buy now,2026-06-16 02:29:31.782257,False,GENUINE,69,50,15,1.0,50,6,15,68,1,40,0,33.5,8,41.5,False,False
C332,U696,I312,this is an interesting perspective on education. reference 332,2026-08-03 00:46:31.782272,False,GENUINE,1,0,0,0.7306942280328299,20,7,15,1,1,0,0,4.5,0,4.5,False,False
C333,U403,I191,this is worth discussing further. reference 333,2026-06-04 02:44:31.782286,False,GENUINE,1,0,0,0.6148367794734235,0,3,0,1,1,0,0,0.0,0,0.0,False,False
C334,U147,I101,thanks for sharing this information. reference 334,2026-06-27 07:32:31.782299,False,GENUINE,1,0,0,0.6789809902112234,0,5,15,1,1,0,0,1.5,0,1.5,False,False
C335,U41,I23,i really enjoyed this post about education. reference 335,2026-06-07 21:07:31.782313,False,GENUINE,1,0,0,0.7751482859536991,20,5,15,1,1,0,0,4.5,0,4.5,False,False
C336,U341,I411,i think this could be improved. reference 336,2026-07-29 06:37:31.782327,False,GENUINE,1,0,0,0.6122441426822248,0,3,0,1,1,0,0,0.0,0,0.0,False,False
C337,U620,I457,this was a surprisingly interesting post. reference 337,2026-07-12 23:31:31.782342,False,GENUINE,1,0,0,0.661661894767308,0,8,15,1,1,0,0,1.5,0,1.5,False,False
C338,U953,I313,this is worth discussing further. reference 338,2026-07-07 01:33:31.782355,False,GENUINE,1,0,0,0.6148367794734235,0,8,15,1,1,0,0,1.5,0,1.5,False,False
C339,U631,I378,i have a different opinion about music. reference 339,2026-06-26 15:44:31.782689,False,GENUINE,1,0,0,0.7390063271830457,20,4,0,1,1,0,0,3.0,0,3.0,False,False
C340,U848,I260,this was a surprisingly interesting post. reference 340,2026-06-08 07:43:31.782734,False,GENUINE,1,0,0,0.661661894767308,0,4,0,1,1,0,0,0.0,0,0.0,False,False
C341,U576,I153,i think this could be improved. reference 341,2026-07-09 07:17:31.782763,False,GENUINE,1,0,0,0.6122441426822248,0,4,0,1,1,0,0,0.0,0,0.0,False,False
C342,U339,I344,this is an interesting perspective on fashion. reference 342,2026-06-19 16:51:31.782789,False,GENUINE,1,0,0,0.7361608768424162,20,8,15,1,1,0,0,4.5,0,4.5,False,False
C343,U315,I407,i really enjoyed this post about food. reference 343,2026-07-18 15:55:31.782825,False,GENUINE,1,0,0,0.7772683096754256,20,10,40,1,1,0,0,7.0,0,7.0,False,False
C344,U990,I335,best product ever buy now,2026-06-07 04:03:31.782851,False,GENUINE,75,50,15,1.0,50,4,0,72,1,40,0,32.0,8,40.0,False,False
C345,U52,I298,i think this could be improved. reference 345,2026-06-25 02:46:31.782876,False,GENUINE,1,0,0,0.6122441426822248,0,3,0,1,1,0,0,0.0,0,0.0,False,False
C346,U644,I369,thanks for sharing this information. reference 346,2026-07-29 09:09:31.782904,False,GENUINE,1,0,0,0.6789809902112234,0,9,15,1,1,0,0,1.5,0,1.5,False,False
C347,U841,I348,the explanation of technology was very clear. reference 347,2026-06-20 17:11:31.782929,False,GENUINE,1,0,0,0.768821942884016,20,8,15,1,1,0,0,4.5,0,4.5,False,False
C348,U970,I358,this is an interesting perspective on sports. reference 348,2026-08-10 02:36:31.782953,False,GENUINE,1,0,0,0.7310531063082972,20,7,15,1,1,0,0,4.5,0,4.5,False,False
C349,U451,I160,the information presented here is useful. reference 349,2026-07-05 05:51:31.782968,False,GENUINE,1,0,0,0.6598076480079632,0,2,0,1,1,0,0,0.0,0,0.0,False,False
C350,U707,I104,you must buy this product,2026-06-05 20:31:31.782982,False,GENUINE,51,50,0,1.0,50,4,0,51,1,40,0,29.0,8,37.0,False,False
C351,U744,I31,i learned something useful about sports here. reference 351,2026-06-21 18:42:31.782997,False,GENUINE,1,0,0,0.7313413266953137,20,6,15,1,1,0,0,4.5,0,4.5,False,False
C352,U332,I339,i think this could be improved. reference 352,2026-07-14 06:34:31.783012,False,GENUINE,1,0,0,0.6122441426822248,0,8,15,1,1,0,0,1.5,0,1.5,False,False
C353,U979,I88,i think this could be improved. reference 353,2026-06-23 02:37:31.783027,False,GENUINE,1,0,0,0.6122441426822248,0,5,15,1,1,0,0,1.5,0,1.5,False,False
C354,U362,I346,i have a different opinion about food. reference 354,2026-07-25 07:58:31.783042,False,GENUINE,1,0,0,0.7486181787682682,20,5,15,1,1,0,0,4.5,0,4.5,False,False
C355,U980,I126,i have a different opinion about movies. reference 355,2026-07-22 08:45:31.783056,False,GENUINE,1,0,0,0.7480534672157237,20,5,15,1,1,0,0,4.5,0,4.5,False,False
C356,U964,I498,i have a different opinion about movies. reference 356,2026-06-08 16:06:31.783070,False,GENUINE,1,0,0,0.7480534672157237,20,6,15,1,1,0,0,4.5,0,4.5,False,False
C357,U212,I353,i think this could be improved. reference 357,2026-06-29 03:50:31.783086,False,GENUINE,1,0,0,0.6122441426822248,0,7,15,1,1,0,0,1.5,0,1.5,False,False
C358,U357,I286,i have a different opinion about movies. reference 358,2026-07-31 17:44:31.783100,False,GENUINE,1,0,0,0.7480534672157237,20,5,15,1,1,0,0,4.5,0,4.5,False,False
C359,U587,I346,this was a surprisingly interesting post. reference 359,2026-07-06 22:06:31.783114,False,GENUINE,1,0,0,0.661661894767308,0,5,15,1,1,0,0,1.5,0,1.5,False,False
C360,U838,I176,i learned something useful about movies here. reference 360,2026-08-08 00:05:31.783128,False,GENUINE,1,0,0,0.736990248638929,20,3,0,1,1,0,0,3.0,0,3.0,False,False
C361,U294,I489,this is an interesting perspective on music. reference 361,2026-07-02 13:35:31.783142,False,GENUINE,1,0,0,0.7318423269582839,20,4,0,1,1,0,0,3.0,0,3.0,False,False
C362,U671,I131,i think this could be improved. reference 362,2026-07-24 10:33:31.783155,False,GENUINE,1,0,0,0.6122441426822248,0,4,0,1,1,0,0,0.0,0,0.0,False,False
C363,U847,I275,i have a different opinion about movies. reference 363,2026-07-30 08:06:31.783169,False,GENUINE,1,0,0,0.7480534672157237,20,6,15,1,1,0,0,4.5,0,4.5,False,False
C364,U111,I315,thanks for sharing this information. reference 364,2026-07-20 18:19:31.783183,False,GENUINE,1,0,0,0.6789809902112234,0,4,0,1,1,0,0,0.0,0,0.0,False,False
C365,U51,I342,this was a surprisingly interesting post. reference 365,2026-06-14 18:22:31.783199,False,GENUINE,1,0,0,0.661661894767308,0,4,0,1,1,0,0,0.0,0,0.0,False,False
C366,U238,I26,this is an interesting perspective on fashion. reference 366,2026-07-12 18:26:31.783213,False,GENUINE,1,0,0,0.7361608768424162,20,2,0,1,1,0,0,3.0,0,3.0,False,False
C367,U734,I241,this is an interesting perspective on education. reference 367,2026-08-11 08:39:31.783227,False,GENUINE,1,0,0,0.7306942280328299,20,4,0,1,1,0,0,3.0,0,3.0,False,False
C368,U987,I281,i learned something useful about fashion here. reference 368,2026-06-13 09:43:31.783242,False,GENUINE,1,0,0,0.7359149406482672,20,6,15,1,1,0,0,4.5,0,4.5,False,False
C369,U957,I450,i think this could be improved. reference 369,2026-06-13 14:51:31.783256,False,GENUINE,1,0,0,0.6122441426822248,0,6,15,1,1,0,0,1.5,0,1.5,False,False
C370,U204,I387,i have a different opinion about music. reference 370,2026-07-16 20:29:31.783270,False,GENUINE,1,0,0,0.7390063271830457,20,7,15,1,1,0,0,4.5,0,4.5,False,False
C371,U661,I30,this is an interesting perspective on sports. reference 371,2026-06-24 02:55:31.783285,False,GENUINE,1,0,0,0.7310531063082972,20,9,15,1,1,0,0,4.5,0,4.5,False,False
C372,U756,I370,click here for amazing deals,2026-07-04 19:05:31.783299,False,GENUINE,53,50,30,1.0000000000000002,50,6,15,53,1,40,0,36.5,8,44.5,False,False
C373,U903,I428,i learned something useful about technology here. reference 373,2026-07-06 16:44:31.783314,False,GENUINE,1,0,0,0.7297924268271072,20,9,15,1,1,0,0,4.5,0,4.5,False,False
C374,U806,I253,i learned something useful about movies here. reference 374,2026-08-08 10:08:31.783330,False,GENUINE,1,0,0,0.736990248638929,20,7,15,1,1,0,0,4.5,0,4.5,False,False
C375,U9,I152,thanks for sharing this information. reference 375,2026-07-12 08:04:31.783346,False,GENUINE,1,0,0,0.6789809902112234,0,5,15,1,1,0,0,1.5,0,1.5,False,False
C376,U291,I232,this was a surprisingly interesting post. reference 376,2026-07-30 14:49:31.783360,False,GENUINE,1,0,0,0.661661894767308,0,8,15,1,1,0,0,1.5,0,1.5,False,False
C377,U871,I258,i think this could be improved. reference 377,2026-07-25 06:46:31.783374,False,GENUINE,1,0,0,0.6122441426822248,0,8,15,1,1,0,0,1.5,0,1.5,False,False
C378,U828,I57,this is worth discussing further. reference 378,2026-06-06 06:49:31.783388,False,GENUINE,1,0,0,0.6148367794734235,0,4,0,1,1,0,0,0.0,0,0.0,False,False
C379,U469,I331,i have a different opinion about education. reference 379,2026-08-10 13:12:31.783401,False,GENUINE,1,0,0,0.7416504318441781,20,2,0,1,1,0,0,3.0,0,3.0,False,False
C380,U754,I172,click here for amazing deals,2026-07-26 20:36:31.783415,False,GENUINE,53,50,30,1.0000000000000002,50,4,0,53,1,40,0,35.0,8,43.0,False,False
C381,U625,I438,the information presented here is useful. reference 381,2026-06-25 22:20:31.783429,False,GENUINE,1,0,0,0.6598076480079632,0,5,15,1,1,0,0,1.5,0,1.5,False,False
C382,U335,I44,best product ever buy now,2026-07-26 00:19:31.783443,False,GENUINE,75,50,15,1.0,50,9,15,72,2,50,0,37.0,8,45.0,False,False
C383,U143,I244,this is worth discussing further. reference 383,2026-08-11 05:03:31.783456,False,GENUINE,1,0,0,0.6148367794734235,0,4,0,1,1,0,0,0.0,0,0.0,False,False
C384,U267,I196,best product ever buy now,2026-06-04 05:22:31.783471,False,GENUINE,75,50,15,1.0,50,7,15,72,1,40,0,33.5,8,41.5,False,False
C385,U273,I488,this is worth discussing further. reference 385,2026-06-19 19:34:31.783485,False,GENUINE,1,0,0,0.6148367794734235,0,13,40,1,1,0,0,4.0,0,4.0,False,False
C386,U740,I293,amazing product buy now,2026-06-13 07:59:31.783499,False,GENUINE,69,50,15,1.0,50,6,15,68,1,40,0,33.5,8,41.5,False,False
C387,U368,I354,the explanation of technology was very clear. reference 387,2026-06-12 01:10:31.783512,False,GENUINE,1,0,0,0.768821942884016,20,4,0,1,1,0,0,3.0,0,3.0,False,False
C388,U121,I238,i have a different opinion about education. reference 388,2026-07-05 22:20:31.783526,False,GENUINE,1,0,0,1.0000000000000002,50,6,15,1,1,0,0,9.0,0,9.0,False,False
C389,U702,I257,i have a different opinion about gaming. reference 389,2026-06-14 16:41:31.783544,False,GENUINE,1,0,0,1.0000000000000002,50,6,15,1,1,0,0,9.0,0,9.0,False,False
C390,U938,I481,i have a different opinion about music. reference 390,2026-06-16 21:18:31.783558,False,GENUINE,1,0,0,1.0,50,4,0,1,1,0,0,7.5,0,7.5,False,False
C391,U226,I112,i learned something useful about food here. reference 391,2026-07-28 21:20:31.783572,False,GENUINE,1,0,0,1.0000000000000002,50,5,15,1,1,0,0,9.0,0,9.0,False,False
C392,U465,I382,thanks for sharing this information. reference 392,2026-07-04 23:33:31.783586,False,GENUINE,1,0,0,1.0,50,7,15,1,1,0,0,9.0,0,9.0,False,False
C393,U718,I281,best product ever buy now,2026-06-03 11:40:31.783602,False,GENUINE,75,50,15,1.0,50,8,15,72,1,40,0,33.5,8,41.5,False,False
C394,U253,I348,thanks for sharing this information. reference 394,2026-06-24 23:59:31.783616,False,GENUINE,1,0,0,1.0,50,8,15,1,1,0,0,9.0,0,9.0,False,False
C395,U457,I270,this is worth discussing further. reference 395,2026-06-21 11:32:31.783630,False,GENUINE,1,0,0,1.0,50,8,15,1,1,0,0,9.0,0,9.0,False,False
C396,U114,I31,this was a surprisingly interesting post. reference 396,2026-06-20 16:53:31.783643,False,GENUINE,1,0,0,1.0,50,4,0,1,1,0,0,7.5,0,7.5,False,False
C397,U549,I76,i learned something useful about music here. reference 397,2026-06-25 11:16:31.783657,False,GENUINE,1,0,0,1.0,50,7,15,1,1,0,0,9.0,0,9.0,False,False
C398,U452,I59,the explanation of food was very clear. reference 398,2026-08-03 13:19:31.783671,False,GENUINE,1,0,0,1.0,50,7,15,1,1,0,0,9.0,0,9.0,False,False
C399,U920,I261,i think this could be improved. reference 399,2026-07-01 13:26:31.783684,False,GENUINE,1,0,0,1.0000000000000002,50,6,15,1,1,0,0,9.0,0,9.0,False,False
C400,U135,I262,the information presented here is useful. reference 400,2026-06-21 12:06:31.783698,False,GENUINE,1,0,0,1.0,50,6,15,1,1,0,0,9.0,0,9.0,False,False
C401,U59,I286,i think this could be improved. reference 401,2026-06-06 23:57:31.783712,False,GENUINE,1,0,0,1.0000000000000002,50,6,15,1,1,0,0,9.0,0,9.0,False,False
C402,U22,I202,i have a different opinion about technology. reference 402,2026-06-04 22:44:31.783727,False,GENUINE,1,0,0,1.0,50,6,15,1,1,0,0,9.0,0,9.0,False,False
C403,U223,I296,this is an interesting perspective on technology. reference 403,2026-07-04 06:24:31.783742,False,GENUINE,1,0,0,1.0,50,7,15,1,1,0,0,9.0,0,9.0,False,False
C404,U352,I358,this is an interesting perspective on technology. reference 404,2026-08-05 13:12:31.783756,False,GENUINE,1,0,0,1.0,50,7,15,1,1,0,0,9.0,0,9.0,False,False
C405,U956,I241,i really enjoyed this post about movies. reference 405,2026-07-05 14:47:31.783770,False,GENUINE,1,0,0,1.0,50,5,15,1,1,0,0,9.0,0,9.0,False,False
C406,U184,I393,i learned something useful about fashion here. reference 406,2026-07-08 17:57:31.783784,False,GENUINE,1,0,0,1.0,50,5,15,1,1,0,0,9.0,0,9.0,False,False
C407,U912,I195,i think this could be improved. reference 407,2026-07-08 15:22:31.783797,False,GENUINE,1,0,0,1.0000000000000002,50,2,0,1,1,0,0,7.5,0,7.5,False,False
C408,U82,I349,this was a surprisingly interesting post. reference 408,2026-06-13 08:18:31.783811,False,GENUINE,1,0,0,1.0,50,3,0,1,1,0,0,7.5,0,7.5,False,False
C409,U880,I178,amazing product buy now,2026-06-23 22:19:31.783825,False,GENUINE,69,50,15,1.0,50,7,15,68,1,40,0,33.5,8,41.5,False,False
C410,U402,I270,i learned something useful about sports here. reference 410,2026-08-11 12:23:31.783839,False,GENUINE,1,0,0,1.0000000000000002,50,7,15,1,1,0,0,9.0,0,9.0,False,False
C411,U774,I11,i have a different opinion about food. reference 411,2026-06-11 12:42:31.783853,False,GENUINE,1,0,0,1.0,50,10,40,1,1,0,0,11.5,0,11.5,False,False
C412,U736,I278,the information presented here is useful. reference 412,2026-07-21 22:16:31.783868,False,GENUINE,1,0,0,1.0,50,2,0,1,1,0,0,7.5,0,7.5,False,False
C413,U253,I235,this is worth discussing further. reference 413,2026-07-17 17:49:31.783882,False,GENUINE,1,0,0,1.0,50,8,15,1,1,0,0,9.0,0,9.0,False,False
C414,U193,I479,this is an interesting perspective on technology. reference 414,2026-06-12 17:45:31.783896,False,GENUINE,1,0,0,1.0,50,7,15,1,1,0,0,9.0,0,9.0,False,False
C415,U429,I314,i really enjoyed this post about sports. reference 415,2026-07-24 01:47:31.783910,False,GENUINE,1,0,0,1.0000000000000002,50,6,15,1,1,0,0,9.0,0,9.0,False,False
C416,U68,I51,thanks for sharing this information. reference 416,2026-07-02 04:43:31.783923,False,GENUINE,1,0,0,1.0,50,7,15,1,1,0,0,9.0,0,9.0,False,False
C417,U612,I344,i really enjoyed this post about sports. reference 417,2026-06-05 10:14:31.783937,False,GENUINE,1,0,0,1.0000000000000002,50,9,15,1,1,0,0,9.0,0,9.0,False,False
C418,U45,I205,i think this could be improved. reference 418,2026-06-23 16:51:31.783950,False,GENUINE,1,0,0,1.0000000000000002,50,5,15,1,1,0,0,9.0,0,9.0,False,False
C419,U222,I386,i really enjoyed this post about education. reference 419,2026-06-26 23:12:31.783963,False,GENUINE,1,0,0,1.0,50,3,0,1,1,0,0,7.5,0,7.5,False,False
C420,U296,I119,thanks for sharing this information. reference 420,2026-06-20 06:28:31.783979,False,GENUINE,1,0,0,1.0,50,6,15,1,1,0,0,9.0,0,9.0,False,False
C421,U612,I395,this is worth discussing further. reference 421,2026-07-15 08:46:31.783993,False,GENUINE,1,0,0,1.0,50,9,15,1,1,0,0,9.0,0,9.0,False,False
C422,U897,I73,this was a surprisingly interesting post. reference 422,2026-07-05 04:32:31.784008,False,GENUINE,1,0,0,1.0,50,5,15,1,1,0,0,9.0,0,9.0,False,False
C423,U307,I140,i really enjoyed this post about education. reference 423,2026-06-15 20:28:31.784022,False,GENUINE,1,0,0,1.0,50,7,15,1,1,0,0,9.0,0,9.0,False,False
C424,U695,I218,this was a surprisingly interesting post. reference 424,2026-08-07 13:33:31.784036,False,GENUINE,1,0,0,1.0,50,5,15,1,1,0,0,9.0,0,9.0,False,False
C425,U995,I176,the information presented here is useful. reference 425,2026-06-09 10:52:31.784050,False,GENUINE,1,0,0,1.0,50,10,40,1,1,0,0,11.5,0,11.5,False,False
C426,U426,I209,click here for amazing deals,2026-07-08 13:35:31.784063,False,GENUINE,53,50,30,1.0000000000000002,50,5,15,53,2,50,0,40.0,8,48.0,False,False
C427,U188,I386,this was a surprisingly interesting post. reference 427,2026-07-20 21:34:31.784077,False,GENUINE,1,0,0,1.0,50,5,15,1,1,0,0,9.0,0,9.0,False,False
C428,U869,I115,i have a different opinion about education. reference 428,2026-06-30 16:29:31.784091,False,GENUINE,1,0,0,1.0000000000000002,50,5,15,1,1,0,0,9.0,0,9.0,False,False
C429,U936,I29,this was a surprisingly interesting post. reference 429,2026-07-04 22:06:31.784104,False,GENUINE,1,0,0,1.0,50,2,0,1,1,0,0,7.5,0,7.5,False,False
C430,U570,I271,i learned something useful about fashion here. reference 430,2026-07-20 17:27:31.784118,False,GENUINE,1,0,0,1.0,50,2,0,1,1,0,0,7.5,0,7.5,False,False
C431,U261,I104,this is worth discussing further. reference 431,2026-07-01 21:24:31.784134,False,GENUINE,1,0,0,1.0,50,7,15,1,1,0,0,9.0,0,9.0,False,False
C432,U867,I189,this is an interesting perspective on sports. reference 432,2026-08-07 03:23:31.784148,False,GENUINE,1,0,0,1.0,50,6,15,1,1,0,0,9.0,0,9.0,False,False
C433,U274,I193,thanks for sharing this information. reference 433,2026-08-05 04:59:31.784161,False,GENUINE,1,0,0,1.0,50,10,40,1,1,0,0,11.5,0,11.5,False,False
C434,U192,I411,thanks for sharing this information. reference 434,2026-06-29 04:43:31.784175,False,GENUINE,1,0,0,1.0,50,7,15,1,1,0,0,9.0,0,9.0,False,False
C435,U213,I445,this is worth discussing further. reference 435,2026-08-10 10:29:31.784188,False,GENUINE,1,0,0,1.0,50,1,0,1,1,0,0,7.5,0,7.5,False,False
C436,U216,I479,the explanation of gaming was very clear. reference 436,2026-06-04 20:24:31.784203,False,GENUINE,1,0,0,1.0000000000000002,50,7,15,1,1,0,0,9.0,0,9.0,False,False
C437,U772,I245,the explanation of sports was very clear. reference 437,2026-07-06 17:31:31.784217,False,GENUINE,1,0,0,1.0,50,4,0,1,1,0,0,7.5,0,7.5,False,False
C438,U937,I122,this was a surprisingly interesting post. reference 438,2026-07-17 01:37:31.784230,False,GENUINE,1,0,0,1.0,50,5,15,1,1,0,0,9.0,0,9.0,False,False
C439,U389,I238,this was a surprisingly interesting post. reference 439,2026-07-14 18:13:31.784244,False,GENUINE,1,0,0,1.0,50,7,15,1,1,0,0,9.0,0,9.0,False,False
C440,U267,I184,this was a surprisingly interesting post. reference 440,2026-06-30 09:58:31.784257,False,GENUINE,1,0,0,1.0,50,7,15,1,1,0,0,9.0,0,9.0,False,False
C441,U100,I411,i think this could be improved. reference 441,2026-07-24 08:14:31.784271,False,GENUINE,1,0,0,1.0000000000000002,50,8,15,1,1,0,0,9.0,0,9.0,False,False
C442,U379,I160,the information presented here is useful. reference 442,2026-06-21 15:07:31.784284,False,GENUINE,1,0,0,1.0,50,7,15,1,1,0,0,9.0,0,9.0,False,False
C443,U884,I113,i learned something useful about technology here. reference 443,2026-07-19 02:18:31.784298,False,GENUINE,1,0,0,1.0,50,1,0,1,1,0,0,7.5,0,7.5,False,False
C444,U566,I478,thanks for sharing this information. reference 444,2026-07-15 23:07:31.784311,False,GENUINE,1,0,0,1.0,50,5,15,1,1,0,0,9.0,0,9.0,False,False
C445,U156,I100,this is worth discussing further. reference 445,2026-07-08 06:12:31.784325,False,GENUINE,1,0,0,1.0,50,9,15,1,1,0,0,9.0,0,9.0,False,False
C446,U583,I426,the explanation of food was very clear. reference 446,2026-06-22 17:05:31.784338,False,GENUINE,1,0,0,1.0,50,8,15,1,1,0,0,9.0,0,9.0,False,False
C447,U670,I483,amazing product buy now,2026-06-28 08:34:31.784352,False,GENUINE,69,50,15,1.0,50,5,15,68,1,40,0,33.5,8,41.5,False,False
C448,U989,I370,i think this could be improved. reference 448,2026-07-27 12:28:31.784365,False,GENUINE,1,0,0,1.0000000000000002,50,5,15,1,1,0,0,9.0,0,9.0,False,False
C449,U750,I407,this is worth discussing further. reference 449,2026-07-30 02:14:31.784390,False,GENUINE,1,0,0,1.0,50,8,15,1,1,0,0,9.0,0,9.0,False,False
C450,U737,I279,i think this could be improved. reference 450,2026-06-23 11:40:31.784407,False,GENUINE,1,0,0,1.0000000000000002,50,6,15,1,1,0,0,9.0,0,9.0,False,False
C451,U657,I490,i really enjoyed this post about technology. reference 451,2026-08-05 01:36:31.784421,False,GENUINE,1,0,0,1.0000000000000002,50,8,15,1,1,0,0,9.0,0,9.0,False,False
C452,U967,I418,i really enjoyed this post about technology. reference 452,2026-07-05 07:05:31.784436,False,GENUINE,1,0,0,1.0000000000000002,50,6,15,1,1,0,0,9.0,0,9.0,False,False
C453,U140,I431,the explanation of gaming was very clear. reference 453,2026-06-08 11:08:31.784452,False,GENUINE,1,0,0,1.0000000000000002,50,6,15,1,1,0,0,9.0,0,9.0,False,False
C454,U154,I4,the explanation of food was very clear. reference 454,2026-07-08 20:42:31.784466,False,GENUINE,1,0,0,1.0,50,6,15,1,1,0,0,9.0,0,9.0,False,False
C455,U61,I316,thanks for sharing this information. reference 455,2026-06-12 19:45:31.784480,False,GENUINE,1,0,0,1.0,50,6,15,1,1,0,0,9.0,0,9.0,False,False
C456,U499,I8,i really enjoyed this post about fashion. reference 456,2026-08-10 18:05:31.784494,False,GENUINE,1,0,0,1.0,50,6,15,1,1,0,0,9.0,0,9.0,False,False
C457,U17,I271,i have a different opinion about movies. reference 457,2026-08-10 06:32:31.784508,False,GENUINE,1,0,0,1.0000000000000004,50,6,15,1,1,0,0,9.0,0,9.0,False,False
C458,U514,I416,the information presented here is useful. reference 458,2026-08-02 02:12:31.784522,False,GENUINE,1,0,0,1.0,50,9,15,1,1,0,0,9.0,0,9.0,False,False
C459,U940,I49,amazing product buy now,2026-07-20 21:34:31.784537,False,GENUINE,69,50,15,1.0,50,6,15,68,1,40,0,33.5,8,41.5,False,False
C460,U196,I317,this was a surprisingly interesting post. reference 460,2026-07-10 13:41:31.784551,False,GENUINE,1,0,0,1.0,50,6,15,1,1,0,0,9.0,0,9.0,False,False
C461,U273,I407,the information presented here is useful. reference 461,2026-07-08 21:02:31.784564,False,GENUINE,1,0,0,1.0,50,13,40,1,1,0,0,11.5,0,11.5,False,False
C462,U982,I207,i think this could be improved. reference 462,2026-06-09 08:50:31.784578,False,GENUINE,1,0,0,1.0000000000000002,50,7,15,1,1,0,0,9.0,0,9.0,False,False
C463,U231,I153,this is an interesting perspective on technology. reference 463,2026-08-03 07:43:31.784592,False,GENUINE,1,0,0,1.0,50,1,0,1,1,0,0,7.5,0,7.5,False,False
C464,U415,I194,the information presented here is useful. reference 464,2026-08-06 17:23:31.784606,False,GENUINE,1,0,0,1.0,50,6,15,1,1,0,0,9.0,0,9.0,False,False
C465,U652,I4,i learned something useful about gaming here. reference 465,2026-06-27 08:01:31.784620,False,GENUINE,1,0,0,1.0,50,7,15,1,1,0,0,9.0,0,9.0,False,False
C466,U865,I222,this is worth discussing further. reference 466,2026-06-24 18:12:31.784634,False,GENUINE,1,0,0,1.0,50,8,15,1,1,0,0,9.0,0,9.0,False,False
C467,U941,I21,best product ever buy now,2026-06-09 19:39:31.784651,False,GENUINE,75,50,15,1.0,50,3,0,72,1,40,0,32.0,8,40.0,False,False
C468,U908,I290,i think this could be improved. reference 468,2026-08-07 14:16:31.784665,False,GENUINE,1,0,0,1.0000000000000002,50,8,15,1,1,0,0,9.0,0,9.0,False,False
C469,U946,I38,i have a different opinion about technology. reference 469,2026-07-26 12:10:31.784680,False,GENUINE,1,0,0,1.0,50,5,15,1,1,0,0,9.0,0,9.0,False,False
C470,U951,I435,this is worth discussing further. reference 470,2026-07-23 23:26:31.784694,False,GENUINE,1,0,0,1.0,50,6,15,1,1,0,0,9.0,0,9.0,False,False
C471,U601,I73,the information presented here is useful. reference 471,2026-07-15 14:12:31.784711,False,GENUINE,1,0,0,1.0,50,9,15,1,1,0,0,9.0,0,9.0,False,False
C472,U166,I288,the explanation of fashion was very clear. reference 472,2026-06-11 04:58:31.784726,False,GENUINE,1,0,0,1.0000000000000002,50,6,15,1,1,0,0,9.0,0,9.0,False,False
C473,U918,I276,this is worth discussing further. reference 473,2026-06-04 01:19:31.784740,False,GENUINE,1,0,0,1.0,50,8,15,1,1,0,0,9.0,0,9.0,False,False
C474,U757,I71,this is an interesting perspective on music. reference 474,2026-08-06 22:40:31.784754,False,GENUINE,1,0,0,1.0,50,3,0,1,1,0,0,7.5,0,7.5,False,False
C475,U100,I223,the explanation of gaming was very clear. reference 475,2026-07-11 19:56:31.784768,False,GENUINE,1,0,0,1.0000000000000002,50,8,15,1,1,0,0,9.0,0,9.0,False,False
C476,U619,I393,thanks for sharing this information. reference 476,2026-07-13 03:00:31.784782,False,GENUINE,1,0,0,1.0,50,9,15,1,1,0,0,9.0,0,9.0,False,False
C477,U30,I324,i have a different opinion about food. reference 477,2026-06-28 04:14:31.784796,False,GENUINE,1,0,0,1.0,50,6,15,1,1,0,0,9.0,0,9.0,False,False
C478,U233,I182,this was a surprisingly interesting post. reference 478,2026-07-03 12:35:31.784812,False,GENUINE,1,0,0,1.0,50,4,0,1,1,0,0,7.5,0,7.5,False,False
C479,U190,I348,you must buy this product,2026-08-04 00:46:31.784825,False,GENUINE,51,50,0,1.0,50,4,0,51,2,50,0,32.5,8,40.5,False,False
C480,U790,I316,i have a different opinion about sports. reference 480,2026-06-07 22:10:31.784839,False,GENUINE,1,0,0,1.0,50,10,40,1,1,0,0,11.5,0,11.5,False,False
C481,U75,I42,i have a different opinion about education. reference 481,2026-07-08 05:51:31.784853,False,GENUINE,1,0,0,1.0000000000000002,50,9,15,1,1,0,0,9.0,0,9.0,False,False
C482,U728,I401,i learned something useful about fashion here. reference 482,2026-07-14 00:11:31.784867,False,GENUINE,1,0,0,1.0,50,6,15,1,1,0,0,9.0,0,9.0,False,False
C483,U369,I54,this is an interesting perspective on technology. reference 483,2026-07-14 18:33:31.784880,False,GENUINE,1,0,0,1.0,50,6,15,1,1,0,0,9.0,0,9.0,False,False
C484,U455,I184,i have a different opinion about gaming. reference 484,2026-07-30 18:31:31.784896,False,GENUINE,1,0,0,1.0000000000000002,50,6,15,1,1,0,0,9.0,0,9.0,False,False
C485,U89,I95,the information presented here is useful. reference 485,2026-06-22 03:13:31.784910,False,GENUINE,1,0,0,1.0,50,5,15,1,1,0,0,9.0,0,9.0,False,False
C486,U568,I262,the information presented here is useful. reference 486,2026-08-09 10:36:31.784924,False,GENUINE,1,0,0,1.0,50,7,15,1,1,0,0,9.0,0,9.0,False,False
C487,U91,I181,this was a surprisingly interesting post. reference 487,2026-06-18 11:58:31.784937,False,GENUINE,1,0,0,1.0,50,9,15,1,1,0,0,9.0,0,9.0,False,False
C488,U612,I401,this is worth discussing further. reference 488,2026-08-10 17:01:31.784953,False,GENUINE,1,0,0,1.0,50,9,15,1,1,0,0,9.0,0,9.0,False,False
C489,U298,I211,the information presented here is useful. reference 489,2026-06-06 20:32:31.784967,False,GENUINE,1,0,0,1.0,50,8,15,1,1,0,0,9.0,0,9.0,False,False
C490,U922,I286,the explanation of education was very clear. reference 490,2026-06-10 10:53:31.784981,False,GENUINE,1,0,0,1.0000000000000002,50,5,15,1,1,0,0,9.0,0,9.0,False,False
C491,U389,I86,i learned something useful about movies here. reference 491,2026-07-15 10:09:31.784994,False,GENUINE,1,0,0,1.0,50,7,15,1,1,0,0,9.0,0,9.0,False,False
C492,U274,I252,i learned something useful about gaming here. reference 492,2026-07-27 14:42:31.785008,False,GENUINE,1,0,0,1.0,50,10,40,1,1,0,0,11.5,0,11.5,False,False
C493,U445,I141,the information presented here is useful. reference 493,2026-06-28 18:09:31.785021,False,GENUINE,1,0,0,1.0,50,5,15,1,1,0,0,9.0,0,9.0,False,False
C494,U801,I39,this is worth discussing further. reference 494,2026-07-20 09:17:31.785034,False,GENUINE,1,0,0,1.0,50,7,15,1,1,0,0,9.0,0,9.0,False,False
C495,U738,I320,i think this could be improved. reference 495,2026-07-01 03:46:31.785048,False,GENUINE,1,0,0,1.0000000000000002,50,6,15,1,1,0,0,9.0,0,9.0,False,False
C496,U109,I69,i have a different opinion about technology. reference 496,2026-07-06 19:34:31.785061,False,GENUINE,1,0,0,1.0,50,7,15,1,1,0,0,9.0,0,9.0,False,False
C497,U340,I430,thanks for sharing this information. reference 497,2026-07-12 20:05:31.785074,False,GENUINE,1,0,0,1.0,50,5,15,1,1,0,0,9.0,0,9.0,False,False
C498,U450,I171,the information presented here is useful. reference 498,2026-07-15 11:40:31.785088,False,GENUINE,1,0,0,1.0,50,9,15,1,1,0,0,9.0,0,9.0,False,False
C499,U328,I308,the explanation of food was very clear. reference 499,2026-07-14 05:38:31.785102,False,GENUINE,1,0,0,1.0,50,7,15,1,1,0,0,9.0,0,9.0,False,False
C500,U181,I493,the information presented here is useful. reference 500,2026-07-16 07:18:31.785115,False,GENUINE,1,0,0,1.0,50,9,15,1,1,0,0,9.0,0,9.0,False,False
C501,U752,I355,i think this could be improved. reference 501,2026-07-13 04:04:31.785129,False,GENUINE,1,0,0,1.0000000000000002,50,6,15,1,1,0,0,9.0,0,9.0,False,False
C502,U385,I143,the information presented here is useful. reference 502,2026-08-01 11:11:31.785143,False,GENUINE,1,0,0,1.0,50,5,15,1,1,0,0,9.0,0,9.0,False,False
C503,U954,I288,the explanation of education was very clear. reference 503,2026-06-10 18:45:31.785158,False,GENUINE,1,0,0,1.0000000000000002,50,5,15,1,1,0,0,9.0,0,9.0,False,False
C504,U786,I281,i really enjoyed this post about food. reference 504,2026-06-08 08:31:31.785172,False,GENUINE,1,0,0,1.0,50,8,15,1,1,0,0,9.0,0,9.0,False,False
C505,U214,I224,i have a different opinion about gaming. reference 505,2026-07-05 14:11:31.785186,False,GENUINE,1,0,0,1.0000000000000002,50,7,15,1,1,0,0,9.0,0,9.0,False,False
C506,U689,I255,i learned something useful about movies here. reference 506,2026-07-20 19:16:31.785202,False,GENUINE,1,0,0,1.0,50,5,15,1,1,0,0,9.0,0,9.0,False,False
C507,U258,I337,i learned something useful about fashion here. reference 507,2026-07-08 12:26:31.785216,False,GENUINE,1,0,0,1.0,50,6,15,1,1,0,0,9.0,0,9.0,False,False
C508,U75,I229,thanks for sharing this information. reference 508,2026-06-19 20:03:31.785230,False,GENUINE,1,0,0,1.0,50,9,15,1,1,0,0,9.0,0,9.0,False,False
C509,U410,I273,this was a surprisingly interesting post. reference 509,2026-06-23 08:22:31.785244,False,GENUINE,1,0,0,1.0,50,5,15,1,1,0,0,9.0,0,9.0,False,False
C510,U37,I404,this is worth discussing further. reference 510,2026-08-01 21:03:31.785258,False,GENUINE,1,0,0,1.0,50,4,0,1,1,0,0,7.5,0,7.5,False,False
C511,U787,I127,amazing product buy now,2026-06-13 22:35:31.785271,False,GENUINE,69,50,15,1.0,50,4,0,68,1,40,0,32.0,8,40.0,False,False
C512,U627,I22,thanks for sharing this information. reference 512,2026-06-04 07:43:31.785285,False,GENUINE,1,0,0,1.0,50,3,0,1,1,0,0,7.5,0,7.5,False,False
C513,U339,I494,the information presented here is useful. reference 513,2026-08-10 20:56:31.785298,False,GENUINE,1,0,0,1.0,50,8,15,1,1,0,0,9.0,0,9.0,False,False
C514,U100,I132,the explanation of sports was very clear. reference 514,2026-07-02 06:09:31.785312,False,GENUINE,1,0,0,1.0,50,8,15,1,1,0,0,9.0,0,9.0,False,False
C515,U383,I200,i think this could be improved. reference 515,2026-07-11 10:23:31.785326,False,GENUINE,1,0,0,1.0000000000000002,50,6,15,1,1,0,0,9.0,0,9.0,False,False
C516,U25,I247,this is an interesting perspective on movies. reference 516,2026-07-04 23:16:31.785345,False,GENUINE,1,0,0,1.0,50,6,15,1,1,0,0,9.0,0,9.0,False,False
C517,U942,I492,this is an interesting perspective on gaming. reference 517,2026-06-06 08:56:31.785362,False,GENUINE,1,0,0,1.0,50,8,15,1,1,0,0,9.0,0,9.0,False,False
C518,U145,I178,i have a different opinion about music. reference 518,2026-07-01 09:17:31.785376,False,GENUINE,1,0,0,1.0,50,11,40,1,1,0,0,11.5,0,11.5,False,False
C519,U803,I105,this was a surprisingly interesting post. reference 519,2026-07-11 03:06:31.785390,False,GENUINE,1,0,0,1.0,50,6,15,1,1,0,0,9.0,0,9.0,False,False
C520,U487,I49,i think this could be improved. reference 520,2026-07-13 19:18:31.785403,False,GENUINE,1,0,0,1.0000000000000002,50,5,15,1,1,0,0,9.0,0,9.0,False,False
C521,U68,I153,i really enjoyed this post about gaming. reference 521,2026-08-09 18:38:31.785417,False,GENUINE,1,0,0,1.0,50,7,15,1,1,0,0,9.0,0,9.0,False,False
C522,U869,I175,this is an interesting perspective on education. reference 522,2026-06-05 10:21:31.785431,False,GENUINE,1,0,0,1.0,50,5,15,1,1,0,0,9.0,0,9.0,False,False
C523,U249,I264,i learned something useful about education here. reference 523,2026-07-12 16:55:31.785445,False,GENUINE,1,0,0,1.0,50,6,15,1,1,0,0,9.0,0,9.0,False,False
C524,U573,I218,i think this could be improved. reference 524,2026-07-05 23:08:31.785459,False,GENUINE,1,0,0,1.0000000000000002,50,10,40,1,1,0,0,11.5,0,11.5,False,False
C525,U644,I94,best product ever buy now,2026-07-06 19:49:31.785472,False,GENUINE,75,50,15,1.0,50,9,15,72,1,40,0,33.5,8,41.5,False,False
C526,U29,I377,thanks for sharing this information. reference 526,2026-07-01 21:52:31.785486,False,GENUINE,1,0,0,1.0,50,7,15,1,1,0,0,9.0,0,9.0,False,False
C527,U606,I219,the information presented here is useful. reference 527,2026-06-08 16:27:31.785501,False,GENUINE,1,0,0,1.0,50,4,0,1,1,0,0,7.5,0,7.5,False,False
C528,U219,I105,i have a different opinion about gaming. reference 528,2026-06-20 06:44:31.785515,False,GENUINE,1,0,0,1.0000000000000002,50,5,15,1,1,0,0,9.0,0,9.0,False,False
C529,U104,I409,this was a surprisingly interesting post. reference 529,2026-07-09 12:53:31.785529,False,GENUINE,1,0,0,1.0,50,6,15,1,1,0,0,9.0,0,9.0,False,False
C530,U333,I100,i think this could be improved. reference 530,2026-07-18 22:51:31.785542,False,GENUINE,1,0,0,1.0000000000000002,50,5,15,1,1,0,0,9.0,0,9.0,False,False
C531,U686,I441,i think this could be improved. reference 531,2026-06-18 11:52:31.785555,False,GENUINE,1,0,0,1.0000000000000002,50,6,15,1,1,0,0,9.0,0,9.0,False,False
C532,U397,I312,the information presented here is useful. reference 532,2026-07-11 03:55:31.785569,False,GENUINE,1,0,0,1.0,50,8,15,1,1,0,0,9.0,0,9.0,False,False
C533,U360,I432,i think this could be improved. reference 533,2026-06-11 12:30:31.785582,False,GENUINE,1,0,0,1.0000000000000002,50,4,0,1,1,0,0,7.5,0,7.5,False,False
C534,U722,I409,i have a different opinion about gaming. reference 534,2026-06-11 15:44:31.785596,False,GENUINE,1,0,0,1.0000000000000002,50,4,0,1,1,0,0,7.5,0,7.5,False,False
C535,U137,I160,this is an interesting perspective on sports. reference 535,2026-07-15 00:52:31.785612,False,GENUINE,1,0,0,1.0,50,5,15,1,1,0,0,9.0,0,9.0,False,False
C536,U119,I93,this is worth discussing further. reference 536,2026-06-26 08:04:31.785625,False,GENUINE,1,0,0,1.0,50,4,0,1,1,0,0,7.5,0,7.5,False,False
C537,U397,I214,thanks for sharing this information. reference 537,2026-06-20 12:18:31.785639,False,GENUINE,1,0,0,1.0,50,8,15,1,1,0,0,9.0,0,9.0,False,False
C538,U392,I216,i learned something useful about food here. reference 538,2026-06-14 23:42:31.785652,False,GENUINE,1,0,0,1.0000000000000002,50,6,15,1,1,0,0,9.0,0,9.0,False,False
C539,U550,I355,i learned something useful about education here. reference 539,2026-06-28 06:20:31.785666,False,GENUINE,1,0,0,1.0,50,7,15,1,1,0,0,9.0,0,9.0,False,False
C540,U295,I71,i learned something useful about music here. reference 540,2026-07-01 18:45:31.785680,False,GENUINE,1,0,0,1.0,50,7,15,1,1,0,0,9.0,0,9.0,False,False
C541,U634,I27,this is worth discussing further. reference 541,2026-06-28 17:20:31.785693,False,GENUINE,1,0,0,1.0,50,8,15,1,1,0,0,9.0,0,9.0,False,False
C542,U139,I99,the information presented here is useful. reference 542,2026-07-05 14:12:31.785707,False,GENUINE,1,0,0,1.0,50,9,15,1,1,0,0,9.0,0,9.0,False,False
C543,U701,I251,the information presented here is useful. reference 543,2026-06-28 08:24:31.785720,False,GENUINE,1,0,0,1.0,50,5,15,1,1,0,0,9.0,0,9.0,False,False
C544,U171,I42,thanks for sharing this information. reference 544,2026-06-03 13:25:31.785735,False,GENUINE,1,0,0,1.0,50,5,15,1,1,0,0,9.0,0,9.0,False,False
C545,U225,I149,i really enjoyed this post about movies. reference 545,2026-07-22 08:48:31.785749,False,GENUINE,1,0,0,1.0,50,3,0,1,1,0,0,7.5,0,7.5,False,False
C546,U550,I147,i learned something useful about food here. reference 546,2026-06-21 08:18:31.785763,False,GENUINE,1,0,0,1.0000000000000002,50,7,15,1,1,0,0,9.0,0,9.0,False,False
C547,U760,I395,i think this could be improved. reference 547,2026-06-20 16:52:31.785778,False,GENUINE,1,0,0,1.0000000000000002,50,13,40,1,1,0,0,11.5,0,11.5,False,False
C548,U116,I137,this was a surprisingly interesting post. reference 548,2026-06-23 11:52:31.785791,False,GENUINE,1,0,0,1.0,50,9,15,1,1,0,0,9.0,0,9.0,False,False
C549,U842,I387,i really enjoyed this post about food. reference 549,2026-06-23 02:27:31.785805,False,GENUINE,1,0,0,1.0,50,4,0,1,1,0,0,7.5,0,7.5,False,False
C550,U223,I217,this is an interesting perspective on sports. reference 550,2026-07-15 17:37:31.785819,False,GENUINE,1,0,0,1.0,50,7,15,1,1,0,0,9.0,0,9.0,False,False
C551,U895,I16,i think this could be improved. reference 551,2026-07-11 02:30:31.785832,False,GENUINE,1,0,0,1.0000000000000002,50,9,15,1,1,0,0,9.0,0,9.0,False,False
C552,U882,I418,this is an interesting perspective on food. reference 552,2026-08-01 03:32:31.785846,False,GENUINE,1,0,0,1.0000000000000002,50,5,15,1,1,0,0,9.0,0,9.0,False,False
C553,U794,I415,the explanation of sports was very clear. reference 553,2026-06-05 16:38:31.785860,False,GENUINE,1,0,0,1.0,50,8,15,1,1,0,0,9.0,0,9.0,False,False
C554,U602,I352,amazing product buy now,2026-07-27 17:23:31.785873,False,GENUINE,69,50,15,1.0,50,10,40,68,2,50,0,39.5,8,47.5,False,False
C555,U630,I71,the explanation of sports was very clear. reference 555,2026-08-06 10:18:31.785887,False,GENUINE,1,0,0,1.0,50,6,15,1,1,0,0,9.0,0,9.0,False,False
C556,U583,I179,this was a surprisingly interesting post. reference 556,2026-06-18 12:07:31.785900,False,GENUINE,1,0,0,1.0,50,8,15,1,1,0,0,9.0,0,9.0,False,False
C557,U551,I86,this is worth discussing further. reference 557,2026-07-16 11:55:31.785914,False,GENUINE,1,0,0,1.0,50,5,15,1,1,0,0,9.0,0,9.0,False,False
C558,U586,I136,this was a surprisingly interesting post. reference 558,2026-07-30 11:47:31.785927,False,GENUINE,1,0,0,1.0,50,8,15,1,1,0,0,9.0,0,9.0,False,False
C559,U985,I384,the information presented here is useful. reference 559,2026-07-17 14:09:31.785940,False,GENUINE,1,0,0,1.0,50,3,0,1,1,0,0,7.5,0,7.5,False,False
C560,U887,I335,i learned something useful about education here. reference 560,2026-07-20 02:33:31.785955,False,GENUINE,1,0,0,1.0,50,5,15,1,1,0,0,9.0,0,9.0,False,False
C561,U149,I364,this is worth discussing further. reference 561,2026-06-03 12:31:31.785969,False,GENUINE,1,0,0,1.0,50,4,0,1,1,0,0,7.5,0,7.5,False,False
C562,U863,I346,the information presented here is useful. reference 562,2026-07-29 21:24:31.785982,False,GENUINE,1,0,0,1.0,50,6,15,1,1,0,0,9.0,0,9.0,False,False
C563,U591,I323,i have a different opinion about fashion. reference 563,2026-07-08 16:24:31.785997,False,GENUINE,1,0,0,1.0,50,7,15,1,1,0,0,9.0,0,9.0,False,False
C564,U462,I38,this is an interesting perspective on fashion. reference 564,2026-06-25 21:36:31.786011,False,GENUINE,1,0,0,1.0,50,10,40,1,1,0,0,11.5,0,11.5,False,False
C565,U767,I142,this is worth discussing further. reference 565,2026-06-28 09:50:31.786025,False,GENUINE,1,0,0,1.0,50,10,40,1,1,0,0,11.5,0,11.5,False,False
C566,U335,I297,i really enjoyed this post about gaming. reference 566,2026-06-06 07:14:31.786039,False,GENUINE,1,0,0,1.0,50,9,15,1,1,0,0,9.0,0,9.0,False,False
C567,U995,I234,this is worth discussing further. reference 567,2026-06-24 04:30:31.786052,False,GENUINE,1,0,0,1.0,50,10,40,1,1,0,0,11.5,0,11.5,False,False
C568,U407,I111,the information presented here is useful. reference 568,2026-06-27 19:15:31.786066,False,GENUINE,1,0,0,1.0,50,8,15,1,1,0,0,9.0,0,9.0,False,False
C569,U274,I165,i have a different opinion about music. reference 569,2026-06-23 00:21:31.786079,False,GENUINE,1,0,0,1.0,50,10,40,1,1,0,0,11.5,0,11.5,False,False
C570,U591,I66,thanks for sharing this information. reference 570,2026-07-11 13:04:31.786092,False,GENUINE,1,0,0,1.0,50,7,15,1,1,0,0,9.0,0,9.0,False,False
C571,U915,I349,i really enjoyed this post about technology. reference 571,2026-08-02 18:27:31.786106,False,GENUINE,1,0,0,1.0000000000000002,50,5,15,1,1,0,0,9.0,0,9.0,False,False
C572,U641,I401,i think this could be improved. reference 572,2026-07-31 12:34:31.786121,False,GENUINE,1,0,0,1.0000000000000002,50,2,0,1,1,0,0,7.5,0,7.5,False,False
C573,U951,I439,i learned something useful about food here. reference 573,2026-07-01 06:42:31.786135,False,GENUINE,1,0,0,1.0000000000000002,50,6,15,1,1,0,0,9.0,0,9.0,False,False
C574,U0,I490,the information presented here is useful. reference 574,2026-06-10 03:43:31.786149,False,GENUINE,1,0,0,1.0,50,5,15,1,1,0,0,9.0,0,9.0,False,False
C575,U931,I67,i have a different opinion about education. reference 575,2026-07-17 21:22:31.786163,False,GENUINE,1,0,0,1.0000000000000002,50,3,0,1,1,0,0,7.5,0,7.5,False,False
C576,U95,I335,this is worth discussing further. reference 576,2026-08-04 07:55:31.786177,False,GENUINE,1,0,0,1.0,50,9,15,1,1,0,0,9.0,0,9.0,False,False
C577,U380,I340,i learned something useful about technology here. reference 577,2026-07-06 18:09:31.786191,False,GENUINE,1,0,0,1.0,50,4,0,1,1,0,0,7.5,0,7.5,False,False
C578,U640,I156,the explanation of fashion was very clear. reference 578,2026-06-13 04:03:31.786204,False,GENUINE,1,0,0,1.0000000000000002,50,5,15,1,1,0,0,9.0,0,9.0,False,False
C579,U93,I360,this is an interesting perspective on technology. reference 579,2026-07-23 09:45:31.786220,False,GENUINE,1,0,0,1.0,50,6,15,1,1,0,0,9.0,0,9.0,False,False
C580,U488,I39,i learned something useful about sports here. reference 580,2026-06-25 13:14:31.786236,False,GENUINE,1,0,0,1.0000000000000002,50,4,0,1,1,0,0,7.5,0,7.5,False,False
C581,U696,I227,i really enjoyed this post about technology. reference 581,2026-06-09 12:25:31.786249,False,GENUINE,1,0,0,1.0000000000000002,50,7,15,1,1,0,0,9.0,0,9.0,False,False
C582,U351,I418,this is an interesting perspective on fashion. reference 582,2026-06-09 15:50:31.786263,False,GENUINE,1,0,0,1.0,50,3,0,1,1,0,0,7.5,0,7.5,False,False
C583,U135,I244,this is an interesting perspective on sports. reference 583,2026-07-07 23:09:31.786277,False,GENUINE,1,0,0,1.0,50,6,15,1,1,0,0,9.0,0,9.0,False,False
C584,U91,I374,click here for amazing deals,2026-07-14 07:27:31.786293,False,GENUINE,53,50,30,1.0000000000000002,50,9,15,53,1,40,0,36.5,8,44.5,False,False
C585,U376,I451,i have a different opinion about education. reference 585,2026-07-07 23:54:31.786306,False,GENUINE,1,0,0,1.0000000000000002,50,3,0,1,1,0,0,7.5,0,7.5,False,False
C586,U792,I416,i learned something useful about education here. reference 586,2026-08-05 14:32:31.786321,False,GENUINE,1,0,0,1.0,50,3,0,1,1,0,0,7.5,0,7.5,False,False
C587,U543,I288,i really enjoyed this post about education. reference 587,2026-07-02 18:34:31.786334,False,GENUINE,1,0,0,1.0,50,5,15,1,1,0,0,9.0,0,9.0,False,False
C588,U359,I369,the explanation of education was very clear. reference 588,2026-07-05 08:35:31.786348,False,GENUINE,1,0,0,1.0000000000000002,50,5,15,1,1,0,0,9.0,0,9.0,False,False
C589,U630,I351,i think this could be improved. reference 589,2026-08-03 22:36:31.786362,False,GENUINE,1,0,0,1.0000000000000002,50,6,15,1,1,0,0,9.0,0,9.0,False,False
C590,U918,I51,i learned something useful about gaming here. reference 590,2026-06-19 04:02:31.786375,False,GENUINE,1,0,0,1.0,50,8,15,1,1,0,0,9.0,0,9.0,False,False
C591,U747,I196,this is worth discussing further. reference 591,2026-07-14 04:56:31.786397,False,GENUINE,1,0,0,1.0,50,7,15,1,1,0,0,9.0,0,9.0,False,False
C592,U810,I71,the explanation of movies was very clear. reference 592,2026-06-14 03:47:31.786412,False,GENUINE,1,0,0,1.0,50,6,15,1,1,0,0,9.0,0,9.0,False,False
C593,U86,I127,this was a surprisingly interesting post. reference 593,2026-06-09 23:36:31.786426,False,GENUINE,1,0,0,1.0,50,13,40,1,1,0,0,11.5,0,11.5,False,False
C594,U27,I434,i have a different opinion about sports. reference 594,2026-06-25 16:56:31.786443,False,GENUINE,1,0,0,1.0,50,5,15,1,1,0,0,9.0,0,9.0,False,False
C595,U621,I260,the explanation of fashion was very clear. reference 595,2026-07-15 22:21:31.786457,False,GENUINE,1,0,0,1.0000000000000002,50,9,15,1,1,0,0,9.0,0,9.0,False,False
C596,U661,I27,the explanation of food was very clear. reference 596,2026-07-07 17:00:31.786471,False,GENUINE,1,0,0,1.0,50,9,15,1,1,0,0,9.0,0,9.0,False,False
C597,U115,I123,i think this could be improved. reference 597,2026-06-24 17:55:31.786484,False,GENUINE,1,0,0,1.0000000000000002,50,6,15,1,1,0,0,9.0,0,9.0,False,False
C598,U910,I6,this is worth discussing further. reference 598,2026-07-30 19:39:31.786498,False,GENUINE,1,0,0,1.0,50,9,15,1,1,0,0,9.0,0,9.0,False,False
C599,U396,I440,thanks for sharing this information. reference 599,2026-07-09 13:43:31.786511,False,GENUINE,1,0,0,1.0,50,5,15,1,1,0,0,9.0,0,9.0,False,False
C600,U559,I349,i learned something useful about food here. reference 600,2026-08-05 04:31:31.786525,False,GENUINE,1,0,0,1.0000000000000002,50,8,15,1,1,0,0,9.0,0,9.0,False,False
C601,U17,I300,this is an interesting perspective on technology. reference 601,2026-07-18 23:13:31.786541,False,GENUINE,1,0,0,1.0,50,6,15,1,1,0,0,9.0,0,9.0,False,False
C602,U220,I20,i really enjoyed this post about fashion. reference 602,2026-06-26 17:16:31.786555,False,GENUINE,1,0,0,1.0,50,5,15,1,1,0,0,9.0,0,9.0,False,False
C603,U293,I321,this was a surprisingly interesting post. reference 603,2026-07-04 06:40:31.786569,False,GENUINE,1,0,0,1.0,50,8,15,1,1,0,0,9.0,0,9.0,False,False
C604,U718,I205,this is an interesting perspective on education. reference 604,2026-07-17 13:50:31.786583,False,GENUINE,1,0,0,1.0,50,8,15,1,1,0,0,9.0,0,9.0,False,False
C605,U85,I158,this is an interesting perspective on sports. reference 605,2026-07-28 16:33:31.786597,False,GENUINE,1,0,0,1.0,50,7,15,1,1,0,0,9.0,0,9.0,False,False
C606,U549,I167,the information presented here is useful. reference 606,2026-07-14 14:24:31.786611,False,GENUINE,1,0,0,1.0,50,7,15,1,1,0,0,9.0,0,9.0,False,False
C607,U715,I223,the explanation of technology was very clear. reference 607,2026-07-20 13:54:31.786625,False,GENUINE,1,0,0,1.0,50,7,15,1,1,0,0,9.0,0,9.0,False,False
C608,U88,I473,the information presented here is useful. reference 608,2026-07-01 13:34:31.786638,False,GENUINE,1,0,0,1.0,50,3,0,1,1,0,0,7.5,0,7.5,False,False
C609,U626,I311,i really enjoyed this post about movies. reference 609,2026-06-12 04:54:31.786652,False,GENUINE,1,0,0,1.0,50,4,0,1,1,0,0,7.5,0,7.5,False,False
C610,U759,I336,i learned something useful about gaming here. reference 610,2026-08-10 16:18:31.786666,False,GENUINE,1,0,0,1.0,50,8,15,1,1,0,0,9.0,0,9.0,False,False
C611,U724,I70,i really enjoyed this post about education. reference 611,2026-06-27 15:33:31.786682,False,GENUINE,1,0,0,1.0,50,10,40,1,1,0,0,11.5,0,11.5,False,False
C612,U975,I177,this was a surprisingly interesting post. reference 612,2026-07-27 15:14:31.786696,False,GENUINE,1,0,0,1.0,50,6,15,1,1,0,0,9.0,0,9.0,False,False
C613,U380,I64,i have a different opinion about gaming. reference 613,2026-08-09 03:51:31.786710,False,GENUINE,1,0,0,1.0000000000000002,50,4,0,1,1,0,0,7.5,0,7.5,False,False
C614,U343,I413,the information presented here is useful. reference 614,2026-06-25 03:36:31.786724,False,GENUINE,1,0,0,1.0,50,3,0,1,1,0,0,7.5,0,7.5,False,False
C615,U65,I134,best product ever buy now,2026-06-27 16:07:31.786737,False,GENUINE,75,50,15,1.0,50,3,0,72,1,40,0,32.0,8,40.0,False,False
C616,U466,I261,this is worth discussing further. reference 616,2026-06-27 08:34:31.786751,False,GENUINE,1,0,0,1.0,50,4,0,1,1,0,0,7.5,0,7.5,False,False
C617,U879,I290,i learned something useful about music here. reference 617,2026-07-28 12:20:31.786764,False,GENUINE,1,0,0,1.0,50,8,15,1,1,0,0,9.0,0,9.0,False,False
C618,U261,I395,this is an interesting perspective on gaming. reference 618,2026-07-22 01:01:31.786778,False,GENUINE,1,0,0,1.0,50,7,15,1,1,0,0,9.0,0,9.0,False,False
C619,U758,I260,i really enjoyed this post about technology. reference 619,2026-08-10 17:08:31.786794,False,GENUINE,1,0,0,1.0000000000000002,50,5,15,1,1,0,0,9.0,0,9.0,False,False
C620,U250,I23,i think this could be improved. reference 620,2026-07-07 23:21:31.786808,False,GENUINE,1,0,0,1.0000000000000002,50,5,15,1,1,0,0,9.0,0,9.0,False,False
C621,U942,I76,i learned something useful about technology here. reference 621,2026-06-22 12:13:31.786822,False,GENUINE,1,0,0,1.0,50,8,15,1,1,0,0,9.0,0,9.0,False,False
C622,U822,I467,the information presented here is useful. reference 622,2026-07-13 12:59:31.786836,False,GENUINE,1,0,0,1.0,50,2,0,1,1,0,0,7.5,0,7.5,False,False
C623,U254,I213,this is worth discussing further. reference 623,2026-08-04 17:50:31.786850,False,GENUINE,1,0,0,1.0,50,3,0,1,1,0,0,7.5,0,7.5,False,False
C624,U585,I190,this is an interesting perspective on technology. reference 624,2026-07-26 12:11:31.786864,False,GENUINE,1,0,0,1.0,50,4,0,1,1,0,0,7.5,0,7.5,False,False
C625,U228,I411,best product ever buy now,2026-07-06 08:08:31.786877,False,GENUINE,75,50,15,1.0,50,6,15,72,1,40,0,33.5,8,41.5,False,False
C626,U70,I449,i think this could be improved. reference 626,2026-07-14 13:15:31.786891,False,GENUINE,1,0,0,1.0000000000000002,50,4,0,1,1,0,0,7.5,0,7.5,False,False
C627,U335,I44,this was a surprisingly interesting post. reference 627,2026-08-11 02:34:31.786904,False,GENUINE,1,0,0,1.0,50,9,15,1,1,0,0,9.0,0,9.0,False,False
C628,U377,I102,i have a different opinion about movies. reference 628,2026-06-05 12:21:31.786918,False,GENUINE,1,0,0,1.0000000000000004,50,4,0,1,1,0,0,7.5,0,7.5,False,False
C629,U637,I124,i think this could be improved. reference 629,2026-06-18 23:24:31.786934,False,GENUINE,1,0,0,1.0000000000000002,50,4,0,1,1,0,0,7.5,0,7.5,False,False
C630,U995,I252,the explanation of sports was very clear. reference 630,2026-07-29 03:03:31.786948,False,GENUINE,1,0,0,1.0,50,10,40,1,1,0,0,11.5,0,11.5,False,False
C631,U6,I477,the information presented here is useful. reference 631,2026-07-21 14:59:31.786962,False,GENUINE,1,0,0,1.0,50,5,15,1,1,0,0,9.0,0,9.0,False,False
C632,U554,I177,i really enjoyed this post about music. reference 632,2026-08-11 16:47:31.786976,False,GENUINE,1,0,0,0.9999999999999997,50,6,15,1,1,0,0,9.0,0,9.0,False,False
C633,U777,I336,the information presented here is useful. reference 633,2026-08-02 08:54:31.786991,False,GENUINE,1,0,0,1.0,50,5,15,1,1,0,0,9.0,0,9.0,False,False
C634,U210,I271,the explanation of fashion was very clear. reference 634,2026-06-28 01:07:31.787005,False,GENUINE,1,0,0,1.0000000000000002,50,7,15,1,1,0,0,9.0,0,9.0,False,False
C635,U984,I30,i learned something useful about movies here. reference 635,2026-08-03 08:45:31.787019,False,GENUINE,1,0,0,1.0,50,5,15,1,1,0,0,9.0,0,9.0,False,False
C636,U44,I471,the explanation of fashion was very clear. reference 636,2026-06-09 00:57:31.787034,False,GENUINE,1,0,0,1.0000000000000002,50,4,0,1,1,0,0,7.5,0,7.5,False,False
C637,U917,I190,i think this could be improved. reference 637,2026-06-19 23:16:31.787047,False,GENUINE,1,0,0,1.0000000000000002,50,5,15,1,1,0,0,9.0,0,9.0,False,False
C638,U97,I258,i learned something useful about fashion here. reference 638,2026-08-05 00:30:31.787061,False,GENUINE,1,0,0,1.0,50,4,0,1,1,0,0,7.5,0,7.5,False,False
C639,U606,I290,i really enjoyed this post about fashion. reference 639,2026-06-12 12:51:31.787075,False,GENUINE,1,0,0,1.0,50,4,0,1,1,0,0,7.5,0,7.5,False,False
C640,U987,I66,the explanation of movies was very clear. reference 640,2026-07-19 01:50:31.787089,False,GENUINE,1,0,0,1.0,50,6,15,1,1,0,0,9.0,0,9.0,False,False
C641,U871,I161,the information presented here is useful. reference 641,2026-07-13 21:10:31.787103,False,GENUINE,1,0,0,1.0,50,8,15,1,1,0,0,9.0,0,9.0,False,False
C642,U463,I139,the explanation of gaming was very clear. reference 642,2026-07-24 09:09:31.787116,False,GENUINE,1,0,0,1.0000000000000002,50,6,15,1,1,0,0,9.0,0,9.0,False,False
C643,U139,I399,thanks for sharing this information. reference 643,2026-07-28 16:29:31.787132,False,GENUINE,1,0,0,1.0,50,9,15,1,1,0,0,9.0,0,9.0,False,False
C644,U108,I84,i think this could be improved. reference 644,2026-07-14 05:58:31.787148,False,GENUINE,1,0,0,1.0000000000000002,50,7,15,1,1,0,0,9.0,0,9.0,False,False
C645,U416,I61,this was a surprisingly interesting post. reference 645,2026-07-23 22:23:31.787162,False,GENUINE,1,0,0,1.0,50,6,15,1,1,0,0,9.0,0,9.0,False,False
C646,U462,I157,i think this could be improved. reference 646,2026-07-31 22:01:31.787175,False,GENUINE,1,0,0,1.0000000000000002,50,10,40,1,1,0,0,11.5,0,11.5,False,False
C647,U92,I80,i have a different opinion about technology. reference 647,2026-07-23 06:15:31.787189,False,GENUINE,1,0,0,1.0,50,6,15,1,1,0,0,9.0,0,9.0,False,False
C648,U855,I438,this is worth discussing further. reference 648,2026-08-03 12:43:31.787206,False,GENUINE,1,0,0,1.0,50,5,15,1,1,0,0,9.0,0,9.0,False,False
C649,U728,I127,this is worth discussing further. reference 649,2026-06-26 02:18:31.787219,False,GENUINE,1,0,0,1.0,50,6,15,1,1,0,0,9.0,0,9.0,False,False
C650,U50,I346,i have a different opinion about movies. reference 650,2026-07-27 00:09:31.787233,False,GENUINE,1,0,0,1.0000000000000004,50,4,0,1,1,0,0,7.5,0,7.5,False,False
C651,U31,I487,the information presented here is useful. reference 651,2026-06-22 05:29:31.787247,False,GENUINE,1,0,0,1.0,50,5,15,1,1,0,0,9.0,0,9.0,False,False
C652,U766,I281,the explanation of gaming was very clear. reference 652,2026-06-30 18:38:31.787260,False,GENUINE,1,0,0,1.0000000000000002,50,5,15,1,1,0,0,9.0,0,9.0,False,False
C653,U104,I411,i learned something useful about gaming here. reference 653,2026-08-10 17:51:31.787274,False,GENUINE,1,0,0,1.0,50,6,15,1,1,0,0,9.0,0,9.0,False,False
C654,U63,I425,the explanation of education was very clear. reference 654,2026-07-24 19:09:31.787288,False,GENUINE,1,0,0,1.0000000000000002,50,4,0,1,1,0,0,7.5,0,7.5,False,False
C655,U843,I205,this is worth discussing further. reference 655,2026-06-19 19:52:31.787302,False,GENUINE,1,0,0,1.0,50,5,15,1,1,0,0,9.0,0,9.0,False,False
C656,U600,I132,this is an interesting perspective on technology. reference 656,2026-08-05 23:08:31.787316,False,GENUINE,1,0,0,1.0,50,6,15,1,1,0,0,9.0,0,9.0,False,False
C657,U202,I462,i think this could be improved. reference 657,2026-08-03 11:03:31.787334,False,GENUINE,1,0,0,1.0000000000000002,50,6,15,1,1,0,0,9.0,0,9.0,False,False
C658,U926,I433,this is worth discussing further. reference 658,2026-08-07 22:42:31.787350,False,GENUINE,1,0,0,1.0,50,9,15,1,1,0,0,9.0,0,9.0,False,False
C659,U964,I236,you must buy this product,2026-06-20 14:18:31.787363,False,GENUINE,51,50,0,1.0,50,6,15,51,1,40,0,30.5,8,38.5,False,False
C660,U443,I420,the information presented here is useful. reference 660,2026-08-09 03:34:31.787377,False,GENUINE,1,0,0,1.0,50,2,0,1,1,0,0,7.5,0,7.5,False,False
C661,U391,I349,the information presented here is useful. reference 661,2026-07-10 14:46:31.787390,False,GENUINE,1,0,0,1.0,50,6,15,1,1,0,0,9.0,0,9.0,False,False
C662,U219,I465,i learned something useful about movies here. reference 662,2026-07-17 08:37:31.787404,False,GENUINE,1,0,0,1.0,50,5,15,1,1,0,0,9.0,0,9.0,False,False
C663,U456,I452,i learned something useful about technology here. reference 663,2026-06-16 22:26:31.787418,False,GENUINE,1,0,0,1.0,50,5,15,1,1,0,0,9.0,0,9.0,False,False
C664,U634,I315,the explanation of movies was very clear. reference 664,2026-06-27 10:08:31.787431,False,GENUINE,1,0,0,1.0,50,8,15,1,1,0,0,9.0,0,9.0,False,False
C665,U421,I451,this was a surprisingly interesting post. reference 665,2026-08-06 06:46:31.787445,False,GENUINE,1,0,0,1.0,50,5,15,1,1,0,0,9.0,0,9.0,False,False
C666,U89,I143,the information presented here is useful. reference 666,2026-07-04 16:09:31.787458,False,GENUINE,1,0,0,1.0,50,5,15,1,1,0,0,9.0,0,9.0,False,False
C667,U204,I329,this was a surprisingly interesting post. reference 667,2026-06-15 10:04:31.787472,False,GENUINE,1,0,0,1.0,50,7,15,1,1,0,0,9.0,0,9.0,False,False
C668,U821,I278,i really enjoyed this post about fashion. reference 668,2026-06-07 21:36:31.787486,False,GENUINE,1,0,0,1.0,50,4,0,1,1,0,0,7.5,0,7.5,False,False
C669,U367,I245,this was a surprisingly interesting post. reference 669,2026-07-11 12:25:31.787499,False,GENUINE,1,0,0,1.0,50,6,15,1,1,0,0,9.0,0,9.0,False,False
C670,U934,I289,this was a surprisingly interesting post. reference 670,2026-07-07 11:33:31.787513,False,GENUINE,1,0,0,1.0,50,5,15,1,1,0,0,9.0,0,9.0,False,False
C671,U276,I92,i really enjoyed this post about music. reference 671,2026-06-18 11:33:31.787526,False,GENUINE,1,0,0,0.9999999999999997,50,5,15,1,1,0,0,9.0,0,9.0,False,False
C672,U224,I15,i have a different opinion about technology. reference 672,2026-06-29 21:34:31.787541,False,GENUINE,1,0,0,1.0,50,5,15,1,1,0,0,9.0,0,9.0,False,False
C673,U542,I183,thanks for sharing this information. reference 673,2026-07-28 07:16:31.787555,False,GENUINE,1,0,0,1.0,50,6,15,1,1,0,0,9.0,0,9.0,False,False
C674,U102,I126,the explanation of movies was very clear. reference 674,2026-06-24 06:07:31.787572,False,GENUINE,1,0,0,1.0,50,9,15,1,1,0,0,9.0,0,9.0,False,False
C675,U835,I405,i really enjoyed this post about sports. reference 675,2026-06-20 10:21:31.787586,False,GENUINE,1,0,0,1.0000000000000002,50,5,15,1,1,0,0,9.0,0,9.0,False,False
C676,U866,I408,the information presented here is useful. reference 676,2026-07-27 00:30:31.787602,False,GENUINE,1,0,0,1.0,50,8,15,1,1,0,0,9.0,0,9.0,False,False
C677,U180,I121,thanks for sharing this information. reference 677,2026-06-05 15:34:31.787616,False,GENUINE,1,0,0,1.0,50,6,15,1,1,0,0,9.0,0,9.0,False,False
C678,U714,I183,thanks for sharing this information. reference 678,2026-06-08 19:16:31.787629,False,GENUINE,1,0,0,1.0,50,6,15,1,1,0,0,9.0,0,9.0,False,False
C679,U717,I180,thanks for sharing this information. reference 679,2026-06-21 13:51:31.787642,False,GENUINE,1,0,0,1.0,50,4,0,1,1,0,0,7.5,0,7.5,False,False
C680,U971,I96,i think this could be improved. reference 680,2026-07-26 20:28:31.787656,False,GENUINE,1,0,0,1.0000000000000002,50,4,0,1,1,0,0,7.5,0,7.5,False,False
C681,U502,I19,this is an interesting perspective on technology. reference 681,2026-07-21 15:48:31.787670,False,GENUINE,1,0,0,1.0,50,8,15,1,1,0,0,9.0,0,9.0,False,False
C682,U616,I112,i really enjoyed this post about food. reference 682,2026-08-11 18:29:31.787684,False,GENUINE,1,0,0,1.0,50,5,15,1,1,0,0,9.0,0,9.0,False,False
C683,U339,I469,thanks for sharing this information. reference 683,2026-07-30 22:55:31.787697,False,GENUINE,1,0,0,1.0,50,8,15,1,1,0,0,9.0,0,9.0,False,False
C684,U348,I367,i learned something useful about music here. reference 684,2026-08-06 09:52:31.787711,False,GENUINE,1,0,0,1.0,50,7,15,1,1,0,0,9.0,0,9.0,False,False
C685,U22,I75,best product ever buy now,2026-08-01 17:40:31.787725,False,GENUINE,75,50,15,1.0,50,6,15,72,2,50,0,37.0,8,45.0,False,False
C686,U866,I269,this is worth discussing further. reference 686,2026-07-08 19:51:31.787741,False,GENUINE,1,0,0,1.0,50,8,15,1,1,0,0,9.0,0,9.0,False,False
C687,U721,I482,the information presented here is useful. reference 687,2026-07-12 04:45:31.787754,False,GENUINE,1,0,0,1.0,50,3,0,1,1,0,0,7.5,0,7.5,False,False
C688,U309,I165,i learned something useful about education here. reference 688,2026-06-06 04:08:31.787768,False,GENUINE,1,0,0,1.0,50,8,15,1,1,0,0,9.0,0,9.0,False,False
C689,U971,I223,i think this could be improved. reference 689,2026-07-26 23:25:31.787782,False,GENUINE,1,0,0,1.0000000000000002,50,4,0,1,1,0,0,7.5,0,7.5,False,False
C690,U724,I495,this was a surprisingly interesting post. reference 690,2026-07-22 12:18:31.787795,False,GENUINE,1,0,0,1.0,50,10,40,1,1,0,0,11.5,0,11.5,False,False
C691,U681,I301,i learned something useful about fashion here. reference 691,2026-07-14 21:43:31.787809,False,GENUINE,1,0,0,1.0,50,7,15,1,1,0,0,9.0,0,9.0,False,False
C692,U751,I352,amazing product buy now,2026-07-26 15:46:31.787823,False,GENUINE,69,50,15,1.0,50,5,15,68,2,50,0,37.0,8,45.0,False,False
C693,U746,I0,amazing product buy now,2026-06-21 04:17:31.787839,False,GENUINE,69,50,15,1.0,50,3,0,68,2,50,0,35.5,8,43.5,False,False
C694,U33,I93,thanks for sharing this information. reference 694,2026-06-17 04:24:31.787853,False,GENUINE,1,0,0,1.0,50,7,15,1,1,0,0,9.0,0,9.0,False,False
C695,U226,I327,thanks for sharing this information. reference 695,2026-06-27 16:03:31.787867,False,GENUINE,1,0,0,1.0,50,5,15,1,1,0,0,9.0,0,9.0,False,False
C696,U144,I169,this is an interesting perspective on sports. reference 696,2026-07-11 06:21:31.787881,False,GENUINE,1,0,0,1.0,50,11,40,1,1,0,0,11.5,0,11.5,False,False
C697,U327,I85,this is an interesting perspective on music. reference 697,2026-07-02 04:18:31.787896,False,GENUINE,1,0,0,1.0,50,4,0,1,1,0,0,7.5,0,7.5,False,False
C698,U11,I135,the explanation of sports was very clear. reference 698,2026-06-09 17:43:31.787909,False,GENUINE,1,0,0,1.0,50,1,0,1,1,0,0,7.5,0,7.5,False,False
C699,U69,I179,i have a different opinion about gaming. reference 699,2026-06-07 06:12:31.787923,False,GENUINE,1,0,0,1.0000000000000002,50,6,15,1,1,0,0,9.0,0,9.0,False,False
C700,U1,I24,the information presented here is useful. reference 700,2026-06-06 03:37:31.787936,False,GENUINE,1,0,0,1.0,50,2,0,1,1,0,0,7.5,0,7.5,False,False
C701,U429,I496,i learned something useful about fashion here. reference 701,2026-06-27 22:49:31.787950,False,GENUINE,1,0,0,1.0,50,6,15,1,1,0,0,9.0,0,9.0,False,False
C702,U902,I193,this is worth discussing further. reference 702,2026-08-02 14:24:31.787964,False,GENUINE,1,0,0,1.0,50,6,15,1,1,0,0,9.0,0,9.0,False,False
C703,U848,I245,thanks for sharing this information. reference 703,2026-07-28 00:39:31.787977,False,GENUINE,1,0,0,1.0,50,4,0,1,1,0,0,7.5,0,7.5,False,False
C704,U462,I37,i really enjoyed this post about movies. reference 704,2026-08-10 00:07:31.787993,False,GENUINE,1,0,0,1.0,50,10,40,1,1,0,0,11.5,0,11.5,False,False
C705,U326,I133,this is an interesting perspective on gaming. reference 705,2026-07-11 17:17:31.788007,False,GENUINE,1,0,0,1.0,50,4,0,1,1,0,0,7.5,0,7.5,False,False
C706,U174,I454,the information presented here is useful. reference 706,2026-06-06 04:56:31.788022,False,GENUINE,1,0,0,1.0,50,6,15,1,1,0,0,9.0,0,9.0,False,False
C707,U76,I280,this is an interesting perspective on music. reference 707,2026-06-18 18:18:31.788036,False,GENUINE,1,0,0,1.0,50,3,0,1,1,0,0,7.5,0,7.5,False,False
C708,U628,I457,i think this could be improved. reference 708,2026-07-03 13:44:31.788051,False,GENUINE,1,0,0,1.0000000000000002,50,4,0,1,1,0,0,7.5,0,7.5,False,False
C709,U965,I334,i learned something useful about fashion here. reference 709,2026-07-28 12:47:31.788065,False,GENUINE,1,0,0,1.0,50,2,0,1,1,0,0,7.5,0,7.5,False,False
C710,U54,I51,this is worth discussing further. reference 710,2026-07-25 12:57:31.788079,False,GENUINE,1,0,0,1.0,50,7,15,1,1,0,0,9.0,0,9.0,False,False
C711,U419,I356,this was a surprisingly interesting post. reference 711,2026-06-12 16:53:31.788092,False,GENUINE,1,0,0,1.0,50,3,0,1,1,0,0,7.5,0,7.5,False,False
C712,U288,I152,the explanation of gaming was very clear. reference 712,2026-08-07 07:33:31.788106,False,GENUINE,1,0,0,1.0000000000000002,50,5,15,1,1,0,0,9.0,0,9.0,False,False
C713,U402,I292,this was a surprisingly interesting post. reference 713,2026-07-28 20:27:31.788119,False,GENUINE,1,0,0,1.0,50,7,15,1,1,0,0,9.0,0,9.0,False,False
C714,U55,I184,i really enjoyed this post about fashion. reference 714,2026-08-03 20:33:31.788134,False,GENUINE,1,0,0,1.0,50,5,15,1,1,0,0,9.0,0,9.0,False,False
C715,U301,I421,thanks for sharing this information. reference 715,2026-07-24 15:47:31.788148,False,GENUINE,1,0,0,1.0,50,4,0,1,1,0,0,7.5,0,7.5,False,False
C716,U99,I13,the explanation of education was very clear. reference 716,2026-06-14 17:50:31.788164,False,GENUINE,1,0,0,1.0000000000000002,50,6,15,1,1,0,0,9.0,0,9.0,False,False
C717,U298,I41,i think this could be improved. reference 717,2026-07-14 18:22:31.788178,False,GENUINE,1,0,0,1.0000000000000002,50,8,15,1,1,0,0,9.0,0,9.0,False,False
C718,U803,I203,i think this could be improved. reference 718,2026-06-12 15:55:31.788191,False,GENUINE,1,0,0,1.0000000000000002,50,6,15,1,1,0,0,9.0,0,9.0,False,False
C719,U271,I46,this was a surprisingly interesting post. reference 719,2026-07-26 00:06:31.788205,False,GENUINE,1,0,0,1.0,50,5,15,1,1,0,0,9.0,0,9.0,False,False
C720,U379,I453,the information presented here is useful. reference 720,2026-07-25 20:23:31.788218,False,GENUINE,1,0,0,1.0,50,7,15,1,1,0,0,9.0,0,9.0,False,False
C721,U456,I22,i have a different opinion about food. reference 721,2026-06-30 12:02:31.788232,False,GENUINE,1,0,0,1.0,50,5,15,1,1,0,0,9.0,0,9.0,False,False
C722,U269,I115,i have a different opinion about technology. reference 722,2026-07-29 01:50:31.788246,False,GENUINE,1,0,0,1.0,50,8,15,1,1,0,0,9.0,0,9.0,False,False
C723,U770,I356,this is an interesting perspective on gaming. reference 723,2026-06-12 00:24:31.788260,False,GENUINE,1,0,0,1.0,50,3,0,1,1,0,0,7.5,0,7.5,False,False
C724,U352,I413,this was a surprisingly interesting post. reference 724,2026-06-03 23:28:31.788273,False,GENUINE,1,0,0,1.0,50,7,15,1,1,0,0,9.0,0,9.0,False,False
C725,U603,I116,this was a surprisingly interesting post. reference 725,2026-07-07 14:20:31.788287,False,GENUINE,1,0,0,1.0,50,6,15,1,1,0,0,9.0,0,9.0,False,False
C726,U838,I267,the information presented here is useful. reference 726,2026-06-20 16:52:31.788300,False,GENUINE,1,0,0,1.0,50,3,0,1,1,0,0,7.5,0,7.5,False,False
C727,U902,I120,i think this could be improved. reference 727,2026-08-04 15:30:31.788314,False,GENUINE,1,0,0,1.0000000000000002,50,6,15,1,1,0,0,9.0,0,9.0,False,False
C728,U404,I462,i really enjoyed this post about education. reference 728,2026-07-31 21:13:31.788328,False,GENUINE,1,0,0,1.0,50,7,15,1,1,0,0,9.0,0,9.0,False,False
C729,U972,I387,i think this could be improved. reference 729,2026-07-27 14:48:31.788341,False,GENUINE,1,0,0,1.0000000000000002,50,7,15,1,1,0,0,9.0,0,9.0,False,False
C730,U995,I108,the explanation of education was very clear. reference 730,2026-08-07 22:45:31.788355,False,GENUINE,1,0,0,1.0000000000000002,50,10,40,1,1,0,0,11.5,0,11.5,False,False
C731,U433,I40,the information presented here is useful. reference 731,2026-06-15 17:47:31.788368,False,GENUINE,1,0,0,1.0,50,7,15,1,1,0,0,9.0,0,9.0,False,False
C732,U151,I427,thanks for sharing this information. reference 732,2026-07-13 17:28:31.788384,False,GENUINE,1,0,0,1.0,50,8,15,1,1,0,0,9.0,0,9.0,False,False
C733,U932,I372,this is an interesting perspective on gaming. reference 733,2026-07-07 12:10:31.788405,False,GENUINE,1,0,0,1.0,50,3,0,1,1,0,0,7.5,0,7.5,False,False
C734,U569,I203,this was a surprisingly interesting post. reference 734,2026-07-17 16:36:31.788418,False,GENUINE,1,0,0,1.0,50,7,15,1,1,0,0,9.0,0,9.0,False,False
C735,U532,I234,i really enjoyed this post about fashion. reference 735,2026-08-01 14:10:31.788433,False,GENUINE,1,0,0,1.0,50,3,0,1,1,0,0,7.5,0,7.5,False,False
C736,U424,I76,i learned something useful about gaming here. reference 736,2026-08-02 05:13:31.788447,False,GENUINE,1,0,0,1.0,50,5,15,1,1,0,0,9.0,0,9.0,False,False
C737,U576,I399,this is an interesting perspective on movies. reference 737,2026-06-24 01:52:31.788462,False,GENUINE,1,0,0,1.0,50,4,0,1,1,0,0,7.5,0,7.5,False,False
C738,U901,I176,the information presented here is useful. reference 738,2026-07-07 23:12:31.788477,False,GENUINE,1,0,0,1.0,50,9,15,1,1,0,0,9.0,0,9.0,False,False
C739,U670,I248,thanks for sharing this information. reference 739,2026-08-08 10:08:31.788491,False,GENUINE,1,0,0,1.0,50,5,15,1,1,0,0,9.0,0,9.0,False,False
C740,U176,I141,the information presented here is useful. reference 740,2026-06-16 13:24:31.788504,False,GENUINE,1,0,0,1.0,50,4,0,1,1,0,0,7.5,0,7.5,False,False
C741,U623,I348,the information presented here is useful. reference 741,2026-07-06 19:21:31.788517,False,GENUINE,1,0,0,1.0,50,11,40,1,1,0,0,11.5,0,11.5,False,False
C742,U910,I450,this is worth discussing further. reference 742,2026-08-07 08:18:31.788532,False,GENUINE,1,0,0,1.0,50,9,15,1,1,0,0,9.0,0,9.0,False,False
C743,U763,I243,i have a different opinion about music. reference 743,2026-08-09 23:47:31.788546,False,GENUINE,1,0,0,1.0,50,9,15,1,1,0,0,9.0,0,9.0,False,False
C744,U345,I418,you must buy this product,2026-07-17 07:33:31.788559,False,GENUINE,51,50,0,1.0,50,11,40,51,1,40,0,33.0,8,41.0,False,False
C745,U863,I251,this is an interesting perspective on sports. reference 745,2026-07-30 14:24:31.788573,False,GENUINE,1,0,0,1.0,50,6,15,1,1,0,0,9.0,0,9.0,False,False
C746,U307,I498,i think this could be improved. reference 746,2026-07-18 07:25:31.788587,False,GENUINE,1,0,0,1.0000000000000002,50,7,15,1,1,0,0,9.0,0,9.0,False,False
C747,U746,I213,thanks for sharing this information. reference 747,2026-07-25 17:25:31.788600,False,GENUINE,1,0,0,1.0,50,3,0,1,1,0,0,7.5,0,7.5,False,False
C748,U452,I108,the information presented here is useful. reference 748,2026-06-03 16:50:31.788613,False,GENUINE,1,0,0,1.0,50,7,15,1,1,0,0,9.0,0,9.0,False,False
C749,U528,I444,this is worth discussing further. reference 749,2026-06-25 22:21:31.788627,False,GENUINE,1,0,0,1.0,50,4,0,1,1,0,0,7.5,0,7.5,False,False
C750,U810,I81,this is an interesting perspective on movies. reference 750,2026-06-08 05:54:31.788640,False,GENUINE,1,0,0,1.0,50,6,15,1,1,0,0,9.0,0,9.0,False,False
C751,U518,I206,i learned something useful about technology here. reference 751,2026-07-27 00:26:31.788654,False,GENUINE,1,0,0,1.0,50,3,0,1,1,0,0,7.5,0,7.5,False,False
C752,U197,I448,the explanation of technology was very clear. reference 752,2026-07-20 02:57:31.788668,False,GENUINE,1,0,0,1.0,50,5,15,1,1,0,0,9.0,0,9.0,False,False
C753,U33,I233,i really enjoyed this post about music. reference 753,2026-06-08 16:41:31.788681,False,GENUINE,1,0,0,0.9999999999999997,50,7,15,1,1,0,0,9.0,0,9.0,False,False
C754,U203,I140,this is worth discussing further. reference 754,2026-06-26 20:31:31.788695,False,GENUINE,1,0,0,1.0,50,6,15,1,1,0,0,9.0,0,9.0,False,False
C755,U406,I325,this is an interesting perspective on technology. reference 755,2026-07-20 19:27:31.788708,False,GENUINE,1,0,0,1.0,50,6,15,1,1,0,0,9.0,0,9.0,False,False
C756,U381,I250,thanks for sharing this information. reference 756,2026-07-26 16:02:31.788721,False,GENUINE,1,0,0,1.0,50,9,15,1,1,0,0,9.0,0,9.0,False,False
C757,U983,I445,i think this could be improved. reference 757,2026-07-11 11:57:31.788735,False,GENUINE,1,0,0,1.0000000000000002,50,7,15,1,1,0,0,9.0,0,9.0,False,False
C758,U167,I428,i have a different opinion about gaming. reference 758,2026-07-16 21:14:31.788748,False,GENUINE,1,0,0,1.0000000000000002,50,5,15,1,1,0,0,9.0,0,9.0,False,False
C759,U28,I197,i really enjoyed this post about education. reference 759,2026-06-20 17:51:31.788762,False,GENUINE,1,0,0,1.0,50,5,15,1,1,0,0,9.0,0,9.0,False,False
C760,U798,I494,the explanation of sports was very clear. reference 760,2026-06-13 21:45:31.788776,False,GENUINE,1,0,0,1.0,50,10,40,1,1,0,0,11.5,0,11.5,False,False
C761,U230,I346,the explanation of movies was very clear. reference 761,2026-06-13 12:34:31.788792,False,GENUINE,1,0,0,1.0,50,5,15,1,1,0,0,9.0,0,9.0,False,False
C762,U419,I262,i really enjoyed this post about technology. reference 762,2026-06-29 16:18:31.788807,False,GENUINE,1,0,0,1.0000000000000002,50,3,0,1,1,0,0,7.5,0,7.5,False,False
C763,U933,I67,i learned something useful about technology here. reference 763,2026-07-22 11:09:31.788821,False,GENUINE,1,0,0,1.0,50,5,15,1,1,0,0,9.0,0,9.0,False,False
C764,U258,I311,i have a different opinion about movies. reference 764,2026-07-04 06:09:31.788835,False,GENUINE,1,0,0,1.0000000000000004,50,6,15,1,1,0,0,9.0,0,9.0,False,False
C765,U916,I192,this is worth discussing further. reference 765,2026-07-19 21:29:31.788848,False,GENUINE,1,0,0,1.0,50,8,15,1,1,0,0,9.0,0,9.0,False,False
C766,U223,I238,i have a different opinion about fashion. reference 766,2026-06-19 15:09:31.788863,False,GENUINE,1,0,0,1.0,50,7,15,1,1,0,0,9.0,0,9.0,False,False
C767,U104,I3,this was a surprisingly interesting post. reference 767,2026-06-21 17:27:31.788877,False,GENUINE,1,0,0,1.0,50,6,15,1,1,0,0,9.0,0,9.0,False,False
C768,U662,I304,thanks for sharing this information. reference 768,2026-07-15 15:57:31.788890,False,GENUINE,1,0,0,1.0,50,4,0,1,1,0,0,7.5,0,7.5,False,False
C769,U700,I55,i think this could be improved. reference 769,2026-07-12 05:21:31.788903,False,GENUINE,1,0,0,1.0000000000000002,50,6,15,1,1,0,0,9.0,0,9.0,False,False
C770,U283,I327,this is worth discussing further. reference 770,2026-07-19 01:29:31.788919,False,GENUINE,1,0,0,1.0,50,3,0,1,1,0,0,7.5,0,7.5,False,False
C771,U671,I364,i have a different opinion about sports. reference 771,2026-07-29 04:27:31.788936,False,GENUINE,1,0,0,1.0,50,4,0,1,1,0,0,7.5,0,7.5,False,False
C772,U529,I391,the explanation of technology was very clear. reference 772,2026-06-18 05:11:31.788952,False,GENUINE,1,0,0,1.0,50,6,15,1,1,0,0,9.0,0,9.0,False,False
C773,U413,I338,this is worth discussing further. reference 773,2026-06-07 04:18:31.788966,False,GENUINE,1,0,0,1.0,50,5,15,1,1,0,0,9.0,0,9.0,False,False
C774,U26,I335,i think this could be improved. reference 774,2026-07-19 05:15:31.788979,False,GENUINE,1,0,0,1.0000000000000002,50,5,15,1,1,0,0,9.0,0,9.0,False,False
C775,U928,I214,the information presented here is useful. reference 775,2026-06-05 18:34:31.788994,False,GENUINE,1,0,0,1.0,50,3,0,1,1,0,0,7.5,0,7.5,False,False
C776,U36,I298,thanks for sharing this information. reference 776,2026-07-11 14:19:31.789008,False,GENUINE,1,0,0,1.0,50,10,40,1,1,0,0,11.5,0,11.5,False,False
C777,U743,I365,the explanation of food was very clear. reference 777,2026-06-11 16:15:31.789022,False,GENUINE,1,0,0,1.0,50,5,15,1,1,0,0,9.0,0,9.0,False,False
C778,U367,I259,i have a different opinion about education. reference 778,2026-06-12 23:24:31.789036,False,GENUINE,1,0,0,1.0000000000000002,50,6,15,1,1,0,0,9.0,0,9.0,False,False
C779,U897,I285,i learned something useful about movies here. reference 779,2026-08-02 22:45:31.789049,False,GENUINE,1,0,0,1.0,50,5,15,1,1,0,0,9.0,0,9.0,False,False
C780,U482,I65,i have a different opinion about education. reference 780,2026-06-10 23:07:31.789063,False,GENUINE,1,0,0,1.0000000000000002,50,5,15,1,1,0,0,9.0,0,9.0,False,False
C781,U921,I171,this is an interesting perspective on sports. reference 781,2026-07-10 11:51:31.789077,False,GENUINE,1,0,0,1.0,50,7,15,1,1,0,0,9.0,0,9.0,False,False
C782,U228,I381,i have a different opinion about fashion. reference 782,2026-07-12 16:12:31.789091,False,GENUINE,1,0,0,1.0,50,6,15,1,1,0,0,9.0,0,9.0,False,False
C783,U380,I133,thanks for sharing this information. reference 783,2026-06-30 14:52:31.789104,False,GENUINE,1,0,0,1.0,50,4,0,1,1,0,0,7.5,0,7.5,False,False
C784,U871,I60,i think this could be improved. reference 784,2026-06-15 02:07:31.789117,False,GENUINE,1,0,0,1.0000000000000002,50,8,15,1,1,0,0,9.0,0,9.0,False,False
C785,U597,I297,thanks for sharing this information. reference 785,2026-06-29 20:24:31.789131,False,GENUINE,1,0,0,1.0,50,4,0,1,1,0,0,7.5,0,7.5,False,False
C786,U910,I99,this was a surprisingly interesting post. reference 786,2026-06-10 20:58:31.789144,False,GENUINE,1,0,0,1.0,50,9,15,1,1,0,0,9.0,0,9.0,False,False
C787,U390,I271,i have a different opinion about fashion. reference 787,2026-08-06 21:52:31.789158,False,GENUINE,1,0,0,1.0,50,6,15,1,1,0,0,9.0,0,9.0,False,False
C788,U891,I437,i learned something useful about education here. reference 788,2026-07-24 14:25:31.789171,False,GENUINE,1,0,0,1.0,50,6,15,1,1,0,0,9.0,0,9.0,False,False
C789,U350,I209,thanks for sharing this information. reference 789,2026-07-29 19:06:31.789187,False,GENUINE,1,0,0,1.0,50,3,0,1,1,0,0,7.5,0,7.5,False,False
C790,U323,I441,i learned something useful about gaming here. reference 790,2026-06-28 10:50:31.789200,False,GENUINE,1,0,0,1.0,50,4,0,1,1,0,0,7.5,0,7.5,False,False
C791,U340,I323,i learned something useful about music here. reference 791,2026-06-15 01:53:31.789214,False,GENUINE,1,0,0,1.0,50,5,15,1,1,0,0,9.0,0,9.0,False,False
C792,U59,I2,i think this could be improved. reference 792,2026-07-23 18:34:31.789227,False,GENUINE,1,0,0,1.0000000000000002,50,6,15,1,1,0,0,9.0,0,9.0,False,False
C793,U779,I396,i learned something useful about education here. reference 793,2026-06-28 06:29:31.789241,False,GENUINE,1,0,0,1.0,50,5,15,1,1,0,0,9.0,0,9.0,False,False
C794,U804,I390,this is an interesting perspective on education. reference 794,2026-06-16 21:37:31.789255,False,GENUINE,1,0,0,1.0,50,5,15,1,1,0,0,9.0,0,9.0,False,False
C795,U444,I324,best product ever buy now,2026-07-03 18:45:31.789268,False,GENUINE,75,50,15,1.0,50,7,15,72,1,40,0,33.5,8,41.5,False,False
C796,U988,I244,the information presented here is useful. reference 796,2026-08-08 09:34:31.789282,False,GENUINE,1,0,0,1.0,50,1,0,1,1,0,0,7.5,0,7.5,False,False
C797,U546,I102,this is worth discussing further. reference 797,2026-07-13 12:05:31.789295,False,GENUINE,1,0,0,1.0,50,7,15,1,1,0,0,9.0,0,9.0,False,False
C798,U775,I426,this was a surprisingly interesting post. reference 798,2026-08-10 04:50:31.789308,False,GENUINE,1,0,0,1.0,50,7,15,1,1,0,0,9.0,0,9.0,False,False
C799,U692,I2,the explanation of sports was very clear. reference 799,2026-06-09 16:57:31.789323,False,GENUINE,1,0,0,1.0,50,2,0,1,1,0,0,7.5,0,7.5,False,False
C800,U898,I176,i have a different opinion about education. reference 800,2026-08-02 11:36:31.789337,False,GENUINE,1,0,0,1.0000000000000002,50,3,0,1,1,0,0,7.5,0,7.5,False,False
C801,U392,I257,thanks for sharing this information. reference 801,2026-07-27 15:07:31.789352,False,GENUINE,1,0,0,1.0,50,6,15,1,1,0,0,9.0,0,9.0,False,False
C802,U66,I421,i really enjoyed this post about movies. reference 802,2026-07-16 08:39:31.789366,False,GENUINE,1,0,0,1.0,50,6,15,1,1,0,0,9.0,0,9.0,False,False
C803,U466,I372,this was a surprisingly interesting post. reference 803,2026-07-03 08:37:31.789380,False,GENUINE,1,0,0,1.0,50,4,0,1,1,0,0,7.5,0,7.5,False,False
C804,U909,I351,i learned something useful about music here. reference 804,2026-06-28 05:10:31.789394,False,GENUINE,1,0,0,1.0,50,5,15,1,1,0,0,9.0,0,9.0,False,False
C805,U367,I384,the explanation of education was very clear. reference 805,2026-07-06 02:45:31.789407,False,GENUINE,1,0,0,1.0000000000000002,50,6,15,1,1,0,0,9.0,0,9.0,False,False
C806,U19,I116,the explanation of education was very clear. reference 806,2026-07-23 14:37:31.789421,False,GENUINE,1,0,0,1.0000000000000002,50,7,15,1,1,0,0,9.0,0,9.0,False,False
C807,U751,I11,thanks for sharing this information. reference 807,2026-07-31 14:55:31.789435,False,GENUINE,1,0,0,1.0,50,5,15,1,1,0,0,9.0,0,9.0,False,False
C808,U375,I364,i really enjoyed this post about fashion. reference 808,2026-06-14 13:10:31.789449,False,GENUINE,1,0,0,1.0,50,6,15,1,1,0,0,9.0,0,9.0,False,False
C809,U261,I394,this was a surprisingly interesting post. reference 809,2026-06-18 18:32:31.789462,False,GENUINE,1,0,0,1.0,50,7,15,1,1,0,0,9.0,0,9.0,False,False
C810,U49,I338,this is an interesting perspective on technology. reference 810,2026-08-07 10:36:31.789476,False,GENUINE,1,0,0,1.0,50,3,0,1,1,0,0,7.5,0,7.5,False,False
C811,U706,I59,the information presented here is useful. reference 811,2026-07-08 05:18:31.789491,False,GENUINE,1,0,0,1.0,50,5,15,1,1,0,0,9.0,0,9.0,False,False
C812,U126,I280,i have a different opinion about food. reference 812,2026-06-08 22:43:31.789505,False,GENUINE,1,0,0,1.0,50,3,0,1,1,0,0,7.5,0,7.5,False,False
C813,U156,I105,i really enjoyed this post about movies. reference 813,2026-07-04 12:34:31.789519,False,GENUINE,1,0,0,1.0,50,9,15,1,1,0,0,9.0,0,9.0,False,False
C814,U677,I51,this was a surprisingly interesting post. reference 814,2026-06-16 03:27:31.789532,False,GENUINE,1,0,0,1.0,50,7,15,1,1,0,0,9.0,0,9.0,False,False
C815,U620,I358,i learned something useful about fashion here. reference 815,2026-08-02 06:47:31.789545,False,GENUINE,1,0,0,1.0,50,8,15,1,1,0,0,9.0,0,9.0,False,False
C816,U523,I368,best product ever buy now,2026-07-17 02:24:31.789559,False,GENUINE,75,50,15,1.0,50,8,15,72,1,40,0,33.5,8,41.5,False,False
C817,U116,I401,this is an interesting perspective on food. reference 817,2026-07-24 18:01:31.789574,False,GENUINE,1,0,0,1.0000000000000002,50,9,15,1,1,0,0,9.0,0,9.0,False,False
C818,U623,I102,i have a different opinion about sports. reference 818,2026-07-10 06:05:31.789589,False,GENUINE,1,0,0,1.0,50,11,40,1,1,0,0,11.5,0,11.5,False,False
C819,U720,I209,i have a different opinion about education. reference 819,2026-08-08 05:54:31.789602,False,GENUINE,1,0,0,1.0000000000000002,50,6,15,1,1,0,0,9.0,0,9.0,False,False
C820,U561,I254,the explanation of food was very clear. reference 820,2026-07-12 17:46:31.789616,False,GENUINE,1,0,0,1.0,50,6,15,1,1,0,0,9.0,0,9.0,False,False
C821,U240,I1,i really enjoyed this post about gaming. reference 821,2026-08-01 18:44:31.789630,False,GENUINE,1,0,0,1.0,50,5,15,1,1,0,0,9.0,0,9.0,False,False
C822,U855,I293,i think this could be improved. reference 822,2026-08-03 15:11:31.789643,False,GENUINE,1,0,0,1.0000000000000002,50,5,15,1,1,0,0,9.0,0,9.0,False,False
C823,U798,I261,this is an interesting perspective on gaming. reference 823,2026-07-19 12:58:31.789657,False,GENUINE,1,0,0,1.0,50,10,40,1,1,0,0,11.5,0,11.5,False,False
C824,U659,I118,i think this could be improved. reference 824,2026-07-18 18:59:31.789671,False,GENUINE,1,0,0,1.0000000000000002,50,3,0,1,1,0,0,7.5,0,7.5,False,False
C825,U475,I25,this is an interesting perspective on education. reference 825,2026-08-08 05:48:31.789684,False,GENUINE,1,0,0,1.0,50,5,15,1,1,0,0,9.0,0,9.0,False,False
C826,U872,I148,this is worth discussing further. reference 826,2026-07-04 01:22:31.789698,False,GENUINE,1,0,0,1.0,50,10,40,1,1,0,0,11.5,0,11.5,False,False
C827,U756,I59,this is an interesting perspective on technology. reference 827,2026-08-10 22:51:31.789712,False,GENUINE,1,0,0,1.0,50,6,15,1,1,0,0,9.0,0,9.0,False,False
C828,U872,I70,i learned something useful about music here. reference 828,2026-07-10 06:57:31.789729,False,GENUINE,1,0,0,1.0,50,10,40,1,1,0,0,11.5,0,11.5,False,False
C829,U915,I224,thanks for sharing this information. reference 829,2026-06-06 02:34:31.789742,False,GENUINE,1,0,0,1.0,50,5,15,1,1,0,0,9.0,0,9.0,False,False
C830,U95,I190,this is worth discussing further. reference 830,2026-08-01 11:18:31.789756,False,GENUINE,1,0,0,1.0,50,9,15,1,1,0,0,9.0,0,9.0,False,False
C831,U410,I204,i think this could be improved. reference 831,2026-07-07 17:22:31.789769,False,GENUINE,1,0,0,1.0000000000000002,50,5,15,1,1,0,0,9.0,0,9.0,False,False
C832,U706,I435,you must buy this product,2026-06-13 18:33:31.789782,False,GENUINE,51,50,0,1.0,50,5,15,51,1,40,0,30.5,8,38.5,False,False
C833,U907,I408,i learned something useful about gaming here. reference 833,2026-07-30 18:30:31.789798,False,GENUINE,1,0,0,1.0,50,3,0,1,1,0,0,7.5,0,7.5,False,False
C834,U712,I371,i really enjoyed this post about education. reference 834,2026-08-02 09:25:31.789812,False,GENUINE,1,0,0,1.0,50,9,15,1,1,0,0,9.0,0,9.0,False,False
C835,U426,I466,thanks for sharing this information. reference 835,2026-06-21 01:06:31.789828,False,GENUINE,1,0,0,1.0,50,5,15,1,1,0,0,9.0,0,9.0,False,False
C836,U694,I224,i learned something useful about fashion here. reference 836,2026-07-10 04:36:31.789842,False,GENUINE,1,0,0,1.0,50,7,15,1,1,0,0,9.0,0,9.0,False,False
C837,U626,I14,i learned something useful about food here. reference 837,2026-06-28 09:39:31.789856,False,GENUINE,1,0,0,1.0000000000000002,50,4,0,1,1,0,0,7.5,0,7.5,False,False
C838,U115,I454,the information presented here is useful. reference 838,2026-08-07 15:33:31.789870,False,GENUINE,1,0,0,1.0,50,6,15,1,1,0,0,9.0,0,9.0,False,False
C839,U64,I133,this is worth discussing further. reference 839,2026-06-08 16:49:31.789883,False,GENUINE,1,0,0,1.0,50,7,15,1,1,0,0,9.0,0,9.0,False,False
C840,U889,I347,this was a surprisingly interesting post. reference 840,2026-06-11 20:41:31.789897,False,GENUINE,1,0,0,1.0,50,3,0,1,1,0,0,7.5,0,7.5,False,False
C841,U894,I173,this was a surprisingly interesting post. reference 841,2026-07-03 10:24:31.789912,False,GENUINE,1,0,0,1.0,50,6,15,1,1,0,0,9.0,0,9.0,False,False
C842,U677,I372,the explanation of food was very clear. reference 842,2026-07-11 08:40:31.789927,False,GENUINE,1,0,0,1.0,50,7,15,1,1,0,0,9.0,0,9.0,False,False
C843,U679,I346,the information presented here is useful. reference 843,2026-06-22 00:15:31.789941,False,GENUINE,1,0,0,1.0,50,4,0,1,1,0,0,7.5,0,7.5,False,False
C844,U913,I313,i really enjoyed this post about technology. reference 844,2026-06-14 06:27:31.789954,False,GENUINE,1,0,0,1.0000000000000002,50,5,15,1,1,0,0,9.0,0,9.0,False,False
C845,U956,I80,this was a surprisingly interesting post. reference 845,2026-06-27 16:48:31.789970,False,GENUINE,1,0,0,1.0,50,5,15,1,1,0,0,9.0,0,9.0,False,False
C846,U890,I84,this is an interesting perspective on food. reference 846,2026-07-13 15:32:31.789984,False,GENUINE,1,0,0,1.0000000000000002,50,6,15,1,1,0,0,9.0,0,9.0,False,False
C847,U246,I169,i have a different opinion about technology. reference 847,2026-06-26 16:34:31.789998,False,GENUINE,1,0,0,1.0,50,6,15,1,1,0,0,9.0,0,9.0,False,False
C848,U228,I281,the information presented here is useful. reference 848,2026-07-21 10:37:31.790011,False,GENUINE,1,0,0,1.0,50,6,15,1,1,0,0,9.0,0,9.0,False,False
C849,U80,I235,i think this could be improved. reference 849,2026-08-03 19:42:31.790025,False,GENUINE,1,0,0,1.0000000000000002,50,11,40,1,1,0,0,11.5,0,11.5,False,False
C850,U877,I255,i think this could be improved. reference 850,2026-08-01 00:39:31.790038,False,GENUINE,1,0,0,1.0000000000000002,50,8,15,1,1,0,0,9.0,0,9.0,False,False
C851,U509,I381,i really enjoyed this post about gaming. reference 851,2026-07-06 02:39:31.790052,False,GENUINE,1,0,0,1.0,50,10,40,1,1,0,0,11.5,0,11.5,False,False
C852,U422,I18,this was a surprisingly interesting post. reference 852,2026-08-03 13:25:31.790065,False,GENUINE,1,0,0,1.0,50,10,40,1,1,0,0,11.5,0,11.5,False,False
C853,U810,I309,thanks for sharing this information. reference 853,2026-06-26 13:30:31.790079,False,GENUINE,1,0,0,1.0,50,6,15,1,1,0,0,9.0,0,9.0,False,False
C854,U575,I105,i think this could be improved. reference 854,2026-07-09 18:14:31.790093,False,GENUINE,1,0,0,1.0000000000000002,50,6,15,1,1,0,0,9.0,0,9.0,False,False
C855,U845,I27,the explanation of food was very clear. reference 855,2026-07-12 14:46:31.790107,False,GENUINE,1,0,0,1.0,50,3,0,1,1,0,0,7.5,0,7.5,False,False
C856,U573,I392,thanks for sharing this information. reference 856,2026-06-07 14:25:31.790123,False,GENUINE,1,0,0,1.0,50,10,40,1,1,0,0,11.5,0,11.5,False,False
C857,U672,I186,i think this could be improved. reference 857,2026-08-02 23:07:31.790136,False,GENUINE,1,0,0,1.0000000000000002,50,5,15,1,1,0,0,9.0,0,9.0,False,False
C858,U777,I337,best product ever buy now,2026-07-11 18:16:31.790149,False,GENUINE,75,50,15,1.0,50,5,15,72,2,50,0,37.0,8,45.0,False,False
C859,U363,I424,i have a different opinion about music. reference 859,2026-06-08 22:13:31.790163,False,GENUINE,1,0,0,1.0,50,7,15,1,1,0,0,9.0,0,9.0,False,False
C860,U108,I23,i learned something useful about food here. reference 860,2026-07-30 01:10:31.790177,False,GENUINE,1,0,0,1.0000000000000002,50,7,15,1,1,0,0,9.0,0,9.0,False,False
C861,U841,I367,the information presented here is useful. reference 861,2026-07-19 16:28:31.790192,False,GENUINE,1,0,0,1.0,50,8,15,1,1,0,0,9.0,0,9.0,False,False
C862,U625,I100,the explanation of gaming was very clear. reference 862,2026-07-07 01:41:31.790206,False,GENUINE,1,0,0,1.0000000000000002,50,5,15,1,1,0,0,9.0,0,9.0,False,False
C863,U220,I234,the explanation of music was very clear. reference 863,2026-08-02 00:33:31.790220,False,GENUINE,1,0,0,1.0000000000000002,50,5,15,1,1,0,0,9.0,0,9.0,False,False
C864,U775,I212,i really enjoyed this post about gaming. reference 864,2026-07-01 19:50:31.790234,False,GENUINE,1,0,0,1.0,50,7,15,1,1,0,0,9.0,0,9.0,False,False
C865,U468,I337,thanks for sharing this information. reference 865,2026-06-27 10:16:31.790249,False,GENUINE,1,0,0,1.0,50,6,15,1,1,0,0,9.0,0,9.0,False,False
C866,U4,I271,i really enjoyed this post about fashion. reference 866,2026-06-19 13:46:31.790263,False,GENUINE,1,0,0,1.0,50,6,15,1,1,0,0,9.0,0,9.0,False,False
C867,U494,I473,best deal available now,2026-06-09 20:41:31.790277,False,GENUINE,52,50,15,1.0000000000000002,50,5,15,51,1,40,0,33.5,8,41.5,False,False
C868,U592,I88,i learned something useful about gaming here. reference 868,2026-07-07 13:40:31.790291,False,GENUINE,1,0,0,1.0,50,2,0,1,1,0,0,7.5,0,7.5,False,False
C869,U673,I307,thanks for sharing this information. reference 869,2026-06-26 22:44:31.790304,False,GENUINE,1,0,0,1.0,50,4,0,1,1,0,0,7.5,0,7.5,False,False
C870,U902,I196,the information presented here is useful. reference 870,2026-07-17 22:18:31.790318,False,GENUINE,1,0,0,1.0,50,6,15,1,1,0,0,9.0,0,9.0,False,False
C871,U407,I493,this is worth discussing further. reference 871,2026-07-01 14:43:31.790331,False,GENUINE,1,0,0,1.0,50,8,15,1,1,0,0,9.0,0,9.0,False,False
C872,U824,I68,i learned something useful about fashion here. reference 872,2026-06-17 23:44:31.790345,False,GENUINE,1,0,0,1.0,50,7,15,1,1,0,0,9.0,0,9.0,False,False
C873,U716,I453,best product ever buy now,2026-06-08 23:32:31.790359,False,GENUINE,75,50,15,1.0,50,6,15,72,1,40,0,33.5,8,41.5,False,False
C874,U560,I440,this is worth discussing further. reference 874,2026-07-24 13:08:31.790374,False,GENUINE,1,0,0,1.0,50,5,15,1,1,0,0,9.0,0,9.0,False,False
C875,U214,I319,i have a different opinion about music. reference 875,2026-06-11 15:09:31.790388,False,GENUINE,1,0,0,1.0,50,7,15,1,1,0,0,9.0,0,9.0,False,False
C876,U135,I363,i learned something useful about music here. reference 876,2026-06-08 04:11:31.790409,False,GENUINE,1,0,0,1.0,50,6,15,1,1,0,0,9.0,0,9.0,False,False
C877,U118,I389,this is worth discussing further. reference 877,2026-06-19 18:49:31.790422,False,GENUINE,1,0,0,1.0,50,4,0,1,1,0,0,7.5,0,7.5,False,False
C878,U584,I482,the information presented here is useful. reference 878,2026-07-04 09:15:31.790436,False,GENUINE,1,0,0,1.0,50,7,15,1,1,0,0,9.0,0,9.0,False,False
C879,U827,I6,this was a surprisingly interesting post. reference 879,2026-08-09 12:46:31.790450,False,GENUINE,1,0,0,1.0,50,6,15,1,1,0,0,9.0,0,9.0,False,False
C880,U390,I74,i really enjoyed this post about technology. reference 880,2026-07-24 15:17:31.790464,False,GENUINE,1,0,0,1.0000000000000002,50,6,15,1,1,0,0,9.0,0,9.0,False,False
C881,U273,I384,i learned something useful about movies here. reference 881,2026-06-10 15:05:31.790478,False,GENUINE,1,0,0,1.0,50,13,40,1,1,0,0,11.5,0,11.5,False,False
C882,U256,I74,amazing product buy now,2026-07-24 06:20:31.790492,False,GENUINE,69,50,15,1.0,50,10,40,68,1,40,0,36.0,8,44.0,False,False
C883,U771,I277,best product ever buy now,2026-07-01 15:16:31.790505,False,GENUINE,75,50,15,1.0,50,3,0,72,1,40,0,32.0,8,40.0,False,False
C884,U104,I315,this was a surprisingly interesting post. reference 884,2026-06-05 06:09:31.790521,False,GENUINE,1,0,0,1.0,50,6,15,1,1,0,0,9.0,0,9.0,False,False
C885,U662,I287,the information presented here is useful. reference 885,2026-06-26 07:51:31.790535,False,GENUINE,1,0,0,1.0,50,4,0,1,1,0,0,7.5,0,7.5,False,False
C886,U803,I407,i have a different opinion about technology. reference 886,2026-07-08 02:24:31.790550,False,GENUINE,1,0,0,1.0,50,6,15,1,1,0,0,9.0,0,9.0,False,False
C887,U396,I213,this is worth discussing further. reference 887,2026-08-10 15:39:31.790564,False,GENUINE,1,0,0,1.0,50,5,15,1,1,0,0,9.0,0,9.0,False,False
C888,U761,I128,the explanation of food was very clear. reference 888,2026-07-22 07:15:31.790578,False,GENUINE,1,0,0,1.0,50,6,15,1,1,0,0,9.0,0,9.0,False,False
C889,U933,I324,this is worth discussing further. reference 889,2026-06-06 20:23:31.790593,False,GENUINE,1,0,0,1.0,50,5,15,1,1,0,0,9.0,0,9.0,False,False
C890,U987,I99,i have a different opinion about food. reference 890,2026-07-26 16:23:31.790607,False,GENUINE,1,0,0,1.0,50,6,15,1,1,0,0,9.0,0,9.0,False,False
C891,U699,I38,i learned something useful about education here. reference 891,2026-06-05 22:10:31.790621,False,GENUINE,1,0,0,1.0,50,6,15,1,1,0,0,9.0,0,9.0,False,False
C892,U526,I61,the information presented here is useful. reference 892,2026-07-03 19:53:31.790635,False,GENUINE,1,0,0,1.0,50,2,0,1,1,0,0,7.5,0,7.5,False,False
C893,U285,I284,i have a different opinion about education. reference 893,2026-07-28 04:25:31.790648,False,GENUINE,1,0,0,1.0000000000000002,50,6,15,1,1,0,0,9.0,0,9.0,False,False
C894,U598,I433,i have a different opinion about technology. reference 894,2026-07-12 17:51:31.790662,False,GENUINE,1,0,0,1.0,50,7,15,1,1,0,0,9.0,0,9.0,False,False
C895,U477,I363,i learned something useful about technology here. reference 895,2026-07-28 20:12:31.790676,False,GENUINE,1,0,0,1.0,50,6,15,1,1,0,0,9.0,0,9.0,False,False
C896,U950,I165,thanks for sharing this information. reference 896,2026-06-15 21:50:31.790690,False,GENUINE,1,0,0,1.0,50,3,0,1,1,0,0,7.5,0,7.5,False,False
C897,U630,I431,i have a different opinion about food. reference 897,2026-06-20 16:57:31.790706,False,GENUINE,1,0,0,1.0,50,6,15,1,1,0,0,9.0,0,9.0,False,False
C898,U563,I183,this is an interesting perspective on music. reference 898,2026-06-25 00:14:31.790720,False,GENUINE,1,0,0,1.0,50,5,15,1,1,0,0,9.0,0,9.0,False,False
C899,U225,I489,i learned something useful about gaming here. reference 899,2026-06-26 20:29:31.790736,False,GENUINE,1,0,0,1.0,50,3,0,1,1,0,0,7.5,0,7.5,False,False
C900,U163,I212,this was a surprisingly interesting post. reference 900,2026-08-03 11:07:31.790750,False,GENUINE,1,0,0,1.0,50,7,15,1,1,0,0,9.0,0,9.0,False,False
C901,U357,I113,the explanation of music was very clear. reference 901,2026-07-12 16:45:31.790763,False,GENUINE,1,0,0,1.0000000000000002,50,5,15,1,1,0,0,9.0,0,9.0,False,False
C902,U369,I150,the explanation of food was very clear. reference 902,2026-06-21 17:43:31.790781,False,GENUINE,1,0,0,1.0,50,6,15,1,1,0,0,9.0,0,9.0,False,False
C903,U843,I385,i really enjoyed this post about gaming. reference 903,2026-06-11 22:39:31.790796,False,GENUINE,1,0,0,1.0,50,5,15,1,1,0,0,9.0,0,9.0,False,False
C904,U354,I228,the explanation of sports was very clear. reference 904,2026-08-08 04:52:31.790810,False,GENUINE,1,0,0,1.0,50,3,0,1,1,0,0,7.5,0,7.5,False,False
C905,U698,I453,this is worth discussing further. reference 905,2026-08-01 12:18:31.790824,False,GENUINE,1,0,0,1.0,50,4,0,1,1,0,0,7.5,0,7.5,False,False
C906,U395,I131,this was a surprisingly interesting post. reference 906,2026-08-09 14:00:31.790837,False,GENUINE,1,0,0,1.0,50,3,0,1,1,0,0,7.5,0,7.5,False,False
C907,U933,I264,this is worth discussing further. reference 907,2026-06-28 12:32:31.790851,False,GENUINE,1,0,0,1.0,50,5,15,1,1,0,0,9.0,0,9.0,False,False
C908,U44,I151,the explanation of music was very clear. reference 908,2026-06-26 01:21:31.790865,False,GENUINE,1,0,0,1.0000000000000002,50,4,0,1,1,0,0,7.5,0,7.5,False,False
C909,U84,I485,this is an interesting perspective on education. reference 909,2026-06-23 20:45:31.790879,False,GENUINE,1,0,0,1.0,50,2,0,1,1,0,0,7.5,0,7.5,False,False
C910,U546,I3,this is an interesting perspective on sports. reference 910,2026-06-11 19:36:31.790893,False,GENUINE,1,0,0,1.0,50,7,15,1,1,0,0,9.0,0,9.0,False,False
C911,U644,I396,the explanation of fashion was very clear. reference 911,2026-08-02 08:57:31.790908,False,GENUINE,1,0,0,1.0000000000000002,50,9,15,1,1,0,0,9.0,0,9.0,False,False
C912,U210,I275,the information presented here is useful. reference 912,2026-06-04 20:22:31.790924,False,GENUINE,1,0,0,1.0,50,7,15,1,1,0,0,9.0,0,9.0,False,False
C913,U702,I78,i really enjoyed this post about food. reference 913,2026-06-07 13:57:31.790938,False,GENUINE,1,0,0,1.0,50,6,15,1,1,0,0,9.0,0,9.0,False,False
C914,U339,I19,this is an interesting perspective on gaming. reference 914,2026-08-06 21:25:31.790952,False,GENUINE,1,0,0,1.0,50,8,15,1,1,0,0,9.0,0,9.0,False,False
C915,U182,I406,best deal available now,2026-06-20 11:57:31.790965,False,GENUINE,52,50,15,1.0000000000000002,50,6,15,51,1,40,0,33.5,8,41.5,False,False
C916,U841,I116,amazing product buy now,2026-07-07 12:18:31.790979,False,GENUINE,69,50,15,1.0,50,8,15,68,1,40,0,33.5,8,41.5,False,False
C917,U461,I322,the information presented here is useful. reference 917,2026-07-14 00:47:31.790993,False,GENUINE,1,0,0,1.0,50,6,15,1,1,0,0,9.0,0,9.0,False,False
C918,U17,I199,this is an interesting perspective on technology. reference 918,2026-06-14 10:46:31.791007,False,GENUINE,1,0,0,1.0,50,6,15,1,1,0,0,9.0,0,9.0,False,False
C919,U737,I316,this is an interesting perspective on technology. reference 919,2026-06-09 00:52:31.791021,False,GENUINE,1,0,0,1.0,50,6,15,1,1,0,0,9.0,0,9.0,False,False
C920,U868,I37,this is worth discussing further. reference 920,2026-07-16 10:49:31.791034,False,GENUINE,1,0,0,1.0,50,8,15,1,1,0,0,9.0,0,9.0,False,False
C921,U805,I351,i have a different opinion about gaming. reference 921,2026-07-17 04:59:31.791048,False,GENUINE,1,0,0,1.0000000000000002,50,8,15,1,1,0,0,9.0,0,9.0,False,False
C922,U783,I474,i think this could be improved. reference 922,2026-07-06 20:50:31.791061,False,GENUINE,1,0,0,1.0000000000000002,50,7,15,1,1,0,0,9.0,0,9.0,False,False
C923,U841,I338,i really enjoyed this post about food. reference 923,2026-07-28 14:29:31.791075,False,GENUINE,1,0,0,1.0,50,8,15,1,1,0,0,9.0,0,9.0,False,False
C924,U546,I112,i learned something useful about fashion here. reference 924,2026-06-23 03:49:31.791089,False,GENUINE,1,0,0,1.0,50,7,15,1,1,0,0,9.0,0,9.0,False,False
C925,U302,I491,i learned something useful about movies here. reference 925,2026-06-11 04:25:31.791103,False,GENUINE,1,0,0,1.0,50,6,15,1,1,0,0,9.0,0,9.0,False,False
C926,U908,I468,this is worth discussing further. reference 926,2026-06-22 10:47:31.791119,False,GENUINE,1,0,0,1.0,50,8,15,1,1,0,0,9.0,0,9.0,False,False
C927,U895,I284,i learned something useful about gaming here. reference 927,2026-08-08 00:43:31.791133,False,GENUINE,1,0,0,1.0,50,9,15,1,1,0,0,9.0,0,9.0,False,False
C928,U5,I293,thanks for sharing this information. reference 928,2026-06-23 22:33:31.791148,False,GENUINE,1,0,0,1.0,50,5,15,1,1,0,0,9.0,0,9.0,False,False
C929,U560,I484,this is an interesting perspective on movies. reference 929,2026-07-23 17:06:31.791162,False,GENUINE,1,0,0,1.0,50,5,15,1,1,0,0,9.0,0,9.0,False,False
C930,U766,I379,this is worth discussing further. reference 930,2026-07-05 06:31:31.791178,False,GENUINE,1,0,0,1.0,50,5,15,1,1,0,0,9.0,0,9.0,False,False
C931,U927,I330,this was a surprisingly interesting post. reference 931,2026-07-28 04:22:31.791191,False,GENUINE,1,0,0,1.0,50,5,15,1,1,0,0,9.0,0,9.0,False,False
C932,U188,I113,thanks for sharing this information. reference 932,2026-07-25 03:28:31.791205,False,GENUINE,1,0,0,1.0,50,5,15,1,1,0,0,9.0,0,9.0,False,False
C933,U117,I92,thanks for sharing this information. reference 933,2026-06-04 11:18:31.791218,False,GENUINE,1,0,0,1.0,50,6,15,1,1,0,0,9.0,0,9.0,False,False
C934,U954,I281,best deal available now,2026-07-16 09:02:31.791232,False,GENUINE,52,50,15,1.0000000000000002,50,5,15,51,1,40,0,33.5,8,41.5,False,False
C935,U687,I34,i have a different opinion about gaming. reference 935,2026-07-24 20:43:31.791245,False,GENUINE,1,0,0,1.0000000000000002,50,4,0,1,1,0,0,7.5,0,7.5,False,False
C936,U743,I297,i think this could be improved. reference 936,2026-07-10 07:48:31.791259,False,GENUINE,1,0,0,1.0000000000000002,50,5,15,1,1,0,0,9.0,0,9.0,False,False
C937,U131,I343,the explanation of gaming was very clear. reference 937,2026-07-16 21:05:31.791273,False,GENUINE,1,0,0,1.0000000000000002,50,6,15,1,1,0,0,9.0,0,9.0,False,False
C938,U634,I35,the explanation of music was very clear. reference 938,2026-06-28 14:36:31.791286,False,GENUINE,1,0,0,1.0000000000000002,50,8,15,1,1,0,0,9.0,0,9.0,False,False
C939,U461,I168,thanks for sharing this information. reference 939,2026-06-09 17:06:31.791300,False,GENUINE,1,0,0,1.0,50,6,15,1,1,0,0,9.0,0,9.0,False,False
C940,U598,I78,best product ever buy now,2026-07-14 00:56:31.791313,False,GENUINE,75,50,15,1.0,50,7,15,72,1,40,0,33.5,8,41.5,False,False
C941,U981,I219,i learned something useful about technology here. reference 941,2026-07-14 07:45:31.791329,False,GENUINE,1,0,0,1.0,50,5,15,1,1,0,0,9.0,0,9.0,False,False
C942,U252,I402,the explanation of fashion was very clear. reference 942,2026-07-17 15:34:31.791343,False,GENUINE,1,0,0,1.0000000000000002,50,3,0,1,1,0,0,7.5,0,7.5,False,False
C943,U860,I184,i learned something useful about music here. reference 943,2026-06-29 03:30:31.791357,False,GENUINE,1,0,0,1.0,50,4,0,1,1,0,0,7.5,0,7.5,False,False
C944,U473,I228,this is worth discussing further. reference 944,2026-06-28 12:10:31.791371,False,GENUINE,1,0,0,1.0,50,4,0,1,1,0,0,7.5,0,7.5,False,False
C945,U564,I55,i learned something useful about gaming here. reference 945,2026-07-17 06:58:31.791385,False,GENUINE,1,0,0,1.0,50,7,15,1,1,0,0,9.0,0,9.0,False,False
C946,U879,I423,i learned something useful about sports here. reference 946,2026-07-18 20:56:31.791399,False,GENUINE,1,0,0,1.0000000000000002,50,8,15,1,1,0,0,9.0,0,9.0,False,False
C947,U751,I453,this is an interesting perspective on gaming. reference 947,2026-08-10 03:17:31.791413,False,GENUINE,1,0,0,1.0,50,5,15,1,1,0,0,9.0,0,9.0,False,False
C948,U869,I259,i really enjoyed this post about fashion. reference 948,2026-06-19 03:01:31.791427,False,GENUINE,1,0,0,1.0,50,5,15,1,1,0,0,9.0,0,9.0,False,False
C949,U217,I464,i really enjoyed this post about movies. reference 949,2026-06-23 08:45:31.791441,False,GENUINE,1,0,0,1.0,50,6,15,1,1,0,0,9.0,0,9.0,False,False
C950,U915,I276,i think this could be improved. reference 950,2026-07-09 12:50:31.791455,False,GENUINE,1,0,0,1.0000000000000002,50,5,15,1,1,0,0,9.0,0,9.0,False,False
C951,U401,I114,thanks for sharing this information. reference 951,2026-07-30 15:30:31.791468,False,GENUINE,1,0,0,1.0,50,6,15,1,1,0,0,9.0,0,9.0,False,False
C952,U475,I256,this was a surprisingly interesting post. reference 952,2026-07-06 17:11:31.791482,False,GENUINE,1,0,0,1.0,50,5,15,1,1,0,0,9.0,0,9.0,False,False
C953,U372,I257,i really enjoyed this post about sports. reference 953,2026-06-16 22:36:31.791496,False,GENUINE,1,0,0,1.0000000000000002,50,3,0,1,1,0,0,7.5,0,7.5,False,False
C954,U700,I84,this was a surprisingly interesting post. reference 954,2026-07-02 05:11:31.791510,False,GENUINE,1,0,0,1.0,50,6,15,1,1,0,0,9.0,0,9.0,False,False
C955,U163,I91,thanks for sharing this information. reference 955,2026-06-05 20:20:31.791523,False,GENUINE,1,0,0,1.0,50,7,15,1,1,0,0,9.0,0,9.0,False,False
C956,U749,I247,this is worth discussing further. reference 956,2026-07-22 21:57:31.791537,False,GENUINE,1,0,0,1.0,50,4,0,1,1,0,0,7.5,0,7.5,False,False
C957,U779,I249,the explanation of gaming was very clear. reference 957,2026-07-18 18:29:31.791550,False,GENUINE,1,0,0,1.0000000000000002,50,5,15,1,1,0,0,9.0,0,9.0,False,False
C958,U378,I119,i really enjoyed this post about sports. reference 958,2026-06-25 16:38:31.791566,False,GENUINE,1,0,0,1.0000000000000002,50,8,15,1,1,0,0,9.0,0,9.0,False,False
C959,U929,I405,this is worth discussing further. reference 959,2026-06-30 01:57:31.791579,False,GENUINE,1,0,0,1.0,50,6,15,1,1,0,0,9.0,0,9.0,False,False
C960,U939,I232,i really enjoyed this post about technology. reference 960,2026-06-13 19:15:31.791595,False,GENUINE,1,0,0,1.0000000000000002,50,5,15,1,1,0,0,9.0,0,9.0,False,False
C961,U331,I52,this was a surprisingly interesting post. reference 961,2026-06-05 07:15:31.791609,False,GENUINE,1,0,0,1.0,50,2,0,1,1,0,0,7.5,0,7.5,False,False
C962,U269,I296,this was a surprisingly interesting post. reference 962,2026-07-08 13:09:31.791624,False,GENUINE,1,0,0,1.0,50,8,15,1,1,0,0,9.0,0,9.0,False,False
C963,U669,I193,this is worth discussing further. reference 963,2026-06-25 19:18:31.791640,False,GENUINE,1,0,0,1.0,50,6,15,1,1,0,0,9.0,0,9.0,False,False
C964,U257,I192,the explanation of fashion was very clear. reference 964,2026-07-10 17:03:31.791654,False,GENUINE,1,0,0,1.0000000000000002,50,4,0,1,1,0,0,7.5,0,7.5,False,False
C965,U836,I444,this is worth discussing further. reference 965,2026-06-28 22:47:31.791668,False,GENUINE,1,0,0,1.0,50,4,0,1,1,0,0,7.5,0,7.5,False,False
C966,U908,I309,i really enjoyed this post about education. reference 966,2026-07-02 19:00:31.791682,False,GENUINE,1,0,0,1.0,50,8,15,1,1,0,0,9.0,0,9.0,False,False
C967,U169,I117,this is an interesting perspective on movies. reference 967,2026-07-23 13:55:31.791696,False,GENUINE,1,0,0,1.0,50,3,0,1,1,0,0,7.5,0,7.5,False,False
C968,U153,I95,i learned something useful about music here. reference 968,2026-06-18 00:50:31.791710,False,GENUINE,1,0,0,1.0,50,2,0,1,1,0,0,7.5,0,7.5,False,False
C969,U734,I418,this is an interesting perspective on sports. reference 969,2026-07-05 02:14:31.791725,False,GENUINE,1,0,0,1.0,50,4,0,1,1,0,0,7.5,0,7.5,False,False
C970,U830,I169,this is an interesting perspective on food. reference 970,2026-06-11 08:55:31.791739,False,GENUINE,1,0,0,1.0000000000000002,50,8,15,1,1,0,0,9.0,0,9.0,False,False
C971,U490,I245,the explanation of education was very clear. reference 971,2026-06-13 22:01:31.791753,False,GENUINE,1,0,0,1.0000000000000002,50,4,0,1,1,0,0,7.5,0,7.5,False,False
C972,U853,I210,i really enjoyed this post about sports. reference 972,2026-08-07 21:43:31.791766,False,GENUINE,1,0,0,1.0000000000000002,50,4,0,1,1,0,0,7.5,0,7.5,False,False
C973,U130,I293,thanks for sharing this information. reference 973,2026-07-30 13:40:31.791781,False,GENUINE,1,0,0,1.0,50,5,15,1,1,0,0,9.0,0,9.0,False,False
C974,U644,I262,i really enjoyed this post about education. reference 974,2026-08-06 17:50:31.791794,False,GENUINE,1,0,0,1.0,50,9,15,1,1,0,0,9.0,0,9.0,False,False
C975,U170,I132,i learned something useful about fashion here. reference 975,2026-06-18 06:40:31.791808,False,GENUINE,1,0,0,1.0,50,6,15,1,1,0,0,9.0,0,9.0,False,False
C976,U992,I288,i really enjoyed this post about movies. reference 976,2026-08-04 00:39:31.791822,False,GENUINE,1,0,0,1.0,50,5,15,1,1,0,0,9.0,0,9.0,False,False
C977,U221,I229,thanks for sharing this information. reference 977,2026-06-28 23:45:31.791836,False,GENUINE,1,0,0,1.0,50,3,0,1,1,0,0,7.5,0,7.5,False,False
C978,U174,I112,the information presented here is useful. reference 978,2026-06-19 19:10:31.791849,False,GENUINE,1,0,0,1.0,50,6,15,1,1,0,0,9.0,0,9.0,False,False
C979,U840,I392,i learned something useful about movies here. reference 979,2026-07-27 13:35:31.791863,False,GENUINE,1,0,0,1.0,50,3,0,1,1,0,0,7.5,0,7.5,False,False
C980,U741,I351,this is worth discussing further. reference 980,2026-06-18 12:50:31.791877,False,GENUINE,1,0,0,1.0,50,11,40,1,1,0,0,11.5,0,11.5,False,False
C981,U604,I35,the explanation of fashion was very clear. reference 981,2026-07-07 17:55:31.791890,False,GENUINE,1,0,0,1.0000000000000002,50,5,15,1,1,0,0,9.0,0,9.0,False,False
C982,U135,I55,i really enjoyed this post about sports. reference 982,2026-06-25 06:06:31.791904,False,GENUINE,1,0,0,1.0000000000000002,50,6,15,1,1,0,0,9.0,0,9.0,False,False
C983,U880,I465,this was a surprisingly interesting post. reference 983,2026-07-29 05:15:31.791917,False,GENUINE,1,0,0,1.0,50,7,15,1,1,0,0,9.0,0,9.0,False,False
C984,U620,I49,i learned something useful about food here. reference 984,2026-06-16 21:02:31.791931,False,GENUINE,1,0,0,1.0000000000000002,50,8,15,1,1,0,0,9.0,0,9.0,False,False
C985,U614,I19,this was a surprisingly interesting post. reference 985,2026-08-03 08:24:31.791945,False,GENUINE,1,0,0,1.0,50,9,15,1,1,0,0,9.0,0,9.0,False,False
C986,U493,I337,i learned something useful about technology here. reference 986,2026-06-11 01:38:31.791959,False,GENUINE,1,0,0,1.0,50,5,15,1,1,0,0,9.0,0,9.0,False,False
C987,U664,I220,this was a surprisingly interesting post. reference 987,2026-07-09 02:52:31.791974,False,GENUINE,1,0,0,1.0,50,5,15,1,1,0,0,9.0,0,9.0,False,False
C988,U895,I22,this was a surprisingly interesting post. reference 988,2026-07-21 22:39:31.791988,False,GENUINE,1,0,0,1.0,50,9,15,1,1,0,0,9.0,0,9.0,False,False
C989,U960,I410,i think this could be improved. reference 989,2026-07-10 22:15:31.792001,False,GENUINE,1,0,0,1.0000000000000002,50,2,0,1,1,0,0,7.5,0,7.5,False,False
C990,U603,I411,thanks for sharing this information. reference 990,2026-07-04 02:29:31.792015,False,GENUINE,1,0,0,1.0,50,6,15,1,1,0,0,9.0,0,9.0,False,False
C991,U137,I130,i think this could be improved. reference 991,2026-08-04 04:52:31.792029,False,GENUINE,1,0,0,1.0000000000000002,50,5,15,1,1,0,0,9.0,0,9.0,False,False
C992,U290,I306,this was a surprisingly interesting post. reference 992,2026-07-19 08:47:31.792044,False,GENUINE,1,0,0,1.0,50,3,0,1,1,0,0,7.5,0,7.5,False,False
C993,U193,I2,i really enjoyed this post about gaming. reference 993,2026-06-25 12:32:31.792059,False,GENUINE,1,0,0,1.0,50,7,15,1,1,0,0,9.0,0,9.0,False,False
C994,U7,I192,the explanation of music was very clear. reference 994,2026-07-05 14:50:31.792072,False,GENUINE,1,0,0,1.0000000000000002,50,9,15,1,1,0,0,9.0,0,9.0,False,False
C995,U370,I54,i learned something useful about fashion here. reference 995,2026-06-13 12:35:31.792086,False,GENUINE,1,0,0,1.0,50,4,0,1,1,0,0,7.5,0,7.5,False,False
C996,U599,I129,i have a different opinion about fashion. reference 996,2026-06-21 10:26:31.792099,False,GENUINE,1,0,0,1.0,50,6,15,1,1,0,0,9.0,0,9.0,False,False
C997,U374,I313,i have a different opinion about fashion. reference 997,2026-06-04 02:43:31.792115,False,GENUINE,1,0,0,1.0,50,5,15,1,1,0,0,9.0,0,9.0,False,False
C998,U208,I211,this was a surprisingly interesting post. reference 998,2026-07-26 13:33:31.792128,False,GENUINE,1,0,0,1.0,50,3,0,1,1,0,0,7.5,0,7.5,False,False
C999,U379,I286,this was a surprisingly interesting post. reference 999,2026-07-19 17:35:31.792141,False,GENUINE,1,0,0,1.0,50,7,15,1,1,0,0,9.0,0,9.0,False,False
C1000,U314,I295,this is worth discussing further. reference 1000,2026-06-05 20:38:31.792155,False,GENUINE,1,0,0,1.0,50,7,15,1,1,0,0,9.0,0,9.0,False,False
C1001,U141,I437,this is an interesting perspective on sports. reference 1001,2026-07-02 04:22:31.792170,False,GENUINE,1,0,0,1.0,50,5,15,1,1,0,0,9.0,0,9.0,False,False
C1002,U801,I358,i learned something useful about gaming here. reference 1002,2026-07-23 07:29:31.792184,False,GENUINE,1,0,0,0.7317498758867395,20,7,15,1,1,0,0,4.5,0,4.5,False,False
C1003,U520,I205,this is worth discussing further. reference 1003,2026-07-28 04:50:31.792198,False,GENUINE,1,0,0,0.6148367794734235,0,7,15,1,1,0,0,1.5,0,1.5,False,False
C1004,U398,I493,i really enjoyed this post about gaming. reference 1004,2026-07-29 14:30:31.792212,False,GENUINE,1,0,0,0.7760108921746118,20,5,15,1,1,0,0,4.5,0,4.5,False,False
C1005,U482,I474,thanks for sharing this information. reference 1005,2026-08-03 19:26:31.792226,False,GENUINE,1,0,0,0.6789809902112234,0,5,15,1,1,0,0,1.5,0,1.5,False,False
C1006,U65,I134,the explanation of music was very clear. reference 1006,2026-08-04 13:08:31.792239,False,GENUINE,1,0,0,0.7662202675963719,20,3,0,1,1,0,0,3.0,0,3.0,False,False
C1007,U623,I19,the information presented here is useful. reference 1007,2026-06-16 22:45:31.792253,False,GENUINE,1,0,0,0.6598076480079632,0,11,40,1,1,0,0,4.0,0,4.0,False,False
C1008,U671,I266,i have a different opinion about technology. reference 1008,2026-07-26 21:05:31.792267,False,GENUINE,1,0,0,0.7418462529021725,20,4,0,1,1,0,0,3.0,0,3.0,False,False
C1009,U655,I253,i think this could be improved. reference 1009,2026-07-24 11:20:31.792281,False,GENUINE,1,0,0,0.6122441426822248,0,10,40,1,1,0,0,4.0,0,4.0,False,False
C1010,U870,I336,this was a surprisingly interesting post. reference 1010,2026-07-25 02:33:31.792295,False,GENUINE,1,0,0,0.661661894767308,0,3,0,1,1,0,0,0.0,0,0.0,False,False
C1011,U34,I401,thanks for sharing this information. reference 1011,2026-06-16 20:04:31.792308,False,GENUINE,1,0,0,0.6789809902112234,0,2,0,1,1,0,0,0.0,0,0.0,False,False
C1012,U173,I345,i really enjoyed this post about music. reference 1012,2026-07-21 01:19:31.792322,False,GENUINE,1,0,0,0.7730771289001258,20,5,15,1,1,0,0,4.5,0,4.5,False,False
C1013,U670,I0,i learned something useful about gaming here. reference 1013,2026-07-17 17:11:31.792336,False,GENUINE,1,0,0,0.7317498758867395,20,5,15,1,1,0,0,4.5,0,4.5,False,False
C1014,U798,I204,this is worth discussing further. reference 1014,2026-07-05 22:15:31.792350,False,GENUINE,1,0,0,0.6148367794734235,0,10,40,1,1,0,0,4.0,0,4.0,False,False
C1015,U600,I102,this was a surprisingly interesting post. reference 1015,2026-06-05 18:08:31.792366,False,GENUINE,1,0,0,0.661661894767308,0,6,15,1,1,0,0,1.5,0,1.5,False,False
C1016,U720,I35,this is an interesting perspective on movies. reference 1016,2026-06-06 17:42:31.792380,False,GENUINE,1,0,0,0.7382784747058516,20,6,15,1,1,0,0,4.5,0,4.5,False,False
C1017,U849,I286,thanks for sharing this information. reference 1017,2026-07-11 04:54:31.792393,False,GENUINE,1,0,0,1.0,50,4,0,1,1,0,0,7.5,0,7.5,False,False
C1018,U986,I417,i have a different opinion about sports. reference 1018,2026-06-17 15:21:31.792456,False,GENUINE,1,0,0,1.0,50,6,15,1,1,0,0,9.0,0,9.0,False,False
C1019,U986,I99,i think this could be improved. reference 1019,2026-06-20 12:04:31.792471,False,GENUINE,1,0,0,1.0000000000000002,50,6,15,1,1,0,0,9.0,0,9.0,False,False
C1020,U4,I133,i learned something useful about fashion here. reference 1020,2026-06-26 18:05:31.792485,False,GENUINE,1,0,0,1.0,50,6,15,1,1,0,0,9.0,0,9.0,False,False
C1021,U109,I286,this is an interesting perspective on movies. reference 1021,2026-07-11 21:18:31.792499,False,GENUINE,1,0,0,1.0,50,7,15,1,1,0,0,9.0,0,9.0,False,False
C1022,U969,I59,this was a surprisingly interesting post. reference 1022,2026-06-23 20:54:31.792512,False,GENUINE,1,0,0,1.0,50,6,15,1,1,0,0,9.0,0,9.0,False,False
C1023,U832,I406,thanks for sharing this information. reference 1023,2026-06-09 15:29:31.792526,False,GENUINE,1,0,0,1.0,50,9,15,1,1,0,0,9.0,0,9.0,False,False
C1024,U453,I494,the information presented here is useful. reference 1024,2026-07-20 16:32:31.792542,False,GENUINE,1,0,0,1.0,50,5,15,1,1,0,0,9.0,0,9.0,False,False
C1025,U775,I173,i think this could be improved. reference 1025,2026-06-19 10:02:31.792556,False,GENUINE,1,0,0,1.0000000000000002,50,7,15,1,1,0,0,9.0,0,9.0,False,False
C1026,U882,I14,i think this could be improved. reference 1026,2026-07-19 08:46:31.792572,False,GENUINE,1,0,0,1.0000000000000002,50,5,15,1,1,0,0,9.0,0,9.0,False,False
C1027,U69,I195,the explanation of sports was very clear. reference 1027,2026-07-14 02:15:31.792589,False,GENUINE,1,0,0,1.0,50,6,15,1,1,0,0,9.0,0,9.0,False,False
C1028,U422,I489,this is worth discussing further. reference 1028,2026-06-09 01:01:31.792605,False,GENUINE,1,0,0,1.0,50,10,40,1,1,0,0,11.5,0,11.5,False,False
C1029,U852,I134,the explanation of movies was very clear. reference 1029,2026-08-03 08:48:31.792619,False,GENUINE,1,0,0,1.0,50,5,15,1,1,0,0,9.0,0,9.0,False,False
C1030,U408,I344,this is worth discussing further. reference 1030,2026-06-22 08:32:31.792632,False,GENUINE,1,0,0,1.0,50,6,15,1,1,0,0,9.0,0,9.0,False,False
C1031,U953,I91,i think this could be improved. reference 1031,2026-07-10 15:40:31.792646,False,GENUINE,1,0,0,1.0000000000000002,50,8,15,1,1,0,0,9.0,0,9.0,False,False
C1032,U223,I457,thanks for sharing this information. reference 1032,2026-07-26 04:41:31.792661,False,GENUINE,1,0,0,1.0,50,7,15,1,1,0,0,9.0,0,9.0,False,False
C1033,U969,I382,the explanation of food was very clear. reference 1033,2026-06-05 17:44:31.792675,False,GENUINE,1,0,0,1.0,50,6,15,1,1,0,0,9.0,0,9.0,False,False
C1034,U204,I120,the explanation of movies was very clear. reference 1034,2026-07-24 00:16:31.792689,False,GENUINE,1,0,0,1.0,50,7,15,1,1,0,0,9.0,0,9.0,False,False
C1035,U234,I103,the explanation of music was very clear. reference 1035,2026-07-28 15:12:31.792703,False,GENUINE,1,0,0,1.0000000000000002,50,3,0,1,1,0,0,7.5,0,7.5,False,False
C1036,U797,I54,this is an interesting perspective on gaming. reference 1036,2026-06-11 07:38:31.792717,False,GENUINE,1,0,0,1.0,50,6,15,1,1,0,0,9.0,0,9.0,False,False
C1037,U978,I339,i think this could be improved. reference 1037,2026-06-23 13:06:31.792730,False,GENUINE,1,0,0,1.0000000000000002,50,9,15,1,1,0,0,9.0,0,9.0,False,False
C1038,U980,I21,i think this could be improved. reference 1038,2026-06-16 08:06:31.792744,False,GENUINE,1,0,0,1.0000000000000002,50,5,15,1,1,0,0,9.0,0,9.0,False,False
C1039,U322,I252,thanks for sharing this information. reference 1039,2026-06-28 03:48:31.792758,False,GENUINE,1,0,0,1.0,50,8,15,1,1,0,0,9.0,0,9.0,False,False
C1040,U187,I391,this was a surprisingly interesting post. reference 1040,2026-07-06 14:48:31.792772,False,GENUINE,1,0,0,1.0,50,7,15,1,1,0,0,9.0,0,9.0,False,False
C1041,U227,I384,thanks for sharing this information. reference 1041,2026-08-06 21:41:31.792785,False,GENUINE,1,0,0,1.0,50,4,0,1,1,0,0,7.5,0,7.5,False,False
C1042,U538,I409,the information presented here is useful. reference 1042,2026-06-23 14:39:31.792798,False,GENUINE,1,0,0,1.0,50,2,0,1,1,0,0,7.5,0,7.5,False,False
C1043,U33,I257,this is worth discussing further. reference 1043,2026-06-10 08:39:31.792814,False,GENUINE,1,0,0,1.0,50,7,15,1,1,0,0,9.0,0,9.0,False,False
C1044,U794,I89,i think this could be improved. reference 1044,2026-06-09 06:38:31.792828,False,GENUINE,1,0,0,1.0000000000000002,50,8,15,1,1,0,0,9.0,0,9.0,False,False
C1045,U530,I235,this is worth discussing further. reference 1045,2026-08-10 18:09:31.792841,False,GENUINE,1,0,0,1.0,50,6,15,1,1,0,0,9.0,0,9.0,False,False
C1046,U690,I107,the information presented here is useful. reference 1046,2026-07-13 05:03:31.792855,False,GENUINE,1,0,0,1.0,50,5,15,1,1,0,0,9.0,0,9.0,False,False
C1047,U370,I313,i have a different opinion about education. reference 1047,2026-06-22 21:37:31.792868,False,GENUINE,1,0,0,1.0000000000000002,50,4,0,1,1,0,0,7.5,0,7.5,False,False
C1048,U269,I121,i have a different opinion about food. reference 1048,2026-06-17 00:40:31.792882,False,GENUINE,1,0,0,1.0,50,8,15,1,1,0,0,9.0,0,9.0,False,False
C1049,U351,I187,i learned something useful about food here. reference 1049,2026-07-04 05:51:31.792896,False,GENUINE,1,0,0,1.0000000000000002,50,3,0,1,1,0,0,7.5,0,7.5,False,False
C1050,U215,I214,this is worth discussing further. reference 1050,2026-07-06 08:52:31.792910,False,GENUINE,1,0,0,1.0,50,6,15,1,1,0,0,9.0,0,9.0,False,False
C1051,U286,I230,i learned something useful about education here. reference 1051,2026-06-20 09:55:31.792923,False,GENUINE,1,0,0,1.0,50,3,0,1,1,0,0,7.5,0,7.5,False,False
C1052,U702,I117,this is an interesting perspective on movies. reference 1052,2026-07-21 08:51:31.792937,False,GENUINE,1,0,0,1.0,50,6,15,1,1,0,0,9.0,0,9.0,False,False
C1053,U568,I221,the information presented here is useful. reference 1053,2026-07-29 13:22:31.792951,False,GENUINE,1,0,0,1.0,50,7,15,1,1,0,0,9.0,0,9.0,False,False
C1054,U819,I491,i learned something useful about food here. reference 1054,2026-08-10 22:42:31.792967,False,GENUINE,1,0,0,1.0000000000000002,50,3,0,1,1,0,0,7.5,0,7.5,False,False
C1055,U180,I215,i think this could be improved. reference 1055,2026-06-15 10:18:31.792982,False,GENUINE,1,0,0,1.0000000000000002,50,6,15,1,1,0,0,9.0,0,9.0,False,False
C1056,U529,I273,this is worth discussing further. reference 1056,2026-07-15 12:32:31.792997,False,GENUINE,1,0,0,1.0,50,6,15,1,1,0,0,9.0,0,9.0,False,False
C1057,U256,I287,thanks for sharing this information. reference 1057,2026-07-06 13:39:31.793010,False,GENUINE,1,0,0,1.0,50,10,40,1,1,0,0,11.5,0,11.5,False,False
C1058,U101,I353,i learned something useful about technology here. reference 1058,2026-07-23 05:17:31.793024,False,GENUINE,1,0,0,1.0,50,6,15,1,1,0,0,9.0,0,9.0,False,False
C1059,U833,I130,best product ever buy now,2026-07-01 21:15:31.793037,False,GENUINE,75,50,15,1.0,50,8,15,72,1,40,0,33.5,8,41.5,False,False
C1060,U762,I171,i have a different opinion about music. reference 1060,2026-07-10 00:52:31.793051,False,GENUINE,1,0,0,1.0,50,6,15,1,1,0,0,9.0,0,9.0,False,False
C1061,U573,I285,i have a different opinion about music. reference 1061,2026-08-10 00:39:31.793065,False,GENUINE,1,0,0,1.0,50,10,40,1,1,0,0,11.5,0,11.5,False,False
C1062,U421,I62,this is worth discussing further. reference 1062,2026-06-20 07:49:31.793079,False,GENUINE,1,0,0,1.0,50,5,15,1,1,0,0,9.0,0,9.0,False,False
C1063,U589,I332,this was a surprisingly interesting post. reference 1063,2026-07-16 22:14:31.793092,False,GENUINE,1,0,0,1.0,50,7,15,1,1,0,0,9.0,0,9.0,False,False
C1064,U363,I166,this was a surprisingly interesting post. reference 1064,2026-06-05 19:01:31.793106,False,GENUINE,1,0,0,1.0,50,7,15,1,1,0,0,9.0,0,9.0,False,False
C1065,U457,I455,this is an interesting perspective on fashion. reference 1065,2026-06-16 23:24:31.793120,False,GENUINE,1,0,0,1.0,50,8,15,1,1,0,0,9.0,0,9.0,False,False
C1066,U293,I237,i learned something useful about education here. reference 1066,2026-06-14 12:36:31.793133,False,GENUINE,1,0,0,1.0,50,8,15,1,1,0,0,9.0,0,9.0,False,False
C1067,U827,I475,this is worth discussing further. reference 1067,2026-06-15 08:56:31.793147,False,GENUINE,1,0,0,1.0,50,6,15,1,1,0,0,9.0,0,9.0,False,False
C1068,U627,I292,the information presented here is useful. reference 1068,2026-08-04 15:09:31.793160,False,GENUINE,1,0,0,1.0,50,3,0,1,1,0,0,7.5,0,7.5,False,False
C1069,U165,I175,the explanation of music was very clear. reference 1069,2026-07-13 23:45:31.793174,False,GENUINE,1,0,0,1.0000000000000002,50,10,40,1,1,0,0,11.5,0,11.5,False,False
C1070,U668,I149,i have a different opinion about fashion. reference 1070,2026-07-18 03:25:31.793188,False,GENUINE,1,0,0,1.0,50,7,15,1,1,0,0,9.0,0,9.0,False,False
C1071,U908,I227,this is worth discussing further. reference 1071,2026-07-05 03:36:31.793204,False,GENUINE,1,0,0,1.0,50,8,15,1,1,0,0,9.0,0,9.0,False,False
C1072,U171,I94,i really enjoyed this post about education. reference 1072,2026-06-06 14:08:31.793218,False,GENUINE,1,0,0,1.0,50,5,15,1,1,0,0,9.0,0,9.0,False,False
C1073,U240,I338,i have a different opinion about gaming. reference 1073,2026-07-23 15:58:31.793232,False,GENUINE,1,0,0,1.0000000000000002,50,5,15,1,1,0,0,9.0,0,9.0,False,False
C1074,U170,I203,this is an interesting perspective on gaming. reference 1074,2026-08-06 00:37:31.793246,False,GENUINE,1,0,0,1.0,50,6,15,1,1,0,0,9.0,0,9.0,False,False
C1075,U959,I449,i think this could be improved. reference 1075,2026-08-09 10:23:31.793259,False,GENUINE,1,0,0,1.0000000000000002,50,7,15,1,1,0,0,9.0,0,9.0,False,False
C1076,U789,I203,this was a surprisingly interesting post. reference 1076,2026-08-02 08:56:31.793273,False,GENUINE,1,0,0,1.0,50,9,15,1,1,0,0,9.0,0,9.0,False,False
C1077,U268,I316,i learned something useful about gaming here. reference 1077,2026-06-13 05:28:31.793287,False,GENUINE,1,0,0,1.0,50,3,0,1,1,0,0,7.5,0,7.5,False,False
C1078,U953,I453,the information presented here is useful. reference 1078,2026-07-21 22:56:31.793300,False,GENUINE,1,0,0,1.0,50,8,15,1,1,0,0,9.0,0,9.0,False,False
C1079,U253,I377,i have a different opinion about food. reference 1079,2026-06-15 19:24:31.793314,False,GENUINE,1,0,0,1.0,50,8,15,1,1,0,0,9.0,0,9.0,False,False
C1080,U129,I67,this was a surprisingly interesting post. reference 1080,2026-08-09 05:34:31.793328,False,GENUINE,1,0,0,1.0,50,6,15,1,1,0,0,9.0,0,9.0,False,False
C1081,U35,I339,this is worth discussing further. reference 1081,2026-06-29 11:48:31.793341,False,GENUINE,1,0,0,1.0,50,4,0,1,1,0,0,7.5,0,7.5,False,False
C1082,U478,I499,this was a surprisingly interesting post. reference 1082,2026-06-22 21:40:31.793357,False,GENUINE,1,0,0,1.0,50,7,15,1,1,0,0,9.0,0,9.0,False,False
C1083,U455,I69,this was a surprisingly interesting post. reference 1083,2026-06-19 01:17:31.793370,False,GENUINE,1,0,0,1.0,50,6,15,1,1,0,0,9.0,0,9.0,False,False
C1084,U611,I233,click here for amazing deals,2026-06-25 04:28:31.793384,False,GENUINE,53,50,30,1.0000000000000002,50,4,0,53,1,40,0,35.0,8,43.0,False,False
C1085,U655,I327,this was a surprisingly interesting post. reference 1085,2026-07-11 05:34:31.793397,False,GENUINE,1,0,0,1.0,50,10,40,1,1,0,0,11.5,0,11.5,False,False
C1086,U493,I276,the explanation of gaming was very clear. reference 1086,2026-07-02 14:43:31.793411,False,GENUINE,1,0,0,1.0000000000000002,50,5,15,1,1,0,0,9.0,0,9.0,False,False
C1087,U315,I187,the information presented here is useful. reference 1087,2026-07-28 15:48:31.793427,False,GENUINE,1,0,0,1.0,50,10,40,1,1,0,0,11.5,0,11.5,False,False
C1088,U310,I5,i really enjoyed this post about education. reference 1088,2026-07-11 12:45:31.793441,False,GENUINE,1,0,0,1.0,50,11,40,1,1,0,0,11.5,0,11.5,False,False
C1089,U293,I240,this was a surprisingly interesting post. reference 1089,2026-06-10 05:31:31.793454,False,GENUINE,1,0,0,1.0,50,8,15,1,1,0,0,9.0,0,9.0,False,False
C1090,U944,I251,i think this could be improved. reference 1090,2026-08-11 00:01:31.793470,False,GENUINE,1,0,0,1.0000000000000002,50,4,0,1,1,0,0,7.5,0,7.5,False,False
C1091,U784,I220,i have a different opinion about sports. reference 1091,2026-08-11 04:12:31.793484,False,GENUINE,1,0,0,1.0,50,9,15,1,1,0,0,9.0,0,9.0,False,False
C1092,U561,I191,the explanation of fashion was very clear. reference 1092,2026-06-21 19:26:31.793498,False,GENUINE,1,0,0,1.0000000000000002,50,6,15,1,1,0,0,9.0,0,9.0,False,False
C1093,U447,I202,the explanation of education was very clear. reference 1093,2026-06-07 18:10:31.793513,False,GENUINE,1,0,0,1.0000000000000002,50,6,15,1,1,0,0,9.0,0,9.0,False,False
C1094,U754,I330,the information presented here is useful. reference 1094,2026-07-22 18:05:31.793526,False,GENUINE,1,0,0,1.0,50,4,0,1,1,0,0,7.5,0,7.5,False,False
C1095,U269,I40,the information presented here is useful. reference 1095,2026-06-25 19:25:31.793540,False,GENUINE,1,0,0,1.0,50,8,15,1,1,0,0,9.0,0,9.0,False,False
C1096,U782,I409,thanks for sharing this information. reference 1096,2026-07-16 22:05:31.793555,False,GENUINE,1,0,0,1.0,50,8,15,1,1,0,0,9.0,0,9.0,False,False
C1097,U664,I380,this was a surprisingly interesting post. reference 1097,2026-07-05 05:58:31.793569,False,GENUINE,1,0,0,1.0,50,5,15,1,1,0,0,9.0,0,9.0,False,False
C1098,U192,I436,this is an interesting perspective on education. reference 1098,2026-07-30 09:31:31.793582,False,GENUINE,1,0,0,1.0,50,7,15,1,1,0,0,9.0,0,9.0,False,False
C1099,U296,I56,i think this could be improved. reference 1099,2026-07-18 01:29:31.793596,False,GENUINE,1,0,0,1.0000000000000002,50,6,15,1,1,0,0,9.0,0,9.0,False,False
C1100,U717,I318,i think this could be improved. reference 1100,2026-07-13 15:31:31.793611,False,GENUINE,1,0,0,1.0000000000000002,50,4,0,1,1,0,0,7.5,0,7.5,False,False
C1101,U19,I77,click here for amazing deals,2026-07-25 21:47:31.793627,False,GENUINE,53,50,30,1.0000000000000002,50,7,15,53,1,40,0,36.5,8,44.5,False,False
C1102,U995,I52,i have a different opinion about movies. reference 1102,2026-07-31 10:49:31.793641,False,GENUINE,1,0,0,1.0000000000000004,50,10,40,1,1,0,0,11.5,0,11.5,False,False
C1103,U732,I224,i really enjoyed this post about sports. reference 1103,2026-08-03 14:56:31.793655,False,GENUINE,1,0,0,1.0000000000000002,50,9,15,1,1,0,0,9.0,0,9.0,False,False
C1104,U154,I7,i think this could be improved. reference 1104,2026-07-11 17:03:31.793669,False,GENUINE,1,0,0,1.0000000000000002,50,6,15,1,1,0,0,9.0,0,9.0,False,False
C1105,U430,I159,i think this could be improved. reference 1105,2026-06-30 15:02:31.793682,False,GENUINE,1,0,0,1.0000000000000002,50,7,15,1,1,0,0,9.0,0,9.0,False,False
C1106,U713,I405,i really enjoyed this post about music. reference 1106,2026-08-04 12:43:31.793696,False,GENUINE,1,0,0,0.9999999999999997,50,9,15,1,1,0,0,9.0,0,9.0,False,False
C1107,U863,I384,i learned something useful about technology here. reference 1107,2026-07-18 13:47:31.793709,False,GENUINE,1,0,0,1.0,50,6,15,1,1,0,0,9.0,0,9.0,False,False
C1108,U794,I200,this is an interesting perspective on food. reference 1108,2026-07-26 07:15:31.793723,False,GENUINE,1,0,0,1.0000000000000002,50,8,15,1,1,0,0,9.0,0,9.0,False,False
C1109,U196,I458,i have a different opinion about fashion. reference 1109,2026-08-10 16:25:31.793737,False,GENUINE,1,0,0,1.0,50,6,15,1,1,0,0,9.0,0,9.0,False,False
C1110,U124,I498,the explanation of fashion was very clear. reference 1110,2026-07-02 12:19:31.793751,False,GENUINE,1,0,0,1.0000000000000002,50,5,15,1,1,0,0,9.0,0,9.0,False,False
C1111,U253,I377,i really enjoyed this post about sports. reference 1111,2026-06-30 21:16:31.793767,False,GENUINE,1,0,0,1.0000000000000002,50,8,15,1,1,0,0,9.0,0,9.0,False,False
C1112,U752,I394,this is an interesting perspective on sports. reference 1112,2026-06-29 19:04:31.793781,False,GENUINE,1,0,0,1.0,50,6,15,1,1,0,0,9.0,0,9.0,False,False
C1113,U398,I348,i have a different opinion about music. reference 1113,2026-07-28 09:29:31.793795,False,GENUINE,1,0,0,1.0,50,5,15,1,1,0,0,9.0,0,9.0,False,False
C1114,U644,I372,i really enjoyed this post about gaming. reference 1114,2026-07-19 18:36:31.793809,False,GENUINE,1,0,0,1.0,50,9,15,1,1,0,0,9.0,0,9.0,False,False
C1115,U492,I326,i have a different opinion about sports. reference 1115,2026-07-10 00:37:31.793823,False,GENUINE,1,0,0,1.0,50,7,15,1,1,0,0,9.0,0,9.0,False,False
C1116,U908,I26,amazing product buy now,2026-07-21 08:30:31.793836,False,GENUINE,69,50,15,1.0,50,8,15,68,1,40,0,33.5,8,41.5,False,False
C1117,U648,I222,this is worth discussing further. reference 1117,2026-07-27 14:22:31.793850,False,GENUINE,1,0,0,1.0,50,6,15,1,1,0,0,9.0,0,9.0,False,False
C1118,U813,I141,thanks for sharing this information. reference 1118,2026-07-06 19:19:31.793867,False,GENUINE,1,0,0,1.0,50,6,15,1,1,0,0,9.0,0,9.0,False,False
C1119,U808,I124,i really enjoyed this post about technology. reference 1119,2026-06-19 22:36:31.793883,False,GENUINE,1,0,0,1.0000000000000002,50,7,15,1,1,0,0,9.0,0,9.0,False,False
C1120,U802,I353,i think this could be improved. reference 1120,2026-07-09 00:39:31.793897,False,GENUINE,1,0,0,1.0000000000000002,50,9,15,1,1,0,0,9.0,0,9.0,False,False
C1121,U789,I45,the explanation of education was very clear. reference 1121,2026-06-27 07:53:31.793910,False,GENUINE,1,0,0,1.0000000000000002,50,9,15,1,1,0,0,9.0,0,9.0,False,False
C1122,U93,I351,thanks for sharing this information. reference 1122,2026-06-03 16:41:31.793924,False,GENUINE,1,0,0,1.0,50,6,15,1,1,0,0,9.0,0,9.0,False,False
C1123,U640,I30,i really enjoyed this post about music. reference 1123,2026-06-14 03:53:31.793938,False,GENUINE,1,0,0,0.9999999999999997,50,5,15,1,1,0,0,9.0,0,9.0,False,False
C1124,U157,I359,this was a surprisingly interesting post. reference 1124,2026-07-31 09:06:31.793951,False,GENUINE,1,0,0,1.0,50,5,15,1,1,0,0,9.0,0,9.0,False,False
C1125,U499,I119,this is worth discussing further. reference 1125,2026-07-02 21:35:31.793965,False,GENUINE,1,0,0,1.0,50,6,15,1,1,0,0,9.0,0,9.0,False,False
C1126,U750,I98,i really enjoyed this post about fashion. reference 1126,2026-07-10 05:33:31.793979,False,GENUINE,1,0,0,1.0,50,8,15,1,1,0,0,9.0,0,9.0,False,False
C1127,U741,I68,i have a different opinion about technology. reference 1127,2026-06-28 15:49:31.793993,False,GENUINE,1,0,0,1.0,50,11,40,1,1,0,0,11.5,0,11.5,False,False
C1128,U723,I224,this was a surprisingly interesting post. reference 1128,2026-06-23 10:21:31.794009,False,GENUINE,1,0,0,1.0,50,2,0,1,1,0,0,7.5,0,7.5,False,False
C1129,U713,I250,the explanation of education was very clear. reference 1129,2026-06-23 08:25:31.794023,False,GENUINE,1,0,0,1.0000000000000002,50,9,15,1,1,0,0,9.0,0,9.0,False,False
C1130,U356,I165,i think this could be improved. reference 1130,2026-06-18 08:08:31.794036,False,GENUINE,1,0,0,1.0000000000000002,50,5,15,1,1,0,0,9.0,0,9.0,False,False
C1131,U936,I440,this was a surprisingly interesting post. reference 1131,2026-08-05 13:31:31.794050,False,GENUINE,1,0,0,1.0,50,2,0,1,1,0,0,7.5,0,7.5,False,False
C1132,U543,I79,i think this could be improved. reference 1132,2026-07-18 20:41:31.794063,False,GENUINE,1,0,0,1.0000000000000002,50,5,15,1,1,0,0,9.0,0,9.0,False,False
C1133,U554,I187,i think this could be improved. reference 1133,2026-06-14 18:11:31.794076,False,GENUINE,1,0,0,1.0000000000000002,50,6,15,1,1,0,0,9.0,0,9.0,False,False
C1134,U518,I194,i learned something useful about technology here. reference 1134,2026-06-16 10:09:31.794090,False,GENUINE,1,0,0,1.0,50,3,0,1,1,0,0,7.5,0,7.5,False,False
C1135,U877,I186,thanks for sharing this information. reference 1135,2026-07-13 15:24:31.794103,False,GENUINE,1,0,0,1.0,50,8,15,1,1,0,0,9.0,0,9.0,False,False
C1136,U738,I32,this was a surprisingly interesting post. reference 1136,2026-07-25 13:12:31.794117,False,GENUINE,1,0,0,0.661661894767308,0,6,15,1,1,0,0,1.5,0,1.5,False,False
C1137,U536,I349,i think this could be improved. reference 1137,2026-06-17 00:46:31.794130,False,GENUINE,1,0,0,0.6122441426822248,0,4,0,1,1,0,0,0.0,0,0.0,False,False
C1138,U289,I165,the information presented here is useful. reference 1138,2026-08-01 18:40:31.794144,False,GENUINE,1,0,0,0.6598076480079632,0,4,0,1,1,0,0,0.0,0,0.0,False,False
C1139,U98,I267,this is an interesting perspective on technology. reference 1139,2026-07-31 00:29:31.794159,False,GENUINE,1,0,0,0.7340859795799535,20,4,0,1,1,0,0,3.0,0,3.0,False,False
C1140,U182,I447,i really enjoyed this post about sports. reference 1140,2026-08-02 02:07:31.794173,False,GENUINE,1,0,0,0.7746110731001136,20,6,15,1,1,0,0,4.5,0,4.5,False,False
C1141,U497,I98,this is an interesting perspective on technology. reference 1141,2026-06-20 20:35:31.794187,False,GENUINE,1,0,0,0.7340859795799535,20,4,0,1,1,0,0,3.0,0,3.0,False,False
C1142,U657,I428,the information presented here is useful. reference 1142,2026-06-24 23:18:31.794201,False,GENUINE,1,0,0,0.6598076480079632,0,8,15,1,1,0,0,1.5,0,1.5,False,False
C1143,U638,I359,thanks for sharing this information. reference 1143,2026-08-07 08:45:31.794214,False,GENUINE,1,0,0,0.6789809902112234,0,5,15,1,1,0,0,1.5,0,1.5,False,False
C1144,U375,I113,thanks for sharing this information. reference 1144,2026-08-10 15:23:31.794228,False,GENUINE,1,0,0,0.6789809902112234,0,6,15,1,1,0,0,1.5,0,1.5,False,False
C1145,U952,I471,the explanation of food was very clear. reference 1145,2026-08-04 13:18:31.794241,False,GENUINE,1,0,0,0.7668898154278452,20,4,0,1,1,0,0,3.0,0,3.0,False,False
C1146,U479,I410,i really enjoyed this post about music. reference 1146,2026-06-22 00:58:31.794255,False,GENUINE,1,0,0,0.7730771289001258,20,4,0,1,1,0,0,3.0,0,3.0,False,False
C1147,U761,I480,the information presented here is useful. reference 1147,2026-06-08 08:23:31.794269,False,GENUINE,1,0,0,0.6598076480079632,0,6,15,1,1,0,0,1.5,0,1.5,False,False
C1148,U59,I421,thanks for sharing this information. reference 1148,2026-06-24 16:19:31.794282,False,GENUINE,1,0,0,0.6789809902112234,0,6,15,1,1,0,0,1.5,0,1.5,False,False
C1149,U41,I375,this is an interesting perspective on movies. reference 1149,2026-08-04 17:43:31.794296,False,GENUINE,1,0,0,0.7382784747058516,20,5,15,1,1,0,0,4.5,0,4.5,False,False
C1150,U967,I110,this was a surprisingly interesting post. reference 1150,2026-08-02 14:51:31.794310,False,GENUINE,1,0,0,0.661661894767308,0,6,15,1,1,0,0,1.5,0,1.5,False,False
C1151,U742,I118,this was a surprisingly interesting post. reference 1151,2026-07-25 14:06:31.794325,False,GENUINE,1,0,0,0.661661894767308,0,8,15,1,1,0,0,1.5,0,1.5,False,False
C1152,U197,I269,the explanation of education was very clear. reference 1152,2026-06-22 00:05:31.794340,False,GENUINE,1,0,0,0.7597438970269877,20,5,15,1,1,0,0,4.5,0,4.5,False,False
C1153,U767,I285,best deal available now,2026-06-14 16:53:31.794354,False,GENUINE,52,50,15,1.0000000000000002,50,10,40,51,1,40,0,36.0,8,44.0,False,False
C1154,U590,I183,you must buy this product,2026-08-02 08:34:31.794369,False,GENUINE,51,50,0,1.0,50,7,15,51,1,40,0,30.5,8,38.5,False,False
C1155,U170,I405,i learned something useful about fashion here. reference 1155,2026-06-26 21:27:31.794383,False,GENUINE,1,0,0,0.7359149406482672,20,6,15,1,1,0,0,4.5,0,4.5,False,False
C1156,U345,I336,i learned something useful about food here. reference 1156,2026-07-10 18:19:31.794399,False,GENUINE,1,0,0,0.7306701420191416,20,11,40,1,1,0,0,7.0,0,7.0,False,False
C1157,U924,I161,this was a surprisingly interesting post. reference 1157,2026-07-08 23:56:31.794421,False,GENUINE,1,0,0,0.661661894767308,0,4,0,1,1,0,0,0.0,0,0.0,False,False
C1158,U422,I391,click here for amazing deals,2026-06-17 10:53:31.794435,False,GENUINE,53,50,30,1.0000000000000002,50,10,40,53,1,40,0,39.0,8,47.0,False,False
C1159,U246,I288,this was a surprisingly interesting post. reference 1159,2026-07-08 16:38:31.794448,False,GENUINE,1,0,0,0.661661894767308,0,6,15,1,1,0,0,1.5,0,1.5,False,False
C1160,U784,I281,i have a different opinion about music. reference 1160,2026-07-01 15:41:31.794462,False,GENUINE,1,0,0,0.7390063271830457,20,9,15,1,1,0,0,4.5,0,4.5,False,False
C1161,U458,I491,the information presented here is useful. reference 1161,2026-06-06 17:19:31.794475,False,GENUINE,1,0,0,0.6598076480079632,0,5,15,1,1,0,0,1.5,0,1.5,False,False
C1162,U35,I145,thanks for sharing this information. reference 1162,2026-06-25 17:14:31.794489,False,GENUINE,1,0,0,0.6789809902112234,0,4,0,1,1,0,0,0.0,0,0.0,False,False
C1163,U138,I455,you must buy this product,2026-07-15 11:53:31.794503,False,GENUINE,51,50,0,1.0,50,7,15,51,1,40,0,30.5,8,38.5,False,False
C1164,U227,I109,you must buy this product,2026-06-10 01:16:31.794517,False,GENUINE,51,50,0,1.0,50,4,0,51,1,40,0,29.0,8,37.0,False,False
C1165,U842,I141,this was a surprisingly interesting post. reference 1165,2026-08-03 06:00:31.794531,False,GENUINE,1,0,0,0.661661894767308,0,4,0,1,1,0,0,0.0,0,0.0,False,False
C1166,U38,I235,this is worth discussing further. reference 1166,2026-07-30 05:37:31.794546,False,GENUINE,1,0,0,0.6148367794734235,0,5,15,1,1,0,0,1.5,0,1.5,False,False
C1167,U271,I187,thanks for sharing this information. reference 1167,2026-07-21 14:59:31.794560,False,GENUINE,1,0,0,0.6789809902112234,0,5,15,1,1,0,0,1.5,0,1.5,False,False
C1168,U262,I415,i have a different opinion about gaming. reference 1168,2026-06-20 21:44:31.794576,False,GENUINE,1,0,0,0.7402988924808734,20,2,0,1,1,0,0,3.0,0,3.0,False,False
C1169,U409,I291,the explanation of gaming was very clear. reference 1169,2026-06-06 23:17:31.794590,False,GENUINE,1,0,0,0.7624332223630372,20,2,0,1,1,0,0,3.0,0,3.0,False,False
C1170,U332,I405,i think this could be improved. reference 1170,2026-06-28 09:19:31.794603,False,GENUINE,1,0,0,0.6122441426822248,0,8,15,1,1,0,0,1.5,0,1.5,False,False
C1171,U845,I460,thanks for sharing this information. reference 1171,2026-06-18 15:40:31.794617,False,GENUINE,1,0,0,0.6789809902112234,0,3,0,1,1,0,0,0.0,0,0.0,False,False
C1172,U657,I153,i really enjoyed this post about fashion. reference 1172,2026-08-04 16:32:31.794631,False,GENUINE,1,0,0,0.7749801373506703,20,8,15,1,1,0,0,4.5,0,4.5,False,False
C1173,U798,I28,this is worth discussing further. reference 1173,2026-07-03 07:13:31.794644,False,GENUINE,1,0,0,0.6148367794734235,0,10,40,1,1,0,0,4.0,0,4.0,False,False
C1174,U426,I476,this is an interesting perspective on sports. reference 1174,2026-06-04 18:39:31.794658,False,GENUINE,1,0,0,0.7310531063082972,20,5,15,1,1,0,0,4.5,0,4.5,False,False
C1175,U668,I434,thanks for sharing this information. reference 1175,2026-06-15 03:14:31.794672,False,GENUINE,1,0,0,0.6789809902112234,0,7,15,1,1,0,0,1.5,0,1.5,False,False
C1176,U796,I323,the information presented here is useful. reference 1176,2026-07-15 02:10:31.794685,False,GENUINE,1,0,0,0.6598076480079632,0,3,0,1,1,0,0,0.0,0,0.0,False,False
C1177,U536,I21,this is worth discussing further. reference 1177,2026-07-13 02:00:31.794698,False,GENUINE,1,0,0,0.6148367794734235,0,4,0,1,1,0,0,0.0,0,0.0,False,False
C1178,U514,I357,the explanation of education was very clear. reference 1178,2026-08-07 05:37:31.794712,False,GENUINE,1,0,0,0.7597438970269877,20,9,15,1,1,0,0,4.5,0,4.5,False,False
C1179,U689,I374,the information presented here is useful. reference 1179,2026-06-04 07:22:31.794725,False,GENUINE,1,0,0,0.6598076480079632,0,5,15,1,1,0,0,1.5,0,1.5,False,False
C1180,U609,I294,this was a surprisingly interesting post. reference 1180,2026-07-22 14:49:31.794739,False,GENUINE,1,0,0,0.661661894767308,0,4,0,1,1,0,0,0.0,0,0.0,False,False
C1181,U442,I148,the information presented here is useful. reference 1181,2026-07-30 19:12:31.794752,False,GENUINE,1,0,0,0.6598076480079632,0,3,0,1,1,0,0,0.0,0,0.0,False,False
C1182,U344,I42,amazing product buy now,2026-06-22 22:31:31.794768,False,GENUINE,69,50,15,1.0,50,4,0,68,9,100,0,53.0,25,78.0,True,False
C1183,U408,I134,this is an interesting perspective on fashion. reference 1183,2026-06-27 03:44:31.794781,False,GENUINE,1,0,0,0.7361608768424162,20,6,15,1,1,0,0,4.5,0,4.5,False,False
C1184,U444,I396,i learned something useful about education here. reference 1184,2026-06-29 01:23:31.794797,False,GENUINE,1,0,0,0.7309832397113513,20,7,15,1,1,0,0,4.5,0,4.5,False,False
C1185,U572,I101,i think this could be improved. reference 1185,2026-06-13 11:07:31.794810,False,GENUINE,1,0,0,0.6122441426822248,0,2,0,1,1,0,0,0.0,0,0.0,False,False
C1186,U585,I100,best product ever buy now,2026-07-20 18:38:31.794824,False,GENUINE,75,50,15,1.0,50,4,0,72,1,40,0,32.0,8,40.0,False,False
C1187,U73,I136,the information presented here is useful. reference 1187,2026-06-10 12:09:31.794837,False,GENUINE,1,0,0,0.6598076480079632,0,4,0,1,1,0,0,0.0,0,0.0,False,False
C1188,U946,I294,this is an interesting perspective on gaming. reference 1188,2026-06-11 16:31:31.794852,False,GENUINE,1,0,0,0.7326877208387651,20,5,15,1,1,0,0,4.5,0,4.5,False,False
C1189,U423,I216,this is worth discussing further. reference 1189,2026-07-25 11:51:31.794865,False,GENUINE,1,0,0,0.6148367794734235,0,8,15,1,1,0,0,1.5,0,1.5,False,False
C1190,U328,I176,thanks for sharing this information. reference 1190,2026-07-15 02:05:31.794879,False,GENUINE,1,0,0,0.6789809902112234,0,7,15,1,1,0,0,1.5,0,1.5,False,False
C1191,U173,I179,thanks for sharing this information. reference 1191,2026-06-16 02:37:31.794893,False,GENUINE,1,0,0,0.6789809902112234,0,5,15,1,1,0,0,1.5,0,1.5,False,False
C1192,U149,I225,i really enjoyed this post about sports. reference 1192,2026-07-24 15:45:31.794906,False,GENUINE,1,0,0,0.7746110731001136,20,4,0,1,1,0,0,3.0,0,3.0,False,False
C1193,U701,I191,i learned something useful about gaming here. reference 1193,2026-08-01 14:30:31.794920,False,GENUINE,1,0,0,0.7317498758867395,20,5,15,1,1,0,0,4.5,0,4.5,False,False
C1194,U757,I27,the explanation of education was very clear. reference 1194,2026-07-16 15:31:31.794935,False,GENUINE,1,0,0,0.7597438970269877,20,3,0,1,1,0,0,3.0,0,3.0,False,False
C1195,U14,I175,this is an interesting perspective on movies. reference 1195,2026-07-01 20:48:31.794949,False,GENUINE,1,0,0,0.7382784747058516,20,3,0,1,1,0,0,3.0,0,3.0,False,False
C1196,U482,I11,this is worth discussing further. reference 1196,2026-06-05 11:24:31.794965,False,GENUINE,1,0,0,0.6148367794734235,0,5,15,1,1,0,0,1.5,0,1.5,False,False
C1197,U550,I108,the explanation of movies was very clear. reference 1197,2026-06-22 21:06:31.794979,False,GENUINE,1,0,0,0.769149315988473,20,7,15,1,1,0,0,4.5,0,4.5,False,False
C1198,U494,I318,i learned something useful about technology here. reference 1198,2026-07-08 13:16:31.794993,False,GENUINE,1,0,0,0.7297924268271072,20,5,15,1,1,0,0,4.5,0,4.5,False,False
C1199,U596,I463,this was a surprisingly interesting post. reference 1199,2026-07-19 13:55:31.795006,False,GENUINE,1,0,0,0.661661894767308,0,5,15,1,1,0,0,1.5,0,1.5,False,False
C1200,U174,I30,i have a different opinion about sports. reference 1200,2026-06-09 10:23:31.795020,False,GENUINE,1,0,0,0.7435975412000372,20,6,15,1,1,0,0,4.5,0,4.5,False,False
C1201,U632,I138,i really enjoyed this post about food. reference 1201,2026-06-13 05:38:31.795034,False,GENUINE,1,0,0,0.7772683096754256,20,3,0,1,1,0,0,3.0,0,3.0,False,False
C1202,U967,I4,this is an interesting perspective on fashion. reference 1202,2026-06-12 17:22:31.795048,False,GENUINE,1,0,0,0.7361608768424162,20,6,15,1,1,0,0,4.5,0,4.5,False,False
C1203,U277,I339,this is worth discussing further. reference 1203,2026-08-10 02:18:31.795061,False,GENUINE,1,0,0,0.6148367794734235,0,2,0,1,1,0,0,0.0,0,0.0,False,False
C1204,U299,I444,the information presented here is useful. reference 1204,2026-07-08 04:19:31.795075,False,GENUINE,1,0,0,0.6598076480079632,0,4,0,1,1,0,0,0.0,0,0.0,False,False
C1205,U520,I363,this is an interesting perspective on music. reference 1205,2026-06-28 17:13:31.795089,False,GENUINE,1,0,0,0.7318423269582839,20,7,15,1,1,0,0,4.5,0,4.5,False,False
C1206,U887,I305,this was a surprisingly interesting post. reference 1206,2026-07-25 20:44:31.795103,False,GENUINE,1,0,0,0.661661894767308,0,5,15,1,1,0,0,1.5,0,1.5,False,False
C1207,U203,I256,i think this could be improved. reference 1207,2026-08-08 05:08:31.795117,False,GENUINE,1,0,0,0.6122441426822248,0,6,15,1,1,0,0,1.5,0,1.5,False,False
C1208,U253,I472,this was a surprisingly interesting post. reference 1208,2026-07-12 11:17:31.795130,False,GENUINE,1,0,0,0.661661894767308,0,8,15,1,1,0,0,1.5,0,1.5,False,False
C1209,U501,I201,i learned something useful about technology here. reference 1209,2026-07-11 06:25:31.795144,False,GENUINE,1,0,0,0.7297924268271072,20,2,0,1,1,0,0,3.0,0,3.0,False,False
C1210,U700,I180,this is worth discussing further. reference 1210,2026-07-21 07:59:31.795158,False,GENUINE,1,0,0,0.6148367794734235,0,6,15,1,1,0,0,1.5,0,1.5,False,False
C1211,U513,I141,i really enjoyed this post about movies. reference 1211,2026-07-07 14:11:31.795173,False,GENUINE,1,0,0,0.7772370080656208,20,5,15,1,1,0,0,4.5,0,4.5,False,False
C1212,U911,I417,i really enjoyed this post about movies. reference 1212,2026-07-22 07:11:31.795187,False,GENUINE,1,0,0,0.7772370080656208,20,10,40,1,1,0,0,7.0,0,7.0,False,False
C1213,U155,I174,the information presented here is useful. reference 1213,2026-08-03 20:11:31.795203,False,GENUINE,1,0,0,0.6598076480079632,0,4,0,1,1,0,0,0.0,0,0.0,False,False
C1214,U747,I195,this was a surprisingly interesting post. reference 1214,2026-07-04 20:18:31.795220,False,GENUINE,1,0,0,0.661661894767308,0,7,15,1,1,0,0,1.5,0,1.5,False,False
C1215,U246,I293,click here for amazing deals,2026-07-14 09:34:31.795233,False,GENUINE,53,50,30,1.0000000000000002,50,6,15,53,1,40,0,36.5,8,44.5,False,False
C1216,U931,I309,this is worth discussing further. reference 1216,2026-06-23 11:27:31.795247,False,GENUINE,1,0,0,0.6148367794734235,0,3,0,1,1,0,0,0.0,0,0.0,False,False
C1217,U134,I105,i learned something useful about sports here. reference 1217,2026-07-30 06:16:31.795263,False,GENUINE,1,0,0,0.7313413266953137,20,2,0,1,1,0,0,3.0,0,3.0,False,False
C1218,U316,I352,this was a surprisingly interesting post. reference 1218,2026-07-03 16:29:31.795279,False,GENUINE,1,0,0,0.661661894767308,0,4,0,1,1,0,0,0.0,0,0.0,False,False
C1219,U930,I499,i learned something useful about education here. reference 1219,2026-07-13 22:24:31.795293,False,GENUINE,1,0,0,0.7309832397113513,20,6,15,1,1,0,0,4.5,0,4.5,False,False
C1220,U69,I285,this was a surprisingly interesting post. reference 1220,2026-07-26 01:44:31.795307,False,GENUINE,1,0,0,0.661661894767308,0,6,15,1,1,0,0,1.5,0,1.5,False,False
C1221,U325,I429,i learned something useful about technology here. reference 1221,2026-07-13 19:47:31.795321,False,GENUINE,1,0,0,0.7297924268271072,20,4,0,1,1,0,0,3.0,0,3.0,False,False
C1222,U901,I498,the information presented here is useful. reference 1222,2026-07-15 05:18:31.795334,False,GENUINE,1,0,0,0.6598076480079632,0,9,15,1,1,0,0,1.5,0,1.5,False,False
C1223,U453,I381,i have a different opinion about education. reference 1223,2026-07-25 17:26:31.795349,False,GENUINE,1,0,0,0.7416504318441781,20,5,15,1,1,0,0,4.5,0,4.5,False,False
C1224,U109,I67,i learned something useful about technology here. reference 1224,2026-06-03 10:23:31.795365,False,GENUINE,1,0,0,0.7297924268271072,20,7,15,1,1,0,0,4.5,0,4.5,False,False
C1225,U626,I315,i have a different opinion about sports. reference 1225,2026-06-18 13:12:31.795381,False,GENUINE,1,0,0,0.7435975412000372,20,4,0,1,1,0,0,3.0,0,3.0,False,False
C1226,U237,I118,i really enjoyed this post about music. reference 1226,2026-08-04 14:21:31.795394,False,GENUINE,1,0,0,0.7730771289001258,20,5,15,1,1,0,0,4.5,0,4.5,False,False
C1227,U704,I399,i think this could be improved. reference 1227,2026-06-27 02:38:31.795408,False,GENUINE,1,0,0,0.6122441426822248,0,9,15,1,1,0,0,1.5,0,1.5,False,False
C1228,U866,I309,i think this could be improved. reference 1228,2026-07-26 02:04:31.795518,False,GENUINE,1,0,0,0.6122441426822248,0,8,15,1,1,0,0,1.5,0,1.5,False,False
C1229,U872,I198,i think this could be improved. reference 1229,2026-07-30 07:34:31.795535,False,GENUINE,1,0,0,0.6122441426822248,0,10,40,1,1,0,0,4.0,0,4.0,False,False
C1230,U167,I98,the explanation of technology was very clear. reference 1230,2026-07-05 15:24:31.795549,False,GENUINE,1,0,0,0.768821942884016,20,5,15,1,1,0,0,4.5,0,4.5,False,False
C1231,U782,I496,i really enjoyed this post about movies. reference 1231,2026-07-05 05:40:31.795564,False,GENUINE,1,0,0,0.7772370080656208,20,8,15,1,1,0,0,4.5,0,4.5,False,False
C1232,U227,I380,the explanation of sports was very clear. reference 1232,2026-08-05 19:30:31.795578,False,GENUINE,1,0,0,0.761366899611231,20,4,0,1,1,0,0,3.0,0,3.0,False,False
C1233,U181,I474,i think this could be improved. reference 1233,2026-06-10 05:19:31.795592,False,GENUINE,1,0,0,0.6122441426822248,0,9,15,1,1,0,0,1.5,0,1.5,False,False
C1234,U332,I443,i think this could be improved. reference 1234,2026-07-03 21:58:31.795605,False,GENUINE,1,0,0,0.6122441426822248,0,8,15,1,1,0,0,1.5,0,1.5,False,False
C1235,U414,I397,i really enjoyed this post about fashion. reference 1235,2026-06-07 06:40:31.795619,False,GENUINE,1,0,0,0.7749801373506703,20,5,15,1,1,0,0,4.5,0,4.5,False,False
C1236,U320,I201,best deal available now,2026-06-25 10:36:31.795634,False,GENUINE,52,50,15,1.0000000000000002,50,3,0,51,1,40,0,32.0,8,40.0,False,False
C1237,U111,I231,i think this could be improved. reference 1237,2026-07-20 11:11:31.795647,False,GENUINE,1,0,0,0.6122441426822248,0,4,0,1,1,0,0,0.0,0,0.0,False,False
C1238,U531,I275,the information presented here is useful. reference 1238,2026-06-22 01:40:31.795661,False,GENUINE,1,0,0,0.6598076480079632,0,7,15,1,1,0,0,1.5,0,1.5,False,False
C1239,U396,I264,i really enjoyed this post about sports. reference 1239,2026-07-16 07:53:31.795675,False,GENUINE,1,0,0,0.7746110731001136,20,5,15,1,1,0,0,4.5,0,4.5,False,False
C1240,U450,I203,i have a different opinion about movies. reference 1240,2026-06-30 20:09:31.795689,False,GENUINE,1,0,0,0.7480534672157237,20,9,15,1,1,0,0,4.5,0,4.5,False,False
C1241,U170,I216,i have a different opinion about technology. reference 1241,2026-06-10 00:45:31.795705,False,GENUINE,1,0,0,0.7418462529021725,20,6,15,1,1,0,0,4.5,0,4.5,False,False
C1242,U529,I462,i learned something useful about food here. reference 1242,2026-06-14 00:33:31.795718,False,GENUINE,1,0,0,0.7306701420191416,20,6,15,1,1,0,0,4.5,0,4.5,False,False
C1243,U462,I46,amazing product buy now,2026-07-26 11:16:31.795732,False,GENUINE,69,50,15,1.0,50,10,40,68,3,95,0,55.25,25,80.25,True,False
C1244,U797,I299,this was a surprisingly interesting post. reference 1244,2026-07-07 01:18:31.795746,False,GENUINE,1,0,0,0.661661894767308,0,6,15,1,1,0,0,1.5,0,1.5,False,False
C1245,U423,I165,i think this could be improved. reference 1245,2026-07-26 13:13:31.795763,False,GENUINE,1,0,0,0.6122441426822248,0,8,15,1,1,0,0,1.5,0,1.5,False,False
C1246,U464,I302,the explanation of food was very clear. reference 1246,2026-08-03 14:58:31.795780,False,GENUINE,1,0,0,0.7668898154278452,20,5,15,1,1,0,0,4.5,0,4.5,False,False
C1247,U256,I165,i learned something useful about gaming here. reference 1247,2026-08-03 12:46:31.795794,False,GENUINE,1,0,0,0.7317498758867395,20,10,40,1,1,0,0,7.0,0,7.0,False,False
C1248,U116,I361,i think this could be improved. reference 1248,2026-08-04 01:37:31.795808,False,GENUINE,1,0,0,0.6122441426822248,0,9,15,1,1,0,0,1.5,0,1.5,False,False
C1249,U536,I362,the information presented here is useful. reference 1249,2026-07-08 08:44:31.795822,False,GENUINE,1,0,0,0.6598076480079632,0,4,0,1,1,0,0,0.0,0,0.0,False,False
C1250,U563,I194,i really enjoyed this post about education. reference 1250,2026-07-12 07:44:31.795836,False,GENUINE,1,0,0,0.7751482859536991,20,5,15,1,1,0,0,4.5,0,4.5,False,False
C1251,U579,I446,i learned something useful about education here. reference 1251,2026-07-29 16:05:31.795849,False,GENUINE,1,0,0,0.7309832397113513,20,5,15,1,1,0,0,4.5,0,4.5,False,False
C1252,U183,I393,i really enjoyed this post about fashion. reference 1252,2026-07-14 19:00:31.795865,False,GENUINE,1,0,0,0.7749801373506703,20,6,15,1,1,0,0,4.5,0,4.5,False,False
C1253,U316,I373,amazing product buy now,2026-06-15 19:28:31.795879,False,GENUINE,69,50,15,1.0,50,4,0,68,2,50,0,35.5,8,43.5,False,False
C1254,U185,I60,i learned something useful about sports here. reference 1254,2026-08-11 12:15:31.795893,False,GENUINE,1,0,0,0.7313413266953137,20,5,15,1,1,0,0,4.5,0,4.5,False,False
C1255,U637,I391,i have a different opinion about technology. reference 1255,2026-07-01 02:03:31.795907,False,GENUINE,1,0,0,0.7418462529021725,20,4,0,1,1,0,0,3.0,0,3.0,False,False
C1256,U509,I437,i think this could be improved. reference 1256,2026-06-17 11:49:31.795920,False,GENUINE,1,0,0,0.6122441426822248,0,10,40,1,1,0,0,4.0,0,4.0,False,False
C1257,U903,I252,the explanation of sports was very clear. reference 1257,2026-06-19 05:35:31.795934,False,GENUINE,1,0,0,0.761366899611231,20,9,15,1,1,0,0,4.5,0,4.5,False,False
C1258,U675,I243,you must buy this product,2026-07-02 14:41:31.795948,False,GENUINE,51,50,0,1.0,50,5,15,51,1,40,0,30.5,8,38.5,False,False
C1259,U81,I307,thanks for sharing this information. reference 1259,2026-07-20 13:23:31.795961,False,GENUINE,1,0,0,0.6789809902112234,0,5,15,1,1,0,0,1.5,0,1.5,False,False
C1260,U903,I280,i have a different opinion about sports. reference 1260,2026-08-07 09:07:31.795975,False,GENUINE,1,0,0,0.7435975412000372,20,9,15,1,1,0,0,4.5,0,4.5,False,False
C1261,U189,I75,i really enjoyed this post about music. reference 1261,2026-08-08 11:45:31.795989,False,GENUINE,1,0,0,0.7730771289001258,20,6,15,1,1,0,0,4.5,0,4.5,False,False
C1262,U148,I437,you must buy this product,2026-07-12 16:39:31.796003,False,GENUINE,51,50,0,1.0,50,6,15,51,1,40,0,30.5,8,38.5,False,False
C1263,U942,I44,i really enjoyed this post about gaming. reference 1263,2026-07-04 21:07:31.796017,False,GENUINE,1,0,0,0.7760108921746118,20,8,15,1,1,0,0,4.5,0,4.5,False,False
C1264,U182,I82,i have a different opinion about education. reference 1264,2026-07-01 09:16:31.796031,False,GENUINE,1,0,0,0.7416504318441781,20,6,15,1,1,0,0,4.5,0,4.5,False,False
C1265,U767,I296,this is worth discussing further. reference 1265,2026-08-03 08:32:31.796045,False,GENUINE,1,0,0,0.6148367794734235,0,10,40,1,1,0,0,4.0,0,4.0,False,False
C1266,U786,I153,this is worth discussing further. reference 1266,2026-07-08 08:10:31.796058,False,GENUINE,1,0,0,0.6148367794734235,0,8,15,1,1,0,0,1.5,0,1.5,False,False
C1267,U839,I34,the information presented here is useful. reference 1267,2026-07-16 04:16:31.796072,False,GENUINE,1,0,0,0.6598076480079632,0,3,0,1,1,0,0,0.0,0,0.0,False,False
C1268,U482,I68,this is an interesting perspective on movies. reference 1268,2026-07-12 20:48:31.796086,False,GENUINE,1,0,0,0.7382784747058516,20,5,15,1,1,0,0,4.5,0,4.5,False,False
C1269,U539,I211,this was a surprisingly interesting post. reference 1269,2026-06-09 11:55:31.796101,False,GENUINE,1,0,0,0.661661894767308,0,4,0,1,1,0,0,0.0,0,0.0,False,False
C1270,U214,I313,i really enjoyed this post about gaming. reference 1270,2026-06-20 19:48:31.796115,False,GENUINE,1,0,0,0.7760108921746118,20,7,15,1,1,0,0,4.5,0,4.5,False,False
C1271,U747,I322,best product ever buy now,2026-06-28 19:24:31.796129,False,GENUINE,75,50,15,1.0,50,7,15,72,1,40,0,33.5,8,41.5,False,False
C1272,U741,I352,thanks for sharing this information. reference 1272,2026-07-03 23:04:31.796144,False,GENUINE,1,0,0,0.6789809902112234,0,11,40,1,1,0,0,4.0,0,4.0,False,False
C1273,U623,I434,this is worth discussing further. reference 1273,2026-06-25 00:14:31.796157,False,GENUINE,1,0,0,0.6148367794734235,0,11,40,1,1,0,0,4.0,0,4.0,False,False
C1274,U588,I319,this is worth discussing further. reference 1274,2026-06-16 22:02:31.796170,False,GENUINE,1,0,0,0.6148367794734235,0,4,0,1,1,0,0,0.0,0,0.0,False,False
C1275,U576,I254,this was a surprisingly interesting post. reference 1275,2026-06-28 00:05:31.796184,False,GENUINE,1,0,0,0.661661894767308,0,4,0,1,1,0,0,0.0,0,0.0,False,False
C1276,U827,I92,thanks for sharing this information. reference 1276,2026-06-08 08:03:31.796197,False,GENUINE,1,0,0,0.6789809902112234,0,6,15,1,1,0,0,1.5,0,1.5,False,False
C1277,U297,I99,i really enjoyed this post about gaming. reference 1277,2026-08-09 15:35:31.796211,False,GENUINE,1,0,0,0.7760108921746118,20,6,15,1,1,0,0,4.5,0,4.5,False,False
C1278,U476,I320,this is an interesting perspective on sports. reference 1278,2026-06-16 19:49:31.796236,False,GENUINE,1,0,0,0.7310531063082972,20,3,0,1,1,0,0,3.0,0,3.0,False,False
C1279,U424,I211,i really enjoyed this post about music. reference 1279,2026-07-11 00:09:31.796250,False,GENUINE,1,0,0,0.7730771289001258,20,5,15,1,1,0,0,4.5,0,4.5,False,False
C1280,U573,I412,the explanation of technology was very clear. reference 1280,2026-06-14 12:31:31.796264,False,GENUINE,1,0,0,0.768821942884016,20,10,40,1,1,0,0,7.0,0,7.0,False,False
C1281,U206,I353,i have a different opinion about movies. reference 1281,2026-08-05 15:47:31.796283,False,GENUINE,1,0,0,0.7480534672157237,20,5,15,1,1,0,0,4.5,0,4.5,False,False
C1282,U315,I153,this was a surprisingly interesting post. reference 1282,2026-08-11 06:35:31.796300,False,GENUINE,1,0,0,0.661661894767308,0,10,40,1,1,0,0,4.0,0,4.0,False,False
C1283,U116,I351,this is worth discussing further. reference 1283,2026-07-06 18:48:31.796314,False,GENUINE,1,0,0,0.6148367794734235,0,9,15,1,1,0,0,1.5,0,1.5,False,False
C1284,U741,I291,thanks for sharing this information. reference 1284,2026-07-26 20:18:31.796328,False,GENUINE,1,0,0,0.6789809902112234,0,11,40,1,1,0,0,4.0,0,4.0,False,False
C1285,U198,I169,this is worth discussing further. reference 1285,2026-06-29 15:25:31.796342,False,GENUINE,1,0,0,0.6148367794734235,0,6,15,1,1,0,0,1.5,0,1.5,False,False
C1286,U816,I18,amazing product buy now,2026-07-28 16:32:31.796356,False,GENUINE,69,50,15,1.0,50,3,0,68,1,40,0,32.0,8,40.0,False,False
C1287,U642,I235,this was a surprisingly interesting post. reference 1287,2026-06-30 17:42:31.796369,False,GENUINE,1,0,0,0.661661894767308,0,7,15,1,1,0,0,1.5,0,1.5,False,False
C1288,U802,I416,the information presented here is useful. reference 1288,2026-06-25 09:40:31.796383,False,GENUINE,1,0,0,0.6598076480079632,0,9,15,1,1,0,0,1.5,0,1.5,False,False
C1289,U306,I289,this is worth discussing further. reference 1289,2026-07-23 21:01:31.796397,False,GENUINE,1,0,0,0.6148367794734235,0,7,15,1,1,0,0,1.5,0,1.5,False,False
C1290,U591,I350,best product ever buy now,2026-08-05 19:20:31.796419,False,GENUINE,75,50,15,1.0,50,7,15,72,1,40,0,33.5,8,41.5,False,False
C1291,U992,I76,i have a different opinion about technology. reference 1291,2026-07-11 23:05:31.796433,False,GENUINE,1,0,0,0.7418462529021725,20,5,15,1,1,0,0,4.5,0,4.5,False,False
C1292,U384,I320,this was a surprisingly interesting post. reference 1292,2026-06-20 20:39:31.796447,False,GENUINE,1,0,0,0.661661894767308,0,2,0,1,1,0,0,0.0,0,0.0,False,False
C1293,U620,I199,i learned something useful about gaming here. reference 1293,2026-06-04 10:13:31.796461,False,GENUINE,1,0,0,0.7317498758867395,20,8,15,1,1,0,0,4.5,0,4.5,False,False
C1294,U315,I361,this is worth discussing further. reference 1294,2026-07-18 02:53:31.796475,False,GENUINE,1,0,0,0.6148367794734235,0,10,40,1,1,0,0,4.0,0,4.0,False,False
C1295,U423,I44,i think this could be improved. reference 1295,2026-07-09 00:14:31.796488,False,GENUINE,1,0,0,0.6122441426822248,0,8,15,1,1,0,0,1.5,0,1.5,False,False
C1296,U462,I424,i have a different opinion about sports. reference 1296,2026-06-25 00:53:31.796502,False,GENUINE,1,0,0,0.7435975412000372,20,10,40,1,1,0,0,7.0,0,7.0,False,False
C1297,U309,I89,this is an interesting perspective on music. reference 1297,2026-08-08 10:17:31.796519,False,GENUINE,1,0,0,0.7318423269582839,20,8,15,1,1,0,0,4.5,0,4.5,False,False
C1298,U796,I103,this is an interesting perspective on food. reference 1298,2026-06-26 18:37:31.796533,False,GENUINE,1,0,0,0.7354630625709739,20,3,0,1,1,0,0,3.0,0,3.0,False,False
C1299,U25,I409,i think this could be improved. reference 1299,2026-07-25 12:27:31.796547,False,GENUINE,1,0,0,0.6122441426822248,0,6,15,1,1,0,0,1.5,0,1.5,False,False
C1300,U348,I472,i think this could be improved. reference 1300,2026-07-13 00:54:31.796561,False,GENUINE,1,0,0,0.6122441426822248,0,7,15,1,1,0,0,1.5,0,1.5,False,False
C1301,U146,I393,this is an interesting perspective on education. reference 1301,2026-07-24 03:44:31.796578,False,GENUINE,1,0,0,0.7306942280328299,20,6,15,1,1,0,0,4.5,0,4.5,False,False
C1302,U741,I18,i think this could be improved. reference 1302,2026-06-07 20:55:31.796592,False,GENUINE,1,0,0,0.6122441426822248,0,11,40,1,1,0,0,4.0,0,4.0,False,False
C1303,U885,I267,this is an interesting perspective on technology. reference 1303,2026-07-14 12:38:31.796606,False,GENUINE,1,0,0,0.7340859795799535,20,3,0,1,1,0,0,3.0,0,3.0,False,False
C1304,U954,I22,thanks for sharing this information. reference 1304,2026-07-12 11:54:31.796620,False,GENUINE,1,0,0,0.6789809902112234,0,5,15,1,1,0,0,1.5,0,1.5,False,False
C1305,U478,I455,i really enjoyed this post about gaming. reference 1305,2026-06-25 10:45:31.796635,False,GENUINE,1,0,0,0.7760108921746118,20,7,15,1,1,0,0,4.5,0,4.5,False,False
C1306,U784,I337,best product ever buy now,2026-06-20 06:17:31.796649,False,GENUINE,75,50,15,1.0,50,9,15,72,2,50,0,37.0,8,45.0,False,False
C1307,U776,I159,the explanation of music was very clear. reference 1307,2026-07-24 13:51:31.796665,False,GENUINE,1,0,0,0.7662202675963719,20,4,0,1,1,0,0,3.0,0,3.0,False,False
C1308,U197,I146,i have a different opinion about music. reference 1308,2026-07-02 16:21:31.796679,False,GENUINE,1,0,0,0.7390063271830457,20,5,15,1,1,0,0,4.5,0,4.5,False,False
C1309,U687,I60,i have a different opinion about education. reference 1309,2026-07-28 11:55:31.796696,False,GENUINE,1,0,0,0.7416504318441781,20,4,0,1,1,0,0,3.0,0,3.0,False,False
C1310,U280,I58,click here for amazing deals,2026-07-24 00:42:31.796711,False,GENUINE,53,50,30,1.0000000000000002,50,6,15,53,1,40,0,36.5,8,44.5,False,False
C1311,U555,I179,this was a surprisingly interesting post. reference 1311,2026-07-18 03:51:31.796724,False,GENUINE,1,0,0,0.661661894767308,0,1,0,1,1,0,0,0.0,0,0.0,False,False
C1312,U144,I482,i have a different opinion about sports. reference 1312,2026-07-27 05:49:31.796738,False,GENUINE,1,0,0,0.7435975412000372,20,11,40,1,1,0,0,7.0,0,7.0,False,False
C1313,U72,I159,thanks for sharing this information. reference 1313,2026-06-23 15:04:31.796751,False,GENUINE,1,0,0,0.6789809902112234,0,4,0,1,1,0,0,0.0,0,0.0,False,False
C1314,U454,I25,i learned something useful about technology here. reference 1314,2026-06-29 23:38:31.796765,False,GENUINE,1,0,0,0.7297924268271072,20,9,15,1,1,0,0,4.5,0,4.5,False,False
C1315,U924,I345,i really enjoyed this post about gaming. reference 1315,2026-07-07 21:59:31.796779,False,GENUINE,1,0,0,0.7760108921746118,20,4,0,1,1,0,0,3.0,0,3.0,False,False
C1316,U55,I44,the information presented here is useful. reference 1316,2026-07-26 12:59:31.796792,False,GENUINE,1,0,0,0.6598076480079632,0,5,15,1,1,0,0,1.5,0,1.5,False,False
C1317,U721,I305,best deal available now,2026-06-16 17:37:31.796806,False,GENUINE,52,50,15,1.0000000000000002,50,3,0,51,1,40,0,32.0,8,40.0,False,False
C1318,U364,I159,this is worth discussing further. reference 1318,2026-06-07 22:37:31.796819,False,GENUINE,1,0,0,0.6148367794734235,0,3,0,1,1,0,0,0.0,0,0.0,False,False
C1319,U776,I343,this was a surprisingly interesting post. reference 1319,2026-06-04 01:02:31.796832,False,GENUINE,1,0,0,0.661661894767308,0,4,0,1,1,0,0,0.0,0,0.0,False,False
C1320,U782,I238,thanks for sharing this information. reference 1320,2026-08-03 09:00:31.796846,False,GENUINE,1,0,0,0.6789809902112234,0,8,15,1,1,0,0,1.5,0,1.5,False,False
C1321,U832,I410,best deal available now,2026-07-01 08:44:31.796859,False,GENUINE,52,50,15,1.0000000000000002,50,9,15,51,1,40,0,33.5,8,41.5,False,False
C1322,U317,I350,i think this could be improved. reference 1322,2026-07-21 17:50:31.796873,False,GENUINE,1,0,0,0.6122441426822248,0,4,0,1,1,0,0,0.0,0,0.0,False,False
C1323,U970,I114,i learned something useful about movies here. reference 1323,2026-07-09 18:00:31.796887,False,GENUINE,1,0,0,0.736990248638929,20,7,15,1,1,0,0,4.5,0,4.5,False,False
C1324,U401,I93,this is worth discussing further. reference 1324,2026-07-01 13:46:31.796900,False,GENUINE,1,0,0,0.6148367794734235,0,6,15,1,1,0,0,1.5,0,1.5,False,False
C1325,U499,I15,this is an interesting perspective on food. reference 1325,2026-08-01 13:22:31.796914,False,GENUINE,1,0,0,0.7354630625709739,20,6,15,1,1,0,0,4.5,0,4.5,False,False
C1326,U359,I245,best deal available now,2026-07-17 03:22:31.796930,False,GENUINE,52,50,15,1.0000000000000002,50,5,15,51,1,40,0,33.5,8,41.5,False,False
C1327,U786,I178,thanks for sharing this information. reference 1327,2026-06-26 14:21:31.796943,False,GENUINE,1,0,0,0.6789809902112234,0,8,15,1,1,0,0,1.5,0,1.5,False,False
C1328,U105,I207,this is an interesting perspective on music. reference 1328,2026-06-22 05:03:31.796957,False,GENUINE,1,0,0,0.7318423269582839,20,5,15,1,1,0,0,4.5,0,4.5,False,False
C1329,U665,I36,i have a different opinion about food. reference 1329,2026-07-06 08:23:31.796971,False,GENUINE,1,0,0,0.7486181787682682,20,4,0,1,1,0,0,3.0,0,3.0,False,False
C1330,U604,I211,the explanation of sports was very clear. reference 1330,2026-06-22 22:58:31.796984,False,GENUINE,1,0,0,0.761366899611231,20,5,15,1,1,0,0,4.5,0,4.5,False,False
C1331,U162,I498,i think this could be improved. reference 1331,2026-08-05 19:40:31.796998,False,GENUINE,1,0,0,0.6122441426822248,0,8,15,1,1,0,0,1.5,0,1.5,False,False
C1332,U348,I106,thanks for sharing this information. reference 1332,2026-07-03 04:56:31.797011,False,GENUINE,1,0,0,0.6789809902112234,0,7,15,1,1,0,0,1.5,0,1.5,False,False
C1333,U580,I403,this is worth discussing further. reference 1333,2026-07-27 01:52:31.797025,False,GENUINE,1,0,0,0.6148367794734235,0,7,15,1,1,0,0,1.5,0,1.5,False,False
C1334,U678,I342,this is an interesting perspective on food. reference 1334,2026-08-01 10:14:31.797039,False,GENUINE,1,0,0,0.7354630625709739,20,4,0,1,1,0,0,3.0,0,3.0,False,False
C1335,U606,I305,best product ever buy now,2026-06-22 07:22:31.797052,False,GENUINE,75,50,15,1.0,50,4,0,72,1,40,0,32.0,8,40.0,False,False
C1336,U99,I420,best deal available now,2026-07-14 19:04:31.797066,False,GENUINE,52,50,15,1.0000000000000002,50,6,15,51,2,50,0,37.0,8,45.0,False,False
C1337,U978,I207,this is an interesting perspective on gaming. reference 1337,2026-06-10 10:28:31.797081,False,GENUINE,1,0,0,0.7326877208387651,20,9,15,1,1,0,0,4.5,0,4.5,False,False
C1338,U833,I305,the information presented here is useful. reference 1338,2026-06-27 20:10:31.797094,False,GENUINE,1,0,0,0.6598076480079632,0,8,15,1,1,0,0,1.5,0,1.5,False,False
C1339,U660,I338,i really enjoyed this post about gaming. reference 1339,2026-07-23 00:36:31.797108,False,GENUINE,1,0,0,0.7760108921746118,20,5,15,1,1,0,0,4.5,0,4.5,False,False
C1340,U836,I71,thanks for sharing this information. reference 1340,2026-06-03 22:07:31.797122,False,GENUINE,1,0,0,0.6789809902112234,0,4,0,1,1,0,0,0.0,0,0.0,False,False
C1341,U150,I338,i learned something useful about food here. reference 1341,2026-06-24 11:26:31.797137,False,GENUINE,1,0,0,0.7306701420191416,20,3,0,1,1,0,0,3.0,0,3.0,False,False
C1342,U298,I199,thanks for sharing this information. reference 1342,2026-07-25 00:32:31.797151,False,GENUINE,1,0,0,0.6789809902112234,0,8,15,1,1,0,0,1.5,0,1.5,False,False
C1343,U210,I348,you must buy this product,2026-06-20 22:11:31.797164,False,GENUINE,51,50,0,1.0,50,7,15,51,2,50,0,34.0,8,42.0,False,False
C1344,U813,I467,i have a different opinion about fashion. reference 1344,2026-06-07 11:56:31.797178,False,GENUINE,1,0,0,0.743131701331639,20,6,15,1,1,0,0,4.5,0,4.5,False,False
C1345,U937,I176,this is an interesting perspective on technology. reference 1345,2026-06-17 04:09:31.797194,False,GENUINE,1,0,0,0.7340859795799535,20,5,15,1,1,0,0,4.5,0,4.5,False,False
C1346,U522,I206,i learned something useful about movies here. reference 1346,2026-08-06 03:38:31.797208,False,GENUINE,1,0,0,0.736990248638929,20,3,0,1,1,0,0,3.0,0,3.0,False,False
C1347,U378,I461,this was a surprisingly interesting post. reference 1347,2026-08-11 18:08:31.797222,False,GENUINE,1,0,0,0.661661894767308,0,8,15,1,1,0,0,1.5,0,1.5,False,False
C1348,U720,I286,this is worth discussing further. reference 1348,2026-07-17 03:29:31.797236,False,GENUINE,1,0,0,0.6148367794734235,0,6,15,1,1,0,0,1.5,0,1.5,False,False
C1349,U886,I15,the explanation of fashion was very clear. reference 1349,2026-06-08 21:57:31.797250,False,GENUINE,1,0,0,0.7656396726651926,20,3,0,1,1,0,0,3.0,0,3.0,False,False
C1350,U604,I201,this is worth discussing further. reference 1350,2026-07-05 20:59:31.797263,False,GENUINE,1,0,0,0.6148367794734235,0,5,15,1,1,0,0,1.5,0,1.5,False,False
C1351,U390,I222,this was a surprisingly interesting post. reference 1351,2026-06-12 12:45:31.797277,False,GENUINE,1,0,0,0.661661894767308,0,6,15,1,1,0,0,1.5,0,1.5,False,False
C1352,U177,I243,i learned something useful about sports here. reference 1352,2026-06-22 06:38:31.797290,False,GENUINE,1,0,0,0.7313413266953137,20,5,15,1,1,0,0,4.5,0,4.5,False,False
C1353,U393,I431,this is worth discussing further. reference 1353,2026-07-28 18:58:31.797304,False,GENUINE,1,0,0,0.6148367794734235,0,6,15,1,1,0,0,1.5,0,1.5,False,False
C1354,U295,I446,i learned something useful about education here. reference 1354,2026-08-10 18:38:31.797320,False,GENUINE,1,0,0,0.7309832397113513,20,7,15,1,1,0,0,4.5,0,4.5,False,False
C1355,U73,I331,i really enjoyed this post about education. reference 1355,2026-06-07 04:11:31.797334,False,GENUINE,1,0,0,0.7751482859536991,20,4,0,1,1,0,0,3.0,0,3.0,False,False
C1356,U906,I249,the information presented here is useful. reference 1356,2026-08-04 03:01:31.797348,False,GENUINE,1,0,0,0.6598076480079632,0,4,0,1,1,0,0,0.0,0,0.0,False,False
C1357,U140,I328,the information presented here is useful. reference 1357,2026-06-09 12:52:31.797362,False,GENUINE,1,0,0,0.6598076480079632,0,6,15,1,1,0,0,1.5,0,1.5,False,False
C1358,U618,I476,the information presented here is useful. reference 1358,2026-07-01 11:20:31.797375,False,GENUINE,1,0,0,0.6598076480079632,0,3,0,1,1,0,0,0.0,0,0.0,False,False
C1359,U521,I217,this was a surprisingly interesting post. reference 1359,2026-07-07 19:33:31.797389,False,GENUINE,1,0,0,0.661661894767308,0,1,0,1,1,0,0,0.0,0,0.0,False,False
C1360,U363,I115,i learned something useful about fashion here. reference 1360,2026-06-17 19:16:31.797402,False,GENUINE,1,0,0,0.7359149406482672,20,7,15,1,1,0,0,4.5,0,4.5,False,False
C1361,U7,I295,amazing product buy now,2026-06-08 00:18:31.797416,False,GENUINE,69,50,15,1.0,50,9,15,68,1,40,0,33.5,8,41.5,False,False
C1362,U513,I137,the information presented here is useful. reference 1362,2026-08-08 18:53:31.797430,False,GENUINE,1,0,0,0.6598076480079632,0,5,15,1,1,0,0,1.5,0,1.5,False,False
C1363,U38,I290,i think this could be improved. reference 1363,2026-08-01 12:46:31.797444,False,GENUINE,1,0,0,0.6122441426822248,0,5,15,1,1,0,0,1.5,0,1.5,False,False
C1364,U594,I246,this is an interesting perspective on education. reference 1364,2026-06-06 08:52:31.797458,False,GENUINE,1,0,0,0.7306942280328299,20,7,15,1,1,0,0,4.5,0,4.5,False,False
C1365,U748,I269,i have a different opinion about food. reference 1365,2026-06-25 18:41:31.797472,False,GENUINE,1,0,0,0.7486181787682682,20,5,15,1,1,0,0,4.5,0,4.5,False,False
C1366,U80,I267,thanks for sharing this information. reference 1366,2026-07-20 12:16:31.797489,False,GENUINE,1,0,0,0.6789809902112234,0,11,40,1,1,0,0,4.0,0,4.0,False,False
C1367,U483,I322,this is an interesting perspective on movies. reference 1367,2026-06-17 00:46:31.797503,False,GENUINE,1,0,0,0.7382784747058516,20,5,15,1,1,0,0,4.5,0,4.5,False,False
C1368,U54,I462,this is worth discussing further. reference 1368,2026-06-30 03:43:31.797517,False,GENUINE,1,0,0,0.6148367794734235,0,7,15,1,1,0,0,1.5,0,1.5,False,False
C1369,U464,I262,i think this could be improved. reference 1369,2026-07-04 12:15:31.797530,False,GENUINE,1,0,0,0.6122441426822248,0,5,15,1,1,0,0,1.5,0,1.5,False,False
C1370,U361,I491,i have a different opinion about movies. reference 1370,2026-07-27 14:03:31.797544,False,GENUINE,1,0,0,0.7480534672157237,20,4,0,1,1,0,0,3.0,0,3.0,False,False
C1371,U36,I355,thanks for sharing this information. reference 1371,2026-06-06 15:53:31.797558,False,GENUINE,1,0,0,0.6789809902112234,0,10,40,1,1,0,0,4.0,0,4.0,False,False
C1372,U803,I288,i have a different opinion about technology. reference 1372,2026-06-15 13:15:31.797571,False,GENUINE,1,0,0,0.7418462529021725,20,6,15,1,1,0,0,4.5,0,4.5,False,False
C1373,U484,I296,i learned something useful about technology here. reference 1373,2026-06-13 02:13:31.797587,False,GENUINE,1,0,0,0.7297924268271072,20,6,15,1,1,0,0,4.5,0,4.5,False,False
C1374,U298,I414,thanks for sharing this information. reference 1374,2026-07-16 17:25:31.797601,False,GENUINE,1,0,0,0.6789809902112234,0,8,15,1,1,0,0,1.5,0,1.5,False,False
C1375,U496,I42,i learned something useful about gaming here. reference 1375,2026-07-17 13:00:31.797615,False,GENUINE,1,0,0,0.7317498758867395,20,2,0,1,1,0,0,3.0,0,3.0,False,False
C1376,U258,I67,thanks for sharing this information. reference 1376,2026-07-17 18:45:31.797628,False,GENUINE,1,0,0,0.6789809902112234,0,6,15,1,1,0,0,1.5,0,1.5,False,False
C1377,U878,I131,amazing product buy now,2026-06-17 20:54:31.797642,False,GENUINE,69,50,15,1.0,50,2,0,68,1,40,0,32.0,8,40.0,False,False
C1378,U178,I465,thanks for sharing this information. reference 1378,2026-06-12 20:02:31.797656,False,GENUINE,1,0,0,0.6789809902112234,0,5,15,1,1,0,0,1.5,0,1.5,False,False
C1379,U457,I189,i learned something useful about movies here. reference 1379,2026-06-09 01:07:31.797672,False,GENUINE,1,0,0,0.736990248638929,20,8,15,1,1,0,0,4.5,0,4.5,False,False
C1380,U241,I248,i learned something useful about technology here. reference 1380,2026-07-11 15:01:31.797686,False,GENUINE,1,0,0,0.7297924268271072,20,4,0,1,1,0,0,3.0,0,3.0,False,False
C1381,U86,I495,i learned something useful about education here. reference 1381,2026-06-27 16:34:31.797700,False,GENUINE,1,0,0,0.7309832397113513,20,13,40,1,1,0,0,7.0,0,7.0,False,False
C1382,U770,I211,the information presented here is useful. reference 1382,2026-06-12 16:44:31.797721,False,GENUINE,1,0,0,0.6598076480079632,0,3,0,1,1,0,0,0.0,0,0.0,False,False
C1383,U450,I371,i learned something useful about sports here. reference 1383,2026-06-20 05:51:31.797735,False,GENUINE,1,0,0,0.7313413266953137,20,9,15,1,1,0,0,4.5,0,4.5,False,False
C1384,U751,I431,this is worth discussing further. reference 1384,2026-06-14 08:56:31.797749,False,GENUINE,1,0,0,0.6148367794734235,0,5,15,1,1,0,0,1.5,0,1.5,False,False
C1385,U270,I386,this is an interesting perspective on technology. reference 1385,2026-07-27 13:51:31.797762,False,GENUINE,1,0,0,0.7340859795799535,20,4,0,1,1,0,0,3.0,0,3.0,False,False
C1386,U475,I204,i think this could be improved. reference 1386,2026-06-29 11:33:31.797776,False,GENUINE,1,0,0,0.6122441426822248,0,5,15,1,1,0,0,1.5,0,1.5,False,False
C1387,U764,I485,this was a surprisingly interesting post. reference 1387,2026-07-08 06:17:31.797789,False,GENUINE,1,0,0,0.661661894767308,0,2,0,1,1,0,0,0.0,0,0.0,False,False
C1388,U699,I361,the information presented here is useful. reference 1388,2026-07-18 22:16:31.797803,False,GENUINE,1,0,0,0.6598076480079632,0,6,15,1,1,0,0,1.5,0,1.5,False,False
C1389,U148,I271,the information presented here is useful. reference 1389,2026-07-16 13:06:31.797816,False,GENUINE,1,0,0,0.6598076480079632,0,6,15,1,1,0,0,1.5,0,1.5,False,False
C1390,U949,I408,i think this could be improved. reference 1390,2026-06-11 01:47:31.797830,False,GENUINE,1,0,0,0.6122441426822248,0,4,0,1,1,0,0,0.0,0,0.0,False,False
C1391,U323,I492,this was a surprisingly interesting post. reference 1391,2026-08-02 23:17:31.797843,False,GENUINE,1,0,0,0.661661894767308,0,4,0,1,1,0,0,0.0,0,0.0,False,False
C1392,U939,I272,this is worth discussing further. reference 1392,2026-06-17 06:21:31.797857,False,GENUINE,1,0,0,0.6148367794734235,0,5,15,1,1,0,0,1.5,0,1.5,False,False
C1393,U940,I333,i have a different opinion about music. reference 1393,2026-07-18 05:26:31.797870,False,GENUINE,1,0,0,0.7390063271830457,20,6,15,1,1,0,0,4.5,0,4.5,False,False
C1394,U273,I410,this is an interesting perspective on movies. reference 1394,2026-06-13 06:32:31.797886,False,GENUINE,1,0,0,0.7382784747058516,20,13,40,1,1,0,0,7.0,0,7.0,False,False
C1395,U598,I200,i think this could be improved. reference 1395,2026-06-05 23:51:31.797900,False,GENUINE,1,0,0,0.6122441426822248,0,7,15,1,1,0,0,1.5,0,1.5,False,False
C1396,U688,I301,the explanation of music was very clear. reference 1396,2026-06-11 03:29:31.797914,False,GENUINE,1,0,0,0.7662202675963719,20,4,0,1,1,0,0,3.0,0,3.0,False,False
C1397,U706,I92,best product ever buy now,2026-06-11 14:13:31.797928,False,GENUINE,75,50,15,1.0,50,5,15,72,1,40,0,33.5,8,41.5,False,False
C1398,U8,I425,this is an interesting perspective on technology. reference 1398,2026-07-05 09:35:31.797942,False,GENUINE,1,0,0,0.7340859795799535,20,7,15,1,1,0,0,4.5,0,4.5,False,False
C1399,U100,I268,this is an interesting perspective on food. reference 1399,2026-07-10 20:05:31.797956,False,GENUINE,1,0,0,0.7354630625709739,20,8,15,1,1,0,0,4.5,0,4.5,False,False
C1400,U224,I371,best deal available now,2026-07-25 06:11:31.797969,False,GENUINE,52,50,15,1.0000000000000002,50,5,15,51,1,40,0,33.5,8,41.5,False,False
C1401,U34,I12,thanks for sharing this information. reference 1401,2026-08-06 15:43:31.797988,False,GENUINE,1,0,0,0.6789809902112234,0,2,0,1,1,0,0,0.0,0,0.0,False,False
C1402,U961,I304,the explanation of gaming was very clear. reference 1402,2026-06-08 09:10:31.798033,False,GENUINE,1,0,0,0.7624332223630372,20,4,0,1,1,0,0,3.0,0,3.0,False,False
C1403,U980,I61,this is an interesting perspective on education. reference 1403,2026-07-08 14:41:31.798305,False,GENUINE,1,0,0,0.7306942280328299,20,5,15,1,1,0,0,4.5,0,4.5,False,False
C1404,U672,I391,thanks for sharing this information. reference 1404,2026-08-01 17:50:31.798449,False,GENUINE,1,0,0,0.6789809902112234,0,5,15,1,1,0,0,1.5,0,1.5,False,False
C1405,U712,I94,i have a different opinion about movies. reference 1405,2026-06-30 07:54:31.798538,False,GENUINE,1,0,0,0.7480534672157237,20,9,15,1,1,0,0,4.5,0,4.5,False,False
C1406,U676,I479,this is an interesting perspective on food. reference 1406,2026-07-17 16:12:31.798572,False,GENUINE,1,0,0,0.7354630625709739,20,6,15,1,1,0,0,4.5,0,4.5,False,False
C1407,U787,I218,this is worth discussing further. reference 1407,2026-07-28 02:09:31.798602,False,GENUINE,1,0,0,0.6148367794734235,0,4,0,1,1,0,0,0.0,0,0.0,False,False
C1408,U799,I37,i have a different opinion about technology. reference 1408,2026-07-07 23:44:31.798629,False,GENUINE,1,0,0,0.7418462529021725,20,1,0,1,1,0,0,3.0,0,3.0,False,False
C1409,U397,I170,i really enjoyed this post about movies. reference 1409,2026-07-18 17:48:31.798659,False,GENUINE,1,0,0,0.7772370080656208,20,8,15,1,1,0,0,4.5,0,4.5,False,False
C1410,U182,I225,this is an interesting perspective on food. reference 1410,2026-07-24 13:36:31.798690,False,GENUINE,1,0,0,0.7354630625709739,20,6,15,1,1,0,0,4.5,0,4.5,False,False
C1411,U624,I201,i learned something useful about food here. reference 1411,2026-08-01 23:06:31.798716,False,GENUINE,1,0,0,0.7306701420191416,20,5,15,1,1,0,0,4.5,0,4.5,False,False
C1412,U147,I276,the information presented here is useful. reference 1412,2026-06-16 22:45:31.798742,False,GENUINE,1,0,0,0.6598076480079632,0,5,15,1,1,0,0,1.5,0,1.5,False,False
C1413,U658,I54,i think this could be improved. reference 1413,2026-08-02 10:20:31.798766,False,GENUINE,1,0,0,0.6122441426822248,0,4,0,1,1,0,0,0.0,0,0.0,False,False
C1414,U35,I37,best product ever buy now,2026-07-02 05:56:31.798792,False,GENUINE,75,50,15,1.0,50,4,0,72,1,40,0,32.0,8,40.0,False,False
C1415,U19,I459,i think this could be improved. reference 1415,2026-06-13 09:46:31.798817,False,GENUINE,1,0,0,0.6122441426822248,0,7,15,1,1,0,0,1.5,0,1.5,False,False
C1416,U655,I0,amazing product buy now,2026-07-18 13:56:31.798844,False,GENUINE,69,50,15,1.0,50,10,40,68,2,50,0,39.5,8,47.5,False,False
C1417,U155,I358,best product ever buy now,2026-06-20 12:39:31.798870,False,GENUINE,75,50,15,1.0,50,4,0,72,1,40,0,32.0,8,40.0,False,False
C1418,U3,I263,i think this could be improved. reference 1418,2026-07-03 03:24:31.798943,False,GENUINE,1,0,0,0.6122441426822248,0,6,15,1,1,0,0,1.5,0,1.5,False,False
C1419,U413,I432,this is an interesting perspective on sports. reference 1419,2026-08-11 12:45:31.798970,False,GENUINE,1,0,0,0.7310531063082972,20,5,15,1,1,0,0,4.5,0,4.5,False,False
C1420,U393,I488,i think this could be improved. reference 1420,2026-06-21 04:49:31.798996,False,GENUINE,1,0,0,0.6122441426822248,0,6,15,1,1,0,0,1.5,0,1.5,False,False
C1421,U548,I478,click here for amazing deals,2026-06-10 18:29:31.799021,False,GENUINE,53,50,30,1.0000000000000002,50,11,40,53,1,40,0,39.0,8,47.0,False,False
C1422,U310,I205,i really enjoyed this post about gaming. reference 1422,2026-07-09 13:51:31.799050,False,GENUINE,1,0,0,0.7760108921746118,20,11,40,1,1,0,0,7.0,0,7.0,False,False
C1423,U547,I436,this is worth discussing further. reference 1423,2026-06-30 23:53:31.799074,False,GENUINE,1,0,0,0.6148367794734235,0,6,15,1,1,0,0,1.5,0,1.5,False,False
C1424,U778,I392,i have a different opinion about sports. reference 1424,2026-07-26 18:09:31.799099,False,GENUINE,1,0,0,0.7435975412000372,20,7,15,1,1,0,0,4.5,0,4.5,False,False
C1425,U567,I20,the information presented here is useful. reference 1425,2026-07-15 15:05:31.799125,False,GENUINE,1,0,0,0.6598076480079632,0,5,15,1,1,0,0,1.5,0,1.5,False,False
C1426,U712,I199,this is an interesting perspective on music. reference 1426,2026-06-28 13:12:31.799150,False,GENUINE,1,0,0,0.7318423269582839,20,9,15,1,1,0,0,4.5,0,4.5,False,False
C1427,U86,I453,i think this could be improved. reference 1427,2026-07-30 02:16:31.799175,False,GENUINE,1,0,0,0.6122441426822248,0,13,40,1,1,0,0,4.0,0,4.0,False,False
C1428,U36,I98,i really enjoyed this post about sports. reference 1428,2026-06-28 07:14:31.799200,False,GENUINE,1,0,0,0.7746110731001136,20,10,40,1,1,0,0,7.0,0,7.0,False,False
C1429,U398,I32,this was a surprisingly interesting post. reference 1429,2026-06-27 08:24:31.799225,False,GENUINE,1,0,0,0.661661894767308,0,5,15,1,1,0,0,1.5,0,1.5,False,False
C1430,U546,I494,i think this could be improved. reference 1430,2026-08-08 11:03:31.799251,False,GENUINE,1,0,0,0.6122441426822248,0,7,15,1,1,0,0,1.5,0,1.5,False,False
C1431,U347,I28,this is worth discussing further. reference 1431,2026-07-05 22:08:31.799275,False,GENUINE,1,0,0,0.6148367794734235,0,1,0,1,1,0,0,0.0,0,0.0,False,False
C1432,U121,I108,this was a surprisingly interesting post. reference 1432,2026-06-11 02:41:31.799299,False,GENUINE,1,0,0,0.661661894767308,0,6,15,1,1,0,0,1.5,0,1.5,False,False
C1433,U891,I447,this was a surprisingly interesting post. reference 1433,2026-06-05 09:07:31.799325,False,GENUINE,1,0,0,0.661661894767308,0,6,15,1,1,0,0,1.5,0,1.5,False,False
C1434,U593,I119,this is an interesting perspective on technology. reference 1434,2026-06-05 21:20:31.799382,False,GENUINE,1,0,0,0.7340859795799535,20,5,15,1,1,0,0,4.5,0,4.5,False,False
C1435,U144,I250,i really enjoyed this post about food. reference 1435,2026-06-16 13:07:31.799407,False,GENUINE,1,0,0,0.7772683096754256,20,11,40,1,1,0,0,7.0,0,7.0,False,False
C1436,U46,I124,i learned something useful about technology here. reference 1436,2026-07-27 03:41:31.799437,False,GENUINE,1,0,0,0.7297924268271072,20,5,15,1,1,0,0,4.5,0,4.5,False,False
C1437,U647,I25,i have a different opinion about gaming. reference 1437,2026-07-01 07:25:31.799462,False,GENUINE,1,0,0,0.7402988924808734,20,3,0,1,1,0,0,3.0,0,3.0,False,False
C1438,U625,I87,thanks for sharing this information. reference 1438,2026-08-02 03:41:31.799486,False,GENUINE,1,0,0,0.6789809902112234,0,5,15,1,1,0,0,1.5,0,1.5,False,False
C1439,U116,I254,thanks for sharing this information. reference 1439,2026-08-06 02:07:31.799515,False,GENUINE,1,0,0,0.6789809902112234,0,9,15,1,1,0,0,1.5,0,1.5,False,False
C1440,U823,I103,the information presented here is useful. reference 1440,2026-06-05 15:57:31.799540,False,GENUINE,1,0,0,0.6598076480079632,0,2,0,1,1,0,0,0.0,0,0.0,False,False
C1441,U694,I205,this is worth discussing further. reference 1441,2026-06-10 13:34:31.799560,False,GENUINE,1,0,0,0.6148367794734235,0,7,15,1,1,0,0,1.5,0,1.5,False,False
C1442,U589,I279,i learned something useful about music here. reference 1442,2026-07-23 10:10:31.799574,False,GENUINE,1,0,0,0.7357637114536311,20,7,15,1,1,0,0,4.5,0,4.5,False,False
C1443,U782,I23,thanks for sharing this information. reference 1443,2026-07-12 07:03:31.799588,False,GENUINE,1,0,0,0.6789809902112234,0,8,15,1,1,0,0,1.5,0,1.5,False,False
C1444,U64,I61,i have a different opinion about education. reference 1444,2026-06-03 21:05:31.799601,False,GENUINE,1,0,0,0.7416504318441781,20,7,15,1,1,0,0,4.5,0,4.5,False,False
C1445,U425,I86,this is worth discussing further. reference 1445,2026-07-02 21:42:31.799615,False,GENUINE,1,0,0,0.6148367794734235,0,6,15,1,1,0,0,1.5,0,1.5,False,False
C1446,U249,I473,thanks for sharing this information. reference 1446,2026-07-30 16:37:31.799639,False,GENUINE,1,0,0,0.6789809902112234,0,6,15,1,1,0,0,1.5,0,1.5,False,False
C1447,U102,I405,thanks for sharing this information. reference 1447,2026-07-28 11:21:31.799653,False,GENUINE,1,0,0,0.6789809902112234,0,9,15,1,1,0,0,1.5,0,1.5,False,False
C1448,U16,I450,i think this could be improved. reference 1448,2026-08-11 06:06:31.799667,False,GENUINE,1,0,0,0.6122441426822248,0,6,15,1,1,0,0,1.5,0,1.5,False,False
C1449,U7,I91,this is an interesting perspective on movies. reference 1449,2026-07-04 22:43:31.799681,False,GENUINE,1,0,0,0.7382784747058516,20,9,15,1,1,0,0,4.5,0,4.5,False,False
C1450,U710,I413,i think this could be improved. reference 1450,2026-07-24 01:37:31.799695,False,GENUINE,1,0,0,0.6122441426822248,0,5,15,1,1,0,0,1.5,0,1.5,False,False
C1451,U146,I327,i have a different opinion about food. reference 1451,2026-07-05 07:53:31.799711,False,GENUINE,1,0,0,0.7486181787682682,20,6,15,1,1,0,0,4.5,0,4.5,False,False
C1452,U244,I480,i learned something useful about technology here. reference 1452,2026-06-18 13:24:31.799726,False,GENUINE,1,0,0,0.7297924268271072,20,4,0,1,1,0,0,3.0,0,3.0,False,False
C1453,U184,I367,i think this could be improved. reference 1453,2026-06-15 17:51:31.799740,False,GENUINE,1,0,0,0.6122441426822248,0,5,15,1,1,0,0,1.5,0,1.5,False,False
C1454,U846,I400,i have a different opinion about music. reference 1454,2026-07-04 17:07:31.799753,False,GENUINE,1,0,0,0.7390063271830457,20,6,15,1,1,0,0,4.5,0,4.5,False,False
C1455,U4,I285,the explanation of sports was very clear. reference 1455,2026-08-01 03:17:31.799768,False,GENUINE,1,0,0,0.761366899611231,20,6,15,1,1,0,0,4.5,0,4.5,False,False
C1456,U542,I48,thanks for sharing this information. reference 1456,2026-06-03 13:16:31.799781,False,GENUINE,1,0,0,0.6789809902112234,0,6,15,1,1,0,0,1.5,0,1.5,False,False
C1457,U552,I259,the explanation of food was very clear. reference 1457,2026-06-15 19:27:31.799797,False,GENUINE,1,0,0,0.7668898154278452,20,3,0,1,1,0,0,3.0,0,3.0,False,False
C1458,U675,I106,i have a different opinion about technology. reference 1458,2026-07-25 04:47:31.799812,False,GENUINE,1,0,0,0.7418462529021725,20,5,15,1,1,0,0,4.5,0,4.5,False,False
C1459,U115,I407,best deal available now,2026-06-27 13:08:31.799826,False,GENUINE,52,50,15,1.0000000000000002,50,6,15,51,1,40,0,33.5,8,41.5,False,False
C1460,U180,I81,i really enjoyed this post about technology. reference 1460,2026-06-14 03:15:31.799840,False,GENUINE,1,0,0,0.7763004403525399,20,6,15,1,1,0,0,4.5,0,4.5,False,False
C1461,U372,I145,the explanation of fashion was very clear. reference 1461,2026-07-19 22:49:31.799853,False,GENUINE,1,0,0,0.7656396726651926,20,3,0,1,1,0,0,3.0,0,3.0,False,False
C1462,U342,I315,i think this could be improved. reference 1462,2026-08-02 07:52:31.799869,False,GENUINE,1,0,0,0.6122441426822248,0,2,0,1,1,0,0,0.0,0,0.0,False,False
C1463,U758,I26,this was a surprisingly interesting post. reference 1463,2026-07-28 10:43:31.799883,False,GENUINE,1,0,0,0.661661894767308,0,5,15,1,1,0,0,1.5,0,1.5,False,False
C1464,U804,I14,i think this could be improved. reference 1464,2026-08-05 09:11:31.799896,False,GENUINE,1,0,0,0.6122441426822248,0,5,15,1,1,0,0,1.5,0,1.5,False,False
C1465,U916,I120,i think this could be improved. reference 1465,2026-07-04 16:31:31.799910,False,GENUINE,1,0,0,0.6122441426822248,0,8,15,1,1,0,0,1.5,0,1.5,False,False
C1466,U203,I382,this is worth discussing further. reference 1466,2026-08-01 19:23:31.799924,False,GENUINE,1,0,0,0.6148367794734235,0,6,15,1,1,0,0,1.5,0,1.5,False,False
C1467,U333,I116,this is an interesting perspective on sports. reference 1467,2026-06-05 16:20:31.799940,False,GENUINE,1,0,0,0.7310531063082972,20,5,15,1,1,0,0,4.5,0,4.5,False,False
C1468,U422,I445,the explanation of fashion was very clear. reference 1468,2026-07-22 17:56:31.799956,False,GENUINE,1,0,0,0.7656396726651926,20,10,40,1,1,0,0,7.0,0,7.0,False,False
C1469,U75,I241,thanks for sharing this information. reference 1469,2026-08-06 21:16:31.799969,False,GENUINE,1,0,0,0.6789809902112234,0,9,15,1,1,0,0,1.5,0,1.5,False,False
C1470,U911,I223,click here for amazing deals,2026-06-17 08:39:31.799983,False,GENUINE,53,50,30,1.0000000000000002,50,10,40,53,1,40,0,39.0,8,47.0,False,False
C1471,U465,I91,the information presented here is useful. reference 1471,2026-07-30 10:00:31.799996,False,GENUINE,1,0,0,0.6598076480079632,0,7,15,1,1,0,0,1.5,0,1.5,False,False
C1472,U468,I368,the explanation of music was very clear. reference 1472,2026-07-18 06:49:31.800010,False,GENUINE,1,0,0,0.7662202675963719,20,6,15,1,1,0,0,4.5,0,4.5,False,False
C1473,U207,I171,best product ever buy now,2026-06-09 19:49:31.800026,False,GENUINE,75,50,15,1.0,50,7,15,72,1,40,0,33.5,8,41.5,False,False
C1474,U582,I30,i have a different opinion about education. reference 1474,2026-08-01 17:15:31.800040,False,GENUINE,1,0,0,0.7416504318441781,20,5,15,1,1,0,0,4.5,0,4.5,False,False
C1475,U872,I238,i think this could be improved. reference 1475,2026-07-27 05:59:31.800054,False,GENUINE,1,0,0,0.6122441426822248,0,10,40,1,1,0,0,4.0,0,4.0,False,False
C1476,U778,I175,the explanation of movies was very clear. reference 1476,2026-06-17 21:19:31.800068,False,GENUINE,1,0,0,0.769149315988473,20,7,15,1,1,0,0,4.5,0,4.5,False,False
C1477,U160,I404,thanks for sharing this information. reference 1477,2026-06-20 05:03:31.800081,False,GENUINE,1,0,0,0.6789809902112234,0,6,15,1,1,0,0,1.5,0,1.5,False,False
C1478,U993,I283,the explanation of gaming was very clear. reference 1478,2026-07-05 08:37:31.800095,False,GENUINE,1,0,0,0.7624332223630372,20,7,15,1,1,0,0,4.5,0,4.5,False,False
C1479,U877,I267,i think this could be improved. reference 1479,2026-06-18 23:39:31.800111,False,GENUINE,1,0,0,0.6122441426822248,0,8,15,1,1,0,0,1.5,0,1.5,False,False
C1480,U484,I428,i think this could be improved. reference 1480,2026-08-10 12:17:31.800124,False,GENUINE,1,0,0,0.6122441426822248,0,6,15,1,1,0,0,1.5,0,1.5,False,False
C1481,U747,I219,the explanation of sports was very clear. reference 1481,2026-07-13 00:59:31.800138,False,GENUINE,1,0,0,0.761366899611231,20,7,15,1,1,0,0,4.5,0,4.5,False,False
C1482,U444,I296,the explanation of education was very clear. reference 1482,2026-06-20 14:42:31.800152,False,GENUINE,1,0,0,0.7597438970269877,20,7,15,1,1,0,0,4.5,0,4.5,False,False
C1483,U919,I2,the information presented here is useful. reference 1483,2026-08-08 04:28:31.800165,False,GENUINE,1,0,0,0.6598076480079632,0,3,0,1,1,0,0,0.0,0,0.0,False,False
C1484,U481,I375,this was a surprisingly interesting post. reference 1484,2026-07-04 02:01:31.800179,False,GENUINE,1,0,0,0.661661894767308,0,4,0,1,1,0,0,0.0,0,0.0,False,False
C1485,U543,I201,i think this could be improved. reference 1485,2026-07-01 15:36:31.800193,False,GENUINE,1,0,0,0.6122441426822248,0,5,15,1,1,0,0,1.5,0,1.5,False,False
C1486,U507,I123,this is an interesting perspective on technology. reference 1486,2026-06-09 17:45:31.800206,False,GENUINE,1,0,0,0.7340859795799535,20,4,0,1,1,0,0,3.0,0,3.0,False,False
C1487,U749,I208,the explanation of education was very clear. reference 1487,2026-07-10 05:02:31.800220,False,GENUINE,1,0,0,0.7597438970269877,20,4,0,1,1,0,0,3.0,0,3.0,False,False
C1488,U302,I122,you must buy this product,2026-06-29 03:52:31.800234,False,GENUINE,51,50,0,1.0,50,6,15,51,1,40,0,30.5,8,38.5,False,False
C1489,U685,I156,best product ever buy now,2026-06-20 21:58:31.800247,False,GENUINE,75,50,15,1.0,50,4,0,72,1,40,0,32.0,8,40.0,False,False
C1490,U765,I298,i really enjoyed this post about food. reference 1490,2026-06-30 14:52:31.800261,False,GENUINE,1,0,0,0.7772683096754256,20,5,15,1,1,0,0,4.5,0,4.5,False,False
C1491,U790,I70,the information presented here is useful. reference 1491,2026-07-09 02:47:31.800274,False,GENUINE,1,0,0,0.6598076480079632,0,10,40,1,1,0,0,4.0,0,4.0,False,False
C1492,U641,I237,i really enjoyed this post about gaming. reference 1492,2026-07-07 19:12:31.800288,False,GENUINE,1,0,0,0.7760108921746118,20,2,0,1,1,0,0,3.0,0,3.0,False,False
C1493,U914,I353,this is worth discussing further. reference 1493,2026-07-15 20:04:31.800302,False,GENUINE,1,0,0,0.6148367794734235,0,4,0,1,1,0,0,0.0,0,0.0,False,False
C1494,U436,I385,i have a different opinion about sports. reference 1494,2026-06-10 12:18:31.800316,False,GENUINE,1,0,0,0.7435975412000372,20,8,15,1,1,0,0,4.5,0,4.5,False,False
C1495,U82,I317,this is worth discussing further. reference 1495,2026-06-25 23:31:31.800332,False,GENUINE,1,0,0,0.6148367794734235,0,3,0,1,1,0,0,0.0,0,0.0,False,False
C1496,U968,I465,this is worth discussing further. reference 1496,2026-08-01 17:34:31.800346,False,GENUINE,1,0,0,0.6148367794734235,0,11,40,1,1,0,0,4.0,0,4.0,False,False
C1497,U392,I187,i think this could be improved. reference 1497,2026-07-09 13:22:31.800359,False,GENUINE,1,0,0,0.6122441426822248,0,6,15,1,1,0,0,1.5,0,1.5,False,False
C1498,U375,I89,this was a surprisingly interesting post. reference 1498,2026-06-21 18:59:31.800373,False,GENUINE,1,0,0,0.661661894767308,0,6,15,1,1,0,0,1.5,0,1.5,False,False
C1499,U726,I396,amazing product buy now,2026-07-12 08:19:31.800386,False,GENUINE,69,50,15,1.0,50,6,15,68,1,40,0,33.5,8,41.5,False,False
C1500,U244,I276,click here for amazing deals,2026-06-05 17:09:31.800402,False,GENUINE,53,50,30,1.0000000000000002,50,4,0,53,1,40,0,35.0,8,43.0,False,False
C1501,U961,I385,thanks for sharing this information. reference 1501,2026-06-04 06:39:31.800416,False,GENUINE,1,0,0,0.6789809902112234,0,4,0,1,1,0,0,0.0,0,0.0,False,False
C1502,U762,I389,the explanation of music was very clear. reference 1502,2026-07-10 17:28:31.800429,False,GENUINE,1,0,0,0.7662202675963719,20,6,15,1,1,0,0,4.5,0,4.5,False,False
C1503,U919,I136,this was a surprisingly interesting post. reference 1503,2026-07-17 14:33:31.800442,False,GENUINE,1,0,0,0.661661894767308,0,3,0,1,1,0,0,0.0,0,0.0,False,False
C1504,U55,I32,this is worth discussing further. reference 1504,2026-07-01 15:40:31.800456,False,GENUINE,1,0,0,0.6148367794734235,0,5,15,1,1,0,0,1.5,0,1.5,False,False
C1505,U497,I256,this was a surprisingly interesting post. reference 1505,2026-06-30 00:53:31.800469,False,GENUINE,1,0,0,0.661661894767308,0,4,0,1,1,0,0,0.0,0,0.0,False,False
C1506,U726,I272,this was a surprisingly interesting post. reference 1506,2026-07-01 16:37:31.800482,False,GENUINE,1,0,0,0.661661894767308,0,6,15,1,1,0,0,1.5,0,1.5,False,False
C1507,U635,I188,this is an interesting perspective on sports. reference 1507,2026-07-01 03:44:31.800497,False,GENUINE,1,0,0,0.7310531063082972,20,2,0,1,1,0,0,3.0,0,3.0,False,False
C1508,U89,I41,the information presented here is useful. reference 1508,2026-07-16 14:01:31.800513,False,GENUINE,1,0,0,0.6598076480079632,0,5,15,1,1,0,0,1.5,0,1.5,False,False
C1509,U981,I489,this is an interesting perspective on gaming. reference 1509,2026-07-27 20:02:31.800527,False,GENUINE,1,0,0,0.7326877208387651,20,5,15,1,1,0,0,4.5,0,4.5,False,False
C1510,U282,I57,i learned something useful about food here. reference 1510,2026-07-29 03:12:31.800540,False,GENUINE,1,0,0,0.7306701420191416,20,7,15,1,1,0,0,4.5,0,4.5,False,False
C1511,U895,I104,this was a surprisingly interesting post. reference 1511,2026-07-16 03:32:31.800554,False,GENUINE,1,0,0,0.661661894767308,0,9,15,1,1,0,0,1.5,0,1.5,False,False
C1512,U426,I496,this was a surprisingly interesting post. reference 1512,2026-06-29 16:43:31.800567,False,GENUINE,1,0,0,0.661661894767308,0,5,15,1,1,0,0,1.5,0,1.5,False,False
C1513,U355,I215,i think this could be improved. reference 1513,2026-07-16 07:09:31.800580,False,GENUINE,1,0,0,0.6122441426822248,0,2,0,1,1,0,0,0.0,0,0.0,False,False
C1514,U193,I32,i really enjoyed this post about sports. reference 1514,2026-06-25 12:51:31.800594,False,GENUINE,1,0,0,0.7746110731001136,20,7,15,1,1,0,0,4.5,0,4.5,False,False
C1515,U660,I171,you must buy this product,2026-06-13 03:27:31.800632,False,GENUINE,51,50,0,1.0,50,5,15,51,1,40,0,30.5,8,38.5,False,False
C1516,U661,I402,this is worth discussing further. reference 1516,2026-06-18 19:46:31.800645,False,GENUINE,1,0,0,0.6148367794734235,0,9,15,1,1,0,0,1.5,0,1.5,False,False
C1517,U681,I356,this was a surprisingly interesting post. reference 1517,2026-07-01 03:27:31.800659,False,GENUINE,1,0,0,0.661661894767308,0,7,15,1,1,0,0,1.5,0,1.5,False,False
C1518,U311,I290,i learned something useful about movies here. reference 1518,2026-07-27 04:49:31.800672,False,GENUINE,1,0,0,0.736990248638929,20,6,15,1,1,0,0,4.5,0,4.5,False,False
C1519,U808,I133,the explanation of food was very clear. reference 1519,2026-07-08 23:33:31.800686,False,GENUINE,1,0,0,0.7668898154278452,20,7,15,1,1,0,0,4.5,0,4.5,False,False
C1520,U994,I147,i really enjoyed this post about education. reference 1520,2026-07-10 16:34:31.800700,False,GENUINE,1,0,0,0.7751482859536991,20,6,15,1,1,0,0,4.5,0,4.5,False,False
C1521,U291,I233,i learned something useful about education here. reference 1521,2026-06-08 01:00:31.800713,False,GENUINE,1,0,0,0.7309832397113513,20,8,15,1,1,0,0,4.5,0,4.5,False,False
C1522,U548,I146,i learned something useful about education here. reference 1522,2026-06-08 09:05:31.800727,False,GENUINE,1,0,0,0.7309832397113513,20,11,40,1,1,0,0,7.0,0,7.0,False,False
C1523,U709,I463,i learned something useful about education here. reference 1523,2026-07-21 04:16:31.800746,False,GENUINE,1,0,0,0.7309832397113513,20,3,0,1,1,0,0,3.0,0,3.0,False,False
C1524,U119,I21,this is worth discussing further. reference 1524,2026-07-02 16:50:31.800759,False,GENUINE,1,0,0,0.6148367794734235,0,4,0,1,1,0,0,0.0,0,0.0,False,False
C1525,U266,I189,i learned something useful about sports here. reference 1525,2026-06-21 15:12:31.800773,False,GENUINE,1,0,0,0.7313413266953137,20,4,0,1,1,0,0,3.0,0,3.0,False,False
C1526,U724,I17,this is worth discussing further. reference 1526,2026-07-29 08:47:31.800787,False,GENUINE,1,0,0,0.6148367794734235,0,10,40,1,1,0,0,4.0,0,4.0,False,False
C1527,U381,I229,this was a surprisingly interesting post. reference 1527,2026-06-24 06:13:31.800800,False,GENUINE,1,0,0,0.661661894767308,0,9,15,1,1,0,0,1.5,0,1.5,False,False
C1528,U308,I62,i really enjoyed this post about fashion. reference 1528,2026-06-27 08:59:31.800814,False,GENUINE,1,0,0,0.7749801373506703,20,4,0,1,1,0,0,3.0,0,3.0,False,False
C1529,U786,I74,i think this could be improved. reference 1529,2026-07-28 15:04:31.800827,False,GENUINE,1,0,0,0.6122441426822248,0,8,15,1,1,0,0,1.5,0,1.5,False,False
C1530,U4,I496,this was a surprisingly interesting post. reference 1530,2026-06-13 22:03:31.800841,False,GENUINE,1,0,0,0.661661894767308,0,6,15,1,1,0,0,1.5,0,1.5,False,False
C1531,U722,I151,i think this could be improved. reference 1531,2026-06-04 04:29:31.800854,False,GENUINE,1,0,0,0.6122441426822248,0,4,0,1,1,0,0,0.0,0,0.0,False,False
C1532,U587,I341,i learned something useful about food here. reference 1532,2026-07-12 00:06:31.800871,False,GENUINE,1,0,0,0.7306701420191416,20,5,15,1,1,0,0,4.5,0,4.5,False,False
C1533,U705,I57,i think this could be improved. reference 1533,2026-07-30 03:24:31.800885,False,GENUINE,1,0,0,0.6122441426822248,0,4,0,1,1,0,0,0.0,0,0.0,False,False
C1534,U694,I282,this is an interesting perspective on movies. reference 1534,2026-08-09 13:48:31.800898,False,GENUINE,1,0,0,0.7382784747058516,20,7,15,1,1,0,0,4.5,0,4.5,False,False
C1535,U411,I316,the explanation of food was very clear. reference 1535,2026-07-10 07:14:31.800912,False,GENUINE,1,0,0,0.7668898154278452,20,5,15,1,1,0,0,4.5,0,4.5,False,False
C1536,U94,I167,i really enjoyed this post about sports. reference 1536,2026-06-19 17:27:31.800928,False,GENUINE,1,0,0,0.7746110731001136,20,6,15,1,1,0,0,4.5,0,4.5,False,False
C1537,U539,I113,i have a different opinion about sports. reference 1537,2026-08-09 18:43:31.800945,False,GENUINE,1,0,0,0.7435975412000372,20,4,0,1,1,0,0,3.0,0,3.0,False,False
C1538,U85,I275,i think this could be improved. reference 1538,2026-06-26 05:57:31.800959,False,GENUINE,1,0,0,0.6122441426822248,0,7,15,1,1,0,0,1.5,0,1.5,False,False
C1539,U403,I99,i think this could be improved. reference 1539,2026-06-17 22:20:31.800973,False,GENUINE,1,0,0,0.6122441426822248,0,3,0,1,1,0,0,0.0,0,0.0,False,False
C1540,U619,I261,i really enjoyed this post about music. reference 1540,2026-07-06 15:30:31.800987,False,GENUINE,1,0,0,0.7730771289001258,20,9,15,1,1,0,0,4.5,0,4.5,False,False
C1541,U151,I366,the information presented here is useful. reference 1541,2026-07-07 16:30:31.801001,False,GENUINE,1,0,0,0.6598076480079632,0,8,15,1,1,0,0,1.5,0,1.5,False,False
C1542,U381,I6,amazing product buy now,2026-07-10 20:26:31.801014,False,GENUINE,69,50,15,1.0,50,9,15,68,1,40,0,33.5,8,41.5,False,False
C1543,U315,I228,this was a surprisingly interesting post. reference 1543,2026-07-23 04:47:31.801053,False,GENUINE,1,0,0,0.661661894767308,0,10,40,1,1,0,0,4.0,0,4.0,False,False
C1544,U745,I454,amazing product buy now,2026-07-02 13:19:31.801066,False,GENUINE,69,50,15,1.0,50,6,15,68,1,40,0,33.5,8,41.5,False,False
C1545,U295,I83,the information presented here is useful. reference 1545,2026-07-30 03:05:31.801080,False,GENUINE,1,0,0,0.6598076480079632,0,7,15,1,1,0,0,1.5,0,1.5,False,False
C1546,U855,I300,thanks for sharing this information. reference 1546,2026-07-29 18:11:31.801093,False,GENUINE,1,0,0,0.6789809902112234,0,5,15,1,1,0,0,1.5,0,1.5,False,False
C1547,U212,I155,i think this could be improved. reference 1547,2026-08-05 19:33:31.801107,False,GENUINE,1,0,0,0.6122441426822248,0,7,15,1,1,0,0,1.5,0,1.5,False,False
C1548,U955,I491,thanks for sharing this information. reference 1548,2026-08-03 18:45:31.801120,False,GENUINE,1,0,0,0.6789809902112234,0,8,15,1,1,0,0,1.5,0,1.5,False,False
C1549,U6,I209,click here for amazing deals,2026-07-26 21:55:31.801134,False,GENUINE,53,50,30,1.0000000000000002,50,5,15,53,2,50,0,40.0,8,48.0,False,False
C1550,U569,I236,thanks for sharing this information. reference 1550,2026-07-24 16:41:31.801148,False,GENUINE,1,0,0,0.6789809902112234,0,7,15,1,1,0,0,1.5,0,1.5,False,False
C1551,U190,I426,the information presented here is useful. reference 1551,2026-06-22 10:02:31.801163,False,GENUINE,1,0,0,0.6598076480079632,0,4,0,1,1,0,0,0.0,0,0.0,False,False
C1552,U502,I21,i have a different opinion about movies. reference 1552,2026-06-27 20:36:31.801179,False,GENUINE,1,0,0,0.7480534672157237,20,8,15,1,1,0,0,4.5,0,4.5,False,False
C1553,U572,I378,i think this could be improved. reference 1553,2026-08-09 09:21:31.801193,False,GENUINE,1,0,0,0.6122441426822248,0,2,0,1,1,0,0,0.0,0,0.0,False,False
C1554,U810,I1,i learned something useful about movies here. reference 1554,2026-07-15 12:15:31.801206,False,GENUINE,1,0,0,0.736990248638929,20,6,15,1,1,0,0,4.5,0,4.5,False,False
C1555,U978,I327,i think this could be improved. reference 1555,2026-06-13 07:42:31.801220,False,GENUINE,1,0,0,0.6122441426822248,0,9,15,1,1,0,0,1.5,0,1.5,False,False
C1556,U681,I457,i have a different opinion about fashion. reference 1556,2026-07-26 12:08:31.801234,False,GENUINE,1,0,0,0.743131701331639,20,7,15,1,1,0,0,4.5,0,4.5,False,False
C1557,U503,I464,the explanation of technology was very clear. reference 1557,2026-07-31 23:14:31.801248,False,GENUINE,1,0,0,0.768821942884016,20,5,15,1,1,0,0,4.5,0,4.5,False,False
C1558,U783,I141,i think this could be improved. reference 1558,2026-06-18 07:41:31.801261,False,GENUINE,1,0,0,0.6122441426822248,0,7,15,1,1,0,0,1.5,0,1.5,False,False
C1559,U763,I185,thanks for sharing this information. reference 1559,2026-06-21 08:28:31.801275,False,GENUINE,1,0,0,0.6789809902112234,0,9,15,1,1,0,0,1.5,0,1.5,False,False
C1560,U446,I444,you must buy this product,2026-06-09 15:22:31.801288,False,GENUINE,51,50,0,1.0,50,6,15,51,1,40,0,30.5,8,38.5,False,False
C1561,U837,I61,this is worth discussing further. reference 1561,2026-07-19 05:00:31.801302,False,GENUINE,1,0,0,0.6148367794734235,0,4,0,1,1,0,0,0.0,0,0.0,False,False
C1562,U166,I297,i really enjoyed this post about education. reference 1562,2026-07-13 17:37:31.801316,False,GENUINE,1,0,0,0.7751482859536991,20,6,15,1,1,0,0,4.5,0,4.5,False,False
C1563,U472,I449,i learned something useful about music here. reference 1563,2026-07-27 23:13:31.801332,False,GENUINE,1,0,0,0.7357637114536311,20,6,15,1,1,0,0,4.5,0,4.5,False,False
C1564,U54,I139,this is worth discussing further. reference 1564,2026-06-14 22:04:31.801347,False,GENUINE,1,0,0,0.6148367794734235,0,7,15,1,1,0,0,1.5,0,1.5,False,False
C1565,U933,I489,this is worth discussing further. reference 1565,2026-07-16 10:46:31.801360,False,GENUINE,1,0,0,0.6148367794734235,0,5,15,1,1,0,0,1.5,0,1.5,False,False
C1566,U298,I271,this is an interesting perspective on sports. reference 1566,2026-06-15 16:01:31.801374,False,GENUINE,1,0,0,0.7310531063082972,20,8,15,1,1,0,0,4.5,0,4.5,False,False
C1567,U187,I391,this is an interesting perspective on education. reference 1567,2026-06-23 08:13:31.801388,False,GENUINE,1,0,0,0.7306942280328299,20,7,15,1,1,0,0,4.5,0,4.5,False,False
C1568,U330,I446,this is worth discussing further. reference 1568,2026-07-18 02:58:31.801402,False,GENUINE,1,0,0,0.6148367794734235,0,4,0,1,1,0,0,0.0,0,0.0,False,False
C1569,U701,I357,this is worth discussing further. reference 1569,2026-06-24 04:31:31.801416,False,GENUINE,1,0,0,0.6148367794734235,0,5,15,1,1,0,0,1.5,0,1.5,False,False
C1570,U593,I180,i learned something useful about technology here. reference 1570,2026-07-30 08:48:31.801429,False,GENUINE,1,0,0,0.7297924268271072,20,5,15,1,1,0,0,4.5,0,4.5,False,False
C1571,U530,I144,this is worth discussing further. reference 1571,2026-07-05 07:58:31.801442,False,GENUINE,1,0,0,0.6148367794734235,0,6,15,1,1,0,0,1.5,0,1.5,False,False
C1572,U348,I471,i learned something useful about gaming here. reference 1572,2026-07-23 00:01:31.801456,False,GENUINE,1,0,0,0.7317498758867395,20,7,15,1,1,0,0,4.5,0,4.5,False,False
C1573,U158,I257,the explanation of sports was very clear. reference 1573,2026-06-21 23:34:31.801470,False,GENUINE,1,0,0,0.761366899611231,20,2,0,1,1,0,0,3.0,0,3.0,False,False
C1574,U628,I353,this was a surprisingly interesting post. reference 1574,2026-07-04 20:16:31.801484,False,GENUINE,1,0,0,0.661661894767308,0,4,0,1,1,0,0,0.0,0,0.0,False,False
C1575,U471,I469,this is an interesting perspective on gaming. reference 1575,2026-07-30 21:18:31.801497,False,GENUINE,1,0,0,0.7326877208387651,20,4,0,1,1,0,0,3.0,0,3.0,False,False
C1576,U945,I8,i think this could be improved. reference 1576,2026-07-14 11:20:31.801511,False,GENUINE,1,0,0,0.6122441426822248,0,4,0,1,1,0,0,0.0,0,0.0,False,False
C1577,U707,I185,i learned something useful about food here. reference 1577,2026-06-18 10:23:31.801524,False,GENUINE,1,0,0,0.7306701420191416,20,4,0,1,1,0,0,3.0,0,3.0,False,False
C1578,U535,I390,this is worth discussing further. reference 1578,2026-06-08 05:11:31.801538,False,GENUINE,1,0,0,0.6148367794734235,0,3,0,1,1,0,0,0.0,0,0.0,False,False
C1579,U311,I14,this is an interesting perspective on sports. reference 1579,2026-07-31 02:48:31.801575,False,GENUINE,1,0,0,0.7310531063082972,20,6,15,1,1,0,0,4.5,0,4.5,False,False
C1580,U877,I355,i learned something useful about sports here. reference 1580,2026-07-14 20:23:31.801592,False,GENUINE,1,0,0,0.7313413266953137,20,8,15,1,1,0,0,4.5,0,4.5,False,False
C1581,U128,I107,i learned something useful about gaming here. reference 1581,2026-07-04 03:58:31.801605,False,GENUINE,1,0,0,0.7317498758867395,20,4,0,1,1,0,0,3.0,0,3.0,False,False
C1582,U707,I390,this is an interesting perspective on gaming. reference 1582,2026-08-10 02:54:31.801619,False,GENUINE,1,0,0,0.7326877208387651,20,4,0,1,1,0,0,3.0,0,3.0,False,False
C1583,U793,I247,the information presented here is useful. reference 1583,2026-07-24 23:02:31.801632,False,GENUINE,1,0,0,0.6598076480079632,0,5,15,1,1,0,0,1.5,0,1.5,False,False
C1584,U110,I16,this was a surprisingly interesting post. reference 1584,2026-06-30 03:15:31.801652,False,GENUINE,1,0,0,0.661661894767308,0,6,15,1,1,0,0,1.5,0,1.5,False,False
C1585,U121,I465,i have a different opinion about technology. reference 1585,2026-08-05 19:15:31.801669,False,GENUINE,1,0,0,0.7418462529021725,20,6,15,1,1,0,0,4.5,0,4.5,False,False
C1586,U308,I341,i really enjoyed this post about gaming. reference 1586,2026-07-31 13:33:31.801683,False,GENUINE,1,0,0,0.7760108921746118,20,4,0,1,1,0,0,3.0,0,3.0,False,False
C1587,U942,I308,the explanation of sports was very clear. reference 1587,2026-07-26 00:19:31.801697,False,GENUINE,1,0,0,0.761366899611231,20,8,15,1,1,0,0,4.5,0,4.5,False,False
C1588,U686,I179,i really enjoyed this post about gaming. reference 1588,2026-07-29 14:00:31.801711,False,GENUINE,1,0,0,0.7760108921746118,20,6,15,1,1,0,0,4.5,0,4.5,False,False
C1589,U866,I382,i have a different opinion about music. reference 1589,2026-07-10 18:35:31.801725,False,GENUINE,1,0,0,0.7390063271830457,20,8,15,1,1,0,0,4.5,0,4.5,False,False
C1590,U164,I437,this was a surprisingly interesting post. reference 1590,2026-06-26 20:59:31.801738,False,GENUINE,1,0,0,0.661661894767308,0,5,15,1,1,0,0,1.5,0,1.5,False,False
C1591,U583,I34,this is an interesting perspective on technology. reference 1591,2026-06-24 16:43:31.801752,False,GENUINE,1,0,0,0.7340859795799535,20,8,15,1,1,0,0,4.5,0,4.5,False,False
C1592,U222,I366,the explanation of movies was very clear. reference 1592,2026-07-27 04:44:31.801768,False,GENUINE,1,0,0,0.769149315988473,20,3,0,1,1,0,0,3.0,0,3.0,False,False
C1593,U923,I386,this was a surprisingly interesting post. reference 1593,2026-06-06 19:26:31.801783,False,GENUINE,1,0,0,0.661661894767308,0,8,15,1,1,0,0,1.5,0,1.5,False,False
C1594,U101,I473,the explanation of food was very clear. reference 1594,2026-07-09 11:25:31.801797,False,GENUINE,1,0,0,0.7668898154278452,20,6,15,1,1,0,0,4.5,0,4.5,False,False
C1595,U714,I301,i learned something useful about food here. reference 1595,2026-06-11 12:38:31.801813,False,GENUINE,1,0,0,0.7306701420191416,20,6,15,1,1,0,0,4.5,0,4.5,False,False
C1596,U980,I54,click here for amazing deals,2026-07-08 06:42:31.801826,False,GENUINE,53,50,30,1.0000000000000002,50,5,15,53,1,40,0,36.5,8,44.5,False,False
C1597,U434,I109,this was a surprisingly interesting post. reference 1597,2026-07-05 17:36:31.801840,False,GENUINE,1,0,0,0.661661894767308,0,1,0,1,1,0,0,0.0,0,0.0,False,False
C1598,U115,I389,this is worth discussing further. reference 1598,2026-06-30 10:12:31.801853,False,GENUINE,1,0,0,0.6148367794734235,0,6,15,1,1,0,0,1.5,0,1.5,False,False
C1599,U112,I266,amazing product buy now,2026-06-03 10:46:31.801867,False,GENUINE,69,50,15,1.0,50,5,15,68,1,40,0,33.5,8,41.5,False,False
C1600,U369,I360,i have a different opinion about technology. reference 1600,2026-08-04 08:18:31.801883,False,GENUINE,1,0,0,0.7418462529021725,20,6,15,1,1,0,0,4.5,0,4.5,False,False
C1601,U335,I252,this is an interesting perspective on fashion. reference 1601,2026-07-17 00:25:31.801920,False,GENUINE,1,0,0,0.7361608768424162,20,9,15,1,1,0,0,4.5,0,4.5,False,False
C1602,U467,I307,i have a different opinion about food. reference 1602,2026-07-22 06:33:31.801935,False,GENUINE,1,0,0,0.7486181787682682,20,5,15,1,1,0,0,4.5,0,4.5,False,False
C1603,U567,I208,i have a different opinion about fashion. reference 1603,2026-07-25 15:34:31.801949,False,GENUINE,1,0,0,0.743131701331639,20,5,15,1,1,0,0,4.5,0,4.5,False,False
C1604,U877,I35,i think this could be improved. reference 1604,2026-07-26 12:18:31.801963,False,GENUINE,1,0,0,0.6122441426822248,0,8,15,1,1,0,0,1.5,0,1.5,False,False
C1605,U13,I345,i think this could be improved. reference 1605,2026-07-06 18:06:31.801976,False,GENUINE,1,0,0,0.6122441426822248,0,4,0,1,1,0,0,0.0,0,0.0,False,False
C1606,U448,I267,this is an interesting perspective on gaming. reference 1606,2026-07-29 18:47:31.801990,False,GENUINE,1,0,0,0.7326877208387651,20,8,15,1,1,0,0,4.5,0,4.5,False,False
C1607,U404,I205,thanks for sharing this information. reference 1607,2026-06-05 08:18:31.802004,False,GENUINE,1,0,0,0.6789809902112234,0,7,15,1,1,0,0,1.5,0,1.5,False,False
C1608,U947,I456,i learned something useful about gaming here. reference 1608,2026-07-09 17:26:31.802020,False,GENUINE,1,0,0,0.7317498758867395,20,2,0,1,1,0,0,3.0,0,3.0,False,False
C1609,U998,I101,this is worth discussing further. reference 1609,2026-06-18 16:16:31.802034,False,GENUINE,1,0,0,0.6148367794734235,0,5,15,1,1,0,0,1.5,0,1.5,False,False
C1610,U864,I206,this is an interesting perspective on sports. reference 1610,2026-07-04 04:12:31.802048,False,GENUINE,1,0,0,0.7310531063082972,20,4,0,1,1,0,0,3.0,0,3.0,False,False
C1611,U742,I255,i have a different opinion about movies. reference 1611,2026-06-03 23:48:31.802062,False,GENUINE,1,0,0,0.7480534672157237,20,8,15,1,1,0,0,4.5,0,4.5,False,False
C1612,U808,I410,the information presented here is useful. reference 1612,2026-06-29 12:31:31.802076,False,GENUINE,1,0,0,0.6598076480079632,0,7,15,1,1,0,0,1.5,0,1.5,False,False
C1613,U682,I308,the information presented here is useful. reference 1613,2026-06-26 06:46:31.802089,False,GENUINE,1,0,0,0.6598076480079632,0,6,15,1,1,0,0,1.5,0,1.5,False,False
C1614,U285,I75,i think this could be improved. reference 1614,2026-07-31 17:03:31.802103,False,GENUINE,1,0,0,0.6122441426822248,0,6,15,1,1,0,0,1.5,0,1.5,False,False
C1615,U256,I250,i think this could be improved. reference 1615,2026-06-15 15:17:31.802116,False,GENUINE,1,0,0,0.6122441426822248,0,10,40,1,1,0,0,4.0,0,4.0,False,False
C1616,U965,I68,i really enjoyed this post about gaming. reference 1616,2026-06-05 16:14:31.802130,False,GENUINE,1,0,0,0.7760108921746118,20,2,0,1,1,0,0,3.0,0,3.0,False,False
C1617,U54,I425,this is an interesting perspective on food. reference 1617,2026-06-11 02:38:31.802144,False,GENUINE,1,0,0,0.7354630625709739,20,7,15,1,1,0,0,4.5,0,4.5,False,False
C1618,U27,I497,i learned something useful about fashion here. reference 1618,2026-06-17 19:14:31.802157,False,GENUINE,1,0,0,0.7359149406482672,20,5,15,1,1,0,0,4.5,0,4.5,False,False
C1619,U695,I167,i learned something useful about movies here. reference 1619,2026-06-16 05:16:31.802171,False,GENUINE,1,0,0,0.736990248638929,20,5,15,1,1,0,0,4.5,0,4.5,False,False
C1620,U638,I49,this is an interesting perspective on food. reference 1620,2026-06-30 09:56:31.802185,False,GENUINE,1,0,0,0.7354630625709739,20,5,15,1,1,0,0,4.5,0,4.5,False,False
C1621,U206,I150,i think this could be improved. reference 1621,2026-06-26 21:14:31.802201,False,GENUINE,1,0,0,0.6122441426822248,0,5,15,1,1,0,0,1.5,0,1.5,False,False
C1622,U267,I277,this is worth discussing further. reference 1622,2026-08-08 22:57:31.802216,False,GENUINE,1,0,0,0.6148367794734235,0,7,15,1,1,0,0,1.5,0,1.5,False,False
C1623,U440,I450,this is an interesting perspective on fashion. reference 1623,2026-07-01 20:41:31.802230,False,GENUINE,1,0,0,0.7361608768424162,20,4,0,1,1,0,0,3.0,0,3.0,False,False
C1624,U322,I436,the information presented here is useful. reference 1624,2026-06-30 23:50:31.802244,False,GENUINE,1,0,0,0.6598076480079632,0,8,15,1,1,0,0,1.5,0,1.5,False,False
C1625,U36,I16,i learned something useful about movies here. reference 1625,2026-06-08 13:34:31.802258,False,GENUINE,1,0,0,0.736990248638929,20,10,40,1,1,0,0,7.0,0,7.0,False,False
C1626,U168,I251,the information presented here is useful. reference 1626,2026-07-14 09:24:31.802271,False,GENUINE,1,0,0,0.6598076480079632,0,6,15,1,1,0,0,1.5,0,1.5,False,False
C1627,U732,I199,i think this could be improved. reference 1627,2026-06-21 01:18:31.802287,False,GENUINE,1,0,0,0.6122441426822248,0,9,15,1,1,0,0,1.5,0,1.5,False,False
C1628,U691,I251,this was a surprisingly interesting post. reference 1628,2026-06-29 12:20:31.802301,False,GENUINE,1,0,0,0.661661894767308,0,2,0,1,1,0,0,0.0,0,0.0,False,False
C1629,U575,I437,i learned something useful about technology here. reference 1629,2026-07-07 04:59:31.802337,False,GENUINE,1,0,0,0.7297924268271072,20,6,15,1,1,0,0,4.5,0,4.5,False,False
C1630,U269,I253,thanks for sharing this information. reference 1630,2026-06-16 16:15:31.802351,False,GENUINE,1,0,0,0.6789809902112234,0,8,15,1,1,0,0,1.5,0,1.5,False,False
C1631,U692,I180,amazing product buy now,2026-08-06 05:48:31.802365,False,GENUINE,69,50,15,1.0,50,2,0,68,1,40,0,32.0,8,40.0,False,False
C1632,U28,I302,i really enjoyed this post about education. reference 1632,2026-07-09 11:32:31.802379,False,GENUINE,1,0,0,0.7751482859536991,20,5,15,1,1,0,0,4.5,0,4.5,False,False
C1633,U357,I414,thanks for sharing this information. reference 1633,2026-06-15 22:18:31.802393,False,GENUINE,1,0,0,0.6789809902112234,0,5,15,1,1,0,0,1.5,0,1.5,False,False
C1634,U349,I194,this is an interesting perspective on fashion. reference 1634,2026-07-11 10:00:31.802406,False,GENUINE,1,0,0,0.7361608768424162,20,8,15,1,1,0,0,4.5,0,4.5,False,False
C1635,U365,I210,this is worth discussing further. reference 1635,2026-06-12 15:28:31.802421,False,GENUINE,1,0,0,0.6148367794734235,0,4,0,1,1,0,0,0.0,0,0.0,False,False
C1636,U250,I126,the explanation of movies was very clear. reference 1636,2026-06-18 21:34:31.802437,False,GENUINE,1,0,0,0.769149315988473,20,5,15,1,1,0,0,4.5,0,4.5,False,False
C1637,U86,I466,this is an interesting perspective on movies. reference 1637,2026-08-01 09:55:31.802451,False,GENUINE,1,0,0,0.7382784747058516,20,13,40,1,1,0,0,7.0,0,7.0,False,False
C1638,U345,I86,i really enjoyed this post about music. reference 1638,2026-08-08 10:19:31.802465,False,GENUINE,1,0,0,0.7730771289001258,20,11,40,1,1,0,0,7.0,0,7.0,False,False
C1639,U471,I336,the information presented here is useful. reference 1639,2026-07-18 13:32:31.802479,False,GENUINE,1,0,0,0.6598076480079632,0,4,0,1,1,0,0,0.0,0,0.0,False,False
C1640,U20,I356,i think this could be improved. reference 1640,2026-07-14 00:32:31.802492,False,GENUINE,1,0,0,0.6122441426822248,0,4,0,1,1,0,0,0.0,0,0.0,False,False
C1641,U386,I292,the information presented here is useful. reference 1641,2026-06-20 17:15:31.802506,False,GENUINE,1,0,0,0.6598076480079632,0,5,15,1,1,0,0,1.5,0,1.5,False,False
C1642,U100,I413,i think this could be improved. reference 1642,2026-06-09 22:46:31.802519,False,GENUINE,1,0,0,0.6122441426822248,0,8,15,1,1,0,0,1.5,0,1.5,False,False
C1643,U691,I105,this is worth discussing further. reference 1643,2026-06-27 01:40:31.802532,False,GENUINE,1,0,0,0.6148367794734235,0,2,0,1,1,0,0,0.0,0,0.0,False,False
C1644,U830,I391,this is worth discussing further. reference 1644,2026-06-16 20:52:31.802545,False,GENUINE,1,0,0,0.6148367794734235,0,8,15,1,1,0,0,1.5,0,1.5,False,False
C1645,U306,I186,the information presented here is useful. reference 1645,2026-06-27 14:22:31.802559,False,GENUINE,1,0,0,0.6598076480079632,0,7,15,1,1,0,0,1.5,0,1.5,False,False
C1646,U650,I433,best product ever buy now,2026-07-16 16:14:31.802573,False,GENUINE,75,50,15,1.0,50,8,15,72,1,40,0,33.5,8,41.5,False,False
C1647,U271,I24,i have a different opinion about fashion. reference 1647,2026-07-22 06:31:31.802586,False,GENUINE,1,0,0,0.743131701331639,20,5,15,1,1,0,0,4.5,0,4.5,False,False
C1648,U639,I380,this is an interesting perspective on gaming. reference 1648,2026-06-18 23:02:31.802600,False,GENUINE,1,0,0,0.7326877208387651,20,4,0,1,1,0,0,3.0,0,3.0,False,False
C1649,U344,I139,this is an interesting perspective on food. reference 1649,2026-07-03 22:57:31.802616,False,GENUINE,1,0,0,0.7354630625709739,20,4,0,1,1,0,0,3.0,0,3.0,False,False
C1650,U214,I177,this is an interesting perspective on movies. reference 1650,2026-06-26 21:34:31.802631,False,GENUINE,1,0,0,0.7382784747058516,20,7,15,1,1,0,0,4.5,0,4.5,False,False
C1651,U823,I153,the information presented here is useful. reference 1651,2026-07-24 14:54:31.802644,False,GENUINE,1,0,0,0.6598076480079632,0,2,0,1,1,0,0,0.0,0,0.0,False,False
C1652,U424,I205,i have a different opinion about food. reference 1652,2026-06-11 16:56:31.802660,False,GENUINE,1,0,0,0.7486181787682682,20,5,15,1,1,0,0,4.5,0,4.5,False,False
C1653,U781,I280,i learned something useful about technology here. reference 1653,2026-06-15 16:26:31.802674,False,GENUINE,1,0,0,0.7297924268271072,20,7,15,1,1,0,0,4.5,0,4.5,False,False
C1654,U720,I264,i learned something useful about food here. reference 1654,2026-07-23 10:46:31.802688,False,GENUINE,1,0,0,0.7306701420191416,20,6,15,1,1,0,0,4.5,0,4.5,False,False
C1655,U676,I492,i think this could be improved. reference 1655,2026-06-14 18:24:31.802701,False,GENUINE,1,0,0,0.6122441426822248,0,6,15,1,1,0,0,1.5,0,1.5,False,False
C1656,U545,I414,thanks for sharing this information. reference 1656,2026-06-21 07:16:31.802715,False,GENUINE,1,0,0,0.6789809902112234,0,3,0,1,1,0,0,0.0,0,0.0,False,False
C1657,U744,I320,click here for amazing deals,2026-07-09 16:12:31.802731,False,GENUINE,53,50,30,1.0000000000000002,50,6,15,53,1,40,0,36.5,8,44.5,False,False
C1658,U473,I75,the explanation of education was very clear. reference 1658,2026-06-04 21:22:31.802745,False,GENUINE,1,0,0,0.7597438970269877,20,4,0,1,1,0,0,3.0,0,3.0,False,False
C1659,U701,I391,i have a different opinion about fashion. reference 1659,2026-07-05 11:45:31.802761,False,GENUINE,1,0,0,0.743131701331639,20,5,15,1,1,0,0,4.5,0,4.5,False,False
C1660,U326,I440,this is an interesting perspective on sports. reference 1660,2026-07-05 06:59:31.802776,False,GENUINE,1,0,0,0.7310531063082972,20,4,0,1,1,0,0,3.0,0,3.0,False,False
C1661,U273,I421,i have a different opinion about education. reference 1661,2026-07-19 11:46:31.802812,False,GENUINE,1,0,0,0.7416504318441781,20,13,40,1,1,0,0,7.0,0,7.0,False,False
C1662,U703,I307,the explanation of fashion was very clear. reference 1662,2026-07-21 03:00:31.802827,False,GENUINE,1,0,0,0.7656396726651926,20,11,40,1,1,0,0,7.0,0,7.0,False,False
C1663,U116,I76,the explanation of technology was very clear. reference 1663,2026-07-20 11:29:31.802841,False,GENUINE,1,0,0,0.768821942884016,20,9,15,1,1,0,0,4.5,0,4.5,False,False
C1664,U816,I423,i have a different opinion about food. reference 1664,2026-06-28 15:38:31.802857,False,GENUINE,1,0,0,0.7486181787682682,20,3,0,1,1,0,0,3.0,0,3.0,False,False
C1665,U573,I223,the information presented here is useful. reference 1665,2026-07-24 10:43:31.802871,False,GENUINE,1,0,0,0.6598076480079632,0,10,40,1,1,0,0,4.0,0,4.0,False,False
C1666,U163,I139,i learned something useful about technology here. reference 1666,2026-07-19 07:30:31.802887,False,GENUINE,1,0,0,0.7297924268271072,20,7,15,1,1,0,0,4.5,0,4.5,False,False
C1667,U808,I411,i have a different opinion about education. reference 1667,2026-06-14 04:30:31.802901,False,GENUINE,1,0,0,0.7416504318441781,20,7,15,1,1,0,0,4.5,0,4.5,False,False
C1668,U872,I21,i think this could be improved. reference 1668,2026-08-06 19:07:31.802915,False,GENUINE,1,0,0,0.6122441426822248,0,10,40,1,1,0,0,4.0,0,4.0,False,False
C1669,U880,I459,this is an interesting perspective on music. reference 1669,2026-06-18 01:46:31.802929,False,GENUINE,1,0,0,0.7318423269582839,20,7,15,1,1,0,0,4.5,0,4.5,False,False
C1670,U305,I443,this is an interesting perspective on fashion. reference 1670,2026-07-09 18:02:31.802942,False,GENUINE,1,0,0,0.7361608768424162,20,4,0,1,1,0,0,3.0,0,3.0,False,False
C1671,U687,I336,this is an interesting perspective on fashion. reference 1671,2026-06-06 21:52:31.802956,False,GENUINE,1,0,0,0.7361608768424162,20,4,0,1,1,0,0,3.0,0,3.0,False,False
C1672,U862,I71,the explanation of gaming was very clear. reference 1672,2026-06-20 20:40:31.802970,False,GENUINE,1,0,0,0.7624332223630372,20,8,15,1,1,0,0,4.5,0,4.5,False,False
C1673,U752,I256,this is an interesting perspective on movies. reference 1673,2026-06-27 15:28:31.802985,False,GENUINE,1,0,0,0.7382784747058516,20,6,15,1,1,0,0,4.5,0,4.5,False,False
C1674,U905,I46,amazing product buy now,2026-07-14 07:19:31.802998,False,GENUINE,69,50,15,1.0,50,2,0,68,3,95,0,51.25,25,76.25,True,False
C1675,U337,I426,thanks for sharing this information. reference 1675,2026-06-04 17:08:31.803012,False,GENUINE,1,0,0,0.6789809902112234,0,2,0,1,1,0,0,0.0,0,0.0,False,False
C1676,U761,I120,the information presented here is useful. reference 1676,2026-07-29 16:48:31.803026,False,GENUINE,1,0,0,0.6598076480079632,0,6,15,1,1,0,0,1.5,0,1.5,False,False
C1677,U109,I89,amazing product buy now,2026-07-02 19:56:31.803045,False,GENUINE,69,50,15,1.0,50,7,15,68,1,40,0,33.5,8,41.5,False,False
C1678,U418,I130,thanks for sharing this information. reference 1678,2026-06-28 04:46:31.803058,False,GENUINE,1,0,0,0.6789809902112234,0,2,0,1,1,0,0,0.0,0,0.0,False,False
C1679,U546,I191,this is an interesting perspective on music. reference 1679,2026-06-23 03:47:31.803072,False,GENUINE,1,0,0,0.7318423269582839,20,7,15,1,1,0,0,4.5,0,4.5,False,False
C1680,U433,I243,the explanation of movies was very clear. reference 1680,2026-07-29 15:25:31.803085,False,GENUINE,1,0,0,0.769149315988473,20,7,15,1,1,0,0,4.5,0,4.5,False,False
C1681,U371,I243,this is worth discussing further. reference 1681,2026-08-09 21:56:31.803099,False,GENUINE,1,0,0,0.6148367794734235,0,6,15,1,1,0,0,1.5,0,1.5,False,False
C1682,U660,I495,thanks for sharing this information. reference 1682,2026-06-05 12:37:31.803113,False,GENUINE,1,0,0,0.6789809902112234,0,5,15,1,1,0,0,1.5,0,1.5,False,False
C1683,U678,I409,i really enjoyed this post about sports. reference 1683,2026-07-19 19:20:31.803127,False,GENUINE,1,0,0,0.7746110731001136,20,4,0,1,1,0,0,3.0,0,3.0,False,False
C1684,U565,I196,i have a different opinion about music. reference 1684,2026-06-10 11:02:31.803141,False,GENUINE,1,0,0,0.7390063271830457,20,5,15,1,1,0,0,4.5,0,4.5,False,False
C1685,U124,I273,the explanation of food was very clear. reference 1685,2026-07-07 11:21:31.803155,False,GENUINE,1,0,0,0.7668898154278452,20,5,15,1,1,0,0,4.5,0,4.5,False,False
C1686,U8,I465,the information presented here is useful. reference 1686,2026-07-15 10:40:31.803168,False,GENUINE,1,0,0,0.6598076480079632,0,7,15,1,1,0,0,1.5,0,1.5,False,False
C1687,U92,I479,the explanation of movies was very clear. reference 1687,2026-07-23 16:23:31.803182,False,GENUINE,1,0,0,0.769149315988473,20,6,15,1,1,0,0,4.5,0,4.5,False,False
C1688,U880,I455,i learned something useful about food here. reference 1688,2026-06-15 08:46:31.803196,False,GENUINE,1,0,0,0.7306701420191416,20,7,15,1,1,0,0,4.5,0,4.5,False,False
C1689,U324,I450,the information presented here is useful. reference 1689,2026-07-17 21:20:31.803210,False,GENUINE,1,0,0,0.6598076480079632,0,5,15,1,1,0,0,1.5,0,1.5,False,False
C1690,U887,I41,i think this could be improved. reference 1690,2026-06-05 18:06:31.803225,False,GENUINE,1,0,0,0.6122441426822248,0,5,15,1,1,0,0,1.5,0,1.5,False,False
C1691,U422,I474,this is worth discussing further. reference 1691,2026-08-02 16:39:31.803239,False,GENUINE,1,0,0,0.6148367794734235,0,10,40,1,1,0,0,4.0,0,4.0,False,False
C1692,U844,I82,i have a different opinion about gaming. reference 1692,2026-07-10 19:20:31.803253,False,GENUINE,1,0,0,0.7402988924808734,20,9,15,1,1,0,0,4.5,0,4.5,False,False
C1693,U430,I308,this was a surprisingly interesting post. reference 1693,2026-07-01 13:49:31.803269,False,GENUINE,1,0,0,0.661661894767308,0,7,15,1,1,0,0,1.5,0,1.5,False,False
C1694,U711,I14,i really enjoyed this post about education. reference 1694,2026-06-15 11:23:31.803283,False,GENUINE,1,0,0,0.7751482859536991,20,7,15,1,1,0,0,4.5,0,4.5,False,False
C1695,U454,I405,i learned something useful about technology here. reference 1695,2026-07-06 08:43:31.803297,False,GENUINE,1,0,0,0.7297924268271072,20,9,15,1,1,0,0,4.5,0,4.5,False,False
C1696,U204,I321,i have a different opinion about music. reference 1696,2026-06-20 10:06:31.803311,False,GENUINE,1,0,0,0.7390063271830457,20,7,15,1,1,0,0,4.5,0,4.5,False,False
C1697,U84,I56,i learned something useful about sports here. reference 1697,2026-06-25 19:57:31.803324,False,GENUINE,1,0,0,0.7313413266953137,20,2,0,1,1,0,0,3.0,0,3.0,False,False
C1698,U730,I496,i learned something useful about fashion here. reference 1698,2026-07-13 18:14:31.803339,False,GENUINE,1,0,0,0.7359149406482672,20,4,0,1,1,0,0,3.0,0,3.0,False,False
C1699,U462,I244,i learned something useful about movies here. reference 1699,2026-07-27 01:00:31.803353,False,GENUINE,1,0,0,0.736990248638929,20,10,40,1,1,0,0,7.0,0,7.0,False,False
C1700,U703,I303,this is worth discussing further. reference 1700,2026-07-24 17:59:31.803366,False,GENUINE,1,0,0,0.6148367794734235,0,11,40,1,1,0,0,4.0,0,4.0,False,False
C1701,U86,I212,this is worth discussing further. reference 1701,2026-07-07 00:22:31.803380,False,GENUINE,1,0,0,0.6148367794734235,0,13,40,1,1,0,0,4.0,0,4.0,False,False
C1702,U897,I193,thanks for sharing this information. reference 1702,2026-08-09 22:41:31.803393,False,GENUINE,1,0,0,0.6789809902112234,0,5,15,1,1,0,0,1.5,0,1.5,False,False
C1703,U970,I11,this was a surprisingly interesting post. reference 1703,2026-08-03 17:36:31.803407,False,GENUINE,1,0,0,0.661661894767308,0,7,15,1,1,0,0,1.5,0,1.5,False,False
C1704,U997,I236,the explanation of movies was very clear. reference 1704,2026-06-09 00:03:31.803421,False,GENUINE,1,0,0,0.769149315988473,20,6,15,1,1,0,0,4.5,0,4.5,False,False
C1705,U872,I86,i really enjoyed this post about fashion. reference 1705,2026-06-16 13:55:31.803435,False,GENUINE,1,0,0,0.7749801373506703,20,10,40,1,1,0,0,7.0,0,7.0,False,False
C1706,U439,I307,i have a different opinion about education. reference 1706,2026-08-03 17:25:31.803450,False,GENUINE,1,0,0,0.7416504318441781,20,5,15,1,1,0,0,4.5,0,4.5,False,False
C1707,U981,I188,i learned something useful about gaming here. reference 1707,2026-08-10 13:08:31.803464,False,GENUINE,1,0,0,0.7317498758867395,20,5,15,1,1,0,0,4.5,0,4.5,False,False
C1708,U735,I269,the information presented here is useful. reference 1708,2026-06-11 12:27:31.803478,False,GENUINE,1,0,0,0.6598076480079632,0,6,15,1,1,0,0,1.5,0,1.5,False,False
C1709,U506,I60,the explanation of sports was very clear. reference 1709,2026-07-25 11:43:31.803494,False,GENUINE,1,0,0,0.761366899611231,20,5,15,1,1,0,0,4.5,0,4.5,False,False
C1710,U968,I441,i have a different opinion about movies. reference 1710,2026-06-04 21:21:31.803508,False,GENUINE,1,0,0,0.7480534672157237,20,11,40,1,1,0,0,7.0,0,7.0,False,False
C1711,U506,I195,i learned something useful about fashion here. reference 1711,2026-07-24 00:38:31.803522,False,GENUINE,1,0,0,0.7359149406482672,20,5,15,1,1,0,0,4.5,0,4.5,False,False
C1712,U614,I110,i have a different opinion about sports. reference 1712,2026-07-04 18:07:31.803536,False,GENUINE,1,0,0,0.7435975412000372,20,9,15,1,1,0,0,4.5,0,4.5,False,False
C1713,U184,I209,i learned something useful about technology here. reference 1713,2026-07-16 10:02:31.803550,False,GENUINE,1,0,0,0.7297924268271072,20,5,15,1,1,0,0,4.5,0,4.5,False,False
C1714,U999,I134,the explanation of food was very clear. reference 1714,2026-07-20 05:31:31.803564,False,GENUINE,1,0,0,0.7668898154278452,20,4,0,1,1,0,0,3.0,0,3.0,False,False
C1715,U378,I298,i think this could be improved. reference 1715,2026-08-10 21:26:31.803577,False,GENUINE,1,0,0,0.6122441426822248,0,8,15,1,1,0,0,1.5,0,1.5,False,False
C1716,U480,I68,this is worth discussing further. reference 1716,2026-06-10 07:31:31.803591,False,GENUINE,1,0,0,0.6148367794734235,0,4,0,1,1,0,0,0.0,0,0.0,False,False
C1717,U217,I365,the information presented here is useful. reference 1717,2026-06-05 19:56:31.803604,False,GENUINE,1,0,0,0.6598076480079632,0,6,15,1,1,0,0,1.5,0,1.5,False,False
C1718,U611,I131,this is an interesting perspective on gaming. reference 1718,2026-06-22 03:11:31.803618,False,GENUINE,1,0,0,0.7326877208387651,20,4,0,1,1,0,0,3.0,0,3.0,False,False
C1719,U60,I26,this is worth discussing further. reference 1719,2026-06-29 23:12:31.803631,False,GENUINE,1,0,0,0.6148367794734235,0,4,0,1,1,0,0,0.0,0,0.0,False,False
C1720,U930,I181,thanks for sharing this information. reference 1720,2026-08-11 08:16:31.803651,False,GENUINE,1,0,0,0.6789809902112234,0,6,15,1,1,0,0,1.5,0,1.5,False,False
C1721,U259,I258,thanks for sharing this information. reference 1721,2026-07-15 07:08:31.803666,False,GENUINE,1,0,0,0.6789809902112234,0,4,0,1,1,0,0,0.0,0,0.0,False,False
C1722,U404,I343,this is worth discussing further. reference 1722,2026-06-21 21:36:31.803683,False,GENUINE,1,0,0,0.6148367794734235,0,7,15,1,1,0,0,1.5,0,1.5,False,False
C1723,U42,I297,i learned something useful about movies here. reference 1723,2026-07-27 08:54:31.803697,False,GENUINE,1,0,0,0.736990248638929,20,9,15,1,1,0,0,4.5,0,4.5,False,False
C1724,U515,I252,this is worth discussing further. reference 1724,2026-07-30 19:48:31.803711,False,GENUINE,1,0,0,0.6148367794734235,0,6,15,1,1,0,0,1.5,0,1.5,False,False
C1725,U91,I162,this was a surprisingly interesting post. reference 1725,2026-07-29 22:13:31.803724,False,GENUINE,1,0,0,0.661661894767308,0,9,15,1,1,0,0,1.5,0,1.5,False,False
C1726,U266,I59,this is worth discussing further. reference 1726,2026-07-31 04:38:31.803738,False,GENUINE,1,0,0,0.6148367794734235,0,4,0,1,1,0,0,0.0,0,0.0,False,False
C1727,U511,I446,i have a different opinion about music. reference 1727,2026-07-03 16:26:31.803752,False,GENUINE,1,0,0,0.7390063271830457,20,2,0,1,1,0,0,3.0,0,3.0,False,False
C1728,U289,I462,i have a different opinion about movies. reference 1728,2026-06-25 18:38:31.803768,False,GENUINE,1,0,0,0.7480534672157237,20,4,0,1,1,0,0,3.0,0,3.0,False,False
C1729,U320,I223,i learned something useful about music here. reference 1729,2026-06-05 18:16:31.803781,False,GENUINE,1,0,0,0.7357637114536311,20,3,0,1,1,0,0,3.0,0,3.0,False,False
C1730,U503,I391,i learned something useful about food here. reference 1730,2026-08-06 23:43:31.803796,False,GENUINE,1,0,0,0.7306701420191416,20,5,15,1,1,0,0,4.5,0,4.5,False,False
C1731,U193,I76,i really enjoyed this post about sports. reference 1731,2026-07-26 03:54:31.803809,False,GENUINE,1,0,0,0.7746110731001136,20,7,15,1,1,0,0,4.5,0,4.5,False,False
C1732,U36,I240,i have a different opinion about education. reference 1732,2026-06-08 13:47:31.803823,False,GENUINE,1,0,0,0.7416504318441781,20,10,40,1,1,0,0,7.0,0,7.0,False,False
C1733,U478,I223,this is an interesting perspective on food. reference 1733,2026-08-08 02:52:31.803836,False,GENUINE,1,0,0,0.7354630625709739,20,7,15,1,1,0,0,4.5,0,4.5,False,False
C1734,U452,I182,this was a surprisingly interesting post. reference 1734,2026-07-01 03:59:31.803852,False,GENUINE,1,0,0,0.661661894767308,0,7,15,1,1,0,0,1.5,0,1.5,False,False
C1735,U504,I57,i learned something useful about gaming here. reference 1735,2026-07-11 00:15:31.803866,False,GENUINE,1,0,0,0.7317498758867395,20,4,0,1,1,0,0,3.0,0,3.0,False,False
C1736,U95,I104,i have a different opinion about education. reference 1736,2026-07-27 12:20:31.803879,False,GENUINE,1,0,0,0.7416504318441781,20,9,15,1,1,0,0,4.5,0,4.5,False,False
C1737,U767,I260,i have a different opinion about sports. reference 1737,2026-06-19 17:12:31.803893,False,GENUINE,1,0,0,0.7435975412000372,20,10,40,1,1,0,0,7.0,0,7.0,False,False
C1738,U994,I2,this was a surprisingly interesting post. reference 1738,2026-07-04 22:18:31.803907,False,GENUINE,1,0,0,0.661661894767308,0,6,15,1,1,0,0,1.5,0,1.5,False,False
C1739,U942,I39,the explanation of food was very clear. reference 1739,2026-06-11 05:15:31.803920,False,GENUINE,1,0,0,0.7668898154278452,20,8,15,1,1,0,0,4.5,0,4.5,False,False
C1740,U96,I454,this is worth discussing further. reference 1740,2026-07-16 22:57:31.803934,False,GENUINE,1,0,0,0.6148367794734235,0,4,0,1,1,0,0,0.0,0,0.0,False,False
C1741,U697,I348,this is an interesting perspective on fashion. reference 1741,2026-07-08 19:55:31.803948,False,GENUINE,1,0,0,0.7361608768424162,20,5,15,1,1,0,0,4.5,0,4.5,False,False
C1742,U604,I475,this is an interesting perspective on music. reference 1742,2026-07-28 20:03:31.803961,False,GENUINE,1,0,0,0.7318423269582839,20,5,15,1,1,0,0,4.5,0,4.5,False,False
C1743,U29,I41,i think this could be improved. reference 1743,2026-07-01 12:05:31.803975,False,GENUINE,1,0,0,0.6122441426822248,0,7,15,1,1,0,0,1.5,0,1.5,False,False
C1744,U643,I489,i have a different opinion about technology. reference 1744,2026-07-12 20:20:31.803989,False,GENUINE,1,0,0,0.7418462529021725,20,3,0,1,1,0,0,3.0,0,3.0,False,False
C1745,U993,I22,thanks for sharing this information. reference 1745,2026-07-13 06:11:31.804002,False,GENUINE,1,0,0,0.6789809902112234,0,7,15,1,1,0,0,1.5,0,1.5,False,False
C1746,U970,I374,thanks for sharing this information. reference 1746,2026-07-23 14:14:31.804016,False,GENUINE,1,0,0,0.6789809902112234,0,7,15,1,1,0,0,1.5,0,1.5,False,False
C1747,U883,I24,i have a different opinion about music. reference 1747,2026-08-06 18:39:31.804030,False,GENUINE,1,0,0,0.7390063271830457,20,4,0,1,1,0,0,3.0,0,3.0,False,False
C1748,U761,I36,this was a surprisingly interesting post. reference 1748,2026-08-03 09:48:31.804043,False,GENUINE,1,0,0,0.661661894767308,0,6,15,1,1,0,0,1.5,0,1.5,False,False
C1749,U408,I130,i learned something useful about sports here. reference 1749,2026-07-06 12:32:31.804059,False,GENUINE,1,0,0,0.7313413266953137,20,6,15,1,1,0,0,4.5,0,4.5,False,False
C1750,U91,I10,the explanation of education was very clear. reference 1750,2026-07-07 11:17:31.804073,False,GENUINE,1,0,0,0.7597438970269877,20,9,15,1,1,0,0,4.5,0,4.5,False,False
C1751,U798,I206,i have a different opinion about education. reference 1751,2026-07-31 20:31:31.804086,False,GENUINE,1,0,0,0.7416504318441781,20,10,40,1,1,0,0,7.0,0,7.0,False,False
C1752,U305,I251,the information presented here is useful. reference 1752,2026-06-10 11:39:31.804100,False,GENUINE,1,0,0,0.6598076480079632,0,4,0,1,1,0,0,0.0,0,0.0,False,False
C1753,U617,I67,this is worth discussing further. reference 1753,2026-07-09 09:15:31.804114,False,GENUINE,1,0,0,0.6148367794734235,0,7,15,1,1,0,0,1.5,0,1.5,False,False
C1754,U524,I102,i think this could be improved. reference 1754,2026-07-07 12:11:31.804129,False,GENUINE,1,0,0,0.6122441426822248,0,5,15,1,1,0,0,1.5,0,1.5,False,False
C1755,U487,I137,thanks for sharing this information. reference 1755,2026-08-03 14:53:31.804142,False,GENUINE,1,0,0,0.6789809902112234,0,5,15,1,1,0,0,1.5,0,1.5,False,False
C1756,U774,I216,this is worth discussing further. reference 1756,2026-07-03 07:39:31.804156,False,GENUINE,1,0,0,0.6148367794734235,0,10,40,1,1,0,0,4.0,0,4.0,False,False
C1757,U645,I218,you must buy this product,2026-06-26 02:34:31.804172,False,GENUINE,51,50,0,1.0,50,4,0,51,2,50,0,32.5,8,40.5,False,False
C1758,U349,I498,i think this could be improved. reference 1758,2026-06-13 21:15:31.804186,False,GENUINE,1,0,0,0.6122441426822248,0,8,15,1,1,0,0,1.5,0,1.5,False,False
C1759,U702,I365,i learned something useful about food here. reference 1759,2026-06-24 20:07:31.804200,False,GENUINE,1,0,0,0.7306701420191416,20,6,15,1,1,0,0,4.5,0,4.5,False,False
C1760,U644,I331,this was a surprisingly interesting post. reference 1760,2026-07-16 08:55:31.804213,False,GENUINE,1,0,0,0.661661894767308,0,9,15,1,1,0,0,1.5,0,1.5,False,False
C1761,U479,I223,this is an interesting perspective on food. reference 1761,2026-07-15 11:45:31.804227,False,GENUINE,1,0,0,0.7354630625709739,20,4,0,1,1,0,0,3.0,0,3.0,False,False
C1762,U152,I65,i have a different opinion about sports. reference 1762,2026-06-25 05:16:31.804243,False,GENUINE,1,0,0,0.7435975412000372,20,6,15,1,1,0,0,4.5,0,4.5,False,False
C1763,U437,I151,thanks for sharing this information. reference 1763,2026-06-22 16:19:31.804257,False,GENUINE,1,0,0,0.6789809902112234,0,6,15,1,1,0,0,1.5,0,1.5,False,False
C1764,U78,I469,i really enjoyed this post about gaming. reference 1764,2026-06-26 08:26:31.804271,False,GENUINE,1,0,0,0.7760108921746118,20,4,0,1,1,0,0,3.0,0,3.0,False,False
C1765,U435,I211,this is an interesting perspective on food. reference 1765,2026-06-12 16:19:31.804285,False,GENUINE,1,0,0,0.7354630625709739,20,5,15,1,1,0,0,4.5,0,4.5,False,False
C1766,U737,I291,i have a different opinion about music. reference 1766,2026-07-19 15:13:31.804299,False,GENUINE,1,0,0,0.7390063271830457,20,6,15,1,1,0,0,4.5,0,4.5,False,False
C1767,U599,I41,this was a surprisingly interesting post. reference 1767,2026-08-01 11:05:31.804312,False,GENUINE,1,0,0,0.661661894767308,0,6,15,1,1,0,0,1.5,0,1.5,False,False
C1768,U758,I338,i think this could be improved. reference 1768,2026-07-26 05:56:31.804326,False,GENUINE,1,0,0,0.6122441426822248,0,5,15,1,1,0,0,1.5,0,1.5,False,False
C1769,U863,I201,i really enjoyed this post about gaming. reference 1769,2026-07-04 22:40:31.804340,False,GENUINE,1,0,0,0.7760108921746118,20,6,15,1,1,0,0,4.5,0,4.5,False,False
C1770,U897,I360,i have a different opinion about music. reference 1770,2026-06-19 09:12:31.804354,False,GENUINE,1,0,0,0.7390063271830457,20,5,15,1,1,0,0,4.5,0,4.5,False,False
C1771,U741,I232,i think this could be improved. reference 1771,2026-07-11 18:19:31.804368,False,GENUINE,1,0,0,0.6122441426822248,0,11,40,1,1,0,0,4.0,0,4.0,False,False
C1772,U989,I470,i learned something useful about sports here. reference 1772,2026-07-25 23:39:31.804381,False,GENUINE,1,0,0,0.7313413266953137,20,5,15,1,1,0,0,4.5,0,4.5,False,False
C1773,U80,I382,thanks for sharing this information. reference 1773,2026-06-11 12:53:31.804395,False,GENUINE,1,0,0,0.6789809902112234,0,11,40,1,1,0,0,4.0,0,4.0,False,False
C1774,U108,I222,this was a surprisingly interesting post. reference 1774,2026-08-11 07:12:31.804409,False,GENUINE,1,0,0,0.661661894767308,0,7,15,1,1,0,0,1.5,0,1.5,False,False
C1775,U404,I59,i really enjoyed this post about education. reference 1775,2026-06-13 03:21:31.804423,False,GENUINE,1,0,0,0.7751482859536991,20,7,15,1,1,0,0,4.5,0,4.5,False,False
C1776,U488,I235,the information presented here is useful. reference 1776,2026-07-15 06:30:31.804437,False,GENUINE,1,0,0,0.6598076480079632,0,4,0,1,1,0,0,0.0,0,0.0,False,False
C1777,U633,I416,amazing product buy now,2026-06-09 23:12:31.804450,False,GENUINE,69,50,15,1.0,50,5,15,68,1,40,0,33.5,8,41.5,False,False
C1778,U689,I493,the information presented here is useful. reference 1778,2026-08-03 20:32:31.804466,False,GENUINE,1,0,0,0.6598076480079632,0,5,15,1,1,0,0,1.5,0,1.5,False,False
C1779,U128,I69,i really enjoyed this post about sports. reference 1779,2026-08-01 15:30:31.804480,False,GENUINE,1,0,0,0.7746110731001136,20,4,0,1,1,0,0,3.0,0,3.0,False,False
C1780,U835,I8,the explanation of technology was very clear. reference 1780,2026-07-23 18:54:31.804494,False,GENUINE,1,0,0,0.768821942884016,20,5,15,1,1,0,0,4.5,0,4.5,False,False
C1781,U492,I332,i learned something useful about sports here. reference 1781,2026-07-03 03:59:31.804508,False,GENUINE,1,0,0,0.7313413266953137,20,7,15,1,1,0,0,4.5,0,4.5,False,False
C1782,U862,I320,this was a surprisingly interesting post. reference 1782,2026-08-03 23:54:31.804526,False,GENUINE,1,0,0,0.661661894767308,0,8,15,1,1,0,0,1.5,0,1.5,False,False
C1783,U308,I394,i think this could be improved. reference 1783,2026-06-29 16:32:31.804540,False,GENUINE,1,0,0,0.6122441426822248,0,4,0,1,1,0,0,0.0,0,0.0,False,False
C1784,U432,I11,this is an interesting perspective on education. reference 1784,2026-07-28 23:00:31.804554,False,GENUINE,1,0,0,0.7306942280328299,20,2,0,1,1,0,0,3.0,0,3.0,False,False
C1785,U756,I359,i think this could be improved. reference 1785,2026-06-29 21:59:31.804567,False,GENUINE,1,0,0,0.6122441426822248,0,6,15,1,1,0,0,1.5,0,1.5,False,False
C1786,U20,I440,i think this could be improved. reference 1786,2026-07-24 12:09:31.804584,False,GENUINE,1,0,0,0.6122441426822248,0,4,0,1,1,0,0,0.0,0,0.0,False,False
C1787,U301,I291,the information presented here is useful. reference 1787,2026-07-12 10:40:31.804598,False,GENUINE,1,0,0,0.6598076480079632,0,4,0,1,1,0,0,0.0,0,0.0,False,False
C1788,U8,I52,the information presented here is useful. reference 1788,2026-06-27 17:06:31.804612,False,GENUINE,1,0,0,0.6598076480079632,0,7,15,1,1,0,0,1.5,0,1.5,False,False
C1789,U754,I296,amazing product buy now,2026-08-08 11:07:31.804669,False,GENUINE,69,50,15,1.0,50,4,0,68,1,40,0,32.0,8,40.0,False,False
C1790,U499,I204,i think this could be improved. reference 1790,2026-07-21 17:22:31.804684,False,GENUINE,1,0,0,0.6122441426822248,0,6,15,1,1,0,0,1.5,0,1.5,False,False
C1791,U731,I31,this was a surprisingly interesting post. reference 1791,2026-07-04 10:06:31.804700,False,GENUINE,1,0,0,0.661661894767308,0,7,15,1,1,0,0,1.5,0,1.5,False,False
C1792,U590,I161,this was a surprisingly interesting post. reference 1792,2026-07-18 10:51:31.804716,False,GENUINE,1,0,0,0.661661894767308,0,7,15,1,1,0,0,1.5,0,1.5,False,False
C1793,U914,I331,the information presented here is useful. reference 1793,2026-08-01 04:31:31.804730,False,GENUINE,1,0,0,0.6598076480079632,0,4,0,1,1,0,0,0.0,0,0.0,False,False
C1794,U506,I318,this is worth discussing further. reference 1794,2026-06-09 08:14:31.804744,False,GENUINE,1,0,0,0.6148367794734235,0,5,15,1,1,0,0,1.5,0,1.5,False,False
C1795,U446,I10,i learned something useful about movies here. reference 1795,2026-06-06 17:33:31.804757,False,GENUINE,1,0,0,0.736990248638929,20,6,15,1,1,0,0,4.5,0,4.5,False,False
C1796,U196,I240,this is worth discussing further. reference 1796,2026-07-21 16:56:31.804771,False,GENUINE,1,0,0,0.6148367794734235,0,6,15,1,1,0,0,1.5,0,1.5,False,False
C1797,U519,I112,best product ever buy now,2026-06-18 00:40:31.804785,False,GENUINE,75,50,15,1.0,50,4,0,72,1,40,0,32.0,8,40.0,False,False
C1798,U873,I431,i think this could be improved. reference 1798,2026-07-16 03:03:31.804798,False,GENUINE,1,0,0,0.6122441426822248,0,7,15,1,1,0,0,1.5,0,1.5,False,False
C1799,U740,I364,the information presented here is useful. reference 1799,2026-06-11 13:33:31.804812,False,GENUINE,1,0,0,0.6598076480079632,0,6,15,1,1,0,0,1.5,0,1.5,False,False
C1800,U668,I376,this is worth discussing further. reference 1800,2026-07-28 02:01:31.804826,False,GENUINE,1,0,0,0.6148367794734235,0,7,15,1,1,0,0,1.5,0,1.5,False,False
C1801,U636,I106,i have a different opinion about gaming. reference 1801,2026-06-12 02:46:31.804840,False,GENUINE,1,0,0,0.7402988924808734,20,4,0,1,1,0,0,3.0,0,3.0,False,False
C1802,U494,I66,i learned something useful about sports here. reference 1802,2026-07-28 14:30:31.804853,False,GENUINE,1,0,0,0.7313413266953137,20,5,15,1,1,0,0,4.5,0,4.5,False,False
C1803,U620,I251,this is an interesting perspective on fashion. reference 1803,2026-06-27 21:25:31.804867,False,GENUINE,1,0,0,0.7361608768424162,20,8,15,1,1,0,0,4.5,0,4.5,False,False
C1804,U310,I120,the explanation of technology was very clear. reference 1804,2026-08-10 04:22:31.804881,False,GENUINE,1,0,0,0.768821942884016,20,11,40,1,1,0,0,7.0,0,7.0,False,False
C1805,U367,I451,i have a different opinion about music. reference 1805,2026-06-11 05:12:31.804895,False,GENUINE,1,0,0,0.7390063271830457,20,6,15,1,1,0,0,4.5,0,4.5,False,False
C1806,U162,I89,this was a surprisingly interesting post. reference 1806,2026-08-06 00:54:31.804910,False,GENUINE,1,0,0,0.661661894767308,0,8,15,1,1,0,0,1.5,0,1.5,False,False
C1807,U345,I220,this is an interesting perspective on sports. reference 1807,2026-07-31 20:20:31.804924,False,GENUINE,1,0,0,0.7310531063082972,20,11,40,1,1,0,0,7.0,0,7.0,False,False
C1808,U575,I114,i think this could be improved. reference 1808,2026-07-11 20:32:31.804938,False,GENUINE,1,0,0,0.6122441426822248,0,6,15,1,1,0,0,1.5,0,1.5,False,False
C1809,U803,I181,i really enjoyed this post about movies. reference 1809,2026-07-29 01:43:31.804952,False,GENUINE,1,0,0,0.7772370080656208,20,6,15,1,1,0,0,4.5,0,4.5,False,False
C1810,U873,I353,this was a surprisingly interesting post. reference 1810,2026-06-08 12:49:31.804966,False,GENUINE,1,0,0,0.661661894767308,0,7,15,1,1,0,0,1.5,0,1.5,False,False
C1811,U51,I474,i think this could be improved. reference 1811,2026-06-04 00:59:31.804980,False,GENUINE,1,0,0,0.6122441426822248,0,4,0,1,1,0,0,0.0,0,0.0,False,False
C1812,U113,I499,this is an interesting perspective on gaming. reference 1812,2026-06-21 15:14:31.804994,False,GENUINE,1,0,0,0.7326877208387651,20,7,15,1,1,0,0,4.5,0,4.5,False,False
C1813,U42,I259,this is an interesting perspective on education. reference 1813,2026-06-15 11:53:31.805008,False,GENUINE,1,0,0,0.7306942280328299,20,9,15,1,1,0,0,4.5,0,4.5,False,False
C1814,U120,I445,the explanation of music was very clear. reference 1814,2026-07-28 12:56:31.805022,False,GENUINE,1,0,0,0.7662202675963719,20,5,15,1,1,0,0,4.5,0,4.5,False,False
C1815,U745,I149,i think this could be improved. reference 1815,2026-06-06 03:41:31.805035,False,GENUINE,1,0,0,0.6122441426822248,0,6,15,1,1,0,0,1.5,0,1.5,False,False
C1816,U891,I50,i learned something useful about music here. reference 1816,2026-07-12 09:01:31.805049,False,GENUINE,1,0,0,0.7357637114536311,20,6,15,1,1,0,0,4.5,0,4.5,False,False
C1817,U838,I70,this is an interesting perspective on sports. reference 1817,2026-07-02 20:44:31.805065,False,GENUINE,1,0,0,0.7310531063082972,20,3,0,1,1,0,0,3.0,0,3.0,False,False
C1818,U992,I212,i really enjoyed this post about sports. reference 1818,2026-06-29 17:14:31.805078,False,GENUINE,1,0,0,0.7746110731001136,20,5,15,1,1,0,0,4.5,0,4.5,False,False
C1819,U349,I146,this was a surprisingly interesting post. reference 1819,2026-08-04 01:47:31.805093,False,GENUINE,1,0,0,0.661661894767308,0,8,15,1,1,0,0,1.5,0,1.5,False,False
C1820,U272,I190,the information presented here is useful. reference 1820,2026-06-15 12:56:31.805107,False,GENUINE,1,0,0,0.6598076480079632,0,4,0,1,1,0,0,0.0,0,0.0,False,False
C1821,U680,I125,i learned something useful about fashion here. reference 1821,2026-07-22 01:30:31.805120,False,GENUINE,1,0,0,0.7359149406482672,20,8,15,1,1,0,0,4.5,0,4.5,False,False
C1822,U141,I410,the information presented here is useful. reference 1822,2026-07-05 13:50:31.805134,False,GENUINE,1,0,0,0.6598076480079632,0,5,15,1,1,0,0,1.5,0,1.5,False,False
C1823,U919,I234,this was a surprisingly interesting post. reference 1823,2026-08-09 02:57:31.805147,False,GENUINE,1,0,0,0.661661894767308,0,3,0,1,1,0,0,0.0,0,0.0,False,False
C1824,U453,I74,i really enjoyed this post about gaming. reference 1824,2026-08-04 02:46:31.805161,False,GENUINE,1,0,0,0.7760108921746118,20,5,15,1,1,0,0,4.5,0,4.5,False,False
C1825,U346,I161,best deal available now,2026-07-03 07:44:31.805175,False,GENUINE,52,50,15,1.0000000000000002,50,4,0,51,1,40,0,32.0,8,40.0,False,False
C1826,U62,I201,i really enjoyed this post about education. reference 1826,2026-06-20 12:50:31.805189,False,GENUINE,1,0,0,0.7751482859536991,20,2,0,1,1,0,0,3.0,0,3.0,False,False
C1827,U59,I323,best deal available now,2026-07-04 15:59:31.805203,False,GENUINE,52,50,15,1.0000000000000002,50,6,15,51,1,40,0,33.5,8,41.5,False,False
C1828,U411,I453,this was a surprisingly interesting post. reference 1828,2026-06-07 03:43:31.805217,False,GENUINE,1,0,0,0.661661894767308,0,5,15,1,1,0,0,1.5,0,1.5,False,False
C1829,U760,I160,this is worth discussing further. reference 1829,2026-07-17 08:47:31.805230,False,GENUINE,1,0,0,0.6148367794734235,0,13,40,1,1,0,0,4.0,0,4.0,False,False
C1830,U921,I270,best deal available now,2026-06-09 02:09:31.805244,False,GENUINE,52,50,15,1.0000000000000002,50,7,15,51,1,40,0,33.5,8,41.5,False,False
C1831,U413,I228,the explanation of food was very clear. reference 1831,2026-06-09 08:20:31.805258,False,GENUINE,1,0,0,0.7668898154278452,20,5,15,1,1,0,0,4.5,0,4.5,False,False
C1832,U353,I454,the information presented here is useful. reference 1832,2026-07-15 09:16:31.805272,False,GENUINE,1,0,0,0.6598076480079632,0,4,0,1,1,0,0,0.0,0,0.0,False,False
C1833,U86,I18,this was a surprisingly interesting post. reference 1833,2026-07-07 08:01:31.805285,False,GENUINE,1,0,0,0.661661894767308,0,13,40,1,1,0,0,4.0,0,4.0,False,False
C1834,U742,I368,i learned something useful about movies here. reference 1834,2026-07-23 09:04:31.805302,False,GENUINE,1,0,0,0.736990248638929,20,8,15,1,1,0,0,4.5,0,4.5,False,False
C1835,U95,I261,this was a surprisingly interesting post. reference 1835,2026-06-25 09:06:31.805315,False,GENUINE,1,0,0,0.661661894767308,0,9,15,1,1,0,0,1.5,0,1.5,False,False
C1836,U348,I387,i learned something useful about technology here. reference 1836,2026-08-09 07:03:31.805329,False,GENUINE,1,0,0,0.7297924268271072,20,7,15,1,1,0,0,4.5,0,4.5,False,False
C1837,U911,I407,this was a surprisingly interesting post. reference 1837,2026-07-20 20:46:31.805342,False,GENUINE,1,0,0,0.661661894767308,0,10,40,1,1,0,0,4.0,0,4.0,False,False
C1838,U852,I396,i have a different opinion about fashion. reference 1838,2026-06-26 20:11:31.805356,False,GENUINE,1,0,0,0.743131701331639,20,5,15,1,1,0,0,4.5,0,4.5,False,False
C1839,U113,I374,i really enjoyed this post about music. reference 1839,2026-07-19 04:32:31.805370,False,GENUINE,1,0,0,0.7730771289001258,20,7,15,1,1,0,0,4.5,0,4.5,False,False
C1840,U642,I259,this is worth discussing further. reference 1840,2026-08-07 11:42:31.805383,False,GENUINE,1,0,0,0.6148367794734235,0,7,15,1,1,0,0,1.5,0,1.5,False,False
C1841,U774,I333,this is an interesting perspective on food. reference 1841,2026-07-15 17:04:31.805397,False,GENUINE,1,0,0,0.7354630625709739,20,10,40,1,1,0,0,7.0,0,7.0,False,False
C1842,U586,I377,i really enjoyed this post about food. reference 1842,2026-07-11 23:28:31.805412,False,GENUINE,1,0,0,0.7772683096754256,20,8,15,1,1,0,0,4.5,0,4.5,False,False
C1843,U241,I412,thanks for sharing this information. reference 1843,2026-07-10 22:39:31.805427,False,GENUINE,1,0,0,0.6789809902112234,0,4,0,1,1,0,0,0.0,0,0.0,False,False
C1844,U306,I145,thanks for sharing this information. reference 1844,2026-06-07 19:27:31.805441,False,GENUINE,1,0,0,0.6789809902112234,0,7,15,1,1,0,0,1.5,0,1.5,False,False
C1845,U386,I266,the explanation of gaming was very clear. reference 1845,2026-07-12 23:47:31.805455,False,GENUINE,1,0,0,0.7624332223630372,20,5,15,1,1,0,0,4.5,0,4.5,False,False
C1846,U528,I298,the explanation of music was very clear. reference 1846,2026-07-01 11:31:31.805469,False,GENUINE,1,0,0,0.7662202675963719,20,4,0,1,1,0,0,3.0,0,3.0,False,False
C1847,U100,I75,the information presented here is useful. reference 1847,2026-08-04 08:58:31.805482,False,GENUINE,1,0,0,0.6598076480079632,0,8,15,1,1,0,0,1.5,0,1.5,False,False
C1848,U94,I31,the information presented here is useful. reference 1848,2026-06-29 11:35:31.805498,False,GENUINE,1,0,0,0.6598076480079632,0,6,15,1,1,0,0,1.5,0,1.5,False,False
C1849,U219,I228,this is an interesting perspective on music. reference 1849,2026-06-11 05:26:31.805514,False,GENUINE,1,0,0,0.7318423269582839,20,5,15,1,1,0,0,4.5,0,4.5,False,False
C1850,U538,I206,thanks for sharing this information. reference 1850,2026-07-18 19:56:31.805527,False,GENUINE,1,0,0,0.6789809902112234,0,2,0,1,1,0,0,0.0,0,0.0,False,False
C1851,U598,I255,the information presented here is useful. reference 1851,2026-06-10 02:48:31.805541,False,GENUINE,1,0,0,0.6598076480079632,0,7,15,1,1,0,0,1.5,0,1.5,False,False
C1852,U953,I485,i think this could be improved. reference 1852,2026-07-28 00:14:31.805554,False,GENUINE,1,0,0,0.6122441426822248,0,8,15,1,1,0,0,1.5,0,1.5,False,False
C1853,U147,I258,i learned something useful about food here. reference 1853,2026-06-08 02:27:31.805573,False,GENUINE,1,0,0,0.7306701420191416,20,5,15,1,1,0,0,4.5,0,4.5,False,False
C1854,U468,I66,this was a surprisingly interesting post. reference 1854,2026-06-09 14:53:31.805587,False,GENUINE,1,0,0,0.661661894767308,0,6,15,1,1,0,0,1.5,0,1.5,False,False
C1855,U217,I233,i think this could be improved. reference 1855,2026-06-04 21:14:31.805603,False,GENUINE,1,0,0,0.6122441426822248,0,6,15,1,1,0,0,1.5,0,1.5,False,False
C1856,U160,I483,this was a surprisingly interesting post. reference 1856,2026-08-01 00:32:31.805616,False,GENUINE,1,0,0,0.661661894767308,0,6,15,1,1,0,0,1.5,0,1.5,False,False
C1857,U616,I436,the information presented here is useful. reference 1857,2026-07-31 19:56:31.805629,False,GENUINE,1,0,0,0.6598076480079632,0,5,15,1,1,0,0,1.5,0,1.5,False,False
C1858,U378,I292,i have a different opinion about technology. reference 1858,2026-06-25 05:57:31.805650,False,GENUINE,1,0,0,0.7418462529021725,20,8,15,1,1,0,0,4.5,0,4.5,False,False
C1859,U156,I60,this is worth discussing further. reference 1859,2026-07-08 17:57:31.805664,False,GENUINE,1,0,0,0.6148367794734235,0,9,15,1,1,0,0,1.5,0,1.5,False,False
C1860,U310,I150,best product ever buy now,2026-07-29 19:52:31.805678,False,GENUINE,75,50,15,1.0,50,11,40,72,1,40,0,36.0,8,44.0,False,False
C1861,U145,I401,thanks for sharing this information. reference 1861,2026-08-07 09:42:31.805691,False,GENUINE,1,0,0,0.6789809902112234,0,11,40,1,1,0,0,4.0,0,4.0,False,False
C1862,U959,I457,i have a different opinion about movies. reference 1862,2026-07-23 05:02:31.805707,False,GENUINE,1,0,0,0.7480534672157237,20,7,15,1,1,0,0,4.5,0,4.5,False,False
C1863,U187,I419,i think this could be improved. reference 1863,2026-07-31 16:45:31.805720,False,GENUINE,1,0,0,0.6122441426822248,0,7,15,1,1,0,0,1.5,0,1.5,False,False
C1864,U560,I178,this is an interesting perspective on technology. reference 1864,2026-07-04 19:46:31.805734,False,GENUINE,1,0,0,0.7340859795799535,20,5,15,1,1,0,0,4.5,0,4.5,False,False
C1865,U492,I293,i have a different opinion about food. reference 1865,2026-07-12 01:59:31.805748,False,GENUINE,1,0,0,0.7486181787682682,20,7,15,1,1,0,0,4.5,0,4.5,False,False
C1866,U800,I193,i think this could be improved. reference 1866,2026-06-03 11:28:31.805762,False,GENUINE,1,0,0,0.6122441426822248,0,5,15,1,1,0,0,1.5,0,1.5,False,False
C1867,U141,I258,i think this could be improved. reference 1867,2026-06-12 02:25:31.805775,False,GENUINE,1,0,0,0.6122441426822248,0,5,15,1,1,0,0,1.5,0,1.5,False,False
C1868,U459,I76,this is worth discussing further. reference 1868,2026-06-15 23:09:31.805789,False,GENUINE,1,0,0,0.6148367794734235,0,6,15,1,1,0,0,1.5,0,1.5,False,False
C1869,U680,I319,the information presented here is useful. reference 1869,2026-07-21 15:22:31.805802,False,GENUINE,1,0,0,0.6598076480079632,0,8,15,1,1,0,0,1.5,0,1.5,False,False
C1870,U921,I202,this is worth discussing further. reference 1870,2026-06-11 19:22:31.805815,False,GENUINE,1,0,0,0.6148367794734235,0,7,15,1,1,0,0,1.5,0,1.5,False,False
C1871,U911,I226,i have a different opinion about gaming. reference 1871,2026-07-27 18:11:31.805829,False,GENUINE,1,0,0,0.7402988924808734,20,10,40,1,1,0,0,7.0,0,7.0,False,False
C1872,U724,I12,thanks for sharing this information. reference 1872,2026-06-21 18:21:31.805843,False,GENUINE,1,0,0,0.6789809902112234,0,10,40,1,1,0,0,4.0,0,4.0,False,False
C1873,U660,I63,this was a surprisingly interesting post. reference 1873,2026-07-25 07:37:31.805856,False,GENUINE,1,0,0,0.661661894767308,0,5,15,1,1,0,0,1.5,0,1.5,False,False
C1874,U978,I316,this was a surprisingly interesting post. reference 1874,2026-06-20 22:15:31.805870,False,GENUINE,1,0,0,0.661661894767308,0,9,15,1,1,0,0,1.5,0,1.5,False,False
C1875,U534,I96,i think this could be improved. reference 1875,2026-07-31 21:13:31.805884,False,GENUINE,1,0,0,0.6122441426822248,0,2,0,1,1,0,0,0.0,0,0.0,False,False
C1876,U674,I479,this was a surprisingly interesting post. reference 1876,2026-08-10 02:32:31.805899,False,GENUINE,1,0,0,0.661661894767308,0,5,15,1,1,0,0,1.5,0,1.5,False,False
C1877,U281,I402,the explanation of sports was very clear. reference 1877,2026-06-08 14:32:31.805913,False,GENUINE,1,0,0,0.761366899611231,20,4,0,1,1,0,0,3.0,0,3.0,False,False
C1878,U859,I454,thanks for sharing this information. reference 1878,2026-08-04 03:04:31.805927,False,GENUINE,1,0,0,0.6789809902112234,0,5,15,1,1,0,0,1.5,0,1.5,False,False
C1879,U826,I273,thanks for sharing this information. reference 1879,2026-07-06 06:14:31.805940,False,GENUINE,1,0,0,0.6789809902112234,0,4,0,1,1,0,0,0.0,0,0.0,False,False
C1880,U603,I23,i think this could be improved. reference 1880,2026-07-11 21:20:31.805954,False,GENUINE,1,0,0,0.6122441426822248,0,6,15,1,1,0,0,1.5,0,1.5,False,False
C1881,U447,I92,amazing product buy now,2026-06-24 18:45:31.805969,False,GENUINE,69,50,15,1.0,50,6,15,68,1,40,0,33.5,8,41.5,False,False
C1882,U324,I195,i have a different opinion about gaming. reference 1882,2026-08-01 09:32:31.805983,False,GENUINE,1,0,0,0.7402988924808734,20,5,15,1,1,0,0,4.5,0,4.5,False,False
C1883,U101,I277,i learned something useful about movies here. reference 1883,2026-07-29 17:20:31.805997,False,GENUINE,1,0,0,0.736990248638929,20,6,15,1,1,0,0,4.5,0,4.5,False,False
C1884,U187,I130,this is an interesting perspective on education. reference 1884,2026-07-14 21:46:31.806011,False,GENUINE,1,0,0,0.7306942280328299,20,7,15,1,1,0,0,4.5,0,4.5,False,False
C1885,U975,I208,i learned something useful about technology here. reference 1885,2026-06-16 21:38:31.806025,False,GENUINE,1,0,0,0.7297924268271072,20,6,15,1,1,0,0,4.5,0,4.5,False,False
C1886,U984,I166,i learned something useful about technology here. reference 1886,2026-06-07 21:45:31.806038,False,GENUINE,1,0,0,0.7297924268271072,20,5,15,1,1,0,0,4.5,0,4.5,False,False
C1887,U59,I152,the information presented here is useful. reference 1887,2026-07-13 16:50:31.806052,False,GENUINE,1,0,0,0.6598076480079632,0,6,15,1,1,0,0,1.5,0,1.5,False,False
C1888,U145,I211,this is worth discussing further. reference 1888,2026-07-08 15:39:31.806065,False,GENUINE,1,0,0,0.6148367794734235,0,11,40,1,1,0,0,4.0,0,4.0,False,False
C1889,U964,I423,this is an interesting perspective on technology. reference 1889,2026-07-24 09:29:31.806078,False,GENUINE,1,0,0,0.7340859795799535,20,6,15,1,1,0,0,4.5,0,4.5,False,False
C1890,U245,I385,thanks for sharing this information. reference 1890,2026-06-27 23:03:31.806092,False,GENUINE,1,0,0,0.6789809902112234,0,4,0,1,1,0,0,0.0,0,0.0,False,False
C1891,U520,I385,this was a surprisingly interesting post. reference 1891,2026-08-01 08:35:31.806107,False,GENUINE,1,0,0,0.661661894767308,0,7,15,1,1,0,0,1.5,0,1.5,False,False
C1892,U275,I31,this is worth discussing further. reference 1892,2026-06-22 11:40:31.806121,False,GENUINE,1,0,0,0.6148367794734235,0,4,0,1,1,0,0,0.0,0,0.0,False,False
C1893,U416,I33,i think this could be improved. reference 1893,2026-07-05 17:47:31.806134,False,GENUINE,1,0,0,0.6122441426822248,0,6,15,1,1,0,0,1.5,0,1.5,False,False
C1894,U648,I119,i really enjoyed this post about movies. reference 1894,2026-06-22 09:35:31.806148,False,GENUINE,1,0,0,0.7772370080656208,20,6,15,1,1,0,0,4.5,0,4.5,False,False
C1895,U986,I300,this is an interesting perspective on sports. reference 1895,2026-06-22 08:12:31.806161,False,GENUINE,1,0,0,0.7310531063082972,20,6,15,1,1,0,0,4.5,0,4.5,False,False
C1896,U667,I402,i learned something useful about movies here. reference 1896,2026-06-21 02:37:31.806175,False,GENUINE,1,0,0,0.736990248638929,20,2,0,1,1,0,0,3.0,0,3.0,False,False
C1897,U416,I228,this is an interesting perspective on sports. reference 1897,2026-07-29 20:58:31.806189,False,GENUINE,1,0,0,0.7310531063082972,20,6,15,1,1,0,0,4.5,0,4.5,False,False
C1898,U382,I276,i learned something useful about sports here. reference 1898,2026-06-23 21:43:31.806203,False,GENUINE,1,0,0,0.7313413266953137,20,6,15,1,1,0,0,4.5,0,4.5,False,False
C1899,U975,I216,this was a surprisingly interesting post. reference 1899,2026-08-08 00:41:31.806216,False,GENUINE,1,0,0,0.661661894767308,0,6,15,1,1,0,0,1.5,0,1.5,False,False
C1900,U1,I416,i think this could be improved. reference 1900,2026-06-13 09:21:31.806231,False,GENUINE,1,0,0,0.6122441426822248,0,2,0,1,1,0,0,0.0,0,0.0,False,False
C1901,U995,I85,i really enjoyed this post about technology. reference 1901,2026-06-28 22:37:31.806244,False,GENUINE,1,0,0,0.7763004403525399,20,10,40,1,1,0,0,7.0,0,7.0,False,False
C1902,U279,I306,i have a different opinion about fashion. reference 1902,2026-07-10 20:17:31.806258,False,GENUINE,1,0,0,0.743131701331639,20,3,0,1,1,0,0,3.0,0,3.0,False,False
C1903,U862,I323,the explanation of movies was very clear. reference 1903,2026-08-07 16:37:31.806272,False,GENUINE,1,0,0,0.769149315988473,20,8,15,1,1,0,0,4.5,0,4.5,False,False
C1904,U165,I378,this was a surprisingly interesting post. reference 1904,2026-07-15 11:13:31.806287,False,GENUINE,1,0,0,0.661661894767308,0,10,40,1,1,0,0,4.0,0,4.0,False,False
C1905,U91,I202,this is an interesting perspective on education. reference 1905,2026-06-06 20:02:31.806301,False,GENUINE,1,0,0,0.7306942280328299,20,9,15,1,1,0,0,4.5,0,4.5,False,False
C1906,U569,I143,the information presented here is useful. reference 1906,2026-06-17 06:26:31.806315,False,GENUINE,1,0,0,0.6598076480079632,0,7,15,1,1,0,0,1.5,0,1.5,False,False
C1907,U516,I490,this is worth discussing further. reference 1907,2026-06-15 00:26:31.806328,False,GENUINE,1,0,0,0.6148367794734235,0,1,0,1,1,0,0,0.0,0,0.0,False,False
C1908,U267,I385,i think this could be improved. reference 1908,2026-07-20 10:44:31.806341,False,GENUINE,1,0,0,0.6122441426822248,0,7,15,1,1,0,0,1.5,0,1.5,False,False
C1909,U678,I164,this is worth discussing further. reference 1909,2026-06-30 23:32:31.806355,False,GENUINE,1,0,0,0.6148367794734235,0,4,0,1,1,0,0,0.0,0,0.0,False,False
C1910,U982,I306,click here for amazing deals,2026-06-09 20:37:31.806368,False,GENUINE,53,50,30,1.0000000000000002,50,7,15,53,1,40,0,36.5,8,44.5,False,False
C1911,U136,I330,i really enjoyed this post about food. reference 1911,2026-08-11 10:38:31.806382,False,GENUINE,1,0,0,0.7772683096754256,20,4,0,1,1,0,0,3.0,0,3.0,False,False
C1912,U923,I4,i learned something useful about fashion here. reference 1912,2026-06-22 05:50:31.806396,False,GENUINE,1,0,0,0.7359149406482672,20,8,15,1,1,0,0,4.5,0,4.5,False,False
C1913,U916,I356,i think this could be improved. reference 1913,2026-06-23 20:25:31.806413,False,GENUINE,1,0,0,0.6122441426822248,0,8,15,1,1,0,0,1.5,0,1.5,False,False
C1914,U83,I403,this is an interesting perspective on technology. reference 1914,2026-06-11 16:49:31.806427,False,GENUINE,1,0,0,0.7340859795799535,20,7,15,1,1,0,0,4.5,0,4.5,False,False
C1915,U455,I344,amazing product buy now,2026-07-08 13:46:31.806441,False,GENUINE,69,50,15,1.0,50,6,15,68,1,40,0,33.5,8,41.5,False,False
C1916,U847,I307,this is worth discussing further. reference 1916,2026-07-26 16:54:31.806455,False,GENUINE,1,0,0,0.6148367794734235,0,6,15,1,1,0,0,1.5,0,1.5,False,False
C1917,U859,I393,i really enjoyed this post about gaming. reference 1917,2026-06-30 17:12:31.806469,False,GENUINE,1,0,0,0.7760108921746118,20,5,15,1,1,0,0,4.5,0,4.5,False,False
C1918,U379,I479,the explanation of food was very clear. reference 1918,2026-08-10 23:31:31.806482,False,GENUINE,1,0,0,0.7668898154278452,20,7,15,1,1,0,0,4.5,0,4.5,False,False
C1919,U226,I380,i really enjoyed this post about movies. reference 1919,2026-06-10 21:17:31.806500,False,GENUINE,1,0,0,0.7772370080656208,20,5,15,1,1,0,0,4.5,0,4.5,False,False
C1920,U943,I363,this is worth discussing further. reference 1920,2026-08-03 15:26:31.806514,False,GENUINE,1,0,0,0.6148367794734235,0,3,0,1,1,0,0,0.0,0,0.0,False,False
C1921,U835,I314,i have a different opinion about sports. reference 1921,2026-07-21 12:14:31.806527,False,GENUINE,1,0,0,0.7435975412000372,20,5,15,1,1,0,0,4.5,0,4.5,False,False
C1922,U505,I495,this is worth discussing further. reference 1922,2026-07-17 06:39:31.806541,False,GENUINE,1,0,0,0.6148367794734235,0,5,15,1,1,0,0,1.5,0,1.5,False,False
C1923,U504,I463,thanks for sharing this information. reference 1923,2026-08-11 04:23:31.806555,False,GENUINE,1,0,0,0.6789809902112234,0,4,0,1,1,0,0,0.0,0,0.0,False,False
C1924,U200,I420,best deal available now,2026-07-17 14:06:31.806568,False,GENUINE,52,50,15,1.0000000000000002,50,3,0,51,2,50,0,35.5,8,43.5,False,False
C1925,U582,I256,i think this could be improved. reference 1925,2026-06-22 14:35:31.806582,False,GENUINE,1,0,0,0.6122441426822248,0,5,15,1,1,0,0,1.5,0,1.5,False,False
C1926,U198,I337,thanks for sharing this information. reference 1926,2026-08-05 21:12:31.806595,False,GENUINE,1,0,0,0.6789809902112234,0,6,15,1,1,0,0,1.5,0,1.5,False,False
C1927,U602,I65,this is an interesting perspective on education. reference 1927,2026-07-19 04:49:31.806609,False,GENUINE,1,0,0,0.7306942280328299,20,10,40,1,1,0,0,7.0,0,7.0,False,False
C1928,U955,I291,the explanation of movies was very clear. reference 1928,2026-07-25 08:52:31.806623,False,GENUINE,1,0,0,0.769149315988473,20,8,15,1,1,0,0,4.5,0,4.5,False,False
C1929,U868,I347,i really enjoyed this post about movies. reference 1929,2026-06-10 21:00:31.806637,False,GENUINE,1,0,0,0.7772370080656208,20,8,15,1,1,0,0,4.5,0,4.5,False,False
C1930,U573,I452,click here for amazing deals,2026-07-03 22:56:31.806651,False,GENUINE,53,50,30,1.0000000000000002,50,10,40,53,2,50,0,42.5,8,50.5,False,False
C1931,U656,I344,i really enjoyed this post about music. reference 1931,2026-07-03 11:04:31.806665,False,GENUINE,1,0,0,0.7730771289001258,20,3,0,1,1,0,0,3.0,0,3.0,False,False
C1932,U864,I208,i have a different opinion about gaming. reference 1932,2026-06-10 22:07:31.806682,False,GENUINE,1,0,0,0.7402988924808734,20,4,0,1,1,0,0,3.0,0,3.0,False,False
C1933,U530,I238,i think this could be improved. reference 1933,2026-06-25 18:01:31.806695,False,GENUINE,1,0,0,0.6122441426822248,0,6,15,1,1,0,0,1.5,0,1.5,False,False
C1934,U777,I22,the explanation of technology was very clear. reference 1934,2026-07-17 12:49:31.806709,False,GENUINE,1,0,0,0.768821942884016,20,5,15,1,1,0,0,4.5,0,4.5,False,False
C1935,U940,I215,this was a surprisingly interesting post. reference 1935,2026-07-14 01:08:31.806722,False,GENUINE,1,0,0,0.661661894767308,0,6,15,1,1,0,0,1.5,0,1.5,False,False
C1936,U5,I200,the explanation of music was very clear. reference 1936,2026-08-04 09:16:31.806736,False,GENUINE,1,0,0,0.7662202675963719,20,5,15,1,1,0,0,4.5,0,4.5,False,False
C1937,U901,I292,i really enjoyed this post about sports. reference 1937,2026-06-10 01:38:31.806749,False,GENUINE,1,0,0,0.7746110731001136,20,9,15,1,1,0,0,4.5,0,4.5,False,False
C1938,U433,I490,this is an interesting perspective on sports. reference 1938,2026-07-24 21:53:31.806763,False,GENUINE,1,0,0,0.7310531063082972,20,7,15,1,1,0,0,4.5,0,4.5,False,False
C1939,U168,I168,i have a different opinion about gaming. reference 1939,2026-06-15 20:28:31.806777,False,GENUINE,1,0,0,0.7402988924808734,20,6,15,1,1,0,0,4.5,0,4.5,False,False
C1940,U640,I49,i really enjoyed this post about food. reference 1940,2026-07-03 12:22:31.806790,False,GENUINE,1,0,0,0.7772683096754256,20,5,15,1,1,0,0,4.5,0,4.5,False,False
C1941,U827,I12,thanks for sharing this information. reference 1941,2026-07-20 00:57:31.806804,False,GENUINE,1,0,0,0.6789809902112234,0,6,15,1,1,0,0,1.5,0,1.5,False,False
C1942,U253,I55,i think this could be improved. reference 1942,2026-07-11 19:29:31.806817,False,GENUINE,1,0,0,0.6122441426822248,0,8,15,1,1,0,0,1.5,0,1.5,False,False
C1943,U852,I27,this is worth discussing further. reference 1943,2026-08-05 04:42:31.806831,False,GENUINE,1,0,0,0.6148367794734235,0,5,15,1,1,0,0,1.5,0,1.5,False,False
C1944,U794,I307,thanks for sharing this information. reference 1944,2026-08-03 02:59:31.806846,False,GENUINE,1,0,0,0.6789809902112234,0,8,15,1,1,0,0,1.5,0,1.5,False,False
C1945,U640,I228,thanks for sharing this information. reference 1945,2026-08-04 01:07:31.806860,False,GENUINE,1,0,0,0.6789809902112234,0,5,15,1,1,0,0,1.5,0,1.5,False,False
C1946,U997,I31,i really enjoyed this post about fashion. reference 1946,2026-07-14 07:36:31.806874,False,GENUINE,1,0,0,0.7749801373506703,20,6,15,1,1,0,0,4.5,0,4.5,False,False
C1947,U911,I434,this is an interesting perspective on education. reference 1947,2026-08-06 04:32:31.806890,False,GENUINE,1,0,0,0.7306942280328299,20,10,40,1,1,0,0,7.0,0,7.0,False,False
C1948,U941,I410,i think this could be improved. reference 1948,2026-07-15 09:24:31.806903,False,GENUINE,1,0,0,0.6122441426822248,0,3,0,1,1,0,0,0.0,0,0.0,False,False
C1949,U625,I320,the information presented here is useful. reference 1949,2026-08-02 13:32:31.806916,False,GENUINE,1,0,0,0.6598076480079632,0,5,15,1,1,0,0,1.5,0,1.5,False,False
C1950,U693,I28,this was a surprisingly interesting post. reference 1950,2026-07-15 23:43:31.806930,False,GENUINE,1,0,0,0.661661894767308,0,1,0,1,1,0,0,0.0,0,0.0,False,False
C1951,U870,I195,the information presented here is useful. reference 1951,2026-06-16 15:27:31.806943,False,GENUINE,1,0,0,0.6598076480079632,0,3,0,1,1,0,0,0.0,0,0.0,False,False
C1952,U770,I210,the explanation of technology was very clear. reference 1952,2026-07-01 13:29:31.806957,False,GENUINE,1,0,0,0.768821942884016,20,3,0,1,1,0,0,3.0,0,3.0,False,False
C1953,U393,I237,the information presented here is useful. reference 1953,2026-07-11 22:04:31.806971,False,GENUINE,1,0,0,0.6598076480079632,0,6,15,1,1,0,0,1.5,0,1.5,False,False
C1954,U666,I480,i really enjoyed this post about food. reference 1954,2026-06-25 18:06:31.806985,False,GENUINE,1,0,0,0.7772683096754256,20,3,0,1,1,0,0,3.0,0,3.0,False,False
C1955,U336,I300,the explanation of gaming was very clear. reference 1955,2026-08-02 11:39:31.806999,False,GENUINE,1,0,0,0.7624332223630372,20,2,0,1,1,0,0,3.0,0,3.0,False,False
C1956,U12,I304,this is an interesting perspective on sports. reference 1956,2026-06-20 15:46:31.807013,False,GENUINE,1,0,0,0.7310531063082972,20,4,0,1,1,0,0,3.0,0,3.0,False,False
C1957,U129,I326,this was a surprisingly interesting post. reference 1957,2026-07-10 11:37:31.807027,False,GENUINE,1,0,0,0.661661894767308,0,6,15,1,1,0,0,1.5,0,1.5,False,False
C1958,U431,I246,thanks for sharing this information. reference 1958,2026-07-25 21:49:31.807040,False,GENUINE,1,0,0,0.6789809902112234,0,7,15,1,1,0,0,1.5,0,1.5,False,False
C1959,U248,I70,i really enjoyed this post about technology. reference 1959,2026-07-31 05:03:31.807054,False,GENUINE,1,0,0,0.7763004403525399,20,2,0,1,1,0,0,3.0,0,3.0,False,False
C1960,U319,I299,the information presented here is useful. reference 1960,2026-07-14 12:10:31.807067,False,GENUINE,1,0,0,0.6598076480079632,0,3,0,1,1,0,0,0.0,0,0.0,False,False
C1961,U597,I453,this was a surprisingly interesting post. reference 1961,2026-07-29 09:57:31.807083,False,GENUINE,1,0,0,0.661661894767308,0,4,0,1,1,0,0,0.0,0,0.0,False,False
C1962,U480,I158,thanks for sharing this information. reference 1962,2026-07-16 08:08:31.807097,False,GENUINE,1,0,0,0.6789809902112234,0,4,0,1,1,0,0,0.0,0,0.0,False,False
C1963,U377,I496,i really enjoyed this post about education. reference 1963,2026-08-06 14:46:31.807111,False,GENUINE,1,0,0,0.7751482859536991,20,4,0,1,1,0,0,3.0,0,3.0,False,False
C1964,U243,I259,this was a surprisingly interesting post. reference 1964,2026-07-04 09:58:31.807125,False,GENUINE,1,0,0,0.661661894767308,0,4,0,1,1,0,0,0.0,0,0.0,False,False
C1965,U352,I100,the explanation of sports was very clear. reference 1965,2026-08-05 14:33:31.807139,False,GENUINE,1,0,0,0.761366899611231,20,7,15,1,1,0,0,4.5,0,4.5,False,False
C1966,U349,I96,i think this could be improved. reference 1966,2026-06-18 05:46:31.807153,False,GENUINE,1,0,0,0.6122441426822248,0,8,15,1,1,0,0,1.5,0,1.5,False,False
C1967,U709,I169,thanks for sharing this information. reference 1967,2026-06-16 18:05:31.807166,False,GENUINE,1,0,0,0.6789809902112234,0,3,0,1,1,0,0,0.0,0,0.0,False,False
C1968,U306,I214,this is worth discussing further. reference 1968,2026-08-02 06:56:31.807180,False,GENUINE,1,0,0,0.6148367794734235,0,7,15,1,1,0,0,1.5,0,1.5,False,False
C1969,U465,I448,i really enjoyed this post about food. reference 1969,2026-07-22 20:41:31.807194,False,GENUINE,1,0,0,0.7772683096754256,20,7,15,1,1,0,0,4.5,0,4.5,False,False
C1970,U942,I1,the explanation of sports was very clear. reference 1970,2026-06-30 08:49:31.807207,False,GENUINE,1,0,0,0.761366899611231,20,8,15,1,1,0,0,4.5,0,4.5,False,False
C1971,U638,I109,the explanation of food was very clear. reference 1971,2026-06-05 23:15:31.807221,False,GENUINE,1,0,0,0.7668898154278452,20,5,15,1,1,0,0,4.5,0,4.5,False,False
C1972,U786,I487,this is worth discussing further. reference 1972,2026-07-24 03:27:31.807235,False,GENUINE,1,0,0,0.6148367794734235,0,8,15,1,1,0,0,1.5,0,1.5,False,False
C1973,U409,I94,i really enjoyed this post about music. reference 1973,2026-08-10 22:22:31.807249,False,GENUINE,1,0,0,0.7730771289001258,20,2,0,1,1,0,0,3.0,0,3.0,False,False
C1974,U75,I183,i really enjoyed this post about gaming. reference 1974,2026-07-29 20:54:31.807263,False,GENUINE,1,0,0,0.7760108921746118,20,9,15,1,1,0,0,4.5,0,4.5,False,False
C1975,U297,I225,the explanation of music was very clear. reference 1975,2026-08-07 20:04:31.807279,False,GENUINE,1,0,0,0.7662202675963719,20,6,15,1,1,0,0,4.5,0,4.5,False,False
C1976,U998,I15,the explanation of sports was very clear. reference 1976,2026-07-16 23:21:31.807295,False,GENUINE,1,0,0,0.761366899611231,20,5,15,1,1,0,0,4.5,0,4.5,False,False
C1977,U178,I112,i have a different opinion about education. reference 1977,2026-07-11 21:38:31.807309,False,GENUINE,1,0,0,0.7416504318441781,20,5,15,1,1,0,0,4.5,0,4.5,False,False
C1978,U867,I283,the explanation of education was very clear. reference 1978,2026-07-24 23:50:31.807322,False,GENUINE,1,0,0,0.7597438970269877,20,6,15,1,1,0,0,4.5,0,4.5,False,False
C1979,U22,I90,i have a different opinion about gaming. reference 1979,2026-08-09 22:07:31.807336,False,GENUINE,1,0,0,0.7402988924808734,20,6,15,1,1,0,0,4.5,0,4.5,False,False
C1980,U851,I346,i learned something useful about fashion here. reference 1980,2026-06-13 05:23:31.807350,False,GENUINE,1,0,0,0.7359149406482672,20,5,15,1,1,0,0,4.5,0,4.5,False,False
C1981,U806,I453,this is an interesting perspective on music. reference 1981,2026-07-23 16:42:31.807363,False,GENUINE,1,0,0,0.7318423269582839,20,7,15,1,1,0,0,4.5,0,4.5,False,False
C1982,U312,I233,the explanation of music was very clear. reference 1982,2026-07-08 22:34:31.807377,False,GENUINE,1,0,0,0.7662202675963719,20,4,0,1,1,0,0,3.0,0,3.0,False,False
C1983,U676,I87,this was a surprisingly interesting post. reference 1983,2026-06-08 02:54:31.807393,False,GENUINE,1,0,0,0.661661894767308,0,6,15,1,1,0,0,1.5,0,1.5,False,False
C1984,U66,I60,i learned something useful about education here. reference 1984,2026-07-25 13:42:31.807407,False,GENUINE,1,0,0,0.7309832397113513,20,6,15,1,1,0,0,4.5,0,4.5,False,False
C1985,U196,I272,the information presented here is useful. reference 1985,2026-07-13 21:24:31.807420,False,GENUINE,1,0,0,0.6598076480079632,0,6,15,1,1,0,0,1.5,0,1.5,False,False
C1986,U613,I219,the explanation of technology was very clear. reference 1986,2026-06-16 18:14:31.807434,False,GENUINE,1,0,0,0.768821942884016,20,7,15,1,1,0,0,4.5,0,4.5,False,False
C1987,U601,I96,this was a surprisingly interesting post. reference 1987,2026-07-29 07:26:31.807448,False,GENUINE,1,0,0,0.661661894767308,0,9,15,1,1,0,0,1.5,0,1.5,False,False
C1988,U335,I126,i really enjoyed this post about movies. reference 1988,2026-07-31 07:43:31.807462,False,GENUINE,1,0,0,0.7772370080656208,20,9,15,1,1,0,0,4.5,0,4.5,False,False
C1989,U871,I260,thanks for sharing this information. reference 1989,2026-07-23 18:53:31.807477,False,GENUINE,1,0,0,0.6789809902112234,0,8,15,1,1,0,0,1.5,0,1.5,False,False
C1990,U744,I41,i think this could be improved. reference 1990,2026-07-27 14:13:31.807492,False,GENUINE,1,0,0,0.6122441426822248,0,6,15,1,1,0,0,1.5,0,1.5,False,False
C1991,U520,I198,this was a surprisingly interesting post. reference 1991,2026-06-27 10:48:31.807505,False,GENUINE,1,0,0,0.661661894767308,0,7,15,1,1,0,0,1.5,0,1.5,False,False
C1992,U531,I237,i learned something useful about music here. reference 1992,2026-06-07 23:31:31.807519,False,GENUINE,1,0,0,0.7357637114536311,20,7,15,1,1,0,0,4.5,0,4.5,False,False
C1993,U382,I269,i think this could be improved. reference 1993,2026-06-29 17:02:31.807535,False,GENUINE,1,0,0,0.6122441426822248,0,6,15,1,1,0,0,1.5,0,1.5,False,False
C1994,U274,I297,the information presented here is useful. reference 1994,2026-07-23 23:20:31.807548,False,GENUINE,1,0,0,0.6598076480079632,0,10,40,1,1,0,0,4.0,0,4.0,False,False
C1995,U224,I458,the explanation of food was very clear. reference 1995,2026-07-21 11:57:31.807562,False,GENUINE,1,0,0,0.7668898154278452,20,5,15,1,1,0,0,4.5,0,4.5,False,False
C1996,U405,I111,i have a different opinion about fashion. reference 1996,2026-07-08 12:13:31.807576,False,GENUINE,1,0,0,0.743131701331639,20,2,0,1,1,0,0,3.0,0,3.0,False,False
C1997,U585,I80,this is worth discussing further. reference 1997,2026-06-22 17:17:31.807589,False,GENUINE,1,0,0,0.6148367794734235,0,4,0,1,1,0,0,0.0,0,0.0,False,False
C1998,U86,I68,this is an interesting perspective on movies. reference 1998,2026-07-02 08:56:31.807603,False,GENUINE,1,0,0,0.7382784747058516,20,13,40,1,1,0,0,7.0,0,7.0,False,False
C1999,U531,I180,the explanation of technology was very clear. reference 1999,2026-06-30 11:37:31.807617,False,GENUINE,1,0,0,0.768821942884016,20,7,15,1,1,0,0,4.5,0,4.5,False,False
C2000,U524,I318,this is worth discussing further. reference 2000,2026-07-01 18:25:31.807630,False,GENUINE,1,0,0,0.6148367794734235,0,5,15,1,1,0,0,1.5,0,1.5,False,False
C2001,U478,I221,best deal available now,2026-06-27 13:05:31.807643,False,GENUINE,52,50,15,1.0000000000000002,50,7,15,51,1,40,0,33.5,8,41.5,False,False
C2002,U324,I139,the information presented here is useful. reference 2002,2026-07-26 11:42:31.807662,False,GENUINE,1,0,0,0.6598076480079632,0,5,15,1,1,0,0,1.5,0,1.5,False,False
C2003,U452,I119,click here for amazing deals,2026-07-10 03:31:31.807676,False,GENUINE,53,50,30,1.0000000000000002,50,7,15,53,1,40,0,36.5,8,44.5,False,False
C2004,U923,I42,i have a different opinion about gaming. reference 2004,2026-07-17 16:07:31.807692,False,GENUINE,1,0,0,0.7402988924808734,20,8,15,1,1,0,0,4.5,0,4.5,False,False
C2005,U948,I116,this is an interesting perspective on gaming. reference 2005,2026-08-05 08:07:31.807706,False,GENUINE,1,0,0,0.7326877208387651,20,2,0,1,1,0,0,3.0,0,3.0,False,False
C2006,U368,I19,this was a surprisingly interesting post. reference 2006,2026-07-12 10:52:31.807720,False,GENUINE,1,0,0,0.661661894767308,0,4,0,1,1,0,0,0.0,0,0.0,False,False
C2007,U201,I345,this is worth discussing further. reference 2007,2026-07-15 06:41:31.807733,False,GENUINE,1,0,0,0.6148367794734235,0,5,15,1,1,0,0,1.5,0,1.5,False,False
C2008,U763,I417,i have a different opinion about sports. reference 2008,2026-06-08 14:29:31.807749,False,GENUINE,1,0,0,0.7435975412000372,20,9,15,1,1,0,0,4.5,0,4.5,False,False
C2009,U618,I70,this was a surprisingly interesting post. reference 2009,2026-08-11 01:20:31.807763,False,GENUINE,1,0,0,0.661661894767308,0,3,0,1,1,0,0,0.0,0,0.0,False,False
C2010,U788,I153,i have a different opinion about music. reference 2010,2026-07-06 01:50:31.807777,False,GENUINE,1,0,0,0.7390063271830457,20,5,15,1,1,0,0,4.5,0,4.5,False,False
C2011,U968,I207,thanks for sharing this information. reference 2011,2026-06-29 20:52:31.807791,False,GENUINE,1,0,0,0.6789809902112234,0,11,40,1,1,0,0,4.0,0,4.0,False,False
C2012,U669,I262,i learned something useful about fashion here. reference 2012,2026-07-22 02:49:31.807805,False,GENUINE,1,0,0,0.7359149406482672,20,6,15,1,1,0,0,4.5,0,4.5,False,False
C2013,U232,I370,the explanation of food was very clear. reference 2013,2026-07-21 13:24:31.807819,False,GENUINE,1,0,0,0.7668898154278452,20,2,0,1,1,0,0,3.0,0,3.0,False,False
C2014,U528,I300,this was a surprisingly interesting post. reference 2014,2026-06-07 01:38:31.807833,False,GENUINE,1,0,0,0.661661894767308,0,4,0,1,1,0,0,0.0,0,0.0,False,False
C2015,U833,I236,this is worth discussing further. reference 2015,2026-07-14 08:03:31.807846,False,GENUINE,1,0,0,0.6148367794734235,0,8,15,1,1,0,0,1.5,0,1.5,False,False
C2016,U866,I96,the information presented here is useful. reference 2016,2026-07-23 18:08:31.807859,False,GENUINE,1,0,0,0.6598076480079632,0,8,15,1,1,0,0,1.5,0,1.5,False,False
C2017,U449,I230,this was a surprisingly interesting post. reference 2017,2026-07-08 17:26:31.807876,False,GENUINE,1,0,0,0.661661894767308,0,3,0,1,1,0,0,0.0,0,0.0,False,False
C2018,U142,I295,i learned something useful about movies here. reference 2018,2026-06-05 16:13:31.807890,False,GENUINE,1,0,0,0.736990248638929,20,6,15,1,1,0,0,4.5,0,4.5,False,False
C2019,U9,I255,this is worth discussing further. reference 2019,2026-07-22 07:23:31.807904,False,GENUINE,1,0,0,0.6148367794734235,0,5,15,1,1,0,0,1.5,0,1.5,False,False
C2020,U429,I217,the information presented here is useful. reference 2020,2026-07-13 03:39:31.807918,False,GENUINE,1,0,0,0.6598076480079632,0,6,15,1,1,0,0,1.5,0,1.5,False,False
C2021,U601,I11,thanks for sharing this information. reference 2021,2026-07-30 04:02:31.807931,False,GENUINE,1,0,0,0.6789809902112234,0,9,15,1,1,0,0,1.5,0,1.5,False,False
C2022,U157,I487,this is worth discussing further. reference 2022,2026-07-08 02:58:31.807948,False,GENUINE,1,0,0,0.6148367794734235,0,5,15,1,1,0,0,1.5,0,1.5,False,False
C2023,U209,I485,the information presented here is useful. reference 2023,2026-06-24 04:22:31.807961,False,GENUINE,1,0,0,0.6598076480079632,0,5,15,1,1,0,0,1.5,0,1.5,False,False
C2024,U395,I96,i think this could be improved. reference 2024,2026-07-12 21:37:31.807975,False,GENUINE,1,0,0,0.6122441426822248,0,3,0,1,1,0,0,0.0,0,0.0,False,False
C2025,U583,I492,i think this could be improved. reference 2025,2026-08-03 08:17:31.807989,False,GENUINE,1,0,0,0.6122441426822248,0,8,15,1,1,0,0,1.5,0,1.5,False,False
C2026,U175,I53,you must buy this product,2026-08-08 21:56:31.808003,False,GENUINE,51,50,0,1.0,50,3,0,51,1,40,0,29.0,8,37.0,False,False
C2027,U846,I352,thanks for sharing this information. reference 2027,2026-08-09 09:21:31.808016,False,GENUINE,1,0,0,0.6789809902112234,0,6,15,1,1,0,0,1.5,0,1.5,False,False
C2028,U191,I101,this is an interesting perspective on fashion. reference 2028,2026-07-16 23:58:31.808030,False,GENUINE,1,0,0,0.7361608768424162,20,4,0,1,1,0,0,3.0,0,3.0,False,False
C2029,U210,I119,i have a different opinion about gaming. reference 2029,2026-07-01 10:45:31.808044,False,GENUINE,1,0,0,0.7402988924808734,20,7,15,1,1,0,0,4.5,0,4.5,False,False
C2030,U58,I188,this was a surprisingly interesting post. reference 2030,2026-07-27 04:37:31.808057,False,GENUINE,1,0,0,0.661661894767308,0,8,15,1,1,0,0,1.5,0,1.5,False,False
C2031,U334,I440,the information presented here is useful. reference 2031,2026-07-28 12:56:31.808071,False,GENUINE,1,0,0,0.6598076480079632,0,5,15,1,1,0,0,1.5,0,1.5,False,False
C2032,U113,I66,this was a surprisingly interesting post. reference 2032,2026-06-29 07:13:31.808086,False,GENUINE,1,0,0,0.661661894767308,0,7,15,1,1,0,0,1.5,0,1.5,False,False
C2033,U760,I35,the information presented here is useful. reference 2033,2026-07-31 00:08:31.808100,False,GENUINE,1,0,0,0.6598076480079632,0,13,40,1,1,0,0,4.0,0,4.0,False,False
C2034,U891,I105,i have a different opinion about fashion. reference 2034,2026-06-08 05:40:31.808113,False,GENUINE,1,0,0,0.743131701331639,20,6,15,1,1,0,0,4.5,0,4.5,False,False
C2035,U680,I243,i learned something useful about movies here. reference 2035,2026-06-19 08:35:31.808127,False,GENUINE,1,0,0,0.736990248638929,20,8,15,1,1,0,0,4.5,0,4.5,False,False
C2036,U207,I257,i think this could be improved. reference 2036,2026-07-24 11:21:31.808142,False,GENUINE,1,0,0,0.6122441426822248,0,7,15,1,1,0,0,1.5,0,1.5,False,False
C2037,U7,I73,i think this could be improved. reference 2037,2026-07-06 11:50:31.808157,False,GENUINE,1,0,0,0.6122441426822248,0,9,15,1,1,0,0,1.5,0,1.5,False,False
C2038,U619,I413,the explanation of music was very clear. reference 2038,2026-06-21 00:29:31.808171,False,GENUINE,1,0,0,0.7662202675963719,20,9,15,1,1,0,0,4.5,0,4.5,False,False
C2039,U900,I251,i think this could be improved. reference 2039,2026-06-20 09:24:31.808184,False,GENUINE,1,0,0,0.6122441426822248,0,4,0,1,1,0,0,0.0,0,0.0,False,False
C2040,U40,I377,best product ever buy now,2026-06-14 00:07:31.808201,False,GENUINE,75,50,15,1.0,50,2,0,72,1,40,0,32.0,8,40.0,False,False
C2041,U902,I470,i think this could be improved. reference 2041,2026-06-09 02:07:31.808214,False,GENUINE,1,0,0,0.6122441426822248,0,6,15,1,1,0,0,1.5,0,1.5,False,False
C2042,U862,I364,i have a different opinion about fashion. reference 2042,2026-06-17 00:48:31.808228,False,GENUINE,1,0,0,0.743131701331639,20,8,15,1,1,0,0,4.5,0,4.5,False,False
C2043,U843,I414,i learned something useful about fashion here. reference 2043,2026-07-20 03:44:31.808242,False,GENUINE,1,0,0,0.7359149406482672,20,5,15,1,1,0,0,4.5,0,4.5,False,False
C2044,U183,I460,thanks for sharing this information. reference 2044,2026-07-01 03:50:31.808255,False,GENUINE,1,0,0,0.6789809902112234,0,6,15,1,1,0,0,1.5,0,1.5,False,False
C2045,U393,I466,i learned something useful about gaming here. reference 2045,2026-07-07 00:15:31.808269,False,GENUINE,1,0,0,0.7317498758867395,20,6,15,1,1,0,0,4.5,0,4.5,False,False
C2046,U715,I484,best product ever buy now,2026-07-28 10:58:31.808285,False,GENUINE,75,50,15,1.0,50,7,15,72,1,40,0,33.5,8,41.5,False,False
C2047,U280,I451,this was a surprisingly interesting post. reference 2047,2026-06-12 03:38:31.808301,False,GENUINE,1,0,0,0.661661894767308,0,6,15,1,1,0,0,1.5,0,1.5,False,False
C2048,U938,I34,the explanation of food was very clear. reference 2048,2026-07-05 09:31:31.808316,False,GENUINE,1,0,0,0.7668898154278452,20,4,0,1,1,0,0,3.0,0,3.0,False,False
C2049,U780,I283,this is an interesting perspective on music. reference 2049,2026-08-04 20:47:31.808330,False,GENUINE,1,0,0,0.7318423269582839,20,3,0,1,1,0,0,3.0,0,3.0,False,False
C2050,U773,I53,this was a surprisingly interesting post. reference 2050,2026-07-05 12:06:31.808343,False,GENUINE,1,0,0,0.661661894767308,0,5,15,1,1,0,0,1.5,0,1.5,False,False
C2051,U461,I84,i have a different opinion about sports. reference 2051,2026-06-26 18:28:31.808357,False,GENUINE,1,0,0,0.7435975412000372,20,6,15,1,1,0,0,4.5,0,4.5,False,False
C2052,U45,I236,i really enjoyed this post about gaming. reference 2052,2026-06-14 16:21:31.808370,False,GENUINE,1,0,0,0.7760108921746118,20,5,15,1,1,0,0,4.5,0,4.5,False,False
C2053,U711,I345,i think this could be improved. reference 2053,2026-07-11 13:15:31.808383,False,GENUINE,1,0,0,0.6122441426822248,0,7,15,1,1,0,0,1.5,0,1.5,False,False
C2054,U763,I204,the explanation of fashion was very clear. reference 2054,2026-08-08 09:27:31.808397,False,GENUINE,1,0,0,0.7656396726651926,20,9,15,1,1,0,0,4.5,0,4.5,False,False
C2055,U10,I128,this is an interesting perspective on education. reference 2055,2026-07-13 01:23:31.808411,False,GENUINE,1,0,0,0.7306942280328299,20,4,0,1,1,0,0,3.0,0,3.0,False,False
C2056,U686,I383,i think this could be improved. reference 2056,2026-06-30 20:08:31.808424,False,GENUINE,1,0,0,0.6122441426822248,0,6,15,1,1,0,0,1.5,0,1.5,False,False
C2057,U69,I42,this was a surprisingly interesting post. reference 2057,2026-06-07 21:08:31.808438,False,GENUINE,1,0,0,0.661661894767308,0,6,15,1,1,0,0,1.5,0,1.5,False,False
C2058,U972,I224,i learned something useful about food here. reference 2058,2026-07-17 10:11:31.808451,False,GENUINE,1,0,0,0.7306701420191416,20,7,15,1,1,0,0,4.5,0,4.5,False,False
C2059,U861,I82,i learned something useful about technology here. reference 2059,2026-06-17 13:59:31.808465,False,GENUINE,1,0,0,0.7297924268271072,20,4,0,1,1,0,0,3.0,0,3.0,False,False
C2060,U102,I90,i have a different opinion about gaming. reference 2060,2026-06-24 04:00:31.808483,False,GENUINE,1,0,0,0.7402988924808734,20,9,15,1,1,0,0,4.5,0,4.5,False,False
C2061,U759,I200,i learned something useful about gaming here. reference 2061,2026-06-11 17:18:31.808497,False,GENUINE,1,0,0,0.7317498758867395,20,8,15,1,1,0,0,4.5,0,4.5,False,False
C2062,U781,I5,click here for amazing deals,2026-07-02 17:21:31.808510,False,GENUINE,53,50,30,1.0000000000000002,50,7,15,53,1,40,0,36.5,8,44.5,False,False
C2063,U366,I91,the explanation of technology was very clear. reference 2063,2026-06-11 09:19:31.808524,False,GENUINE,1,0,0,0.768821942884016,20,3,0,1,1,0,0,3.0,0,3.0,False,False
C2064,U545,I110,i think this could be improved. reference 2064,2026-06-15 01:15:31.808538,False,GENUINE,1,0,0,0.6122441426822248,0,3,0,1,1,0,0,0.0,0,0.0,False,False
C2065,U830,I267,this is an interesting perspective on fashion. reference 2065,2026-06-09 23:53:31.808552,False,GENUINE,1,0,0,0.7361608768424162,20,8,15,1,1,0,0,4.5,0,4.5,False,False
C2066,U315,I227,i really enjoyed this post about technology. reference 2066,2026-08-07 09:40:31.808566,False,GENUINE,1,0,0,0.7763004403525399,20,10,40,1,1,0,0,7.0,0,7.0,False,False
C2067,U790,I193,the explanation of sports was very clear. reference 2067,2026-07-08 17:33:31.808580,False,GENUINE,1,0,0,0.761366899611231,20,10,40,1,1,0,0,7.0,0,7.0,False,False
C2068,U930,I122,the explanation of gaming was very clear. reference 2068,2026-08-10 08:56:31.808593,False,GENUINE,1,0,0,0.7624332223630372,20,6,15,1,1,0,0,4.5,0,4.5,False,False
C2069,U431,I14,i really enjoyed this post about music. reference 2069,2026-07-25 08:13:31.808607,False,GENUINE,1,0,0,0.7730771289001258,20,7,15,1,1,0,0,4.5,0,4.5,False,False
C2070,U696,I342,this is an interesting perspective on sports. reference 2070,2026-08-03 00:57:31.808620,False,GENUINE,1,0,0,0.7310531063082972,20,7,15,1,1,0,0,4.5,0,4.5,False,False
C2071,U816,I427,i learned something useful about education here. reference 2071,2026-08-07 19:50:31.808637,False,GENUINE,1,0,0,0.7309832397113513,20,3,0,1,1,0,0,3.0,0,3.0,False,False
C2072,U425,I262,best deal available now,2026-07-13 11:04:31.808651,False,GENUINE,52,50,15,1.0000000000000002,50,6,15,51,1,40,0,33.5,8,41.5,False,False
C2073,U575,I320,the explanation of sports was very clear. reference 2073,2026-06-23 12:36:31.808665,False,GENUINE,1,0,0,0.761366899611231,20,6,15,1,1,0,0,4.5,0,4.5,False,False
C2074,U404,I480,the information presented here is useful. reference 2074,2026-07-21 16:16:31.808680,False,GENUINE,1,0,0,0.6598076480079632,0,7,15,1,1,0,0,1.5,0,1.5,False,False
C2075,U218,I54,this is worth discussing further. reference 2075,2026-07-27 00:42:31.808694,False,GENUINE,1,0,0,0.6148367794734235,0,2,0,1,1,0,0,0.0,0,0.0,False,False
C2076,U15,I205,this is worth discussing further. reference 2076,2026-07-07 09:47:31.808707,False,GENUINE,1,0,0,0.6148367794734235,0,5,15,1,1,0,0,1.5,0,1.5,False,False
C2077,U217,I234,you must buy this product,2026-06-12 22:38:31.808721,False,GENUINE,51,50,0,1.0,50,6,15,51,1,40,0,30.5,8,38.5,False,False
C2078,U834,I142,thanks for sharing this information. reference 2078,2026-08-07 19:59:31.808734,False,GENUINE,1,0,0,0.6789809902112234,0,6,15,1,1,0,0,1.5,0,1.5,False,False
C2079,U68,I453,the explanation of fashion was very clear. reference 2079,2026-07-15 09:16:31.808748,False,GENUINE,1,0,0,0.7656396726651926,20,7,15,1,1,0,0,4.5,0,4.5,False,False
C2080,U785,I306,i think this could be improved. reference 2080,2026-06-07 23:26:31.808762,False,GENUINE,1,0,0,0.6122441426822248,0,3,0,1,1,0,0,0.0,0,0.0,False,False
C2081,U549,I405,thanks for sharing this information. reference 2081,2026-07-19 21:36:31.808775,False,GENUINE,1,0,0,0.6789809902112234,0,7,15,1,1,0,0,1.5,0,1.5,False,False
C2082,U982,I48,thanks for sharing this information. reference 2082,2026-06-15 09:49:31.808788,False,GENUINE,1,0,0,0.6789809902112234,0,7,15,1,1,0,0,1.5,0,1.5,False,False
C2083,U713,I198,i learned something useful about music here. reference 2083,2026-07-26 20:58:31.808803,False,GENUINE,1,0,0,0.7357637114536311,20,9,15,1,1,0,0,4.5,0,4.5,False,False
C2084,U650,I389,this is worth discussing further. reference 2084,2026-08-05 16:29:31.808817,False,GENUINE,1,0,0,0.6148367794734235,0,8,15,1,1,0,0,1.5,0,1.5,False,False
C2085,U343,I9,thanks for sharing this information. reference 2085,2026-07-08 00:40:31.808830,False,GENUINE,1,0,0,0.6789809902112234,0,3,0,1,1,0,0,0.0,0,0.0,False,False
C2086,U523,I327,the explanation of technology was very clear. reference 2086,2026-07-21 15:50:31.808844,False,GENUINE,1,0,0,0.768821942884016,20,8,15,1,1,0,0,4.5,0,4.5,False,False
C2087,U21,I315,this is an interesting perspective on movies. reference 2087,2026-07-21 07:34:31.808858,False,GENUINE,1,0,0,0.7382784747058516,20,5,15,1,1,0,0,4.5,0,4.5,False,False
C2088,U755,I219,the explanation of gaming was very clear. reference 2088,2026-08-06 09:04:31.808874,False,GENUINE,1,0,0,0.7624332223630372,20,5,15,1,1,0,0,4.5,0,4.5,False,False
C2089,U140,I191,i think this could be improved. reference 2089,2026-07-24 10:40:31.808888,False,GENUINE,1,0,0,0.6122441426822248,0,6,15,1,1,0,0,1.5,0,1.5,False,False
C2090,U155,I192,the explanation of technology was very clear. reference 2090,2026-07-21 03:55:31.808901,False,GENUINE,1,0,0,0.768821942884016,20,4,0,1,1,0,0,3.0,0,3.0,False,False
C2091,U945,I371,thanks for sharing this information. reference 2091,2026-06-05 13:03:31.808915,False,GENUINE,1,0,0,0.6789809902112234,0,4,0,1,1,0,0,0.0,0,0.0,False,False
C2092,U898,I168,i learned something useful about movies here. reference 2092,2026-07-13 22:18:31.808928,False,GENUINE,1,0,0,0.736990248638929,20,3,0,1,1,0,0,3.0,0,3.0,False,False
C2093,U659,I402,i really enjoyed this post about fashion. reference 2093,2026-06-13 20:18:31.808942,False,GENUINE,1,0,0,0.7749801373506703,20,3,0,1,1,0,0,3.0,0,3.0,False,False
C2094,U832,I147,i really enjoyed this post about sports. reference 2094,2026-06-06 02:59:31.808956,False,GENUINE,1,0,0,0.7746110731001136,20,9,15,1,1,0,0,4.5,0,4.5,False,False
C2095,U339,I175,the explanation of sports was very clear. reference 2095,2026-06-23 17:50:31.808970,False,GENUINE,1,0,0,0.761366899611231,20,8,15,1,1,0,0,4.5,0,4.5,False,False
C2096,U55,I464,the explanation of sports was very clear. reference 2096,2026-06-17 11:38:31.808984,False,GENUINE,1,0,0,0.761366899611231,20,5,15,1,1,0,0,4.5,0,4.5,False,False
C2097,U893,I195,this was a surprisingly interesting post. reference 2097,2026-07-26 03:01:31.808998,False,GENUINE,1,0,0,0.661661894767308,0,3,0,1,1,0,0,0.0,0,0.0,False,False
C2098,U452,I322,i really enjoyed this post about gaming. reference 2098,2026-06-28 01:58:31.809011,False,GENUINE,1,0,0,0.7760108921746118,20,7,15,1,1,0,0,4.5,0,4.5,False,False
C2099,U71,I488,the explanation of technology was very clear. reference 2099,2026-06-15 02:11:31.809025,False,GENUINE,1,0,0,0.768821942884016,20,3,0,1,1,0,0,3.0,0,3.0,False,False
C2100,U144,I480,the explanation of education was very clear. reference 2100,2026-08-03 11:31:31.809038,False,GENUINE,1,0,0,0.7597438970269877,20,11,40,1,1,0,0,7.0,0,7.0,False,False
C2101,U177,I303,this was a surprisingly interesting post. reference 2101,2026-07-21 07:45:31.809052,False,GENUINE,1,0,0,0.661661894767308,0,5,15,1,1,0,0,1.5,0,1.5,False,False
C2102,U519,I40,the information presented here is useful. reference 2102,2026-07-14 11:34:31.809067,False,GENUINE,1,0,0,0.6598076480079632,0,4,0,1,1,0,0,0.0,0,0.0,False,False
C2103,U168,I369,the explanation of sports was very clear. reference 2103,2026-07-04 05:42:31.809082,False,GENUINE,1,0,0,0.761366899611231,20,6,15,1,1,0,0,4.5,0,4.5,False,False
C2104,U180,I310,the explanation of movies was very clear. reference 2104,2026-07-16 20:37:31.809096,False,GENUINE,1,0,0,0.769149315988473,20,6,15,1,1,0,0,4.5,0,4.5,False,False
C2105,U590,I229,the explanation of movies was very clear. reference 2105,2026-06-29 00:50:31.809110,False,GENUINE,1,0,0,0.769149315988473,20,7,15,1,1,0,0,4.5,0,4.5,False,False
C2106,U81,I486,this is worth discussing further. reference 2106,2026-07-08 10:50:31.809124,False,GENUINE,1,0,0,0.6148367794734235,0,5,15,1,1,0,0,1.5,0,1.5,False,False
C2107,U171,I241,i think this could be improved. reference 2107,2026-06-26 20:09:31.809137,False,GENUINE,1,0,0,0.6122441426822248,0,5,15,1,1,0,0,1.5,0,1.5,False,False
C2108,U624,I376,best deal available now,2026-06-28 23:02:31.809151,False,GENUINE,52,50,15,1.0000000000000002,50,5,15,51,1,40,0,33.5,8,41.5,False,False
C2109,U20,I390,the information presented here is useful. reference 2109,2026-08-04 06:09:31.809165,False,GENUINE,1,0,0,0.6598076480079632,0,4,0,1,1,0,0,0.0,0,0.0,False,False
C2110,U777,I464,i have a different opinion about education. reference 2110,2026-06-22 12:15:31.809181,False,GENUINE,1,0,0,0.7416504318441781,20,5,15,1,1,0,0,4.5,0,4.5,False,False
C2111,U744,I89,i have a different opinion about fashion. reference 2111,2026-06-30 15:07:31.809194,False,GENUINE,1,0,0,0.743131701331639,20,6,15,1,1,0,0,4.5,0,4.5,False,False
C2112,U313,I232,i have a different opinion about fashion. reference 2112,2026-06-21 15:57:31.809208,False,GENUINE,1,0,0,0.743131701331639,20,5,15,1,1,0,0,4.5,0,4.5,False,False
C2113,U620,I246,this is an interesting perspective on music. reference 2113,2026-07-30 09:27:31.809224,False,GENUINE,1,0,0,0.7318423269582839,20,8,15,1,1,0,0,4.5,0,4.5,False,False
C2114,U732,I240,the explanation of education was very clear. reference 2114,2026-07-25 13:44:31.809237,False,GENUINE,1,0,0,0.7597438970269877,20,9,15,1,1,0,0,4.5,0,4.5,False,False
C2115,U4,I6,this was a surprisingly interesting post. reference 2115,2026-06-28 02:23:31.809251,False,GENUINE,1,0,0,0.661661894767308,0,6,15,1,1,0,0,1.5,0,1.5,False,False
C2116,U414,I473,you must buy this product,2026-06-05 06:38:31.809264,False,GENUINE,51,50,0,1.0,50,5,15,51,1,40,0,30.5,8,38.5,False,False
C2117,U382,I196,i think this could be improved. reference 2117,2026-06-14 11:35:31.809280,False,GENUINE,1,0,0,0.6122441426822248,0,6,15,1,1,0,0,1.5,0,1.5,False,False
C2118,U602,I36,the information presented here is useful. reference 2118,2026-07-31 12:03:31.809293,False,GENUINE,1,0,0,0.6598076480079632,0,10,40,1,1,0,0,4.0,0,4.0,False,False
C2119,U394,I477,thanks for sharing this information. reference 2119,2026-07-25 03:41:31.809307,False,GENUINE,1,0,0,0.6789809902112234,0,6,15,1,1,0,0,1.5,0,1.5,False,False
C2120,U781,I223,i have a different opinion about music. reference 2120,2026-06-26 10:43:31.809321,False,GENUINE,1,0,0,0.7390063271830457,20,7,15,1,1,0,0,4.5,0,4.5,False,False
C2121,U726,I250,this is worth discussing further. reference 2121,2026-06-13 14:03:31.809335,False,GENUINE,1,0,0,0.6148367794734235,0,6,15,1,1,0,0,1.5,0,1.5,False,False
C2122,U394,I474,the information presented here is useful. reference 2122,2026-07-20 18:33:31.809348,False,GENUINE,1,0,0,0.6598076480079632,0,6,15,1,1,0,0,1.5,0,1.5,False,False
C2123,U489,I17,this is worth discussing further. reference 2123,2026-06-09 08:20:31.809362,False,GENUINE,1,0,0,0.6148367794734235,0,3,0,1,1,0,0,0.0,0,0.0,False,False
C2124,U681,I330,i learned something useful about movies here. reference 2124,2026-06-17 17:23:31.809376,False,GENUINE,1,0,0,0.736990248638929,20,7,15,1,1,0,0,4.5,0,4.5,False,False
C2125,U466,I483,i learned something useful about movies here. reference 2125,2026-07-20 07:29:31.809390,False,GENUINE,1,0,0,0.736990248638929,20,4,0,1,1,0,0,3.0,0,3.0,False,False
C2126,U616,I296,i learned something useful about technology here. reference 2126,2026-08-01 04:58:31.809404,False,GENUINE,1,0,0,0.7297924268271072,20,5,15,1,1,0,0,4.5,0,4.5,False,False
C2127,U789,I47,the information presented here is useful. reference 2127,2026-06-08 13:33:31.809417,False,GENUINE,1,0,0,0.6598076480079632,0,9,15,1,1,0,0,1.5,0,1.5,False,False
C2128,U600,I498,this is an interesting perspective on sports. reference 2128,2026-07-04 08:02:31.809431,False,GENUINE,1,0,0,0.7310531063082972,20,6,15,1,1,0,0,4.5,0,4.5,False,False
C2129,U169,I424,the information presented here is useful. reference 2129,2026-06-09 20:38:31.809445,False,GENUINE,1,0,0,0.6598076480079632,0,3,0,1,1,0,0,0.0,0,0.0,False,False
C2130,U309,I256,this was a surprisingly interesting post. reference 2130,2026-06-19 11:40:31.809458,False,GENUINE,1,0,0,0.661661894767308,0,8,15,1,1,0,0,1.5,0,1.5,False,False
C2131,U315,I375,the information presented here is useful. reference 2131,2026-08-01 21:16:31.809474,False,GENUINE,1,0,0,0.6598076480079632,0,10,40,1,1,0,0,4.0,0,4.0,False,False
C2132,U651,I293,this is worth discussing further. reference 2132,2026-07-18 08:17:31.809487,False,GENUINE,1,0,0,0.6148367794734235,0,3,0,1,1,0,0,0.0,0,0.0,False,False
C2133,U766,I107,you must buy this product,2026-08-11 05:57:31.809501,False,GENUINE,51,50,0,1.0,50,5,15,51,1,40,0,30.5,8,38.5,False,False
C2134,U172,I417,i think this could be improved. reference 2134,2026-08-03 00:21:31.809514,False,GENUINE,1,0,0,0.6122441426822248,0,3,0,1,1,0,0,0.0,0,0.0,False,False
C2135,U71,I396,best deal available now,2026-06-13 06:09:31.809530,False,GENUINE,52,50,15,1.0000000000000002,50,3,0,51,1,40,0,32.0,8,40.0,False,False
C2136,U295,I375,the information presented here is useful. reference 2136,2026-07-26 18:37:31.809543,False,GENUINE,1,0,0,0.6598076480079632,0,7,15,1,1,0,0,1.5,0,1.5,False,False
C2137,U383,I95,i learned something useful about sports here. reference 2137,2026-06-28 13:16:31.809556,False,GENUINE,1,0,0,0.7313413266953137,20,6,15,1,1,0,0,4.5,0,4.5,False,False
C2138,U186,I257,click here for amazing deals,2026-06-21 05:09:31.809570,False,GENUINE,53,50,30,1.0000000000000002,50,6,15,53,1,40,0,36.5,8,44.5,False,False
C2139,U833,I108,i learned something useful about sports here. reference 2139,2026-08-06 11:08:31.809584,False,GENUINE,1,0,0,0.7313413266953137,20,8,15,1,1,0,0,4.5,0,4.5,False,False
C2140,U767,I93,the explanation of movies was very clear. reference 2140,2026-07-05 14:57:31.809597,False,GENUINE,1,0,0,0.769149315988473,20,10,40,1,1,0,0,7.0,0,7.0,False,False
C2141,U451,I320,thanks for sharing this information. reference 2141,2026-06-14 21:40:31.809611,False,GENUINE,1,0,0,0.6789809902112234,0,2,0,1,1,0,0,0.0,0,0.0,False,False
C2142,U170,I40,i have a different opinion about gaming. reference 2142,2026-07-08 10:49:31.809627,False,GENUINE,1,0,0,0.7402988924808734,20,6,15,1,1,0,0,4.5,0,4.5,False,False
C2143,U127,I141,this is an interesting perspective on music. reference 2143,2026-08-09 03:10:31.809641,False,GENUINE,1,0,0,0.7318423269582839,20,7,15,1,1,0,0,4.5,0,4.5,False,False
C2144,U599,I120,i think this could be improved. reference 2144,2026-06-11 14:13:31.809659,False,GENUINE,1,0,0,0.6122441426822248,0,6,15,1,1,0,0,1.5,0,1.5,False,False
C2145,U778,I51,i really enjoyed this post about technology. reference 2145,2026-07-18 14:43:31.809676,False,GENUINE,1,0,0,0.7763004403525399,20,7,15,1,1,0,0,4.5,0,4.5,False,False
C2146,U769,I489,i really enjoyed this post about technology. reference 2146,2026-08-03 00:25:31.809690,False,GENUINE,1,0,0,0.7763004403525399,20,8,15,1,1,0,0,4.5,0,4.5,False,False
C2147,U216,I267,best deal available now,2026-06-17 22:44:31.809704,False,GENUINE,52,50,15,1.0000000000000002,50,7,15,51,1,40,0,33.5,8,41.5,False,False
C2148,U532,I492,i have a different opinion about food. reference 2148,2026-06-29 18:11:31.809718,False,GENUINE,1,0,0,0.7486181787682682,20,3,0,1,1,0,0,3.0,0,3.0,False,False
C2149,U775,I172,thanks for sharing this information. reference 2149,2026-07-12 04:46:31.809731,False,GENUINE,1,0,0,0.6789809902112234,0,7,15,1,1,0,0,1.5,0,1.5,False,False
C2150,U379,I349,this is worth discussing further. reference 2150,2026-07-21 00:34:31.809745,False,GENUINE,1,0,0,0.6148367794734235,0,7,15,1,1,0,0,1.5,0,1.5,False,False
C2151,U963,I184,the information presented here is useful. reference 2151,2026-06-17 05:39:31.809758,False,GENUINE,1,0,0,0.6598076480079632,0,2,0,1,1,0,0,0.0,0,0.0,False,False
C2152,U58,I499,this is worth discussing further. reference 2152,2026-08-02 17:08:31.809772,False,GENUINE,1,0,0,0.6148367794734235,0,8,15,1,1,0,0,1.5,0,1.5,False,False
C2153,U3,I233,the information presented here is useful. reference 2153,2026-08-09 11:53:31.809786,False,GENUINE,1,0,0,0.6598076480079632,0,6,15,1,1,0,0,1.5,0,1.5,False,False
C2154,U616,I62,this was a surprisingly interesting post. reference 2154,2026-06-09 04:24:31.809799,False,GENUINE,1,0,0,0.661661894767308,0,5,15,1,1,0,0,1.5,0,1.5,False,False
C2155,U769,I417,the explanation of music was very clear. reference 2155,2026-07-01 16:45:31.809812,False,GENUINE,1,0,0,0.7662202675963719,20,8,15,1,1,0,0,4.5,0,4.5,False,False
C2156,U633,I351,i think this could be improved. reference 2156,2026-06-12 17:41:31.809826,False,GENUINE,1,0,0,0.6122441426822248,0,5,15,1,1,0,0,1.5,0,1.5,False,False
C2157,U192,I1,this is worth discussing further. reference 2157,2026-06-15 03:28:31.809840,False,GENUINE,1,0,0,0.6148367794734235,0,7,15,1,1,0,0,1.5,0,1.5,False,False
C2158,U368,I447,i really enjoyed this post about music. reference 2158,2026-06-11 03:01:31.809854,False,GENUINE,1,0,0,0.7730771289001258,20,4,0,1,1,0,0,3.0,0,3.0,False,False
C2159,U454,I119,thanks for sharing this information. reference 2159,2026-07-06 09:48:31.809869,False,GENUINE,1,0,0,0.6789809902112234,0,9,15,1,1,0,0,1.5,0,1.5,False,False
C2160,U756,I313,amazing product buy now,2026-07-03 21:11:31.809882,False,GENUINE,69,50,15,1.0,50,6,15,68,1,40,0,33.5,8,41.5,False,False
C2161,U961,I476,i think this could be improved. reference 2161,2026-06-05 23:55:31.809896,False,GENUINE,1,0,0,0.6122441426822248,0,4,0,1,1,0,0,0.0,0,0.0,False,False
C2162,U394,I150,thanks for sharing this information. reference 2162,2026-06-08 00:43:31.809910,False,GENUINE,1,0,0,0.6789809902112234,0,6,15,1,1,0,0,1.5,0,1.5,False,False
C2163,U146,I445,this was a surprisingly interesting post. reference 2163,2026-07-31 04:39:31.809924,False,GENUINE,1,0,0,0.661661894767308,0,6,15,1,1,0,0,1.5,0,1.5,False,False
C2164,U509,I407,this is an interesting perspective on movies. reference 2164,2026-06-11 13:39:31.809937,False,GENUINE,1,0,0,0.7382784747058516,20,10,40,1,1,0,0,7.0,0,7.0,False,False
C2165,U561,I447,i think this could be improved. reference 2165,2026-07-02 05:03:31.809951,False,GENUINE,1,0,0,0.6122441426822248,0,6,15,1,1,0,0,1.5,0,1.5,False,False
C2166,U977,I59,i think this could be improved. reference 2166,2026-07-20 16:21:31.809965,False,GENUINE,1,0,0,0.6122441426822248,0,2,0,1,1,0,0,0.0,0,0.0,False,False
C2167,U216,I87,this is an interesting perspective on gaming. reference 2167,2026-07-03 05:56:31.809981,False,GENUINE,1,0,0,0.7326877208387651,20,7,15,1,1,0,0,4.5,0,4.5,False,False
C2168,U732,I14,i learned something useful about music here. reference 2168,2026-07-07 22:14:31.809995,False,GENUINE,1,0,0,0.7357637114536311,20,9,15,1,1,0,0,4.5,0,4.5,False,False
C2169,U784,I143,the explanation of movies was very clear. reference 2169,2026-06-12 05:13:31.810009,False,GENUINE,1,0,0,0.769149315988473,20,9,15,1,1,0,0,4.5,0,4.5,False,False
C2170,U487,I487,this is an interesting perspective on education. reference 2170,2026-06-24 04:15:31.810023,False,GENUINE,1,0,0,0.7306942280328299,20,5,15,1,1,0,0,4.5,0,4.5,False,False
C2171,U648,I371,i think this could be improved. reference 2171,2026-06-09 20:45:31.810037,False,GENUINE,1,0,0,0.6122441426822248,0,6,15,1,1,0,0,1.5,0,1.5,False,False
C2172,U340,I446,the explanation of gaming was very clear. reference 2172,2026-06-14 05:10:31.810052,False,GENUINE,1,0,0,0.7624332223630372,20,5,15,1,1,0,0,4.5,0,4.5,False,False
C2173,U351,I193,the information presented here is useful. reference 2173,2026-07-21 14:11:31.810070,False,GENUINE,1,0,0,0.6598076480079632,0,3,0,1,1,0,0,0.0,0,0.0,False,False
C2174,U228,I132,this is an interesting perspective on movies. reference 2174,2026-08-03 20:26:31.810086,False,GENUINE,1,0,0,0.7382784747058516,20,6,15,1,1,0,0,4.5,0,4.5,False,False
C2175,U114,I45,this is worth discussing further. reference 2175,2026-06-05 01:20:31.810100,False,GENUINE,1,0,0,0.6148367794734235,0,4,0,1,1,0,0,0.0,0,0.0,False,False
C2176,U964,I59,thanks for sharing this information. reference 2176,2026-07-31 05:38:31.810113,False,GENUINE,1,0,0,0.6789809902112234,0,6,15,1,1,0,0,1.5,0,1.5,False,False
C2177,U873,I160,the information presented here is useful. reference 2177,2026-07-14 13:01:31.810127,False,GENUINE,1,0,0,0.6598076480079632,0,7,15,1,1,0,0,1.5,0,1.5,False,False
C2178,U63,I302,this was a surprisingly interesting post. reference 2178,2026-07-07 12:03:31.810140,False,GENUINE,1,0,0,0.661661894767308,0,4,0,1,1,0,0,0.0,0,0.0,False,False
C2179,U433,I163,this is worth discussing further. reference 2179,2026-06-25 12:34:31.810154,False,GENUINE,1,0,0,0.6148367794734235,0,7,15,1,1,0,0,1.5,0,1.5,False,False
C2180,U679,I308,thanks for sharing this information. reference 2180,2026-08-02 03:08:31.810168,False,GENUINE,1,0,0,0.6789809902112234,0,4,0,1,1,0,0,0.0,0,0.0,False,False
C2181,U404,I4,this was a surprisingly interesting post. reference 2181,2026-07-14 01:49:31.810181,False,GENUINE,1,0,0,0.661661894767308,0,7,15,1,1,0,0,1.5,0,1.5,False,False
C2182,U148,I417,i have a different opinion about sports. reference 2182,2026-06-27 08:04:31.810195,False,GENUINE,1,0,0,0.7435975412000372,20,6,15,1,1,0,0,4.5,0,4.5,False,False
C2183,U696,I233,i learned something useful about movies here. reference 2183,2026-07-29 13:19:31.810208,False,GENUINE,1,0,0,0.736990248638929,20,7,15,1,1,0,0,4.5,0,4.5,False,False
C2184,U764,I340,i really enjoyed this post about music. reference 2184,2026-07-14 17:11:31.810222,False,GENUINE,1,0,0,0.7730771289001258,20,2,0,1,1,0,0,3.0,0,3.0,False,False
C2185,U514,I352,this is an interesting perspective on movies. reference 2185,2026-06-08 12:33:31.810236,False,GENUINE,1,0,0,0.7382784747058516,20,9,15,1,1,0,0,4.5,0,4.5,False,False
C2186,U587,I244,the explanation of food was very clear. reference 2186,2026-07-16 07:12:31.810250,False,GENUINE,1,0,0,0.7668898154278452,20,5,15,1,1,0,0,4.5,0,4.5,False,False
C2187,U721,I494,the information presented here is useful. reference 2187,2026-07-12 12:13:31.810264,False,GENUINE,1,0,0,0.6598076480079632,0,3,0,1,1,0,0,0.0,0,0.0,False,False
C2188,U156,I423,the explanation of sports was very clear. reference 2188,2026-06-09 01:55:31.810281,False,GENUINE,1,0,0,0.761366899611231,20,9,15,1,1,0,0,4.5,0,4.5,False,False
C2189,U753,I26,i learned something useful about food here. reference 2189,2026-06-06 14:57:31.810295,False,GENUINE,1,0,0,0.7306701420191416,20,4,0,1,1,0,0,3.0,0,3.0,False,False
C2190,U401,I153,i learned something useful about technology here. reference 2190,2026-06-22 22:59:31.810309,False,GENUINE,1,0,0,0.7297924268271072,20,6,15,1,1,0,0,4.5,0,4.5,False,False
C2191,U401,I172,the information presented here is useful. reference 2191,2026-07-11 03:05:31.810323,False,GENUINE,1,0,0,0.6598076480079632,0,6,15,1,1,0,0,1.5,0,1.5,False,False
C2192,U775,I200,the information presented here is useful. reference 2192,2026-06-24 18:53:31.810336,False,GENUINE,1,0,0,0.6598076480079632,0,7,15,1,1,0,0,1.5,0,1.5,False,False
C2193,U744,I144,i have a different opinion about sports. reference 2193,2026-06-09 00:23:31.810350,False,GENUINE,1,0,0,0.7435975412000372,20,6,15,1,1,0,0,4.5,0,4.5,False,False
C2194,U876,I280,the information presented here is useful. reference 2194,2026-07-30 22:01:31.810363,False,GENUINE,1,0,0,0.6598076480079632,0,4,0,1,1,0,0,0.0,0,0.0,False,False
C2195,U331,I385,thanks for sharing this information. reference 2195,2026-06-08 05:51:31.810377,False,GENUINE,1,0,0,0.6789809902112234,0,2,0,1,1,0,0,0.0,0,0.0,False,False
C2196,U311,I234,i learned something useful about education here. reference 2196,2026-07-02 14:40:31.810391,False,GENUINE,1,0,0,0.7309832397113513,20,6,15,1,1,0,0,4.5,0,4.5,False,False
C2197,U712,I247,i have a different opinion about education. reference 2197,2026-07-23 17:44:31.810405,False,GENUINE,1,0,0,0.7416504318441781,20,9,15,1,1,0,0,4.5,0,4.5,False,False
C2198,U223,I411,the explanation of technology was very clear. reference 2198,2026-07-09 20:41:31.810421,False,GENUINE,1,0,0,0.768821942884016,20,7,15,1,1,0,0,4.5,0,4.5,False,False
C2199,U743,I438,thanks for sharing this information. reference 2199,2026-06-11 02:10:31.810434,False,GENUINE,1,0,0,0.6789809902112234,0,5,15,1,1,0,0,1.5,0,1.5,False,False
C2200,U804,I439,i learned something useful about fashion here. reference 2200,2026-07-03 22:56:31.810448,False,GENUINE,1,0,0,0.7359149406482672,20,5,15,1,1,0,0,4.5,0,4.5,False,False
C2201,U695,I430,i learned something useful about technology here. reference 2201,2026-08-03 02:09:31.810464,False,GENUINE,1,0,0,0.7297924268271072,20,5,15,1,1,0,0,4.5,0,4.5,False,False
C2202,U364,I498,i think this could be improved. reference 2202,2026-08-07 01:21:31.810478,False,GENUINE,1,0,0,0.6122441426822248,0,3,0,1,1,0,0,0.0,0,0.0,False,False
C2203,U120,I263,this is worth discussing further. reference 2203,2026-07-29 07:25:31.810492,False,GENUINE,1,0,0,0.6148367794734235,0,5,15,1,1,0,0,1.5,0,1.5,False,False
C2204,U642,I369,the information presented here is useful. reference 2204,2026-08-08 17:43:31.810505,False,GENUINE,1,0,0,0.6598076480079632,0,7,15,1,1,0,0,1.5,0,1.5,False,False
C2205,U121,I123,the information presented here is useful. reference 2205,2026-07-15 06:44:31.810519,False,GENUINE,1,0,0,0.6598076480079632,0,6,15,1,1,0,0,1.5,0,1.5,False,False
C2206,U704,I305,i learned something useful about fashion here. reference 2206,2026-06-09 20:44:31.810532,False,GENUINE,1,0,0,0.7359149406482672,20,9,15,1,1,0,0,4.5,0,4.5,False,False
C2207,U814,I343,this is an interesting perspective on food. reference 2207,2026-06-13 15:21:31.810546,False,GENUINE,1,0,0,0.7354630625709739,20,3,0,1,1,0,0,3.0,0,3.0,False,False
C2208,U391,I140,i think this could be improved. reference 2208,2026-08-10 18:38:31.810560,False,GENUINE,1,0,0,0.6122441426822248,0,6,15,1,1,0,0,1.5,0,1.5,False,False
C2209,U122,I59,this is an interesting perspective on gaming. reference 2209,2026-06-28 07:16:31.810574,False,GENUINE,1,0,0,0.7326877208387651,20,4,0,1,1,0,0,3.0,0,3.0,False,False
C2210,U656,I342,this was a surprisingly interesting post. reference 2210,2026-08-09 17:40:31.810587,False,GENUINE,1,0,0,0.661661894767308,0,3,0,1,1,0,0,0.0,0,0.0,False,False
C2211,U600,I293,thanks for sharing this information. reference 2211,2026-07-17 22:01:31.810601,False,GENUINE,1,0,0,0.6789809902112234,0,6,15,1,1,0,0,1.5,0,1.5,False,False
C2212,U710,I381,this is an interesting perspective on education. reference 2212,2026-07-07 21:12:31.810615,False,GENUINE,1,0,0,0.7306942280328299,20,5,15,1,1,0,0,4.5,0,4.5,False,False
C2213,U495,I330,the information presented here is useful. reference 2213,2026-06-20 19:41:31.810629,False,GENUINE,1,0,0,0.6598076480079632,0,3,0,1,1,0,0,0.0,0,0.0,False,False
C2214,U128,I50,this is worth discussing further. reference 2214,2026-06-07 20:43:31.810642,False,GENUINE,1,0,0,0.6148367794734235,0,4,0,1,1,0,0,0.0,0,0.0,False,False
C2215,U930,I441,this was a surprisingly interesting post. reference 2215,2026-07-05 22:31:31.810656,False,GENUINE,1,0,0,0.661661894767308,0,6,15,1,1,0,0,1.5,0,1.5,False,False
C2216,U832,I358,i really enjoyed this post about fashion. reference 2216,2026-06-22 05:15:31.810671,False,GENUINE,1,0,0,0.7749801373506703,20,9,15,1,1,0,0,4.5,0,4.5,False,False
C2217,U837,I274,this was a surprisingly interesting post. reference 2217,2026-08-06 00:19:31.810685,False,GENUINE,1,0,0,0.661661894767308,0,4,0,1,1,0,0,0.0,0,0.0,False,False
C2218,U531,I428,best product ever buy now,2026-06-04 05:55:31.810699,False,GENUINE,75,50,15,1.0,50,7,15,72,1,40,0,33.5,8,41.5,False,False
C2219,U771,I106,this is an interesting perspective on education. reference 2219,2026-06-18 07:13:31.810713,False,GENUINE,1,0,0,0.7306942280328299,20,3,0,1,1,0,0,3.0,0,3.0,False,False
C2220,U711,I92,i really enjoyed this post about food. reference 2220,2026-07-14 05:23:31.810727,False,GENUINE,1,0,0,0.7772683096754256,20,7,15,1,1,0,0,4.5,0,4.5,False,False
C2221,U125,I20,i learned something useful about sports here. reference 2221,2026-06-13 10:16:31.810741,False,GENUINE,1,0,0,0.7313413266953137,20,7,15,1,1,0,0,4.5,0,4.5,False,False
C2222,U165,I44,this was a surprisingly interesting post. reference 2222,2026-06-04 06:52:31.810754,False,GENUINE,1,0,0,0.661661894767308,0,10,40,1,1,0,0,4.0,0,4.0,False,False
C2223,U35,I43,this is an interesting perspective on movies. reference 2223,2026-07-09 17:46:31.810768,False,GENUINE,1,0,0,0.7382784747058516,20,4,0,1,1,0,0,3.0,0,3.0,False,False
C2224,U989,I278,i learned something useful about fashion here. reference 2224,2026-06-12 22:12:31.810782,False,GENUINE,1,0,0,0.7359149406482672,20,5,15,1,1,0,0,4.5,0,4.5,False,False
C2225,U0,I127,i have a different opinion about technology. reference 2225,2026-06-25 13:14:31.810796,False,GENUINE,1,0,0,0.7418462529021725,20,5,15,1,1,0,0,4.5,0,4.5,False,False
C2226,U926,I400,i have a different opinion about food. reference 2226,2026-07-30 02:27:31.810810,False,GENUINE,1,0,0,0.7486181787682682,20,9,15,1,1,0,0,4.5,0,4.5,False,False
C2227,U590,I251,this is worth discussing further. reference 2227,2026-06-17 15:46:31.810917,False,GENUINE,1,0,0,0.6148367794734235,0,7,15,1,1,0,0,1.5,0,1.5,False,False
C2228,U551,I261,the explanation of gaming was very clear. reference 2228,2026-06-12 12:28:31.810934,False,GENUINE,1,0,0,0.7624332223630372,20,5,15,1,1,0,0,4.5,0,4.5,False,False
C2229,U839,I22,the explanation of technology was very clear. reference 2229,2026-07-25 17:07:31.810951,False,GENUINE,1,0,0,0.768821942884016,20,3,0,1,1,0,0,3.0,0,3.0,False,False
C2230,U145,I153,the explanation of education was very clear. reference 2230,2026-06-18 00:34:31.810969,False,GENUINE,1,0,0,0.7597438970269877,20,11,40,1,1,0,0,7.0,0,7.0,False,False
C2231,U565,I110,thanks for sharing this information. reference 2231,2026-07-17 14:00:31.810983,False,GENUINE,1,0,0,0.6789809902112234,0,5,15,1,1,0,0,1.5,0,1.5,False,False
C2232,U131,I373,thanks for sharing this information. reference 2232,2026-08-05 01:32:31.810997,False,GENUINE,1,0,0,0.6789809902112234,0,6,15,1,1,0,0,1.5,0,1.5,False,False
C2233,U563,I130,best deal available now,2026-06-13 16:32:31.811011,False,GENUINE,52,50,15,1.0000000000000002,50,5,15,51,1,40,0,33.5,8,41.5,False,False
C2234,U925,I83,the information presented here is useful. reference 2234,2026-08-04 06:06:31.811025,False,GENUINE,1,0,0,0.6598076480079632,0,3,0,1,1,0,0,0.0,0,0.0,False,False
C2235,U967,I130,the information presented here is useful. reference 2235,2026-06-24 01:16:31.811038,False,GENUINE,1,0,0,0.6598076480079632,0,6,15,1,1,0,0,1.5,0,1.5,False,False
C2236,U208,I36,i have a different opinion about sports. reference 2236,2026-06-07 19:15:31.811052,False,GENUINE,1,0,0,0.7435975412000372,20,3,0,1,1,0,0,3.0,0,3.0,False,False
C2237,U381,I288,this was a surprisingly interesting post. reference 2237,2026-07-04 15:09:31.811066,False,GENUINE,1,0,0,0.661661894767308,0,9,15,1,1,0,0,1.5,0,1.5,False,False
C2238,U841,I78,this is worth discussing further. reference 2238,2026-07-08 08:10:31.811082,False,GENUINE,1,0,0,0.6148367794734235,0,8,15,1,1,0,0,1.5,0,1.5,False,False
C2239,U26,I493,thanks for sharing this information. reference 2239,2026-08-04 18:37:31.811095,False,GENUINE,1,0,0,0.6789809902112234,0,5,15,1,1,0,0,1.5,0,1.5,False,False
C2240,U276,I63,this was a surprisingly interesting post. reference 2240,2026-06-10 13:48:31.811109,False,GENUINE,1,0,0,0.661661894767308,0,5,15,1,1,0,0,1.5,0,1.5,False,False
C2241,U561,I208,this is an interesting perspective on music. reference 2241,2026-06-14 13:29:31.811122,False,GENUINE,1,0,0,0.7318423269582839,20,6,15,1,1,0,0,4.5,0,4.5,False,False
C2242,U91,I185,this is worth discussing further. reference 2242,2026-07-29 12:19:31.811136,False,GENUINE,1,0,0,0.6148367794734235,0,9,15,1,1,0,0,1.5,0,1.5,False,False
C2243,U889,I408,the explanation of movies was very clear. reference 2243,2026-08-10 22:26:31.811150,False,GENUINE,1,0,0,0.769149315988473,20,3,0,1,1,0,0,3.0,0,3.0,False,False
C2244,U100,I193,the explanation of fashion was very clear. reference 2244,2026-08-02 06:36:31.811166,False,GENUINE,1,0,0,0.7656396726651926,20,8,15,1,1,0,0,4.5,0,4.5,False,False
C2245,U801,I473,this is an interesting perspective on education. reference 2245,2026-06-24 21:52:31.811179,False,GENUINE,1,0,0,0.7306942280328299,20,7,15,1,1,0,0,4.5,0,4.5,False,False
C2246,U745,I448,i have a different opinion about food. reference 2246,2026-08-03 03:16:31.811193,False,GENUINE,1,0,0,0.7486181787682682,20,6,15,1,1,0,0,4.5,0,4.5,False,False
C2247,U541,I178,thanks for sharing this information. reference 2247,2026-06-22 15:07:31.811209,False,GENUINE,1,0,0,0.6789809902112234,0,5,15,1,1,0,0,1.5,0,1.5,False,False
C2248,U277,I311,this is an interesting perspective on technology. reference 2248,2026-07-27 06:58:31.811223,False,GENUINE,1,0,0,0.7340859795799535,20,2,0,1,1,0,0,3.0,0,3.0,False,False
C2249,U325,I484,the information presented here is useful. reference 2249,2026-07-11 09:56:31.811236,False,GENUINE,1,0,0,0.6598076480079632,0,4,0,1,1,0,0,0.0,0,0.0,False,False
C2250,U825,I379,this was a surprisingly interesting post. reference 2250,2026-06-29 10:15:31.811250,False,GENUINE,1,0,0,0.661661894767308,0,6,15,1,1,0,0,1.5,0,1.5,False,False
C2251,U606,I65,i have a different opinion about technology. reference 2251,2026-06-10 07:57:31.811264,False,GENUINE,1,0,0,0.7418462529021725,20,4,0,1,1,0,0,3.0,0,3.0,False,False
C2252,U525,I365,i learned something useful about education here. reference 2252,2026-07-29 20:18:31.811278,False,GENUINE,1,0,0,0.7309832397113513,20,4,0,1,1,0,0,3.0,0,3.0,False,False
C2253,U387,I290,i have a different opinion about technology. reference 2253,2026-06-06 19:16:31.811292,False,GENUINE,1,0,0,0.7418462529021725,20,5,15,1,1,0,0,4.5,0,4.5,False,False
C2254,U654,I498,this is worth discussing further. reference 2254,2026-06-11 02:23:31.811305,False,GENUINE,1,0,0,0.6148367794734235,0,6,15,1,1,0,0,1.5,0,1.5,False,False
C2255,U623,I214,i think this could be improved. reference 2255,2026-07-02 21:03:31.811319,False,GENUINE,1,0,0,0.6122441426822248,0,11,40,1,1,0,0,4.0,0,4.0,False,False
C2256,U362,I408,i think this could be improved. reference 2256,2026-07-17 17:26:31.811332,False,GENUINE,1,0,0,0.6122441426822248,0,5,15,1,1,0,0,1.5,0,1.5,False,False
C2257,U975,I219,this was a surprisingly interesting post. reference 2257,2026-07-15 01:17:31.811346,False,GENUINE,1,0,0,0.661661894767308,0,6,15,1,1,0,0,1.5,0,1.5,False,False
C2258,U650,I439,this is an interesting perspective on movies. reference 2258,2026-07-05 19:56:31.811362,False,GENUINE,1,0,0,0.7382784747058516,20,8,15,1,1,0,0,4.5,0,4.5,False,False
C2259,U789,I160,this is an interesting perspective on gaming. reference 2259,2026-08-04 20:26:31.811377,False,GENUINE,1,0,0,0.7326877208387651,20,9,15,1,1,0,0,4.5,0,4.5,False,False
C2260,U747,I122,this is an interesting perspective on education. reference 2260,2026-06-20 11:11:31.811391,False,GENUINE,1,0,0,0.7306942280328299,20,7,15,1,1,0,0,4.5,0,4.5,False,False
C2261,U58,I43,i have a different opinion about food. reference 2261,2026-08-10 20:37:31.811405,False,GENUINE,1,0,0,0.7486181787682682,20,8,15,1,1,0,0,4.5,0,4.5,False,False
C2262,U985,I485,the information presented here is useful. reference 2262,2026-06-29 04:09:31.811421,False,GENUINE,1,0,0,0.6598076480079632,0,3,0,1,1,0,0,0.0,0,0.0,False,False
C2263,U509,I263,this was a surprisingly interesting post. reference 2263,2026-07-05 22:13:31.811435,False,GENUINE,1,0,0,0.661661894767308,0,10,40,1,1,0,0,4.0,0,4.0,False,False
C2264,U14,I315,the explanation of technology was very clear. reference 2264,2026-06-07 19:52:31.811448,False,GENUINE,1,0,0,0.768821942884016,20,3,0,1,1,0,0,3.0,0,3.0,False,False
C2265,U435,I359,this was a surprisingly interesting post. reference 2265,2026-07-20 14:27:31.811461,False,GENUINE,1,0,0,0.661661894767308,0,5,15,1,1,0,0,1.5,0,1.5,False,False
C2266,U756,I338,this was a surprisingly interesting post. reference 2266,2026-06-17 13:09:31.811476,False,GENUINE,1,0,0,0.661661894767308,0,6,15,1,1,0,0,1.5,0,1.5,False,False
C2267,U459,I493,i learned something useful about sports here. reference 2267,2026-07-26 22:05:31.811490,False,GENUINE,1,0,0,0.7313413266953137,20,6,15,1,1,0,0,4.5,0,4.5,False,False
C2268,U76,I187,i learned something useful about music here. reference 2268,2026-08-07 04:46:31.811504,False,GENUINE,1,0,0,0.7357637114536311,20,3,0,1,1,0,0,3.0,0,3.0,False,False
C2269,U432,I253,the information presented here is useful. reference 2269,2026-07-08 20:31:31.811517,False,GENUINE,1,0,0,0.6598076480079632,0,2,0,1,1,0,0,0.0,0,0.0,False,False
C2270,U993,I57,this is worth discussing further. reference 2270,2026-06-23 18:15:31.811531,False,GENUINE,1,0,0,0.6148367794734235,0,7,15,1,1,0,0,1.5,0,1.5,False,False
C2271,U871,I392,this is an interesting perspective on movies. reference 2271,2026-07-15 14:25:31.811544,False,GENUINE,1,0,0,0.7382784747058516,20,8,15,1,1,0,0,4.5,0,4.5,False,False
C2272,U494,I150,i have a different opinion about sports. reference 2272,2026-08-11 15:06:31.811560,False,GENUINE,1,0,0,0.7435975412000372,20,5,15,1,1,0,0,4.5,0,4.5,False,False
C2273,U755,I323,thanks for sharing this information. reference 2273,2026-07-23 00:55:31.811574,False,GENUINE,1,0,0,0.6789809902112234,0,5,15,1,1,0,0,1.5,0,1.5,False,False
C2274,U945,I156,best deal available now,2026-06-30 16:25:31.811588,False,GENUINE,52,50,15,1.0000000000000002,50,4,0,51,1,40,0,32.0,8,40.0,False,False
C2275,U913,I316,i think this could be improved. reference 2275,2026-07-10 10:50:31.811602,False,GENUINE,1,0,0,0.6122441426822248,0,5,15,1,1,0,0,1.5,0,1.5,False,False
C2276,U6,I315,i think this could be improved. reference 2276,2026-07-15 16:13:31.811615,False,GENUINE,1,0,0,0.6122441426822248,0,5,15,1,1,0,0,1.5,0,1.5,False,False
C2277,U362,I54,i really enjoyed this post about music. reference 2277,2026-06-07 01:48:31.811629,False,GENUINE,1,0,0,0.7730771289001258,20,5,15,1,1,0,0,4.5,0,4.5,False,False
C2278,U190,I205,this is worth discussing further. reference 2278,2026-08-02 14:36:31.811643,False,GENUINE,1,0,0,0.6148367794734235,0,4,0,1,1,0,0,0.0,0,0.0,False,False
C2279,U441,I251,the explanation of gaming was very clear. reference 2279,2026-06-24 16:09:31.811663,False,GENUINE,1,0,0,0.7624332223630372,20,4,0,1,1,0,0,3.0,0,3.0,False,False
C2280,U526,I460,i learned something useful about fashion here. reference 2280,2026-07-31 13:26:31.811677,False,GENUINE,1,0,0,0.7359149406482672,20,2,0,1,1,0,0,3.0,0,3.0,False,False
C2281,U935,I249,i really enjoyed this post about education. reference 2281,2026-06-13 01:32:31.811691,False,GENUINE,1,0,0,0.7751482859536991,20,4,0,1,1,0,0,3.0,0,3.0,False,False
C2282,U256,I115,i think this could be improved. reference 2282,2026-07-08 18:17:31.811704,False,GENUINE,1,0,0,0.6122441426822248,0,10,40,1,1,0,0,4.0,0,4.0,False,False
C2283,U306,I186,the information presented here is useful. reference 2283,2026-06-24 00:08:31.811717,False,GENUINE,1,0,0,0.6598076480079632,0,7,15,1,1,0,0,1.5,0,1.5,False,False
C2284,U831,I137,this is an interesting perspective on food. reference 2284,2026-06-13 02:19:31.811731,False,GENUINE,1,0,0,0.7354630625709739,20,4,0,1,1,0,0,3.0,0,3.0,False,False
C2285,U859,I224,i learned something useful about education here. reference 2285,2026-07-10 15:13:31.811747,False,GENUINE,1,0,0,0.7309832397113513,20,5,15,1,1,0,0,4.5,0,4.5,False,False
C2286,U765,I222,i really enjoyed this post about music. reference 2286,2026-06-08 06:40:31.811765,False,GENUINE,1,0,0,0.7730771289001258,20,5,15,1,1,0,0,4.5,0,4.5,False,False
C2287,U203,I56,the explanation of movies was very clear. reference 2287,2026-08-08 04:02:31.811779,False,GENUINE,1,0,0,0.769149315988473,20,6,15,1,1,0,0,4.5,0,4.5,False,False
C2288,U136,I202,the information presented here is useful. reference 2288,2026-08-08 22:56:31.811793,False,GENUINE,1,0,0,0.6598076480079632,0,4,0,1,1,0,0,0.0,0,0.0,False,False
C2289,U164,I341,the explanation of food was very clear. reference 2289,2026-06-12 06:44:31.811807,False,GENUINE,1,0,0,0.7668898154278452,20,5,15,1,1,0,0,4.5,0,4.5,False,False
C2290,U272,I60,the information presented here is useful. reference 2290,2026-06-22 18:13:31.811821,False,GENUINE,1,0,0,0.6598076480079632,0,4,0,1,1,0,0,0.0,0,0.0,False,False
C2291,U507,I409,i learned something useful about music here. reference 2291,2026-06-04 11:12:31.811835,False,GENUINE,1,0,0,0.7357637114536311,20,4,0,1,1,0,0,3.0,0,3.0,False,False
C2292,U782,I399,the information presented here is useful. reference 2292,2026-07-30 20:53:31.811849,False,GENUINE,1,0,0,0.6598076480079632,0,8,15,1,1,0,0,1.5,0,1.5,False,False
C2293,U112,I490,this is an interesting perspective on technology. reference 2293,2026-07-31 08:27:31.811863,False,GENUINE,1,0,0,0.7340859795799535,20,5,15,1,1,0,0,4.5,0,4.5,False,False
C2294,U159,I176,this was a surprisingly interesting post. reference 2294,2026-06-10 12:48:31.811879,False,GENUINE,1,0,0,0.661661894767308,0,7,15,1,1,0,0,1.5,0,1.5,False,False
C2295,U242,I26,this is worth discussing further. reference 2295,2026-06-18 11:37:31.811892,False,GENUINE,1,0,0,0.6148367794734235,0,2,0,1,1,0,0,0.0,0,0.0,False,False
C2296,U755,I4,the information presented here is useful. reference 2296,2026-07-16 11:38:31.811906,False,GENUINE,1,0,0,0.6598076480079632,0,5,15,1,1,0,0,1.5,0,1.5,False,False
C2297,U288,I248,this is an interesting perspective on fashion. reference 2297,2026-07-20 06:46:31.811920,False,GENUINE,1,0,0,0.7361608768424162,20,5,15,1,1,0,0,4.5,0,4.5,False,False
C2298,U632,I78,you must buy this product,2026-07-20 03:00:31.811933,False,GENUINE,51,50,0,1.0,50,3,0,51,1,40,0,29.0,8,37.0,False,False
C2299,U287,I392,this is an interesting perspective on movies. reference 2299,2026-06-09 00:43:31.811947,False,GENUINE,1,0,0,0.7382784747058516,20,4,0,1,1,0,0,3.0,0,3.0,False,False
C2300,U253,I341,the information presented here is useful. reference 2300,2026-06-29 16:44:31.811961,False,GENUINE,1,0,0,0.6598076480079632,0,8,15,1,1,0,0,1.5,0,1.5,False,False
C2301,U723,I400,this is an interesting perspective on education. reference 2301,2026-07-25 15:49:31.811977,False,GENUINE,1,0,0,0.7306942280328299,20,2,0,1,1,0,0,3.0,0,3.0,False,False
C2302,U875,I302,i learned something useful about sports here. reference 2302,2026-07-31 20:49:31.811994,False,GENUINE,1,0,0,0.7313413266953137,20,3,0,1,1,0,0,3.0,0,3.0,False,False
C2303,U135,I205,i really enjoyed this post about movies. reference 2303,2026-07-25 08:09:31.812008,False,GENUINE,1,0,0,0.7772370080656208,20,6,15,1,1,0,0,4.5,0,4.5,False,False
C2304,U951,I74,the information presented here is useful. reference 2304,2026-06-16 17:17:31.812021,False,GENUINE,1,0,0,0.6598076480079632,0,6,15,1,1,0,0,1.5,0,1.5,False,False
C2305,U204,I46,you must buy this product,2026-07-05 18:13:31.812036,False,GENUINE,51,50,0,1.0,50,7,15,51,1,40,0,30.5,8,38.5,False,False
C2306,U537,I156,the explanation of sports was very clear. reference 2306,2026-07-12 05:35:31.812050,False,GENUINE,1,0,0,0.761366899611231,20,6,15,1,1,0,0,4.5,0,4.5,False,False
C2307,U436,I245,i really enjoyed this post about fashion. reference 2307,2026-06-14 05:25:31.812063,False,GENUINE,1,0,0,0.7749801373506703,20,8,15,1,1,0,0,4.5,0,4.5,False,False
C2308,U52,I155,you must buy this product,2026-07-09 17:44:31.812077,False,GENUINE,51,50,0,1.0,50,3,0,51,1,40,0,29.0,8,37.0,False,False
C2309,U287,I482,this is worth discussing further. reference 2309,2026-07-20 08:28:31.812091,False,GENUINE,1,0,0,0.6148367794734235,0,4,0,1,1,0,0,0.0,0,0.0,False,False
C2310,U327,I458,i really enjoyed this post about education. reference 2310,2026-08-08 02:39:31.812104,False,GENUINE,1,0,0,0.7751482859536991,20,4,0,1,1,0,0,3.0,0,3.0,False,False
C2311,U0,I26,this is worth discussing further. reference 2311,2026-07-16 20:41:31.812118,False,GENUINE,1,0,0,0.6148367794734235,0,5,15,1,1,0,0,1.5,0,1.5,False,False
C2312,U483,I143,thanks for sharing this information. reference 2312,2026-07-03 14:39:31.812132,False,GENUINE,1,0,0,0.6789809902112234,0,5,15,1,1,0,0,1.5,0,1.5,False,False
C2313,U189,I129,i think this could be improved. reference 2313,2026-07-12 09:43:31.812145,False,GENUINE,1,0,0,0.6122441426822248,0,6,15,1,1,0,0,1.5,0,1.5,False,False
C2314,U311,I57,this is an interesting perspective on technology. reference 2314,2026-06-10 16:01:31.812161,False,GENUINE,1,0,0,0.7340859795799535,20,6,15,1,1,0,0,4.5,0,4.5,False,False
C2315,U565,I394,i learned something useful about music here. reference 2315,2026-07-10 00:18:31.812175,False,GENUINE,1,0,0,0.7357637114536311,20,5,15,1,1,0,0,4.5,0,4.5,False,False
C2316,U759,I414,this is worth discussing further. reference 2316,2026-07-21 03:30:31.812189,False,GENUINE,1,0,0,0.6148367794734235,0,8,15,1,1,0,0,1.5,0,1.5,False,False
C2317,U665,I141,the explanation of fashion was very clear. reference 2317,2026-08-03 21:25:31.812203,False,GENUINE,1,0,0,0.7656396726651926,20,4,0,1,1,0,0,3.0,0,3.0,False,False
C2318,U908,I54,i learned something useful about gaming here. reference 2318,2026-08-08 02:19:31.812217,False,GENUINE,1,0,0,0.7317498758867395,20,8,15,1,1,0,0,4.5,0,4.5,False,False
C2319,U600,I495,the explanation of sports was very clear. reference 2319,2026-06-08 16:37:31.812231,False,GENUINE,1,0,0,0.761366899611231,20,6,15,1,1,0,0,4.5,0,4.5,False,False
C2320,U456,I473,this is an interesting perspective on gaming. reference 2320,2026-06-23 01:57:31.812244,False,GENUINE,1,0,0,0.7326877208387651,20,5,15,1,1,0,0,4.5,0,4.5,False,False
C2321,U633,I175,i have a different opinion about food. reference 2321,2026-06-03 13:34:31.812258,False,GENUINE,1,0,0,0.7486181787682682,20,5,15,1,1,0,0,4.5,0,4.5,False,False
C2322,U206,I273,i learned something useful about technology here. reference 2322,2026-07-31 04:43:31.812273,False,GENUINE,1,0,0,0.7297924268271072,20,5,15,1,1,0,0,4.5,0,4.5,False,False
C2323,U196,I214,this was a surprisingly interesting post. reference 2323,2026-06-03 17:08:31.812286,False,GENUINE,1,0,0,0.661661894767308,0,6,15,1,1,0,0,1.5,0,1.5,False,False
C2324,U873,I433,this was a surprisingly interesting post. reference 2324,2026-07-09 12:25:31.812300,False,GENUINE,1,0,0,0.661661894767308,0,7,15,1,1,0,0,1.5,0,1.5,False,False
C2325,U459,I322,this is an interesting perspective on fashion. reference 2325,2026-08-05 16:04:31.812315,False,GENUINE,1,0,0,0.7361608768424162,20,6,15,1,1,0,0,4.5,0,4.5,False,False
C2326,U494,I214,this was a surprisingly interesting post. reference 2326,2026-07-27 15:18:31.812329,False,GENUINE,1,0,0,0.661661894767308,0,5,15,1,1,0,0,1.5,0,1.5,False,False
C2327,U613,I140,i learned something useful about movies here. reference 2327,2026-08-07 16:42:31.812343,False,GENUINE,1,0,0,0.736990248638929,20,7,15,1,1,0,0,4.5,0,4.5,False,False
C2328,U978,I289,i really enjoyed this post about sports. reference 2328,2026-06-05 09:51:31.812357,False,GENUINE,1,0,0,0.7746110731001136,20,9,15,1,1,0,0,4.5,0,4.5,False,False
C2329,U834,I203,i think this could be improved. reference 2329,2026-07-27 18:24:31.812373,False,GENUINE,1,0,0,0.6122441426822248,0,6,15,1,1,0,0,1.5,0,1.5,False,False
C2330,U448,I384,this was a surprisingly interesting post. reference 2330,2026-06-21 15:11:31.812386,False,GENUINE,1,0,0,0.661661894767308,0,8,15,1,1,0,0,1.5,0,1.5,False,False
C2331,U798,I199,the information presented here is useful. reference 2331,2026-07-23 23:56:31.812399,False,GENUINE,1,0,0,0.6598076480079632,0,10,40,1,1,0,0,4.0,0,4.0,False,False
C2332,U188,I1,i learned something useful about sports here. reference 2332,2026-06-18 22:29:31.812413,False,GENUINE,1,0,0,0.7313413266953137,20,5,15,1,1,0,0,4.5,0,4.5,False,False
C2333,U713,I4,this was a surprisingly interesting post. reference 2333,2026-06-26 23:22:31.812429,False,GENUINE,1,0,0,0.661661894767308,0,9,15,1,1,0,0,1.5,0,1.5,False,False
C2334,U724,I368,this was a surprisingly interesting post. reference 2334,2026-07-15 05:10:31.812442,False,GENUINE,1,0,0,0.661661894767308,0,10,40,1,1,0,0,4.0,0,4.0,False,False
C2335,U872,I112,i have a different opinion about movies. reference 2335,2026-06-22 13:47:31.812455,False,GENUINE,1,0,0,0.7480534672157237,20,10,40,1,1,0,0,7.0,0,7.0,False,False
C2336,U121,I87,the explanation of technology was very clear. reference 2336,2026-06-24 06:23:31.812469,False,GENUINE,1,0,0,0.768821942884016,20,6,15,1,1,0,0,4.5,0,4.5,False,False
C2337,U243,I149,i really enjoyed this post about education. reference 2337,2026-07-17 13:12:31.812483,False,GENUINE,1,0,0,0.7751482859536991,20,4,0,1,1,0,0,3.0,0,3.0,False,False
C2338,U949,I68,i have a different opinion about technology. reference 2338,2026-06-14 08:36:31.812497,False,GENUINE,1,0,0,0.7418462529021725,20,4,0,1,1,0,0,3.0,0,3.0,False,False
C2339,U254,I421,the explanation of gaming was very clear. reference 2339,2026-08-11 16:55:31.812511,False,GENUINE,1,0,0,0.7624332223630372,20,3,0,1,1,0,0,3.0,0,3.0,False,False
C2340,U664,I177,thanks for sharing this information. reference 2340,2026-07-13 06:58:31.812526,False,GENUINE,1,0,0,0.6789809902112234,0,5,15,1,1,0,0,1.5,0,1.5,False,False
C2341,U85,I484,amazing product buy now,2026-06-07 02:34:31.812540,False,GENUINE,69,50,15,1.0,50,7,15,68,1,40,0,33.5,8,41.5,False,False
C2342,U136,I209,thanks for sharing this information. reference 2342,2026-07-13 06:48:31.812553,False,GENUINE,1,0,0,0.6789809902112234,0,4,0,1,1,0,0,0.0,0,0.0,False,False
C2343,U58,I320,amazing product buy now,2026-07-22 20:57:31.812569,False,GENUINE,69,50,15,1.0,50,8,15,68,1,40,0,33.5,8,41.5,False,False
C2344,U748,I494,i have a different opinion about education. reference 2344,2026-07-19 12:46:31.812583,False,GENUINE,1,0,0,0.7416504318441781,20,5,15,1,1,0,0,4.5,0,4.5,False,False
C2345,U994,I8,this was a surprisingly interesting post. reference 2345,2026-06-07 01:26:31.812597,False,GENUINE,1,0,0,0.661661894767308,0,6,15,1,1,0,0,1.5,0,1.5,False,False
C2346,U763,I352,the information presented here is useful. reference 2346,2026-06-15 19:57:31.812611,False,GENUINE,1,0,0,0.6598076480079632,0,9,15,1,1,0,0,1.5,0,1.5,False,False
C2347,U649,I309,this was a surprisingly interesting post. reference 2347,2026-07-02 14:00:31.812624,False,GENUINE,1,0,0,0.661661894767308,0,2,0,1,1,0,0,0.0,0,0.0,False,False
C2348,U225,I166,i have a different opinion about sports. reference 2348,2026-06-19 21:19:31.812638,False,GENUINE,1,0,0,0.7435975412000372,20,3,0,1,1,0,0,3.0,0,3.0,False,False
C2349,U644,I413,the information presented here is useful. reference 2349,2026-07-02 05:33:31.812653,False,GENUINE,1,0,0,0.6598076480079632,0,9,15,1,1,0,0,1.5,0,1.5,False,False
C2350,U237,I373,the information presented here is useful. reference 2350,2026-07-29 07:56:31.812666,False,GENUINE,1,0,0,0.6598076480079632,0,5,15,1,1,0,0,1.5,0,1.5,False,False
C2351,U923,I245,this is an interesting perspective on food. reference 2351,2026-07-26 07:27:31.812680,False,GENUINE,1,0,0,0.7354630625709739,20,8,15,1,1,0,0,4.5,0,4.5,False,False
C2352,U470,I94,i learned something useful about sports here. reference 2352,2026-06-20 23:32:31.812694,False,GENUINE,1,0,0,0.7313413266953137,20,6,15,1,1,0,0,4.5,0,4.5,False,False
C2353,U502,I482,i learned something useful about movies here. reference 2353,2026-08-09 22:00:31.812708,False,GENUINE,1,0,0,0.736990248638929,20,8,15,1,1,0,0,4.5,0,4.5,False,False
C2354,U317,I83,i learned something useful about fashion here. reference 2354,2026-06-10 06:24:31.812722,False,GENUINE,1,0,0,0.7359149406482672,20,4,0,1,1,0,0,3.0,0,3.0,False,False
C2355,U622,I96,this is an interesting perspective on education. reference 2355,2026-08-05 06:35:31.812735,False,GENUINE,1,0,0,0.7306942280328299,20,4,0,1,1,0,0,3.0,0,3.0,False,False
C2356,U436,I125,i think this could be improved. reference 2356,2026-08-02 17:01:31.812749,False,GENUINE,1,0,0,0.6122441426822248,0,8,15,1,1,0,0,1.5,0,1.5,False,False
C2357,U741,I269,i learned something useful about technology here. reference 2357,2026-06-17 22:04:31.812767,False,GENUINE,1,0,0,0.7297924268271072,20,11,40,1,1,0,0,7.0,0,7.0,False,False
C2358,U102,I193,the information presented here is useful. reference 2358,2026-08-01 19:36:31.812780,False,GENUINE,1,0,0,0.6598076480079632,0,9,15,1,1,0,0,1.5,0,1.5,False,False
C2359,U846,I6,i really enjoyed this post about education. reference 2359,2026-07-20 05:28:31.812794,False,GENUINE,1,0,0,0.7751482859536991,20,6,15,1,1,0,0,4.5,0,4.5,False,False
C2360,U788,I42,i have a different opinion about education. reference 2360,2026-06-15 17:26:31.812808,False,GENUINE,1,0,0,0.7416504318441781,20,5,15,1,1,0,0,4.5,0,4.5,False,False
C2361,U614,I6,i really enjoyed this post about gaming. reference 2361,2026-06-23 11:09:31.812822,False,GENUINE,1,0,0,0.7760108921746118,20,9,15,1,1,0,0,4.5,0,4.5,False,False
C2362,U753,I418,this is worth discussing further. reference 2362,2026-07-24 10:00:31.812836,False,GENUINE,1,0,0,0.6148367794734235,0,4,0,1,1,0,0,0.0,0,0.0,False,False
C2363,U142,I245,thanks for sharing this information. reference 2363,2026-07-27 23:35:31.812849,False,GENUINE,1,0,0,0.6789809902112234,0,6,15,1,1,0,0,1.5,0,1.5,False,False
C2364,U314,I169,i think this could be improved. reference 2364,2026-07-20 15:22:31.812863,False,GENUINE,1,0,0,0.6122441426822248,0,7,15,1,1,0,0,1.5,0,1.5,False,False
C2365,U57,I278,i have a different opinion about gaming. reference 2365,2026-08-09 21:39:31.812879,False,GENUINE,1,0,0,0.7402988924808734,20,5,15,1,1,0,0,4.5,0,4.5,False,False
C2366,U844,I22,this is an interesting perspective on movies. reference 2366,2026-08-02 11:55:31.812893,False,GENUINE,1,0,0,0.7382784747058516,20,9,15,1,1,0,0,4.5,0,4.5,False,False
C2367,U523,I453,the information presented here is useful. reference 2367,2026-08-11 17:20:31.812906,False,GENUINE,1,0,0,0.6598076480079632,0,8,15,1,1,0,0,1.5,0,1.5,False,False
C2368,U934,I114,i really enjoyed this post about sports. reference 2368,2026-07-03 22:53:31.812920,False,GENUINE,1,0,0,0.7746110731001136,20,5,15,1,1,0,0,4.5,0,4.5,False,False
C2369,U394,I75,best product ever buy now,2026-07-22 06:31:31.812934,False,GENUINE,75,50,15,1.0,50,6,15,72,2,50,0,37.0,8,45.0,False,False
C2370,U943,I450,the information presented here is useful. reference 2370,2026-06-28 01:35:31.812948,False,GENUINE,1,0,0,0.6598076480079632,0,3,0,1,1,0,0,0.0,0,0.0,False,False
C2371,U173,I56,the explanation of gaming was very clear. reference 2371,2026-07-17 04:21:31.812964,False,GENUINE,1,0,0,0.7624332223630372,20,5,15,1,1,0,0,4.5,0,4.5,False,False
C2372,U365,I39,thanks for sharing this information. reference 2372,2026-08-01 01:26:31.812977,False,GENUINE,1,0,0,0.6789809902112234,0,4,0,1,1,0,0,0.0,0,0.0,False,False
C2373,U369,I472,this is an interesting perspective on technology. reference 2373,2026-06-17 19:25:31.812991,False,GENUINE,1,0,0,0.7340859795799535,20,6,15,1,1,0,0,4.5,0,4.5,False,False
C2374,U154,I91,the information presented here is useful. reference 2374,2026-06-18 06:06:31.813005,False,GENUINE,1,0,0,0.6598076480079632,0,6,15,1,1,0,0,1.5,0,1.5,False,False
C2375,U185,I347,the information presented here is useful. reference 2375,2026-06-12 02:18:31.813018,False,GENUINE,1,0,0,0.6598076480079632,0,5,15,1,1,0,0,1.5,0,1.5,False,False
C2376,U703,I154,thanks for sharing this information. reference 2376,2026-07-11 02:55:31.813032,False,GENUINE,1,0,0,0.6789809902112234,0,11,40,1,1,0,0,4.0,0,4.0,False,False
C2377,U896,I53,i have a different opinion about food. reference 2377,2026-06-12 14:24:31.813045,False,GENUINE,1,0,0,0.7486181787682682,20,3,0,1,1,0,0,3.0,0,3.0,False,False
C2378,U377,I477,i have a different opinion about gaming. reference 2378,2026-08-11 15:13:31.813059,False,GENUINE,1,0,0,0.7402988924808734,20,4,0,1,1,0,0,3.0,0,3.0,False,False
C2379,U882,I477,i learned something useful about education here. reference 2379,2026-07-13 16:22:31.813073,False,GENUINE,1,0,0,0.7309832397113513,20,5,15,1,1,0,0,4.5,0,4.5,False,False
C2380,U151,I199,i think this could be improved. reference 2380,2026-08-05 16:56:31.813087,False,GENUINE,1,0,0,0.6122441426822248,0,8,15,1,1,0,0,1.5,0,1.5,False,False
C2381,U115,I295,the information presented here is useful. reference 2381,2026-07-29 15:57:31.813102,False,GENUINE,1,0,0,0.6598076480079632,0,6,15,1,1,0,0,1.5,0,1.5,False,False
C2382,U92,I165,i learned something useful about education here. reference 2382,2026-07-07 18:53:31.813116,False,GENUINE,1,0,0,0.7309832397113513,20,6,15,1,1,0,0,4.5,0,4.5,False,False
C2383,U361,I163,i think this could be improved. reference 2383,2026-06-29 00:35:31.813130,False,GENUINE,1,0,0,0.6122441426822248,0,4,0,1,1,0,0,0.0,0,0.0,False,False
C2384,U710,I498,the information presented here is useful. reference 2384,2026-07-30 06:02:31.813143,False,GENUINE,1,0,0,0.6598076480079632,0,5,15,1,1,0,0,1.5,0,1.5,False,False
C2385,U821,I483,the explanation of fashion was very clear. reference 2385,2026-07-04 17:24:31.813157,False,GENUINE,1,0,0,0.7656396726651926,20,4,0,1,1,0,0,3.0,0,3.0,False,False
C2386,U562,I254,this was a surprisingly interesting post. reference 2386,2026-06-24 08:46:31.813172,False,GENUINE,1,0,0,0.661661894767308,0,5,15,1,1,0,0,1.5,0,1.5,False,False
C2387,U549,I420,the explanation of fashion was very clear. reference 2387,2026-08-04 05:19:31.813186,False,GENUINE,1,0,0,0.7656396726651926,20,7,15,1,1,0,0,4.5,0,4.5,False,False
C2388,U594,I366,the information presented here is useful. reference 2388,2026-06-08 20:03:31.813202,False,GENUINE,1,0,0,0.6598076480079632,0,7,15,1,1,0,0,1.5,0,1.5,False,False
C2389,U89,I120,this is worth discussing further. reference 2389,2026-07-24 07:54:31.813217,False,GENUINE,1,0,0,0.6148367794734235,0,5,15,1,1,0,0,1.5,0,1.5,False,False
C2390,U871,I8,this is worth discussing further. reference 2390,2026-07-30 16:08:31.813231,False,GENUINE,1,0,0,0.6148367794734235,0,8,15,1,1,0,0,1.5,0,1.5,False,False
C2391,U943,I56,i really enjoyed this post about music. reference 2391,2026-07-09 23:40:31.813245,False,GENUINE,1,0,0,0.7730771289001258,20,3,0,1,1,0,0,3.0,0,3.0,False,False
C2392,U869,I434,i learned something useful about movies here. reference 2392,2026-06-30 22:14:31.813259,False,GENUINE,1,0,0,0.736990248638929,20,5,15,1,1,0,0,4.5,0,4.5,False,False
C2393,U147,I427,this was a surprisingly interesting post. reference 2393,2026-07-20 18:14:31.813272,False,GENUINE,1,0,0,0.661661894767308,0,5,15,1,1,0,0,1.5,0,1.5,False,False
C2394,U215,I423,the explanation of technology was very clear. reference 2394,2026-06-04 20:08:31.813286,False,GENUINE,1,0,0,0.768821942884016,20,6,15,1,1,0,0,4.5,0,4.5,False,False
C2395,U141,I60,i learned something useful about fashion here. reference 2395,2026-06-06 02:32:31.813300,False,GENUINE,1,0,0,0.7359149406482672,20,5,15,1,1,0,0,4.5,0,4.5,False,False
C2396,U26,I356,the information presented here is useful. reference 2396,2026-08-06 21:50:31.813313,False,GENUINE,1,0,0,0.6598076480079632,0,5,15,1,1,0,0,1.5,0,1.5,False,False
C2397,U718,I54,thanks for sharing this information. reference 2397,2026-06-29 10:20:31.813327,False,GENUINE,1,0,0,0.6789809902112234,0,8,15,1,1,0,0,1.5,0,1.5,False,False
C2398,U857,I304,i learned something useful about technology here. reference 2398,2026-07-29 11:06:31.813341,False,GENUINE,1,0,0,0.7297924268271072,20,2,0,1,1,0,0,3.0,0,3.0,False,False
C2399,U374,I72,this is an interesting perspective on sports. reference 2399,2026-08-04 19:37:31.813356,False,GENUINE,1,0,0,0.7310531063082972,20,5,15,1,1,0,0,4.5,0,4.5,False,False
C2400,U12,I291,the information presented here is useful. reference 2400,2026-07-26 05:28:31.813370,False,GENUINE,1,0,0,0.6598076480079632,0,4,0,1,1,0,0,0.0,0,0.0,False,False
C2401,U481,I380,i learned something useful about movies here. reference 2401,2026-06-30 00:50:31.813384,False,GENUINE,1,0,0,0.736990248638929,20,4,0,1,1,0,0,3.0,0,3.0,False,False
C2402,U421,I369,this is worth discussing further. reference 2402,2026-06-14 03:17:31.813397,False,GENUINE,1,0,0,0.6148367794734235,0,5,15,1,1,0,0,1.5,0,1.5,False,False
C2403,U711,I6,i have a different opinion about gaming. reference 2403,2026-07-28 15:26:31.813411,False,GENUINE,1,0,0,0.7402988924808734,20,7,15,1,1,0,0,4.5,0,4.5,False,False
C2404,U61,I451,i really enjoyed this post about education. reference 2404,2026-06-27 00:31:31.813425,False,GENUINE,1,0,0,0.7751482859536991,20,6,15,1,1,0,0,4.5,0,4.5,False,False
C2405,U164,I5,the information presented here is useful. reference 2405,2026-06-10 22:42:31.813438,False,GENUINE,1,0,0,0.6598076480079632,0,5,15,1,1,0,0,1.5,0,1.5,False,False
C2406,U970,I448,i think this could be improved. reference 2406,2026-06-20 18:17:31.813451,False,GENUINE,1,0,0,0.6122441426822248,0,7,15,1,1,0,0,1.5,0,1.5,False,False
C2407,U513,I156,the explanation of fashion was very clear. reference 2407,2026-07-28 13:26:31.813465,False,GENUINE,1,0,0,0.7656396726651926,20,5,15,1,1,0,0,4.5,0,4.5,False,False
C2408,U278,I498,this is an interesting perspective on fashion. reference 2408,2026-07-31 10:37:31.813479,False,GENUINE,1,0,0,0.7361608768424162,20,5,15,1,1,0,0,4.5,0,4.5,False,False
C2409,U760,I108,the information presented here is useful. reference 2409,2026-07-22 21:46:31.813492,False,GENUINE,1,0,0,0.6598076480079632,0,13,40,1,1,0,0,4.0,0,4.0,False,False
C2410,U401,I94,this was a surprisingly interesting post. reference 2410,2026-06-09 19:21:31.813506,False,GENUINE,1,0,0,0.661661894767308,0,6,15,1,1,0,0,1.5,0,1.5,False,False
C2411,U479,I244,click here for amazing deals,2026-07-08 04:50:31.813519,False,GENUINE,53,50,30,1.0000000000000002,50,4,0,53,1,40,0,35.0,8,43.0,False,False
C2412,U168,I27,this is worth discussing further. reference 2412,2026-07-25 02:35:31.813533,False,GENUINE,1,0,0,0.6148367794734235,0,6,15,1,1,0,0,1.5,0,1.5,False,False
C2413,U276,I55,this is an interesting perspective on gaming. reference 2413,2026-07-09 19:38:31.813546,False,GENUINE,1,0,0,0.7326877208387651,20,5,15,1,1,0,0,4.5,0,4.5,False,False
C2414,U617,I398,this is worth discussing further. reference 2414,2026-07-21 00:43:31.813561,False,GENUINE,1,0,0,0.6148367794734235,0,7,15,1,1,0,0,1.5,0,1.5,False,False
C2415,U288,I83,this was a surprisingly interesting post. reference 2415,2026-08-05 21:17:31.813575,False,GENUINE,1,0,0,0.661661894767308,0,5,15,1,1,0,0,1.5,0,1.5,False,False
C2416,U216,I305,i really enjoyed this post about movies. reference 2416,2026-07-25 17:51:31.813589,False,GENUINE,1,0,0,0.7772370080656208,20,7,15,1,1,0,0,4.5,0,4.5,False,False
C2417,U564,I103,i really enjoyed this post about sports. reference 2417,2026-07-18 07:58:31.813603,False,GENUINE,1,0,0,0.7746110731001136,20,7,15,1,1,0,0,4.5,0,4.5,False,False
C2418,U87,I291,thanks for sharing this information. reference 2418,2026-06-21 12:28:31.813616,False,GENUINE,1,0,0,0.6789809902112234,0,4,0,1,1,0,0,0.0,0,0.0,False,False
C2419,U809,I247,i really enjoyed this post about technology. reference 2419,2026-07-14 04:46:31.813630,False,GENUINE,1,0,0,0.7763004403525399,20,8,15,1,1,0,0,4.5,0,4.5,False,False
C2420,U95,I483,i have a different opinion about technology. reference 2420,2026-07-10 08:52:31.813643,False,GENUINE,1,0,0,0.7418462529021725,20,9,15,1,1,0,0,4.5,0,4.5,False,False
C2421,U769,I144,the information presented here is useful. reference 2421,2026-07-14 05:00:31.813664,False,GENUINE,1,0,0,0.6598076480079632,0,8,15,1,1,0,0,1.5,0,1.5,False,False
C2422,U769,I200,this is worth discussing further. reference 2422,2026-06-08 21:00:31.813679,False,GENUINE,1,0,0,0.6148367794734235,0,8,15,1,1,0,0,1.5,0,1.5,False,False
C2423,U690,I49,this is worth discussing further. reference 2423,2026-06-05 08:15:31.813692,False,GENUINE,1,0,0,0.6148367794734235,0,5,15,1,1,0,0,1.5,0,1.5,False,False
C2424,U515,I51,this was a surprisingly interesting post. reference 2424,2026-08-09 16:14:31.813706,False,GENUINE,1,0,0,0.661661894767308,0,6,15,1,1,0,0,1.5,0,1.5,False,False
C2425,U601,I407,the information presented here is useful. reference 2425,2026-06-19 11:03:31.813719,False,GENUINE,1,0,0,0.6598076480079632,0,9,15,1,1,0,0,1.5,0,1.5,False,False
C2426,U889,I436,best product ever buy now,2026-07-28 03:47:31.813733,False,GENUINE,75,50,15,1.0,50,3,0,72,1,40,0,32.0,8,40.0,False,False
C2427,U155,I349,i think this could be improved. reference 2427,2026-06-15 20:34:31.813749,False,GENUINE,1,0,0,0.6122441426822248,0,4,0,1,1,0,0,0.0,0,0.0,False,False
C2428,U95,I487,the explanation of sports was very clear. reference 2428,2026-06-10 19:18:31.813763,False,GENUINE,1,0,0,0.761366899611231,20,9,15,1,1,0,0,4.5,0,4.5,False,False
C2429,U669,I72,best product ever buy now,2026-07-02 02:26:31.813780,False,GENUINE,75,50,15,1.0,50,6,15,72,1,40,0,33.5,8,41.5,False,False
C2430,U804,I67,best product ever buy now,2026-07-10 00:51:31.813793,False,GENUINE,75,50,15,1.0,50,5,15,72,1,40,0,33.5,8,41.5,False,False
C2431,U638,I438,the information presented here is useful. reference 2431,2026-06-07 22:55:31.813807,False,GENUINE,1,0,0,0.6598076480079632,0,5,15,1,1,0,0,1.5,0,1.5,False,False
C2432,U792,I349,the information presented here is useful. reference 2432,2026-07-23 19:48:31.813821,False,GENUINE,1,0,0,0.6598076480079632,0,3,0,1,1,0,0,0.0,0,0.0,False,False
C2433,U625,I310,this is an interesting perspective on education. reference 2433,2026-06-21 05:34:31.813835,False,GENUINE,1,0,0,0.7306942280328299,20,5,15,1,1,0,0,4.5,0,4.5,False,False
C2434,U642,I254,this is an interesting perspective on technology. reference 2434,2026-07-29 20:25:31.813849,False,GENUINE,1,0,0,0.7340859795799535,20,7,15,1,1,0,0,4.5,0,4.5,False,False
C2435,U784,I445,i have a different opinion about gaming. reference 2435,2026-06-27 10:05:31.813863,False,GENUINE,1,0,0,0.7402988924808734,20,9,15,1,1,0,0,4.5,0,4.5,False,False
C2436,U96,I232,this is worth discussing further. reference 2436,2026-07-15 22:13:31.813876,False,GENUINE,1,0,0,0.6148367794734235,0,4,0,1,1,0,0,0.0,0,0.0,False,False
C2437,U165,I34,i have a different opinion about music. reference 2437,2026-07-10 16:02:31.813890,False,GENUINE,1,0,0,0.7390063271830457,20,10,40,1,1,0,0,7.0,0,7.0,False,False
C2438,U91,I36,i learned something useful about food here. reference 2438,2026-07-19 08:29:31.813905,False,GENUINE,1,0,0,0.7306701420191416,20,9,15,1,1,0,0,4.5,0,4.5,False,False
C2439,U484,I131,i think this could be improved. reference 2439,2026-07-31 13:10:31.813919,False,GENUINE,1,0,0,0.6122441426822248,0,6,15,1,1,0,0,1.5,0,1.5,False,False
C2440,U995,I291,i think this could be improved. reference 2440,2026-07-09 17:57:31.813933,False,GENUINE,1,0,0,0.6122441426822248,0,10,40,1,1,0,0,4.0,0,4.0,False,False
C2441,U879,I146,the information presented here is useful. reference 2441,2026-06-16 10:15:31.813946,False,GENUINE,1,0,0,0.6598076480079632,0,8,15,1,1,0,0,1.5,0,1.5,False,False
C2442,U939,I348,i learned something useful about food here. reference 2442,2026-07-09 10:50:31.813961,False,GENUINE,1,0,0,0.7306701420191416,20,5,15,1,1,0,0,4.5,0,4.5,False,False
C2443,U524,I432,thanks for sharing this information. reference 2443,2026-07-08 19:39:31.813975,False,GENUINE,1,0,0,0.6789809902112234,0,5,15,1,1,0,0,1.5,0,1.5,False,False
C2444,U85,I349,the information presented here is useful. reference 2444,2026-07-18 21:49:31.814079,False,GENUINE,1,0,0,0.6598076480079632,0,7,15,1,1,0,0,1.5,0,1.5,False,False
C2445,U898,I448,i really enjoyed this post about technology. reference 2445,2026-06-05 09:09:31.814096,False,GENUINE,1,0,0,0.7763004403525399,20,3,0,1,1,0,0,3.0,0,3.0,False,False
C2446,U809,I125,this was a surprisingly interesting post. reference 2446,2026-07-28 18:20:31.814110,False,GENUINE,1,0,0,0.661661894767308,0,8,15,1,1,0,0,1.5,0,1.5,False,False
C2447,U873,I53,i have a different opinion about fashion. reference 2447,2026-07-28 10:22:31.814124,False,GENUINE,1,0,0,0.743131701331639,20,7,15,1,1,0,0,4.5,0,4.5,False,False
C2448,U583,I204,this is an interesting perspective on sports. reference 2448,2026-07-07 11:53:31.814138,False,GENUINE,1,0,0,0.7310531063082972,20,8,15,1,1,0,0,4.5,0,4.5,False,False
C2449,U895,I236,this is an interesting perspective on music. reference 2449,2026-06-30 10:15:31.814155,False,GENUINE,1,0,0,0.7318423269582839,20,9,15,1,1,0,0,4.5,0,4.5,False,False
C2450,U479,I328,this was a surprisingly interesting post. reference 2450,2026-08-01 21:36:31.814169,False,GENUINE,1,0,0,0.661661894767308,0,4,0,1,1,0,0,0.0,0,0.0,False,False
C2451,U87,I92,this is an interesting perspective on fashion. reference 2451,2026-07-03 09:49:31.814183,False,GENUINE,1,0,0,0.7361608768424162,20,4,0,1,1,0,0,3.0,0,3.0,False,False
C2452,U204,I205,this is worth discussing further. reference 2452,2026-07-13 22:51:31.814198,False,GENUINE,1,0,0,0.6148367794734235,0,7,15,1,1,0,0,1.5,0,1.5,False,False
C2453,U350,I309,i think this could be improved. reference 2453,2026-06-08 21:48:31.814212,False,GENUINE,1,0,0,0.6122441426822248,0,3,0,1,1,0,0,0.0,0,0.0,False,False
C2454,U759,I243,this is an interesting perspective on movies. reference 2454,2026-07-01 10:56:31.814226,False,GENUINE,1,0,0,0.7382784747058516,20,8,15,1,1,0,0,4.5,0,4.5,False,False
C2455,U39,I279,i learned something useful about food here. reference 2455,2026-07-29 14:06:31.814240,False,GENUINE,1,0,0,0.7306701420191416,20,6,15,1,1,0,0,4.5,0,4.5,False,False
C2456,U655,I109,this is worth discussing further. reference 2456,2026-06-18 02:54:31.814256,False,GENUINE,1,0,0,0.6148367794734235,0,10,40,1,1,0,0,4.0,0,4.0,False,False
C2457,U792,I194,i really enjoyed this post about music. reference 2457,2026-07-03 16:23:31.814270,False,GENUINE,1,0,0,0.7730771289001258,20,3,0,1,1,0,0,3.0,0,3.0,False,False
C2458,U484,I109,i really enjoyed this post about sports. reference 2458,2026-08-09 17:51:31.814284,False,GENUINE,1,0,0,0.7746110731001136,20,6,15,1,1,0,0,4.5,0,4.5,False,False
C2459,U975,I388,the information presented here is useful. reference 2459,2026-07-19 21:19:31.814298,False,GENUINE,1,0,0,0.6598076480079632,0,6,15,1,1,0,0,1.5,0,1.5,False,False
C2460,U650,I90,this is an interesting perspective on education. reference 2460,2026-08-05 12:41:31.814311,False,GENUINE,1,0,0,0.7306942280328299,20,8,15,1,1,0,0,4.5,0,4.5,False,False
C2461,U280,I207,this is an interesting perspective on movies. reference 2461,2026-06-08 00:08:31.814325,False,GENUINE,1,0,0,0.7382784747058516,20,6,15,1,1,0,0,4.5,0,4.5,False,False
C2462,U462,I446,the information presented here is useful. reference 2462,2026-06-11 21:07:31.814338,False,GENUINE,1,0,0,0.6598076480079632,0,10,40,1,1,0,0,4.0,0,4.0,False,False
C2463,U914,I132,i learned something useful about technology here. reference 2463,2026-08-03 10:02:31.814352,False,GENUINE,1,0,0,0.7297924268271072,20,4,0,1,1,0,0,3.0,0,3.0,False,False
C2464,U916,I461,the information presented here is useful. reference 2464,2026-06-04 06:38:31.814365,False,GENUINE,1,0,0,0.6598076480079632,0,8,15,1,1,0,0,1.5,0,1.5,False,False
C2465,U304,I84,the explanation of music was very clear. reference 2465,2026-07-04 16:26:31.814379,False,GENUINE,1,0,0,0.7662202675963719,20,4,0,1,1,0,0,3.0,0,3.0,False,False
C2466,U493,I243,this was a surprisingly interesting post. reference 2466,2026-06-09 10:02:31.814393,False,GENUINE,1,0,0,0.661661894767308,0,5,15,1,1,0,0,1.5,0,1.5,False,False
C2467,U447,I181,best product ever buy now,2026-08-10 22:17:31.814407,False,GENUINE,75,50,15,1.0,50,6,15,72,1,40,0,33.5,8,41.5,False,False
C2468,U574,I400,thanks for sharing this information. reference 2468,2026-08-04 18:00:31.814420,False,GENUINE,1,0,0,0.6789809902112234,0,6,15,1,1,0,0,1.5,0,1.5,False,False
C2469,U740,I341,thanks for sharing this information. reference 2469,2026-07-13 08:46:31.814434,False,GENUINE,1,0,0,0.6789809902112234,0,6,15,1,1,0,0,1.5,0,1.5,False,False
C2470,U680,I421,this is worth discussing further. reference 2470,2026-07-29 03:11:31.814448,False,GENUINE,1,0,0,0.6148367794734235,0,8,15,1,1,0,0,1.5,0,1.5,False,False
C2471,U918,I234,i learned something useful about food here. reference 2471,2026-07-14 00:46:31.814464,False,GENUINE,1,0,0,0.7306701420191416,20,8,15,1,1,0,0,4.5,0,4.5,False,False
C2472,U116,I405,the information presented here is useful. reference 2472,2026-06-25 10:30:31.814478,False,GENUINE,1,0,0,0.6598076480079632,0,9,15,1,1,0,0,1.5,0,1.5,False,False
C2473,U739,I1,i think this could be improved. reference 2473,2026-06-15 02:20:31.814493,False,GENUINE,1,0,0,0.6122441426822248,0,3,0,1,1,0,0,0.0,0,0.0,False,False
C2474,U460,I327,best product ever buy now,2026-08-08 12:16:31.814507,False,GENUINE,75,50,15,1.0,50,6,15,72,2,50,0,37.0,8,45.0,False,False
C2475,U223,I381,the explanation of fashion was very clear. reference 2475,2026-06-09 10:34:31.814521,False,GENUINE,1,0,0,0.7656396726651926,20,7,15,1,1,0,0,4.5,0,4.5,False,False
C2476,U559,I396,i learned something useful about fashion here. reference 2476,2026-07-23 03:49:31.814535,False,GENUINE,1,0,0,0.7359149406482672,20,8,15,1,1,0,0,4.5,0,4.5,False,False
C2477,U356,I107,the explanation of technology was very clear. reference 2477,2026-07-09 03:08:31.814808,False,GENUINE,1,0,0,0.768821942884016,20,5,15,1,1,0,0,4.5,0,4.5,False,False
C2478,U833,I186,i really enjoyed this post about movies. reference 2478,2026-07-14 21:24:31.814855,False,GENUINE,1,0,0,0.7772370080656208,20,8,15,1,1,0,0,4.5,0,4.5,False,False
C2479,U514,I419,this is an interesting perspective on food. reference 2479,2026-06-13 18:24:31.814874,False,GENUINE,1,0,0,0.7354630625709739,20,9,15,1,1,0,0,4.5,0,4.5,False,False
C2480,U466,I211,the information presented here is useful. reference 2480,2026-07-10 18:33:31.814890,False,GENUINE,1,0,0,0.6598076480079632,0,4,0,1,1,0,0,0.0,0,0.0,False,False
C2481,U848,I277,the information presented here is useful. reference 2481,2026-08-01 12:18:31.814905,False,GENUINE,1,0,0,0.6598076480079632,0,4,0,1,1,0,0,0.0,0,0.0,False,False
C2482,U948,I90,i think this could be improved. reference 2482,2026-07-08 20:53:31.814918,False,GENUINE,1,0,0,0.6122441426822248,0,2,0,1,1,0,0,0.0,0,0.0,False,False
C2483,U181,I283,thanks for sharing this information. reference 2483,2026-06-23 10:17:31.814932,False,GENUINE,1,0,0,0.6789809902112234,0,9,15,1,1,0,0,1.5,0,1.5,False,False
C2484,U446,I195,i have a different opinion about fashion. reference 2484,2026-06-15 02:45:31.814955,False,GENUINE,1,0,0,0.743131701331639,20,6,15,1,1,0,0,4.5,0,4.5,False,False
C2485,U290,I359,thanks for sharing this information. reference 2485,2026-08-03 20:34:31.814970,False,GENUINE,1,0,0,0.6789809902112234,0,3,0,1,1,0,0,0.0,0,0.0,False,False
C2486,U825,I428,this is an interesting perspective on gaming. reference 2486,2026-06-13 16:51:31.814984,False,GENUINE,1,0,0,0.7326877208387651,20,6,15,1,1,0,0,4.5,0,4.5,False,False
C2487,U16,I315,the information presented here is useful. reference 2487,2026-06-27 15:34:31.814998,False,GENUINE,1,0,0,0.6598076480079632,0,6,15,1,1,0,0,1.5,0,1.5,False,False
C2488,U767,I384,thanks for sharing this information. reference 2488,2026-06-15 04:01:31.815012,False,GENUINE,1,0,0,0.6789809902112234,0,10,40,1,1,0,0,4.0,0,4.0,False,False
C2489,U454,I257,thanks for sharing this information. reference 2489,2026-06-12 01:20:31.815026,False,GENUINE,1,0,0,0.6789809902112234,0,9,15,1,1,0,0,1.5,0,1.5,False,False
C2490,U296,I436,the information presented here is useful. reference 2490,2026-07-22 13:05:31.815043,False,GENUINE,1,0,0,0.6598076480079632,0,6,15,1,1,0,0,1.5,0,1.5,False,False
C2491,U795,I232,this was a surprisingly interesting post. reference 2491,2026-08-01 09:51:31.815057,False,GENUINE,1,0,0,0.661661894767308,0,2,0,1,1,0,0,0.0,0,0.0,False,False
C2492,U200,I438,i think this could be improved. reference 2492,2026-07-10 22:03:31.815071,False,GENUINE,1,0,0,0.6122441426822248,0,3,0,1,1,0,0,0.0,0,0.0,False,False
C2493,U990,I406,i think this could be improved. reference 2493,2026-06-14 03:15:31.815087,False,GENUINE,1,0,0,0.6122441426822248,0,4,0,1,1,0,0,0.0,0,0.0,False,False
C2494,U720,I401,the information presented here is useful. reference 2494,2026-07-08 17:33:31.815101,False,GENUINE,1,0,0,0.6598076480079632,0,6,15,1,1,0,0,1.5,0,1.5,False,False
C2495,U800,I114,this was a surprisingly interesting post. reference 2495,2026-07-18 11:22:31.815195,False,GENUINE,1,0,0,0.661661894767308,0,5,15,1,1,0,0,1.5,0,1.5,False,False
C2496,U900,I337,best deal available now,2026-07-05 02:01:31.815233,False,GENUINE,52,50,15,1.0000000000000002,50,4,0,51,1,40,0,32.0,8,40.0,False,False
C2497,U689,I123,i really enjoyed this post about fashion. reference 2497,2026-08-08 20:36:31.815262,False,GENUINE,1,0,0,0.7749801373506703,20,5,15,1,1,0,0,4.5,0,4.5,False,False
C2498,U15,I13,i learned something useful about music here. reference 2498,2026-06-25 14:17:31.815287,False,GENUINE,1,0,0,0.7357637114536311,20,5,15,1,1,0,0,4.5,0,4.5,False,False
C2499,U839,I379,thanks for sharing this information. reference 2499,2026-07-12 07:58:31.815318,False,GENUINE,1,0,0,0.6789809902112234,0,3,0,1,1,0,0,0.0,0,0.0,False,False
C2500,U174,I491,thanks for sharing this information. reference 2500,2026-07-20 19:41:31.815342,False,GENUINE,1,0,0,0.6789809902112234,0,6,15,1,1,0,0,1.5,0,1.5,False,False
C2501,U569,I498,the information presented here is useful. reference 2501,2026-06-16 17:43:31.815365,False,GENUINE,1,0,0,0.6598076480079632,0,7,15,1,1,0,0,1.5,0,1.5,False,False
C2502,U659,I201,i really enjoyed this post about fashion. reference 2502,2026-07-31 02:27:31.815391,False,GENUINE,1,0,0,0.7749801373506703,20,3,0,1,1,0,0,3.0,0,3.0,False,False
C2503,U961,I325,amazing product buy now,2026-07-06 03:21:31.815405,False,GENUINE,69,50,15,1.0,50,4,0,68,1,40,0,32.0,8,40.0,False,False
C2504,U925,I162,this was a surprisingly interesting post. reference 2504,2026-07-03 00:27:31.815420,False,GENUINE,1,0,0,0.661661894767308,0,3,0,1,1,0,0,0.0,0,0.0,False,False
C2505,U236,I50,i learned something useful about gaming here. reference 2505,2026-06-15 08:34:31.815436,False,GENUINE,1,0,0,0.7317498758867395,20,2,0,1,1,0,0,3.0,0,3.0,False,False
C2506,U590,I401,the information presented here is useful. reference 2506,2026-06-22 12:08:31.815450,False,GENUINE,1,0,0,0.6598076480079632,0,7,15,1,1,0,0,1.5,0,1.5,False,False
C2507,U162,I485,this is worth discussing further. reference 2507,2026-08-03 08:15:31.815464,False,GENUINE,1,0,0,0.6148367794734235,0,8,15,1,1,0,0,1.5,0,1.5,False,False
C2508,U95,I13,the information presented here is useful. reference 2508,2026-06-15 14:08:31.815477,False,GENUINE,1,0,0,0.6598076480079632,0,9,15,1,1,0,0,1.5,0,1.5,False,False
C2509,U788,I303,i learned something useful about technology here. reference 2509,2026-06-16 13:43:31.815494,False,GENUINE,1,0,0,0.7297924268271072,20,5,15,1,1,0,0,4.5,0,4.5,False,False
C2510,U724,I278,this is an interesting perspective on fashion. reference 2510,2026-08-09 12:44:31.815509,False,GENUINE,1,0,0,0.7361608768424162,20,10,40,1,1,0,0,7.0,0,7.0,False,False
C2511,U760,I375,i learned something useful about food here. reference 2511,2026-06-15 01:58:31.815522,False,GENUINE,1,0,0,0.7306701420191416,20,13,40,1,1,0,0,7.0,0,7.0,False,False
C2512,U646,I398,this is worth discussing further. reference 2512,2026-07-21 00:18:31.815538,False,GENUINE,1,0,0,0.6148367794734235,0,2,0,1,1,0,0,0.0,0,0.0,False,False
C2513,U668,I459,the explanation of movies was very clear. reference 2513,2026-07-25 04:33:31.815553,False,GENUINE,1,0,0,0.769149315988473,20,7,15,1,1,0,0,4.5,0,4.5,False,False
C2514,U548,I430,the explanation of fashion was very clear. reference 2514,2026-07-19 02:57:31.815567,False,GENUINE,1,0,0,0.7656396726651926,20,11,40,1,1,0,0,7.0,0,7.0,False,False
C2515,U675,I26,i have a different opinion about gaming. reference 2515,2026-07-29 17:54:31.815581,False,GENUINE,1,0,0,0.7402988924808734,20,5,15,1,1,0,0,4.5,0,4.5,False,False
C2516,U642,I11,thanks for sharing this information. reference 2516,2026-08-01 17:38:31.815601,False,GENUINE,1,0,0,0.6789809902112234,0,7,15,1,1,0,0,1.5,0,1.5,False,False
C2517,U470,I474,thanks for sharing this information. reference 2517,2026-08-02 02:04:31.815615,False,GENUINE,1,0,0,0.6789809902112234,0,6,15,1,1,0,0,1.5,0,1.5,False,False
C2518,U145,I144,i have a different opinion about education. reference 2518,2026-08-03 09:18:31.815629,False,GENUINE,1,0,0,0.7416504318441781,20,11,40,1,1,0,0,7.0,0,7.0,False,False
C2519,U79,I253,this is worth discussing further. reference 2519,2026-07-07 06:16:31.815642,False,GENUINE,1,0,0,0.6148367794734235,0,3,0,1,1,0,0,0.0,0,0.0,False,False
C2520,U103,I251,i really enjoyed this post about fashion. reference 2520,2026-08-05 03:15:31.815656,False,GENUINE,1,0,0,0.7749801373506703,20,7,15,1,1,0,0,4.5,0,4.5,False,False
C2521,U498,I491,this is an interesting perspective on sports. reference 2521,2026-06-10 06:28:31.815670,False,GENUINE,1,0,0,0.7310531063082972,20,5,15,1,1,0,0,4.5,0,4.5,False,False
C2522,U429,I192,this is worth discussing further. reference 2522,2026-07-28 04:02:31.815683,False,GENUINE,1,0,0,0.6148367794734235,0,6,15,1,1,0,0,1.5,0,1.5,False,False
C2523,U184,I152,i really enjoyed this post about education. reference 2523,2026-06-12 18:55:31.815697,False,GENUINE,1,0,0,0.7751482859536991,20,5,15,1,1,0,0,4.5,0,4.5,False,False
C2524,U580,I323,thanks for sharing this information. reference 2524,2026-08-01 03:56:31.815711,False,GENUINE,1,0,0,0.6789809902112234,0,7,15,1,1,0,0,1.5,0,1.5,False,False
C2525,U999,I175,this is worth discussing further. reference 2525,2026-06-16 22:40:31.815739,False,GENUINE,1,0,0,0.6148367794734235,0,4,0,1,1,0,0,0.0,0,0.0,False,False
C2526,U614,I279,i really enjoyed this post about education. reference 2526,2026-06-25 08:12:31.815753,False,GENUINE,1,0,0,0.7751482859536991,20,9,15,1,1,0,0,4.5,0,4.5,False,False
C2527,U759,I130,this is an interesting perspective on sports. reference 2527,2026-06-17 15:54:31.815767,False,GENUINE,1,0,0,0.7310531063082972,20,8,15,1,1,0,0,4.5,0,4.5,False,False
C2528,U30,I274,i really enjoyed this post about education. reference 2528,2026-07-23 03:27:31.815784,False,GENUINE,1,0,0,0.7751482859536991,20,6,15,1,1,0,0,4.5,0,4.5,False,False
C2529,U887,I186,this is an interesting perspective on sports. reference 2529,2026-08-09 03:32:31.815798,False,GENUINE,1,0,0,0.7310531063082972,20,5,15,1,1,0,0,4.5,0,4.5,False,False
C2530,U335,I70,the explanation of gaming was very clear. reference 2530,2026-06-06 14:12:31.815812,False,GENUINE,1,0,0,0.7624332223630372,20,9,15,1,1,0,0,4.5,0,4.5,False,False
C2531,U708,I481,i learned something useful about movies here. reference 2531,2026-07-17 22:08:31.815825,False,GENUINE,1,0,0,0.736990248638929,20,5,15,1,1,0,0,4.5,0,4.5,False,False
C2532,U493,I102,this is an interesting perspective on music. reference 2532,2026-06-08 09:09:31.815840,False,GENUINE,1,0,0,0.7318423269582839,20,5,15,1,1,0,0,4.5,0,4.5,False,False
C2533,U564,I333,i have a different opinion about food. reference 2533,2026-06-05 00:04:31.815854,False,GENUINE,1,0,0,0.7486181787682682,20,7,15,1,1,0,0,4.5,0,4.5,False,False
C2534,U828,I253,the information presented here is useful. reference 2534,2026-07-25 06:14:31.815867,False,GENUINE,1,0,0,0.6598076480079632,0,4,0,1,1,0,0,0.0,0,0.0,False,False
C2535,U256,I88,the explanation of movies was very clear. reference 2535,2026-07-07 01:50:31.815881,False,GENUINE,1,0,0,0.769149315988473,20,10,40,1,1,0,0,7.0,0,7.0,False,False
C2536,U105,I298,thanks for sharing this information. reference 2536,2026-07-27 18:06:31.815895,False,GENUINE,1,0,0,0.6789809902112234,0,5,15,1,1,0,0,1.5,0,1.5,False,False
C2537,U813,I105,i think this could be improved. reference 2537,2026-07-02 05:20:31.815909,False,GENUINE,1,0,0,0.6122441426822248,0,6,15,1,1,0,0,1.5,0,1.5,False,False
C2538,U433,I305,i have a different opinion about music. reference 2538,2026-06-16 03:12:31.815923,False,GENUINE,1,0,0,0.7390063271830457,20,7,15,1,1,0,0,4.5,0,4.5,False,False
C2539,U110,I310,the information presented here is useful. reference 2539,2026-07-24 15:41:31.815936,False,GENUINE,1,0,0,0.6598076480079632,0,6,15,1,1,0,0,1.5,0,1.5,False,False
C2540,U580,I180,this is worth discussing further. reference 2540,2026-07-01 22:14:31.815952,False,GENUINE,1,0,0,0.6148367794734235,0,7,15,1,1,0,0,1.5,0,1.5,False,False
C2541,U171,I455,i really enjoyed this post about movies. reference 2541,2026-06-19 09:56:31.815966,False,GENUINE,1,0,0,0.7772370080656208,20,5,15,1,1,0,0,4.5,0,4.5,False,False
C2542,U419,I150,thanks for sharing this information. reference 2542,2026-07-06 13:52:31.815981,False,GENUINE,1,0,0,0.6789809902112234,0,3,0,1,1,0,0,0.0,0,0.0,False,False
C2543,U30,I58,i learned something useful about music here. reference 2543,2026-07-03 17:58:31.815995,False,GENUINE,1,0,0,0.7357637114536311,20,6,15,1,1,0,0,4.5,0,4.5,False,False
C2544,U809,I95,this is worth discussing further. reference 2544,2026-08-05 05:17:31.816008,False,GENUINE,1,0,0,0.6148367794734235,0,8,15,1,1,0,0,1.5,0,1.5,False,False
C2545,U220,I336,this is worth discussing further. reference 2545,2026-07-29 15:08:31.816021,False,GENUINE,1,0,0,0.6148367794734235,0,5,15,1,1,0,0,1.5,0,1.5,False,False
C2546,U798,I160,amazing product buy now,2026-07-13 20:00:31.816035,False,GENUINE,69,50,15,1.0,50,10,40,68,1,40,0,36.0,8,44.0,False,False
C2547,U704,I5,this is worth discussing further. reference 2547,2026-06-30 11:21:31.816048,False,GENUINE,1,0,0,0.6148367794734235,0,9,15,1,1,0,0,1.5,0,1.5,False,False
C2548,U581,I407,this is worth discussing further. reference 2548,2026-06-21 17:03:31.816064,False,GENUINE,1,0,0,0.6148367794734235,0,7,15,1,1,0,0,1.5,0,1.5,False,False
C2549,U67,I197,i have a different opinion about sports. reference 2549,2026-06-24 20:09:31.816078,False,GENUINE,1,0,0,0.7435975412000372,20,4,0,1,1,0,0,3.0,0,3.0,False,False
C2550,U222,I52,this was a surprisingly interesting post. reference 2550,2026-06-07 15:16:31.816092,False,GENUINE,1,0,0,0.661661894767308,0,3,0,1,1,0,0,0.0,0,0.0,False,False
C2551,U622,I484,this is an interesting perspective on fashion. reference 2551,2026-06-10 17:50:31.816106,False,GENUINE,1,0,0,0.7361608768424162,20,4,0,1,1,0,0,3.0,0,3.0,False,False
C2552,U774,I222,this is worth discussing further. reference 2552,2026-07-24 19:07:31.816120,False,GENUINE,1,0,0,0.6148367794734235,0,10,40,1,1,0,0,4.0,0,4.0,False,False
C2553,U201,I25,i think this could be improved. reference 2553,2026-08-07 13:45:31.816133,False,GENUINE,1,0,0,0.6122441426822248,0,5,15,1,1,0,0,1.5,0,1.5,False,False
C2554,U281,I215,this is an interesting perspective on gaming. reference 2554,2026-07-01 14:51:31.816146,False,GENUINE,1,0,0,0.7326877208387651,20,4,0,1,1,0,0,3.0,0,3.0,False,False
C2555,U175,I307,this is worth discussing further. reference 2555,2026-07-21 07:30:31.816160,False,GENUINE,1,0,0,0.6148367794734235,0,3,0,1,1,0,0,0.0,0,0.0,False,False
C2556,U590,I10,i have a different opinion about technology. reference 2556,2026-06-14 05:52:31.816176,False,GENUINE,1,0,0,0.7418462529021725,20,7,15,1,1,0,0,4.5,0,4.5,False,False
C2557,U802,I438,thanks for sharing this information. reference 2557,2026-06-30 19:13:31.816192,False,GENUINE,1,0,0,0.6789809902112234,0,9,15,1,1,0,0,1.5,0,1.5,False,False
C2558,U291,I67,the information presented here is useful. reference 2558,2026-06-24 06:36:31.816206,False,GENUINE,1,0,0,0.6598076480079632,0,8,15,1,1,0,0,1.5,0,1.5,False,False
C2559,U940,I270,i really enjoyed this post about music. reference 2559,2026-06-14 03:26:31.816220,False,GENUINE,1,0,0,0.7730771289001258,20,6,15,1,1,0,0,4.5,0,4.5,False,False
C2560,U16,I35,i think this could be improved. reference 2560,2026-07-05 01:13:31.816234,False,GENUINE,1,0,0,0.6122441426822248,0,6,15,1,1,0,0,1.5,0,1.5,False,False
C2561,U740,I154,i have a different opinion about music. reference 2561,2026-06-04 05:31:31.816250,False,GENUINE,1,0,0,0.7390063271830457,20,6,15,1,1,0,0,4.5,0,4.5,False,False
C2562,U354,I204,this is an interesting perspective on music. reference 2562,2026-06-27 21:13:31.816264,False,GENUINE,1,0,0,0.7318423269582839,20,3,0,1,1,0,0,3.0,0,3.0,False,False
C2563,U627,I24,the information presented here is useful. reference 2563,2026-06-09 10:32:31.816277,False,GENUINE,1,0,0,0.6598076480079632,0,3,0,1,1,0,0,0.0,0,0.0,False,False
C2564,U465,I252,this is an interesting perspective on music. reference 2564,2026-06-16 13:59:31.816291,False,GENUINE,1,0,0,0.7318423269582839,20,7,15,1,1,0,0,4.5,0,4.5,False,False
C2565,U105,I14,best product ever buy now,2026-08-10 21:16:31.816305,False,GENUINE,75,50,15,1.0,50,5,15,72,1,40,0,33.5,8,41.5,False,False
C2566,U142,I53,this is worth discussing further. reference 2566,2026-07-22 05:31:31.816319,False,GENUINE,1,0,0,0.6148367794734235,0,6,15,1,1,0,0,1.5,0,1.5,False,False
C2567,U174,I45,the explanation of music was very clear. reference 2567,2026-06-23 21:40:31.816334,False,GENUINE,1,0,0,0.7662202675963719,20,6,15,1,1,0,0,4.5,0,4.5,False,False
C2568,U5,I478,i really enjoyed this post about movies. reference 2568,2026-08-07 21:52:31.816348,False,GENUINE,1,0,0,0.7772370080656208,20,5,15,1,1,0,0,4.5,0,4.5,False,False
C2569,U113,I24,i have a different opinion about gaming. reference 2569,2026-07-18 19:51:31.816367,False,GENUINE,1,0,0,0.7402988924808734,20,7,15,1,1,0,0,4.5,0,4.5,False,False
C2570,U337,I352,thanks for sharing this information. reference 2570,2026-07-18 06:21:31.816381,False,GENUINE,1,0,0,0.6789809902112234,0,2,0,1,1,0,0,0.0,0,0.0,False,False
C2571,U715,I87,i learned something useful about food here. reference 2571,2026-07-31 22:03:31.816395,False,GENUINE,1,0,0,0.7306701420191416,20,7,15,1,1,0,0,4.5,0,4.5,False,False
C2572,U129,I163,i learned something useful about fashion here. reference 2572,2026-06-14 20:38:31.816409,False,GENUINE,1,0,0,0.7359149406482672,20,6,15,1,1,0,0,4.5,0,4.5,False,False
C2573,U457,I342,this is an interesting perspective on sports. reference 2573,2026-06-20 05:34:31.816423,False,GENUINE,1,0,0,0.7310531063082972,20,8,15,1,1,0,0,4.5,0,4.5,False,False
C2574,U489,I338,i think this could be improved. reference 2574,2026-07-13 12:45:31.816436,False,GENUINE,1,0,0,0.6122441426822248,0,3,0,1,1,0,0,0.0,0,0.0,False,False
C2575,U791,I374,i think this could be improved. reference 2575,2026-08-03 11:26:31.816450,False,GENUINE,1,0,0,0.6122441426822248,0,7,15,1,1,0,0,1.5,0,1.5,False,False
C2576,U270,I392,i have a different opinion about gaming. reference 2576,2026-07-10 16:49:31.816463,False,GENUINE,1,0,0,0.7402988924808734,20,4,0,1,1,0,0,3.0,0,3.0,False,False
C2577,U571,I427,the explanation of sports was very clear. reference 2577,2026-06-09 13:48:31.816477,False,GENUINE,1,0,0,0.761366899611231,20,3,0,1,1,0,0,3.0,0,3.0,False,False
C2578,U79,I38,i think this could be improved. reference 2578,2026-07-23 11:49:31.816491,False,GENUINE,1,0,0,0.6122441426822248,0,3,0,1,1,0,0,0.0,0,0.0,False,False
C2579,U13,I343,the explanation of food was very clear. reference 2579,2026-07-07 18:48:31.816508,False,GENUINE,1,0,0,0.7668898154278452,20,4,0,1,1,0,0,3.0,0,3.0,False,False
C2580,U192,I249,this is an interesting perspective on music. reference 2580,2026-07-23 20:09:31.816522,False,GENUINE,1,0,0,0.7318423269582839,20,7,15,1,1,0,0,4.5,0,4.5,False,False
C2581,U833,I302,this was a surprisingly interesting post. reference 2581,2026-06-03 14:40:31.816535,False,GENUINE,1,0,0,0.661661894767308,0,8,15,1,1,0,0,1.5,0,1.5,False,False
C2582,U967,I159,i think this could be improved. reference 2582,2026-06-26 21:51:31.816551,False,GENUINE,1,0,0,0.6122441426822248,0,6,15,1,1,0,0,1.5,0,1.5,False,False
C2583,U108,I468,i learned something useful about sports here. reference 2583,2026-07-09 17:35:31.816565,False,GENUINE,1,0,0,0.7313413266953137,20,7,15,1,1,0,0,4.5,0,4.5,False,False
C2584,U394,I499,i think this could be improved. reference 2584,2026-07-06 09:43:31.816580,False,GENUINE,1,0,0,0.6122441426822248,0,6,15,1,1,0,0,1.5,0,1.5,False,False
C2585,U192,I35,i have a different opinion about fashion. reference 2585,2026-07-27 21:17:31.816594,False,GENUINE,1,0,0,0.743131701331639,20,7,15,1,1,0,0,4.5,0,4.5,False,False
C2586,U702,I157,thanks for sharing this information. reference 2586,2026-07-29 10:13:31.816608,False,GENUINE,1,0,0,0.6789809902112234,0,6,15,1,1,0,0,1.5,0,1.5,False,False
C2587,U472,I448,best deal available now,2026-07-20 22:27:31.816622,False,GENUINE,52,50,15,1.0000000000000002,50,6,15,51,2,50,0,37.0,8,45.0,False,False
C2588,U16,I457,i think this could be improved. reference 2588,2026-07-18 13:14:31.816635,False,GENUINE,1,0,0,0.6122441426822248,0,6,15,1,1,0,0,1.5,0,1.5,False,False
C2589,U29,I243,this was a surprisingly interesting post. reference 2589,2026-07-10 19:07:31.816649,False,GENUINE,1,0,0,0.661661894767308,0,7,15,1,1,0,0,1.5,0,1.5,False,False
C2590,U271,I60,this was a surprisingly interesting post. reference 2590,2026-07-10 13:43:31.816662,False,GENUINE,1,0,0,0.661661894767308,0,5,15,1,1,0,0,1.5,0,1.5,False,False
C2591,U441,I108,i learned something useful about fashion here. reference 2591,2026-06-27 02:55:31.816675,False,GENUINE,1,0,0,0.7359149406482672,20,4,0,1,1,0,0,3.0,0,3.0,False,False
C2592,U441,I260,this is worth discussing further. reference 2592,2026-07-02 15:51:31.816689,False,GENUINE,1,0,0,0.6148367794734235,0,4,0,1,1,0,0,0.0,0,0.0,False,False
C2593,U279,I189,you must buy this product,2026-06-13 19:02:31.816702,False,GENUINE,51,50,0,1.0,50,3,0,51,1,40,0,29.0,8,37.0,False,False
C2594,U391,I374,best deal available now,2026-07-16 01:43:31.816715,False,GENUINE,52,50,15,1.0000000000000002,50,6,15,51,1,40,0,33.5,8,41.5,False,False
C2595,U193,I206,i learned something useful about movies here. reference 2595,2026-06-24 15:08:31.816729,False,GENUINE,1,0,0,0.736990248638929,20,7,15,1,1,0,0,4.5,0,4.5,False,False
C2596,U622,I252,this was a surprisingly interesting post. reference 2596,2026-08-01 21:27:31.816743,False,GENUINE,1,0,0,0.661661894767308,0,4,0,1,1,0,0,0.0,0,0.0,False,False
C2597,U697,I25,the explanation of gaming was very clear. reference 2597,2026-07-22 20:18:31.816758,False,GENUINE,1,0,0,0.7624332223630372,20,5,15,1,1,0,0,4.5,0,4.5,False,False
C2598,U117,I27,i really enjoyed this post about movies. reference 2598,2026-07-21 02:23:31.816772,False,GENUINE,1,0,0,0.7772370080656208,20,6,15,1,1,0,0,4.5,0,4.5,False,False
C2599,U67,I272,this is an interesting perspective on movies. reference 2599,2026-07-22 05:15:31.816787,False,GENUINE,1,0,0,0.7382784747058516,20,4,0,1,1,0,0,3.0,0,3.0,False,False
C2600,U903,I317,the information presented here is useful. reference 2600,2026-07-07 01:42:31.816800,False,GENUINE,1,0,0,0.6598076480079632,0,9,15,1,1,0,0,1.5,0,1.5,False,False
C2601,U103,I112,i have a different opinion about food. reference 2601,2026-07-24 02:36:31.816814,False,GENUINE,1,0,0,0.7486181787682682,20,7,15,1,1,0,0,4.5,0,4.5,False,False
C2602,U175,I402,the explanation of music was very clear. reference 2602,2026-06-14 20:39:31.816828,False,GENUINE,1,0,0,0.7662202675963719,20,3,0,1,1,0,0,3.0,0,3.0,False,False
C2603,U294,I361,thanks for sharing this information. reference 2603,2026-06-06 00:47:31.816841,False,GENUINE,1,0,0,0.6789809902112234,0,4,0,1,1,0,0,0.0,0,0.0,False,False
C2604,U3,I48,i learned something useful about food here. reference 2604,2026-06-05 13:24:31.816855,False,GENUINE,1,0,0,0.7306701420191416,20,6,15,1,1,0,0,4.5,0,4.5,False,False
C2605,U312,I436,the explanation of education was very clear. reference 2605,2026-07-14 03:36:31.816869,False,GENUINE,1,0,0,0.7597438970269877,20,4,0,1,1,0,0,3.0,0,3.0,False,False
C2606,U697,I35,i learned something useful about education here. reference 2606,2026-07-12 14:22:31.816883,False,GENUINE,1,0,0,0.7309832397113513,20,5,15,1,1,0,0,4.5,0,4.5,False,False
C2607,U921,I233,amazing product buy now,2026-06-12 05:00:31.816896,False,GENUINE,69,50,15,1.0,50,7,15,68,1,40,0,33.5,8,41.5,False,False
C2608,U485,I219,this is worth discussing further. reference 2608,2026-07-26 16:11:31.816909,False,GENUINE,1,0,0,0.6148367794734235,0,4,0,1,1,0,0,0.0,0,0.0,False,False
C2609,U997,I135,amazing product buy now,2026-06-11 00:14:31.816923,False,GENUINE,69,50,15,1.0,50,6,15,68,1,40,0,33.5,8,41.5,False,False
C2610,U778,I436,i really enjoyed this post about music. reference 2610,2026-06-29 16:53:31.816936,False,GENUINE,1,0,0,0.7730771289001258,20,7,15,1,1,0,0,4.5,0,4.5,False,False
C2611,U597,I0,i think this could be improved. reference 2611,2026-06-29 19:38:31.816952,False,GENUINE,1,0,0,0.6122441426822248,0,4,0,1,1,0,0,0.0,0,0.0,False,False
C2612,U112,I23,best product ever buy now,2026-07-22 01:16:31.816968,False,GENUINE,75,50,15,1.0,50,5,15,72,1,40,0,33.5,8,41.5,False,False
C2613,U537,I257,i learned something useful about education here. reference 2613,2026-08-03 06:50:31.816982,False,GENUINE,1,0,0,0.7309832397113513,20,6,15,1,1,0,0,4.5,0,4.5,False,False
C2614,U102,I155,this is worth discussing further. reference 2614,2026-06-28 04:06:31.816996,False,GENUINE,1,0,0,0.6148367794734235,0,9,15,1,1,0,0,1.5,0,1.5,False,False
C2615,U752,I179,this was a surprisingly interesting post. reference 2615,2026-06-12 10:44:31.817009,False,GENUINE,1,0,0,0.661661894767308,0,6,15,1,1,0,0,1.5,0,1.5,False,False
C2616,U498,I129,this is worth discussing further. reference 2616,2026-08-10 14:21:31.817023,False,GENUINE,1,0,0,0.6148367794734235,0,5,15,1,1,0,0,1.5,0,1.5,False,False
C2617,U847,I180,i have a different opinion about music. reference 2617,2026-06-25 16:45:31.817036,False,GENUINE,1,0,0,0.7390063271830457,20,6,15,1,1,0,0,4.5,0,4.5,False,False
C2618,U793,I339,thanks for sharing this information. reference 2618,2026-08-01 13:39:31.817050,False,GENUINE,1,0,0,0.6789809902112234,0,5,15,1,1,0,0,1.5,0,1.5,False,False
C2619,U276,I351,this was a surprisingly interesting post. reference 2619,2026-07-29 08:53:31.817063,False,GENUINE,1,0,0,0.661661894767308,0,5,15,1,1,0,0,1.5,0,1.5,False,False
C2620,U420,I438,the explanation of education was very clear. reference 2620,2026-07-10 07:40:31.817079,False,GENUINE,1,0,0,0.7597438970269877,20,5,15,1,1,0,0,4.5,0,4.5,False,False
C2621,U509,I15,the explanation of fashion was very clear. reference 2621,2026-07-10 02:49:31.817093,False,GENUINE,1,0,0,0.7656396726651926,20,10,40,1,1,0,0,7.0,0,7.0,False,False
C2622,U211,I381,this is an interesting perspective on sports. reference 2622,2026-07-08 10:42:31.817107,False,GENUINE,1,0,0,0.7310531063082972,20,4,0,1,1,0,0,3.0,0,3.0,False,False
C2623,U654,I55,i have a different opinion about food. reference 2623,2026-06-24 20:56:31.817122,False,GENUINE,1,0,0,0.7486181787682682,20,6,15,1,1,0,0,4.5,0,4.5,False,False
C2624,U179,I135,this is worth discussing further. reference 2624,2026-07-07 05:46:31.817136,False,GENUINE,1,0,0,0.6148367794734235,0,5,15,1,1,0,0,1.5,0,1.5,False,False
C2625,U603,I213,i have a different opinion about movies. reference 2625,2026-07-25 11:40:31.817152,False,GENUINE,1,0,0,0.7480534672157237,20,6,15,1,1,0,0,4.5,0,4.5,False,False
C2626,U42,I296,this was a surprisingly interesting post. reference 2626,2026-06-17 02:14:31.817165,False,GENUINE,1,0,0,0.661661894767308,0,9,15,1,1,0,0,1.5,0,1.5,False,False
C2627,U125,I221,i think this could be improved. reference 2627,2026-07-16 13:56:31.817179,False,GENUINE,1,0,0,0.6122441426822248,0,7,15,1,1,0,0,1.5,0,1.5,False,False
C2628,U112,I496,i really enjoyed this post about food. reference 2628,2026-06-10 10:25:31.817192,False,GENUINE,1,0,0,0.7772683096754256,20,5,15,1,1,0,0,4.5,0,4.5,False,False
C2629,U150,I238,i learned something useful about movies here. reference 2629,2026-06-16 01:16:31.817207,False,GENUINE,1,0,0,0.736990248638929,20,3,0,1,1,0,0,3.0,0,3.0,False,False
C2630,U571,I340,i learned something useful about movies here. reference 2630,2026-06-28 12:29:31.817220,False,GENUINE,1,0,0,0.736990248638929,20,3,0,1,1,0,0,3.0,0,3.0,False,False
C2631,U295,I33,i have a different opinion about technology. reference 2631,2026-07-01 12:30:31.817234,False,GENUINE,1,0,0,0.7418462529021725,20,7,15,1,1,0,0,4.5,0,4.5,False,False
C2632,U41,I111,i have a different opinion about gaming. reference 2632,2026-08-06 23:46:31.817248,False,GENUINE,1,0,0,0.7402988924808734,20,5,15,1,1,0,0,4.5,0,4.5,False,False
C2633,U500,I156,i really enjoyed this post about fashion. reference 2633,2026-07-10 18:28:31.817261,False,GENUINE,1,0,0,0.7749801373506703,20,3,0,1,1,0,0,3.0,0,3.0,False,False
C2634,U676,I427,i really enjoyed this post about technology. reference 2634,2026-07-19 22:43:31.817275,False,GENUINE,1,0,0,0.7763004403525399,20,6,15,1,1,0,0,4.5,0,4.5,False,False
C2635,U141,I179,i have a different opinion about education. reference 2635,2026-08-04 00:06:31.817289,False,GENUINE,1,0,0,0.7416504318441781,20,5,15,1,1,0,0,4.5,0,4.5,False,False
C2636,U730,I138,i learned something useful about sports here. reference 2636,2026-07-03 12:09:31.817303,False,GENUINE,1,0,0,0.7313413266953137,20,4,0,1,1,0,0,3.0,0,3.0,False,False
C2637,U599,I470,this is an interesting perspective on movies. reference 2637,2026-07-22 21:52:31.817317,False,GENUINE,1,0,0,0.7382784747058516,20,6,15,1,1,0,0,4.5,0,4.5,False,False
C2638,U32,I242,this is worth discussing further. reference 2638,2026-06-11 01:46:31.817330,False,GENUINE,1,0,0,0.6148367794734235,0,1,0,1,1,0,0,0.0,0,0.0,False,False
C2639,U652,I197,the information presented here is useful. reference 2639,2026-08-02 21:35:31.817343,False,GENUINE,1,0,0,0.6598076480079632,0,7,15,1,1,0,0,1.5,0,1.5,False,False
C2640,U914,I133,i have a different opinion about movies. reference 2640,2026-07-27 01:23:31.817357,False,GENUINE,1,0,0,0.7480534672157237,20,4,0,1,1,0,0,3.0,0,3.0,False,False
C2641,U577,I223,this is worth discussing further. reference 2641,2026-06-10 15:14:31.817373,False,GENUINE,1,0,0,0.6148367794734235,0,4,0,1,1,0,0,0.0,0,0.0,False,False
C2642,U786,I102,i have a different opinion about education. reference 2642,2026-07-04 22:32:31.817387,False,GENUINE,1,0,0,0.7416504318441781,20,8,15,1,1,0,0,4.5,0,4.5,False,False
C2643,U567,I102,i have a different opinion about movies. reference 2643,2026-08-04 00:59:31.817402,False,GENUINE,1,0,0,0.7480534672157237,20,5,15,1,1,0,0,4.5,0,4.5,False,False
C2644,U304,I290,i think this could be improved. reference 2644,2026-07-08 14:40:31.817416,False,GENUINE,1,0,0,0.6122441426822248,0,4,0,1,1,0,0,0.0,0,0.0,False,False
C2645,U801,I448,the information presented here is useful. reference 2645,2026-07-30 05:11:31.817429,False,GENUINE,1,0,0,0.6598076480079632,0,7,15,1,1,0,0,1.5,0,1.5,False,False
C2646,U539,I226,this is worth discussing further. reference 2646,2026-06-30 04:47:31.817444,False,GENUINE,1,0,0,0.6148367794734235,0,4,0,1,1,0,0,0.0,0,0.0,False,False
C2647,U362,I218,i think this could be improved. reference 2647,2026-07-05 11:45:31.817458,False,GENUINE,1,0,0,0.6122441426822248,0,5,15,1,1,0,0,1.5,0,1.5,False,False
C2648,U472,I14,this was a surprisingly interesting post. reference 2648,2026-07-04 12:28:31.817471,False,GENUINE,1,0,0,0.661661894767308,0,6,15,1,1,0,0,1.5,0,1.5,False,False
C2649,U90,I386,i learned something useful about movies here. reference 2649,2026-07-20 17:54:31.817485,False,GENUINE,1,0,0,0.736990248638929,20,4,0,1,1,0,0,3.0,0,3.0,False,False
C2650,U594,I262,this is worth discussing further. reference 2650,2026-06-16 07:37:31.817499,False,GENUINE,1,0,0,0.6148367794734235,0,7,15,1,1,0,0,1.5,0,1.5,False,False
C2651,U556,I460,thanks for sharing this information. reference 2651,2026-08-06 23:01:31.817512,False,GENUINE,1,0,0,0.6789809902112234,0,1,0,1,1,0,0,0.0,0,0.0,False,False
C2652,U773,I432,the information presented here is useful. reference 2652,2026-07-06 03:44:31.817525,False,GENUINE,1,0,0,0.6598076480079632,0,5,15,1,1,0,0,1.5,0,1.5,False,False
C2653,U686,I3,i think this could be improved. reference 2653,2026-08-06 21:15:31.817541,False,GENUINE,1,0,0,0.6122441426822248,0,6,15,1,1,0,0,1.5,0,1.5,False,False
C2654,U86,I28,i have a different opinion about gaming. reference 2654,2026-07-12 11:28:31.817556,False,GENUINE,1,0,0,0.7402988924808734,20,13,40,1,1,0,0,7.0,0,7.0,False,False
C2655,U608,I49,i have a different opinion about food. reference 2655,2026-06-09 23:21:31.817569,False,GENUINE,1,0,0,0.7486181787682682,20,2,0,1,1,0,0,3.0,0,3.0,False,False
C2656,U339,I442,i really enjoyed this post about gaming. reference 2656,2026-06-05 10:23:31.817583,False,GENUINE,1,0,0,0.7760108921746118,20,8,15,1,1,0,0,4.5,0,4.5,False,False
C2657,U598,I345,this was a surprisingly interesting post. reference 2657,2026-06-08 23:22:31.817596,False,GENUINE,1,0,0,0.661661894767308,0,7,15,1,1,0,0,1.5,0,1.5,False,False
C2658,U209,I264,i learned something useful about food here. reference 2658,2026-07-30 10:00:31.817610,False,GENUINE,1,0,0,0.7306701420191416,20,5,15,1,1,0,0,4.5,0,4.5,False,False
C2659,U228,I458,i learned something useful about movies here. reference 2659,2026-06-15 15:34:31.817624,False,GENUINE,1,0,0,0.736990248638929,20,6,15,1,1,0,0,4.5,0,4.5,False,False
C2660,U318,I368,i really enjoyed this post about food. reference 2660,2026-06-16 01:34:31.817638,False,GENUINE,1,0,0,0.7772683096754256,20,4,0,1,1,0,0,3.0,0,3.0,False,False
C2661,U704,I102,this is an interesting perspective on gaming. reference 2661,2026-08-11 19:54:31.817651,False,GENUINE,1,0,0,0.7326877208387651,20,9,15,1,1,0,0,4.5,0,4.5,False,False
C2662,U156,I309,this is an interesting perspective on gaming. reference 2662,2026-07-20 07:57:31.817667,False,GENUINE,1,0,0,0.7326877208387651,20,9,15,1,1,0,0,4.5,0,4.5,False,False
C2663,U209,I53,i think this could be improved. reference 2663,2026-06-26 19:02:31.817681,False,GENUINE,1,0,0,0.6122441426822248,0,5,15,1,1,0,0,1.5,0,1.5,False,False
C2664,U454,I200,i really enjoyed this post about gaming. reference 2664,2026-07-15 12:47:31.817695,False,GENUINE,1,0,0,0.7760108921746118,20,9,15,1,1,0,0,4.5,0,4.5,False,False
C2665,U414,I247,i learned something useful about sports here. reference 2665,2026-06-23 01:39:31.817709,False,GENUINE,1,0,0,0.7313413266953137,20,5,15,1,1,0,0,4.5,0,4.5,False,False
C2666,U266,I420,thanks for sharing this information. reference 2666,2026-06-12 22:12:31.817723,False,GENUINE,1,0,0,0.6789809902112234,0,4,0,1,1,0,0,0.0,0,0.0,False,False
C2667,U631,I63,the information presented here is useful. reference 2667,2026-06-14 22:11:31.817742,False,GENUINE,1,0,0,0.6598076480079632,0,4,0,1,1,0,0,0.0,0,0.0,False,False
C2668,U22,I94,i learned something useful about sports here. reference 2668,2026-07-27 06:55:31.817757,False,GENUINE,1,0,0,0.7313413266953137,20,6,15,1,1,0,0,4.5,0,4.5,False,False
C2669,U523,I379,this was a surprisingly interesting post. reference 2669,2026-06-29 11:47:31.817772,False,GENUINE,1,0,0,0.661661894767308,0,8,15,1,1,0,0,1.5,0,1.5,False,False
C2670,U491,I148,i have a different opinion about gaming. reference 2670,2026-06-19 05:48:31.817786,False,GENUINE,1,0,0,0.7402988924808734,20,2,0,1,1,0,0,3.0,0,3.0,False,False
C2671,U504,I188,i have a different opinion about fashion. reference 2671,2026-07-07 17:08:31.817802,False,GENUINE,1,0,0,0.743131701331639,20,4,0,1,1,0,0,3.0,0,3.0,False,False
C2672,U714,I409,this is an interesting perspective on food. reference 2672,2026-07-04 21:15:31.817816,False,GENUINE,1,0,0,0.7354630625709739,20,6,15,1,1,0,0,4.5,0,4.5,False,False
C2673,U833,I217,i learned something useful about technology here. reference 2673,2026-07-17 00:50:31.817829,False,GENUINE,1,0,0,0.7297924268271072,20,8,15,1,1,0,0,4.5,0,4.5,False,False
C2674,U468,I61,thanks for sharing this information. reference 2674,2026-08-10 19:54:31.817843,False,GENUINE,1,0,0,0.6789809902112234,0,6,15,1,1,0,0,1.5,0,1.5,False,False
C2675,U594,I155,i really enjoyed this post about food. reference 2675,2026-08-07 22:51:31.817859,False,GENUINE,1,0,0,0.7772683096754256,20,7,15,1,1,0,0,4.5,0,4.5,False,False
C2676,U929,I464,this is worth discussing further. reference 2676,2026-06-30 05:49:31.817873,False,GENUINE,1,0,0,0.6148367794734235,0,6,15,1,1,0,0,1.5,0,1.5,False,False
C2677,U903,I370,i think this could be improved. reference 2677,2026-08-11 00:03:31.817886,False,GENUINE,1,0,0,0.6122441426822248,0,9,15,1,1,0,0,1.5,0,1.5,False,False
C2678,U162,I183,this was a surprisingly interesting post. reference 2678,2026-07-11 01:56:31.817900,False,GENUINE,1,0,0,0.661661894767308,0,8,15,1,1,0,0,1.5,0,1.5,False,False
C2679,U924,I361,this was a surprisingly interesting post. reference 2679,2026-06-26 03:13:31.817913,False,GENUINE,1,0,0,0.661661894767308,0,4,0,1,1,0,0,0.0,0,0.0,False,False
C2680,U64,I89,you must buy this product,2026-06-13 03:04:31.817927,False,GENUINE,51,50,0,1.0,50,7,15,51,1,40,0,30.5,8,38.5,False,False
C2681,U736,I288,this is worth discussing further. reference 2681,2026-06-07 17:38:31.817941,False,GENUINE,1,0,0,0.6148367794734235,0,2,0,1,1,0,0,0.0,0,0.0,False,False
C2682,U879,I402,i learned something useful about movies here. reference 2682,2026-06-03 10:02:31.817956,False,GENUINE,1,0,0,0.736990248638929,20,8,15,1,1,0,0,4.5,0,4.5,False,False
C2683,U674,I155,the information presented here is useful. reference 2683,2026-06-14 02:39:31.817970,False,GENUINE,1,0,0,0.6598076480079632,0,5,15,1,1,0,0,1.5,0,1.5,False,False
C2684,U495,I192,i think this could be improved. reference 2684,2026-06-20 09:36:31.817986,False,GENUINE,1,0,0,0.6122441426822248,0,3,0,1,1,0,0,0.0,0,0.0,False,False
C2685,U725,I474,this was a surprisingly interesting post. reference 2685,2026-07-31 01:15:31.818000,False,GENUINE,1,0,0,0.661661894767308,0,4,0,1,1,0,0,0.0,0,0.0,False,False
C2686,U714,I165,thanks for sharing this information. reference 2686,2026-06-19 15:08:31.818013,False,GENUINE,1,0,0,0.6789809902112234,0,6,15,1,1,0,0,1.5,0,1.5,False,False
C2687,U632,I424,the information presented here is useful. reference 2687,2026-08-07 17:50:31.818026,False,GENUINE,1,0,0,0.6598076480079632,0,3,0,1,1,0,0,0.0,0,0.0,False,False
C2688,U30,I436,i learned something useful about sports here. reference 2688,2026-08-03 01:05:31.818040,False,GENUINE,1,0,0,0.7313413266953137,20,6,15,1,1,0,0,4.5,0,4.5,False,False
C2689,U681,I54,i think this could be improved. reference 2689,2026-07-13 08:56:31.818053,False,GENUINE,1,0,0,0.6122441426822248,0,7,15,1,1,0,0,1.5,0,1.5,False,False
C2690,U778,I118,the explanation of gaming was very clear. reference 2690,2026-07-26 23:52:31.818068,False,GENUINE,1,0,0,0.7624332223630372,20,7,15,1,1,0,0,4.5,0,4.5,False,False
C2691,U745,I456,the information presented here is useful. reference 2691,2026-08-05 23:21:31.818081,False,GENUINE,1,0,0,0.6598076480079632,0,6,15,1,1,0,0,1.5,0,1.5,False,False
C2692,U63,I313,i have a different opinion about gaming. reference 2692,2026-08-08 10:14:31.818095,False,GENUINE,1,0,0,0.7402988924808734,20,4,0,1,1,0,0,3.0,0,3.0,False,False
C2693,U867,I383,this is an interesting perspective on food. reference 2693,2026-07-08 18:15:31.818109,False,GENUINE,1,0,0,0.7354630625709739,20,6,15,1,1,0,0,4.5,0,4.5,False,False
C2694,U621,I323,i really enjoyed this post about education. reference 2694,2026-07-13 14:24:31.818123,False,GENUINE,1,0,0,0.7751482859536991,20,9,15,1,1,0,0,4.5,0,4.5,False,False
C2695,U110,I357,i think this could be improved. reference 2695,2026-07-30 16:58:31.818137,False,GENUINE,1,0,0,0.6122441426822248,0,6,15,1,1,0,0,1.5,0,1.5,False,False
C2696,U652,I293,this was a surprisingly interesting post. reference 2696,2026-07-25 00:25:31.818150,False,GENUINE,1,0,0,0.661661894767308,0,7,15,1,1,0,0,1.5,0,1.5,False,False
C2697,U258,I251,i think this could be improved. reference 2697,2026-07-22 07:22:31.818166,False,GENUINE,1,0,0,0.6122441426822248,0,6,15,1,1,0,0,1.5,0,1.5,False,False
C2698,U206,I379,i learned something useful about fashion here. reference 2698,2026-06-24 17:23:31.818180,False,GENUINE,1,0,0,0.7359149406482672,20,5,15,1,1,0,0,4.5,0,4.5,False,False
C2699,U828,I404,the explanation of gaming was very clear. reference 2699,2026-06-19 20:20:31.818194,False,GENUINE,1,0,0,0.7624332223630372,20,4,0,1,1,0,0,3.0,0,3.0,False,False
C2700,U24,I322,this is an interesting perspective on sports. reference 2700,2026-08-08 19:22:31.818208,False,GENUINE,1,0,0,0.7310531063082972,20,5,15,1,1,0,0,4.5,0,4.5,False,False
C2701,U829,I71,i really enjoyed this post about music. reference 2701,2026-07-05 16:38:31.818222,False,GENUINE,1,0,0,0.7730771289001258,20,2,0,1,1,0,0,3.0,0,3.0,False,False
C2702,U581,I279,this is an interesting perspective on music. reference 2702,2026-07-25 23:10:31.818236,False,GENUINE,1,0,0,0.7318423269582839,20,7,15,1,1,0,0,4.5,0,4.5,False,False
C2703,U698,I373,this was a surprisingly interesting post. reference 2703,2026-07-25 12:37:31.818250,False,GENUINE,1,0,0,0.661661894767308,0,4,0,1,1,0,0,0.0,0,0.0,False,False
C2704,U852,I106,thanks for sharing this information. reference 2704,2026-06-27 05:51:31.818264,False,GENUINE,1,0,0,0.6789809902112234,0,5,15,1,1,0,0,1.5,0,1.5,False,False
C2705,U360,I182,thanks for sharing this information. reference 2705,2026-08-05 17:16:31.818277,False,GENUINE,1,0,0,0.6789809902112234,0,4,0,1,1,0,0,0.0,0,0.0,False,False
C2706,U449,I218,the information presented here is useful. reference 2706,2026-06-21 00:39:31.818293,False,GENUINE,1,0,0,0.6598076480079632,0,3,0,1,1,0,0,0.0,0,0.0,False,False
C2707,U80,I65,this was a surprisingly interesting post. reference 2707,2026-08-02 15:32:31.818306,False,GENUINE,1,0,0,0.661661894767308,0,11,40,1,1,0,0,4.0,0,4.0,False,False
C2708,U120,I255,the explanation of technology was very clear. reference 2708,2026-06-18 02:00:31.818320,False,GENUINE,1,0,0,0.768821942884016,20,5,15,1,1,0,0,4.5,0,4.5,False,False
C2709,U553,I169,best deal available now,2026-07-16 10:41:31.818334,False,GENUINE,52,50,15,1.0000000000000002,50,3,0,51,1,40,0,32.0,8,40.0,False,False
C2710,U944,I424,i have a different opinion about fashion. reference 2710,2026-06-08 19:39:31.818350,False,GENUINE,1,0,0,0.743131701331639,20,4,0,1,1,0,0,3.0,0,3.0,False,False
C2711,U366,I34,i learned something useful about movies here. reference 2711,2026-08-05 00:37:31.818365,False,GENUINE,1,0,0,0.736990248638929,20,3,0,1,1,0,0,3.0,0,3.0,False,False
C2712,U547,I294,the explanation of movies was very clear. reference 2712,2026-07-06 11:52:31.818379,False,GENUINE,1,0,0,0.769149315988473,20,6,15,1,1,0,0,4.5,0,4.5,False,False
C2713,U633,I29,this was a surprisingly interesting post. reference 2713,2026-06-19 18:53:31.818393,False,GENUINE,1,0,0,0.661661894767308,0,5,15,1,1,0,0,1.5,0,1.5,False,False
C2714,U482,I479,i have a different opinion about technology. reference 2714,2026-08-08 21:28:31.818408,False,GENUINE,1,0,0,0.7418462529021725,20,5,15,1,1,0,0,4.5,0,4.5,False,False
C2715,U346,I215,i have a different opinion about sports. reference 2715,2026-07-12 09:10:31.818422,False,GENUINE,1,0,0,0.7435975412000372,20,4,0,1,1,0,0,3.0,0,3.0,False,False
C2716,U909,I391,i really enjoyed this post about education. reference 2716,2026-07-24 05:49:31.818436,False,GENUINE,1,0,0,0.7751482859536991,20,5,15,1,1,0,0,4.5,0,4.5,False,False
C2717,U560,I418,this is worth discussing further. reference 2717,2026-07-21 09:16:31.818450,False,GENUINE,1,0,0,0.6148367794734235,0,5,15,1,1,0,0,1.5,0,1.5,False,False
C2718,U505,I37,thanks for sharing this information. reference 2718,2026-07-11 08:28:31.818464,False,GENUINE,1,0,0,0.6789809902112234,0,5,15,1,1,0,0,1.5,0,1.5,False,False
C2719,U72,I486,the information presented here is useful. reference 2719,2026-06-22 15:22:31.818477,False,GENUINE,1,0,0,0.6598076480079632,0,4,0,1,1,0,0,0.0,0,0.0,False,False
C2720,U490,I484,i learned something useful about movies here. reference 2720,2026-06-06 23:50:31.818491,False,GENUINE,1,0,0,0.736990248638929,20,4,0,1,1,0,0,3.0,0,3.0,False,False
C2721,U42,I53,i really enjoyed this post about food. reference 2721,2026-06-26 15:06:31.818505,False,GENUINE,1,0,0,0.7772683096754256,20,9,15,1,1,0,0,4.5,0,4.5,False,False
C2722,U230,I332,this is worth discussing further. reference 2722,2026-06-29 08:39:31.818519,False,GENUINE,1,0,0,0.6148367794734235,0,5,15,1,1,0,0,1.5,0,1.5,False,False
C2723,U310,I400,the explanation of technology was very clear. reference 2723,2026-08-06 19:03:31.818533,False,GENUINE,1,0,0,0.768821942884016,20,11,40,1,1,0,0,7.0,0,7.0,False,False
C2724,U26,I396,the explanation of fashion was very clear. reference 2724,2026-06-10 18:15:31.818547,False,GENUINE,1,0,0,0.7656396726651926,20,5,15,1,1,0,0,4.5,0,4.5,False,False
C2725,U700,I377,i really enjoyed this post about food. reference 2725,2026-08-07 02:04:31.818561,False,GENUINE,1,0,0,0.7772683096754256,20,6,15,1,1,0,0,4.5,0,4.5,False,False
C2726,U396,I392,the information presented here is useful. reference 2726,2026-07-03 17:14:31.818576,False,GENUINE,1,0,0,0.6598076480079632,0,5,15,1,1,0,0,1.5,0,1.5,False,False
C2727,U718,I218,this was a surprisingly interesting post. reference 2727,2026-08-01 07:29:31.818590,False,GENUINE,1,0,0,0.661661894767308,0,8,15,1,1,0,0,1.5,0,1.5,False,False
C2728,U448,I60,thanks for sharing this information. reference 2728,2026-07-10 19:29:31.818604,False,GENUINE,1,0,0,0.6789809902112234,0,8,15,1,1,0,0,1.5,0,1.5,False,False
C2729,U198,I175,the information presented here is useful. reference 2729,2026-07-21 03:41:31.818617,False,GENUINE,1,0,0,0.6598076480079632,0,6,15,1,1,0,0,1.5,0,1.5,False,False
C2730,U237,I47,thanks for sharing this information. reference 2730,2026-07-22 03:49:31.818631,False,GENUINE,1,0,0,0.6789809902112234,0,5,15,1,1,0,0,1.5,0,1.5,False,False
C2731,U422,I382,this was a surprisingly interesting post. reference 2731,2026-08-10 11:26:31.818644,False,GENUINE,1,0,0,0.661661894767308,0,10,40,1,1,0,0,4.0,0,4.0,False,False
C2732,U894,I368,the explanation of technology was very clear. reference 2732,2026-08-04 20:37:31.818659,False,GENUINE,1,0,0,0.768821942884016,20,6,15,1,1,0,0,4.5,0,4.5,False,False
C2733,U58,I64,i think this could be improved. reference 2733,2026-07-17 02:38:31.818672,False,GENUINE,1,0,0,0.6122441426822248,0,8,15,1,1,0,0,1.5,0,1.5,False,False
C2734,U44,I160,this is worth discussing further. reference 2734,2026-07-16 05:11:31.818686,False,GENUINE,1,0,0,0.6148367794734235,0,4,0,1,1,0,0,0.0,0,0.0,False,False
C2735,U132,I310,the information presented here is useful. reference 2735,2026-06-12 23:28:31.818699,False,GENUINE,1,0,0,0.6598076480079632,0,1,0,1,1,0,0,0.0,0,0.0,False,False
C2736,U125,I336,this is an interesting perspective on gaming. reference 2736,2026-07-20 01:24:31.818713,False,GENUINE,1,0,0,0.7326877208387651,20,7,15,1,1,0,0,4.5,0,4.5,False,False
C2737,U960,I278,the explanation of food was very clear. reference 2737,2026-06-08 15:19:31.818727,False,GENUINE,1,0,0,0.7668898154278452,20,2,0,1,1,0,0,3.0,0,3.0,False,False
C2738,U752,I416,this is worth discussing further. reference 2738,2026-07-02 11:03:31.818747,False,GENUINE,1,0,0,0.6148367794734235,0,6,15,1,1,0,0,1.5,0,1.5,False,False
C2739,U730,I154,this is worth discussing further. reference 2739,2026-06-13 08:04:31.818761,False,GENUINE,1,0,0,0.6148367794734235,0,4,0,1,1,0,0,0.0,0,0.0,False,False
C2740,U250,I269,i have a different opinion about music. reference 2740,2026-06-09 07:40:31.818775,False,GENUINE,1,0,0,0.7390063271830457,20,5,15,1,1,0,0,4.5,0,4.5,False,False
C2741,U554,I257,this is an interesting perspective on technology. reference 2741,2026-07-11 06:44:31.818789,False,GENUINE,1,0,0,0.7340859795799535,20,6,15,1,1,0,0,4.5,0,4.5,False,False
C2742,U922,I210,thanks for sharing this information. reference 2742,2026-07-17 08:47:31.818802,False,GENUINE,1,0,0,0.6789809902112234,0,5,15,1,1,0,0,1.5,0,1.5,False,False
C2743,U80,I104,i learned something useful about sports here. reference 2743,2026-07-15 01:50:31.818816,False,GENUINE,1,0,0,0.7313413266953137,20,11,40,1,1,0,0,7.0,0,7.0,False,False
C2744,U759,I283,the explanation of gaming was very clear. reference 2744,2026-07-08 22:29:31.818830,False,GENUINE,1,0,0,0.7624332223630372,20,8,15,1,1,0,0,4.5,0,4.5,False,False
C2745,U742,I417,i learned something useful about technology here. reference 2745,2026-07-21 10:23:31.818843,False,GENUINE,1,0,0,0.7297924268271072,20,8,15,1,1,0,0,4.5,0,4.5,False,False
C2746,U715,I225,click here for amazing deals,2026-08-09 21:28:31.818857,False,GENUINE,53,50,30,1.0000000000000002,50,7,15,53,1,40,0,36.5,8,44.5,False,False
C2747,U510,I428,i really enjoyed this post about movies. reference 2747,2026-07-17 12:45:31.818871,False,GENUINE,1,0,0,0.7772370080656208,20,2,0,1,1,0,0,3.0,0,3.0,False,False
C2748,U602,I196,i have a different opinion about gaming. reference 2748,2026-08-06 09:31:31.818886,False,GENUINE,1,0,0,0.7402988924808734,20,10,40,1,1,0,0,7.0,0,7.0,False,False
C2749,U285,I437,thanks for sharing this information. reference 2749,2026-06-27 17:51:31.818900,False,GENUINE,1,0,0,0.6789809902112234,0,6,15,1,1,0,0,1.5,0,1.5,False,False
C2750,U19,I441,the information presented here is useful. reference 2750,2026-07-02 10:00:31.818913,False,GENUINE,1,0,0,0.6598076480079632,0,7,15,1,1,0,0,1.5,0,1.5,False,False
C2751,U45,I114,the explanation of fashion was very clear. reference 2751,2026-07-26 01:05:31.818926,False,GENUINE,1,0,0,0.7656396726651926,20,5,15,1,1,0,0,4.5,0,4.5,False,False
C2752,U675,I220,this was a surprisingly interesting post. reference 2752,2026-06-12 17:18:31.818940,False,GENUINE,1,0,0,0.661661894767308,0,5,15,1,1,0,0,1.5,0,1.5,False,False
C2753,U312,I16,this was a surprisingly interesting post. reference 2753,2026-08-09 11:12:31.818953,False,GENUINE,1,0,0,0.661661894767308,0,4,0,1,1,0,0,0.0,0,0.0,False,False
C2754,U931,I311,this is worth discussing further. reference 2754,2026-06-04 06:20:31.818969,False,GENUINE,1,0,0,0.6148367794734235,0,3,0,1,1,0,0,0.0,0,0.0,False,False
C2755,U605,I110,i really enjoyed this post about music. reference 2755,2026-06-06 18:28:31.818983,False,GENUINE,1,0,0,0.7730771289001258,20,4,0,1,1,0,0,3.0,0,3.0,False,False
C2756,U849,I318,the information presented here is useful. reference 2756,2026-06-06 10:57:31.818996,False,GENUINE,1,0,0,0.6598076480079632,0,4,0,1,1,0,0,0.0,0,0.0,False,False
C2757,U950,I376,best product ever buy now,2026-06-22 11:17:31.819010,False,GENUINE,75,50,15,1.0,50,3,0,72,1,40,0,32.0,8,40.0,False,False
C2758,U397,I487,i have a different opinion about food. reference 2758,2026-07-04 06:06:31.819024,False,GENUINE,1,0,0,0.7486181787682682,20,8,15,1,1,0,0,4.5,0,4.5,False,False
C2759,U586,I368,thanks for sharing this information. reference 2759,2026-07-28 00:53:31.819038,False,GENUINE,1,0,0,0.6789809902112234,0,8,15,1,1,0,0,1.5,0,1.5,False,False
C2760,U983,I195,i think this could be improved. reference 2760,2026-07-30 19:54:31.819051,False,GENUINE,1,0,0,0.6122441426822248,0,7,15,1,1,0,0,1.5,0,1.5,False,False
C2761,U929,I7,i have a different opinion about movies. reference 2761,2026-08-04 01:07:31.819065,False,GENUINE,1,0,0,0.7480534672157237,20,6,15,1,1,0,0,4.5,0,4.5,False,False
C2762,U255,I394,this was a surprisingly interesting post. reference 2762,2026-07-12 02:37:31.819078,False,GENUINE,1,0,0,0.661661894767308,0,4,0,1,1,0,0,0.0,0,0.0,False,False
C2763,U584,I202,you must buy this product,2026-07-09 21:50:31.819092,False,GENUINE,51,50,0,1.0,50,7,15,51,2,50,0,34.0,8,42.0,False,False
C2764,U275,I337,i have a different opinion about technology. reference 2764,2026-07-31 12:25:31.819106,False,GENUINE,1,0,0,0.7418462529021725,20,4,0,1,1,0,0,3.0,0,3.0,False,False
C2765,U314,I291,this is worth discussing further. reference 2765,2026-07-26 13:25:31.819120,False,GENUINE,1,0,0,0.6148367794734235,0,7,15,1,1,0,0,1.5,0,1.5,False,False
C2766,U454,I236,i really enjoyed this post about food. reference 2766,2026-08-11 00:36:31.819137,False,GENUINE,1,0,0,0.7772683096754256,20,9,15,1,1,0,0,4.5,0,4.5,False,False
C2767,U477,I18,this is worth discussing further. reference 2767,2026-06-14 18:48:31.819151,False,GENUINE,1,0,0,0.6148367794734235,0,6,15,1,1,0,0,1.5,0,1.5,False,False
C2768,U864,I284,the explanation of fashion was very clear. reference 2768,2026-08-06 12:00:31.819165,False,GENUINE,1,0,0,0.7656396726651926,20,4,0,1,1,0,0,3.0,0,3.0,False,False
C2769,U593,I480,this is an interesting perspective on movies. reference 2769,2026-06-17 06:42:31.819179,False,GENUINE,1,0,0,0.7382784747058516,20,5,15,1,1,0,0,4.5,0,4.5,False,False
C2770,U564,I160,this is an interesting perspective on food. reference 2770,2026-07-26 11:11:31.819194,False,GENUINE,1,0,0,0.7354630625709739,20,7,15,1,1,0,0,4.5,0,4.5,False,False
C2771,U264,I392,best product ever buy now,2026-06-27 18:47:31.819208,False,GENUINE,75,50,15,1.0,50,2,0,72,1,40,0,32.0,8,40.0,False,False
C2772,U130,I116,i learned something useful about education here. reference 2772,2026-06-16 14:03:31.819222,False,GENUINE,1,0,0,0.7309832397113513,20,5,15,1,1,0,0,4.5,0,4.5,False,False
C2773,U671,I25,the explanation of gaming was very clear. reference 2773,2026-06-13 05:59:31.819236,False,GENUINE,1,0,0,0.7624332223630372,20,4,0,1,1,0,0,3.0,0,3.0,False,False
C2774,U39,I94,this was a surprisingly interesting post. reference 2774,2026-06-20 01:11:31.819249,False,GENUINE,1,0,0,0.661661894767308,0,6,15,1,1,0,0,1.5,0,1.5,False,False
C2775,U324,I21,this was a surprisingly interesting post. reference 2775,2026-08-06 07:08:31.819263,False,GENUINE,1,0,0,0.661661894767308,0,5,15,1,1,0,0,1.5,0,1.5,False,False
C2776,U974,I365,i have a different opinion about movies. reference 2776,2026-08-10 08:46:31.819276,False,GENUINE,1,0,0,0.7480534672157237,20,5,15,1,1,0,0,4.5,0,4.5,False,False
C2777,U694,I432,this is worth discussing further. reference 2777,2026-06-18 03:59:31.819290,False,GENUINE,1,0,0,0.6148367794734235,0,7,15,1,1,0,0,1.5,0,1.5,False,False
C2778,U240,I179,this is an interesting perspective on gaming. reference 2778,2026-06-26 16:33:31.819304,False,GENUINE,1,0,0,0.7326877208387651,20,5,15,1,1,0,0,4.5,0,4.5,False,False
C2779,U454,I57,this was a surprisingly interesting post. reference 2779,2026-07-21 06:17:31.819317,False,GENUINE,1,0,0,0.661661894767308,0,9,15,1,1,0,0,1.5,0,1.5,False,False
C2780,U208,I166,thanks for sharing this information. reference 2780,2026-06-10 20:16:31.819333,False,GENUINE,1,0,0,0.6789809902112234,0,3,0,1,1,0,0,0.0,0,0.0,False,False
C2781,U425,I36,the information presented here is useful. reference 2781,2026-07-29 19:25:31.819348,False,GENUINE,1,0,0,0.6598076480079632,0,6,15,1,1,0,0,1.5,0,1.5,False,False
C2782,U25,I167,thanks for sharing this information. reference 2782,2026-07-12 08:11:31.819363,False,GENUINE,1,0,0,0.6789809902112234,0,6,15,1,1,0,0,1.5,0,1.5,False,False
C2783,U998,I208,this is worth discussing further. reference 2783,2026-07-16 01:35:31.819377,False,GENUINE,1,0,0,0.6148367794734235,0,5,15,1,1,0,0,1.5,0,1.5,False,False
C2784,U636,I15,i learned something useful about music here. reference 2784,2026-08-07 18:31:31.819390,False,GENUINE,1,0,0,0.7357637114536311,20,4,0,1,1,0,0,3.0,0,3.0,False,False
C2785,U297,I476,i learned something useful about technology here. reference 2785,2026-08-02 03:54:31.819404,False,GENUINE,1,0,0,0.7297924268271072,20,6,15,1,1,0,0,4.5,0,4.5,False,False
C2786,U623,I108,this is worth discussing further. reference 2786,2026-07-23 06:35:31.819419,False,GENUINE,1,0,0,0.6148367794734235,0,11,40,1,1,0,0,4.0,0,4.0,False,False
C2787,U387,I425,thanks for sharing this information. reference 2787,2026-06-13 00:36:31.819432,False,GENUINE,1,0,0,0.6789809902112234,0,5,15,1,1,0,0,1.5,0,1.5,False,False
C2788,U743,I76,the information presented here is useful. reference 2788,2026-08-04 19:05:31.819446,False,GENUINE,1,0,0,0.6598076480079632,0,5,15,1,1,0,0,1.5,0,1.5,False,False
C2789,U981,I478,the explanation of fashion was very clear. reference 2789,2026-06-23 18:35:31.819460,False,GENUINE,1,0,0,0.7656396726651926,20,5,15,1,1,0,0,4.5,0,4.5,False,False
C2790,U750,I62,this was a surprisingly interesting post. reference 2790,2026-06-17 13:44:31.819474,False,GENUINE,1,0,0,0.661661894767308,0,8,15,1,1,0,0,1.5,0,1.5,False,False
C2791,U483,I337,this was a surprisingly interesting post. reference 2791,2026-07-13 23:37:31.819487,False,GENUINE,1,0,0,0.661661894767308,0,5,15,1,1,0,0,1.5,0,1.5,False,False
C2792,U275,I99,thanks for sharing this information. reference 2792,2026-07-20 14:53:31.819501,False,GENUINE,1,0,0,0.6789809902112234,0,4,0,1,1,0,0,0.0,0,0.0,False,False
C2793,U336,I124,this is worth discussing further. reference 2793,2026-07-01 08:13:31.819514,False,GENUINE,1,0,0,0.6148367794734235,0,2,0,1,1,0,0,0.0,0,0.0,False,False
C2794,U322,I383,this is an interesting perspective on sports. reference 2794,2026-07-02 07:50:31.819528,False,GENUINE,1,0,0,0.7310531063082972,20,8,15,1,1,0,0,4.5,0,4.5,False,False
C2795,U750,I490,the information presented here is useful. reference 2795,2026-08-04 13:53:31.819544,False,GENUINE,1,0,0,0.6598076480079632,0,8,15,1,1,0,0,1.5,0,1.5,False,False
C2796,U360,I286,this was a surprisingly interesting post. reference 2796,2026-07-09 20:32:31.819557,False,GENUINE,1,0,0,0.661661894767308,0,4,0,1,1,0,0,0.0,0,0.0,False,False
C2797,U669,I247,thanks for sharing this information. reference 2797,2026-07-01 23:11:31.819570,False,GENUINE,1,0,0,0.6789809902112234,0,6,15,1,1,0,0,1.5,0,1.5,False,False
C2798,U805,I214,the explanation of education was very clear. reference 2798,2026-06-23 21:32:31.819585,False,GENUINE,1,0,0,0.7597438970269877,20,8,15,1,1,0,0,4.5,0,4.5,False,False
C2799,U250,I397,the information presented here is useful. reference 2799,2026-06-17 17:08:31.819599,False,GENUINE,1,0,0,0.6598076480079632,0,5,15,1,1,0,0,1.5,0,1.5,False,False
C2800,U266,I407,i have a different opinion about music. reference 2800,2026-07-14 06:22:31.819612,False,GENUINE,1,0,0,0.7390063271830457,20,4,0,1,1,0,0,3.0,0,3.0,False,False
C2801,U120,I41,the information presented here is useful. reference 2801,2026-06-26 20:44:31.819626,False,GENUINE,1,0,0,0.6598076480079632,0,5,15,1,1,0,0,1.5,0,1.5,False,False
C2802,U151,I294,i think this could be improved. reference 2802,2026-07-26 10:57:31.819643,False,GENUINE,1,0,0,0.6122441426822248,0,8,15,1,1,0,0,1.5,0,1.5,False,False
C2803,U897,I232,i really enjoyed this post about education. reference 2803,2026-07-31 20:06:31.819657,False,GENUINE,1,0,0,0.7751482859536991,20,5,15,1,1,0,0,4.5,0,4.5,False,False
C2804,U428,I134,this was a surprisingly interesting post. reference 2804,2026-06-05 05:11:31.819670,False,GENUINE,1,0,0,0.661661894767308,0,2,0,1,1,0,0,0.0,0,0.0,False,False
C2805,U103,I64,i really enjoyed this post about fashion. reference 2805,2026-08-09 15:42:31.819684,False,GENUINE,1,0,0,0.7749801373506703,20,7,15,1,1,0,0,4.5,0,4.5,False,False
C2806,U706,I85,this is an interesting perspective on education. reference 2806,2026-06-25 23:10:31.819698,False,GENUINE,1,0,0,0.7306942280328299,20,5,15,1,1,0,0,4.5,0,4.5,False,False
C2807,U887,I271,the information presented here is useful. reference 2807,2026-07-10 13:51:31.819711,False,GENUINE,1,0,0,0.6598076480079632,0,5,15,1,1,0,0,1.5,0,1.5,False,False
C2808,U130,I205,this was a surprisingly interesting post. reference 2808,2026-06-08 00:37:31.819725,False,GENUINE,1,0,0,0.661661894767308,0,5,15,1,1,0,0,1.5,0,1.5,False,False
C2809,U300,I60,this is worth discussing further. reference 2809,2026-06-18 23:52:31.819743,False,GENUINE,1,0,0,0.6148367794734235,0,6,15,1,1,0,0,1.5,0,1.5,False,False
C2810,U623,I315,this is an interesting perspective on technology. reference 2810,2026-08-05 02:52:31.819757,False,GENUINE,1,0,0,0.7340859795799535,20,11,40,1,1,0,0,7.0,0,7.0,False,False
C2811,U756,I471,you must buy this product,2026-07-05 14:46:31.819773,False,GENUINE,51,50,0,1.0,50,6,15,51,1,40,0,30.5,8,38.5,False,False
C2812,U645,I230,the information presented here is useful. reference 2812,2026-06-03 20:50:31.819789,False,GENUINE,1,0,0,0.6598076480079632,0,4,0,1,1,0,0,0.0,0,0.0,False,False
C2813,U488,I358,i learned something useful about education here. reference 2813,2026-06-06 23:01:31.819803,False,GENUINE,1,0,0,0.7309832397113513,20,4,0,1,1,0,0,3.0,0,3.0,False,False
C2814,U784,I301,this was a surprisingly interesting post. reference 2814,2026-07-28 23:22:31.819817,False,GENUINE,1,0,0,0.661661894767308,0,9,15,1,1,0,0,1.5,0,1.5,False,False
C2815,U917,I3,thanks for sharing this information. reference 2815,2026-06-11 11:48:31.819830,False,GENUINE,1,0,0,0.6789809902112234,0,5,15,1,1,0,0,1.5,0,1.5,False,False
C2816,U664,I232,the information presented here is useful. reference 2816,2026-07-02 21:52:31.819844,False,GENUINE,1,0,0,0.6598076480079632,0,5,15,1,1,0,0,1.5,0,1.5,False,False
C2817,U180,I260,thanks for sharing this information. reference 2817,2026-08-03 00:18:31.819857,False,GENUINE,1,0,0,0.6789809902112234,0,6,15,1,1,0,0,1.5,0,1.5,False,False
C2818,U237,I152,i think this could be improved. reference 2818,2026-08-07 10:29:31.819871,False,GENUINE,1,0,0,0.6122441426822248,0,5,15,1,1,0,0,1.5,0,1.5,False,False
C2819,U577,I265,this was a surprisingly interesting post. reference 2819,2026-07-16 20:49:31.819884,False,GENUINE,1,0,0,0.661661894767308,0,4,0,1,1,0,0,0.0,0,0.0,False,False
C2820,U330,I196,this is worth discussing further. reference 2820,2026-07-29 19:09:31.819898,False,GENUINE,1,0,0,0.6148367794734235,0,4,0,1,1,0,0,0.0,0,0.0,False,False
C2821,U42,I416,the explanation of fashion was very clear. reference 2821,2026-06-25 13:54:31.819912,False,GENUINE,1,0,0,0.7656396726651926,20,9,15,1,1,0,0,4.5,0,4.5,False,False
C2822,U284,I294,thanks for sharing this information. reference 2822,2026-08-02 18:41:31.819925,False,GENUINE,1,0,0,0.6789809902112234,0,5,15,1,1,0,0,1.5,0,1.5,False,False
C2823,U355,I145,i learned something useful about gaming here. reference 2823,2026-07-16 15:10:31.819941,False,GENUINE,1,0,0,0.7317498758867395,20,2,0,1,1,0,0,3.0,0,3.0,False,False
C2824,U280,I249,i think this could be improved. reference 2824,2026-07-27 10:05:31.819954,False,GENUINE,1,0,0,0.6122441426822248,0,6,15,1,1,0,0,1.5,0,1.5,False,False
C2825,U295,I480,i have a different opinion about gaming. reference 2825,2026-07-21 17:52:31.819968,False,GENUINE,1,0,0,0.7402988924808734,20,7,15,1,1,0,0,4.5,0,4.5,False,False
C2826,U682,I142,i learned something useful about gaming here. reference 2826,2026-07-24 00:07:31.819982,False,GENUINE,1,0,0,0.7317498758867395,20,6,15,1,1,0,0,4.5,0,4.5,False,False
C2827,U565,I429,this was a surprisingly interesting post. reference 2827,2026-08-09 08:14:31.819996,False,GENUINE,1,0,0,0.661661894767308,0,5,15,1,1,0,0,1.5,0,1.5,False,False
C2828,U612,I462,i really enjoyed this post about sports. reference 2828,2026-08-11 05:25:31.820010,False,GENUINE,1,0,0,0.7746110731001136,20,9,15,1,1,0,0,4.5,0,4.5,False,False
C2829,U500,I426,i really enjoyed this post about music. reference 2829,2026-07-24 08:12:31.820023,False,GENUINE,1,0,0,0.7730771289001258,20,3,0,1,1,0,0,3.0,0,3.0,False,False
C2830,U288,I482,thanks for sharing this information. reference 2830,2026-06-06 04:42:31.820037,False,GENUINE,1,0,0,0.6789809902112234,0,5,15,1,1,0,0,1.5,0,1.5,False,False
C2831,U455,I266,i learned something useful about food here. reference 2831,2026-07-15 23:40:31.820051,False,GENUINE,1,0,0,0.7306701420191416,20,6,15,1,1,0,0,4.5,0,4.5,False,False
C2832,U940,I56,this is an interesting perspective on food. reference 2832,2026-07-03 11:41:31.820065,False,GENUINE,1,0,0,0.7354630625709739,20,6,15,1,1,0,0,4.5,0,4.5,False,False
C2833,U505,I134,this is an interesting perspective on education. reference 2833,2026-07-17 11:41:31.820080,False,GENUINE,1,0,0,0.7306942280328299,20,5,15,1,1,0,0,4.5,0,4.5,False,False
C2834,U749,I342,this is an interesting perspective on music. reference 2834,2026-08-04 15:15:31.820094,False,GENUINE,1,0,0,0.7318423269582839,20,4,0,1,1,0,0,3.0,0,3.0,False,False
C2835,U762,I406,the explanation of gaming was very clear. reference 2835,2026-07-13 01:23:31.820108,False,GENUINE,1,0,0,0.7624332223630372,20,6,15,1,1,0,0,4.5,0,4.5,False,False
C2836,U160,I259,this is worth discussing further. reference 2836,2026-07-01 13:22:31.820121,False,GENUINE,1,0,0,0.6148367794734235,0,6,15,1,1,0,0,1.5,0,1.5,False,False
C2837,U645,I376,this was a surprisingly interesting post. reference 2837,2026-06-08 11:56:31.820135,False,GENUINE,1,0,0,0.661661894767308,0,4,0,1,1,0,0,0.0,0,0.0,False,False
C2838,U704,I161,i really enjoyed this post about fashion. reference 2838,2026-08-02 16:34:31.820149,False,GENUINE,1,0,0,0.7749801373506703,20,9,15,1,1,0,0,4.5,0,4.5,False,False
C2839,U954,I361,this was a surprisingly interesting post. reference 2839,2026-07-25 12:03:31.820166,False,GENUINE,1,0,0,0.661661894767308,0,5,15,1,1,0,0,1.5,0,1.5,False,False
C2840,U861,I285,i really enjoyed this post about technology. reference 2840,2026-07-20 10:46:31.820180,False,GENUINE,1,0,0,0.7763004403525399,20,4,0,1,1,0,0,3.0,0,3.0,False,False
C2841,U140,I300,the information presented here is useful. reference 2841,2026-06-11 13:01:31.820193,False,GENUINE,1,0,0,0.6598076480079632,0,6,15,1,1,0,0,1.5,0,1.5,False,False
C2842,U200,I135,i think this could be improved. reference 2842,2026-06-28 17:33:31.820207,False,GENUINE,1,0,0,0.6122441426822248,0,3,0,1,1,0,0,0.0,0,0.0,False,False
C2843,U833,I95,i think this could be improved. reference 2843,2026-07-30 20:04:31.820220,False,GENUINE,1,0,0,0.6122441426822248,0,8,15,1,1,0,0,1.5,0,1.5,False,False
C2844,U203,I325,this is an interesting perspective on sports. reference 2844,2026-08-11 12:59:31.820234,False,GENUINE,1,0,0,0.7310531063082972,20,6,15,1,1,0,0,4.5,0,4.5,False,False
C2845,U444,I34,click here for amazing deals,2026-06-08 04:59:31.820248,False,GENUINE,53,50,30,1.0000000000000002,50,7,15,53,1,40,0,36.5,8,44.5,False,False
C2846,U182,I19,the information presented here is useful. reference 2846,2026-06-17 00:02:31.820261,False,GENUINE,1,0,0,0.6598076480079632,0,6,15,1,1,0,0,1.5,0,1.5,False,False
C2847,U389,I323,thanks for sharing this information. reference 2847,2026-06-14 18:52:31.820275,False,GENUINE,1,0,0,0.6789809902112234,0,7,15,1,1,0,0,1.5,0,1.5,False,False
C2848,U357,I247,this was a surprisingly interesting post. reference 2848,2026-07-15 12:24:31.820288,False,GENUINE,1,0,0,0.661661894767308,0,5,15,1,1,0,0,1.5,0,1.5,False,False
C2849,U860,I118,best product ever buy now,2026-06-28 05:04:31.820302,False,GENUINE,75,50,15,1.0,50,4,0,72,1,40,0,32.0,8,40.0,False,False
C2850,U815,I322,the information presented here is useful. reference 2850,2026-06-23 08:52:31.820315,False,GENUINE,1,0,0,0.6598076480079632,0,4,0,1,1,0,0,0.0,0,0.0,False,False
C2851,U492,I151,this is an interesting perspective on sports. reference 2851,2026-08-01 14:30:31.820330,False,GENUINE,1,0,0,0.7310531063082972,20,7,15,1,1,0,0,4.5,0,4.5,False,False
C2852,U986,I451,i have a different opinion about fashion. reference 2852,2026-07-02 03:07:31.820344,False,GENUINE,1,0,0,0.743131701331639,20,6,15,1,1,0,0,4.5,0,4.5,False,False
C2853,U333,I126,the information presented here is useful. reference 2853,2026-07-26 19:04:31.820357,False,GENUINE,1,0,0,0.6598076480079632,0,5,15,1,1,0,0,1.5,0,1.5,False,False
C2854,U475,I489,this is worth discussing further. reference 2854,2026-07-11 04:41:31.820371,False,GENUINE,1,0,0,0.6148367794734235,0,5,15,1,1,0,0,1.5,0,1.5,False,False
C2855,U713,I203,i learned something useful about food here. reference 2855,2026-06-28 07:21:31.820385,False,GENUINE,1,0,0,0.7306701420191416,20,9,15,1,1,0,0,4.5,0,4.5,False,False
C2856,U615,I210,the explanation of technology was very clear. reference 2856,2026-07-16 08:26:31.820399,False,GENUINE,1,0,0,0.768821942884016,20,5,15,1,1,0,0,4.5,0,4.5,False,False
C2857,U274,I259,the explanation of fashion was very clear. reference 2857,2026-08-06 07:09:31.820412,False,GENUINE,1,0,0,0.7656396726651926,20,10,40,1,1,0,0,7.0,0,7.0,False,False
C2858,U575,I395,this is worth discussing further. reference 2858,2026-06-11 09:26:31.820426,False,GENUINE,1,0,0,0.6148367794734235,0,6,15,1,1,0,0,1.5,0,1.5,False,False
C2859,U325,I210,the information presented here is useful. reference 2859,2026-07-04 03:07:31.820439,False,GENUINE,1,0,0,0.6598076480079632,0,4,0,1,1,0,0,0.0,0,0.0,False,False
C2860,U408,I133,i really enjoyed this post about movies. reference 2860,2026-06-28 15:22:31.820453,False,GENUINE,1,0,0,0.7772370080656208,20,6,15,1,1,0,0,4.5,0,4.5,False,False
C2861,U745,I112,best deal available now,2026-07-14 18:01:31.820466,False,GENUINE,52,50,15,1.0000000000000002,50,6,15,51,1,40,0,33.5,8,41.5,False,False
C2862,U458,I209,the explanation of education was very clear. reference 2862,2026-06-24 01:02:31.820480,False,GENUINE,1,0,0,0.7597438970269877,20,5,15,1,1,0,0,4.5,0,4.5,False,False
C2863,U211,I399,this is an interesting perspective on music. reference 2863,2026-07-31 01:42:31.820494,False,GENUINE,1,0,0,0.7318423269582839,20,4,0,1,1,0,0,3.0,0,3.0,False,False
C2864,U619,I276,i really enjoyed this post about technology. reference 2864,2026-07-08 07:38:31.820507,False,GENUINE,1,0,0,0.7763004403525399,20,9,15,1,1,0,0,4.5,0,4.5,False,False
C2865,U92,I399,this is worth discussing further. reference 2865,2026-06-22 12:10:31.820523,False,GENUINE,1,0,0,0.6148367794734235,0,6,15,1,1,0,0,1.5,0,1.5,False,False
C2866,U64,I335,i really enjoyed this post about sports. reference 2866,2026-07-09 20:58:31.820537,False,GENUINE,1,0,0,0.7746110731001136,20,7,15,1,1,0,0,4.5,0,4.5,False,False
C2867,U548,I101,i learned something useful about fashion here. reference 2867,2026-06-07 11:52:31.820551,False,GENUINE,1,0,0,0.7359149406482672,20,11,40,1,1,0,0,7.0,0,7.0,False,False
C2868,U234,I148,i learned something useful about music here. reference 2868,2026-07-12 15:48:31.820568,False,GENUINE,1,0,0,0.7357637114536311,20,3,0,1,1,0,0,3.0,0,3.0,False,False
C2869,U423,I110,this was a surprisingly interesting post. reference 2869,2026-08-10 14:11:31.820581,False,GENUINE,1,0,0,0.661661894767308,0,8,15,1,1,0,0,1.5,0,1.5,False,False
C2870,U36,I432,i really enjoyed this post about gaming. reference 2870,2026-06-27 04:26:31.820595,False,GENUINE,1,0,0,0.7760108921746118,20,10,40,1,1,0,0,7.0,0,7.0,False,False
C2871,U407,I405,i think this could be improved. reference 2871,2026-07-28 13:07:31.820609,False,GENUINE,1,0,0,0.6122441426822248,0,8,15,1,1,0,0,1.5,0,1.5,False,False
C2872,U289,I154,i really enjoyed this post about sports. reference 2872,2026-06-15 08:19:31.820623,False,GENUINE,1,0,0,0.7746110731001136,20,4,0,1,1,0,0,3.0,0,3.0,False,False
C2873,U790,I352,the explanation of technology was very clear. reference 2873,2026-07-18 00:47:31.820636,False,GENUINE,1,0,0,0.768821942884016,20,10,40,1,1,0,0,7.0,0,7.0,False,False
C2874,U767,I63,the information presented here is useful. reference 2874,2026-07-30 21:23:31.820650,False,GENUINE,1,0,0,0.6598076480079632,0,10,40,1,1,0,0,4.0,0,4.0,False,False
C2875,U837,I379,i have a different opinion about gaming. reference 2875,2026-08-04 20:48:31.820666,False,GENUINE,1,0,0,0.7402988924808734,20,4,0,1,1,0,0,3.0,0,3.0,False,False
C2876,U75,I258,the information presented here is useful. reference 2876,2026-08-10 11:46:31.820682,False,GENUINE,1,0,0,0.6598076480079632,0,9,15,1,1,0,0,1.5,0,1.5,False,False
C2877,U760,I425,this was a surprisingly interesting post. reference 2877,2026-08-03 03:14:31.820696,False,GENUINE,1,0,0,0.661661894767308,0,13,40,1,1,0,0,4.0,0,4.0,False,False
C2878,U753,I301,the information presented here is useful. reference 2878,2026-06-17 16:49:31.820710,False,GENUINE,1,0,0,0.6598076480079632,0,4,0,1,1,0,0,0.0,0,0.0,False,False
C2879,U879,I159,this is worth discussing further. reference 2879,2026-06-26 04:43:31.820725,False,GENUINE,1,0,0,0.6148367794734235,0,8,15,1,1,0,0,1.5,0,1.5,False,False
C2880,U761,I11,i have a different opinion about movies. reference 2880,2026-07-01 01:29:31.820740,False,GENUINE,1,0,0,0.7480534672157237,20,6,15,1,1,0,0,4.5,0,4.5,False,False
C2881,U207,I51,i have a different opinion about food. reference 2881,2026-07-08 13:19:31.820754,False,GENUINE,1,0,0,0.7486181787682682,20,7,15,1,1,0,0,4.5,0,4.5,False,False
C2882,U298,I219,this is an interesting perspective on sports. reference 2882,2026-07-05 20:20:31.820768,False,GENUINE,1,0,0,0.7310531063082972,20,8,15,1,1,0,0,4.5,0,4.5,False,False
C2883,U574,I142,i think this could be improved. reference 2883,2026-06-08 20:31:31.820781,False,GENUINE,1,0,0,0.6122441426822248,0,6,15,1,1,0,0,1.5,0,1.5,False,False
C2884,U546,I259,the explanation of fashion was very clear. reference 2884,2026-08-10 06:22:31.820795,False,GENUINE,1,0,0,0.7656396726651926,20,7,15,1,1,0,0,4.5,0,4.5,False,False
C2885,U508,I372,the information presented here is useful. reference 2885,2026-06-03 09:50:31.820809,False,GENUINE,1,0,0,0.6598076480079632,0,5,15,1,1,0,0,1.5,0,1.5,False,False
C2886,U559,I365,this is an interesting perspective on food. reference 2886,2026-07-22 10:30:31.820823,False,GENUINE,1,0,0,0.7354630625709739,20,8,15,1,1,0,0,4.5,0,4.5,False,False
C2887,U591,I499,amazing product buy now,2026-07-21 16:55:31.820836,False,GENUINE,69,50,15,1.0,50,7,15,68,1,40,0,33.5,8,41.5,False,False
C2888,U457,I189,i think this could be improved. reference 2888,2026-06-14 07:43:31.820850,False,GENUINE,1,0,0,0.6122441426822248,0,8,15,1,1,0,0,1.5,0,1.5,False,False
C2889,U318,I170,i learned something useful about gaming here. reference 2889,2026-08-03 03:36:31.820863,False,GENUINE,1,0,0,0.7317498758867395,20,4,0,1,1,0,0,3.0,0,3.0,False,False
C2890,U574,I86,the explanation of food was very clear. reference 2890,2026-06-18 19:39:31.820877,False,GENUINE,1,0,0,0.7668898154278452,20,6,15,1,1,0,0,4.5,0,4.5,False,False
C2891,U255,I42,i learned something useful about fashion here. reference 2891,2026-06-16 17:14:31.820891,False,GENUINE,1,0,0,0.7359149406482672,20,4,0,1,1,0,0,3.0,0,3.0,False,False
C2892,U858,I242,this was a surprisingly interesting post. reference 2892,2026-08-06 11:14:31.820906,False,GENUINE,1,0,0,0.661661894767308,0,1,0,1,1,0,0,0.0,0,0.0,False,False
C2893,U785,I252,i have a different opinion about fashion. reference 2893,2026-07-14 11:35:31.820919,False,GENUINE,1,0,0,0.743131701331639,20,3,0,1,1,0,0,3.0,0,3.0,False,False
C2894,U758,I172,i learned something useful about technology here. reference 2894,2026-07-13 13:46:31.820933,False,GENUINE,1,0,0,0.7297924268271072,20,5,15,1,1,0,0,4.5,0,4.5,False,False
C2895,U705,I289,thanks for sharing this information. reference 2895,2026-08-11 07:48:31.820947,False,GENUINE,1,0,0,0.6789809902112234,0,4,0,1,1,0,0,0.0,0,0.0,False,False
C2896,U274,I353,the explanation of food was very clear. reference 2896,2026-06-23 04:07:31.820963,False,GENUINE,1,0,0,0.7668898154278452,20,10,40,1,1,0,0,7.0,0,7.0,False,False
C2897,U511,I160,the explanation of music was very clear. reference 2897,2026-06-30 20:06:31.820979,False,GENUINE,1,0,0,0.7662202675963719,20,2,0,1,1,0,0,3.0,0,3.0,False,False
C2898,U725,I247,this was a surprisingly interesting post. reference 2898,2026-08-02 06:30:31.820993,False,GENUINE,1,0,0,0.661661894767308,0,4,0,1,1,0,0,0.0,0,0.0,False,False
C2899,U435,I358,this is an interesting perspective on fashion. reference 2899,2026-07-31 05:55:31.821008,False,GENUINE,1,0,0,0.7361608768424162,20,5,15,1,1,0,0,4.5,0,4.5,False,False
C2900,U775,I6,i learned something useful about gaming here. reference 2900,2026-07-27 16:55:31.821022,False,GENUINE,1,0,0,0.7317498758867395,20,7,15,1,1,0,0,4.5,0,4.5,False,False
C2901,U202,I224,this is an interesting perspective on technology. reference 2901,2026-07-04 05:20:31.821036,False,GENUINE,1,0,0,0.7340859795799535,20,6,15,1,1,0,0,4.5,0,4.5,False,False
C2902,U507,I87,this was a surprisingly interesting post. reference 2902,2026-07-30 02:26:31.821050,False,GENUINE,1,0,0,0.661661894767308,0,4,0,1,1,0,0,0.0,0,0.0,False,False
C2903,U766,I447,this was a surprisingly interesting post. reference 2903,2026-07-06 11:28:31.821063,False,GENUINE,1,0,0,0.661661894767308,0,5,15,1,1,0,0,1.5,0,1.5,False,False
C2904,U9,I151,this is an interesting perspective on fashion. reference 2904,2026-07-16 01:14:31.821077,False,GENUINE,1,0,0,0.7361608768424162,20,5,15,1,1,0,0,4.5,0,4.5,False,False
C2905,U737,I472,i have a different opinion about music. reference 2905,2026-06-16 20:16:31.821091,False,GENUINE,1,0,0,0.7390063271830457,20,6,15,1,1,0,0,4.5,0,4.5,False,False
C2906,U910,I190,thanks for sharing this information. reference 2906,2026-07-29 22:50:31.821105,False,GENUINE,1,0,0,0.6789809902112234,0,9,15,1,1,0,0,1.5,0,1.5,False,False
C2907,U297,I267,the explanation of music was very clear. reference 2907,2026-06-25 13:22:31.821119,False,GENUINE,1,0,0,0.7662202675963719,20,6,15,1,1,0,0,4.5,0,4.5,False,False
C2908,U619,I128,i think this could be improved. reference 2908,2026-07-23 15:52:31.821134,False,GENUINE,1,0,0,0.6122441426822248,0,9,15,1,1,0,0,1.5,0,1.5,False,False
C2909,U958,I169,i learned something useful about education here. reference 2909,2026-06-25 02:27:31.821149,False,GENUINE,1,0,0,0.7309832397113513,20,3,0,1,1,0,0,3.0,0,3.0,False,False
C2910,U732,I424,i think this could be improved. reference 2910,2026-07-13 21:58:31.821162,False,GENUINE,1,0,0,0.6122441426822248,0,9,15,1,1,0,0,1.5,0,1.5,False,False
C2911,U426,I91,i learned something useful about food here. reference 2911,2026-08-05 17:30:31.821176,False,GENUINE,1,0,0,0.7306701420191416,20,5,15,1,1,0,0,4.5,0,4.5,False,False
C2912,U5,I159,the explanation of sports was very clear. reference 2912,2026-06-09 15:49:31.821190,False,GENUINE,1,0,0,0.761366899611231,20,5,15,1,1,0,0,4.5,0,4.5,False,False
C2913,U96,I275,i think this could be improved. reference 2913,2026-08-03 05:04:31.821204,False,GENUINE,1,0,0,0.6122441426822248,0,4,0,1,1,0,0,0.0,0,0.0,False,False
C2914,U62,I319,i think this could be improved. reference 2914,2026-08-05 18:07:31.821217,False,GENUINE,1,0,0,0.6122441426822248,0,2,0,1,1,0,0,0.0,0,0.0,False,False
C2915,U358,I325,this was a surprisingly interesting post. reference 2915,2026-07-11 10:24:31.821231,False,GENUINE,1,0,0,0.661661894767308,0,2,0,1,1,0,0,0.0,0,0.0,False,False
C2916,U643,I7,the explanation of movies was very clear. reference 2916,2026-07-16 23:09:31.821244,False,GENUINE,1,0,0,0.769149315988473,20,3,0,1,1,0,0,3.0,0,3.0,False,False
C2917,U840,I466,the information presented here is useful. reference 2917,2026-07-09 09:39:31.821258,False,GENUINE,1,0,0,0.6598076480079632,0,3,0,1,1,0,0,0.0,0,0.0,False,False
C2918,U639,I392,the information presented here is useful. reference 2918,2026-06-21 18:12:31.821271,False,GENUINE,1,0,0,0.6598076480079632,0,4,0,1,1,0,0,0.0,0,0.0,False,False
C2919,U554,I328,the explanation of gaming was very clear. reference 2919,2026-06-18 21:20:31.821285,False,GENUINE,1,0,0,0.7624332223630372,20,6,15,1,1,0,0,4.5,0,4.5,False,False
C2920,U156,I52,the explanation of movies was very clear. reference 2920,2026-07-26 14:25:31.821299,False,GENUINE,1,0,0,0.769149315988473,20,9,15,1,1,0,0,4.5,0,4.5,False,False
C2921,U269,I288,this is an interesting perspective on education. reference 2921,2026-06-25 06:57:31.821312,False,GENUINE,1,0,0,0.7306942280328299,20,8,15,1,1,0,0,4.5,0,4.5,False,False
C2922,U601,I330,the information presented here is useful. reference 2922,2026-06-20 10:26:31.821326,False,GENUINE,1,0,0,0.6598076480079632,0,9,15,1,1,0,0,1.5,0,1.5,False,False
C2923,U790,I436,thanks for sharing this information. reference 2923,2026-06-05 17:24:31.821339,False,GENUINE,1,0,0,0.6789809902112234,0,10,40,1,1,0,0,4.0,0,4.0,False,False
C2924,U892,I315,i think this could be improved. reference 2924,2026-07-27 12:45:31.821355,False,GENUINE,1,0,0,0.6122441426822248,0,3,0,1,1,0,0,0.0,0,0.0,False,False
C2925,U2,I401,the explanation of sports was very clear. reference 2925,2026-08-03 12:27:31.821369,False,GENUINE,1,0,0,0.761366899611231,20,2,0,1,1,0,0,3.0,0,3.0,False,False
C2926,U951,I411,thanks for sharing this information. reference 2926,2026-07-29 18:52:31.821382,False,GENUINE,1,0,0,0.6789809902112234,0,6,15,1,1,0,0,1.5,0,1.5,False,False
C2927,U168,I243,i really enjoyed this post about music. reference 2927,2026-08-04 18:03:31.821396,False,GENUINE,1,0,0,0.7730771289001258,20,6,15,1,1,0,0,4.5,0,4.5,False,False
C2928,U917,I496,i really enjoyed this post about education. reference 2928,2026-06-26 06:08:31.821410,False,GENUINE,1,0,0,0.7751482859536991,20,5,15,1,1,0,0,4.5,0,4.5,False,False
C2929,U826,I225,the information presented here is useful. reference 2929,2026-07-13 01:26:31.821426,False,GENUINE,1,0,0,0.6598076480079632,0,4,0,1,1,0,0,0.0,0,0.0,False,False
C2930,U309,I256,this is an interesting perspective on sports. reference 2930,2026-06-21 20:19:31.821440,False,GENUINE,1,0,0,0.7310531063082972,20,8,15,1,1,0,0,4.5,0,4.5,False,False
C2931,U402,I193,the information presented here is useful. reference 2931,2026-07-10 12:29:31.821453,False,GENUINE,1,0,0,0.6598076480079632,0,7,15,1,1,0,0,1.5,0,1.5,False,False
C2932,U319,I429,this was a surprisingly interesting post. reference 2932,2026-06-24 12:40:31.821467,False,GENUINE,1,0,0,0.661661894767308,0,3,0,1,1,0,0,0.0,0,0.0,False,False
C2933,U80,I452,thanks for sharing this information. reference 2933,2026-07-27 17:05:31.821480,False,GENUINE,1,0,0,0.6789809902112234,0,11,40,1,1,0,0,4.0,0,4.0,False,False
C2934,U968,I324,i have a different opinion about education. reference 2934,2026-07-03 00:48:31.821494,False,GENUINE,1,0,0,0.7416504318441781,20,11,40,1,1,0,0,7.0,0,7.0,False,False
C2935,U573,I226,i think this could be improved. reference 2935,2026-06-10 10:46:31.821507,False,GENUINE,1,0,0,0.6122441426822248,0,10,40,1,1,0,0,4.0,0,4.0,False,False
C2936,U123,I285,the information presented here is useful. reference 2936,2026-07-26 15:06:31.821523,False,GENUINE,1,0,0,0.6598076480079632,0,4,0,1,1,0,0,0.0,0,0.0,False,False
C2937,U25,I443,this is worth discussing further. reference 2937,2026-06-11 20:15:31.821536,False,GENUINE,1,0,0,0.6148367794734235,0,6,15,1,1,0,0,1.5,0,1.5,False,False
C2938,U354,I372,the information presented here is useful. reference 2938,2026-06-16 16:10:31.821550,False,GENUINE,1,0,0,0.6598076480079632,0,3,0,1,1,0,0,0.0,0,0.0,False,False
C2939,U573,I448,the explanation of fashion was very clear. reference 2939,2026-07-08 18:31:31.821565,False,GENUINE,1,0,0,0.7656396726651926,20,10,40,1,1,0,0,7.0,0,7.0,False,False
C2940,U183,I477,i really enjoyed this post about sports. reference 2940,2026-07-02 14:14:31.821580,False,GENUINE,1,0,0,0.7746110731001136,20,6,15,1,1,0,0,4.5,0,4.5,False,False
C2941,U369,I269,the explanation of technology was very clear. reference 2941,2026-06-19 11:26:31.821593,False,GENUINE,1,0,0,0.768821942884016,20,6,15,1,1,0,0,4.5,0,4.5,False,False
C2942,U317,I168,this is an interesting perspective on music. reference 2942,2026-07-19 17:38:31.821607,False,GENUINE,1,0,0,0.7318423269582839,20,4,0,1,1,0,0,3.0,0,3.0,False,False
C2943,U514,I471,i really enjoyed this post about movies. reference 2943,2026-08-08 18:44:31.821621,False,GENUINE,1,0,0,0.7772370080656208,20,9,15,1,1,0,0,4.5,0,4.5,False,False
C2944,U662,I140,i think this could be improved. reference 2944,2026-08-07 20:02:31.821634,False,GENUINE,1,0,0,0.6122441426822248,0,4,0,1,1,0,0,0.0,0,0.0,False,False
C2945,U712,I360,i have a different opinion about movies. reference 2945,2026-06-15 22:03:31.821648,False,GENUINE,1,0,0,0.7480534672157237,20,9,15,1,1,0,0,4.5,0,4.5,False,False
C2946,U58,I497,thanks for sharing this information. reference 2946,2026-06-07 11:25:31.821661,False,GENUINE,1,0,0,0.6789809902112234,0,8,15,1,1,0,0,1.5,0,1.5,False,False
C2947,U949,I241,thanks for sharing this information. reference 2947,2026-06-28 04:54:31.821675,False,GENUINE,1,0,0,0.6789809902112234,0,4,0,1,1,0,0,0.0,0,0.0,False,False
C2948,U177,I242,this was a surprisingly interesting post. reference 2948,2026-08-08 08:32:31.821689,False,GENUINE,1,0,0,0.661661894767308,0,5,15,1,1,0,0,1.5,0,1.5,False,False
C2949,U378,I14,thanks for sharing this information. reference 2949,2026-06-08 14:29:31.821702,False,GENUINE,1,0,0,0.6789809902112234,0,8,15,1,1,0,0,1.5,0,1.5,False,False
C2950,U753,I90,i learned something useful about gaming here. reference 2950,2026-07-04 15:24:31.821716,False,GENUINE,1,0,0,0.7317498758867395,20,4,0,1,1,0,0,3.0,0,3.0,False,False
C2951,U854,I433,this is an interesting perspective on technology. reference 2951,2026-07-02 11:24:31.821730,False,GENUINE,1,0,0,0.7340859795799535,20,4,0,1,1,0,0,3.0,0,3.0,False,False
C2952,U652,I363,i really enjoyed this post about music. reference 2952,2026-08-02 23:02:31.821750,False,GENUINE,1,0,0,0.7730771289001258,20,7,15,1,1,0,0,4.5,0,4.5,False,False
C2953,U878,I278,i have a different opinion about sports. reference 2953,2026-06-13 04:53:31.821765,False,GENUINE,1,0,0,0.7435975412000372,20,2,0,1,1,0,0,3.0,0,3.0,False,False
C2954,U628,I377,i really enjoyed this post about music. reference 2954,2026-06-11 15:59:31.821779,False,GENUINE,1,0,0,0.7730771289001258,20,4,0,1,1,0,0,3.0,0,3.0,False,False
C2955,U868,I460,this is worth discussing further. reference 2955,2026-06-19 09:59:31.821792,False,GENUINE,1,0,0,0.6148367794734235,0,8,15,1,1,0,0,1.5,0,1.5,False,False
C2956,U739,I483,this is worth discussing further. reference 2956,2026-06-12 08:22:31.821806,False,GENUINE,1,0,0,0.6148367794734235,0,3,0,1,1,0,0,0.0,0,0.0,False,False
C2957,U412,I213,i really enjoyed this post about gaming. reference 2957,2026-07-25 06:29:31.821820,False,GENUINE,1,0,0,0.7760108921746118,20,2,0,1,1,0,0,3.0,0,3.0,False,False
C2958,U844,I389,this was a surprisingly interesting post. reference 2958,2026-06-06 11:33:31.821833,False,GENUINE,1,0,0,0.661661894767308,0,9,15,1,1,0,0,1.5,0,1.5,False,False
C2959,U273,I42,i learned something useful about food here. reference 2959,2026-08-07 18:45:31.821847,False,GENUINE,1,0,0,0.7306701420191416,20,13,40,1,1,0,0,7.0,0,7.0,False,False
C2960,U282,I311,the explanation of fashion was very clear. reference 2960,2026-07-27 02:07:31.821862,False,GENUINE,1,0,0,0.7656396726651926,20,7,15,1,1,0,0,4.5,0,4.5,False,False
C2961,U650,I382,i really enjoyed this post about movies. reference 2961,2026-07-17 21:56:31.821876,False,GENUINE,1,0,0,0.7772370080656208,20,8,15,1,1,0,0,4.5,0,4.5,False,False
C2962,U574,I179,this is an interesting perspective on music. reference 2962,2026-06-30 09:26:31.821890,False,GENUINE,1,0,0,0.7318423269582839,20,6,15,1,1,0,0,4.5,0,4.5,False,False
C2963,U581,I428,this is an interesting perspective on food. reference 2963,2026-08-03 19:23:31.821904,False,GENUINE,1,0,0,0.7354630625709739,20,7,15,1,1,0,0,4.5,0,4.5,False,False
C2964,U119,I470,this is an interesting perspective on education. reference 2964,2026-06-06 10:15:31.821921,False,GENUINE,1,0,0,0.7306942280328299,20,4,0,1,1,0,0,3.0,0,3.0,False,False
C2965,U88,I95,this is worth discussing further. reference 2965,2026-07-27 10:03:31.821935,False,GENUINE,1,0,0,0.6148367794734235,0,3,0,1,1,0,0,0.0,0,0.0,False,False
C2966,U807,I5,the explanation of music was very clear. reference 2966,2026-06-30 22:20:31.821949,False,GENUINE,1,0,0,0.7662202675963719,20,5,15,1,1,0,0,4.5,0,4.5,False,False
C2967,U83,I449,the explanation of movies was very clear. reference 2967,2026-06-10 20:33:31.821963,False,GENUINE,1,0,0,0.769149315988473,20,7,15,1,1,0,0,4.5,0,4.5,False,False
C2968,U657,I482,the explanation of education was very clear. reference 2968,2026-07-14 13:42:31.821977,False,GENUINE,1,0,0,0.7597438970269877,20,8,15,1,1,0,0,4.5,0,4.5,False,False
C2969,U54,I194,i have a different opinion about education. reference 2969,2026-07-17 10:34:31.821991,False,GENUINE,1,0,0,0.7416504318441781,20,7,15,1,1,0,0,4.5,0,4.5,False,False
C2970,U143,I289,this is worth discussing further. reference 2970,2026-07-22 06:21:31.822004,False,GENUINE,1,0,0,0.6148367794734235,0,4,0,1,1,0,0,0.0,0,0.0,False,False
C2971,U855,I96,i have a different opinion about sports. reference 2971,2026-07-26 17:04:31.822017,False,GENUINE,1,0,0,0.7435975412000372,20,5,15,1,1,0,0,4.5,0,4.5,False,False
C2972,U302,I132,i think this could be improved. reference 2972,2026-08-03 10:06:31.822031,False,GENUINE,1,0,0,0.6122441426822248,0,6,15,1,1,0,0,1.5,0,1.5,False,False
C2973,U501,I181,thanks for sharing this information. reference 2973,2026-07-11 01:53:31.822046,False,GENUINE,1,0,0,0.6789809902112234,0,2,0,1,1,0,0,0.0,0,0.0,False,False
C2974,U790,I328,this was a surprisingly interesting post. reference 2974,2026-06-15 09:29:31.822059,False,GENUINE,1,0,0,0.661661894767308,0,10,40,1,1,0,0,4.0,0,4.0,False,False
C2975,U703,I425,i learned something useful about technology here. reference 2975,2026-06-19 13:32:31.822073,False,GENUINE,1,0,0,0.7297924268271072,20,11,40,1,1,0,0,7.0,0,7.0,False,False
C2976,U394,I79,this was a surprisingly interesting post. reference 2976,2026-06-08 22:01:31.822087,False,GENUINE,1,0,0,0.661661894767308,0,6,15,1,1,0,0,1.5,0,1.5,False,False
C2977,U444,I177,i have a different opinion about sports. reference 2977,2026-07-11 16:28:31.822101,False,GENUINE,1,0,0,0.7435975412000372,20,7,15,1,1,0,0,4.5,0,4.5,False,False
C2978,U716,I495,this was a surprisingly interesting post. reference 2978,2026-08-03 13:43:31.822114,False,GENUINE,1,0,0,0.661661894767308,0,6,15,1,1,0,0,1.5,0,1.5,False,False
C2979,U525,I395,the explanation of movies was very clear. reference 2979,2026-07-22 23:11:31.822128,False,GENUINE,1,0,0,0.769149315988473,20,4,0,1,1,0,0,3.0,0,3.0,False,False
C2980,U478,I133,i really enjoyed this post about gaming. reference 2980,2026-06-25 18:30:31.822142,False,GENUINE,1,0,0,0.7760108921746118,20,7,15,1,1,0,0,4.5,0,4.5,False,False
C2981,U674,I323,i learned something useful about food here. reference 2981,2026-07-30 02:33:31.822158,False,GENUINE,1,0,0,0.7306701420191416,20,5,15,1,1,0,0,4.5,0,4.5,False,False
C2982,U478,I300,this is worth discussing further. reference 2982,2026-06-21 12:24:31.822171,False,GENUINE,1,0,0,0.6148367794734235,0,7,15,1,1,0,0,1.5,0,1.5,False,False
C2983,U386,I337,thanks for sharing this information. reference 2983,2026-07-13 11:45:31.822184,False,GENUINE,1,0,0,0.6789809902112234,0,5,15,1,1,0,0,1.5,0,1.5,False,False
C2984,U718,I53,this is worth discussing further. reference 2984,2026-07-28 09:11:31.822198,False,GENUINE,1,0,0,0.6148367794734235,0,8,15,1,1,0,0,1.5,0,1.5,False,False
C2985,U431,I243,this is worth discussing further. reference 2985,2026-06-13 20:39:31.822212,False,GENUINE,1,0,0,0.6148367794734235,0,7,15,1,1,0,0,1.5,0,1.5,False,False
C2986,U924,I51,i learned something useful about music here. reference 2986,2026-07-14 22:54:31.822225,False,GENUINE,1,0,0,0.7357637114536311,20,4,0,1,1,0,0,3.0,0,3.0,False,False
C2987,U166,I239,this was a surprisingly interesting post. reference 2987,2026-06-04 09:06:31.822239,False,GENUINE,1,0,0,0.661661894767308,0,6,15,1,1,0,0,1.5,0,1.5,False,False
C2988,U22,I224,thanks for sharing this information. reference 2988,2026-06-18 19:17:31.822253,False,GENUINE,1,0,0,0.6789809902112234,0,6,15,1,1,0,0,1.5,0,1.5,False,False
C2989,U589,I355,the information presented here is useful. reference 2989,2026-06-29 17:26:31.822266,False,GENUINE,1,0,0,0.6598076480079632,0,7,15,1,1,0,0,1.5,0,1.5,False,False
C2990,U854,I124,i have a different opinion about music. reference 2990,2026-06-18 03:12:31.822280,False,GENUINE,1,0,0,0.7390063271830457,20,4,0,1,1,0,0,3.0,0,3.0,False,False
C2991,U345,I247,amazing product buy now,2026-08-08 04:19:31.822293,False,GENUINE,69,50,15,1.0,50,11,40,68,1,40,0,36.0,8,44.0,False,False
C2992,U994,I475,the explanation of gaming was very clear. reference 2992,2026-07-04 12:19:31.822311,False,GENUINE,1,0,0,0.7624332223630372,20,6,15,1,1,0,0,4.5,0,4.5,False,False
C2993,U436,I396,i have a different opinion about fashion. reference 2993,2026-06-18 20:23:31.822325,False,GENUINE,1,0,0,0.743131701331639,20,8,15,1,1,0,0,4.5,0,4.5,False,False
C2994,U29,I83,this was a surprisingly interesting post. reference 2994,2026-07-15 11:21:31.822339,False,GENUINE,1,0,0,0.661661894767308,0,7,15,1,1,0,0,1.5,0,1.5,False,False
C2995,U907,I305,this was a surprisingly interesting post. reference 2995,2026-06-21 03:11:31.822352,False,GENUINE,1,0,0,0.661661894767308,0,3,0,1,1,0,0,0.0,0,0.0,False,False
C2996,U769,I71,i learned something useful about music here. reference 2996,2026-08-06 22:27:31.822366,False,GENUINE,1,0,0,0.7357637114536311,20,8,15,1,1,0,0,4.5,0,4.5,False,False
C2997,U993,I46,i have a different opinion about education. reference 2997,2026-07-11 07:54:31.822380,False,GENUINE,1,0,0,0.7416504318441781,20,7,15,1,1,0,0,4.5,0,4.5,False,False
C2998,U469,I202,i learned something useful about food here. reference 2998,2026-08-11 18:08:31.822394,False,GENUINE,1,0,0,0.7306701420191416,20,2,0,1,1,0,0,3.0,0,3.0,False,False
C2999,U674,I75,the explanation of education was very clear. reference 2999,2026-07-15 09:49:31.822408,False,GENUINE,1,0,0,0.7597438970269877,20,5,15,1,1,0,0,4.5,0,4.5,False,False
C3000,U314,I41,i learned something useful about sports here. reference 3000,2026-07-24 07:49:31.822422,False,GENUINE,1,0,0,0.7313413266953137,20,7,15,1,1,0,0,4.5,0,4.5,False,False
C3001,U447,I46,the explanation of education was very clear. reference 3001,2026-06-10 12:12:31.822435,False,GENUINE,1,0,0,0.7597438970269877,20,6,15,1,1,0,0,4.5,0,4.5,False,False
C3002,U568,I432,this is worth discussing further. reference 3002,2026-06-29 09:12:31.822449,False,GENUINE,1,0,0,0.6148367794734235,0,7,15,1,1,0,0,1.5,0,1.5,False,False
C3003,U163,I176,this is an interesting perspective on food. reference 3003,2026-06-22 18:51:31.822464,False,GENUINE,1,0,0,0.7354630625709739,20,7,15,1,1,0,0,4.5,0,4.5,False,False
C3004,U703,I201,the explanation of food was very clear. reference 3004,2026-06-11 23:45:31.822478,False,GENUINE,1,0,0,0.7668898154278452,20,11,40,1,1,0,0,7.0,0,7.0,False,False
C3005,U385,I425,i think this could be improved. reference 3005,2026-08-03 02:39:31.822492,False,GENUINE,1,0,0,0.6122441426822248,0,5,15,1,1,0,0,1.5,0,1.5,False,False
C3006,U396,I65,this is worth discussing further. reference 3006,2026-07-06 10:25:31.822505,False,GENUINE,1,0,0,0.6148367794734235,0,5,15,1,1,0,0,1.5,0,1.5,False,False
C3007,U791,I167,i have a different opinion about fashion. reference 3007,2026-06-18 11:57:31.822519,False,GENUINE,1,0,0,0.743131701331639,20,7,15,1,1,0,0,4.5,0,4.5,False,False
C3008,U403,I273,this is an interesting perspective on music. reference 3008,2026-06-28 09:15:31.822533,False,GENUINE,1,0,0,0.7318423269582839,20,3,0,1,1,0,0,3.0,0,3.0,False,False
C3009,U685,I379,thanks for sharing this information. reference 3009,2026-07-22 15:41:31.822548,False,GENUINE,1,0,0,0.6789809902112234,0,4,0,1,1,0,0,0.0,0,0.0,False,False
C3010,U906,I311,i learned something useful about sports here. reference 3010,2026-07-09 05:36:31.822561,False,GENUINE,1,0,0,0.7313413266953137,20,4,0,1,1,0,0,3.0,0,3.0,False,False
C3011,U370,I174,this was a surprisingly interesting post. reference 3011,2026-06-17 06:10:31.822575,False,GENUINE,1,0,0,0.661661894767308,0,4,0,1,1,0,0,0.0,0,0.0,False,False
C3012,U613,I384,the information presented here is useful. reference 3012,2026-06-14 01:41:31.822588,False,GENUINE,1,0,0,0.6598076480079632,0,7,15,1,1,0,0,1.5,0,1.5,False,False
C3013,U235,I70,i think this could be improved. reference 3013,2026-08-07 19:19:31.822601,False,GENUINE,1,0,0,0.6122441426822248,0,4,0,1,1,0,0,0.0,0,0.0,False,False
C3014,U216,I154,the information presented here is useful. reference 3014,2026-07-11 22:08:31.822615,False,GENUINE,1,0,0,0.6598076480079632,0,7,15,1,1,0,0,1.5,0,1.5,False,False
C3015,U393,I334,i learned something useful about fashion here. reference 3015,2026-07-29 02:40:31.822628,False,GENUINE,1,0,0,0.7359149406482672,20,6,15,1,1,0,0,4.5,0,4.5,False,False
C3016,U291,I159,the information presented here is useful. reference 3016,2026-08-08 15:54:31.822641,False,GENUINE,1,0,0,0.6598076480079632,0,8,15,1,1,0,0,1.5,0,1.5,False,False
C3017,U267,I490,the information presented here is useful. reference 3017,2026-07-27 22:43:31.822655,False,GENUINE,1,0,0,0.6598076480079632,0,7,15,1,1,0,0,1.5,0,1.5,False,False
C3018,U407,I349,this was a surprisingly interesting post. reference 3018,2026-06-30 12:20:31.822668,False,GENUINE,1,0,0,0.661661894767308,0,8,15,1,1,0,0,1.5,0,1.5,False,False
C3019,U825,I42,this is worth discussing further. reference 3019,2026-06-13 03:12:31.822681,False,GENUINE,1,0,0,0.6148367794734235,0,6,15,1,1,0,0,1.5,0,1.5,False,False
C3020,U883,I207,i really enjoyed this post about education. reference 3020,2026-07-13 19:03:31.822695,False,GENUINE,1,0,0,0.7751482859536991,20,4,0,1,1,0,0,3.0,0,3.0,False,False
C3021,U131,I294,this was a surprisingly interesting post. reference 3021,2026-06-10 08:44:31.822711,False,GENUINE,1,0,0,0.661661894767308,0,6,15,1,1,0,0,1.5,0,1.5,False,False
C3022,U465,I5,i think this could be improved. reference 3022,2026-07-04 09:06:31.822735,False,GENUINE,1,0,0,0.6122441426822248,0,7,15,1,1,0,0,1.5,0,1.5,False,False
C3023,U789,I27,i have a different opinion about fashion. reference 3023,2026-07-19 06:57:31.822749,False,GENUINE,1,0,0,0.743131701331639,20,9,15,1,1,0,0,4.5,0,4.5,False,False
C3024,U759,I324,this is an interesting perspective on food. reference 3024,2026-06-27 03:12:31.822765,False,GENUINE,1,0,0,0.7354630625709739,20,8,15,1,1,0,0,4.5,0,4.5,False,False
C3025,U381,I399,i think this could be improved. reference 3025,2026-06-24 03:12:31.822779,False,GENUINE,1,0,0,0.6122441426822248,0,9,15,1,1,0,0,1.5,0,1.5,False,False
C3026,U995,I186,this is an interesting perspective on education. reference 3026,2026-07-04 05:35:31.822793,False,GENUINE,1,0,0,0.7306942280328299,20,10,40,1,1,0,0,7.0,0,7.0,False,False
C3027,U544,I388,the information presented here is useful. reference 3027,2026-07-29 03:27:31.822807,False,GENUINE,1,0,0,0.6598076480079632,0,4,0,1,1,0,0,0.0,0,0.0,False,False
C3028,U7,I172,thanks for sharing this information. reference 3028,2026-07-24 20:17:31.822821,False,GENUINE,1,0,0,0.6789809902112234,0,9,15,1,1,0,0,1.5,0,1.5,False,False
C3029,U527,I416,thanks for sharing this information. reference 3029,2026-07-03 05:57:31.822835,False,GENUINE,1,0,0,0.6789809902112234,0,3,0,1,1,0,0,0.0,0,0.0,False,False
C3030,U49,I237,i have a different opinion about technology. reference 3030,2026-07-31 18:27:31.822849,False,GENUINE,1,0,0,0.7418462529021725,20,3,0,1,1,0,0,3.0,0,3.0,False,False
C3031,U888,I250,i think this could be improved. reference 3031,2026-08-07 06:35:31.822862,False,GENUINE,1,0,0,0.6122441426822248,0,5,15,1,1,0,0,1.5,0,1.5,False,False
C3032,U910,I306,best product ever buy now,2026-07-04 02:01:31.822876,False,GENUINE,75,50,15,1.0,50,9,15,72,1,40,0,33.5,8,41.5,False,False
C3033,U345,I345,i have a different opinion about technology. reference 3033,2026-06-23 10:19:31.822889,False,GENUINE,1,0,0,0.7418462529021725,20,11,40,1,1,0,0,7.0,0,7.0,False,False
C3034,U273,I91,i have a different opinion about music. reference 3034,2026-07-04 20:54:31.822903,False,GENUINE,1,0,0,0.7390063271830457,20,13,40,1,1,0,0,7.0,0,7.0,False,False
C3035,U17,I228,this is worth discussing further. reference 3035,2026-06-14 22:39:31.822916,False,GENUINE,1,0,0,0.6148367794734235,0,6,15,1,1,0,0,1.5,0,1.5,False,False
C3036,U36,I305,this is an interesting perspective on music. reference 3036,2026-06-06 05:06:31.822930,False,GENUINE,1,0,0,0.7318423269582839,20,10,40,1,1,0,0,7.0,0,7.0,False,False
C3037,U37,I272,the information presented here is useful. reference 3037,2026-07-26 21:10:31.822945,False,GENUINE,1,0,0,0.6598076480079632,0,4,0,1,1,0,0,0.0,0,0.0,False,False
C3038,U86,I273,this is an interesting perspective on education. reference 3038,2026-06-06 16:17:31.822959,False,GENUINE,1,0,0,0.7306942280328299,20,13,40,1,1,0,0,7.0,0,7.0,False,False
C3039,U148,I324,i think this could be improved. reference 3039,2026-07-17 19:54:31.822972,False,GENUINE,1,0,0,0.6122441426822248,0,6,15,1,1,0,0,1.5,0,1.5,False,False
C3040,U353,I497,i think this could be improved. reference 3040,2026-06-06 03:24:31.822986,False,GENUINE,1,0,0,0.6122441426822248,0,4,0,1,1,0,0,0.0,0,0.0,False,False
C3041,U840,I268,thanks for sharing this information. reference 3041,2026-08-08 03:12:31.822999,False,GENUINE,1,0,0,0.6789809902112234,0,3,0,1,1,0,0,0.0,0,0.0,False,False
C3042,U78,I167,this is worth discussing further. reference 3042,2026-07-29 11:24:31.823013,False,GENUINE,1,0,0,0.6148367794734235,0,4,0,1,1,0,0,0.0,0,0.0,False,False
C3043,U623,I370,this is an interesting perspective on fashion. reference 3043,2026-06-26 04:07:31.823027,False,GENUINE,1,0,0,0.7361608768424162,20,11,40,1,1,0,0,7.0,0,7.0,False,False
C3044,U742,I40,this is worth discussing further. reference 3044,2026-07-04 08:57:31.823041,False,GENUINE,1,0,0,0.6148367794734235,0,8,15,1,1,0,0,1.5,0,1.5,False,False
C3045,U410,I11,i learned something useful about movies here. reference 3045,2026-06-07 03:38:31.823054,False,GENUINE,1,0,0,0.736990248638929,20,5,15,1,1,0,0,4.5,0,4.5,False,False
C3046,U668,I380,this is an interesting perspective on fashion. reference 3046,2026-08-01 05:38:31.823068,False,GENUINE,1,0,0,0.7361608768424162,20,7,15,1,1,0,0,4.5,0,4.5,False,False
C3047,U812,I98,thanks for sharing this information. reference 3047,2026-07-15 05:37:31.823082,False,GENUINE,1,0,0,0.6789809902112234,0,3,0,1,1,0,0,0.0,0,0.0,False,False
C3048,U630,I263,click here for amazing deals,2026-06-09 15:21:31.823096,False,GENUINE,53,50,30,1.0000000000000002,50,6,15,53,1,40,0,36.5,8,44.5,False,False
C3049,U818,I25,this is worth discussing further. reference 3049,2026-07-23 05:51:31.823111,False,GENUINE,1,0,0,0.6148367794734235,0,3,0,1,1,0,0,0.0,0,0.0,False,False
C3050,U778,I478,the information presented here is useful. reference 3050,2026-06-04 20:25:31.823124,False,GENUINE,1,0,0,0.6598076480079632,0,7,15,1,1,0,0,1.5,0,1.5,False,False
C3051,U705,I398,best deal available now,2026-06-27 04:18:31.823138,False,GENUINE,52,50,15,1.0000000000000002,50,4,0,51,1,40,0,32.0,8,40.0,False,False
C3052,U687,I23,thanks for sharing this information. reference 3052,2026-07-26 08:00:31.823151,False,GENUINE,1,0,0,0.6789809902112234,0,4,0,1,1,0,0,0.0,0,0.0,False,False
C3053,U694,I145,i have a different opinion about technology. reference 3053,2026-07-05 18:28:31.823165,False,GENUINE,1,0,0,0.7418462529021725,20,7,15,1,1,0,0,4.5,0,4.5,False,False
C3054,U212,I9,the information presented here is useful. reference 3054,2026-07-17 19:44:31.823179,False,GENUINE,1,0,0,0.6598076480079632,0,7,15,1,1,0,0,1.5,0,1.5,False,False
C3055,U273,I236,thanks for sharing this information. reference 3055,2026-08-02 23:45:31.823193,False,GENUINE,1,0,0,0.6789809902112234,0,13,40,1,1,0,0,4.0,0,4.0,False,False
C3056,U226,I115,i really enjoyed this post about music. reference 3056,2026-07-22 17:04:31.823209,False,GENUINE,1,0,0,0.7730771289001258,20,5,15,1,1,0,0,4.5,0,4.5,False,False
C3057,U65,I313,i have a different opinion about food. reference 3057,2026-06-19 07:39:31.823224,False,GENUINE,1,0,0,0.7486181787682682,20,3,0,1,1,0,0,3.0,0,3.0,False,False
C3058,U430,I325,thanks for sharing this information. reference 3058,2026-06-23 13:09:31.823237,False,GENUINE,1,0,0,0.6789809902112234,0,7,15,1,1,0,0,1.5,0,1.5,False,False
C3059,U398,I243,this was a surprisingly interesting post. reference 3059,2026-07-11 14:47:31.823251,False,GENUINE,1,0,0,0.661661894767308,0,5,15,1,1,0,0,1.5,0,1.5,False,False
C3060,U348,I163,this is worth discussing further. reference 3060,2026-07-29 00:25:31.823264,False,GENUINE,1,0,0,0.6148367794734235,0,7,15,1,1,0,0,1.5,0,1.5,False,False
C3061,U473,I437,i think this could be improved. reference 3061,2026-06-24 09:17:31.823277,False,GENUINE,1,0,0,0.6122441426822248,0,4,0,1,1,0,0,0.0,0,0.0,False,False
C3062,U714,I87,the information presented here is useful. reference 3062,2026-07-06 03:45:31.823290,False,GENUINE,1,0,0,0.6598076480079632,0,6,15,1,1,0,0,1.5,0,1.5,False,False
C3063,U33,I338,thanks for sharing this information. reference 3063,2026-06-15 08:42:31.823304,False,GENUINE,1,0,0,0.6789809902112234,0,7,15,1,1,0,0,1.5,0,1.5,False,False
C3064,U498,I287,this is worth discussing further. reference 3064,2026-07-23 22:34:31.823318,False,GENUINE,1,0,0,0.6148367794734235,0,5,15,1,1,0,0,1.5,0,1.5,False,False
C3065,U765,I271,best deal available now,2026-07-16 06:29:31.823331,False,GENUINE,52,50,15,1.0000000000000002,50,5,15,51,2,50,0,37.0,8,45.0,False,False
C3066,U768,I161,i think this could be improved. reference 3066,2026-08-09 03:23:31.823350,False,GENUINE,1,0,0,0.6122441426822248,0,3,0,1,1,0,0,0.0,0,0.0,False,False
C3067,U159,I319,thanks for sharing this information. reference 3067,2026-06-16 00:15:31.823368,False,GENUINE,1,0,0,0.6789809902112234,0,7,15,1,1,0,0,1.5,0,1.5,False,False
C3068,U360,I289,the information presented here is useful. reference 3068,2026-08-09 16:50:31.823382,False,GENUINE,1,0,0,0.6598076480079632,0,4,0,1,1,0,0,0.0,0,0.0,False,False
C3069,U769,I498,i have a different opinion about food. reference 3069,2026-07-21 11:13:31.823396,False,GENUINE,1,0,0,0.7486181787682682,20,8,15,1,1,0,0,4.5,0,4.5,False,False
C3070,U384,I471,this was a surprisingly interesting post. reference 3070,2026-07-08 09:17:31.823410,False,GENUINE,1,0,0,0.661661894767308,0,2,0,1,1,0,0,0.0,0,0.0,False,False
C3071,U621,I485,this is an interesting perspective on gaming. reference 3071,2026-07-06 19:27:31.823424,False,GENUINE,1,0,0,0.7326877208387651,20,9,15,1,1,0,0,4.5,0,4.5,False,False
C3072,U223,I108,this is an interesting perspective on movies. reference 3072,2026-07-26 13:46:31.823438,False,GENUINE,1,0,0,0.7382784747058516,20,7,15,1,1,0,0,4.5,0,4.5,False,False
C3073,U885,I81,the information presented here is useful. reference 3073,2026-07-10 18:58:31.823452,False,GENUINE,1,0,0,0.6598076480079632,0,3,0,1,1,0,0,0.0,0,0.0,False,False
C3074,U769,I111,the information presented here is useful. reference 3074,2026-07-13 18:14:31.823465,False,GENUINE,1,0,0,0.6598076480079632,0,8,15,1,1,0,0,1.5,0,1.5,False,False
C3075,U788,I185,this is an interesting perspective on music. reference 3075,2026-06-27 02:40:31.823479,False,GENUINE,1,0,0,0.7318423269582839,20,5,15,1,1,0,0,4.5,0,4.5,False,False
C3076,U548,I272,the information presented here is useful. reference 3076,2026-07-06 01:30:31.823493,False,GENUINE,1,0,0,0.6598076480079632,0,11,40,1,1,0,0,4.0,0,4.0,False,False
C3077,U506,I387,best product ever buy now,2026-07-01 22:07:31.823508,False,GENUINE,75,50,15,1.0,50,5,15,72,1,40,0,33.5,8,41.5,False,False
C3078,U160,I473,i learned something useful about fashion here. reference 3078,2026-07-16 13:56:31.823523,False,GENUINE,1,0,0,0.7359149406482672,20,6,15,1,1,0,0,4.5,0,4.5,False,False
C3079,U3,I272,this is worth discussing further. reference 3079,2026-06-13 02:30:31.823536,False,GENUINE,1,0,0,0.6148367794734235,0,6,15,1,1,0,0,1.5,0,1.5,False,False
C3080,U176,I349,this is an interesting perspective on fashion. reference 3080,2026-06-20 00:36:31.823550,False,GENUINE,1,0,0,0.7361608768424162,20,4,0,1,1,0,0,3.0,0,3.0,False,False
C3081,U668,I214,the information presented here is useful. reference 3081,2026-07-25 15:22:31.823564,False,GENUINE,1,0,0,0.6598076480079632,0,7,15,1,1,0,0,1.5,0,1.5,False,False
C3082,U651,I14,thanks for sharing this information. reference 3082,2026-07-30 05:16:31.823577,False,GENUINE,1,0,0,0.6789809902112234,0,3,0,1,1,0,0,0.0,0,0.0,False,False
C3083,U624,I317,this was a surprisingly interesting post. reference 3083,2026-06-18 06:12:31.823591,False,GENUINE,1,0,0,0.661661894767308,0,5,15,1,1,0,0,1.5,0,1.5,False,False
C3084,U584,I374,the information presented here is useful. reference 3084,2026-07-13 05:57:31.823604,False,GENUINE,1,0,0,0.6598076480079632,0,7,15,1,1,0,0,1.5,0,1.5,False,False
C3085,U624,I127,i learned something useful about food here. reference 3085,2026-06-10 12:58:31.823618,False,GENUINE,1,0,0,0.7306701420191416,20,5,15,1,1,0,0,4.5,0,4.5,False,False
C3086,U93,I487,this is worth discussing further. reference 3086,2026-06-05 04:57:31.823631,False,GENUINE,1,0,0,0.6148367794734235,0,6,15,1,1,0,0,1.5,0,1.5,False,False
C3087,U615,I452,click here for amazing deals,2026-07-28 03:26:31.823647,False,GENUINE,53,50,30,1.0000000000000002,50,5,15,53,2,50,0,40.0,8,48.0,False,False
C3088,U468,I188,amazing product buy now,2026-06-29 20:30:31.823661,False,GENUINE,69,50,15,1.0,50,6,15,68,1,40,0,33.5,8,41.5,False,False
C3089,U959,I364,the explanation of music was very clear. reference 3089,2026-07-30 18:12:31.823677,False,GENUINE,1,0,0,0.7662202675963719,20,7,15,1,1,0,0,4.5,0,4.5,False,False
C3090,U300,I33,i really enjoyed this post about sports. reference 3090,2026-06-20 06:11:31.823690,False,GENUINE,1,0,0,0.7746110731001136,20,6,15,1,1,0,0,4.5,0,4.5,False,False
C3091,U472,I235,the explanation of food was very clear. reference 3091,2026-07-20 19:34:31.823704,False,GENUINE,1,0,0,0.7668898154278452,20,6,15,1,1,0,0,4.5,0,4.5,False,False
C3092,U815,I90,best deal available now,2026-06-17 20:30:31.823717,False,GENUINE,52,50,15,1.0000000000000002,50,4,0,51,1,40,0,32.0,8,40.0,False,False
C3093,U857,I169,i learned something useful about sports here. reference 3093,2026-06-30 18:15:31.823731,False,GENUINE,1,0,0,0.7313413266953137,20,2,0,1,1,0,0,3.0,0,3.0,False,False
C3094,U739,I492,this is an interesting perspective on technology. reference 3094,2026-06-04 16:37:31.823752,False,GENUINE,1,0,0,0.7340859795799535,20,3,0,1,1,0,0,3.0,0,3.0,False,False
C3095,U33,I349,the information presented here is useful. reference 3095,2026-07-07 18:14:31.823767,False,GENUINE,1,0,0,0.6598076480079632,0,7,15,1,1,0,0,1.5,0,1.5,False,False
C3096,U72,I400,the information presented here is useful. reference 3096,2026-06-07 15:54:31.823780,False,GENUINE,1,0,0,0.6598076480079632,0,4,0,1,1,0,0,0.0,0,0.0,False,False
C3097,U550,I61,thanks for sharing this information. reference 3097,2026-07-02 22:01:31.823794,False,GENUINE,1,0,0,0.6789809902112234,0,7,15,1,1,0,0,1.5,0,1.5,False,False
C3098,U492,I423,i really enjoyed this post about movies. reference 3098,2026-07-06 13:40:31.823808,False,GENUINE,1,0,0,0.7772370080656208,20,7,15,1,1,0,0,4.5,0,4.5,False,False
C3099,U848,I421,i really enjoyed this post about music. reference 3099,2026-07-06 11:24:31.823822,False,GENUINE,1,0,0,0.7730771289001258,20,4,0,1,1,0,0,3.0,0,3.0,False,False
C3100,U733,I474,this was a surprisingly interesting post. reference 3100,2026-07-03 19:43:31.823835,False,GENUINE,1,0,0,0.661661894767308,0,5,15,1,1,0,0,1.5,0,1.5,False,False
C3101,U806,I63,this is an interesting perspective on education. reference 3101,2026-07-18 22:32:31.823849,False,GENUINE,1,0,0,0.7306942280328299,20,7,15,1,1,0,0,4.5,0,4.5,False,False
C3102,U776,I422,thanks for sharing this information. reference 3102,2026-06-07 02:45:31.823862,False,GENUINE,1,0,0,0.6789809902112234,0,4,0,1,1,0,0,0.0,0,0.0,False,False
C3103,U173,I187,the information presented here is useful. reference 3103,2026-07-29 21:53:31.823876,False,GENUINE,1,0,0,0.6598076480079632,0,5,15,1,1,0,0,1.5,0,1.5,False,False
C3104,U934,I124,i think this could be improved. reference 3104,2026-07-18 18:09:31.823889,False,GENUINE,1,0,0,0.6122441426822248,0,5,15,1,1,0,0,1.5,0,1.5,False,False
C3105,U99,I168,this is an interesting perspective on food. reference 3105,2026-06-08 06:58:31.823905,False,GENUINE,1,0,0,0.7354630625709739,20,6,15,1,1,0,0,4.5,0,4.5,False,False
C3106,U503,I385,the explanation of movies was very clear. reference 3106,2026-07-11 15:54:31.823919,False,GENUINE,1,0,0,0.769149315988473,20,5,15,1,1,0,0,4.5,0,4.5,False,False
C3107,U302,I352,i think this could be improved. reference 3107,2026-07-01 20:07:31.823933,False,GENUINE,1,0,0,0.6122441426822248,0,6,15,1,1,0,0,1.5,0,1.5,False,False
C3108,U716,I132,thanks for sharing this information. reference 3108,2026-06-18 17:26:31.823946,False,GENUINE,1,0,0,0.6789809902112234,0,6,15,1,1,0,0,1.5,0,1.5,False,False
C3109,U36,I389,i learned something useful about education here. reference 3109,2026-06-25 08:08:31.823960,False,GENUINE,1,0,0,0.7309832397113513,20,10,40,1,1,0,0,7.0,0,7.0,False,False
C3110,U295,I13,the explanation of music was very clear. reference 3110,2026-06-21 12:54:31.823973,False,GENUINE,1,0,0,0.7662202675963719,20,7,15,1,1,0,0,4.5,0,4.5,False,False
C3111,U371,I365,i have a different opinion about movies. reference 3111,2026-06-07 16:12:31.823987,False,GENUINE,1,0,0,0.7480534672157237,20,6,15,1,1,0,0,4.5,0,4.5,False,False
C3112,U162,I290,i have a different opinion about food. reference 3112,2026-06-07 22:14:31.824001,False,GENUINE,1,0,0,0.7486181787682682,20,8,15,1,1,0,0,4.5,0,4.5,False,False
C3113,U450,I344,i have a different opinion about education. reference 3113,2026-06-05 03:16:31.824015,False,GENUINE,1,0,0,0.7416504318441781,20,9,15,1,1,0,0,4.5,0,4.5,False,False
C3114,U824,I355,i learned something useful about education here. reference 3114,2026-06-17 12:59:31.824028,False,GENUINE,1,0,0,0.7309832397113513,20,7,15,1,1,0,0,4.5,0,4.5,False,False
C3115,U299,I439,the information presented here is useful. reference 3115,2026-06-14 20:57:31.824042,False,GENUINE,1,0,0,0.6598076480079632,0,4,0,1,1,0,0,0.0,0,0.0,False,False
C3116,U233,I14,the explanation of movies was very clear. reference 3116,2026-07-29 07:52:31.824056,False,GENUINE,1,0,0,0.769149315988473,20,4,0,1,1,0,0,3.0,0,3.0,False,False
C3117,U598,I6,i have a different opinion about music. reference 3117,2026-06-07 04:37:31.824069,False,GENUINE,1,0,0,0.7390063271830457,20,7,15,1,1,0,0,4.5,0,4.5,False,False
C3118,U520,I381,this was a surprisingly interesting post. reference 3118,2026-06-29 10:01:31.824083,False,GENUINE,1,0,0,0.661661894767308,0,7,15,1,1,0,0,1.5,0,1.5,False,False
C3119,U633,I460,i learned something useful about music here. reference 3119,2026-06-14 05:28:31.824099,False,GENUINE,1,0,0,0.7357637114536311,20,5,15,1,1,0,0,4.5,0,4.5,False,False
C3120,U159,I300,this was a surprisingly interesting post. reference 3120,2026-06-25 04:44:31.824112,False,GENUINE,1,0,0,0.661661894767308,0,7,15,1,1,0,0,1.5,0,1.5,False,False
C3121,U383,I193,i think this could be improved. reference 3121,2026-06-25 00:35:31.824126,False,GENUINE,1,0,0,0.6122441426822248,0,6,15,1,1,0,0,1.5,0,1.5,False,False
C3122,U493,I89,i think this could be improved. reference 3122,2026-08-10 12:53:31.824141,False,GENUINE,1,0,0,0.6122441426822248,0,5,15,1,1,0,0,1.5,0,1.5,False,False
C3123,U684,I484,this is an interesting perspective on music. reference 3123,2026-07-22 08:50:31.824154,False,GENUINE,1,0,0,0.7318423269582839,20,2,0,1,1,0,0,3.0,0,3.0,False,False
C3124,U316,I105,the explanation of education was very clear. reference 3124,2026-07-17 11:59:31.824168,False,GENUINE,1,0,0,0.7597438970269877,20,4,0,1,1,0,0,3.0,0,3.0,False,False
C3125,U623,I398,this is an interesting perspective on sports. reference 3125,2026-07-10 09:11:31.824182,False,GENUINE,1,0,0,0.7310531063082972,20,11,40,1,1,0,0,7.0,0,7.0,False,False
C3126,U510,I235,thanks for sharing this information. reference 3126,2026-06-04 21:45:31.824196,False,GENUINE,1,0,0,0.6789809902112234,0,2,0,1,1,0,0,0.0,0,0.0,False,False
C3127,U866,I419,this was a surprisingly interesting post. reference 3127,2026-06-05 08:25:31.824209,False,GENUINE,1,0,0,0.661661894767308,0,8,15,1,1,0,0,1.5,0,1.5,False,False
C3128,U207,I186,i really enjoyed this post about fashion. reference 3128,2026-06-15 19:35:31.824223,False,GENUINE,1,0,0,0.7749801373506703,20,7,15,1,1,0,0,4.5,0,4.5,False,False
C3129,U101,I487,this is worth discussing further. reference 3129,2026-07-18 02:56:31.824237,False,GENUINE,1,0,0,0.6148367794734235,0,6,15,1,1,0,0,1.5,0,1.5,False,False
C3130,U566,I492,this was a surprisingly interesting post. reference 3130,2026-08-06 17:42:31.824252,False,GENUINE,1,0,0,0.661661894767308,0,5,15,1,1,0,0,1.5,0,1.5,False,False
C3131,U457,I290,this was a surprisingly interesting post. reference 3131,2026-07-20 13:26:31.824266,False,GENUINE,1,0,0,0.661661894767308,0,8,15,1,1,0,0,1.5,0,1.5,False,False
C3132,U262,I408,i learned something useful about sports here. reference 3132,2026-07-22 01:10:31.824280,False,GENUINE,1,0,0,0.7313413266953137,20,2,0,1,1,0,0,3.0,0,3.0,False,False
C3133,U706,I367,best product ever buy now,2026-08-08 04:05:31.824294,False,GENUINE,75,50,15,1.0,50,5,15,72,1,40,0,33.5,8,41.5,False,False
C3134,U623,I136,this was a surprisingly interesting post. reference 3134,2026-08-03 12:24:31.824313,False,GENUINE,1,0,0,0.661661894767308,0,11,40,1,1,0,0,4.0,0,4.0,False,False
C3135,U760,I97,this is an interesting perspective on education. reference 3135,2026-06-25 06:26:31.824327,False,GENUINE,1,0,0,0.7306942280328299,20,13,40,1,1,0,0,7.0,0,7.0,False,False
C3136,U310,I31,the explanation of sports was very clear. reference 3136,2026-07-20 15:05:31.824341,False,GENUINE,1,0,0,0.761366899611231,20,11,40,1,1,0,0,7.0,0,7.0,False,False
C3137,U599,I389,thanks for sharing this information. reference 3137,2026-06-30 13:46:31.824354,False,GENUINE,1,0,0,0.6789809902112234,0,6,15,1,1,0,0,1.5,0,1.5,False,False
C3138,U100,I274,i really enjoyed this post about music. reference 3138,2026-06-15 03:11:31.824368,False,GENUINE,1,0,0,0.7730771289001258,20,8,15,1,1,0,0,4.5,0,4.5,False,False
C3139,U74,I100,i think this could be improved. reference 3139,2026-07-02 14:38:31.824382,False,GENUINE,1,0,0,0.6122441426822248,0,3,0,1,1,0,0,0.0,0,0.0,False,False
C3140,U85,I243,the explanation of gaming was very clear. reference 3140,2026-06-23 11:09:31.824395,False,GENUINE,1,0,0,0.7624332223630372,20,7,15,1,1,0,0,4.5,0,4.5,False,False
C3141,U603,I110,thanks for sharing this information. reference 3141,2026-07-15 12:42:31.824409,False,GENUINE,1,0,0,0.6789809902112234,0,6,15,1,1,0,0,1.5,0,1.5,False,False
C3142,U582,I4,thanks for sharing this information. reference 3142,2026-08-01 16:21:31.824422,False,GENUINE,1,0,0,0.6789809902112234,0,5,15,1,1,0,0,1.5,0,1.5,False,False
C3143,U737,I453,i think this could be improved. reference 3143,2026-06-19 05:25:31.824436,False,GENUINE,1,0,0,0.6122441426822248,0,6,15,1,1,0,0,1.5,0,1.5,False,False
C3144,U825,I325,thanks for sharing this information. reference 3144,2026-08-11 18:54:31.824450,False,GENUINE,1,0,0,0.6789809902112234,0,6,15,1,1,0,0,1.5,0,1.5,False,False
C3145,U257,I386,the information presented here is useful. reference 3145,2026-06-27 23:52:31.824464,False,GENUINE,1,0,0,0.6598076480079632,0,4,0,1,1,0,0,0.0,0,0.0,False,False
C3146,U646,I90,this is worth discussing further. reference 3146,2026-06-26 00:41:31.824477,False,GENUINE,1,0,0,0.6148367794734235,0,2,0,1,1,0,0,0.0,0,0.0,False,False
C3147,U290,I487,i have a different opinion about movies. reference 3147,2026-06-24 09:23:31.824491,False,GENUINE,1,0,0,0.7480534672157237,20,3,0,1,1,0,0,3.0,0,3.0,False,False
C3148,U254,I174,i have a different opinion about movies. reference 3148,2026-06-15 20:38:31.824505,False,GENUINE,1,0,0,0.7480534672157237,20,3,0,1,1,0,0,3.0,0,3.0,False,False
C3149,U450,I57,i learned something useful about food here. reference 3149,2026-08-11 05:44:31.824519,False,GENUINE,1,0,0,0.7306701420191416,20,9,15,1,1,0,0,4.5,0,4.5,False,False
C3150,U326,I457,this was a surprisingly interesting post. reference 3150,2026-06-27 16:55:31.824533,False,GENUINE,1,0,0,0.661661894767308,0,4,0,1,1,0,0,0.0,0,0.0,False,False
C3151,U167,I91,this is an interesting perspective on fashion. reference 3151,2026-06-11 13:50:31.824551,False,GENUINE,1,0,0,0.7361608768424162,20,5,15,1,1,0,0,4.5,0,4.5,False,False
C3152,U311,I48,i think this could be improved. reference 3152,2026-06-14 18:30:31.824564,False,GENUINE,1,0,0,0.6122441426822248,0,6,15,1,1,0,0,1.5,0,1.5,False,False
C3153,U703,I275,i learned something useful about sports here. reference 3153,2026-08-01 22:29:31.824578,False,GENUINE,1,0,0,0.7313413266953137,20,11,40,1,1,0,0,7.0,0,7.0,False,False
C3154,U781,I118,the explanation of movies was very clear. reference 3154,2026-06-27 03:49:31.824592,False,GENUINE,1,0,0,0.769149315988473,20,7,15,1,1,0,0,4.5,0,4.5,False,False
C3155,U312,I163,this was a surprisingly interesting post. reference 3155,2026-08-02 11:09:31.824605,False,GENUINE,1,0,0,0.661661894767308,0,4,0,1,1,0,0,0.0,0,0.0,False,False
C3156,U701,I153,best product ever buy now,2026-06-20 20:35:31.824621,False,GENUINE,75,50,15,1.0,50,5,15,72,1,40,0,33.5,8,41.5,False,False
C3157,U688,I79,this is worth discussing further. reference 3157,2026-07-25 08:45:31.824634,False,GENUINE,1,0,0,0.6148367794734235,0,4,0,1,1,0,0,0.0,0,0.0,False,False
C3158,U784,I202,i learned something useful about education here. reference 3158,2026-06-17 07:08:31.824648,False,GENUINE,1,0,0,0.7309832397113513,20,9,15,1,1,0,0,4.5,0,4.5,False,False
C3159,U678,I80,this is worth discussing further. reference 3159,2026-06-13 08:24:31.824662,False,GENUINE,1,0,0,0.6148367794734235,0,4,0,1,1,0,0,0.0,0,0.0,False,False
C3160,U609,I403,the information presented here is useful. reference 3160,2026-07-22 00:19:31.824675,False,GENUINE,1,0,0,0.6598076480079632,0,4,0,1,1,0,0,0.0,0,0.0,False,False
C3161,U955,I134,i think this could be improved. reference 3161,2026-07-09 01:58:31.824689,False,GENUINE,1,0,0,0.6122441426822248,0,8,15,1,1,0,0,1.5,0,1.5,False,False
C3162,U148,I156,this is worth discussing further. reference 3162,2026-06-05 00:02:31.824705,False,GENUINE,1,0,0,0.6148367794734235,0,6,15,1,1,0,0,1.5,0,1.5,False,False
C3163,U322,I230,i have a different opinion about fashion. reference 3163,2026-06-21 13:27:31.824719,False,GENUINE,1,0,0,0.743131701331639,20,8,15,1,1,0,0,4.5,0,4.5,False,False
C3164,U402,I390,click here for amazing deals,2026-06-03 10:52:31.824732,False,GENUINE,53,50,30,1.0000000000000002,50,7,15,53,1,40,0,36.5,8,44.5,False,False
C3165,U962,I206,i really enjoyed this post about fashion. reference 3165,2026-07-10 15:30:31.824746,False,GENUINE,1,0,0,0.7749801373506703,20,5,15,1,1,0,0,4.5,0,4.5,False,False
C3166,U661,I412,i learned something useful about food here. reference 3166,2026-07-17 20:58:31.824760,False,GENUINE,1,0,0,0.7306701420191416,20,9,15,1,1,0,0,4.5,0,4.5,False,False
C3167,U19,I419,the explanation of sports was very clear. reference 3167,2026-06-12 13:42:31.824774,False,GENUINE,1,0,0,0.761366899611231,20,7,15,1,1,0,0,4.5,0,4.5,False,False
C3168,U733,I131,i have a different opinion about music. reference 3168,2026-08-09 16:15:31.824787,False,GENUINE,1,0,0,0.7390063271830457,20,5,15,1,1,0,0,4.5,0,4.5,False,False
C3169,U329,I218,the information presented here is useful. reference 3169,2026-06-22 00:51:31.824803,False,GENUINE,1,0,0,0.6598076480079632,0,4,0,1,1,0,0,0.0,0,0.0,False,False
C3170,U573,I378,the explanation of sports was very clear. reference 3170,2026-06-16 14:54:31.824817,False,GENUINE,1,0,0,0.761366899611231,20,10,40,1,1,0,0,7.0,0,7.0,False,False
C3171,U515,I225,i have a different opinion about gaming. reference 3171,2026-08-05 01:23:31.824830,False,GENUINE,1,0,0,0.7402988924808734,20,6,15,1,1,0,0,4.5,0,4.5,False,False
C3172,U248,I82,this is worth discussing further. reference 3172,2026-06-07 04:21:31.824844,False,GENUINE,1,0,0,0.6148367794734235,0,2,0,1,1,0,0,0.0,0,0.0,False,False
C3173,U607,I240,i really enjoyed this post about fashion. reference 3173,2026-06-10 05:27:31.824858,False,GENUINE,1,0,0,0.7749801373506703,20,5,15,1,1,0,0,4.5,0,4.5,False,False
C3174,U982,I465,i think this could be improved. reference 3174,2026-07-17 08:00:31.824872,False,GENUINE,1,0,0,0.6122441426822248,0,7,15,1,1,0,0,1.5,0,1.5,False,False
C3175,U621,I300,the information presented here is useful. reference 3175,2026-08-02 14:23:31.824886,False,GENUINE,1,0,0,0.6598076480079632,0,9,15,1,1,0,0,1.5,0,1.5,False,False
C3176,U57,I327,you must buy this product,2026-06-23 20:55:31.824900,False,GENUINE,51,50,0,1.0,50,5,15,51,1,40,0,30.5,8,38.5,False,False
C3177,U378,I224,best product ever buy now,2026-06-29 21:13:31.824913,False,GENUINE,75,50,15,1.0,50,8,15,72,1,40,0,33.5,8,41.5,False,False
C3178,U137,I450,this is an interesting perspective on music. reference 3178,2026-06-06 03:55:31.824927,False,GENUINE,1,0,0,0.7318423269582839,20,5,15,1,1,0,0,4.5,0,4.5,False,False
C3179,U423,I422,i learned something useful about education here. reference 3179,2026-06-19 03:31:31.824943,False,GENUINE,1,0,0,0.7309832397113513,20,8,15,1,1,0,0,4.5,0,4.5,False,False
C3180,U306,I293,best product ever buy now,2026-07-02 22:35:31.824956,False,GENUINE,75,50,15,1.0,50,7,15,72,2,50,0,37.0,8,45.0,False,False
C3181,U251,I167,thanks for sharing this information. reference 3181,2026-06-22 03:54:31.824970,False,GENUINE,1,0,0,0.6789809902112234,0,1,0,1,1,0,0,0.0,0,0.0,False,False
C3182,U543,I418,i have a different opinion about technology. reference 3182,2026-07-30 01:07:31.824983,False,GENUINE,1,0,0,0.7418462529021725,20,5,15,1,1,0,0,4.5,0,4.5,False,False
C3183,U790,I394,this is an interesting perspective on music. reference 3183,2026-07-09 22:51:31.825000,False,GENUINE,1,0,0,0.7318423269582839,20,10,40,1,1,0,0,7.0,0,7.0,False,False
C3184,U926,I395,i think this could be improved. reference 3184,2026-07-26 01:43:31.825014,False,GENUINE,1,0,0,0.6122441426822248,0,9,15,1,1,0,0,1.5,0,1.5,False,False
C3185,U328,I239,the explanation of food was very clear. reference 3185,2026-07-09 20:44:31.825027,False,GENUINE,1,0,0,0.7668898154278452,20,7,15,1,1,0,0,4.5,0,4.5,False,False
C3186,U341,I101,i have a different opinion about movies. reference 3186,2026-06-17 21:21:31.825041,False,GENUINE,1,0,0,0.7480534672157237,20,3,0,1,1,0,0,3.0,0,3.0,False,False
C3187,U765,I477,i really enjoyed this post about education. reference 3187,2026-07-31 23:36:31.825055,False,GENUINE,1,0,0,0.7751482859536991,20,5,15,1,1,0,0,4.5,0,4.5,False,False
C3188,U657,I210,the information presented here is useful. reference 3188,2026-06-28 13:31:31.825068,False,GENUINE,1,0,0,0.6598076480079632,0,8,15,1,1,0,0,1.5,0,1.5,False,False
C3189,U817,I24,this was a surprisingly interesting post. reference 3189,2026-06-26 04:55:31.825082,False,GENUINE,1,0,0,0.661661894767308,0,5,15,1,1,0,0,1.5,0,1.5,False,False
C3190,U382,I8,click here for amazing deals,2026-08-08 21:53:31.825098,False,GENUINE,53,50,30,1.0000000000000002,50,6,15,53,1,40,0,36.5,8,44.5,False,False
C3191,U982,I258,this is worth discussing further. reference 3191,2026-07-17 02:31:31.825112,False,GENUINE,1,0,0,0.6148367794734235,0,7,15,1,1,0,0,1.5,0,1.5,False,False
C3192,U588,I170,this is an interesting perspective on gaming. reference 3192,2026-06-21 09:03:31.825126,False,GENUINE,1,0,0,0.7326877208387651,20,4,0,1,1,0,0,3.0,0,3.0,False,False
C3193,U94,I498,this was a surprisingly interesting post. reference 3193,2026-06-24 10:19:31.825139,False,GENUINE,1,0,0,0.661661894767308,0,6,15,1,1,0,0,1.5,0,1.5,False,False
C3194,U162,I408,this was a surprisingly interesting post. reference 3194,2026-06-20 14:13:31.825155,False,GENUINE,1,0,0,0.661661894767308,0,8,15,1,1,0,0,1.5,0,1.5,False,False
C3195,U944,I239,thanks for sharing this information. reference 3195,2026-06-04 09:24:31.825168,False,GENUINE,1,0,0,0.6789809902112234,0,4,0,1,1,0,0,0.0,0,0.0,False,False
C3196,U74,I392,the information presented here is useful. reference 3196,2026-06-30 10:36:31.825182,False,GENUINE,1,0,0,0.6598076480079632,0,3,0,1,1,0,0,0.0,0,0.0,False,False
C3197,U462,I455,i learned something useful about music here. reference 3197,2026-08-05 04:27:31.825196,False,GENUINE,1,0,0,0.7357637114536311,20,10,40,1,1,0,0,7.0,0,7.0,False,False
C3198,U186,I331,thanks for sharing this information. reference 3198,2026-07-01 12:06:31.825209,False,GENUINE,1,0,0,0.6789809902112234,0,6,15,1,1,0,0,1.5,0,1.5,False,False
C3199,U540,I399,the information presented here is useful. reference 3199,2026-07-06 06:58:31.825223,False,GENUINE,1,0,0,0.6598076480079632,0,1,0,1,1,0,0,0.0,0,0.0,False,False
C3200,U588,I150,i really enjoyed this post about fashion. reference 3200,2026-08-10 02:45:31.825236,False,GENUINE,1,0,0,0.7749801373506703,20,4,0,1,1,0,0,3.0,0,3.0,False,False
C3201,U8,I115,this is worth discussing further. reference 3201,2026-07-29 03:13:31.825250,False,GENUINE,1,0,0,0.6148367794734235,0,7,15,1,1,0,0,1.5,0,1.5,False,False
C3202,U265,I438,the explanation of music was very clear. reference 3202,2026-06-24 09:00:31.825263,False,GENUINE,1,0,0,0.7662202675963719,20,2,0,1,1,0,0,3.0,0,3.0,False,False
C3203,U468,I334,the explanation of music was very clear. reference 3203,2026-06-07 18:15:31.825278,False,GENUINE,1,0,0,0.7662202675963719,20,6,15,1,1,0,0,4.5,0,4.5,False,False
C3204,U888,I295,i learned something useful about sports here. reference 3204,2026-07-29 08:03:31.825292,False,GENUINE,1,0,0,0.7313413266953137,20,5,15,1,1,0,0,4.5,0,4.5,False,False
C3205,U211,I157,i learned something useful about gaming here. reference 3205,2026-08-09 10:41:31.825305,False,GENUINE,1,0,0,0.7317498758867395,20,4,0,1,1,0,0,3.0,0,3.0,False,False
C3206,U546,I308,i really enjoyed this post about education. reference 3206,2026-06-23 16:10:31.825319,False,GENUINE,1,0,0,0.7751482859536991,20,7,15,1,1,0,0,4.5,0,4.5,False,False
C3207,U356,I488,this is an interesting perspective on music. reference 3207,2026-07-14 03:07:31.825333,False,GENUINE,1,0,0,0.7318423269582839,20,5,15,1,1,0,0,4.5,0,4.5,False,False
C3208,U950,I117,best product ever buy now,2026-07-15 06:13:31.825349,False,GENUINE,75,50,15,1.0,50,3,0,72,1,40,0,32.0,8,40.0,False,False
C3209,U167,I217,i have a different opinion about sports. reference 3209,2026-07-23 01:25:31.825363,False,GENUINE,1,0,0,0.7435975412000372,20,5,15,1,1,0,0,4.5,0,4.5,False,False
C3210,U790,I181,i really enjoyed this post about education. reference 3210,2026-07-02 19:34:31.825377,False,GENUINE,1,0,0,0.7751482859536991,20,10,40,1,1,0,0,7.0,0,7.0,False,False
C3211,U126,I427,the information presented here is useful. reference 3211,2026-07-02 10:09:31.825391,False,GENUINE,1,0,0,0.6598076480079632,0,3,0,1,1,0,0,0.0,0,0.0,False,False
C3212,U888,I380,the explanation of fashion was very clear. reference 3212,2026-08-07 08:28:31.825405,False,GENUINE,1,0,0,0.7656396726651926,20,5,15,1,1,0,0,4.5,0,4.5,False,False
C3213,U457,I224,the information presented here is useful. reference 3213,2026-07-24 02:46:31.825418,False,GENUINE,1,0,0,0.6598076480079632,0,8,15,1,1,0,0,1.5,0,1.5,False,False
C3214,U789,I194,thanks for sharing this information. reference 3214,2026-08-03 09:08:31.825433,False,GENUINE,1,0,0,0.6789809902112234,0,9,15,1,1,0,0,1.5,0,1.5,False,False
C3215,U992,I89,this was a surprisingly interesting post. reference 3215,2026-07-28 00:09:31.825447,False,GENUINE,1,0,0,0.661661894767308,0,5,15,1,1,0,0,1.5,0,1.5,False,False
C3216,U774,I107,this is an interesting perspective on food. reference 3216,2026-06-05 10:01:31.825461,False,GENUINE,1,0,0,0.7354630625709739,20,10,40,1,1,0,0,7.0,0,7.0,False,False
C3217,U619,I183,this is worth discussing further. reference 3217,2026-07-25 10:46:31.825476,False,GENUINE,1,0,0,0.6148367794734235,0,9,15,1,1,0,0,1.5,0,1.5,False,False
C3218,U215,I46,this was a surprisingly interesting post. reference 3218,2026-06-29 07:49:31.825492,False,GENUINE,1,0,0,0.661661894767308,0,6,15,1,1,0,0,1.5,0,1.5,False,False
C3219,U261,I260,this is an interesting perspective on food. reference 3219,2026-08-10 08:42:31.825505,False,GENUINE,1,0,0,0.7354630625709739,20,7,15,1,1,0,0,4.5,0,4.5,False,False
C3220,U7,I194,the information presented here is useful. reference 3220,2026-08-02 17:23:31.825519,False,GENUINE,1,0,0,0.6598076480079632,0,9,15,1,1,0,0,1.5,0,1.5,False,False
C3221,U363,I184,i have a different opinion about gaming. reference 3221,2026-07-03 07:34:31.825533,False,GENUINE,1,0,0,0.7402988924808734,20,7,15,1,1,0,0,4.5,0,4.5,False,False
C3222,U968,I434,i have a different opinion about sports. reference 3222,2026-06-09 00:09:31.825547,False,GENUINE,1,0,0,0.7435975412000372,20,11,40,1,1,0,0,7.0,0,7.0,False,False
C3223,U86,I333,click here for amazing deals,2026-08-10 09:21:31.825560,False,GENUINE,53,50,30,1.0000000000000002,50,13,40,53,1,40,0,39.0,8,47.0,False,False
C3224,U974,I493,i have a different opinion about music. reference 3224,2026-08-07 16:52:31.825574,False,GENUINE,1,0,0,0.7390063271830457,20,5,15,1,1,0,0,4.5,0,4.5,False,False
C3225,U144,I433,the explanation of education was very clear. reference 3225,2026-06-21 10:38:31.825588,False,GENUINE,1,0,0,0.7597438970269877,20,11,40,1,1,0,0,7.0,0,7.0,False,False
C3226,U9,I65,this was a surprisingly interesting post. reference 3226,2026-07-30 01:40:31.825696,False,GENUINE,1,0,0,0.661661894767308,0,5,15,1,1,0,0,1.5,0,1.5,False,False
C3227,U711,I240,i really enjoyed this post about technology. reference 3227,2026-06-18 13:33:31.825713,False,GENUINE,1,0,0,0.7763004403525399,20,7,15,1,1,0,0,4.5,0,4.5,False,False
C3228,U821,I107,i have a different opinion about music. reference 3228,2026-06-16 14:54:31.825727,False,GENUINE,1,0,0,0.7390063271830457,20,4,0,1,1,0,0,3.0,0,3.0,False,False
C3229,U424,I421,best deal available now,2026-07-27 03:19:31.825741,False,GENUINE,52,50,15,1.0000000000000002,50,5,15,51,1,40,0,33.5,8,41.5,False,False
C3230,U178,I479,this was a surprisingly interesting post. reference 3230,2026-06-05 07:07:31.825765,False,GENUINE,1,0,0,0.661661894767308,0,5,15,1,1,0,0,1.5,0,1.5,False,False
C3231,U828,I414,i learned something useful about music here. reference 3231,2026-08-01 21:00:31.825779,False,GENUINE,1,0,0,0.7357637114536311,20,4,0,1,1,0,0,3.0,0,3.0,False,False
C3232,U805,I83,i really enjoyed this post about food. reference 3232,2026-07-24 06:10:31.825793,False,GENUINE,1,0,0,0.7772683096754256,20,8,15,1,1,0,0,4.5,0,4.5,False,False
C3233,U313,I206,this is worth discussing further. reference 3233,2026-06-16 05:23:31.825806,False,GENUINE,1,0,0,0.6148367794734235,0,5,15,1,1,0,0,1.5,0,1.5,False,False
C3234,U328,I14,i really enjoyed this post about music. reference 3234,2026-08-09 05:43:31.825820,False,GENUINE,1,0,0,0.7730771289001258,20,7,15,1,1,0,0,4.5,0,4.5,False,False
C3235,U910,I240,i really enjoyed this post about education. reference 3235,2026-07-05 17:26:31.825834,False,GENUINE,1,0,0,0.7751482859536991,20,9,15,1,1,0,0,4.5,0,4.5,False,False
C3236,U47,I276,the information presented here is useful. reference 3236,2026-07-28 10:27:31.825850,False,GENUINE,1,0,0,0.6598076480079632,0,3,0,1,1,0,0,0.0,0,0.0,False,False
C3237,U102,I7,this is worth discussing further. reference 3237,2026-08-03 10:44:31.825864,False,GENUINE,1,0,0,0.6148367794734235,0,9,15,1,1,0,0,1.5,0,1.5,False,False
C3238,U429,I33,this is an interesting perspective on food. reference 3238,2026-06-30 13:24:31.825878,False,GENUINE,1,0,0,0.7354630625709739,20,6,15,1,1,0,0,4.5,0,4.5,False,False
C3239,U425,I438,this was a surprisingly interesting post. reference 3239,2026-07-30 14:22:31.825891,False,GENUINE,1,0,0,0.661661894767308,0,6,15,1,1,0,0,1.5,0,1.5,False,False
C3240,U877,I308,i really enjoyed this post about movies. reference 3240,2026-06-29 11:36:31.825906,False,GENUINE,1,0,0,0.7772370080656208,20,8,15,1,1,0,0,4.5,0,4.5,False,False
C3241,U480,I460,i have a different opinion about education. reference 3241,2026-07-13 10:38:31.825919,False,GENUINE,1,0,0,0.7416504318441781,20,4,0,1,1,0,0,3.0,0,3.0,False,False
C3242,U672,I276,this is worth discussing further. reference 3242,2026-06-29 08:14:31.825933,False,GENUINE,1,0,0,0.6148367794734235,0,5,15,1,1,0,0,1.5,0,1.5,False,False
C3243,U504,I383,thanks for sharing this information. reference 3243,2026-07-31 09:05:31.825947,False,GENUINE,1,0,0,0.6789809902112234,0,4,0,1,1,0,0,0.0,0,0.0,False,False
C3244,U224,I263,i learned something useful about education here. reference 3244,2026-07-22 07:15:31.825961,False,GENUINE,1,0,0,0.7309832397113513,20,5,15,1,1,0,0,4.5,0,4.5,False,False
C3245,U675,I42,this is an interesting perspective on fashion. reference 3245,2026-07-17 03:17:31.825974,False,GENUINE,1,0,0,0.7361608768424162,20,5,15,1,1,0,0,4.5,0,4.5,False,False
C3246,U908,I314,best deal available now,2026-07-22 05:47:31.825990,False,GENUINE,52,50,15,1.0000000000000002,50,8,15,51,1,40,0,33.5,8,41.5,False,False
C3247,U256,I94,i have a different opinion about music. reference 3247,2026-06-08 03:57:31.826006,False,GENUINE,1,0,0,0.7390063271830457,20,10,40,1,1,0,0,7.0,0,7.0,False,False
C3248,U997,I236,thanks for sharing this information. reference 3248,2026-06-03 15:58:31.826021,False,GENUINE,1,0,0,0.6789809902112234,0,6,15,1,1,0,0,1.5,0,1.5,False,False
C3249,U921,I67,this is worth discussing further. reference 3249,2026-07-08 17:17:31.826035,False,GENUINE,1,0,0,0.6148367794734235,0,7,15,1,1,0,0,1.5,0,1.5,False,False
C3250,U677,I74,thanks for sharing this information. reference 3250,2026-06-04 18:05:31.826049,False,GENUINE,1,0,0,0.6789809902112234,0,7,15,1,1,0,0,1.5,0,1.5,False,False
C3251,U927,I409,the information presented here is useful. reference 3251,2026-07-24 19:40:31.826062,False,GENUINE,1,0,0,0.6598076480079632,0,5,15,1,1,0,0,1.5,0,1.5,False,False
C3252,U186,I7,i learned something useful about technology here. reference 3252,2026-07-21 04:26:31.826076,False,GENUINE,1,0,0,0.7297924268271072,20,6,15,1,1,0,0,4.5,0,4.5,False,False
C3253,U165,I203,this is worth discussing further. reference 3253,2026-06-20 18:14:31.826090,False,GENUINE,1,0,0,0.6148367794734235,0,10,40,1,1,0,0,4.0,0,4.0,False,False
C3254,U492,I247,this is worth discussing further. reference 3254,2026-06-15 14:32:31.826103,False,GENUINE,1,0,0,0.6148367794734235,0,7,15,1,1,0,0,1.5,0,1.5,False,False
C3255,U890,I418,thanks for sharing this information. reference 3255,2026-07-01 16:20:31.826117,False,GENUINE,1,0,0,0.6789809902112234,0,6,15,1,1,0,0,1.5,0,1.5,False,False
C3256,U219,I232,thanks for sharing this information. reference 3256,2026-06-23 03:29:31.826130,False,GENUINE,1,0,0,0.6789809902112234,0,5,15,1,1,0,0,1.5,0,1.5,False,False
C3257,U450,I60,you must buy this product,2026-07-12 03:14:31.826144,False,GENUINE,51,50,0,1.0,50,9,15,51,1,40,0,30.5,8,38.5,False,False
C3258,U913,I95,i have a different opinion about music. reference 3258,2026-06-28 11:20:31.826160,False,GENUINE,1,0,0,0.7390063271830457,20,5,15,1,1,0,0,4.5,0,4.5,False,False
C3259,U790,I281,i think this could be improved. reference 3259,2026-06-12 00:41:31.826173,False,GENUINE,1,0,0,0.6122441426822248,0,10,40,1,1,0,0,4.0,0,4.0,False,False
C3260,U876,I175,this was a surprisingly interesting post. reference 3260,2026-08-06 02:06:31.826187,False,GENUINE,1,0,0,0.661661894767308,0,4,0,1,1,0,0,0.0,0,0.0,False,False
C3261,U800,I187,the information presented here is useful. reference 3261,2026-06-23 09:05:31.826200,False,GENUINE,1,0,0,0.6598076480079632,0,5,15,1,1,0,0,1.5,0,1.5,False,False
C3262,U129,I48,the explanation of food was very clear. reference 3262,2026-08-01 17:12:31.826214,False,GENUINE,1,0,0,0.7668898154278452,20,6,15,1,1,0,0,4.5,0,4.5,False,False
C3263,U123,I281,i have a different opinion about education. reference 3263,2026-07-11 04:35:31.826228,False,GENUINE,1,0,0,0.7416504318441781,20,4,0,1,1,0,0,3.0,0,3.0,False,False
C3264,U314,I231,the information presented here is useful. reference 3264,2026-06-26 21:23:31.826243,False,GENUINE,1,0,0,0.6598076480079632,0,7,15,1,1,0,0,1.5,0,1.5,False,False
C3265,U186,I203,this was a surprisingly interesting post. reference 3265,2026-07-29 22:24:31.826258,False,GENUINE,1,0,0,0.661661894767308,0,6,15,1,1,0,0,1.5,0,1.5,False,False
C3266,U860,I348,the explanation of technology was very clear. reference 3266,2026-07-24 17:57:31.826272,False,GENUINE,1,0,0,0.768821942884016,20,4,0,1,1,0,0,3.0,0,3.0,False,False
C3267,U751,I381,this is worth discussing further. reference 3267,2026-06-21 14:20:31.826286,False,GENUINE,1,0,0,0.6148367794734235,0,5,15,1,1,0,0,1.5,0,1.5,False,False
C3268,U880,I271,this was a surprisingly interesting post. reference 3268,2026-06-24 07:17:31.826301,False,GENUINE,1,0,0,0.661661894767308,0,7,15,1,1,0,0,1.5,0,1.5,False,False
C3269,U371,I276,the explanation of education was very clear. reference 3269,2026-07-08 17:56:31.826315,False,GENUINE,1,0,0,0.7597438970269877,20,6,15,1,1,0,0,4.5,0,4.5,False,False
C3270,U162,I51,i learned something useful about sports here. reference 3270,2026-06-04 11:10:31.826329,False,GENUINE,1,0,0,0.7313413266953137,20,8,15,1,1,0,0,4.5,0,4.5,False,False
C3271,U733,I77,this was a surprisingly interesting post. reference 3271,2026-07-24 10:16:31.826343,False,GENUINE,1,0,0,0.661661894767308,0,5,15,1,1,0,0,1.5,0,1.5,False,False
C3272,U285,I25,the information presented here is useful. reference 3272,2026-07-07 08:30:31.826357,False,GENUINE,1,0,0,0.6598076480079632,0,6,15,1,1,0,0,1.5,0,1.5,False,False
C3273,U922,I267,the information presented here is useful. reference 3273,2026-06-30 05:36:31.826370,False,GENUINE,1,0,0,0.6598076480079632,0,5,15,1,1,0,0,1.5,0,1.5,False,False
C3274,U329,I69,i have a different opinion about technology. reference 3274,2026-08-05 00:25:31.826384,False,GENUINE,1,0,0,0.7418462529021725,20,4,0,1,1,0,0,3.0,0,3.0,False,False
C3275,U257,I362,this was a surprisingly interesting post. reference 3275,2026-07-23 19:57:31.826400,False,GENUINE,1,0,0,0.661661894767308,0,4,0,1,1,0,0,0.0,0,0.0,False,False
C3276,U945,I375,thanks for sharing this information. reference 3276,2026-08-06 10:36:31.826414,False,GENUINE,1,0,0,0.6789809902112234,0,4,0,1,1,0,0,0.0,0,0.0,False,False
C3277,U773,I210,i learned something useful about education here. reference 3277,2026-06-29 01:22:31.826428,False,GENUINE,1,0,0,0.7309832397113513,20,5,15,1,1,0,0,4.5,0,4.5,False,False
C3278,U842,I82,the explanation of fashion was very clear. reference 3278,2026-07-28 07:40:31.826444,False,GENUINE,1,0,0,0.7656396726651926,20,4,0,1,1,0,0,3.0,0,3.0,False,False
C3279,U661,I214,the information presented here is useful. reference 3279,2026-07-20 04:58:31.826459,False,GENUINE,1,0,0,0.6598076480079632,0,9,15,1,1,0,0,1.5,0,1.5,False,False
C3280,U854,I179,this is an interesting perspective on sports. reference 3280,2026-07-17 16:34:31.826473,False,GENUINE,1,0,0,0.7310531063082972,20,4,0,1,1,0,0,3.0,0,3.0,False,False
C3281,U143,I457,the information presented here is useful. reference 3281,2026-06-06 18:03:31.826489,False,GENUINE,1,0,0,0.6598076480079632,0,4,0,1,1,0,0,0.0,0,0.0,False,False
C3282,U757,I299,i learned something useful about sports here. reference 3282,2026-07-02 11:24:31.826503,False,GENUINE,1,0,0,0.7313413266953137,20,3,0,1,1,0,0,3.0,0,3.0,False,False
C3283,U145,I344,i have a different opinion about music. reference 3283,2026-08-10 20:27:31.826517,False,GENUINE,1,0,0,0.7390063271830457,20,11,40,1,1,0,0,7.0,0,7.0,False,False
C3284,U652,I60,this was a surprisingly interesting post. reference 3284,2026-06-25 02:45:31.826531,False,GENUINE,1,0,0,0.661661894767308,0,7,15,1,1,0,0,1.5,0,1.5,False,False
C3285,U105,I395,thanks for sharing this information. reference 3285,2026-07-21 16:46:31.826544,False,GENUINE,1,0,0,0.6789809902112234,0,5,15,1,1,0,0,1.5,0,1.5,False,False
C3286,U676,I224,i have a different opinion about gaming. reference 3286,2026-06-23 13:35:31.826558,False,GENUINE,1,0,0,0.7402988924808734,20,6,15,1,1,0,0,4.5,0,4.5,False,False
C3287,U760,I312,best deal available now,2026-08-05 10:11:31.826572,False,GENUINE,52,50,15,1.0000000000000002,50,13,40,51,1,40,0,36.0,8,44.0,False,False
C3288,U901,I386,click here for amazing deals,2026-08-08 02:28:31.826586,False,GENUINE,53,50,30,1.0000000000000002,50,9,15,53,2,50,0,40.0,8,48.0,False,False
C3289,U390,I429,i have a different opinion about gaming. reference 3289,2026-06-15 18:30:31.826600,False,GENUINE,1,0,0,0.7402988924808734,20,6,15,1,1,0,0,4.5,0,4.5,False,False
C3290,U477,I218,thanks for sharing this information. reference 3290,2026-06-08 05:29:31.826613,False,GENUINE,1,0,0,0.6789809902112234,0,6,15,1,1,0,0,1.5,0,1.5,False,False
C3291,U708,I443,i think this could be improved. reference 3291,2026-07-22 09:15:31.826627,False,GENUINE,1,0,0,0.6122441426822248,0,5,15,1,1,0,0,1.5,0,1.5,False,False
C3292,U535,I52,this is an interesting perspective on music. reference 3292,2026-07-20 20:52:31.826643,False,GENUINE,1,0,0,0.7318423269582839,20,3,0,1,1,0,0,3.0,0,3.0,False,False
C3293,U890,I435,i think this could be improved. reference 3293,2026-07-04 10:49:31.826658,False,GENUINE,1,0,0,0.6122441426822248,0,6,15,1,1,0,0,1.5,0,1.5,False,False
C3294,U58,I326,this is an interesting perspective on movies. reference 3294,2026-06-06 22:16:31.826672,False,GENUINE,1,0,0,0.7382784747058516,20,8,15,1,1,0,0,4.5,0,4.5,False,False
C3295,U750,I141,best product ever buy now,2026-07-04 15:15:31.826686,False,GENUINE,75,50,15,1.0,50,8,15,72,2,50,0,37.0,8,45.0,False,False
C3296,U682,I428,i have a different opinion about music. reference 3296,2026-08-04 06:27:31.826700,False,GENUINE,1,0,0,0.7390063271830457,20,6,15,1,1,0,0,4.5,0,4.5,False,False
C3297,U13,I51,best product ever buy now,2026-06-19 12:19:31.826714,False,GENUINE,75,50,15,1.0,50,4,0,72,1,40,0,32.0,8,40.0,False,False
C3298,U506,I113,thanks for sharing this information. reference 3298,2026-06-12 05:53:31.826728,False,GENUINE,1,0,0,0.6789809902112234,0,5,15,1,1,0,0,1.5,0,1.5,False,False
C3299,U272,I53,i think this could be improved. reference 3299,2026-06-17 14:47:31.826742,False,GENUINE,1,0,0,0.6122441426822248,0,4,0,1,1,0,0,0.0,0,0.0,False,False
C3300,U531,I445,the information presented here is useful. reference 3300,2026-06-18 01:37:31.826755,False,GENUINE,1,0,0,0.6598076480079632,0,7,15,1,1,0,0,1.5,0,1.5,False,False
C3301,U110,I302,this is an interesting perspective on gaming. reference 3301,2026-08-01 03:21:31.826769,False,GENUINE,1,0,0,0.7326877208387651,20,6,15,1,1,0,0,4.5,0,4.5,False,False
C3302,U989,I391,the explanation of music was very clear. reference 3302,2026-06-20 00:41:31.826784,False,GENUINE,1,0,0,0.7662202675963719,20,5,15,1,1,0,0,4.5,0,4.5,False,False
C3303,U688,I363,thanks for sharing this information. reference 3303,2026-07-06 23:50:31.826799,False,GENUINE,1,0,0,0.6789809902112234,0,4,0,1,1,0,0,0.0,0,0.0,False,False
C3304,U735,I381,i really enjoyed this post about music. reference 3304,2026-06-13 22:23:31.826814,False,GENUINE,1,0,0,0.7730771289001258,20,6,15,1,1,0,0,4.5,0,4.5,False,False
C3305,U807,I225,i think this could be improved. reference 3305,2026-07-06 13:01:31.826828,False,GENUINE,1,0,0,0.6122441426822248,0,5,15,1,1,0,0,1.5,0,1.5,False,False
C3306,U832,I412,the information presented here is useful. reference 3306,2026-07-23 04:02:31.826842,False,GENUINE,1,0,0,0.6598076480079632,0,9,15,1,1,0,0,1.5,0,1.5,False,False
C3307,U580,I92,i really enjoyed this post about music. reference 3307,2026-08-02 20:08:31.826856,False,GENUINE,1,0,0,0.7730771289001258,20,7,15,1,1,0,0,4.5,0,4.5,False,False
C3308,U299,I471,the information presented here is useful. reference 3308,2026-06-06 11:19:31.826869,False,GENUINE,1,0,0,0.6598076480079632,0,4,0,1,1,0,0,0.0,0,0.0,False,False
C3309,U467,I434,i have a different opinion about music. reference 3309,2026-06-10 15:55:31.826883,False,GENUINE,1,0,0,0.7390063271830457,20,5,15,1,1,0,0,4.5,0,4.5,False,False
C3310,U352,I180,the explanation of movies was very clear. reference 3310,2026-07-02 05:39:31.826899,False,GENUINE,1,0,0,0.769149315988473,20,7,15,1,1,0,0,4.5,0,4.5,False,False
C3311,U802,I24,this is worth discussing further. reference 3311,2026-06-09 04:45:31.826913,False,GENUINE,1,0,0,0.6148367794734235,0,9,15,1,1,0,0,1.5,0,1.5,False,False
C3312,U650,I134,i learned something useful about sports here. reference 3312,2026-06-21 23:58:31.826927,False,GENUINE,1,0,0,0.7313413266953137,20,8,15,1,1,0,0,4.5,0,4.5,False,False
C3313,U789,I442,this was a surprisingly interesting post. reference 3313,2026-06-05 09:53:31.826941,False,GENUINE,1,0,0,0.661661894767308,0,9,15,1,1,0,0,1.5,0,1.5,False,False
C3314,U410,I385,this is worth discussing further. reference 3314,2026-06-27 08:04:31.826955,False,GENUINE,1,0,0,0.6148367794734235,0,5,15,1,1,0,0,1.5,0,1.5,False,False
C3315,U877,I45,this is worth discussing further. reference 3315,2026-06-16 17:25:31.826968,False,GENUINE,1,0,0,0.6148367794734235,0,8,15,1,1,0,0,1.5,0,1.5,False,False
C3316,U551,I378,the explanation of music was very clear. reference 3316,2026-07-14 23:52:31.826982,False,GENUINE,1,0,0,0.7662202675963719,20,5,15,1,1,0,0,4.5,0,4.5,False,False
C3317,U103,I468,this is an interesting perspective on fashion. reference 3317,2026-07-14 08:23:31.826996,False,GENUINE,1,0,0,0.7361608768424162,20,7,15,1,1,0,0,4.5,0,4.5,False,False
C3318,U636,I254,i learned something useful about fashion here. reference 3318,2026-07-24 10:22:31.827010,False,GENUINE,1,0,0,0.7359149406482672,20,4,0,1,1,0,0,3.0,0,3.0,False,False
C3319,U271,I438,i think this could be improved. reference 3319,2026-07-12 03:47:31.827024,False,GENUINE,1,0,0,0.6122441426822248,0,5,15,1,1,0,0,1.5,0,1.5,False,False
C3320,U825,I224,this is worth discussing further. reference 3320,2026-07-27 11:47:31.827038,False,GENUINE,1,0,0,0.6148367794734235,0,6,15,1,1,0,0,1.5,0,1.5,False,False
C3321,U330,I8,this is an interesting perspective on sports. reference 3321,2026-06-19 20:55:31.827054,False,GENUINE,1,0,0,0.7310531063082972,20,4,0,1,1,0,0,3.0,0,3.0,False,False
C3322,U317,I465,this was a surprisingly interesting post. reference 3322,2026-06-03 22:47:31.827071,False,GENUINE,1,0,0,0.661661894767308,0,4,0,1,1,0,0,0.0,0,0.0,False,False
C3323,U573,I275,i learned something useful about fashion here. reference 3323,2026-06-16 12:54:31.827085,False,GENUINE,1,0,0,0.7359149406482672,20,10,40,1,1,0,0,7.0,0,7.0,False,False
C3324,U712,I38,the explanation of gaming was very clear. reference 3324,2026-08-03 14:11:31.827099,False,GENUINE,1,0,0,0.7624332223630372,20,9,15,1,1,0,0,4.5,0,4.5,False,False
C3325,U728,I306,the information presented here is useful. reference 3325,2026-07-29 13:33:31.827113,False,GENUINE,1,0,0,0.6598076480079632,0,6,15,1,1,0,0,1.5,0,1.5,False,False
C3326,U733,I174,this was a surprisingly interesting post. reference 3326,2026-07-06 17:15:31.827126,False,GENUINE,1,0,0,0.661661894767308,0,5,15,1,1,0,0,1.5,0,1.5,False,False
C3327,U136,I471,the information presented here is useful. reference 3327,2026-06-05 19:32:31.827139,False,GENUINE,1,0,0,0.6598076480079632,0,4,0,1,1,0,0,0.0,0,0.0,False,False
C3328,U834,I448,best deal available now,2026-07-13 08:33:31.827154,False,GENUINE,52,50,15,1.0000000000000002,50,6,15,51,2,50,0,37.0,8,45.0,False,False
C3329,U230,I226,i really enjoyed this post about sports. reference 3329,2026-06-22 22:53:31.827167,False,GENUINE,1,0,0,0.7746110731001136,20,5,15,1,1,0,0,4.5,0,4.5,False,False
C3330,U158,I341,best product ever buy now,2026-06-27 19:44:31.827181,False,GENUINE,75,50,15,1.0,50,2,0,72,1,40,0,32.0,8,40.0,False,False
C3331,U229,I426,the explanation of sports was very clear. reference 3331,2026-07-22 06:38:31.827197,False,GENUINE,1,0,0,0.761366899611231,20,5,15,1,1,0,0,4.5,0,4.5,False,False
C3332,U450,I331,the explanation of education was very clear. reference 3332,2026-08-10 16:51:31.827211,False,GENUINE,1,0,0,0.7597438970269877,20,9,15,1,1,0,0,4.5,0,4.5,False,False
C3333,U303,I124,i really enjoyed this post about food. reference 3333,2026-07-02 21:04:31.827225,False,GENUINE,1,0,0,0.7772683096754256,20,2,0,1,1,0,0,3.0,0,3.0,False,False
C3334,U424,I284,this was a surprisingly interesting post. reference 3334,2026-07-05 07:14:31.827239,False,GENUINE,1,0,0,0.661661894767308,0,5,15,1,1,0,0,1.5,0,1.5,False,False
C3335,U190,I434,this was a surprisingly interesting post. reference 3335,2026-06-15 17:43:31.827252,False,GENUINE,1,0,0,0.661661894767308,0,4,0,1,1,0,0,0.0,0,0.0,False,False
C3336,U589,I454,the information presented here is useful. reference 3336,2026-06-08 12:04:31.827266,False,GENUINE,1,0,0,0.6598076480079632,0,7,15,1,1,0,0,1.5,0,1.5,False,False
C3337,U815,I186,i have a different opinion about fashion. reference 3337,2026-07-09 03:12:31.827280,False,GENUINE,1,0,0,0.743131701331639,20,4,0,1,1,0,0,3.0,0,3.0,False,False
C3338,U373,I460,amazing product buy now,2026-06-23 15:31:31.827293,False,GENUINE,69,50,15,1.0,50,3,0,68,1,40,0,32.0,8,40.0,False,False
C3339,U365,I39,i learned something useful about music here. reference 3339,2026-06-08 21:29:31.827307,False,GENUINE,1,0,0,0.7357637114536311,20,4,0,1,1,0,0,3.0,0,3.0,False,False
C3340,U252,I407,this was a surprisingly interesting post. reference 3340,2026-08-03 00:54:31.827321,False,GENUINE,1,0,0,0.661661894767308,0,3,0,1,1,0,0,0.0,0,0.0,False,False
C3341,U939,I401,this was a surprisingly interesting post. reference 3341,2026-06-24 02:28:31.827337,False,GENUINE,1,0,0,0.661661894767308,0,5,15,1,1,0,0,1.5,0,1.5,False,False
C3342,U321,I53,thanks for sharing this information. reference 3342,2026-06-07 06:53:31.827350,False,GENUINE,1,0,0,0.6789809902112234,0,4,0,1,1,0,0,0.0,0,0.0,False,False
C3343,U356,I367,this was a surprisingly interesting post. reference 3343,2026-06-30 11:32:31.827364,False,GENUINE,1,0,0,0.661661894767308,0,5,15,1,1,0,0,1.5,0,1.5,False,False
C3344,U275,I294,i really enjoyed this post about food. reference 3344,2026-06-16 12:10:31.827378,False,GENUINE,1,0,0,0.7772683096754256,20,4,0,1,1,0,0,3.0,0,3.0,False,False
C3345,U448,I254,thanks for sharing this information. reference 3345,2026-08-05 22:44:31.827391,False,GENUINE,1,0,0,0.6789809902112234,0,8,15,1,1,0,0,1.5,0,1.5,False,False
C3346,U976,I87,i really enjoyed this post about food. reference 3346,2026-06-21 22:50:31.827405,False,GENUINE,1,0,0,0.7772683096754256,20,2,0,1,1,0,0,3.0,0,3.0,False,False
C3347,U665,I29,best product ever buy now,2026-06-08 13:01:31.827418,False,GENUINE,75,50,15,1.0,50,4,0,72,1,40,0,32.0,8,40.0,False,False
C3348,U151,I32,this is worth discussing further. reference 3348,2026-06-07 09:35:31.827432,False,GENUINE,1,0,0,0.6148367794734235,0,8,15,1,1,0,0,1.5,0,1.5,False,False
C3349,U282,I291,i have a different opinion about technology. reference 3349,2026-06-07 21:04:31.827448,False,GENUINE,1,0,0,0.7418462529021725,20,7,15,1,1,0,0,4.5,0,4.5,False,False
C3350,U612,I251,the information presented here is useful. reference 3350,2026-07-06 18:22:31.827463,False,GENUINE,1,0,0,0.6598076480079632,0,9,15,1,1,0,0,1.5,0,1.5,False,False
C3351,U220,I338,i think this could be improved. reference 3351,2026-06-23 19:50:31.827478,False,GENUINE,1,0,0,0.6122441426822248,0,5,15,1,1,0,0,1.5,0,1.5,False,False
C3352,U713,I345,i have a different opinion about music. reference 3352,2026-07-21 15:56:31.827499,False,GENUINE,1,0,0,0.7390063271830457,20,9,15,1,1,0,0,4.5,0,4.5,False,False
C3353,U583,I408,this was a surprisingly interesting post. reference 3353,2026-07-29 16:54:31.827513,False,GENUINE,1,0,0,0.661661894767308,0,8,15,1,1,0,0,1.5,0,1.5,False,False
C3354,U784,I276,thanks for sharing this information. reference 3354,2026-08-11 05:10:31.827526,False,GENUINE,1,0,0,0.6789809902112234,0,9,15,1,1,0,0,1.5,0,1.5,False,False
C3355,U994,I312,i really enjoyed this post about music. reference 3355,2026-06-19 08:41:31.827540,False,GENUINE,1,0,0,0.7730771289001258,20,6,15,1,1,0,0,4.5,0,4.5,False,False
C3356,U122,I396,this is an interesting perspective on gaming. reference 3356,2026-06-24 14:40:31.827554,False,GENUINE,1,0,0,0.7326877208387651,20,4,0,1,1,0,0,3.0,0,3.0,False,False
C3357,U423,I373,amazing product buy now,2026-07-20 04:28:31.827568,False,GENUINE,69,50,15,1.0,50,8,15,68,2,50,0,37.0,8,45.0,False,False
C3358,U615,I396,i learned something useful about education here. reference 3358,2026-08-09 03:34:31.827582,False,GENUINE,1,0,0,0.7309832397113513,20,5,15,1,1,0,0,4.5,0,4.5,False,False
C3359,U664,I475,i think this could be improved. reference 3359,2026-07-12 15:10:31.827596,False,GENUINE,1,0,0,0.6122441426822248,0,5,15,1,1,0,0,1.5,0,1.5,False,False
C3360,U91,I48,the information presented here is useful. reference 3360,2026-07-05 17:37:31.827616,False,GENUINE,1,0,0,0.6598076480079632,0,9,15,1,1,0,0,1.5,0,1.5,False,False
C3361,U390,I356,i think this could be improved. reference 3361,2026-07-11 14:02:31.827630,False,GENUINE,1,0,0,0.6122441426822248,0,6,15,1,1,0,0,1.5,0,1.5,False,False
C3362,U187,I49,best product ever buy now,2026-07-26 16:25:31.827644,False,GENUINE,75,50,15,1.0,50,7,15,72,1,40,0,33.5,8,41.5,False,False
C3363,U724,I220,i have a different opinion about food. reference 3363,2026-08-03 13:46:31.827658,False,GENUINE,1,0,0,0.7486181787682682,20,10,40,1,1,0,0,7.0,0,7.0,False,False
C3364,U188,I133,the information presented here is useful. reference 3364,2026-07-22 04:52:31.827672,False,GENUINE,1,0,0,0.6598076480079632,0,5,15,1,1,0,0,1.5,0,1.5,False,False
C3365,U359,I331,this is an interesting perspective on music. reference 3365,2026-07-01 17:10:31.827686,False,GENUINE,1,0,0,0.7318423269582839,20,5,15,1,1,0,0,4.5,0,4.5,False,False
C3366,U769,I48,this was a surprisingly interesting post. reference 3366,2026-08-09 23:25:31.827699,False,GENUINE,1,0,0,0.661661894767308,0,8,15,1,1,0,0,1.5,0,1.5,False,False
C3367,U900,I310,i really enjoyed this post about technology. reference 3367,2026-06-10 16:34:31.827713,False,GENUINE,1,0,0,0.7763004403525399,20,4,0,1,1,0,0,3.0,0,3.0,False,False
C3368,U382,I48,i learned something useful about technology here. reference 3368,2026-06-24 16:06:31.827727,False,GENUINE,1,0,0,0.7297924268271072,20,6,15,1,1,0,0,4.5,0,4.5,False,False
C3369,U12,I2,this is worth discussing further. reference 3369,2026-07-14 22:56:31.827741,False,GENUINE,1,0,0,0.6148367794734235,0,4,0,1,1,0,0,0.0,0,0.0,False,False
C3370,U28,I409,thanks for sharing this information. reference 3370,2026-08-05 12:24:31.827755,False,GENUINE,1,0,0,0.6789809902112234,0,5,15,1,1,0,0,1.5,0,1.5,False,False
C3371,U978,I88,the explanation of food was very clear. reference 3371,2026-07-26 06:51:31.827768,False,GENUINE,1,0,0,0.7668898154278452,20,9,15,1,1,0,0,4.5,0,4.5,False,False
C3372,U548,I111,this is worth discussing further. reference 3372,2026-06-10 15:33:31.827782,False,GENUINE,1,0,0,0.6148367794734235,0,11,40,1,1,0,0,4.0,0,4.0,False,False
C3373,U934,I79,thanks for sharing this information. reference 3373,2026-06-20 14:05:31.827797,False,GENUINE,1,0,0,0.6789809902112234,0,5,15,1,1,0,0,1.5,0,1.5,False,False
C3374,U181,I456,i think this could be improved. reference 3374,2026-06-26 15:42:31.827811,False,GENUINE,1,0,0,0.6122441426822248,0,9,15,1,1,0,0,1.5,0,1.5,False,False
C3375,U152,I416,i think this could be improved. reference 3375,2026-06-16 05:01:31.827824,False,GENUINE,1,0,0,0.6122441426822248,0,6,15,1,1,0,0,1.5,0,1.5,False,False
C3376,U39,I478,this was a surprisingly interesting post. reference 3376,2026-07-14 11:08:31.827838,False,GENUINE,1,0,0,0.661661894767308,0,6,15,1,1,0,0,1.5,0,1.5,False,False
C3377,U957,I149,this is an interesting perspective on music. reference 3377,2026-06-10 15:52:31.827854,False,GENUINE,1,0,0,0.7318423269582839,20,6,15,1,1,0,0,4.5,0,4.5,False,False
C3378,U184,I302,this was a surprisingly interesting post. reference 3378,2026-08-02 18:08:31.827868,False,GENUINE,1,0,0,0.661661894767308,0,5,15,1,1,0,0,1.5,0,1.5,False,False
C3379,U509,I98,thanks for sharing this information. reference 3379,2026-06-17 00:26:31.827881,False,GENUINE,1,0,0,0.6789809902112234,0,10,40,1,1,0,0,4.0,0,4.0,False,False
C3380,U942,I172,i think this could be improved. reference 3380,2026-07-02 01:27:31.827895,False,GENUINE,1,0,0,0.6122441426822248,0,8,15,1,1,0,0,1.5,0,1.5,False,False
C3381,U966,I59,this was a surprisingly interesting post. reference 3381,2026-07-12 00:51:31.827908,False,GENUINE,1,0,0,0.661661894767308,0,6,15,1,1,0,0,1.5,0,1.5,False,False
C3382,U252,I187,i learned something useful about sports here. reference 3382,2026-06-28 03:53:31.827922,False,GENUINE,1,0,0,0.7313413266953137,20,3,0,1,1,0,0,3.0,0,3.0,False,False
C3383,U192,I406,the information presented here is useful. reference 3383,2026-07-10 05:13:31.827935,False,GENUINE,1,0,0,0.6598076480079632,0,7,15,1,1,0,0,1.5,0,1.5,False,False
C3384,U60,I469,i think this could be improved. reference 3384,2026-06-25 12:22:31.827949,False,GENUINE,1,0,0,0.6122441426822248,0,4,0,1,1,0,0,0.0,0,0.0,False,False
C3385,U93,I339,this is worth discussing further. reference 3385,2026-06-03 22:27:31.827966,False,GENUINE,1,0,0,0.6148367794734235,0,6,15,1,1,0,0,1.5,0,1.5,False,False
C3386,U559,I329,the explanation of movies was very clear. reference 3386,2026-07-13 16:14:31.827980,False,GENUINE,1,0,0,0.769149315988473,20,8,15,1,1,0,0,4.5,0,4.5,False,False
C3387,U138,I229,the explanation of movies was very clear. reference 3387,2026-06-15 19:43:31.827993,False,GENUINE,1,0,0,0.769149315988473,20,7,15,1,1,0,0,4.5,0,4.5,False,False
C3388,U436,I206,click here for amazing deals,2026-08-04 08:00:31.828009,False,GENUINE,53,50,30,1.0000000000000002,50,8,15,53,1,40,0,36.5,8,44.5,False,False
C3389,U502,I12,i think this could be improved. reference 3389,2026-07-13 13:37:31.828022,False,GENUINE,1,0,0,0.6122441426822248,0,8,15,1,1,0,0,1.5,0,1.5,False,False
C3390,U574,I247,thanks for sharing this information. reference 3390,2026-07-14 23:44:31.828036,False,GENUINE,1,0,0,0.6789809902112234,0,6,15,1,1,0,0,1.5,0,1.5,False,False
C3391,U509,I402,i have a different opinion about technology. reference 3391,2026-06-24 19:31:31.828050,False,GENUINE,1,0,0,0.7418462529021725,20,10,40,1,1,0,0,7.0,0,7.0,False,False
C3392,U851,I21,the explanation of gaming was very clear. reference 3392,2026-07-14 21:04:31.828064,False,GENUINE,1,0,0,0.7624332223630372,20,5,15,1,1,0,0,4.5,0,4.5,False,False
C3393,U913,I300,thanks for sharing this information. reference 3393,2026-06-14 11:50:31.828077,False,GENUINE,1,0,0,0.6789809902112234,0,5,15,1,1,0,0,1.5,0,1.5,False,False
C3394,U321,I378,i really enjoyed this post about technology. reference 3394,2026-08-07 12:51:31.828091,False,GENUINE,1,0,0,0.7763004403525399,20,4,0,1,1,0,0,3.0,0,3.0,False,False
C3395,U989,I155,the information presented here is useful. reference 3395,2026-07-10 19:32:31.828105,False,GENUINE,1,0,0,0.6598076480079632,0,5,15,1,1,0,0,1.5,0,1.5,False,False
C3396,U987,I275,i really enjoyed this post about fashion. reference 3396,2026-06-05 14:37:31.828118,False,GENUINE,1,0,0,0.7749801373506703,20,6,15,1,1,0,0,4.5,0,4.5,False,False
C3397,U520,I268,i learned something useful about music here. reference 3397,2026-06-10 20:01:31.828132,False,GENUINE,1,0,0,0.7357637114536311,20,7,15,1,1,0,0,4.5,0,4.5,False,False
C3398,U715,I22,the explanation of gaming was very clear. reference 3398,2026-07-01 05:08:31.828146,False,GENUINE,1,0,0,0.7624332223630372,20,7,15,1,1,0,0,4.5,0,4.5,False,False
C3399,U972,I95,the explanation of music was very clear. reference 3399,2026-08-05 04:35:31.828160,False,GENUINE,1,0,0,0.7662202675963719,20,7,15,1,1,0,0,4.5,0,4.5,False,False
C3400,U731,I104,i think this could be improved. reference 3400,2026-06-20 20:17:31.828174,False,GENUINE,1,0,0,0.6122441426822248,0,7,15,1,1,0,0,1.5,0,1.5,False,False
C3401,U655,I313,i really enjoyed this post about technology. reference 3401,2026-07-08 02:36:31.828187,False,GENUINE,1,0,0,0.7763004403525399,20,10,40,1,1,0,0,7.0,0,7.0,False,False
C3402,U210,I460,this is an interesting perspective on movies. reference 3402,2026-08-11 09:37:31.828201,False,GENUINE,1,0,0,0.7382784747058516,20,7,15,1,1,0,0,4.5,0,4.5,False,False
C3403,U926,I123,this is worth discussing further. reference 3403,2026-07-07 08:11:31.828215,False,GENUINE,1,0,0,0.6148367794734235,0,9,15,1,1,0,0,1.5,0,1.5,False,False
C3404,U846,I116,this is worth discussing further. reference 3404,2026-08-07 18:12:31.828228,False,GENUINE,1,0,0,0.6148367794734235,0,6,15,1,1,0,0,1.5,0,1.5,False,False
C3405,U159,I72,best deal available now,2026-06-16 05:43:31.828244,False,GENUINE,52,50,15,1.0000000000000002,50,7,15,51,1,40,0,33.5,8,41.5,False,False
C3406,U684,I132,the information presented here is useful. reference 3406,2026-07-24 04:25:31.828260,False,GENUINE,1,0,0,0.6598076480079632,0,2,0,1,1,0,0,0.0,0,0.0,False,False
C3407,U962,I449,i have a different opinion about fashion. reference 3407,2026-06-10 00:02:31.828274,False,GENUINE,1,0,0,0.743131701331639,20,5,15,1,1,0,0,4.5,0,4.5,False,False
C3408,U10,I212,the information presented here is useful. reference 3408,2026-07-17 12:29:31.828287,False,GENUINE,1,0,0,0.6598076480079632,0,4,0,1,1,0,0,0.0,0,0.0,False,False
C3409,U862,I461,the explanation of food was very clear. reference 3409,2026-07-19 18:22:31.828301,False,GENUINE,1,0,0,0.7668898154278452,20,8,15,1,1,0,0,4.5,0,4.5,False,False
C3410,U614,I5,the information presented here is useful. reference 3410,2026-06-09 11:32:31.828315,False,GENUINE,1,0,0,0.6598076480079632,0,9,15,1,1,0,0,1.5,0,1.5,False,False
C3411,U785,I229,i learned something useful about sports here. reference 3411,2026-08-05 09:55:31.828328,False,GENUINE,1,0,0,0.7313413266953137,20,3,0,1,1,0,0,3.0,0,3.0,False,False
C3412,U652,I58,this is an interesting perspective on education. reference 3412,2026-06-28 08:45:31.828342,False,GENUINE,1,0,0,0.7306942280328299,20,7,15,1,1,0,0,4.5,0,4.5,False,False
C3413,U68,I93,this was a surprisingly interesting post. reference 3413,2026-07-27 14:21:31.828355,False,GENUINE,1,0,0,0.661661894767308,0,7,15,1,1,0,0,1.5,0,1.5,False,False
C3414,U966,I378,i have a different opinion about fashion. reference 3414,2026-07-16 21:48:31.828370,False,GENUINE,1,0,0,0.743131701331639,20,6,15,1,1,0,0,4.5,0,4.5,False,False
C3415,U549,I146,i have a different opinion about movies. reference 3415,2026-08-01 22:58:31.828385,False,GENUINE,1,0,0,0.7480534672157237,20,7,15,1,1,0,0,4.5,0,4.5,False,False
C3416,U779,I61,the information presented here is useful. reference 3416,2026-08-03 23:00:31.828401,False,GENUINE,1,0,0,0.6598076480079632,0,5,15,1,1,0,0,1.5,0,1.5,False,False
C3417,U568,I433,i think this could be improved. reference 3417,2026-07-31 06:17:31.828414,False,GENUINE,1,0,0,0.6122441426822248,0,7,15,1,1,0,0,1.5,0,1.5,False,False
C3418,U530,I18,i think this could be improved. reference 3418,2026-08-01 21:07:31.828428,False,GENUINE,1,0,0,0.6122441426822248,0,6,15,1,1,0,0,1.5,0,1.5,False,False
C3419,U114,I117,i really enjoyed this post about fashion. reference 3419,2026-07-26 00:59:31.828441,False,GENUINE,1,0,0,0.7749801373506703,20,4,0,1,1,0,0,3.0,0,3.0,False,False
C3420,U85,I390,this is an interesting perspective on sports. reference 3420,2026-07-03 03:38:31.828455,False,GENUINE,1,0,0,0.7310531063082972,20,7,15,1,1,0,0,4.5,0,4.5,False,False
C3421,U630,I189,i think this could be improved. reference 3421,2026-07-02 14:22:31.828469,False,GENUINE,1,0,0,0.6122441426822248,0,6,15,1,1,0,0,1.5,0,1.5,False,False
C3422,U611,I393,i really enjoyed this post about sports. reference 3422,2026-07-23 16:17:31.828482,False,GENUINE,1,0,0,0.7746110731001136,20,4,0,1,1,0,0,3.0,0,3.0,False,False
C3423,U742,I162,best deal available now,2026-07-28 22:22:31.828496,False,GENUINE,52,50,15,1.0000000000000002,50,8,15,51,1,40,0,33.5,8,41.5,False,False
C3424,U349,I440,i have a different opinion about education. reference 3424,2026-07-10 23:08:31.828510,False,GENUINE,1,0,0,0.7416504318441781,20,8,15,1,1,0,0,4.5,0,4.5,False,False
C3425,U473,I102,i really enjoyed this post about fashion. reference 3425,2026-07-08 05:47:31.828524,False,GENUINE,1,0,0,0.7749801373506703,20,4,0,1,1,0,0,3.0,0,3.0,False,False
C3426,U156,I484,i have a different opinion about gaming. reference 3426,2026-07-22 07:56:31.828538,False,GENUINE,1,0,0,0.7402988924808734,20,9,15,1,1,0,0,4.5,0,4.5,False,False
C3427,U188,I321,the explanation of music was very clear. reference 3427,2026-06-12 22:32:31.828552,False,GENUINE,1,0,0,0.7662202675963719,20,5,15,1,1,0,0,4.5,0,4.5,False,False
C3428,U738,I224,i really enjoyed this post about food. reference 3428,2026-08-05 12:24:31.828565,False,GENUINE,1,0,0,0.7772683096754256,20,6,15,1,1,0,0,4.5,0,4.5,False,False
C3429,U863,I125,thanks for sharing this information. reference 3429,2026-06-22 03:31:31.828579,False,GENUINE,1,0,0,0.6789809902112234,0,6,15,1,1,0,0,1.5,0,1.5,False,False
C3430,U164,I73,this was a surprisingly interesting post. reference 3430,2026-08-06 16:05:31.828592,False,GENUINE,1,0,0,0.661661894767308,0,5,15,1,1,0,0,1.5,0,1.5,False,False
C3431,U114,I350,this is an interesting perspective on fashion. reference 3431,2026-06-25 16:17:31.828606,False,GENUINE,1,0,0,0.7361608768424162,20,4,0,1,1,0,0,3.0,0,3.0,False,False
C3432,U547,I8,thanks for sharing this information. reference 3432,2026-06-06 22:12:31.828620,False,GENUINE,1,0,0,0.6789809902112234,0,6,15,1,1,0,0,1.5,0,1.5,False,False
C3433,U955,I164,this is worth discussing further. reference 3433,2026-07-29 18:31:31.828633,False,GENUINE,1,0,0,0.6148367794734235,0,8,15,1,1,0,0,1.5,0,1.5,False,False
C3434,U923,I53,the explanation of technology was very clear. reference 3434,2026-07-08 03:12:31.828649,False,GENUINE,1,0,0,0.768821942884016,20,8,15,1,1,0,0,4.5,0,4.5,False,False
C3435,U3,I288,i really enjoyed this post about fashion. reference 3435,2026-06-21 05:27:31.828662,False,GENUINE,1,0,0,0.7749801373506703,20,6,15,1,1,0,0,4.5,0,4.5,False,False
C3436,U122,I438,the explanation of technology was very clear. reference 3436,2026-06-21 12:41:31.828676,False,GENUINE,1,0,0,0.768821942884016,20,4,0,1,1,0,0,3.0,0,3.0,False,False
C3437,U558,I37,i really enjoyed this post about food. reference 3437,2026-06-20 19:32:31.828693,False,GENUINE,1,0,0,0.7772683096754256,20,7,15,1,1,0,0,4.5,0,4.5,False,False
C3438,U660,I197,i have a different opinion about fashion. reference 3438,2026-07-01 21:39:31.828707,False,GENUINE,1,0,0,0.743131701331639,20,5,15,1,1,0,0,4.5,0,4.5,False,False
C3439,U932,I383,the explanation of food was very clear. reference 3439,2026-06-17 01:43:31.828720,False,GENUINE,1,0,0,0.7668898154278452,20,3,0,1,1,0,0,3.0,0,3.0,False,False
C3440,U256,I176,i think this could be improved. reference 3440,2026-07-28 21:26:31.828735,False,GENUINE,1,0,0,0.6122441426822248,0,10,40,1,1,0,0,4.0,0,4.0,False,False
C3441,U465,I274,this is worth discussing further. reference 3441,2026-07-29 16:31:31.828749,False,GENUINE,1,0,0,0.6148367794734235,0,7,15,1,1,0,0,1.5,0,1.5,False,False
C3442,U293,I326,i learned something useful about fashion here. reference 3442,2026-07-19 10:05:31.828762,False,GENUINE,1,0,0,0.7359149406482672,20,8,15,1,1,0,0,4.5,0,4.5,False,False
C3443,U903,I82,this is worth discussing further. reference 3443,2026-07-03 12:50:31.828776,False,GENUINE,1,0,0,0.6148367794734235,0,9,15,1,1,0,0,1.5,0,1.5,False,False
C3444,U824,I153,i learned something useful about technology here. reference 3444,2026-06-30 23:14:31.828791,False,GENUINE,1,0,0,0.7297924268271072,20,7,15,1,1,0,0,4.5,0,4.5,False,False
C3445,U420,I363,this was a surprisingly interesting post. reference 3445,2026-07-06 05:17:31.828805,False,GENUINE,1,0,0,0.661661894767308,0,5,15,1,1,0,0,1.5,0,1.5,False,False
C3446,U128,I430,this is worth discussing further. reference 3446,2026-07-05 21:30:31.828818,False,GENUINE,1,0,0,0.6148367794734235,0,4,0,1,1,0,0,0.0,0,0.0,False,False
C3447,U431,I452,the information presented here is useful. reference 3447,2026-06-06 01:44:31.828831,False,GENUINE,1,0,0,0.6598076480079632,0,7,15,1,1,0,0,1.5,0,1.5,False,False
C3448,U463,I227,the information presented here is useful. reference 3448,2026-07-09 17:46:31.828845,False,GENUINE,1,0,0,0.6598076480079632,0,6,15,1,1,0,0,1.5,0,1.5,False,False
C3449,U345,I166,the information presented here is useful. reference 3449,2026-06-06 23:53:31.828860,False,GENUINE,1,0,0,0.6598076480079632,0,11,40,1,1,0,0,4.0,0,4.0,False,False
C3450,U542,I105,the explanation of sports was very clear. reference 3450,2026-06-07 23:18:31.828874,False,GENUINE,1,0,0,0.761366899611231,20,6,15,1,1,0,0,4.5,0,4.5,False,False
C3451,U195,I291,the explanation of music was very clear. reference 3451,2026-06-30 15:43:31.828888,False,GENUINE,1,0,0,0.7662202675963719,20,2,0,1,1,0,0,3.0,0,3.0,False,False
C3452,U561,I441,the information presented here is useful. reference 3452,2026-06-14 05:08:31.828901,False,GENUINE,1,0,0,0.6598076480079632,0,6,15,1,1,0,0,1.5,0,1.5,False,False
C3453,U314,I109,the information presented here is useful. reference 3453,2026-06-30 00:44:31.828915,False,GENUINE,1,0,0,0.6598076480079632,0,7,15,1,1,0,0,1.5,0,1.5,False,False
C3454,U111,I277,i think this could be improved. reference 3454,2026-06-16 01:43:31.828928,False,GENUINE,1,0,0,0.6122441426822248,0,4,0,1,1,0,0,0.0,0,0.0,False,False
C3455,U422,I26,the explanation of sports was very clear. reference 3455,2026-07-12 02:18:31.828944,False,GENUINE,1,0,0,0.761366899611231,20,10,40,1,1,0,0,7.0,0,7.0,False,False
C3456,U564,I455,i learned something useful about fashion here. reference 3456,2026-06-25 17:29:31.828958,False,GENUINE,1,0,0,0.7359149406482672,20,7,15,1,1,0,0,4.5,0,4.5,False,False
C3457,U442,I92,i think this could be improved. reference 3457,2026-06-09 15:59:31.828971,False,GENUINE,1,0,0,0.6122441426822248,0,3,0,1,1,0,0,0.0,0,0.0,False,False
C3458,U211,I197,you must buy this product,2026-07-17 22:54:31.828985,False,GENUINE,51,50,0,1.0,50,4,0,51,1,40,0,29.0,8,37.0,False,False
C3459,U763,I348,thanks for sharing this information. reference 3459,2026-06-14 11:10:31.828998,False,GENUINE,1,0,0,0.6789809902112234,0,9,15,1,1,0,0,1.5,0,1.5,False,False
C3460,U411,I294,the explanation of education was very clear. reference 3460,2026-07-05 09:30:31.829012,False,GENUINE,1,0,0,0.7597438970269877,20,5,15,1,1,0,0,4.5,0,4.5,False,False
C3461,U324,I239,the explanation of education was very clear. reference 3461,2026-06-03 10:00:31.829026,False,GENUINE,1,0,0,0.7597438970269877,20,5,15,1,1,0,0,4.5,0,4.5,False,False
C3462,U953,I249,this is worth discussing further. reference 3462,2026-06-11 06:49:31.829042,False,GENUINE,1,0,0,0.6148367794734235,0,8,15,1,1,0,0,1.5,0,1.5,False,False
C3463,U99,I402,this is an interesting perspective on gaming. reference 3463,2026-08-09 21:05:31.829056,False,GENUINE,1,0,0,0.7326877208387651,20,6,15,1,1,0,0,4.5,0,4.5,False,False
C3464,U8,I471,i really enjoyed this post about music. reference 3464,2026-08-03 15:29:31.829069,False,GENUINE,1,0,0,0.7730771289001258,20,7,15,1,1,0,0,4.5,0,4.5,False,False
C3465,U320,I476,this is worth discussing further. reference 3465,2026-06-05 03:35:31.829083,False,GENUINE,1,0,0,0.6148367794734235,0,3,0,1,1,0,0,0.0,0,0.0,False,False
C3466,U154,I490,the explanation of movies was very clear. reference 3466,2026-08-05 19:45:31.829096,False,GENUINE,1,0,0,0.769149315988473,20,6,15,1,1,0,0,4.5,0,4.5,False,False
C3467,U371,I319,this is worth discussing further. reference 3467,2026-06-29 14:08:31.829110,False,GENUINE,1,0,0,0.6148367794734235,0,6,15,1,1,0,0,1.5,0,1.5,False,False
C3468,U346,I360,i learned something useful about movies here. reference 3468,2026-07-15 05:32:31.829126,False,GENUINE,1,0,0,0.736990248638929,20,4,0,1,1,0,0,3.0,0,3.0,False,False
C3469,U103,I410,this was a surprisingly interesting post. reference 3469,2026-07-28 23:53:31.829140,False,GENUINE,1,0,0,0.661661894767308,0,7,15,1,1,0,0,1.5,0,1.5,False,False
C3470,U167,I212,this is an interesting perspective on fashion. reference 3470,2026-07-28 10:12:31.829154,False,GENUINE,1,0,0,0.7361608768424162,20,5,15,1,1,0,0,4.5,0,4.5,False,False
C3471,U575,I282,i think this could be improved. reference 3471,2026-06-10 00:44:31.829168,False,GENUINE,1,0,0,0.6122441426822248,0,6,15,1,1,0,0,1.5,0,1.5,False,False
C3472,U868,I462,the explanation of gaming was very clear. reference 3472,2026-06-12 09:44:31.829182,False,GENUINE,1,0,0,0.7624332223630372,20,8,15,1,1,0,0,4.5,0,4.5,False,False
C3473,U968,I75,i think this could be improved. reference 3473,2026-06-04 01:11:31.829197,False,GENUINE,1,0,0,0.6122441426822248,0,11,40,1,1,0,0,4.0,0,4.0,False,False
C3474,U40,I69,the information presented here is useful. reference 3474,2026-07-08 07:14:31.829211,False,GENUINE,1,0,0,0.6598076480079632,0,2,0,1,1,0,0,0.0,0,0.0,False,False
C3475,U488,I87,i really enjoyed this post about music. reference 3475,2026-07-02 16:44:31.829225,False,GENUINE,1,0,0,0.7730771289001258,20,4,0,1,1,0,0,3.0,0,3.0,False,False
C3476,U598,I292,i learned something useful about food here. reference 3476,2026-08-10 00:36:31.829239,False,GENUINE,1,0,0,0.7306701420191416,20,7,15,1,1,0,0,4.5,0,4.5,False,False
C3477,U993,I251,thanks for sharing this information. reference 3477,2026-07-11 21:43:31.829252,False,GENUINE,1,0,0,0.6789809902112234,0,7,15,1,1,0,0,1.5,0,1.5,False,False
C3478,U87,I453,this is worth discussing further. reference 3478,2026-07-26 16:48:31.829266,False,GENUINE,1,0,0,0.6148367794734235,0,4,0,1,1,0,0,0.0,0,0.0,False,False
C3479,U138,I319,i have a different opinion about fashion. reference 3479,2026-07-29 05:25:31.829279,False,GENUINE,1,0,0,0.743131701331639,20,7,15,1,1,0,0,4.5,0,4.5,False,False
C3480,U113,I478,the explanation of music was very clear. reference 3480,2026-07-16 05:20:31.829293,False,GENUINE,1,0,0,0.7662202675963719,20,7,15,1,1,0,0,4.5,0,4.5,False,False
C3481,U728,I405,this is an interesting perspective on music. reference 3481,2026-06-17 23:07:31.829307,False,GENUINE,1,0,0,0.7318423269582839,20,6,15,1,1,0,0,4.5,0,4.5,False,False
C3482,U818,I253,i really enjoyed this post about fashion. reference 3482,2026-07-27 10:39:31.829321,False,GENUINE,1,0,0,0.7749801373506703,20,3,0,1,1,0,0,3.0,0,3.0,False,False
C3483,U373,I435,i have a different opinion about sports. reference 3483,2026-06-26 02:23:31.829335,False,GENUINE,1,0,0,0.7435975412000372,20,3,0,1,1,0,0,3.0,0,3.0,False,False
C3484,U286,I266,i really enjoyed this post about food. reference 3484,2026-07-13 20:03:31.829349,False,GENUINE,1,0,0,0.7772683096754256,20,3,0,1,1,0,0,3.0,0,3.0,False,False
C3485,U927,I85,i really enjoyed this post about sports. reference 3485,2026-06-09 01:41:31.829363,False,GENUINE,1,0,0,0.7746110731001136,20,5,15,1,1,0,0,4.5,0,4.5,False,False
C3486,U313,I134,i think this could be improved. reference 3486,2026-07-12 02:39:31.829376,False,GENUINE,1,0,0,0.6122441426822248,0,5,15,1,1,0,0,1.5,0,1.5,False,False
C3487,U41,I139,i think this could be improved. reference 3487,2026-07-12 12:42:31.829390,False,GENUINE,1,0,0,0.6122441426822248,0,5,15,1,1,0,0,1.5,0,1.5,False,False
C3488,U564,I16,i learned something useful about technology here. reference 3488,2026-06-05 23:08:31.829404,False,GENUINE,1,0,0,0.7297924268271072,20,7,15,1,1,0,0,4.5,0,4.5,False,False
C3489,U587,I9,i have a different opinion about fashion. reference 3489,2026-07-24 15:51:31.829419,False,GENUINE,1,0,0,0.743131701331639,20,5,15,1,1,0,0,4.5,0,4.5,False,False
C3490,U926,I240,the information presented here is useful. reference 3490,2026-08-08 13:22:31.829433,False,GENUINE,1,0,0,0.6598076480079632,0,9,15,1,1,0,0,1.5,0,1.5,False,False
C3491,U711,I344,i have a different opinion about fashion. reference 3491,2026-07-12 06:46:31.829448,False,GENUINE,1,0,0,0.743131701331639,20,7,15,1,1,0,0,4.5,0,4.5,False,False
C3492,U375,I411,this was a surprisingly interesting post. reference 3492,2026-07-05 18:27:31.829462,False,GENUINE,1,0,0,0.661661894767308,0,6,15,1,1,0,0,1.5,0,1.5,False,False
C3493,U724,I175,i learned something useful about music here. reference 3493,2026-06-07 09:02:31.829475,False,GENUINE,1,0,0,0.7357637114536311,20,10,40,1,1,0,0,7.0,0,7.0,False,False
C3494,U267,I282,the explanation of food was very clear. reference 3494,2026-07-17 04:43:31.829489,False,GENUINE,1,0,0,0.7668898154278452,20,7,15,1,1,0,0,4.5,0,4.5,False,False
C3495,U273,I42,i think this could be improved. reference 3495,2026-06-12 04:35:31.829509,False,GENUINE,1,0,0,0.6122441426822248,0,13,40,1,1,0,0,4.0,0,4.0,False,False
C3496,U935,I163,this was a surprisingly interesting post. reference 3496,2026-08-09 17:43:31.829523,False,GENUINE,1,0,0,0.661661894767308,0,4,0,1,1,0,0,0.0,0,0.0,False,False
C3497,U830,I65,this is an interesting perspective on sports. reference 3497,2026-08-05 01:25:31.829537,False,GENUINE,1,0,0,0.7310531063082972,20,8,15,1,1,0,0,4.5,0,4.5,False,False
C3498,U181,I191,this is an interesting perspective on education. reference 3498,2026-06-20 18:37:31.829550,False,GENUINE,1,0,0,0.7306942280328299,20,9,15,1,1,0,0,4.5,0,4.5,False,False
C3499,U820,I121,best product ever buy now,2026-08-10 22:54:31.829564,False,GENUINE,75,50,15,1.0,50,4,0,72,1,40,0,32.0,8,40.0,False,False
C3500,U740,I6,this is worth discussing further. reference 3500,2026-07-28 14:39:31.829580,False,GENUINE,1,0,0,0.6148367794734235,0,6,15,1,1,0,0,1.5,0,1.5,False,False
C3501,U596,I320,i think this could be improved. reference 3501,2026-06-12 07:24:31.829596,False,GENUINE,1,0,0,0.6122441426822248,0,5,15,1,1,0,0,1.5,0,1.5,False,False
C3502,U108,I313,this is an interesting perspective on technology. reference 3502,2026-06-08 17:44:31.829610,False,GENUINE,1,0,0,0.7340859795799535,20,7,15,1,1,0,0,4.5,0,4.5,False,False
C3503,U142,I102,this is an interesting perspective on education. reference 3503,2026-08-03 11:39:31.829625,False,GENUINE,1,0,0,0.7306942280328299,20,6,15,1,1,0,0,4.5,0,4.5,False,False
C3504,U735,I487,you must buy this product,2026-07-03 10:08:31.829639,False,GENUINE,51,50,0,1.0,50,6,15,51,1,40,0,30.5,8,38.5,False,False
C3505,U810,I351,the explanation of sports was very clear. reference 3505,2026-08-07 06:45:31.829652,False,GENUINE,1,0,0,0.761366899611231,20,6,15,1,1,0,0,4.5,0,4.5,False,False
C3506,U734,I40,the information presented here is useful. reference 3506,2026-06-15 21:39:31.829666,False,GENUINE,1,0,0,0.6598076480079632,0,4,0,1,1,0,0,0.0,0,0.0,False,False
C3507,U542,I98,i think this could be improved. reference 3507,2026-06-08 08:48:31.829680,False,GENUINE,1,0,0,0.6122441426822248,0,6,15,1,1,0,0,1.5,0,1.5,False,False
C3508,U507,I309,i learned something useful about food here. reference 3508,2026-07-16 14:41:31.829694,False,GENUINE,1,0,0,0.7306701420191416,20,4,0,1,1,0,0,3.0,0,3.0,False,False
C3509,U749,I346,thanks for sharing this information. reference 3509,2026-07-02 13:17:31.829707,False,GENUINE,1,0,0,0.6789809902112234,0,4,0,1,1,0,0,0.0,0,0.0,False,False
C3510,U189,I259,i really enjoyed this post about gaming. reference 3510,2026-07-26 19:49:31.829721,False,GENUINE,1,0,0,0.7760108921746118,20,6,15,1,1,0,0,4.5,0,4.5,False,False
C3511,U997,I101,i have a different opinion about education. reference 3511,2026-06-23 11:58:31.829735,False,GENUINE,1,0,0,0.7416504318441781,20,6,15,1,1,0,0,4.5,0,4.5,False,False
C3512,U589,I498,the explanation of gaming was very clear. reference 3512,2026-06-08 20:32:31.829749,False,GENUINE,1,0,0,0.7624332223630372,20,7,15,1,1,0,0,4.5,0,4.5,False,False
C3513,U779,I38,the explanation of education was very clear. reference 3513,2026-07-13 13:51:31.829764,False,GENUINE,1,0,0,0.7597438970269877,20,5,15,1,1,0,0,4.5,0,4.5,False,False
C3514,U774,I116,i learned something useful about fashion here. reference 3514,2026-06-15 00:09:31.829778,False,GENUINE,1,0,0,0.7359149406482672,20,10,40,1,1,0,0,7.0,0,7.0,False,False
C3515,U856,I303,i have a different opinion about fashion. reference 3515,2026-06-26 17:10:31.829792,False,GENUINE,1,0,0,0.743131701331639,20,3,0,1,1,0,0,3.0,0,3.0,False,False
C3516,U655,I146,the explanation of fashion was very clear. reference 3516,2026-07-19 23:46:31.829806,False,GENUINE,1,0,0,0.7656396726651926,20,10,40,1,1,0,0,7.0,0,7.0,False,False
C3517,U844,I176,the explanation of technology was very clear. reference 3517,2026-06-13 05:27:31.829819,False,GENUINE,1,0,0,0.768821942884016,20,9,15,1,1,0,0,4.5,0,4.5,False,False
C3518,U911,I495,i have a different opinion about movies. reference 3518,2026-06-04 04:11:31.829833,False,GENUINE,1,0,0,0.7480534672157237,20,10,40,1,1,0,0,7.0,0,7.0,False,False
C3519,U165,I33,i really enjoyed this post about gaming. reference 3519,2026-06-27 20:59:31.829848,False,GENUINE,1,0,0,0.7760108921746118,20,10,40,1,1,0,0,7.0,0,7.0,False,False
C3520,U352,I462,i really enjoyed this post about fashion. reference 3520,2026-08-04 13:19:31.829862,False,GENUINE,1,0,0,0.7749801373506703,20,7,15,1,1,0,0,4.5,0,4.5,False,False
C3521,U690,I391,i think this could be improved. reference 3521,2026-06-05 02:06:31.829876,False,GENUINE,1,0,0,0.6122441426822248,0,5,15,1,1,0,0,1.5,0,1.5,False,False
C3522,U690,I45,this is worth discussing further. reference 3522,2026-06-09 07:00:31.829898,False,GENUINE,1,0,0,0.6148367794734235,0,5,15,1,1,0,0,1.5,0,1.5,False,False
C3523,U697,I310,this is an interesting perspective on movies. reference 3523,2026-06-06 15:30:31.829923,False,GENUINE,1,0,0,0.7382784747058516,20,5,15,1,1,0,0,4.5,0,4.5,False,False
C3524,U859,I163,amazing product buy now,2026-06-05 06:38:31.830019,False,GENUINE,69,50,15,1.0,50,5,15,68,1,40,0,33.5,8,41.5,False,False
C3525,U830,I245,this is worth discussing further. reference 3525,2026-07-15 12:05:31.830059,False,GENUINE,1,0,0,0.6148367794734235,0,8,15,1,1,0,0,1.5,0,1.5,False,False
C3526,U781,I250,this is worth discussing further. reference 3526,2026-07-22 01:39:31.830089,False,GENUINE,1,0,0,0.6148367794734235,0,7,15,1,1,0,0,1.5,0,1.5,False,False
C3527,U601,I87,i really enjoyed this post about music. reference 3527,2026-07-05 12:54:31.830117,False,GENUINE,1,0,0,0.7730771289001258,20,9,15,1,1,0,0,4.5,0,4.5,False,False
C3528,U476,I450,i think this could be improved. reference 3528,2026-07-06 03:05:31.830145,False,GENUINE,1,0,0,0.6122441426822248,0,3,0,1,1,0,0,0.0,0,0.0,False,False
C3529,U474,I444,i think this could be improved. reference 3529,2026-07-28 22:26:31.830178,False,GENUINE,1,0,0,0.6122441426822248,0,2,0,1,1,0,0,0.0,0,0.0,False,False
C3530,U145,I377,the information presented here is useful. reference 3530,2026-08-09 14:30:31.830206,False,GENUINE,1,0,0,0.6598076480079632,0,11,40,1,1,0,0,4.0,0,4.0,False,False
C3531,U894,I71,this is worth discussing further. reference 3531,2026-06-15 06:56:31.830232,False,GENUINE,1,0,0,0.6148367794734235,0,6,15,1,1,0,0,1.5,0,1.5,False,False
C3532,U152,I204,this is worth discussing further. reference 3532,2026-07-03 07:03:31.830264,False,GENUINE,1,0,0,0.6148367794734235,0,6,15,1,1,0,0,1.5,0,1.5,False,False
C3533,U810,I418,i learned something useful about education here. reference 3533,2026-06-18 20:41:31.830298,False,GENUINE,1,0,0,0.7309832397113513,20,6,15,1,1,0,0,4.5,0,4.5,False,False
C3534,U968,I94,the explanation of gaming was very clear. reference 3534,2026-08-10 08:10:31.830316,False,GENUINE,1,0,0,0.7624332223630372,20,11,40,1,1,0,0,7.0,0,7.0,False,False
C3535,U400,I241,i learned something useful about movies here. reference 3535,2026-07-12 03:06:31.830330,False,GENUINE,1,0,0,0.736990248638929,20,5,15,1,1,0,0,4.5,0,4.5,False,False
C3536,U202,I11,i think this could be improved. reference 3536,2026-07-28 10:08:31.830343,False,GENUINE,1,0,0,0.6122441426822248,0,6,15,1,1,0,0,1.5,0,1.5,False,False
C3537,U310,I424,this was a surprisingly interesting post. reference 3537,2026-07-22 02:28:31.830357,False,GENUINE,1,0,0,0.661661894767308,0,11,40,1,1,0,0,4.0,0,4.0,False,False
C3538,U194,I249,you must buy this product,2026-07-03 10:23:31.830371,False,GENUINE,51,50,0,1.0,50,3,0,51,1,40,0,29.0,8,37.0,False,False
C3539,U445,I485,i learned something useful about food here. reference 3539,2026-06-12 05:32:31.830385,False,GENUINE,1,0,0,0.7306701420191416,20,5,15,1,1,0,0,4.5,0,4.5,False,False
C3540,U61,I180,this is an interesting perspective on gaming. reference 3540,2026-07-13 09:45:31.830399,False,GENUINE,1,0,0,0.7326877208387651,20,6,15,1,1,0,0,4.5,0,4.5,False,False
C3541,U722,I244,thanks for sharing this information. reference 3541,2026-07-29 22:55:31.830412,False,GENUINE,1,0,0,0.6789809902112234,0,4,0,1,1,0,0,0.0,0,0.0,False,False
C3542,U240,I265,i think this could be improved. reference 3542,2026-07-04 22:27:31.830426,False,GENUINE,1,0,0,0.6122441426822248,0,5,15,1,1,0,0,1.5,0,1.5,False,False
C3543,U502,I6,i have a different opinion about education. reference 3543,2026-07-12 00:20:31.830440,False,GENUINE,1,0,0,0.7416504318441781,20,8,15,1,1,0,0,4.5,0,4.5,False,False
C3544,U645,I159,thanks for sharing this information. reference 3544,2026-06-17 03:51:31.830454,False,GENUINE,1,0,0,0.6789809902112234,0,4,0,1,1,0,0,0.0,0,0.0,False,False
C3545,U124,I306,i learned something useful about movies here. reference 3545,2026-07-11 18:50:31.830468,False,GENUINE,1,0,0,0.736990248638929,20,5,15,1,1,0,0,4.5,0,4.5,False,False
C3546,U742,I191,i learned something useful about music here. reference 3546,2026-06-21 09:00:31.830482,False,GENUINE,1,0,0,0.7357637114536311,20,8,15,1,1,0,0,4.5,0,4.5,False,False
C3547,U993,I242,this is an interesting perspective on technology. reference 3547,2026-07-02 03:19:31.830495,False,GENUINE,1,0,0,0.7340859795799535,20,7,15,1,1,0,0,4.5,0,4.5,False,False
C3548,U378,I213,the explanation of sports was very clear. reference 3548,2026-07-13 03:23:31.830513,False,GENUINE,1,0,0,0.761366899611231,20,8,15,1,1,0,0,4.5,0,4.5,False,False
C3549,U704,I119,this is worth discussing further. reference 3549,2026-07-17 07:09:31.830530,False,GENUINE,1,0,0,0.6148367794734235,0,9,15,1,1,0,0,1.5,0,1.5,False,False
C3550,U568,I174,thanks for sharing this information. reference 3550,2026-06-09 06:27:31.830546,False,GENUINE,1,0,0,0.6789809902112234,0,7,15,1,1,0,0,1.5,0,1.5,False,False
C3551,U199,I461,i learned something useful about music here. reference 3551,2026-06-15 05:52:31.830560,False,GENUINE,1,0,0,0.7357637114536311,20,1,0,1,1,0,0,3.0,0,3.0,False,False
C3552,U586,I497,the explanation of sports was very clear. reference 3552,2026-07-20 03:49:31.830574,False,GENUINE,1,0,0,0.761366899611231,20,8,15,1,1,0,0,4.5,0,4.5,False,False
C3553,U500,I288,i think this could be improved. reference 3553,2026-07-14 07:13:31.830588,False,GENUINE,1,0,0,0.6122441426822248,0,3,0,1,1,0,0,0.0,0,0.0,False,False
C3554,U523,I450,this is an interesting perspective on fashion. reference 3554,2026-06-04 13:09:31.830602,False,GENUINE,1,0,0,0.7361608768424162,20,8,15,1,1,0,0,4.5,0,4.5,False,False
C3555,U151,I319,best deal available now,2026-06-24 15:51:31.830616,False,GENUINE,52,50,15,1.0000000000000002,50,8,15,51,1,40,0,33.5,8,41.5,False,False
C3556,U502,I236,thanks for sharing this information. reference 3556,2026-08-05 17:46:31.830630,False,GENUINE,1,0,0,0.6789809902112234,0,8,15,1,1,0,0,1.5,0,1.5,False,False
C3557,U460,I199,the explanation of movies was very clear. reference 3557,2026-06-08 00:47:31.830646,False,GENUINE,1,0,0,0.769149315988473,20,6,15,1,1,0,0,4.5,0,4.5,False,False
C3558,U146,I186,i really enjoyed this post about food. reference 3558,2026-07-20 09:18:31.830660,False,GENUINE,1,0,0,0.7772683096754256,20,6,15,1,1,0,0,4.5,0,4.5,False,False
C3559,U228,I324,i really enjoyed this post about music. reference 3559,2026-07-10 09:55:31.830674,False,GENUINE,1,0,0,0.7730771289001258,20,6,15,1,1,0,0,4.5,0,4.5,False,False
C3560,U844,I317,i think this could be improved. reference 3560,2026-07-18 00:08:31.830688,False,GENUINE,1,0,0,0.6122441426822248,0,9,15,1,1,0,0,1.5,0,1.5,False,False
C3561,U979,I163,i think this could be improved. reference 3561,2026-06-17 18:50:31.830701,False,GENUINE,1,0,0,0.6122441426822248,0,5,15,1,1,0,0,1.5,0,1.5,False,False
C3562,U904,I274,the explanation of sports was very clear. reference 3562,2026-06-18 10:32:31.830715,False,GENUINE,1,0,0,0.761366899611231,20,1,0,1,1,0,0,3.0,0,3.0,False,False
C3563,U619,I61,i have a different opinion about technology. reference 3563,2026-06-05 21:16:31.830729,False,GENUINE,1,0,0,0.7418462529021725,20,9,15,1,1,0,0,4.5,0,4.5,False,False
C3564,U906,I99,this was a surprisingly interesting post. reference 3564,2026-07-20 05:43:31.830745,False,GENUINE,1,0,0,0.661661894767308,0,4,0,1,1,0,0,0.0,0,0.0,False,False
C3565,U809,I192,the information presented here is useful. reference 3565,2026-07-15 16:36:31.830759,False,GENUINE,1,0,0,0.6598076480079632,0,8,15,1,1,0,0,1.5,0,1.5,False,False
C3566,U267,I104,i learned something useful about movies here. reference 3566,2026-08-09 12:45:31.830773,False,GENUINE,1,0,0,0.736990248638929,20,7,15,1,1,0,0,4.5,0,4.5,False,False
C3567,U29,I333,the information presented here is useful. reference 3567,2026-07-09 06:41:31.830786,False,GENUINE,1,0,0,0.6598076480079632,0,7,15,1,1,0,0,1.5,0,1.5,False,False
C3568,U476,I397,i learned something useful about food here. reference 3568,2026-06-15 20:42:31.830800,False,GENUINE,1,0,0,0.7306701420191416,20,3,0,1,1,0,0,3.0,0,3.0,False,False
C3569,U391,I284,i learned something useful about food here. reference 3569,2026-06-03 19:05:31.830814,False,GENUINE,1,0,0,0.7306701420191416,20,6,15,1,1,0,0,4.5,0,4.5,False,False
C3570,U321,I55,best product ever buy now,2026-07-17 17:09:31.830828,False,GENUINE,75,50,15,1.0,50,4,0,72,1,40,0,32.0,8,40.0,False,False
C3571,U202,I361,thanks for sharing this information. reference 3571,2026-07-16 21:54:31.830841,False,GENUINE,1,0,0,0.6789809902112234,0,6,15,1,1,0,0,1.5,0,1.5,False,False
C3572,U166,I300,best product ever buy now,2026-08-10 06:56:31.830855,False,GENUINE,75,50,15,1.0,50,6,15,72,2,50,0,37.0,8,45.0,False,False
C3573,U126,I26,this is worth discussing further. reference 3573,2026-07-09 06:16:31.830868,False,GENUINE,1,0,0,0.6148367794734235,0,3,0,1,1,0,0,0.0,0,0.0,False,False
C3574,U145,I161,the information presented here is useful. reference 3574,2026-06-15 14:09:31.830882,False,GENUINE,1,0,0,0.6598076480079632,0,11,40,1,1,0,0,4.0,0,4.0,False,False
C3575,U444,I330,this is worth discussing further. reference 3575,2026-07-26 15:08:31.830896,False,GENUINE,1,0,0,0.6148367794734235,0,7,15,1,1,0,0,1.5,0,1.5,False,False
C3576,U334,I313,i really enjoyed this post about movies. reference 3576,2026-07-13 08:09:31.830912,False,GENUINE,1,0,0,0.7772370080656208,20,5,15,1,1,0,0,4.5,0,4.5,False,False
C3577,U579,I387,thanks for sharing this information. reference 3577,2026-06-26 06:08:31.830928,False,GENUINE,1,0,0,0.6789809902112234,0,5,15,1,1,0,0,1.5,0,1.5,False,False
C3578,U57,I370,i learned something useful about food here. reference 3578,2026-08-06 00:26:31.830942,False,GENUINE,1,0,0,0.7306701420191416,20,5,15,1,1,0,0,4.5,0,4.5,False,False
C3579,U949,I34,i learned something useful about education here. reference 3579,2026-08-02 12:36:31.830956,False,GENUINE,1,0,0,0.7309832397113513,20,4,0,1,1,0,0,3.0,0,3.0,False,False
C3580,U535,I83,the explanation of gaming was very clear. reference 3580,2026-06-04 03:24:31.830970,False,GENUINE,1,0,0,0.7624332223630372,20,3,0,1,1,0,0,3.0,0,3.0,False,False
C3581,U368,I497,this is worth discussing further. reference 3581,2026-08-04 10:41:31.830983,False,GENUINE,1,0,0,0.6148367794734235,0,4,0,1,1,0,0,0.0,0,0.0,False,False
C3582,U422,I175,this is an interesting perspective on food. reference 3582,2026-07-06 08:56:31.830997,False,GENUINE,1,0,0,0.7354630625709739,20,10,40,1,1,0,0,7.0,0,7.0,False,False
C3583,U558,I31,this was a surprisingly interesting post. reference 3583,2026-06-14 09:54:31.831010,False,GENUINE,1,0,0,0.661661894767308,0,7,15,1,1,0,0,1.5,0,1.5,False,False
C3584,U808,I202,you must buy this product,2026-07-23 23:13:31.831024,False,GENUINE,51,50,0,1.0,50,7,15,51,2,50,0,34.0,8,42.0,False,False
C3585,U459,I81,this is an interesting perspective on movies. reference 3585,2026-07-22 03:13:31.831038,False,GENUINE,1,0,0,0.7382784747058516,20,6,15,1,1,0,0,4.5,0,4.5,False,False
C3586,U245,I28,this was a surprisingly interesting post. reference 3586,2026-08-07 01:19:31.831053,False,GENUINE,1,0,0,0.661661894767308,0,4,0,1,1,0,0,0.0,0,0.0,False,False
C3587,U658,I431,the explanation of food was very clear. reference 3587,2026-08-07 23:22:31.831067,False,GENUINE,1,0,0,0.7668898154278452,20,4,0,1,1,0,0,3.0,0,3.0,False,False
C3588,U43,I112,the explanation of education was very clear. reference 3588,2026-07-30 07:13:31.831081,False,GENUINE,1,0,0,0.7597438970269877,20,2,0,1,1,0,0,3.0,0,3.0,False,False
C3589,U512,I163,this is worth discussing further. reference 3589,2026-06-04 00:33:31.831094,False,GENUINE,1,0,0,0.6148367794734235,0,2,0,1,1,0,0,0.0,0,0.0,False,False
C3590,U649,I343,the information presented here is useful. reference 3590,2026-06-26 09:19:31.831108,False,GENUINE,1,0,0,0.6598076480079632,0,2,0,1,1,0,0,0.0,0,0.0,False,False
C3591,U783,I148,i think this could be improved. reference 3591,2026-06-11 21:07:31.831121,False,GENUINE,1,0,0,0.6122441426822248,0,7,15,1,1,0,0,1.5,0,1.5,False,False
C3592,U731,I356,the information presented here is useful. reference 3592,2026-08-08 04:19:31.831134,False,GENUINE,1,0,0,0.6598076480079632,0,7,15,1,1,0,0,1.5,0,1.5,False,False
C3593,U204,I301,i really enjoyed this post about sports. reference 3593,2026-07-21 22:37:31.831148,False,GENUINE,1,0,0,0.7746110731001136,20,7,15,1,1,0,0,4.5,0,4.5,False,False
C3594,U596,I251,i really enjoyed this post about music. reference 3594,2026-06-08 22:49:31.831161,False,GENUINE,1,0,0,0.7730771289001258,20,5,15,1,1,0,0,4.5,0,4.5,False,False
C3595,U82,I297,this is worth discussing further. reference 3595,2026-07-06 16:19:31.831177,False,GENUINE,1,0,0,0.6148367794734235,0,3,0,1,1,0,0,0.0,0,0.0,False,False
C3596,U217,I77,this was a surprisingly interesting post. reference 3596,2026-06-15 16:47:31.831191,False,GENUINE,1,0,0,0.661661894767308,0,6,15,1,1,0,0,1.5,0,1.5,False,False
C3597,U762,I318,i have a different opinion about movies. reference 3597,2026-06-22 04:48:31.831204,False,GENUINE,1,0,0,0.7480534672157237,20,6,15,1,1,0,0,4.5,0,4.5,False,False
C3598,U383,I261,the information presented here is useful. reference 3598,2026-07-24 11:36:31.831217,False,GENUINE,1,0,0,0.6598076480079632,0,6,15,1,1,0,0,1.5,0,1.5,False,False
C3599,U772,I311,i have a different opinion about music. reference 3599,2026-07-25 00:18:31.831231,False,GENUINE,1,0,0,0.7390063271830457,20,4,0,1,1,0,0,3.0,0,3.0,False,False
C3600,U334,I459,i have a different opinion about fashion. reference 3600,2026-07-31 23:39:31.831255,False,GENUINE,1,0,0,0.743131701331639,20,5,15,1,1,0,0,4.5,0,4.5,False,False
C3601,U666,I146,i think this could be improved. reference 3601,2026-07-02 06:40:31.831269,False,GENUINE,1,0,0,0.6122441426822248,0,3,0,1,1,0,0,0.0,0,0.0,False,False
C3602,U617,I495,this was a surprisingly interesting post. reference 3602,2026-07-24 05:02:31.831283,False,GENUINE,1,0,0,0.661661894767308,0,7,15,1,1,0,0,1.5,0,1.5,False,False
C3603,U189,I57,i really enjoyed this post about fashion. reference 3603,2026-08-02 02:49:31.831296,False,GENUINE,1,0,0,0.7749801373506703,20,6,15,1,1,0,0,4.5,0,4.5,False,False
C3604,U760,I477,the explanation of sports was very clear. reference 3604,2026-06-03 16:15:31.831316,False,GENUINE,1,0,0,0.761366899611231,20,13,40,1,1,0,0,7.0,0,7.0,False,False
C3605,U583,I376,i have a different opinion about sports. reference 3605,2026-06-18 19:59:31.831342,False,GENUINE,1,0,0,0.7435975412000372,20,8,15,1,1,0,0,4.5,0,4.5,False,False
C3606,U837,I155,this is worth discussing further. reference 3606,2026-08-06 21:12:31.831463,False,GENUINE,1,0,0,0.6148367794734235,0,4,0,1,1,0,0,0.0,0,0.0,False,False
C3607,U663,I320,the explanation of movies was very clear. reference 3607,2026-07-23 02:21:31.831494,False,GENUINE,1,0,0,0.769149315988473,20,3,0,1,1,0,0,3.0,0,3.0,False,False
C3608,U523,I12,i have a different opinion about technology. reference 3608,2026-07-23 03:11:31.831512,False,GENUINE,1,0,0,0.7418462529021725,20,8,15,1,1,0,0,4.5,0,4.5,False,False
C3609,U849,I92,this is worth discussing further. reference 3609,2026-06-27 08:36:31.831528,False,GENUINE,1,0,0,0.6148367794734235,0,4,0,1,1,0,0,0.0,0,0.0,False,False
C3610,U969,I368,the information presented here is useful. reference 3610,2026-07-01 03:43:31.831542,False,GENUINE,1,0,0,0.6598076480079632,0,6,15,1,1,0,0,1.5,0,1.5,False,False
C3611,U400,I308,i learned something useful about food here. reference 3611,2026-06-29 03:01:31.831557,False,GENUINE,1,0,0,0.7306701420191416,20,5,15,1,1,0,0,4.5,0,4.5,False,False
C3612,U574,I305,i have a different opinion about sports. reference 3612,2026-08-04 18:18:31.831572,False,GENUINE,1,0,0,0.7435975412000372,20,6,15,1,1,0,0,4.5,0,4.5,False,False
C3613,U631,I54,i really enjoyed this post about technology. reference 3613,2026-06-16 11:09:31.831639,False,GENUINE,1,0,0,0.7763004403525399,20,4,0,1,1,0,0,3.0,0,3.0,False,False
C3614,U51,I438,i really enjoyed this post about movies. reference 3614,2026-08-11 19:57:31.831721,False,GENUINE,1,0,0,0.7772370080656208,20,4,0,1,1,0,0,3.0,0,3.0,False,False
C3615,U310,I227,the information presented here is useful. reference 3615,2026-08-02 23:34:31.831741,False,GENUINE,1,0,0,0.6598076480079632,0,11,40,1,1,0,0,4.0,0,4.0,False,False
C3616,U54,I188,the explanation of sports was very clear. reference 3616,2026-07-04 07:33:31.831758,False,GENUINE,1,0,0,0.761366899611231,20,7,15,1,1,0,0,4.5,0,4.5,False,False
C3617,U759,I448,this is worth discussing further. reference 3617,2026-07-17 08:21:31.831773,False,GENUINE,1,0,0,0.6148367794734235,0,8,15,1,1,0,0,1.5,0,1.5,False,False
C3618,U427,I334,i really enjoyed this post about movies. reference 3618,2026-08-08 15:32:31.831787,False,GENUINE,1,0,0,0.7772370080656208,20,1,0,1,1,0,0,3.0,0,3.0,False,False
C3619,U920,I61,i have a different opinion about education. reference 3619,2026-07-18 22:03:31.831801,False,GENUINE,1,0,0,0.7416504318441781,20,6,15,1,1,0,0,4.5,0,4.5,False,False
C3620,U467,I476,the explanation of gaming was very clear. reference 3620,2026-06-14 21:04:31.831815,False,GENUINE,1,0,0,0.7624332223630372,20,5,15,1,1,0,0,4.5,0,4.5,False,False
C3621,U762,I487,i really enjoyed this post about food. reference 3621,2026-07-26 22:36:31.831829,False,GENUINE,1,0,0,0.7772683096754256,20,6,15,1,1,0,0,4.5,0,4.5,False,False
C3622,U14,I57,this is an interesting perspective on sports. reference 3622,2026-07-01 09:29:31.831844,False,GENUINE,1,0,0,0.7310531063082972,20,3,0,1,1,0,0,3.0,0,3.0,False,False
C3623,U890,I453,thanks for sharing this information. reference 3623,2026-07-18 06:00:31.831859,False,GENUINE,1,0,0,0.6789809902112234,0,6,15,1,1,0,0,1.5,0,1.5,False,False
C3624,U23,I359,thanks for sharing this information. reference 3624,2026-08-06 01:44:31.831873,False,GENUINE,1,0,0,0.6789809902112234,0,8,15,1,1,0,0,1.5,0,1.5,False,False
C3625,U748,I354,i learned something useful about sports here. reference 3625,2026-08-05 21:38:31.831887,False,GENUINE,1,0,0,0.7313413266953137,20,5,15,1,1,0,0,4.5,0,4.5,False,False
C3626,U407,I347,the information presented here is useful. reference 3626,2026-08-08 10:48:31.831901,False,GENUINE,1,0,0,0.6598076480079632,0,8,15,1,1,0,0,1.5,0,1.5,False,False
C3627,U509,I221,amazing product buy now,2026-07-26 21:38:31.831917,False,GENUINE,69,50,15,1.0,50,10,40,68,1,40,0,36.0,8,44.0,False,False
C3628,U996,I6,thanks for sharing this information. reference 3628,2026-06-13 01:35:31.831931,False,GENUINE,1,0,0,0.6789809902112234,0,3,0,1,1,0,0,0.0,0,0.0,False,False
C3629,U64,I491,i have a different opinion about movies. reference 3629,2026-06-07 09:35:31.831945,False,GENUINE,1,0,0,0.7480534672157237,20,7,15,1,1,0,0,4.5,0,4.5,False,False
C3630,U490,I103,i have a different opinion about technology. reference 3630,2026-06-11 17:37:31.831959,False,GENUINE,1,0,0,0.7418462529021725,20,4,0,1,1,0,0,3.0,0,3.0,False,False
C3631,U278,I493,the explanation of sports was very clear. reference 3631,2026-06-10 01:21:31.831974,False,GENUINE,1,0,0,0.761366899611231,20,5,15,1,1,0,0,4.5,0,4.5,False,False
C3632,U458,I414,i really enjoyed this post about technology. reference 3632,2026-06-21 13:37:31.831989,False,GENUINE,1,0,0,0.7763004403525399,20,5,15,1,1,0,0,4.5,0,4.5,False,False
C3633,U855,I438,the information presented here is useful. reference 3633,2026-07-21 18:13:31.832003,False,GENUINE,1,0,0,0.6598076480079632,0,5,15,1,1,0,0,1.5,0,1.5,False,False
C3634,U732,I434,i really enjoyed this post about movies. reference 3634,2026-07-09 16:44:31.832017,False,GENUINE,1,0,0,0.7772370080656208,20,9,15,1,1,0,0,4.5,0,4.5,False,False
C3635,U90,I306,this is worth discussing further. reference 3635,2026-06-29 19:50:31.832030,False,GENUINE,1,0,0,0.6148367794734235,0,4,0,1,1,0,0,0.0,0,0.0,False,False
C3636,U557,I83,this is worth discussing further. reference 3636,2026-06-06 17:34:31.832044,False,GENUINE,1,0,0,0.6148367794734235,0,3,0,1,1,0,0,0.0,0,0.0,False,False
C3637,U564,I276,i learned something useful about music here. reference 3637,2026-06-05 21:55:31.832058,False,GENUINE,1,0,0,0.7357637114536311,20,7,15,1,1,0,0,4.5,0,4.5,False,False
C3638,U654,I177,the information presented here is useful. reference 3638,2026-06-20 00:29:31.832071,False,GENUINE,1,0,0,0.6598076480079632,0,6,15,1,1,0,0,1.5,0,1.5,False,False
C3639,U411,I190,i think this could be improved. reference 3639,2026-07-16 05:07:31.832085,False,GENUINE,1,0,0,0.6122441426822248,0,5,15,1,1,0,0,1.5,0,1.5,False,False
C3640,U151,I416,i think this could be improved. reference 3640,2026-07-10 00:49:31.832101,False,GENUINE,1,0,0,0.6122441426822248,0,8,15,1,1,0,0,1.5,0,1.5,False,False
C3641,U984,I221,this is an interesting perspective on movies. reference 3641,2026-07-30 07:18:31.832115,False,GENUINE,1,0,0,0.7382784747058516,20,5,15,1,1,0,0,4.5,0,4.5,False,False
C3642,U340,I473,this is worth discussing further. reference 3642,2026-07-01 19:15:31.832131,False,GENUINE,1,0,0,0.6148367794734235,0,5,15,1,1,0,0,1.5,0,1.5,False,False
C3643,U771,I276,i learned something useful about technology here. reference 3643,2026-07-11 13:41:31.832149,False,GENUINE,1,0,0,0.7297924268271072,20,3,0,1,1,0,0,3.0,0,3.0,False,False
C3644,U518,I470,i learned something useful about music here. reference 3644,2026-06-23 15:52:31.832164,False,GENUINE,1,0,0,0.7357637114536311,20,3,0,1,1,0,0,3.0,0,3.0,False,False
C3645,U647,I425,i learned something useful about education here. reference 3645,2026-07-24 02:22:31.832178,False,GENUINE,1,0,0,0.7309832397113513,20,3,0,1,1,0,0,3.0,0,3.0,False,False
C3646,U844,I354,the information presented here is useful. reference 3646,2026-07-04 16:42:31.832192,False,GENUINE,1,0,0,0.6598076480079632,0,9,15,1,1,0,0,1.5,0,1.5,False,False
C3647,U901,I57,this was a surprisingly interesting post. reference 3647,2026-06-25 12:58:31.832206,False,GENUINE,1,0,0,0.661661894767308,0,9,15,1,1,0,0,1.5,0,1.5,False,False
C3648,U106,I294,i really enjoyed this post about movies. reference 3648,2026-06-22 17:30:31.832220,False,GENUINE,1,0,0,0.7772370080656208,20,3,0,1,1,0,0,3.0,0,3.0,False,False
C3649,U680,I482,i learned something useful about sports here. reference 3649,2026-06-10 13:44:31.832235,False,GENUINE,1,0,0,0.7313413266953137,20,8,15,1,1,0,0,4.5,0,4.5,False,False
C3650,U726,I403,this is worth discussing further. reference 3650,2026-08-01 04:33:31.832249,False,GENUINE,1,0,0,0.6148367794734235,0,6,15,1,1,0,0,1.5,0,1.5,False,False
C3651,U333,I374,this is worth discussing further. reference 3651,2026-06-25 05:12:31.832263,False,GENUINE,1,0,0,0.6148367794734235,0,5,15,1,1,0,0,1.5,0,1.5,False,False
C3652,U672,I419,the information presented here is useful. reference 3652,2026-06-20 07:27:31.832277,False,GENUINE,1,0,0,0.6598076480079632,0,5,15,1,1,0,0,1.5,0,1.5,False,False
C3653,U359,I383,the information presented here is useful. reference 3653,2026-07-22 06:41:31.832290,False,GENUINE,1,0,0,0.6598076480079632,0,5,15,1,1,0,0,1.5,0,1.5,False,False
C3654,U655,I329,i think this could be improved. reference 3654,2026-06-09 16:02:31.832304,False,GENUINE,1,0,0,0.6122441426822248,0,10,40,1,1,0,0,4.0,0,4.0,False,False
C3655,U916,I385,the explanation of technology was very clear. reference 3655,2026-06-26 21:51:31.832318,False,GENUINE,1,0,0,0.768821942884016,20,8,15,1,1,0,0,4.5,0,4.5,False,False
C3656,U819,I55,i think this could be improved. reference 3656,2026-08-05 06:14:31.832331,False,GENUINE,1,0,0,0.6122441426822248,0,3,0,1,1,0,0,0.0,0,0.0,False,False
C3657,U711,I486,best product ever buy now,2026-06-04 00:54:31.832345,False,GENUINE,75,50,15,1.0,50,7,15,72,1,40,0,33.5,8,41.5,False,False
C3658,U415,I155,the explanation of gaming was very clear. reference 3658,2026-07-25 10:43:31.832359,False,GENUINE,1,0,0,0.7624332223630372,20,6,15,1,1,0,0,4.5,0,4.5,False,False
C3659,U24,I8,i really enjoyed this post about movies. reference 3659,2026-07-31 19:29:31.832375,False,GENUINE,1,0,0,0.7772370080656208,20,5,15,1,1,0,0,4.5,0,4.5,False,False
C3660,U212,I95,this is an interesting perspective on gaming. reference 3660,2026-07-19 18:20:31.832389,False,GENUINE,1,0,0,0.7326877208387651,20,7,15,1,1,0,0,4.5,0,4.5,False,False
C3661,U463,I486,this is an interesting perspective on fashion. reference 3661,2026-07-10 06:58:31.832408,False,GENUINE,1,0,0,0.7361608768424162,20,6,15,1,1,0,0,4.5,0,4.5,False,False
C3662,U677,I206,i really enjoyed this post about movies. reference 3662,2026-07-11 14:19:31.832423,False,GENUINE,1,0,0,0.7772370080656208,20,7,15,1,1,0,0,4.5,0,4.5,False,False
C3663,U397,I191,the explanation of movies was very clear. reference 3663,2026-07-03 19:51:31.832437,False,GENUINE,1,0,0,0.769149315988473,20,8,15,1,1,0,0,4.5,0,4.5,False,False
C3664,U634,I301,i think this could be improved. reference 3664,2026-06-11 00:25:31.832451,False,GENUINE,1,0,0,0.6122441426822248,0,8,15,1,1,0,0,1.5,0,1.5,False,False
C3665,U503,I16,i think this could be improved. reference 3665,2026-07-10 20:07:31.832465,False,GENUINE,1,0,0,0.6122441426822248,0,5,15,1,1,0,0,1.5,0,1.5,False,False
C3666,U31,I130,i think this could be improved. reference 3666,2026-06-04 07:12:31.832479,False,GENUINE,1,0,0,0.6122441426822248,0,5,15,1,1,0,0,1.5,0,1.5,False,False
C3667,U551,I394,this is an interesting perspective on fashion. reference 3667,2026-06-10 03:43:31.832492,False,GENUINE,1,0,0,0.7361608768424162,20,5,15,1,1,0,0,4.5,0,4.5,False,False
C3668,U601,I317,this is worth discussing further. reference 3668,2026-08-09 08:17:31.832506,False,GENUINE,1,0,0,0.6148367794734235,0,9,15,1,1,0,0,1.5,0,1.5,False,False
C3669,U389,I19,i think this could be improved. reference 3669,2026-06-29 14:36:31.832520,False,GENUINE,1,0,0,0.6122441426822248,0,7,15,1,1,0,0,1.5,0,1.5,False,False
C3670,U258,I278,this is an interesting perspective on gaming. reference 3670,2026-07-20 11:55:31.832535,False,GENUINE,1,0,0,0.7326877208387651,20,6,15,1,1,0,0,4.5,0,4.5,False,False
C3671,U741,I425,you must buy this product,2026-07-08 06:11:31.832550,False,GENUINE,51,50,0,1.0,50,11,40,51,1,40,0,33.0,8,41.0,False,False
C3672,U767,I172,the explanation of food was very clear. reference 3672,2026-08-08 16:57:31.832563,False,GENUINE,1,0,0,0.7668898154278452,20,10,40,1,1,0,0,7.0,0,7.0,False,False
C3673,U330,I158,click here for amazing deals,2026-07-23 02:54:31.832577,False,GENUINE,53,50,30,1.0000000000000002,50,4,0,53,1,40,0,35.0,8,43.0,False,False
C3674,U628,I210,this is an interesting perspective on technology. reference 3674,2026-06-10 14:08:31.832590,False,GENUINE,1,0,0,0.7340859795799535,20,4,0,1,1,0,0,3.0,0,3.0,False,False
C3675,U131,I303,i really enjoyed this post about food. reference 3675,2026-08-05 13:01:31.832604,False,GENUINE,1,0,0,0.7772683096754256,20,6,15,1,1,0,0,4.5,0,4.5,False,False
C3676,U514,I92,i think this could be improved. reference 3676,2026-06-09 09:04:31.832618,False,GENUINE,1,0,0,0.6122441426822248,0,9,15,1,1,0,0,1.5,0,1.5,False,False
C3677,U578,I198,this was a surprisingly interesting post. reference 3677,2026-07-19 18:51:31.832631,False,GENUINE,1,0,0,0.661661894767308,0,2,0,1,1,0,0,0.0,0,0.0,False,False
C3678,U599,I60,this was a surprisingly interesting post. reference 3678,2026-07-27 00:03:31.832645,False,GENUINE,1,0,0,0.661661894767308,0,6,15,1,1,0,0,1.5,0,1.5,False,False
C3679,U923,I231,i have a different opinion about education. reference 3679,2026-08-08 05:00:31.832658,False,GENUINE,1,0,0,0.7416504318441781,20,8,15,1,1,0,0,4.5,0,4.5,False,False
C3680,U297,I307,this is worth discussing further. reference 3680,2026-08-01 20:23:31.832671,False,GENUINE,1,0,0,0.6148367794734235,0,6,15,1,1,0,0,1.5,0,1.5,False,False
C3681,U703,I79,this is an interesting perspective on sports. reference 3681,2026-06-28 22:43:31.832685,False,GENUINE,1,0,0,0.7310531063082972,20,11,40,1,1,0,0,7.0,0,7.0,False,False
C3682,U497,I127,i really enjoyed this post about fashion. reference 3682,2026-06-05 01:31:31.832701,False,GENUINE,1,0,0,0.7749801373506703,20,4,0,1,1,0,0,3.0,0,3.0,False,False
C3683,U826,I334,i learned something useful about fashion here. reference 3683,2026-08-07 20:08:31.832715,False,GENUINE,1,0,0,0.7359149406482672,20,4,0,1,1,0,0,3.0,0,3.0,False,False
C3684,U309,I93,the explanation of music was very clear. reference 3684,2026-06-10 15:52:31.832728,False,GENUINE,1,0,0,0.7662202675963719,20,8,15,1,1,0,0,4.5,0,4.5,False,False
C3685,U597,I432,i think this could be improved. reference 3685,2026-06-07 20:36:31.832742,False,GENUINE,1,0,0,0.6122441426822248,0,4,0,1,1,0,0,0.0,0,0.0,False,False
C3686,U455,I413,this is an interesting perspective on gaming. reference 3686,2026-07-27 20:46:31.832756,False,GENUINE,1,0,0,0.7326877208387651,20,6,15,1,1,0,0,4.5,0,4.5,False,False
C3687,U142,I67,thanks for sharing this information. reference 3687,2026-07-02 22:56:31.832770,False,GENUINE,1,0,0,0.6789809902112234,0,6,15,1,1,0,0,1.5,0,1.5,False,False
C3688,U508,I187,the information presented here is useful. reference 3688,2026-06-08 08:26:31.832783,False,GENUINE,1,0,0,0.6598076480079632,0,5,15,1,1,0,0,1.5,0,1.5,False,False
C3689,U537,I459,this is worth discussing further. reference 3689,2026-07-04 17:29:31.832799,False,GENUINE,1,0,0,0.6148367794734235,0,6,15,1,1,0,0,1.5,0,1.5,False,False
C3690,U485,I17,i have a different opinion about fashion. reference 3690,2026-06-22 02:34:31.832812,False,GENUINE,1,0,0,0.743131701331639,20,4,0,1,1,0,0,3.0,0,3.0,False,False
C3691,U718,I216,this is an interesting perspective on gaming. reference 3691,2026-08-03 21:23:31.832828,False,GENUINE,1,0,0,0.7326877208387651,20,8,15,1,1,0,0,4.5,0,4.5,False,False
C3692,U269,I449,best deal available now,2026-07-06 07:16:31.832842,False,GENUINE,52,50,15,1.0000000000000002,50,8,15,51,2,50,0,37.0,8,45.0,False,False
C3693,U519,I470,the explanation of education was very clear. reference 3693,2026-07-31 19:37:31.832856,False,GENUINE,1,0,0,0.7597438970269877,20,4,0,1,1,0,0,3.0,0,3.0,False,False
C3694,U24,I82,this is an interesting perspective on education. reference 3694,2026-06-12 08:03:31.832870,False,GENUINE,1,0,0,0.7306942280328299,20,5,15,1,1,0,0,4.5,0,4.5,False,False
C3695,U201,I228,you must buy this product,2026-06-22 02:23:31.832883,False,GENUINE,51,50,0,1.0,50,5,15,51,1,40,0,30.5,8,38.5,False,False
C3696,U269,I244,this is an interesting perspective on education. reference 3696,2026-06-19 20:19:31.832897,False,GENUINE,1,0,0,0.7306942280328299,20,8,15,1,1,0,0,4.5,0,4.5,False,False
C3697,U423,I59,best deal available now,2026-07-21 16:37:31.832910,False,GENUINE,52,50,15,1.0000000000000002,50,8,15,51,1,40,0,33.5,8,41.5,False,False
C3698,U207,I75,i have a different opinion about education. reference 3698,2026-06-04 20:55:31.832924,False,GENUINE,1,0,0,0.7416504318441781,20,7,15,1,1,0,0,4.5,0,4.5,False,False
C3699,U718,I200,i really enjoyed this post about music. reference 3699,2026-08-06 08:55:31.832940,False,GENUINE,1,0,0,0.7730771289001258,20,8,15,1,1,0,0,4.5,0,4.5,False,False
C3700,U522,I403,i really enjoyed this post about gaming. reference 3700,2026-06-25 02:03:31.832954,False,GENUINE,1,0,0,0.7760108921746118,20,3,0,1,1,0,0,3.0,0,3.0,False,False
C3701,U681,I136,thanks for sharing this information. reference 3701,2026-07-15 05:19:31.832968,False,GENUINE,1,0,0,0.6789809902112234,0,7,15,1,1,0,0,1.5,0,1.5,False,False
C3702,U901,I415,i learned something useful about music here. reference 3702,2026-07-20 15:39:31.832981,False,GENUINE,1,0,0,0.7357637114536311,20,9,15,1,1,0,0,4.5,0,4.5,False,False
C3703,U881,I245,the explanation of sports was very clear. reference 3703,2026-06-12 09:22:31.832995,False,GENUINE,1,0,0,0.761366899611231,20,2,0,1,1,0,0,3.0,0,3.0,False,False
C3704,U486,I244,i think this could be improved. reference 3704,2026-08-02 19:36:31.833011,False,GENUINE,1,0,0,0.6122441426822248,0,2,0,1,1,0,0,0.0,0,0.0,False,False
C3705,U176,I198,this was a surprisingly interesting post. reference 3705,2026-07-29 12:47:31.833025,False,GENUINE,1,0,0,0.661661894767308,0,4,0,1,1,0,0,0.0,0,0.0,False,False
C3706,U683,I65,this was a surprisingly interesting post. reference 3706,2026-06-03 14:36:31.833038,False,GENUINE,1,0,0,0.661661894767308,0,4,0,1,1,0,0,0.0,0,0.0,False,False
C3707,U69,I244,this was a surprisingly interesting post. reference 3707,2026-06-21 07:11:31.833051,False,GENUINE,1,0,0,0.661661894767308,0,6,15,1,1,0,0,1.5,0,1.5,False,False
C3708,U168,I126,the information presented here is useful. reference 3708,2026-07-22 07:42:31.833065,False,GENUINE,1,0,0,0.6598076480079632,0,6,15,1,1,0,0,1.5,0,1.5,False,False
C3709,U847,I134,the information presented here is useful. reference 3709,2026-06-04 08:24:31.833078,False,GENUINE,1,0,0,0.6598076480079632,0,6,15,1,1,0,0,1.5,0,1.5,False,False
C3710,U442,I21,this is worth discussing further. reference 3710,2026-08-09 07:32:31.833091,False,GENUINE,1,0,0,0.6148367794734235,0,3,0,1,1,0,0,0.0,0,0.0,False,False
C3711,U197,I343,this is worth discussing further. reference 3711,2026-07-01 21:19:31.833105,False,GENUINE,1,0,0,0.6148367794734235,0,5,15,1,1,0,0,1.5,0,1.5,False,False
C3712,U620,I428,the explanation of education was very clear. reference 3712,2026-06-29 04:47:31.833119,False,GENUINE,1,0,0,0.7597438970269877,20,8,15,1,1,0,0,4.5,0,4.5,False,False
C3713,U629,I486,this was a surprisingly interesting post. reference 3713,2026-06-14 00:41:31.833133,False,GENUINE,1,0,0,0.661661894767308,0,1,0,1,1,0,0,0.0,0,0.0,False,False
C3714,U892,I386,i learned something useful about sports here. reference 3714,2026-06-18 07:29:31.833146,False,GENUINE,1,0,0,0.7313413266953137,20,3,0,1,1,0,0,3.0,0,3.0,False,False
C3715,U533,I147,i think this could be improved. reference 3715,2026-07-03 10:38:31.833161,False,GENUINE,1,0,0,0.6122441426822248,0,1,0,1,1,0,0,0.0,0,0.0,False,False
C3716,U614,I15,the information presented here is useful. reference 3716,2026-06-21 16:57:31.833174,False,GENUINE,1,0,0,0.6598076480079632,0,9,15,1,1,0,0,1.5,0,1.5,False,False
C3717,U86,I360,i learned something useful about technology here. reference 3717,2026-07-09 04:45:31.833190,False,GENUINE,1,0,0,0.7297924268271072,20,13,40,1,1,0,0,7.0,0,7.0,False,False
C3718,U284,I201,i have a different opinion about food. reference 3718,2026-06-13 15:40:31.833203,False,GENUINE,1,0,0,0.7486181787682682,20,5,15,1,1,0,0,4.5,0,4.5,False,False
C3719,U826,I469,this is worth discussing further. reference 3719,2026-06-24 02:37:31.833217,False,GENUINE,1,0,0,0.6148367794734235,0,4,0,1,1,0,0,0.0,0,0.0,False,False
C3720,U619,I167,i have a different opinion about food. reference 3720,2026-06-26 06:43:31.833231,False,GENUINE,1,0,0,0.7486181787682682,20,9,15,1,1,0,0,4.5,0,4.5,False,False
C3721,U499,I197,thanks for sharing this information. reference 3721,2026-06-30 02:43:31.833245,False,GENUINE,1,0,0,0.6789809902112234,0,6,15,1,1,0,0,1.5,0,1.5,False,False
C3722,U345,I46,amazing product buy now,2026-06-24 08:11:31.833261,False,GENUINE,69,50,15,1.0,50,11,40,68,3,95,0,55.25,25,80.25,True,False
C3723,U529,I315,this is an interesting perspective on movies. reference 3723,2026-06-15 13:38:31.833274,False,GENUINE,1,0,0,0.7382784747058516,20,6,15,1,1,0,0,4.5,0,4.5,False,False
C3724,U274,I478,i have a different opinion about movies. reference 3724,2026-06-18 17:25:31.833288,False,GENUINE,1,0,0,0.7480534672157237,20,10,40,1,1,0,0,7.0,0,7.0,False,False
C3725,U525,I116,this is worth discussing further. reference 3725,2026-07-21 00:58:31.833302,False,GENUINE,1,0,0,0.6148367794734235,0,4,0,1,1,0,0,0.0,0,0.0,False,False
C3726,U579,I97,this is worth discussing further. reference 3726,2026-07-25 08:53:31.833315,False,GENUINE,1,0,0,0.6148367794734235,0,5,15,1,1,0,0,1.5,0,1.5,False,False
C3727,U845,I171,this was a surprisingly interesting post. reference 3727,2026-07-17 11:32:31.833330,False,GENUINE,1,0,0,0.661661894767308,0,3,0,1,1,0,0,0.0,0,0.0,False,False
C3728,U270,I306,the information presented here is useful. reference 3728,2026-06-17 00:44:31.833344,False,GENUINE,1,0,0,0.6598076480079632,0,4,0,1,1,0,0,0.0,0,0.0,False,False
C3729,U911,I402,i learned something useful about movies here. reference 3729,2026-07-25 12:59:31.833371,False,GENUINE,1,0,0,0.736990248638929,20,10,40,1,1,0,0,7.0,0,7.0,False,False
C3730,U703,I351,this is worth discussing further. reference 3730,2026-07-24 05:19:31.833385,False,GENUINE,1,0,0,0.6148367794734235,0,11,40,1,1,0,0,4.0,0,4.0,False,False
C3731,U817,I236,thanks for sharing this information. reference 3731,2026-08-01 03:55:31.833398,False,GENUINE,1,0,0,0.6789809902112234,0,5,15,1,1,0,0,1.5,0,1.5,False,False
C3732,U741,I370,i have a different opinion about sports. reference 3732,2026-07-24 02:33:31.833412,False,GENUINE,1,0,0,0.7435975412000372,20,11,40,1,1,0,0,7.0,0,7.0,False,False
C3733,U612,I404,this is worth discussing further. reference 3733,2026-06-13 21:32:31.833426,False,GENUINE,1,0,0,0.6148367794734235,0,9,15,1,1,0,0,1.5,0,1.5,False,False
C3734,U829,I254,this is worth discussing further. reference 3734,2026-07-07 04:27:31.833439,False,GENUINE,1,0,0,0.6148367794734235,0,2,0,1,1,0,0,0.0,0,0.0,False,False
C3735,U495,I367,i have a different opinion about food. reference 3735,2026-06-23 21:59:31.833455,False,GENUINE,1,0,0,0.7486181787682682,20,3,0,1,1,0,0,3.0,0,3.0,False,False
C3736,U349,I74,i have a different opinion about gaming. reference 3736,2026-07-19 20:18:31.833469,False,GENUINE,1,0,0,0.7402988924808734,20,8,15,1,1,0,0,4.5,0,4.5,False,False
C3737,U127,I494,the information presented here is useful. reference 3737,2026-08-11 12:50:31.833483,False,GENUINE,1,0,0,0.6598076480079632,0,7,15,1,1,0,0,1.5,0,1.5,False,False
C3738,U68,I96,i have a different opinion about food. reference 3738,2026-07-01 10:32:31.833497,False,GENUINE,1,0,0,0.7486181787682682,20,7,15,1,1,0,0,4.5,0,4.5,False,False
C3739,U957,I281,thanks for sharing this information. reference 3739,2026-06-26 07:25:31.833511,False,GENUINE,1,0,0,0.6789809902112234,0,6,15,1,1,0,0,1.5,0,1.5,False,False
C3740,U581,I215,the explanation of movies was very clear. reference 3740,2026-08-07 04:35:31.833525,False,GENUINE,1,0,0,0.769149315988473,20,7,15,1,1,0,0,4.5,0,4.5,False,False
C3741,U437,I321,i think this could be improved. reference 3741,2026-06-29 11:20:31.833538,False,GENUINE,1,0,0,0.6122441426822248,0,6,15,1,1,0,0,1.5,0,1.5,False,False
C3742,U447,I198,this is worth discussing further. reference 3742,2026-07-30 02:44:31.833552,False,GENUINE,1,0,0,0.6148367794734235,0,6,15,1,1,0,0,1.5,0,1.5,False,False
C3743,U185,I62,this is worth discussing further. reference 3743,2026-08-08 02:20:31.833566,False,GENUINE,1,0,0,0.6148367794734235,0,5,15,1,1,0,0,1.5,0,1.5,False,False
C3744,U867,I35,i have a different opinion about gaming. reference 3744,2026-06-22 21:47:31.833580,False,GENUINE,1,0,0,0.7402988924808734,20,6,15,1,1,0,0,4.5,0,4.5,False,False
C3745,U548,I137,i learned something useful about gaming here. reference 3745,2026-06-05 04:49:31.833593,False,GENUINE,1,0,0,0.7317498758867395,20,11,40,1,1,0,0,7.0,0,7.0,False,False
C3746,U703,I216,the explanation of technology was very clear. reference 3746,2026-06-12 17:32:31.833609,False,GENUINE,1,0,0,0.768821942884016,20,11,40,1,1,0,0,7.0,0,7.0,False,False
C3747,U580,I30,click here for amazing deals,2026-07-12 02:28:31.833623,False,GENUINE,53,50,30,1.0000000000000002,50,7,15,53,2,50,0,40.0,8,48.0,False,False
C3748,U639,I368,i have a different opinion about movies. reference 3748,2026-07-03 17:03:31.833637,False,GENUINE,1,0,0,0.7480534672157237,20,4,0,1,1,0,0,3.0,0,3.0,False,False
C3749,U246,I118,the explanation of movies was very clear. reference 3749,2026-06-22 12:46:31.833651,False,GENUINE,1,0,0,0.769149315988473,20,6,15,1,1,0,0,4.5,0,4.5,False,False
C3750,U362,I430,the explanation of education was very clear. reference 3750,2026-08-09 17:50:31.833665,False,GENUINE,1,0,0,0.7597438970269877,20,5,15,1,1,0,0,4.5,0,4.5,False,False
C3751,U566,I299,this is worth discussing further. reference 3751,2026-07-27 04:35:31.833678,False,GENUINE,1,0,0,0.6148367794734235,0,5,15,1,1,0,0,1.5,0,1.5,False,False
C3752,U825,I494,the information presented here is useful. reference 3752,2026-06-23 12:35:31.833692,False,GENUINE,1,0,0,0.6598076480079632,0,6,15,1,1,0,0,1.5,0,1.5,False,False
C3753,U631,I8,i learned something useful about gaming here. reference 3753,2026-06-20 20:05:31.833706,False,GENUINE,1,0,0,0.7317498758867395,20,4,0,1,1,0,0,3.0,0,3.0,False,False
C3754,U758,I314,i have a different opinion about food. reference 3754,2026-07-31 11:52:31.833722,False,GENUINE,1,0,0,0.7486181787682682,20,5,15,1,1,0,0,4.5,0,4.5,False,False
C3755,U97,I126,amazing product buy now,2026-07-20 19:16:31.833738,False,GENUINE,69,50,15,1.0,50,4,0,68,1,40,0,32.0,8,40.0,False,False
C3756,U470,I312,i learned something useful about education here. reference 3756,2026-07-22 18:38:31.833754,False,GENUINE,1,0,0,0.7309832397113513,20,6,15,1,1,0,0,4.5,0,4.5,False,False
C3757,U286,I54,i really enjoyed this post about sports. reference 3757,2026-06-11 17:48:31.833768,False,GENUINE,1,0,0,0.7746110731001136,20,3,0,1,1,0,0,3.0,0,3.0,False,False
C3758,U315,I222,thanks for sharing this information. reference 3758,2026-07-02 05:19:31.833781,False,GENUINE,1,0,0,0.6789809902112234,0,10,40,1,1,0,0,4.0,0,4.0,False,False
C3759,U218,I118,this is an interesting perspective on gaming. reference 3759,2026-07-05 15:31:31.833795,False,GENUINE,1,0,0,0.7326877208387651,20,2,0,1,1,0,0,3.0,0,3.0,False,False
C3760,U729,I227,i think this could be improved. reference 3760,2026-06-05 13:15:31.833809,False,GENUINE,1,0,0,0.6122441426822248,0,4,0,1,1,0,0,0.0,0,0.0,False,False
C3761,U909,I196,thanks for sharing this information. reference 3761,2026-08-09 17:40:31.833823,False,GENUINE,1,0,0,0.6789809902112234,0,5,15,1,1,0,0,1.5,0,1.5,False,False
C3762,U554,I391,i have a different opinion about sports. reference 3762,2026-06-11 13:06:31.833836,False,GENUINE,1,0,0,0.7435975412000372,20,6,15,1,1,0,0,4.5,0,4.5,False,False
C3763,U503,I223,this was a surprisingly interesting post. reference 3763,2026-07-13 12:23:31.833850,False,GENUINE,1,0,0,0.661661894767308,0,5,15,1,1,0,0,1.5,0,1.5,False,False
C3764,U21,I255,this was a surprisingly interesting post. reference 3764,2026-07-02 14:00:31.833864,False,GENUINE,1,0,0,0.661661894767308,0,5,15,1,1,0,0,1.5,0,1.5,False,False
C3765,U621,I105,this is worth discussing further. reference 3765,2026-06-08 19:15:31.833877,False,GENUINE,1,0,0,0.6148367794734235,0,9,15,1,1,0,0,1.5,0,1.5,False,False
C3766,U79,I307,the information presented here is useful. reference 3766,2026-07-06 01:25:31.833891,False,GENUINE,1,0,0,0.6598076480079632,0,3,0,1,1,0,0,0.0,0,0.0,False,False
C3767,U212,I111,this is worth discussing further. reference 3767,2026-07-05 23:01:31.833904,False,GENUINE,1,0,0,0.6148367794734235,0,7,15,1,1,0,0,1.5,0,1.5,False,False
C3768,U280,I127,i have a different opinion about sports. reference 3768,2026-07-08 07:04:31.833920,False,GENUINE,1,0,0,0.7435975412000372,20,6,15,1,1,0,0,4.5,0,4.5,False,False
C3769,U614,I449,i think this could be improved. reference 3769,2026-06-10 08:19:31.833934,False,GENUINE,1,0,0,0.6122441426822248,0,9,15,1,1,0,0,1.5,0,1.5,False,False
C3770,U957,I288,the explanation of gaming was very clear. reference 3770,2026-07-01 16:02:31.833948,False,GENUINE,1,0,0,0.7624332223630372,20,6,15,1,1,0,0,4.5,0,4.5,False,False
C3771,U730,I409,i really enjoyed this post about fashion. reference 3771,2026-06-20 19:10:31.833962,False,GENUINE,1,0,0,0.7749801373506703,20,4,0,1,1,0,0,3.0,0,3.0,False,False
C3772,U353,I184,the information presented here is useful. reference 3772,2026-06-28 03:28:31.833975,False,GENUINE,1,0,0,0.6598076480079632,0,4,0,1,1,0,0,0.0,0,0.0,False,False
C3773,U446,I370,i think this could be improved. reference 3773,2026-08-03 16:33:31.833989,False,GENUINE,1,0,0,0.6122441426822248,0,6,15,1,1,0,0,1.5,0,1.5,False,False
C3774,U447,I130,this is worth discussing further. reference 3774,2026-07-18 08:04:31.834004,False,GENUINE,1,0,0,0.6148367794734235,0,6,15,1,1,0,0,1.5,0,1.5,False,False
C3775,U375,I466,i have a different opinion about food. reference 3775,2026-07-28 10:36:31.834018,False,GENUINE,1,0,0,0.7486181787682682,20,6,15,1,1,0,0,4.5,0,4.5,False,False
C3776,U172,I112,thanks for sharing this information. reference 3776,2026-08-08 12:41:31.834032,False,GENUINE,1,0,0,0.6789809902112234,0,3,0,1,1,0,0,0.0,0,0.0,False,False
C3777,U390,I186,i really enjoyed this post about sports. reference 3777,2026-08-03 15:26:31.834046,False,GENUINE,1,0,0,0.7746110731001136,20,6,15,1,1,0,0,4.5,0,4.5,False,False
C3778,U724,I468,i learned something useful about gaming here. reference 3778,2026-06-16 19:30:31.834059,False,GENUINE,1,0,0,0.7317498758867395,20,10,40,1,1,0,0,7.0,0,7.0,False,False
C3779,U712,I283,i really enjoyed this post about movies. reference 3779,2026-08-04 14:50:31.834073,False,GENUINE,1,0,0,0.7772370080656208,20,9,15,1,1,0,0,4.5,0,4.5,False,False
C3780,U537,I477,click here for amazing deals,2026-07-29 06:25:31.834087,False,GENUINE,53,50,30,1.0000000000000002,50,6,15,53,1,40,0,36.5,8,44.5,False,False
C3781,U300,I72,the information presented here is useful. reference 3781,2026-07-25 21:36:31.834100,False,GENUINE,1,0,0,0.6598076480079632,0,6,15,1,1,0,0,1.5,0,1.5,False,False
C3782,U234,I209,i have a different opinion about education. reference 3782,2026-06-25 10:54:31.834114,False,GENUINE,1,0,0,0.7416504318441781,20,3,0,1,1,0,0,3.0,0,3.0,False,False
C3783,U68,I118,this is an interesting perspective on technology. reference 3783,2026-06-20 17:05:31.834130,False,GENUINE,1,0,0,0.7340859795799535,20,7,15,1,1,0,0,4.5,0,4.5,False,False
C3784,U670,I400,i learned something useful about movies here. reference 3784,2026-06-22 22:59:31.834144,False,GENUINE,1,0,0,0.736990248638929,20,5,15,1,1,0,0,4.5,0,4.5,False,False
C3785,U481,I482,the information presented here is useful. reference 3785,2026-07-21 07:53:31.834157,False,GENUINE,1,0,0,0.6598076480079632,0,4,0,1,1,0,0,0.0,0,0.0,False,False
C3786,U17,I413,the explanation of gaming was very clear. reference 3786,2026-08-05 16:47:31.834173,False,GENUINE,1,0,0,0.7624332223630372,20,6,15,1,1,0,0,4.5,0,4.5,False,False
C3787,U791,I51,i have a different opinion about education. reference 3787,2026-06-24 05:32:31.834187,False,GENUINE,1,0,0,0.7416504318441781,20,7,15,1,1,0,0,4.5,0,4.5,False,False
C3788,U127,I398,i think this could be improved. reference 3788,2026-06-07 00:06:31.834200,False,GENUINE,1,0,0,0.6122441426822248,0,7,15,1,1,0,0,1.5,0,1.5,False,False
C3789,U183,I78,this was a surprisingly interesting post. reference 3789,2026-07-20 11:21:31.834213,False,GENUINE,1,0,0,0.661661894767308,0,6,15,1,1,0,0,1.5,0,1.5,False,False
C3790,U805,I4,this is worth discussing further. reference 3790,2026-07-18 01:03:31.834227,False,GENUINE,1,0,0,0.6148367794734235,0,8,15,1,1,0,0,1.5,0,1.5,False,False
C3791,U525,I416,i really enjoyed this post about technology. reference 3791,2026-07-06 23:42:31.834240,False,GENUINE,1,0,0,0.7763004403525399,20,4,0,1,1,0,0,3.0,0,3.0,False,False
C3792,U138,I85,i really enjoyed this post about food. reference 3792,2026-07-28 15:23:31.834254,False,GENUINE,1,0,0,0.7772683096754256,20,7,15,1,1,0,0,4.5,0,4.5,False,False
C3793,U866,I67,the explanation of music was very clear. reference 3793,2026-06-20 14:21:31.834268,False,GENUINE,1,0,0,0.7662202675963719,20,8,15,1,1,0,0,4.5,0,4.5,False,False
C3794,U801,I142,i think this could be improved. reference 3794,2026-07-01 10:08:31.834281,False,GENUINE,1,0,0,0.6122441426822248,0,7,15,1,1,0,0,1.5,0,1.5,False,False
C3795,U179,I363,best product ever buy now,2026-07-28 01:53:31.834295,False,GENUINE,75,50,15,1.0,50,5,15,72,1,40,0,33.5,8,41.5,False,False
C3796,U655,I310,i really enjoyed this post about gaming. reference 3796,2026-07-08 11:29:31.834308,False,GENUINE,1,0,0,0.7760108921746118,20,10,40,1,1,0,0,7.0,0,7.0,False,False
C3797,U139,I0,i have a different opinion about food. reference 3797,2026-06-24 16:35:31.834322,False,GENUINE,1,0,0,0.7486181787682682,20,9,15,1,1,0,0,4.5,0,4.5,False,False
C3798,U818,I250,the information presented here is useful. reference 3798,2026-06-25 00:59:31.834336,False,GENUINE,1,0,0,0.6598076480079632,0,3,0,1,1,0,0,0.0,0,0.0,False,False
C3799,U477,I492,this was a surprisingly interesting post. reference 3799,2026-06-17 17:12:31.834350,False,GENUINE,1,0,0,0.661661894767308,0,6,15,1,1,0,0,1.5,0,1.5,False,False
C3800,U591,I367,the information presented here is useful. reference 3800,2026-06-25 04:26:31.834363,False,GENUINE,1,0,0,0.6598076480079632,0,7,15,1,1,0,0,1.5,0,1.5,False,False
C3801,U959,I208,i learned something useful about food here. reference 3801,2026-07-31 08:12:31.834377,False,GENUINE,1,0,0,0.7306701420191416,20,7,15,1,1,0,0,4.5,0,4.5,False,False
C3802,U824,I18,the explanation of gaming was very clear. reference 3802,2026-06-18 05:42:31.834393,False,GENUINE,1,0,0,0.7624332223630372,20,7,15,1,1,0,0,4.5,0,4.5,False,False
C3803,U376,I431,i have a different opinion about gaming. reference 3803,2026-06-17 19:39:31.834407,False,GENUINE,1,0,0,0.7402988924808734,20,3,0,1,1,0,0,3.0,0,3.0,False,False
C3804,U925,I211,the information presented here is useful. reference 3804,2026-07-15 13:40:31.834420,False,GENUINE,1,0,0,0.6598076480079632,0,3,0,1,1,0,0,0.0,0,0.0,False,False
C3805,U382,I12,this is worth discussing further. reference 3805,2026-07-24 17:54:31.834433,False,GENUINE,1,0,0,0.6148367794734235,0,6,15,1,1,0,0,1.5,0,1.5,False,False
C3806,U768,I8,amazing product buy now,2026-06-14 17:15:31.834447,False,GENUINE,69,50,15,1.0,50,3,0,68,1,40,0,32.0,8,40.0,False,False
C3807,U768,I75,i think this could be improved. reference 3807,2026-06-13 18:03:31.834462,False,GENUINE,1,0,0,0.6122441426822248,0,3,0,1,1,0,0,0.0,0,0.0,False,False
C3808,U812,I154,the information presented here is useful. reference 3808,2026-07-29 21:05:31.834475,False,GENUINE,1,0,0,0.6598076480079632,0,3,0,1,1,0,0,0.0,0,0.0,False,False
C3809,U16,I461,the explanation of food was very clear. reference 3809,2026-07-19 19:28:31.834489,False,GENUINE,1,0,0,0.7668898154278452,20,6,15,1,1,0,0,4.5,0,4.5,False,False
C3810,U498,I204,i think this could be improved. reference 3810,2026-07-09 00:16:31.834502,False,GENUINE,1,0,0,0.6122441426822248,0,5,15,1,1,0,0,1.5,0,1.5,False,False
C3811,U903,I104,i think this could be improved. reference 3811,2026-07-04 23:39:31.834516,False,GENUINE,1,0,0,0.6122441426822248,0,9,15,1,1,0,0,1.5,0,1.5,False,False
C3812,U982,I26,the explanation of education was very clear. reference 3812,2026-06-14 13:49:31.834532,False,GENUINE,1,0,0,0.7597438970269877,20,7,15,1,1,0,0,4.5,0,4.5,False,False
C3813,U944,I51,i have a different opinion about music. reference 3813,2026-08-06 23:56:31.834546,False,GENUINE,1,0,0,0.7390063271830457,20,4,0,1,1,0,0,3.0,0,3.0,False,False
C3814,U358,I238,the information presented here is useful. reference 3814,2026-08-04 17:19:31.834562,False,GENUINE,1,0,0,0.6598076480079632,0,2,0,1,1,0,0,0.0,0,0.0,False,False
C3815,U612,I150,click here for amazing deals,2026-08-08 03:27:31.834575,False,GENUINE,53,50,30,1.0000000000000002,50,9,15,53,1,40,0,36.5,8,44.5,False,False
C3816,U956,I444,i think this could be improved. reference 3816,2026-07-10 17:58:31.834589,False,GENUINE,1,0,0,0.6122441426822248,0,5,15,1,1,0,0,1.5,0,1.5,False,False
C3817,U339,I99,i have a different opinion about education. reference 3817,2026-08-10 19:49:31.834602,False,GENUINE,1,0,0,0.7416504318441781,20,8,15,1,1,0,0,4.5,0,4.5,False,False
C3818,U103,I74,this was a surprisingly interesting post. reference 3818,2026-08-06 09:09:31.834619,False,GENUINE,1,0,0,0.661661894767308,0,7,15,1,1,0,0,1.5,0,1.5,False,False
C3819,U25,I260,the explanation of music was very clear. reference 3819,2026-08-09 15:14:31.834633,False,GENUINE,1,0,0,0.7662202675963719,20,6,15,1,1,0,0,4.5,0,4.5,False,False
C3820,U459,I206,this is worth discussing further. reference 3820,2026-07-11 06:06:31.834646,False,GENUINE,1,0,0,0.6148367794734235,0,6,15,1,1,0,0,1.5,0,1.5,False,False
C3821,U636,I167,i have a different opinion about music. reference 3821,2026-08-07 04:45:31.834660,False,GENUINE,1,0,0,0.7390063271830457,20,4,0,1,1,0,0,3.0,0,3.0,False,False
C3822,U820,I264,thanks for sharing this information. reference 3822,2026-07-02 22:17:31.834673,False,GENUINE,1,0,0,0.6789809902112234,0,4,0,1,1,0,0,0.0,0,0.0,False,False
C3823,U776,I249,the information presented here is useful. reference 3823,2026-06-12 04:23:31.834686,False,GENUINE,1,0,0,0.6598076480079632,0,4,0,1,1,0,0,0.0,0,0.0,False,False
C3824,U798,I280,thanks for sharing this information. reference 3824,2026-07-28 21:01:31.834700,False,GENUINE,1,0,0,0.6789809902112234,0,10,40,1,1,0,0,4.0,0,4.0,False,False
C3825,U955,I422,the information presented here is useful. reference 3825,2026-06-12 16:50:31.834713,False,GENUINE,1,0,0,0.6598076480079632,0,8,15,1,1,0,0,1.5,0,1.5,False,False
C3826,U731,I225,i have a different opinion about education. reference 3826,2026-07-29 21:19:31.834728,False,GENUINE,1,0,0,0.7416504318441781,20,7,15,1,1,0,0,4.5,0,4.5,False,False
C3827,U780,I468,the explanation of gaming was very clear. reference 3827,2026-06-16 16:24:31.834741,False,GENUINE,1,0,0,0.7624332223630372,20,3,0,1,1,0,0,3.0,0,3.0,False,False
C3828,U393,I141,the information presented here is useful. reference 3828,2026-08-08 00:28:31.834755,False,GENUINE,1,0,0,0.6598076480079632,0,6,15,1,1,0,0,1.5,0,1.5,False,False
C3829,U45,I155,i really enjoyed this post about education. reference 3829,2026-07-25 03:06:31.834771,False,GENUINE,1,0,0,0.7751482859536991,20,5,15,1,1,0,0,4.5,0,4.5,False,False
C3830,U428,I291,the explanation of fashion was very clear. reference 3830,2026-07-29 00:42:31.834784,False,GENUINE,1,0,0,0.7656396726651926,20,2,0,1,1,0,0,3.0,0,3.0,False,False
C3831,U437,I280,thanks for sharing this information. reference 3831,2026-07-23 15:53:31.834801,False,GENUINE,1,0,0,0.6789809902112234,0,6,15,1,1,0,0,1.5,0,1.5,False,False
C3832,U0,I33,i learned something useful about technology here. reference 3832,2026-07-18 15:58:31.834818,False,GENUINE,1,0,0,0.7297924268271072,20,5,15,1,1,0,0,4.5,0,4.5,False,False
C3833,U744,I247,this is an interesting perspective on sports. reference 3833,2026-06-30 04:57:31.834832,False,GENUINE,1,0,0,0.7310531063082972,20,6,15,1,1,0,0,4.5,0,4.5,False,False
C3834,U937,I84,i think this could be improved. reference 3834,2026-08-04 13:17:31.834846,False,GENUINE,1,0,0,0.6122441426822248,0,5,15,1,1,0,0,1.5,0,1.5,False,False
C3835,U685,I235,this is worth discussing further. reference 3835,2026-06-30 03:35:31.834859,False,GENUINE,1,0,0,0.6148367794734235,0,4,0,1,1,0,0,0.0,0,0.0,False,False
C3836,U978,I489,i have a different opinion about music. reference 3836,2026-06-15 08:23:31.834874,False,GENUINE,1,0,0,0.7390063271830457,20,9,15,1,1,0,0,4.5,0,4.5,False,False
C3837,U680,I167,you must buy this product,2026-06-12 01:15:31.834888,False,GENUINE,51,50,0,1.0,50,8,15,51,1,40,0,30.5,8,38.5,False,False
C3838,U698,I427,thanks for sharing this information. reference 3838,2026-06-18 18:41:31.834901,False,GENUINE,1,0,0,0.6789809902112234,0,4,0,1,1,0,0,0.0,0,0.0,False,False
C3839,U796,I459,the explanation of sports was very clear. reference 3839,2026-08-09 19:25:31.834915,False,GENUINE,1,0,0,0.761366899611231,20,3,0,1,1,0,0,3.0,0,3.0,False,False
C3840,U444,I247,i have a different opinion about music. reference 3840,2026-06-26 12:24:31.834932,False,GENUINE,1,0,0,0.7390063271830457,20,7,15,1,1,0,0,4.5,0,4.5,False,False
C3841,U307,I255,the information presented here is useful. reference 3841,2026-06-18 23:24:31.834945,False,GENUINE,1,0,0,0.6598076480079632,0,7,15,1,1,0,0,1.5,0,1.5,False,False
C3842,U307,I410,i have a different opinion about gaming. reference 3842,2026-07-29 08:44:31.834959,False,GENUINE,1,0,0,0.7402988924808734,20,7,15,1,1,0,0,4.5,0,4.5,False,False
C3843,U568,I114,the explanation of sports was very clear. reference 3843,2026-06-30 13:36:31.834973,False,GENUINE,1,0,0,0.761366899611231,20,7,15,1,1,0,0,4.5,0,4.5,False,False
C3844,U926,I78,this is an interesting perspective on music. reference 3844,2026-07-05 06:32:31.834988,False,GENUINE,1,0,0,0.7318423269582839,20,9,15,1,1,0,0,4.5,0,4.5,False,False
C3845,U760,I204,the information presented here is useful. reference 3845,2026-07-15 14:37:31.835001,False,GENUINE,1,0,0,0.6598076480079632,0,13,40,1,1,0,0,4.0,0,4.0,False,False
C3846,U83,I124,i learned something useful about food here. reference 3846,2026-06-12 11:53:31.835015,False,GENUINE,1,0,0,0.7306701420191416,20,7,15,1,1,0,0,4.5,0,4.5,False,False
C3847,U67,I396,this is worth discussing further. reference 3847,2026-07-03 04:20:31.835029,False,GENUINE,1,0,0,0.6148367794734235,0,4,0,1,1,0,0,0.0,0,0.0,False,False
C3848,U415,I417,the information presented here is useful. reference 3848,2026-07-05 03:05:31.835043,False,GENUINE,1,0,0,0.6598076480079632,0,6,15,1,1,0,0,1.5,0,1.5,False,False
C3849,U484,I15,this is worth discussing further. reference 3849,2026-08-01 01:42:31.835058,False,GENUINE,1,0,0,0.6148367794734235,0,6,15,1,1,0,0,1.5,0,1.5,False,False
C3850,U315,I120,i think this could be improved. reference 3850,2026-07-06 18:09:31.835072,False,GENUINE,1,0,0,0.6122441426822248,0,10,40,1,1,0,0,4.0,0,4.0,False,False
C3851,U602,I109,the information presented here is useful. reference 3851,2026-07-21 10:22:31.835085,False,GENUINE,1,0,0,0.6598076480079632,0,10,40,1,1,0,0,4.0,0,4.0,False,False
C3852,U293,I124,thanks for sharing this information. reference 3852,2026-07-12 05:44:31.835099,False,GENUINE,1,0,0,0.6789809902112234,0,8,15,1,1,0,0,1.5,0,1.5,False,False
C3853,U163,I306,this is worth discussing further. reference 3853,2026-08-04 06:55:31.835112,False,GENUINE,1,0,0,0.6148367794734235,0,7,15,1,1,0,0,1.5,0,1.5,False,False
C3854,U103,I42,this is an interesting perspective on technology. reference 3854,2026-07-29 04:12:31.835126,False,GENUINE,1,0,0,0.7340859795799535,20,7,15,1,1,0,0,4.5,0,4.5,False,False
C3855,U553,I219,i think this could be improved. reference 3855,2026-06-09 08:31:31.835140,False,GENUINE,1,0,0,0.6122441426822248,0,3,0,1,1,0,0,0.0,0,0.0,False,False
C3856,U663,I77,i really enjoyed this post about technology. reference 3856,2026-06-29 22:36:31.835154,False,GENUINE,1,0,0,0.7763004403525399,20,3,0,1,1,0,0,3.0,0,3.0,False,False
C3857,U181,I16,i learned something useful about movies here. reference 3857,2026-07-09 10:46:31.835167,False,GENUINE,1,0,0,0.736990248638929,20,9,15,1,1,0,0,4.5,0,4.5,False,False
C3858,U695,I351,best deal available now,2026-08-08 03:39:31.835182,False,GENUINE,52,50,15,1.0000000000000002,50,5,15,51,1,40,0,33.5,8,41.5,False,False
C3859,U169,I457,i have a different opinion about music. reference 3859,2026-08-02 17:35:31.835197,False,GENUINE,1,0,0,0.7390063271830457,20,3,0,1,1,0,0,3.0,0,3.0,False,False
C3860,U39,I298,this is an interesting perspective on technology. reference 3860,2026-06-16 21:53:31.835212,False,GENUINE,1,0,0,0.7340859795799535,20,6,15,1,1,0,0,4.5,0,4.5,False,False
C3861,U0,I420,the explanation of education was very clear. reference 3861,2026-07-07 06:07:31.835226,False,GENUINE,1,0,0,1.0000000000000002,50,5,15,1,1,0,0,9.0,0,9.0,False,False
C3862,U843,I251,this is an interesting perspective on movies. reference 3862,2026-06-18 19:44:31.835239,False,GENUINE,1,0,0,1.0,50,5,15,1,1,0,0,9.0,0,9.0,False,False
C3863,U298,I315,this was a surprisingly interesting post. reference 3863,2026-06-17 01:26:31.835253,False,GENUINE,1,0,0,1.0,50,8,15,1,1,0,0,9.0,0,9.0,False,False
C3864,U291,I70,this is an interesting perspective on food. reference 3864,2026-06-17 15:47:31.835267,False,GENUINE,1,0,0,1.0000000000000002,50,8,15,1,1,0,0,9.0,0,9.0,False,False
C3865,U872,I133,i learned something useful about gaming here. reference 3865,2026-06-27 15:32:31.835281,False,GENUINE,1,0,0,1.0,50,10,40,1,1,0,0,11.5,0,11.5,False,False
C3866,U621,I114,i have a different opinion about technology. reference 3866,2026-07-07 00:36:31.835294,False,GENUINE,1,0,0,1.0,50,9,15,1,1,0,0,9.0,0,9.0,False,False
C3867,U872,I173,i learned something useful about food here. reference 3867,2026-07-01 15:27:31.835308,False,GENUINE,1,0,0,1.0000000000000002,50,10,40,1,1,0,0,11.5,0,11.5,False,False
C3868,U367,I487,this was a surprisingly interesting post. reference 3868,2026-07-16 02:29:31.835326,False,GENUINE,1,0,0,1.0,50,6,15,1,1,0,0,9.0,0,9.0,False,False
C3869,U669,I361,the information presented here is useful. reference 3869,2026-07-21 10:20:31.835340,False,GENUINE,1,0,0,1.0,50,6,15,1,1,0,0,9.0,0,9.0,False,False
C3870,U813,I433,i have a different opinion about music. reference 3870,2026-07-23 16:02:31.835360,False,GENUINE,1,0,0,0.7390063271830457,20,6,15,1,1,0,0,4.5,0,4.5,False,False
C3871,U246,I236,i learned something useful about education here. reference 3871,2026-08-08 11:35:31.835374,False,GENUINE,1,0,0,0.7309832397113513,20,6,15,1,1,0,0,4.5,0,4.5,False,False
C3872,U81,I30,thanks for sharing this information. reference 3872,2026-07-29 09:22:31.835387,False,GENUINE,1,0,0,0.6789809902112234,0,5,15,1,1,0,0,1.5,0,1.5,False,False
C3873,U110,I229,i learned something useful about education here. reference 3873,2026-06-07 01:04:31.835401,False,GENUINE,1,0,0,0.7309832397113513,20,6,15,1,1,0,0,4.5,0,4.5,False,False
C3874,U75,I144,this is worth discussing further. reference 3874,2026-06-20 02:32:31.835415,False,GENUINE,1,0,0,0.6148367794734235,0,9,15,1,1,0,0,1.5,0,1.5,False,False
C3875,U244,I367,i think this could be improved. reference 3875,2026-07-05 12:35:31.835429,False,GENUINE,1,0,0,0.6122441426822248,0,4,0,1,1,0,0,0.0,0,0.0,False,False
C3876,U125,I476,this was a surprisingly interesting post. reference 3876,2026-06-08 06:54:31.835442,False,GENUINE,1,0,0,1.0,50,7,15,1,1,0,0,9.0,0,9.0,False,False
C3877,U214,I458,i think this could be improved. reference 3877,2026-07-09 16:21:31.835456,False,GENUINE,1,0,0,1.0000000000000002,50,7,15,1,1,0,0,9.0,0,9.0,False,False
C3878,U160,I200,the explanation of music was very clear. reference 3878,2026-08-05 19:40:31.835470,False,GENUINE,1,0,0,1.0000000000000002,50,6,15,1,1,0,0,9.0,0,9.0,False,False
C3879,U50,I16,i have a different opinion about fashion. reference 3879,2026-07-25 20:25:31.835484,False,GENUINE,1,0,0,1.0,50,4,0,1,1,0,0,7.5,0,7.5,False,False
C3880,U832,I254,i think this could be improved. reference 3880,2026-06-08 06:50:31.835498,False,GENUINE,1,0,0,1.0000000000000002,50,9,15,1,1,0,0,9.0,0,9.0,False,False
C3881,U883,I165,i think this could be improved. reference 3881,2026-07-13 01:50:31.835514,False,GENUINE,1,0,0,1.0000000000000002,50,4,0,1,1,0,0,7.5,0,7.5,False,False
C3882,U763,I494,the information presented here is useful. reference 3882,2026-06-04 10:16:31.835528,False,GENUINE,1,0,0,1.0,50,9,15,1,1,0,0,9.0,0,9.0,False,False
C3883,U580,I444,i learned something useful about technology here. reference 3883,2026-07-27 21:19:31.835542,False,GENUINE,1,0,0,1.0,50,7,15,1,1,0,0,9.0,0,9.0,False,False
C3884,U977,I128,the information presented here is useful. reference 3884,2026-06-28 12:20:31.835556,False,GENUINE,1,0,0,1.0,50,2,0,1,1,0,0,7.5,0,7.5,False,False
C3885,U896,I171,i learned something useful about technology here. reference 3885,2026-07-30 01:24:31.835570,False,GENUINE,1,0,0,1.0,50,3,0,1,1,0,0,7.5,0,7.5,False,False
C3886,U245,I262,thanks for sharing this information. reference 3886,2026-07-17 12:59:31.835583,False,GENUINE,1,0,0,1.0,50,4,0,1,1,0,0,7.5,0,7.5,False,False
C3887,U929,I103,i learned something useful about fashion here. reference 3887,2026-08-08 07:59:31.835597,False,GENUINE,1,0,0,1.0,50,6,15,1,1,0,0,9.0,0,9.0,False,False
C3888,U789,I4,this is worth discussing further. reference 3888,2026-06-16 20:45:31.835613,False,GENUINE,1,0,0,1.0,50,9,15,1,1,0,0,9.0,0,9.0,False,False
C3889,U381,I172,i really enjoyed this post about gaming. reference 3889,2026-06-28 21:17:31.835627,False,GENUINE,1,0,0,1.0,50,9,15,1,1,0,0,9.0,0,9.0,False,False
C3890,U790,I422,this was a surprisingly interesting post. reference 3890,2026-07-23 14:54:31.835641,False,GENUINE,1,0,0,1.0,50,10,40,1,1,0,0,11.5,0,11.5,False,False
C3891,U151,I170,this was a surprisingly interesting post. reference 3891,2026-06-24 12:16:31.835657,False,GENUINE,1,0,0,1.0,50,8,15,1,1,0,0,9.0,0,9.0,False,False
C3892,U400,I455,this was a surprisingly interesting post. reference 3892,2026-07-03 05:50:31.835671,False,GENUINE,1,0,0,1.0,50,5,15,1,1,0,0,9.0,0,9.0,False,False
C3893,U788,I486,i really enjoyed this post about food. reference 3893,2026-06-07 09:04:31.835685,False,GENUINE,1,0,0,1.0,50,5,15,1,1,0,0,9.0,0,9.0,False,False
C3894,U605,I280,i have a different opinion about food. reference 3894,2026-08-07 18:44:31.835699,False,GENUINE,1,0,0,1.0,50,4,0,1,1,0,0,7.5,0,7.5,False,False
C3895,U291,I170,i really enjoyed this post about fashion. reference 3895,2026-06-19 04:35:31.835715,False,GENUINE,1,0,0,1.0,50,8,15,1,1,0,0,9.0,0,9.0,False,False
C3896,U642,I494,this is an interesting perspective on food. reference 3896,2026-07-04 20:29:31.835731,False,GENUINE,1,0,0,1.0000000000000002,50,7,15,1,1,0,0,9.0,0,9.0,False,False
C3897,U951,I237,thanks for sharing this information. reference 3897,2026-07-14 03:27:31.835745,False,GENUINE,1,0,0,1.0,50,6,15,1,1,0,0,9.0,0,9.0,False,False
C3898,U854,I302,the explanation of food was very clear. reference 3898,2026-07-18 17:44:31.835759,False,GENUINE,1,0,0,1.0,50,4,0,1,1,0,0,7.5,0,7.5,False,False
C3899,U307,I456,i really enjoyed this post about sports. reference 3899,2026-06-11 23:46:31.835773,False,GENUINE,1,0,0,1.0000000000000002,50,7,15,1,1,0,0,9.0,0,9.0,False,False
C3900,U926,I296,i have a different opinion about fashion. reference 3900,2026-07-18 16:16:31.835787,False,GENUINE,1,0,0,1.0,50,9,15,1,1,0,0,9.0,0,9.0,False,False
C3901,U4,I271,the explanation of technology was very clear. reference 3901,2026-07-22 15:27:31.835801,False,GENUINE,1,0,0,1.0,50,6,15,1,1,0,0,9.0,0,9.0,False,False
C3902,U974,I420,i think this could be improved. reference 3902,2026-07-06 16:46:31.835814,False,GENUINE,1,0,0,1.0000000000000002,50,5,15,1,1,0,0,9.0,0,9.0,False,False
C3903,U2,I220,i really enjoyed this post about gaming. reference 3903,2026-07-17 22:13:31.835827,False,GENUINE,1,0,0,1.0,50,2,0,1,1,0,0,7.5,0,7.5,False,False
C3904,U548,I416,this was a surprisingly interesting post. reference 3904,2026-08-10 08:16:31.835842,False,GENUINE,1,0,0,1.0,50,11,40,1,1,0,0,11.5,0,11.5,False,False
C3905,U513,I444,i have a different opinion about technology. reference 3905,2026-06-27 15:03:31.835856,False,GENUINE,1,0,0,1.0,50,5,15,1,1,0,0,9.0,0,9.0,False,False
C3906,U594,I109,this was a surprisingly interesting post. reference 3906,2026-08-01 06:51:31.835870,False,GENUINE,1,0,0,1.0,50,7,15,1,1,0,0,9.0,0,9.0,False,False
C3907,U875,I120,the information presented here is useful. reference 3907,2026-07-26 16:48:31.835884,False,GENUINE,1,0,0,1.0,50,3,0,1,1,0,0,7.5,0,7.5,False,False
C3908,U558,I335,the explanation of technology was very clear. reference 3908,2026-06-10 11:23:31.835898,False,GENUINE,1,0,0,1.0,50,7,15,1,1,0,0,9.0,0,9.0,False,False
C3909,U439,I40,this is worth discussing further. reference 3909,2026-06-29 03:42:31.835911,False,GENUINE,1,0,0,1.0,50,5,15,1,1,0,0,9.0,0,9.0,False,False
C3910,U21,I50,i learned something useful about movies here. reference 3910,2026-07-27 10:44:31.835925,False,GENUINE,1,0,0,1.0,50,5,15,1,1,0,0,9.0,0,9.0,False,False
C3911,U673,I149,i have a different opinion about fashion. reference 3911,2026-07-28 02:23:31.835939,False,GENUINE,1,0,0,1.0,50,4,0,1,1,0,0,7.5,0,7.5,False,False
C3912,U927,I218,the explanation of education was very clear. reference 3912,2026-07-09 22:25:31.835953,False,GENUINE,1,0,0,1.0000000000000002,50,5,15,1,1,0,0,9.0,0,9.0,False,False
C3913,U99,I391,i have a different opinion about movies. reference 3913,2026-06-23 11:16:31.835969,False,GENUINE,1,0,0,1.0000000000000004,50,6,15,1,1,0,0,9.0,0,9.0,False,False
C3914,U708,I280,this is an interesting perspective on gaming. reference 3914,2026-07-28 16:08:31.835983,False,GENUINE,1,0,0,1.0,50,5,15,1,1,0,0,9.0,0,9.0,False,False
C3915,U894,I62,i really enjoyed this post about sports. reference 3915,2026-08-05 19:50:31.835997,False,GENUINE,1,0,0,1.0000000000000002,50,6,15,1,1,0,0,9.0,0,9.0,False,False
C3916,U797,I394,i have a different opinion about education. reference 3916,2026-08-01 12:19:31.836015,False,GENUINE,1,0,0,1.0000000000000002,50,6,15,1,1,0,0,9.0,0,9.0,False,False
C3917,U783,I231,this is worth discussing further. reference 3917,2026-06-27 06:42:31.836028,False,GENUINE,1,0,0,1.0,50,7,15,1,1,0,0,9.0,0,9.0,False,False
C3918,U784,I427,this was a surprisingly interesting post. reference 3918,2026-06-26 08:10:31.836041,False,GENUINE,1,0,0,1.0,50,9,15,1,1,0,0,9.0,0,9.0,False,False
C3919,U125,I246,thanks for sharing this information. reference 3919,2026-08-04 06:04:31.836055,False,GENUINE,1,0,0,1.0,50,7,15,1,1,0,0,9.0,0,9.0,False,False
C3920,U364,I403,this is an interesting perspective on music. reference 3920,2026-07-26 18:38:31.836069,False,GENUINE,1,0,0,1.0,50,3,0,1,1,0,0,7.5,0,7.5,False,False
C3921,U397,I412,the explanation of movies was very clear. reference 3921,2026-06-06 19:30:31.836083,False,GENUINE,1,0,0,1.0,50,8,15,1,1,0,0,9.0,0,9.0,False,False
C3922,U18,I466,thanks for sharing this information. reference 3922,2026-08-06 01:24:31.836097,False,GENUINE,1,0,0,1.0,50,1,0,1,1,0,0,7.5,0,7.5,False,False
C3923,U166,I74,this is worth discussing further. reference 3923,2026-06-25 07:28:31.836111,False,GENUINE,1,0,0,1.0,50,6,15,1,1,0,0,9.0,0,9.0,False,False
C3924,U834,I353,this was a surprisingly interesting post. reference 3924,2026-06-29 06:16:31.836124,False,GENUINE,1,0,0,1.0,50,6,15,1,1,0,0,9.0,0,9.0,False,False
C3925,U946,I387,this is worth discussing further. reference 3925,2026-07-11 20:50:31.836140,False,GENUINE,1,0,0,1.0,50,5,15,1,1,0,0,9.0,0,9.0,False,False
C3926,U873,I199,the information presented here is useful. reference 3926,2026-06-26 04:35:31.836153,False,GENUINE,1,0,0,1.0,50,7,15,1,1,0,0,9.0,0,9.0,False,False
C3927,U794,I415,the information presented here is useful. reference 3927,2026-07-27 14:01:31.836167,False,GENUINE,1,0,0,1.0,50,8,15,1,1,0,0,9.0,0,9.0,False,False
C3928,U194,I317,i think this could be improved. reference 3928,2026-06-05 01:16:31.836180,False,GENUINE,1,0,0,1.0000000000000002,50,3,0,1,1,0,0,7.5,0,7.5,False,False
C3929,U232,I427,i think this could be improved. reference 3929,2026-07-07 13:58:31.836194,False,GENUINE,1,0,0,1.0000000000000002,50,2,0,1,1,0,0,7.5,0,7.5,False,False
C3930,U329,I328,this is worth discussing further. reference 3930,2026-08-08 00:18:31.836208,False,GENUINE,1,0,0,1.0,50,4,0,1,1,0,0,7.5,0,7.5,False,False
C3931,U37,I231,the explanation of technology was very clear. reference 3931,2026-06-20 20:44:31.836221,False,GENUINE,1,0,0,1.0,50,4,0,1,1,0,0,7.5,0,7.5,False,False
C3932,U363,I8,this is worth discussing further. reference 3932,2026-07-05 00:14:31.836235,False,GENUINE,1,0,0,1.0,50,7,15,1,1,0,0,9.0,0,9.0,False,False
C3933,U767,I428,i really enjoyed this post about music. reference 3933,2026-06-30 15:29:31.836249,False,GENUINE,1,0,0,0.9999999999999997,50,10,40,1,1,0,0,11.5,0,11.5,False,False
C3934,U87,I68,this is an interesting perspective on gaming. reference 3934,2026-06-18 20:48:31.836263,False,GENUINE,1,0,0,1.0,50,4,0,1,1,0,0,7.5,0,7.5,False,False
C3935,U139,I242,i think this could be improved. reference 3935,2026-07-31 22:22:31.836277,False,GENUINE,1,0,0,1.0000000000000002,50,9,15,1,1,0,0,9.0,0,9.0,False,False
C3936,U639,I415,i really enjoyed this post about music. reference 3936,2026-07-20 10:30:31.836290,False,GENUINE,1,0,0,0.9999999999999997,50,4,0,1,1,0,0,7.5,0,7.5,False,False
C3937,U319,I274,the information presented here is useful. reference 3937,2026-08-08 06:55:31.836304,False,GENUINE,1,0,0,1.0,50,3,0,1,1,0,0,7.5,0,7.5,False,False
C3938,U879,I54,i really enjoyed this post about movies. reference 3938,2026-06-12 07:39:31.836318,False,GENUINE,1,0,0,1.0,50,8,15,1,1,0,0,9.0,0,9.0,False,False
C3939,U987,I70,i have a different opinion about fashion. reference 3939,2026-07-28 21:40:31.836332,False,GENUINE,1,0,0,1.0,50,6,15,1,1,0,0,9.0,0,9.0,False,False
C3940,U287,I174,the information presented here is useful. reference 3940,2026-06-24 12:04:31.836346,False,GENUINE,1,0,0,1.0,50,4,0,1,1,0,0,7.5,0,7.5,False,False
C3941,U372,I38,i think this could be improved. reference 3941,2026-06-05 14:25:31.836359,False,GENUINE,1,0,0,1.0000000000000002,50,3,0,1,1,0,0,7.5,0,7.5,False,False
C3942,U307,I208,i really enjoyed this post about technology. reference 3942,2026-07-16 21:03:31.836373,False,GENUINE,1,0,0,1.0000000000000002,50,7,15,1,1,0,0,9.0,0,9.0,False,False
C3943,U335,I94,this is an interesting perspective on education. reference 3943,2026-06-25 01:12:31.836387,False,GENUINE,1,0,0,1.0,50,9,15,1,1,0,0,9.0,0,9.0,False,False
C3944,U617,I306,this is an interesting perspective on music. reference 3944,2026-08-01 12:18:31.836402,False,GENUINE,1,0,0,1.0,50,7,15,1,1,0,0,9.0,0,9.0,False,False
C3945,U97,I499,i have a different opinion about music. reference 3945,2026-07-13 20:37:31.836418,False,GENUINE,1,0,0,1.0,50,4,0,1,1,0,0,7.5,0,7.5,False,False
C3946,U909,I63,i learned something useful about sports here. reference 3946,2026-06-19 20:05:31.836432,False,GENUINE,1,0,0,1.0000000000000002,50,5,15,1,1,0,0,9.0,0,9.0,False,False
C3947,U819,I40,the explanation of technology was very clear. reference 3947,2026-07-17 15:55:31.836445,False,GENUINE,1,0,0,1.0,50,3,0,1,1,0,0,7.5,0,7.5,False,False
C3948,U318,I430,this was a surprisingly interesting post. reference 3948,2026-06-07 22:49:31.836459,False,GENUINE,1,0,0,1.0,50,4,0,1,1,0,0,7.5,0,7.5,False,False
C3949,U562,I478,thanks for sharing this information. reference 3949,2026-06-22 13:19:31.836473,False,GENUINE,1,0,0,1.0,50,5,15,1,1,0,0,9.0,0,9.0,False,False
C3950,U673,I152,this is an interesting perspective on fashion. reference 3950,2026-06-04 08:33:31.836487,False,GENUINE,1,0,0,1.0,50,4,0,1,1,0,0,7.5,0,7.5,False,False
C3951,U953,I20,i have a different opinion about fashion. reference 3951,2026-08-03 08:53:31.836501,False,GENUINE,1,0,0,1.0,50,8,15,1,1,0,0,9.0,0,9.0,False,False
C3952,U673,I170,i have a different opinion about technology. reference 3952,2026-07-30 08:56:31.836514,False,GENUINE,1,0,0,1.0,50,4,0,1,1,0,0,7.5,0,7.5,False,False
C3953,U70,I48,thanks for sharing this information. reference 3953,2026-08-02 02:36:31.836532,False,GENUINE,1,0,0,1.0,50,4,0,1,1,0,0,7.5,0,7.5,False,False
C3954,U912,I244,i really enjoyed this post about food. reference 3954,2026-07-09 23:05:31.836545,False,GENUINE,1,0,0,1.0,50,2,0,1,1,0,0,7.5,0,7.5,False,False
C3955,U415,I277,this is an interesting perspective on movies. reference 3955,2026-07-28 09:03:31.836559,False,GENUINE,1,0,0,1.0,50,6,15,1,1,0,0,9.0,0,9.0,False,False
C3956,U605,I481,this was a surprisingly interesting post. reference 3956,2026-08-04 08:49:31.836573,False,GENUINE,1,0,0,1.0,50,4,0,1,1,0,0,7.5,0,7.5,False,False
C3957,U342,I86,i learned something useful about gaming here. reference 3957,2026-06-15 09:53:31.836587,False,GENUINE,1,0,0,1.0,50,2,0,1,1,0,0,7.5,0,7.5,False,False
C3958,U831,I8,i think this could be improved. reference 3958,2026-06-06 12:00:31.836600,False,GENUINE,1,0,0,1.0000000000000002,50,4,0,1,1,0,0,7.5,0,7.5,False,False
C3959,U725,I64,i learned something useful about sports here. reference 3959,2026-07-05 16:53:31.836616,False,GENUINE,1,0,0,1.0000000000000002,50,4,0,1,1,0,0,7.5,0,7.5,False,False
C3960,U5,I348,this was a surprisingly interesting post. reference 3960,2026-06-20 08:10:31.836630,False,GENUINE,1,0,0,1.0,50,5,15,1,1,0,0,9.0,0,9.0,False,False
C3961,U813,I373,the explanation of food was very clear. reference 3961,2026-06-22 23:48:31.836644,False,GENUINE,1,0,0,1.0,50,6,15,1,1,0,0,9.0,0,9.0,False,False
C3962,U243,I30,the information presented here is useful. reference 3962,2026-06-17 00:18:31.836657,False,GENUINE,1,0,0,1.0,50,4,0,1,1,0,0,7.5,0,7.5,False,False
C3963,U682,I198,the explanation of movies was very clear. reference 3963,2026-07-11 11:55:31.836671,False,GENUINE,1,0,0,1.0,50,6,15,1,1,0,0,9.0,0,9.0,False,False
C3964,U139,I207,thanks for sharing this information. reference 3964,2026-06-20 04:35:31.836685,False,GENUINE,1,0,0,1.0,50,9,15,1,1,0,0,9.0,0,9.0,False,False
C3965,U294,I137,the explanation of gaming was very clear. reference 3965,2026-06-08 11:43:31.836699,False,GENUINE,1,0,0,1.0000000000000002,50,4,0,1,1,0,0,7.5,0,7.5,False,False
C3966,U430,I130,thanks for sharing this information. reference 3966,2026-08-11 16:48:31.836712,False,GENUINE,1,0,0,1.0,50,7,15,1,1,0,0,9.0,0,9.0,False,False
C3967,U117,I207,thanks for sharing this information. reference 3967,2026-06-04 20:36:31.836726,False,GENUINE,1,0,0,1.0,50,6,15,1,1,0,0,9.0,0,9.0,False,False
C3968,U259,I353,i learned something useful about education here. reference 3968,2026-06-14 12:05:31.836740,False,GENUINE,1,0,0,1.0,50,4,0,1,1,0,0,7.5,0,7.5,False,False
C3969,U594,I61,the explanation of education was very clear. reference 3969,2026-06-08 02:37:31.836754,False,GENUINE,1,0,0,1.0000000000000002,50,7,15,1,1,0,0,9.0,0,9.0,False,False
C3970,U41,I118,click here for amazing deals,2026-06-06 06:32:31.836767,False,GENUINE,53,50,30,1.0000000000000002,50,5,15,53,1,40,0,36.5,8,44.5,False,False
C3971,U73,I350,the information presented here is useful. reference 3971,2026-07-22 23:27:31.836780,False,GENUINE,1,0,0,1.0,50,4,0,1,1,0,0,7.5,0,7.5,False,False
C3972,U283,I491,this is an interesting perspective on technology. reference 3972,2026-06-13 11:59:31.836796,False,GENUINE,1,0,0,1.0,50,3,0,1,1,0,0,7.5,0,7.5,False,False
C3973,U215,I367,this is an interesting perspective on technology. reference 3973,2026-07-05 04:59:31.836810,False,GENUINE,1,0,0,1.0,50,6,15,1,1,0,0,9.0,0,9.0,False,False
C3974,U109,I174,the explanation of food was very clear. reference 3974,2026-07-29 16:34:31.836824,False,GENUINE,1,0,0,1.0,50,7,15,1,1,0,0,9.0,0,9.0,False,False
C3975,U150,I370,this is an interesting perspective on music. reference 3975,2026-07-13 05:45:31.836837,False,GENUINE,1,0,0,1.0,50,3,0,1,1,0,0,7.5,0,7.5,False,False
C3976,U420,I193,this was a surprisingly interesting post. reference 3976,2026-07-02 11:20:31.836853,False,GENUINE,1,0,0,1.0,50,5,15,1,1,0,0,9.0,0,9.0,False,False
C3977,U679,I103,i learned something useful about sports here. reference 3977,2026-07-07 09:44:31.836867,False,GENUINE,1,0,0,1.0000000000000002,50,4,0,1,1,0,0,7.5,0,7.5,False,False
C3978,U361,I96,the explanation of food was very clear. reference 3978,2026-06-28 07:56:31.836881,False,GENUINE,1,0,0,1.0,50,4,0,1,1,0,0,7.5,0,7.5,False,False
C3979,U971,I140,the information presented here is useful. reference 3979,2026-07-19 21:14:31.836895,False,GENUINE,1,0,0,1.0,50,4,0,1,1,0,0,7.5,0,7.5,False,False
C3980,U3,I221,i think this could be improved. reference 3980,2026-08-06 05:50:31.836908,False,GENUINE,1,0,0,1.0000000000000002,50,6,15,1,1,0,0,9.0,0,9.0,False,False
C3981,U800,I455,i really enjoyed this post about food. reference 3981,2026-06-25 02:40:31.836924,False,GENUINE,1,0,0,1.0,50,5,15,1,1,0,0,9.0,0,9.0,False,False
C3982,U296,I104,the information presented here is useful. reference 3982,2026-07-16 16:33:31.836937,False,GENUINE,1,0,0,1.0,50,6,15,1,1,0,0,9.0,0,9.0,False,False
C3983,U144,I145,i have a different opinion about education. reference 3983,2026-07-04 01:02:31.836952,False,GENUINE,1,0,0,1.0000000000000002,50,11,40,1,1,0,0,11.5,0,11.5,False,False
C3984,U787,I7,i think this could be improved. reference 3984,2026-06-19 10:47:31.836965,False,GENUINE,1,0,0,1.0000000000000002,50,4,0,1,1,0,0,7.5,0,7.5,False,False
C3985,U465,I178,i have a different opinion about sports. reference 3985,2026-07-01 22:22:31.836979,False,GENUINE,1,0,0,1.0,50,7,15,1,1,0,0,9.0,0,9.0,False,False
C3986,U205,I352,i have a different opinion about food. reference 3986,2026-07-07 06:42:31.836993,False,GENUINE,1,0,0,1.0,50,2,0,1,1,0,0,7.5,0,7.5,False,False
C3987,U276,I82,i think this could be improved. reference 3987,2026-07-02 22:52:31.837006,False,GENUINE,1,0,0,1.0000000000000002,50,5,15,1,1,0,0,9.0,0,9.0,False,False
C3988,U926,I68,i really enjoyed this post about sports. reference 3988,2026-06-14 02:28:31.837020,False,GENUINE,1,0,0,1.0000000000000002,50,9,15,1,1,0,0,9.0,0,9.0,False,False
C3989,U497,I196,the explanation of education was very clear. reference 3989,2026-08-01 20:04:31.837034,False,GENUINE,1,0,0,1.0000000000000002,50,4,0,1,1,0,0,7.5,0,7.5,False,False
C3990,U274,I369,this is worth discussing further. reference 3990,2026-06-10 00:51:31.837047,False,GENUINE,1,0,0,1.0,50,10,40,1,1,0,0,11.5,0,11.5,False,False
C3991,U101,I139,you must buy this product,2026-06-04 21:26:31.837061,False,GENUINE,51,50,0,1.0,50,6,15,51,1,40,0,30.5,8,38.5,False,False
C3992,U413,I10,this is an interesting perspective on gaming. reference 3992,2026-07-20 21:01:31.837075,False,GENUINE,1,0,0,1.0,50,5,15,1,1,0,0,9.0,0,9.0,False,False
C3993,U920,I144,i have a different opinion about sports. reference 3993,2026-06-03 20:40:31.837088,False,GENUINE,1,0,0,1.0,50,6,15,1,1,0,0,9.0,0,9.0,False,False
C3994,U980,I342,this was a surprisingly interesting post. reference 3994,2026-06-15 17:08:31.837102,False,GENUINE,1,0,0,1.0,50,5,15,1,1,0,0,9.0,0,9.0,False,False
C3995,U508,I270,i really enjoyed this post about education. reference 3995,2026-08-10 01:13:31.837116,False,GENUINE,1,0,0,1.0,50,5,15,1,1,0,0,9.0,0,9.0,False,False
C3996,U335,I393,this was a surprisingly interesting post. reference 3996,2026-06-21 03:16:31.837130,False,GENUINE,1,0,0,1.0,50,9,15,1,1,0,0,9.0,0,9.0,False,False
C3997,U349,I0,i think this could be improved. reference 3997,2026-07-25 18:39:31.837143,False,GENUINE,1,0,0,1.0000000000000002,50,8,15,1,1,0,0,9.0,0,9.0,False,False
C3998,U111,I375,i have a different opinion about fashion. reference 3998,2026-07-19 23:17:31.837157,False,GENUINE,1,0,0,1.0,50,4,0,1,1,0,0,7.5,0,7.5,False,False
C3999,U712,I411,i have a different opinion about sports. reference 3999,2026-06-15 14:14:31.837171,False,GENUINE,1,0,0,1.0,50,9,15,1,1,0,0,9.0,0,9.0,False,False
C4000,U411,I342,thanks for sharing this information. reference 4000,2026-08-03 02:04:31.837184,False,GENUINE,1,0,0,1.0,50,5,15,1,1,0,0,9.0,0,9.0,False,False
C4001,U389,I241,thanks for sharing this information. reference 4001,2026-07-20 13:01:31.837200,False,GENUINE,1,0,0,1.0,50,7,15,1,1,0,0,9.0,0,9.0,False,False
C4002,U332,I23,this is worth discussing further. reference 4002,2026-06-29 22:13:31.837214,False,GENUINE,1,0,0,1.0,50,8,15,1,1,0,0,9.0,0,9.0,False,False
C4003,U777,I123,this was a surprisingly interesting post. reference 4003,2026-06-27 22:40:31.837227,False,GENUINE,1,0,0,1.0,50,5,15,1,1,0,0,9.0,0,9.0,False,False
C4004,U233,I220,this was a surprisingly interesting post. reference 4004,2026-06-10 01:14:31.837240,False,GENUINE,1,0,0,1.0,50,4,0,1,1,0,0,7.5,0,7.5,False,False
C4005,U78,I52,thanks for sharing this information. reference 4005,2026-07-21 18:41:31.837254,False,GENUINE,1,0,0,1.0,50,4,0,1,1,0,0,7.5,0,7.5,False,False
C4006,U420,I443,i really enjoyed this post about sports. reference 4006,2026-06-30 07:37:31.837267,False,GENUINE,1,0,0,1.0000000000000002,50,5,15,1,1,0,0,9.0,0,9.0,False,False
C4007,U422,I273,this is an interesting perspective on gaming. reference 4007,2026-06-10 20:24:31.837281,False,GENUINE,1,0,0,1.0,50,10,40,1,1,0,0,11.5,0,11.5,False,False
C4008,U999,I280,i think this could be improved. reference 4008,2026-07-22 17:47:31.837297,False,GENUINE,1,0,0,1.0000000000000002,50,4,0,1,1,0,0,7.5,0,7.5,False,False
C4009,U755,I109,the explanation of music was very clear. reference 4009,2026-08-03 00:23:31.837312,False,GENUINE,1,0,0,1.0000000000000002,50,5,15,1,1,0,0,9.0,0,9.0,False,False
C4010,U37,I131,i really enjoyed this post about fashion. reference 4010,2026-07-31 21:13:31.837328,False,GENUINE,1,0,0,1.0,50,4,0,1,1,0,0,7.5,0,7.5,False,False
C4011,U287,I329,thanks for sharing this information. reference 4011,2026-07-23 19:13:31.837342,False,GENUINE,1,0,0,1.0,50,4,0,1,1,0,0,7.5,0,7.5,False,False
C4012,U95,I174,the explanation of gaming was very clear. reference 4012,2026-08-03 07:42:31.837356,False,GENUINE,1,0,0,1.0000000000000002,50,9,15,1,1,0,0,9.0,0,9.0,False,False
C4013,U824,I128,thanks for sharing this information. reference 4013,2026-08-07 19:29:31.837375,False,GENUINE,1,0,0,1.0,50,7,15,1,1,0,0,9.0,0,9.0,False,False
C4014,U487,I352,i have a different opinion about education. reference 4014,2026-06-13 00:05:31.837389,False,GENUINE,1,0,0,1.0000000000000002,50,5,15,1,1,0,0,9.0,0,9.0,False,False
C4015,U775,I356,i really enjoyed this post about food. reference 4015,2026-07-23 03:20:31.837403,False,GENUINE,1,0,0,1.0,50,7,15,1,1,0,0,9.0,0,9.0,False,False
C4016,U814,I210,this is worth discussing further. reference 4016,2026-08-03 18:11:31.837417,False,GENUINE,1,0,0,1.0,50,3,0,1,1,0,0,7.5,0,7.5,False,False
C4017,U515,I298,the explanation of movies was very clear. reference 4017,2026-08-11 19:46:31.837431,False,GENUINE,1,0,0,1.0,50,6,15,1,1,0,0,9.0,0,9.0,False,False
C4018,U437,I356,this is worth discussing further. reference 4018,2026-06-04 06:18:31.837445,False,GENUINE,1,0,0,1.0,50,6,15,1,1,0,0,9.0,0,9.0,False,False
C4019,U463,I284,i learned something useful about technology here. reference 4019,2026-06-05 13:49:31.837459,False,GENUINE,1,0,0,1.0,50,6,15,1,1,0,0,9.0,0,9.0,False,False
C4020,U99,I321,thanks for sharing this information. reference 4020,2026-06-12 02:14:31.837474,False,GENUINE,1,0,0,1.0,50,6,15,1,1,0,0,9.0,0,9.0,False,False
C4021,U281,I98,i learned something useful about education here. reference 4021,2026-07-21 12:19:31.837488,False,GENUINE,1,0,0,1.0,50,4,0,1,1,0,0,7.5,0,7.5,False,False
C4022,U755,I23,i learned something useful about sports here. reference 4022,2026-07-23 19:15:31.837501,False,GENUINE,1,0,0,1.0000000000000002,50,5,15,1,1,0,0,9.0,0,9.0,False,False
C4023,U202,I67,i have a different opinion about food. reference 4023,2026-08-06 06:07:31.837520,False,GENUINE,1,0,0,1.0,50,6,15,1,1,0,0,9.0,0,9.0,False,False
C4024,U677,I230,the explanation of education was very clear. reference 4024,2026-08-08 23:11:31.837534,False,GENUINE,1,0,0,1.0000000000000002,50,7,15,1,1,0,0,9.0,0,9.0,False,False
C4025,U120,I371,the explanation of music was very clear. reference 4025,2026-06-15 17:59:31.837548,False,GENUINE,1,0,0,1.0000000000000002,50,5,15,1,1,0,0,9.0,0,9.0,False,False
C4026,U774,I450,i have a different opinion about fashion. reference 4026,2026-07-28 19:43:31.837562,False,GENUINE,1,0,0,1.0,50,10,40,1,1,0,0,11.5,0,11.5,False,False
C4027,U704,I32,i learned something useful about food here. reference 4027,2026-07-08 10:02:31.837576,False,GENUINE,1,0,0,1.0000000000000002,50,9,15,1,1,0,0,9.0,0,9.0,False,False
C4028,U7,I87,this is worth discussing further. reference 4028,2026-06-24 07:33:31.837589,False,GENUINE,1,0,0,1.0,50,9,15,1,1,0,0,9.0,0,9.0,False,False
C4029,U179,I350,the information presented here is useful. reference 4029,2026-08-04 02:40:31.837605,False,GENUINE,1,0,0,1.0,50,5,15,1,1,0,0,9.0,0,9.0,False,False
C4030,U782,I80,the explanation of gaming was very clear. reference 4030,2026-07-28 20:08:31.837619,False,GENUINE,1,0,0,1.0000000000000002,50,8,15,1,1,0,0,9.0,0,9.0,False,False
C4031,U425,I55,the information presented here is useful. reference 4031,2026-06-09 03:29:31.837632,False,GENUINE,1,0,0,1.0,50,6,15,1,1,0,0,9.0,0,9.0,False,False
C4032,U832,I85,i have a different opinion about music. reference 4032,2026-07-01 14:16:31.837647,False,GENUINE,1,0,0,1.0,50,9,15,1,1,0,0,9.0,0,9.0,False,False
C4033,U161,I424,thanks for sharing this information. reference 4033,2026-07-01 22:59:31.837661,False,GENUINE,1,0,0,1.0,50,1,0,1,1,0,0,7.5,0,7.5,False,False
C4034,U435,I88,thanks for sharing this information. reference 4034,2026-07-17 10:06:31.837675,False,GENUINE,1,0,0,1.0,50,5,15,1,1,0,0,9.0,0,9.0,False,False
C4035,U323,I133,thanks for sharing this information. reference 4035,2026-06-06 01:48:31.837688,False,GENUINE,1,0,0,1.0,50,4,0,1,1,0,0,7.5,0,7.5,False,False
C4036,U817,I395,i really enjoyed this post about sports. reference 4036,2026-07-05 21:27:31.837702,False,GENUINE,1,0,0,1.0000000000000002,50,5,15,1,1,0,0,9.0,0,9.0,False,False
C4037,U302,I192,this was a surprisingly interesting post. reference 4037,2026-08-03 13:08:31.837715,False,GENUINE,1,0,0,1.0,50,6,15,1,1,0,0,9.0,0,9.0,False,False
C4038,U895,I297,this is an interesting perspective on education. reference 4038,2026-08-06 22:28:31.837732,False,GENUINE,1,0,0,1.0,50,9,15,1,1,0,0,9.0,0,9.0,False,False
C4039,U235,I377,this was a surprisingly interesting post. reference 4039,2026-06-21 20:30:31.837746,False,GENUINE,1,0,0,1.0,50,4,0,1,1,0,0,7.5,0,7.5,False,False
C4040,U490,I202,thanks for sharing this information. reference 4040,2026-08-07 00:34:31.837761,False,GENUINE,1,0,0,1.0,50,4,0,1,1,0,0,7.5,0,7.5,False,False
C4041,U530,I92,this was a surprisingly interesting post. reference 4041,2026-07-31 07:47:31.837775,False,GENUINE,1,0,0,1.0,50,6,15,1,1,0,0,9.0,0,9.0,False,False
C4042,U246,I464,i really enjoyed this post about gaming. reference 4042,2026-07-20 20:25:31.837789,False,GENUINE,1,0,0,1.0,50,6,15,1,1,0,0,9.0,0,9.0,False,False
C4043,U551,I282,this is an interesting perspective on music. reference 4043,2026-06-25 00:56:31.837803,False,GENUINE,1,0,0,1.0,50,5,15,1,1,0,0,9.0,0,9.0,False,False
C4044,U550,I47,i have a different opinion about movies. reference 4044,2026-07-12 14:33:31.837816,False,GENUINE,1,0,0,1.0000000000000004,50,7,15,1,1,0,0,9.0,0,9.0,False,False
C4045,U562,I69,i learned something useful about technology here. reference 4045,2026-07-03 21:36:31.837830,False,GENUINE,1,0,0,1.0,50,5,15,1,1,0,0,9.0,0,9.0,False,False
C4046,U502,I435,amazing product buy now,2026-07-22 18:16:31.837844,False,GENUINE,69,50,15,1.0,50,8,15,68,1,40,0,33.5,8,41.5,False,False
C4047,U715,I325,this is an interesting perspective on education. reference 4047,2026-06-15 22:59:31.837858,False,GENUINE,1,0,0,1.0,50,7,15,1,1,0,0,9.0,0,9.0,False,False
C4048,U452,I36,the information presented here is useful. reference 4048,2026-06-05 16:21:31.837871,False,GENUINE,1,0,0,1.0,50,7,15,1,1,0,0,9.0,0,9.0,False,False
C4049,U778,I164,i think this could be improved. reference 4049,2026-06-10 19:34:31.837885,False,GENUINE,1,0,0,1.0000000000000002,50,7,15,1,1,0,0,9.0,0,9.0,False,False
C4050,U282,I433,this is worth discussing further. reference 4050,2026-08-08 19:39:31.837898,False,GENUINE,1,0,0,1.0,50,7,15,1,1,0,0,9.0,0,9.0,False,False
C4051,U783,I5,i really enjoyed this post about technology. reference 4051,2026-06-07 00:22:31.837912,False,GENUINE,1,0,0,1.0000000000000002,50,7,15,1,1,0,0,9.0,0,9.0,False,False
C4052,U31,I42,this is worth discussing further. reference 4052,2026-06-03 21:04:31.837926,False,GENUINE,1,0,0,1.0,50,5,15,1,1,0,0,9.0,0,9.0,False,False
C4053,U760,I413,thanks for sharing this information. reference 4053,2026-08-04 07:28:31.837939,False,GENUINE,1,0,0,1.0,50,13,40,1,1,0,0,11.5,0,11.5,False,False
C4054,U704,I97,i think this could be improved. reference 4054,2026-07-02 21:01:31.837953,False,GENUINE,1,0,0,1.0000000000000002,50,9,15,1,1,0,0,9.0,0,9.0,False,False
C4055,U802,I457,this was a surprisingly interesting post. reference 4055,2026-08-06 14:55:31.837966,False,GENUINE,1,0,0,1.0,50,9,15,1,1,0,0,9.0,0,9.0,False,False
C4056,U806,I322,click here for amazing deals,2026-06-07 08:48:31.837979,False,GENUINE,53,50,30,1.0000000000000002,50,7,15,53,1,40,0,36.5,8,44.5,False,False
C4057,U153,I180,this is worth discussing further. reference 4057,2026-06-11 15:35:31.837996,False,GENUINE,1,0,0,1.0,50,2,0,1,1,0,0,7.5,0,7.5,False,False
C4058,U117,I406,this was a surprisingly interesting post. reference 4058,2026-06-04 08:03:31.838010,False,GENUINE,1,0,0,1.0,50,6,15,1,1,0,0,9.0,0,9.0,False,False
C4059,U299,I133,i learned something useful about gaming here. reference 4059,2026-06-23 03:43:31.838024,False,GENUINE,1,0,0,1.0,50,4,0,1,1,0,0,7.5,0,7.5,False,False
C4060,U832,I75,thanks for sharing this information. reference 4060,2026-07-16 16:37:31.838038,False,GENUINE,1,0,0,1.0,50,9,15,1,1,0,0,9.0,0,9.0,False,False
C4061,U502,I267,this is an interesting perspective on education. reference 4061,2026-07-26 20:06:31.838051,False,GENUINE,1,0,0,1.0,50,8,15,1,1,0,0,9.0,0,9.0,False,False
C4062,U844,I390,i have a different opinion about technology. reference 4062,2026-07-14 05:47:31.838065,False,GENUINE,1,0,0,1.0,50,9,15,1,1,0,0,9.0,0,9.0,False,False
C4063,U388,I240,i really enjoyed this post about fashion. reference 4063,2026-06-30 07:07:31.838079,False,GENUINE,1,0,0,1.0,50,2,0,1,1,0,0,7.5,0,7.5,False,False
C4064,U26,I22,thanks for sharing this information. reference 4064,2026-08-11 13:52:31.838092,False,GENUINE,1,0,0,1.0,50,5,15,1,1,0,0,9.0,0,9.0,False,False
C4065,U677,I133,the explanation of fashion was very clear. reference 4065,2026-07-11 09:33:31.838106,False,GENUINE,1,0,0,1.0000000000000002,50,7,15,1,1,0,0,9.0,0,9.0,False,False
C4066,U651,I174,this is an interesting perspective on music. reference 4066,2026-06-06 22:36:31.838121,False,GENUINE,1,0,0,1.0,50,3,0,1,1,0,0,7.5,0,7.5,False,False
C4067,U528,I140,this was a surprisingly interesting post. reference 4067,2026-07-05 22:50:31.838134,False,GENUINE,1,0,0,1.0,50,4,0,1,1,0,0,7.5,0,7.5,False,False
C4068,U386,I288,this is an interesting perspective on sports. reference 4068,2026-07-05 05:49:31.838148,False,GENUINE,1,0,0,1.0,50,5,15,1,1,0,0,9.0,0,9.0,False,False
C4069,U152,I408,i have a different opinion about sports. reference 4069,2026-07-13 13:20:31.838162,False,GENUINE,1,0,0,1.0,50,6,15,1,1,0,0,9.0,0,9.0,False,False
C4070,U378,I338,i really enjoyed this post about music. reference 4070,2026-07-14 14:30:31.838175,False,GENUINE,1,0,0,0.9999999999999997,50,8,15,1,1,0,0,9.0,0,9.0,False,False
C4071,U841,I87,thanks for sharing this information. reference 4071,2026-06-06 10:08:31.838189,False,GENUINE,1,0,0,1.0,50,8,15,1,1,0,0,9.0,0,9.0,False,False
C4072,U42,I282,i really enjoyed this post about food. reference 4072,2026-08-07 00:07:31.838205,False,GENUINE,1,0,0,1.0,50,9,15,1,1,0,0,9.0,0,9.0,False,False
C4073,U416,I106,the explanation of fashion was very clear. reference 4073,2026-06-18 00:40:31.838219,False,GENUINE,1,0,0,1.0000000000000002,50,6,15,1,1,0,0,9.0,0,9.0,False,False
C4074,U876,I314,this was a surprisingly interesting post. reference 4074,2026-06-16 13:44:31.838233,False,GENUINE,1,0,0,1.0,50,4,0,1,1,0,0,7.5,0,7.5,False,False
C4075,U363,I402,i really enjoyed this post about education. reference 4075,2026-07-31 09:14:31.838248,False,GENUINE,1,0,0,1.0,50,7,15,1,1,0,0,9.0,0,9.0,False,False
C4076,U66,I31,i have a different opinion about technology. reference 4076,2026-07-31 16:34:31.838262,False,GENUINE,1,0,0,1.0,50,6,15,1,1,0,0,9.0,0,9.0,False,False
C4077,U886,I200,i have a different opinion about gaming. reference 4077,2026-06-22 05:50:31.838275,False,GENUINE,1,0,0,1.0000000000000002,50,3,0,1,1,0,0,7.5,0,7.5,False,False
C4078,U937,I270,you must buy this product,2026-06-15 21:23:31.838289,False,GENUINE,51,50,0,1.0,50,5,15,51,1,40,0,30.5,8,38.5,False,False
C4079,U750,I132,you must buy this product,2026-06-27 11:06:31.838303,False,GENUINE,51,50,0,1.0,50,8,15,51,1,40,0,30.5,8,38.5,False,False
C4080,U901,I476,the explanation of sports was very clear. reference 4080,2026-07-08 10:02:31.838317,False,GENUINE,1,0,0,1.0,50,9,15,1,1,0,0,9.0,0,9.0,False,False
C4081,U735,I391,the explanation of gaming was very clear. reference 4081,2026-07-06 10:48:31.838331,False,GENUINE,1,0,0,1.0000000000000002,50,6,15,1,1,0,0,9.0,0,9.0,False,False
C4082,U274,I124,i learned something useful about gaming here. reference 4082,2026-07-29 22:52:31.838345,False,GENUINE,1,0,0,1.0,50,10,40,1,1,0,0,11.5,0,11.5,False,False
C4083,U713,I204,thanks for sharing this information. reference 4083,2026-06-06 18:02:31.838359,False,GENUINE,1,0,0,1.0,50,9,15,1,1,0,0,9.0,0,9.0,False,False
C4084,U174,I267,thanks for sharing this information. reference 4084,2026-07-05 17:28:31.838374,False,GENUINE,1,0,0,1.0,50,6,15,1,1,0,0,9.0,0,9.0,False,False
C4085,U304,I81,i really enjoyed this post about sports. reference 4085,2026-07-04 14:55:31.838388,False,GENUINE,1,0,0,1.0000000000000002,50,4,0,1,1,0,0,7.5,0,7.5,False,False
C4086,U774,I367,i learned something useful about music here. reference 4086,2026-06-07 02:12:31.838404,False,GENUINE,1,0,0,1.0,50,10,40,1,1,0,0,11.5,0,11.5,False,False
C4087,U742,I432,this was a surprisingly interesting post. reference 4087,2026-07-23 08:46:31.838420,False,GENUINE,1,0,0,1.0,50,8,15,1,1,0,0,9.0,0,9.0,False,False
C4088,U106,I158,i have a different opinion about gaming. reference 4088,2026-06-30 18:48:31.838437,False,GENUINE,1,0,0,1.0000000000000002,50,3,0,1,1,0,0,7.5,0,7.5,False,False
C4089,U894,I20,the information presented here is useful. reference 4089,2026-06-15 08:09:31.838451,False,GENUINE,1,0,0,1.0,50,6,15,1,1,0,0,9.0,0,9.0,False,False
C4090,U399,I80,this is worth discussing further. reference 4090,2026-06-03 20:51:31.838464,False,GENUINE,1,0,0,1.0,50,4,0,1,1,0,0,7.5,0,7.5,False,False
C4091,U297,I443,i really enjoyed this post about education. reference 4091,2026-07-06 03:00:31.838478,False,GENUINE,1,0,0,1.0,50,6,15,1,1,0,0,9.0,0,9.0,False,False
C4092,U807,I117,this is worth discussing further. reference 4092,2026-06-23 08:45:31.838492,False,GENUINE,1,0,0,1.0,50,5,15,1,1,0,0,9.0,0,9.0,False,False
C4093,U699,I95,i have a different opinion about sports. reference 4093,2026-06-06 10:55:31.838506,False,GENUINE,1,0,0,1.0,50,6,15,1,1,0,0,9.0,0,9.0,False,False
C4094,U23,I342,this is an interesting perspective on food. reference 4094,2026-07-08 11:49:31.838522,False,GENUINE,1,0,0,1.0000000000000002,50,8,15,1,1,0,0,9.0,0,9.0,False,False
C4095,U315,I210,i have a different opinion about movies. reference 4095,2026-06-26 03:21:31.838536,False,GENUINE,1,0,0,1.0000000000000004,50,10,40,1,1,0,0,11.5,0,11.5,False,False
C4096,U589,I491,this was a surprisingly interesting post. reference 4096,2026-07-22 06:34:31.838550,False,GENUINE,1,0,0,1.0,50,7,15,1,1,0,0,9.0,0,9.0,False,False
C4097,U748,I55,this is worth discussing further. reference 4097,2026-06-22 05:11:31.838563,False,GENUINE,1,0,0,1.0,50,5,15,1,1,0,0,9.0,0,9.0,False,False
C4098,U714,I256,this was a surprisingly interesting post. reference 4098,2026-07-17 18:17:31.838577,False,GENUINE,1,0,0,1.0,50,6,15,1,1,0,0,9.0,0,9.0,False,False
C4099,U339,I371,i learned something useful about food here. reference 4099,2026-06-17 07:12:31.838591,False,GENUINE,1,0,0,1.0000000000000002,50,8,15,1,1,0,0,9.0,0,9.0,False,False
C4100,U851,I356,i really enjoyed this post about music. reference 4100,2026-08-08 09:58:31.838604,False,GENUINE,1,0,0,0.9999999999999997,50,5,15,1,1,0,0,9.0,0,9.0,False,False
C4101,U296,I351,i really enjoyed this post about movies. reference 4101,2026-07-21 02:16:31.838620,False,GENUINE,1,0,0,1.0,50,6,15,1,1,0,0,9.0,0,9.0,False,False
C4102,U209,I469,the explanation of sports was very clear. reference 4102,2026-07-10 12:20:31.838634,False,GENUINE,1,0,0,1.0,50,5,15,1,1,0,0,9.0,0,9.0,False,False
C4103,U198,I424,this was a surprisingly interesting post. reference 4103,2026-06-19 09:23:31.838650,False,GENUINE,1,0,0,1.0,50,6,15,1,1,0,0,9.0,0,9.0,False,False
C4104,U322,I452,this is an interesting perspective on fashion. reference 4104,2026-06-06 12:39:31.838664,False,GENUINE,1,0,0,1.0,50,8,15,1,1,0,0,9.0,0,9.0,False,False
C4105,U227,I413,i learned something useful about gaming here. reference 4105,2026-08-03 15:14:31.838677,False,GENUINE,1,0,0,1.0,50,4,0,1,1,0,0,7.5,0,7.5,False,False
C4106,U96,I364,thanks for sharing this information. reference 4106,2026-06-24 22:27:31.838691,False,GENUINE,1,0,0,1.0,50,4,0,1,1,0,0,7.5,0,7.5,False,False
C4107,U477,I369,this is an interesting perspective on technology. reference 4107,2026-06-17 15:09:31.838705,False,GENUINE,1,0,0,1.0,50,6,15,1,1,0,0,9.0,0,9.0,False,False
C4108,U999,I101,the explanation of gaming was very clear. reference 4108,2026-06-15 09:49:31.838718,False,GENUINE,1,0,0,1.0000000000000002,50,4,0,1,1,0,0,7.5,0,7.5,False,False
C4109,U695,I101,best deal available now,2026-07-30 13:42:31.838732,False,GENUINE,52,50,15,1.0000000000000002,50,5,15,51,1,40,0,33.5,8,41.5,False,False
C4110,U414,I329,this is worth discussing further. reference 4110,2026-08-08 06:19:31.838745,False,GENUINE,1,0,0,1.0,50,5,15,1,1,0,0,9.0,0,9.0,False,False
C4111,U903,I208,i really enjoyed this post about gaming. reference 4111,2026-08-04 04:46:31.838758,False,GENUINE,1,0,0,1.0,50,9,15,1,1,0,0,9.0,0,9.0,False,False
C4112,U940,I384,thanks for sharing this information. reference 4112,2026-06-03 19:14:31.838772,False,GENUINE,1,0,0,1.0,50,6,15,1,1,0,0,9.0,0,9.0,False,False
C4113,U984,I167,the information presented here is useful. reference 4113,2026-06-30 19:21:31.838786,False,GENUINE,1,0,0,1.0,50,5,15,1,1,0,0,9.0,0,9.0,False,False
C4114,U983,I256,the information presented here is useful. reference 4114,2026-08-10 20:40:31.838802,False,GENUINE,1,0,0,1.0,50,7,15,1,1,0,0,9.0,0,9.0,False,False
C4115,U933,I94,the explanation of technology was very clear. reference 4115,2026-08-09 03:45:31.838816,False,GENUINE,1,0,0,1.0,50,5,15,1,1,0,0,9.0,0,9.0,False,False
C4116,U600,I54,this is worth discussing further. reference 4116,2026-08-01 15:17:31.838829,False,GENUINE,1,0,0,1.0,50,6,15,1,1,0,0,9.0,0,9.0,False,False
C4117,U562,I65,thanks for sharing this information. reference 4117,2026-07-20 14:06:31.838843,False,GENUINE,1,0,0,1.0,50,5,15,1,1,0,0,9.0,0,9.0,False,False
C4118,U704,I193,this is worth discussing further. reference 4118,2026-06-14 20:47:31.838856,False,GENUINE,1,0,0,1.0,50,9,15,1,1,0,0,9.0,0,9.0,False,False
C4119,U719,I254,i have a different opinion about movies. reference 4119,2026-06-18 13:50:31.838870,False,GENUINE,1,0,0,1.0000000000000004,50,2,0,1,1,0,0,7.5,0,7.5,False,False
C4120,U122,I491,the information presented here is useful. reference 4120,2026-06-16 07:15:31.838883,False,GENUINE,1,0,0,1.0,50,4,0,1,1,0,0,7.5,0,7.5,False,False
C4121,U696,I109,the information presented here is useful. reference 4121,2026-06-17 07:58:31.838896,False,GENUINE,1,0,0,1.0,50,7,15,1,1,0,0,9.0,0,9.0,False,False
C4122,U811,I177,i learned something useful about technology here. reference 4122,2026-08-04 21:24:31.838912,False,GENUINE,1,0,0,1.0,50,4,0,1,1,0,0,7.5,0,7.5,False,False
C4123,U318,I309,this is an interesting perspective on gaming. reference 4123,2026-06-24 23:00:31.838926,False,GENUINE,1,0,0,1.0,50,4,0,1,1,0,0,7.5,0,7.5,False,False
C4124,U654,I395,thanks for sharing this information. reference 4124,2026-08-01 22:11:31.838940,False,GENUINE,1,0,0,1.0,50,6,15,1,1,0,0,9.0,0,9.0,False,False
C4125,U552,I149,the explanation of sports was very clear. reference 4125,2026-07-06 16:43:31.838954,False,GENUINE,1,0,0,1.0,50,3,0,1,1,0,0,7.5,0,7.5,False,False
C4126,U542,I244,this is worth discussing further. reference 4126,2026-06-19 10:37:31.838967,False,GENUINE,1,0,0,1.0,50,6,15,1,1,0,0,9.0,0,9.0,False,False
C4127,U142,I387,the information presented here is useful. reference 4127,2026-07-27 07:18:31.838981,False,GENUINE,1,0,0,1.0,50,6,15,1,1,0,0,9.0,0,9.0,False,False
C4128,U834,I370,i learned something useful about sports here. reference 4128,2026-06-17 14:54:31.838994,False,GENUINE,1,0,0,1.0000000000000002,50,6,15,1,1,0,0,9.0,0,9.0,False,False
C4129,U616,I258,i learned something useful about gaming here. reference 4129,2026-07-20 23:23:31.839008,False,GENUINE,1,0,0,1.0,50,5,15,1,1,0,0,9.0,0,9.0,False,False
C4130,U462,I140,this is worth discussing further. reference 4130,2026-07-04 18:15:31.839021,False,GENUINE,1,0,0,1.0,50,10,40,1,1,0,0,11.5,0,11.5,False,False
C4131,U78,I47,i have a different opinion about technology. reference 4131,2026-06-09 12:49:31.839035,False,GENUINE,1,0,0,1.0,50,4,0,1,1,0,0,7.5,0,7.5,False,False
C4132,U763,I438,i have a different opinion about education. reference 4132,2026-06-25 12:43:31.839049,False,GENUINE,1,0,0,1.0000000000000002,50,9,15,1,1,0,0,9.0,0,9.0,False,False
C4133,U548,I208,i really enjoyed this post about music. reference 4133,2026-06-15 10:40:31.839062,False,GENUINE,1,0,0,0.9999999999999997,50,11,40,1,1,0,0,11.5,0,11.5,False,False
C4134,U21,I398,this is worth discussing further. reference 4134,2026-06-28 00:22:31.839076,False,GENUINE,1,0,0,1.0,50,5,15,1,1,0,0,9.0,0,9.0,False,False
C4135,U958,I202,the information presented here is useful. reference 4135,2026-06-05 03:13:31.839091,False,GENUINE,1,0,0,1.0,50,3,0,1,1,0,0,7.5,0,7.5,False,False
C4136,U47,I265,this is an interesting perspective on gaming. reference 4136,2026-06-04 21:34:31.839105,False,GENUINE,1,0,0,1.0,50,3,0,1,1,0,0,7.5,0,7.5,False,False
C4137,U131,I218,i really enjoyed this post about technology. reference 4137,2026-07-25 06:30:31.839119,False,GENUINE,1,0,0,1.0000000000000002,50,6,15,1,1,0,0,9.0,0,9.0,False,False
C4138,U895,I28,this was a surprisingly interesting post. reference 4138,2026-07-09 22:39:31.839132,False,GENUINE,1,0,0,1.0,50,9,15,1,1,0,0,9.0,0,9.0,False,False
C4139,U399,I203,thanks for sharing this information. reference 4139,2026-06-03 09:45:31.839146,False,GENUINE,1,0,0,1.0,50,4,0,1,1,0,0,7.5,0,7.5,False,False
C4140,U27,I197,i learned something useful about food here. reference 4140,2026-08-05 05:12:31.839160,False,GENUINE,1,0,0,1.0000000000000002,50,5,15,1,1,0,0,9.0,0,9.0,False,False
C4141,U328,I481,the explanation of gaming was very clear. reference 4141,2026-07-26 20:34:31.839173,False,GENUINE,1,0,0,1.0000000000000002,50,7,15,1,1,0,0,9.0,0,9.0,False,False
C4142,U786,I111,click here for amazing deals,2026-07-10 10:44:31.839189,False,GENUINE,53,50,30,1.0000000000000002,50,8,15,53,1,40,0,36.5,8,44.5,False,False
C4143,U53,I418,amazing product buy now,2026-07-03 03:00:31.839202,False,GENUINE,69,50,15,1.0,50,2,0,68,1,40,0,32.0,8,40.0,False,False
C4144,U585,I55,i think this could be improved. reference 4144,2026-07-04 04:42:31.839216,False,GENUINE,1,0,0,1.0000000000000002,50,4,0,1,1,0,0,7.5,0,7.5,False,False
C4145,U781,I287,i learned something useful about sports here. reference 4145,2026-06-25 02:12:31.839229,False,GENUINE,1,0,0,1.0000000000000002,50,7,15,1,1,0,0,9.0,0,9.0,False,False
C4146,U851,I135,i have a different opinion about technology. reference 4146,2026-08-01 06:57:31.839243,False,GENUINE,1,0,0,1.0,50,5,15,1,1,0,0,9.0,0,9.0,False,False
C4147,U247,I155,this was a surprisingly interesting post. reference 4147,2026-06-24 18:57:31.839257,False,GENUINE,1,0,0,1.0,50,2,0,1,1,0,0,7.5,0,7.5,False,False
C4148,U458,I399,the explanation of music was very clear. reference 4148,2026-07-15 16:01:31.839270,False,GENUINE,1,0,0,1.0000000000000002,50,5,15,1,1,0,0,9.0,0,9.0,False,False
C4149,U243,I244,this was a surprisingly interesting post. reference 4149,2026-07-05 17:52:31.839284,False,GENUINE,1,0,0,1.0,50,4,0,1,1,0,0,7.5,0,7.5,False,False
C4150,U47,I108,the explanation of music was very clear. reference 4150,2026-06-16 21:34:31.839302,False,GENUINE,1,0,0,1.0000000000000002,50,3,0,1,1,0,0,7.5,0,7.5,False,False
C4151,U741,I63,i really enjoyed this post about gaming. reference 4151,2026-06-12 02:50:31.839318,False,GENUINE,1,0,0,1.0,50,11,40,1,1,0,0,11.5,0,11.5,False,False
C4152,U379,I231,i really enjoyed this post about technology. reference 4152,2026-06-26 15:33:31.839332,False,GENUINE,1,0,0,1.0000000000000002,50,7,15,1,1,0,0,9.0,0,9.0,False,False
C4153,U377,I289,thanks for sharing this information. reference 4153,2026-07-16 11:53:31.839346,False,GENUINE,1,0,0,1.0,50,4,0,1,1,0,0,7.5,0,7.5,False,False
C4154,U292,I293,best product ever buy now,2026-06-07 18:48:31.839364,False,GENUINE,75,50,15,1.0,50,2,0,72,2,50,0,35.5,8,43.5,False,False
C4155,U463,I130,thanks for sharing this information. reference 4155,2026-07-06 03:55:31.839378,False,GENUINE,1,0,0,1.0,50,6,15,1,1,0,0,9.0,0,9.0,False,False
C4156,U774,I306,thanks for sharing this information. reference 4156,2026-06-15 23:46:31.839392,False,GENUINE,1,0,0,1.0,50,10,40,1,1,0,0,11.5,0,11.5,False,False
C4157,U586,I413,the information presented here is useful. reference 4157,2026-06-22 12:35:31.839406,False,GENUINE,1,0,0,1.0,50,8,15,1,1,0,0,9.0,0,9.0,False,False
C4158,U657,I309,thanks for sharing this information. reference 4158,2026-08-03 16:07:31.839420,False,GENUINE,1,0,0,1.0,50,8,15,1,1,0,0,9.0,0,9.0,False,False
C4159,U910,I267,i have a different opinion about education. reference 4159,2026-06-24 02:40:31.839434,False,GENUINE,1,0,0,1.0000000000000002,50,9,15,1,1,0,0,9.0,0,9.0,False,False
C4160,U802,I187,thanks for sharing this information. reference 4160,2026-06-14 20:55:31.839447,False,GENUINE,1,0,0,1.0,50,9,15,1,1,0,0,9.0,0,9.0,False,False
C4161,U974,I291,the explanation of education was very clear. reference 4161,2026-07-12 18:18:31.839461,False,GENUINE,1,0,0,1.0000000000000002,50,5,15,1,1,0,0,9.0,0,9.0,False,False
C4162,U578,I52,i have a different opinion about technology. reference 4162,2026-06-27 06:45:31.839475,False,GENUINE,1,0,0,1.0,50,2,0,1,1,0,0,7.5,0,7.5,False,False
C4163,U908,I158,thanks for sharing this information. reference 4163,2026-07-26 21:25:31.839490,False,GENUINE,1,0,0,1.0,50,8,15,1,1,0,0,9.0,0,9.0,False,False
C4164,U911,I97,this is an interesting perspective on education. reference 4164,2026-07-22 12:46:31.839504,False,GENUINE,1,0,0,1.0,50,10,40,1,1,0,0,11.5,0,11.5,False,False
C4165,U301,I399,i learned something useful about fashion here. reference 4165,2026-07-06 00:58:31.839518,False,GENUINE,1,0,0,1.0,50,4,0,1,1,0,0,7.5,0,7.5,False,False
C4166,U577,I286,best deal available now,2026-06-16 04:43:31.839532,False,GENUINE,52,50,15,1.0000000000000002,50,4,0,51,1,40,0,32.0,8,40.0,False,False
C4167,U716,I11,this was a surprisingly interesting post. reference 4167,2026-07-28 17:22:31.839547,False,GENUINE,1,0,0,1.0,50,6,15,1,1,0,0,9.0,0,9.0,False,False
C4168,U407,I327,this is an interesting perspective on food. reference 4168,2026-07-04 19:29:31.839561,False,GENUINE,1,0,0,1.0000000000000002,50,8,15,1,1,0,0,9.0,0,9.0,False,False
C4169,U995,I456,i really enjoyed this post about food. reference 4169,2026-07-27 00:03:31.839575,False,GENUINE,1,0,0,1.0,50,10,40,1,1,0,0,11.5,0,11.5,False,False
C4170,U767,I110,i have a different opinion about sports. reference 4170,2026-06-25 12:02:31.839589,False,GENUINE,1,0,0,1.0,50,10,40,1,1,0,0,11.5,0,11.5,False,False
C4171,U621,I112,this is worth discussing further. reference 4171,2026-06-13 15:37:31.839605,False,GENUINE,1,0,0,1.0,50,9,15,1,1,0,0,9.0,0,9.0,False,False
C4172,U249,I460,this was a surprisingly interesting post. reference 4172,2026-06-13 00:10:31.839618,False,GENUINE,1,0,0,1.0,50,6,15,1,1,0,0,9.0,0,9.0,False,False
C4173,U918,I287,i really enjoyed this post about movies. reference 4173,2026-08-11 13:16:31.839632,False,GENUINE,1,0,0,1.0,50,8,15,1,1,0,0,9.0,0,9.0,False,False
C4174,U918,I176,the information presented here is useful. reference 4174,2026-07-29 20:46:31.839645,False,GENUINE,1,0,0,1.0,50,8,15,1,1,0,0,9.0,0,9.0,False,False
C4175,U923,I355,thanks for sharing this information. reference 4175,2026-07-11 18:18:31.839659,False,GENUINE,1,0,0,1.0,50,8,15,1,1,0,0,9.0,0,9.0,False,False
C4176,U30,I281,i learned something useful about fashion here. reference 4176,2026-06-19 01:59:31.839673,False,GENUINE,1,0,0,1.0,50,6,15,1,1,0,0,9.0,0,9.0,False,False
C4177,U781,I183,this was a surprisingly interesting post. reference 4177,2026-07-03 07:34:31.839686,False,GENUINE,1,0,0,1.0,50,7,15,1,1,0,0,9.0,0,9.0,False,False
C4178,U676,I136,this is an interesting perspective on fashion. reference 4178,2026-06-20 16:26:31.839700,False,GENUINE,1,0,0,1.0,50,6,15,1,1,0,0,9.0,0,9.0,False,False
C4179,U387,I176,the information presented here is useful. reference 4179,2026-07-23 02:44:31.839715,False,GENUINE,1,0,0,1.0,50,5,15,1,1,0,0,9.0,0,9.0,False,False
C4180,U15,I287,i think this could be improved. reference 4180,2026-08-02 21:20:31.839729,False,GENUINE,1,0,0,1.0000000000000002,50,5,15,1,1,0,0,9.0,0,9.0,False,False
C4181,U688,I425,i learned something useful about sports here. reference 4181,2026-06-24 17:26:31.839743,False,GENUINE,1,0,0,1.0000000000000002,50,4,0,1,1,0,0,7.5,0,7.5,False,False
C4182,U321,I292,this is worth discussing further. reference 4182,2026-07-19 21:37:31.839757,False,GENUINE,1,0,0,1.0,50,4,0,1,1,0,0,7.5,0,7.5,False,False
C4183,U863,I98,i have a different opinion about fashion. reference 4183,2026-06-23 13:07:31.839771,False,GENUINE,1,0,0,1.0,50,6,15,1,1,0,0,9.0,0,9.0,False,False
C4184,U152,I123,thanks for sharing this information. reference 4184,2026-06-26 11:59:31.839784,False,GENUINE,1,0,0,1.0,50,6,15,1,1,0,0,9.0,0,9.0,False,False
C4185,U278,I320,i really enjoyed this post about technology. reference 4185,2026-07-27 21:11:31.839798,False,GENUINE,1,0,0,1.0000000000000002,50,5,15,1,1,0,0,9.0,0,9.0,False,False
C4186,U489,I385,best deal available now,2026-08-11 05:45:31.839812,False,GENUINE,52,50,15,1.0000000000000002,50,3,0,51,1,40,0,32.0,8,40.0,False,False
C4187,U683,I436,this was a surprisingly interesting post. reference 4187,2026-06-18 04:24:31.839825,False,GENUINE,1,0,0,1.0,50,4,0,1,1,0,0,7.5,0,7.5,False,False
C4188,U400,I464,the information presented here is useful. reference 4188,2026-08-06 19:30:31.839839,False,GENUINE,1,0,0,1.0,50,5,15,1,1,0,0,9.0,0,9.0,False,False
C4189,U119,I426,amazing product buy now,2026-08-05 00:01:31.839853,False,GENUINE,69,50,15,1.0,50,4,0,68,1,40,0,32.0,8,40.0,False,False
C4190,U83,I342,the explanation of music was very clear. reference 4190,2026-08-09 12:18:31.839866,False,GENUINE,1,0,0,1.0000000000000002,50,7,15,1,1,0,0,9.0,0,9.0,False,False
C4191,U49,I484,this is an interesting perspective on fashion. reference 4191,2026-06-24 18:57:31.839881,False,GENUINE,1,0,0,1.0,50,3,0,1,1,0,0,7.5,0,7.5,False,False
C4192,U57,I313,i have a different opinion about gaming. reference 4192,2026-07-16 03:50:31.839894,False,GENUINE,1,0,0,1.0000000000000002,50,5,15,1,1,0,0,9.0,0,9.0,False,False
C4193,U644,I310,this is an interesting perspective on music. reference 4193,2026-08-06 21:18:31.839908,False,GENUINE,1,0,0,1.0,50,9,15,1,1,0,0,9.0,0,9.0,False,False
C4194,U464,I208,i learned something useful about sports here. reference 4194,2026-06-19 19:34:31.839922,False,GENUINE,1,0,0,1.0000000000000002,50,5,15,1,1,0,0,9.0,0,9.0,False,False
C4195,U972,I226,the information presented here is useful. reference 4195,2026-08-07 06:06:31.839936,False,GENUINE,1,0,0,1.0,50,7,15,1,1,0,0,9.0,0,9.0,False,False
C4196,U747,I188,the explanation of movies was very clear. reference 4196,2026-07-18 05:53:31.839949,False,GENUINE,1,0,0,1.0,50,7,15,1,1,0,0,9.0,0,9.0,False,False
C4197,U17,I458,i think this could be improved. reference 4197,2026-07-02 12:54:31.839963,False,GENUINE,1,0,0,1.0000000000000002,50,6,15,1,1,0,0,9.0,0,9.0,False,False
C4198,U613,I144,the information presented here is useful. reference 4198,2026-08-06 12:52:31.839976,False,GENUINE,1,0,0,1.0,50,7,15,1,1,0,0,9.0,0,9.0,False,False
C4199,U731,I482,i think this could be improved. reference 4199,2026-06-06 17:57:31.839994,False,GENUINE,1,0,0,1.0000000000000002,50,7,15,1,1,0,0,9.0,0,9.0,False,False
C4200,U412,I390,the information presented here is useful. reference 4200,2026-06-18 13:19:31.840008,False,GENUINE,1,0,0,1.0,50,2,0,1,1,0,0,7.5,0,7.5,False,False
C4201,U140,I176,i really enjoyed this post about gaming. reference 4201,2026-06-04 22:37:31.840022,False,GENUINE,1,0,0,1.0,50,6,15,1,1,0,0,9.0,0,9.0,False,False
C4202,U893,I251,i think this could be improved. reference 4202,2026-08-07 11:47:31.840035,False,GENUINE,1,0,0,1.0000000000000002,50,3,0,1,1,0,0,7.5,0,7.5,False,False
C4203,U164,I289,thanks for sharing this information. reference 4203,2026-07-18 20:15:31.840049,False,GENUINE,1,0,0,1.0,50,5,15,1,1,0,0,9.0,0,9.0,False,False
C4204,U23,I203,this was a surprisingly interesting post. reference 4204,2026-08-05 17:16:31.840064,False,GENUINE,1,0,0,1.0,50,8,15,1,1,0,0,9.0,0,9.0,False,False
C4205,U993,I99,the explanation of sports was very clear. reference 4205,2026-07-01 12:29:31.840078,False,GENUINE,1,0,0,1.0,50,7,15,1,1,0,0,9.0,0,9.0,False,False
C4206,U237,I45,amazing product buy now,2026-07-10 06:11:31.840092,False,GENUINE,69,50,15,1.0,50,5,15,68,1,40,0,33.5,8,41.5,False,False
C4207,U732,I476,i learned something useful about sports here. reference 4207,2026-07-11 10:53:31.840108,False,GENUINE,1,0,0,1.0000000000000002,50,9,15,1,1,0,0,9.0,0,9.0,False,False
C4208,U937,I492,the information presented here is useful. reference 4208,2026-06-30 07:23:31.840121,False,GENUINE,1,0,0,1.0,50,5,15,1,1,0,0,9.0,0,9.0,False,False
C4209,U557,I474,this is an interesting perspective on food. reference 4209,2026-08-10 20:44:31.840136,False,GENUINE,1,0,0,1.0000000000000002,50,3,0,1,1,0,0,7.5,0,7.5,False,False
C4210,U209,I434,i learned something useful about gaming here. reference 4210,2026-08-04 16:17:31.840150,False,GENUINE,1,0,0,1.0,50,5,15,1,1,0,0,9.0,0,9.0,False,False
C4211,U617,I83,i really enjoyed this post about fashion. reference 4211,2026-08-01 13:57:31.840164,False,GENUINE,1,0,0,1.0,50,7,15,1,1,0,0,9.0,0,9.0,False,False
C4212,U224,I384,the information presented here is useful. reference 4212,2026-06-26 02:40:31.840177,False,GENUINE,1,0,0,1.0,50,5,15,1,1,0,0,9.0,0,9.0,False,False
C4213,U685,I162,amazing product buy now,2026-06-27 17:00:31.840191,False,GENUINE,69,50,15,1.0,50,4,0,68,1,40,0,32.0,8,40.0,False,False
C4214,U559,I293,this is worth discussing further. reference 4214,2026-07-31 19:04:31.840206,False,GENUINE,1,0,0,1.0,50,8,15,1,1,0,0,9.0,0,9.0,False,False
C4215,U194,I111,i think this could be improved. reference 4215,2026-06-12 00:59:31.840220,False,GENUINE,1,0,0,1.0000000000000002,50,3,0,1,1,0,0,7.5,0,7.5,False,False
C4216,U558,I151,i have a different opinion about movies. reference 4216,2026-06-18 21:31:31.840233,False,GENUINE,1,0,0,1.0000000000000004,50,7,15,1,1,0,0,9.0,0,9.0,False,False
C4217,U50,I371,i learned something useful about music here. reference 4217,2026-08-07 11:35:31.840247,False,GENUINE,1,0,0,1.0,50,4,0,1,1,0,0,7.5,0,7.5,False,False
C4218,U144,I442,the information presented here is useful. reference 4218,2026-06-26 09:17:31.840261,False,GENUINE,1,0,0,1.0,50,11,40,1,1,0,0,11.5,0,11.5,False,False
C4219,U44,I498,this is an interesting perspective on fashion. reference 4219,2026-07-17 18:22:31.840274,False,GENUINE,1,0,0,1.0,50,4,0,1,1,0,0,7.5,0,7.5,False,False
C4220,U291,I27,the explanation of food was very clear. reference 4220,2026-07-24 04:23:31.840289,False,GENUINE,1,0,0,1.0,50,8,15,1,1,0,0,9.0,0,9.0,False,False
C4221,U698,I128,this is an interesting perspective on fashion. reference 4221,2026-06-30 00:22:31.840302,False,GENUINE,1,0,0,1.0,50,4,0,1,1,0,0,7.5,0,7.5,False,False
C4222,U547,I55,i learned something useful about food here. reference 4222,2026-06-05 09:25:31.840316,False,GENUINE,1,0,0,1.0000000000000002,50,6,15,1,1,0,0,9.0,0,9.0,False,False
C4223,U809,I255,this was a surprisingly interesting post. reference 4223,2026-07-25 20:14:31.840330,False,GENUINE,1,0,0,1.0,50,8,15,1,1,0,0,9.0,0,9.0,False,False
C4224,U76,I7,i learned something useful about gaming here. reference 4224,2026-06-28 02:07:31.840344,False,GENUINE,1,0,0,1.0,50,3,0,1,1,0,0,7.5,0,7.5,False,False
C4225,U915,I420,thanks for sharing this information. reference 4225,2026-08-02 12:25:31.840452,False,GENUINE,1,0,0,1.0,50,5,15,1,1,0,0,9.0,0,9.0,False,False
C4226,U643,I99,i have a different opinion about fashion. reference 4226,2026-07-27 05:04:31.840470,False,GENUINE,1,0,0,1.0,50,3,0,1,1,0,0,7.5,0,7.5,False,False
C4227,U586,I279,this is worth discussing further. reference 4227,2026-06-06 06:35:31.840484,False,GENUINE,1,0,0,1.0,50,8,15,1,1,0,0,9.0,0,9.0,False,False
C4228,U703,I310,i think this could be improved. reference 4228,2026-06-03 20:22:31.840500,False,GENUINE,1,0,0,1.0000000000000002,50,11,40,1,1,0,0,11.5,0,11.5,False,False
C4229,U436,I443,the explanation of sports was very clear. reference 4229,2026-08-01 08:47:31.840514,False,GENUINE,1,0,0,1.0,50,8,15,1,1,0,0,9.0,0,9.0,False,False
C4230,U868,I263,i learned something useful about music here. reference 4230,2026-07-05 15:45:31.840530,False,GENUINE,1,0,0,1.0,50,8,15,1,1,0,0,9.0,0,9.0,False,False
C4231,U29,I173,the explanation of food was very clear. reference 4231,2026-06-05 14:04:31.840545,False,GENUINE,1,0,0,1.0,50,7,15,1,1,0,0,9.0,0,9.0,False,False
C4232,U23,I252,thanks for sharing this information. reference 4232,2026-07-06 04:05:31.840559,False,GENUINE,1,0,0,1.0,50,8,15,1,1,0,0,9.0,0,9.0,False,False
C4233,U697,I474,this is an interesting perspective on food. reference 4233,2026-06-29 07:04:31.840572,False,GENUINE,1,0,0,1.0000000000000002,50,5,15,1,1,0,0,9.0,0,9.0,False,False
C4234,U716,I31,the information presented here is useful. reference 4234,2026-07-21 08:32:31.840586,False,GENUINE,1,0,0,1.0,50,6,15,1,1,0,0,9.0,0,9.0,False,False
C4235,U921,I207,this was a surprisingly interesting post. reference 4235,2026-08-10 10:12:31.840601,False,GENUINE,1,0,0,1.0,50,7,15,1,1,0,0,9.0,0,9.0,False,False
C4236,U373,I391,i really enjoyed this post about fashion. reference 4236,2026-06-23 14:58:31.840615,False,GENUINE,1,0,0,1.0,50,3,0,1,1,0,0,7.5,0,7.5,False,False
C4237,U147,I43,i learned something useful about education here. reference 4237,2026-07-22 10:50:31.840629,False,GENUINE,1,0,0,1.0,50,5,15,1,1,0,0,9.0,0,9.0,False,False
C4238,U644,I178,this is worth discussing further. reference 4238,2026-08-03 23:42:31.840643,False,GENUINE,1,0,0,1.0,50,9,15,1,1,0,0,9.0,0,9.0,False,False
C4239,U402,I347,this is worth discussing further. reference 4239,2026-07-12 08:03:31.840657,False,GENUINE,1,0,0,1.0,50,7,15,1,1,0,0,9.0,0,9.0,False,False
C4240,U552,I229,this is an interesting perspective on movies. reference 4240,2026-07-05 23:23:31.840671,False,GENUINE,1,0,0,1.0,50,3,0,1,1,0,0,7.5,0,7.5,False,False
C4241,U583,I76,this is an interesting perspective on education. reference 4241,2026-08-05 05:03:31.840685,False,GENUINE,1,0,0,1.0,50,8,15,1,1,0,0,9.0,0,9.0,False,False
C4242,U584,I71,this is worth discussing further. reference 4242,2026-07-01 06:15:31.840698,False,GENUINE,1,0,0,1.0,50,7,15,1,1,0,0,9.0,0,9.0,False,False
C4243,U773,I304,i really enjoyed this post about movies. reference 4243,2026-07-21 10:08:31.840713,False,GENUINE,1,0,0,1.0,50,5,15,1,1,0,0,9.0,0,9.0,False,False
C4244,U440,I319,thanks for sharing this information. reference 4244,2026-06-23 01:38:31.840726,False,GENUINE,1,0,0,1.0,50,4,0,1,1,0,0,7.5,0,7.5,False,False
C4245,U888,I8,i learned something useful about education here. reference 4245,2026-08-08 09:26:31.840740,False,GENUINE,1,0,0,1.0,50,5,15,1,1,0,0,9.0,0,9.0,False,False
C4246,U871,I169,i really enjoyed this post about sports. reference 4246,2026-06-12 13:08:31.840755,False,GENUINE,1,0,0,1.0000000000000002,50,8,15,1,1,0,0,9.0,0,9.0,False,False
C4247,U861,I277,the information presented here is useful. reference 4247,2026-06-26 15:38:31.840768,False,GENUINE,1,0,0,1.0,50,4,0,1,1,0,0,7.5,0,7.5,False,False
C4248,U992,I149,you must buy this product,2026-06-17 17:02:31.840782,False,GENUINE,51,50,0,1.0,50,5,15,51,1,40,0,30.5,8,38.5,False,False
C4249,U345,I433,thanks for sharing this information. reference 4249,2026-06-13 21:59:31.840797,False,GENUINE,1,0,0,1.0,50,11,40,1,1,0,0,11.5,0,11.5,False,False
C4250,U86,I145,this is worth discussing further. reference 4250,2026-06-15 20:19:31.840810,False,GENUINE,1,0,0,1.0,50,13,40,1,1,0,0,11.5,0,11.5,False,False
C4251,U558,I259,i think this could be improved. reference 4251,2026-06-09 13:07:31.840824,False,GENUINE,1,0,0,1.0000000000000002,50,7,15,1,1,0,0,9.0,0,9.0,False,False
C4252,U670,I225,this is an interesting perspective on music. reference 4252,2026-07-26 12:51:31.840838,False,GENUINE,1,0,0,1.0,50,5,15,1,1,0,0,9.0,0,9.0,False,False
C4253,U240,I458,this was a surprisingly interesting post. reference 4253,2026-07-02 02:13:31.840852,False,GENUINE,1,0,0,1.0,50,5,15,1,1,0,0,9.0,0,9.0,False,False
C4254,U399,I244,the explanation of education was very clear. reference 4254,2026-08-09 10:42:31.840866,False,GENUINE,1,0,0,1.0000000000000002,50,4,0,1,1,0,0,7.5,0,7.5,False,False
C4255,U956,I315,i think this could be improved. reference 4255,2026-07-08 04:52:31.840880,False,GENUINE,1,0,0,1.0000000000000002,50,5,15,1,1,0,0,9.0,0,9.0,False,False
C4256,U798,I39,thanks for sharing this information. reference 4256,2026-06-07 08:24:31.840896,False,GENUINE,1,0,0,1.0,50,10,40,1,1,0,0,11.5,0,11.5,False,False
C4257,U642,I339,i think this could be improved. reference 4257,2026-06-17 06:28:31.840909,False,GENUINE,1,0,0,1.0000000000000002,50,7,15,1,1,0,0,9.0,0,9.0,False,False
C4258,U544,I252,the information presented here is useful. reference 4258,2026-06-16 01:37:31.840923,False,GENUINE,1,0,0,1.0,50,4,0,1,1,0,0,7.5,0,7.5,False,False
C4259,U588,I468,the information presented here is useful. reference 4259,2026-06-07 10:18:31.840936,False,GENUINE,1,0,0,1.0,50,4,0,1,1,0,0,7.5,0,7.5,False,False
C4260,U865,I78,i learned something useful about music here. reference 4260,2026-06-25 20:30:31.840950,False,GENUINE,1,0,0,1.0,50,8,15,1,1,0,0,9.0,0,9.0,False,False
C4261,U590,I100,i think this could be improved. reference 4261,2026-06-14 06:39:31.840964,False,GENUINE,1,0,0,1.0000000000000002,50,7,15,1,1,0,0,9.0,0,9.0,False,False
C4262,U544,I162,best product ever buy now,2026-07-06 13:14:31.840979,False,GENUINE,75,50,15,1.0,50,4,0,72,1,40,0,32.0,8,40.0,False,False
C4263,U658,I95,the explanation of music was very clear. reference 4263,2026-08-07 02:40:31.840993,False,GENUINE,1,0,0,1.0000000000000002,50,4,0,1,1,0,0,7.5,0,7.5,False,False
C4264,U712,I137,i really enjoyed this post about music. reference 4264,2026-06-04 01:25:31.841010,False,GENUINE,1,0,0,0.9999999999999997,50,9,15,1,1,0,0,9.0,0,9.0,False,False
C4265,U399,I195,thanks for sharing this information. reference 4265,2026-06-10 10:14:31.841024,False,GENUINE,1,0,0,1.0,50,4,0,1,1,0,0,7.5,0,7.5,False,False
C4266,U467,I291,click here for amazing deals,2026-06-11 13:46:31.841037,False,GENUINE,53,50,30,1.0000000000000002,50,5,15,53,1,40,0,36.5,8,44.5,False,False
C4267,U127,I85,i have a different opinion about education. reference 4267,2026-06-04 21:17:31.841051,False,GENUINE,1,0,0,1.0000000000000002,50,7,15,1,1,0,0,9.0,0,9.0,False,False
C4268,U350,I436,this is worth discussing further. reference 4268,2026-07-19 23:12:31.841065,False,GENUINE,1,0,0,1.0,50,3,0,1,1,0,0,7.5,0,7.5,False,False
C4269,U186,I478,this was a surprisingly interesting post. reference 4269,2026-06-30 21:35:31.841078,False,GENUINE,1,0,0,1.0,50,6,15,1,1,0,0,9.0,0,9.0,False,False
C4270,U607,I201,the explanation of education was very clear. reference 4270,2026-07-10 16:47:31.841092,False,GENUINE,1,0,0,1.0000000000000002,50,5,15,1,1,0,0,9.0,0,9.0,False,False
C4271,U846,I417,thanks for sharing this information. reference 4271,2026-07-25 22:20:31.841106,False,GENUINE,1,0,0,1.0,50,6,15,1,1,0,0,9.0,0,9.0,False,False
C4272,U653,I126,i learned something useful about movies here. reference 4272,2026-07-07 04:59:31.841120,False,GENUINE,1,0,0,1.0,50,3,0,1,1,0,0,7.5,0,7.5,False,False
C4273,U850,I443,the explanation of sports was very clear. reference 4273,2026-06-23 02:49:31.841136,False,GENUINE,1,0,0,1.0,50,1,0,1,1,0,0,7.5,0,7.5,False,False
C4274,U983,I461,thanks for sharing this information. reference 4274,2026-07-11 20:50:31.841150,False,GENUINE,1,0,0,1.0,50,7,15,1,1,0,0,9.0,0,9.0,False,False
C4275,U414,I84,i have a different opinion about gaming. reference 4275,2026-06-10 12:44:31.841163,False,GENUINE,1,0,0,1.0000000000000002,50,5,15,1,1,0,0,9.0,0,9.0,False,False
C4276,U696,I468,this is worth discussing further. reference 4276,2026-06-24 07:32:31.841177,False,GENUINE,1,0,0,1.0,50,7,15,1,1,0,0,9.0,0,9.0,False,False
C4277,U779,I172,i think this could be improved. reference 4277,2026-07-11 13:55:31.841190,False,GENUINE,1,0,0,1.0000000000000002,50,5,15,1,1,0,0,9.0,0,9.0,False,False
C4278,U398,I85,thanks for sharing this information. reference 4278,2026-07-06 02:11:31.841206,False,GENUINE,1,0,0,1.0,50,5,15,1,1,0,0,9.0,0,9.0,False,False
C4279,U968,I301,the explanation of sports was very clear. reference 4279,2026-07-11 13:58:31.841220,False,GENUINE,1,0,0,1.0,50,11,40,1,1,0,0,11.5,0,11.5,False,False
C4280,U542,I311,this is worth discussing further. reference 4280,2026-07-22 11:37:31.841233,False,GENUINE,1,0,0,1.0,50,6,15,1,1,0,0,9.0,0,9.0,False,False
C4281,U881,I481,this was a surprisingly interesting post. reference 4281,2026-06-21 20:47:31.841247,False,GENUINE,1,0,0,1.0,50,2,0,1,1,0,0,7.5,0,7.5,False,False
C4282,U727,I200,this is worth discussing further. reference 4282,2026-08-09 11:55:31.841260,False,GENUINE,1,0,0,1.0,50,1,0,1,1,0,0,7.5,0,7.5,False,False
C4283,U974,I330,i think this could be improved. reference 4283,2026-07-07 16:08:31.841274,False,GENUINE,1,0,0,1.0000000000000002,50,5,15,1,1,0,0,9.0,0,9.0,False,False
C4284,U972,I435,this was a surprisingly interesting post. reference 4284,2026-08-10 09:50:31.841289,False,GENUINE,1,0,0,1.0,50,7,15,1,1,0,0,9.0,0,9.0,False,False
C4285,U624,I164,i think this could be improved. reference 4285,2026-07-19 00:16:31.841303,False,GENUINE,1,0,0,1.0000000000000002,50,5,15,1,1,0,0,9.0,0,9.0,False,False
C4286,U229,I3,the explanation of movies was very clear. reference 4286,2026-06-15 15:49:31.841316,False,GENUINE,1,0,0,1.0,50,5,15,1,1,0,0,9.0,0,9.0,False,False
C4287,U638,I61,this was a surprisingly interesting post. reference 4287,2026-08-01 12:42:31.841330,False,GENUINE,1,0,0,1.0,50,5,15,1,1,0,0,9.0,0,9.0,False,False
C4288,U935,I246,thanks for sharing this information. reference 4288,2026-07-27 19:56:31.841344,False,GENUINE,1,0,0,1.0,50,4,0,1,1,0,0,7.5,0,7.5,False,False
C4289,U48,I101,this was a surprisingly interesting post. reference 4289,2026-06-19 20:38:31.841357,False,GENUINE,1,0,0,1.0,50,3,0,1,1,0,0,7.5,0,7.5,False,False
C4290,U241,I137,i really enjoyed this post about gaming. reference 4290,2026-07-09 16:19:31.841377,False,GENUINE,1,0,0,1.0,50,4,0,1,1,0,0,7.5,0,7.5,False,False
C4291,U215,I201,i have a different opinion about gaming. reference 4291,2026-07-13 05:28:31.841391,False,GENUINE,1,0,0,1.0000000000000002,50,6,15,1,1,0,0,9.0,0,9.0,False,False
C4292,U300,I232,this is an interesting perspective on music. reference 4292,2026-07-12 23:58:31.841407,False,GENUINE,1,0,0,1.0,50,6,15,1,1,0,0,9.0,0,9.0,False,False
C4293,U207,I54,the explanation of education was very clear. reference 4293,2026-07-09 12:12:31.841421,False,GENUINE,1,0,0,1.0000000000000002,50,7,15,1,1,0,0,9.0,0,9.0,False,False
C4294,U634,I453,the explanation of fashion was very clear. reference 4294,2026-06-29 12:27:31.841437,False,GENUINE,1,0,0,1.0000000000000002,50,8,15,1,1,0,0,9.0,0,9.0,False,False
C4295,U745,I433,this was a surprisingly interesting post. reference 4295,2026-07-21 03:44:31.841451,False,GENUINE,1,0,0,1.0,50,6,15,1,1,0,0,9.0,0,9.0,False,False
C4296,U817,I218,you must buy this product,2026-08-07 15:56:31.841464,False,GENUINE,51,50,0,1.0,50,5,15,51,2,50,0,34.0,8,42.0,False,False
C4297,U16,I491,thanks for sharing this information. reference 4297,2026-07-29 04:59:31.841477,False,GENUINE,1,0,0,1.0,50,6,15,1,1,0,0,9.0,0,9.0,False,False
C4298,U713,I442,this is an interesting perspective on movies. reference 4298,2026-08-03 21:37:31.841491,False,GENUINE,1,0,0,1.0,50,9,15,1,1,0,0,9.0,0,9.0,False,False
C4299,U36,I397,this is worth discussing further. reference 4299,2026-07-01 06:27:31.841505,False,GENUINE,1,0,0,1.0,50,10,40,1,1,0,0,11.5,0,11.5,False,False
C4300,U392,I315,this was a surprisingly interesting post. reference 4300,2026-06-09 11:22:31.841519,False,GENUINE,1,0,0,1.0,50,6,15,1,1,0,0,9.0,0,9.0,False,False
C4301,U605,I268,i think this could be improved. reference 4301,2026-06-17 18:11:31.841532,False,GENUINE,1,0,0,1.0000000000000002,50,4,0,1,1,0,0,7.5,0,7.5,False,False
C4302,U750,I427,i learned something useful about food here. reference 4302,2026-08-11 05:17:31.841549,False,GENUINE,1,0,0,1.0000000000000002,50,8,15,1,1,0,0,9.0,0,9.0,False,False
C4303,U278,I184,i learned something useful about sports here. reference 4303,2026-06-26 00:34:31.841563,False,GENUINE,1,0,0,1.0000000000000002,50,5,15,1,1,0,0,9.0,0,9.0,False,False
C4304,U539,I285,this is worth discussing further. reference 4304,2026-07-28 00:21:31.841577,False,GENUINE,1,0,0,1.0,50,4,0,1,1,0,0,7.5,0,7.5,False,False
C4305,U911,I70,this is worth discussing further. reference 4305,2026-07-04 23:02:31.841591,False,GENUINE,1,0,0,1.0,50,10,40,1,1,0,0,11.5,0,11.5,False,False
C4306,U59,I489,this is worth discussing further. reference 4306,2026-06-04 04:12:31.841605,False,GENUINE,1,0,0,1.0,50,6,15,1,1,0,0,9.0,0,9.0,False,False
C4307,U460,I275,i think this could be improved. reference 4307,2026-07-15 15:34:31.841618,False,GENUINE,1,0,0,1.0000000000000002,50,6,15,1,1,0,0,9.0,0,9.0,False,False
C4308,U883,I85,i learned something useful about food here. reference 4308,2026-06-08 13:28:31.841632,False,GENUINE,1,0,0,1.0000000000000002,50,4,0,1,1,0,0,7.5,0,7.5,False,False
C4309,U345,I261,this is worth discussing further. reference 4309,2026-06-23 13:23:31.841645,False,GENUINE,1,0,0,1.0,50,11,40,1,1,0,0,11.5,0,11.5,False,False
C4310,U647,I173,thanks for sharing this information. reference 4310,2026-07-09 17:26:31.841658,False,GENUINE,1,0,0,1.0,50,3,0,1,1,0,0,7.5,0,7.5,False,False
C4311,U815,I443,this is worth discussing further. reference 4311,2026-07-26 15:37:31.841672,False,GENUINE,1,0,0,1.0,50,4,0,1,1,0,0,7.5,0,7.5,False,False
C4312,U514,I65,i have a different opinion about gaming. reference 4312,2026-08-04 06:42:31.841688,False,GENUINE,1,0,0,1.0000000000000002,50,9,15,1,1,0,0,9.0,0,9.0,False,False
C4313,U831,I354,the information presented here is useful. reference 4313,2026-08-09 12:30:31.841701,False,GENUINE,1,0,0,1.0,50,4,0,1,1,0,0,7.5,0,7.5,False,False
C4314,U139,I477,i really enjoyed this post about technology. reference 4314,2026-08-07 22:19:31.841715,False,GENUINE,1,0,0,1.0000000000000002,50,9,15,1,1,0,0,9.0,0,9.0,False,False
C4315,U159,I410,amazing product buy now,2026-06-14 15:42:31.841729,False,GENUINE,69,50,15,1.0,50,7,15,68,1,40,0,33.5,8,41.5,False,False
C4316,U235,I300,the explanation of gaming was very clear. reference 4316,2026-07-21 07:30:31.841743,False,GENUINE,1,0,0,1.0000000000000002,50,4,0,1,1,0,0,7.5,0,7.5,False,False
C4317,U134,I329,this is an interesting perspective on music. reference 4317,2026-07-13 22:39:31.841757,False,GENUINE,1,0,0,1.0,50,2,0,1,1,0,0,7.5,0,7.5,False,False
C4318,U70,I106,i really enjoyed this post about music. reference 4318,2026-07-11 21:23:31.841771,False,GENUINE,1,0,0,0.9999999999999997,50,4,0,1,1,0,0,7.5,0,7.5,False,False
C4319,U492,I17,this was a surprisingly interesting post. reference 4319,2026-06-15 04:15:31.841784,False,GENUINE,1,0,0,1.0,50,7,15,1,1,0,0,9.0,0,9.0,False,False
C4320,U648,I217,this was a surprisingly interesting post. reference 4320,2026-06-10 18:08:31.841800,False,GENUINE,1,0,0,1.0,50,6,15,1,1,0,0,9.0,0,9.0,False,False
C4321,U102,I145,i have a different opinion about movies. reference 4321,2026-06-25 12:26:31.841814,False,GENUINE,1,0,0,1.0000000000000004,50,9,15,1,1,0,0,9.0,0,9.0,False,False
C4322,U537,I315,the information presented here is useful. reference 4322,2026-06-19 10:53:31.841827,False,GENUINE,1,0,0,1.0,50,6,15,1,1,0,0,9.0,0,9.0,False,False
C4323,U634,I366,i think this could be improved. reference 4323,2026-06-27 08:37:31.841841,False,GENUINE,1,0,0,1.0000000000000002,50,8,15,1,1,0,0,9.0,0,9.0,False,False
C4324,U986,I435,the explanation of fashion was very clear. reference 4324,2026-07-01 23:07:31.841855,False,GENUINE,1,0,0,1.0000000000000002,50,6,15,1,1,0,0,9.0,0,9.0,False,False
C4325,U920,I326,i think this could be improved. reference 4325,2026-06-14 07:00:31.841869,False,GENUINE,1,0,0,1.0000000000000002,50,6,15,1,1,0,0,9.0,0,9.0,False,False
C4326,U423,I76,i really enjoyed this post about education. reference 4326,2026-07-09 11:48:31.841885,False,GENUINE,1,0,0,1.0,50,8,15,1,1,0,0,9.0,0,9.0,False,False
C4327,U866,I263,i learned something useful about music here. reference 4327,2026-07-16 15:01:31.841899,False,GENUINE,1,0,0,1.0,50,8,15,1,1,0,0,9.0,0,9.0,False,False
C4328,U214,I486,this is an interesting perspective on sports. reference 4328,2026-07-27 02:20:31.841913,False,GENUINE,1,0,0,1.0,50,7,15,1,1,0,0,9.0,0,9.0,False,False
C4329,U724,I278,this is an interesting perspective on education. reference 4329,2026-07-25 11:59:31.841927,False,GENUINE,1,0,0,1.0,50,10,40,1,1,0,0,11.5,0,11.5,False,False
C4330,U856,I32,i learned something useful about sports here. reference 4330,2026-06-17 14:53:31.841941,False,GENUINE,1,0,0,1.0000000000000002,50,3,0,1,1,0,0,7.5,0,7.5,False,False
C4331,U146,I449,best deal available now,2026-06-16 00:41:31.841955,False,GENUINE,52,50,15,1.0000000000000002,50,6,15,51,2,50,0,37.0,8,45.0,False,False
C4332,U94,I30,the information presented here is useful. reference 4332,2026-08-03 15:42:31.841969,False,GENUINE,1,0,0,1.0,50,6,15,1,1,0,0,9.0,0,9.0,False,False
C4333,U532,I125,the information presented here is useful. reference 4333,2026-06-28 06:34:31.841983,False,GENUINE,1,0,0,1.0,50,3,0,1,1,0,0,7.5,0,7.5,False,False
C4334,U163,I104,this was a surprisingly interesting post. reference 4334,2026-07-11 10:18:31.841996,False,GENUINE,1,0,0,1.0,50,7,15,1,1,0,0,9.0,0,9.0,False,False
C4335,U24,I272,i learned something useful about food here. reference 4335,2026-07-06 01:22:31.842010,False,GENUINE,1,0,0,1.0000000000000002,50,5,15,1,1,0,0,9.0,0,9.0,False,False
C4336,U531,I361,this is an interesting perspective on food. reference 4336,2026-07-26 17:26:31.842024,False,GENUINE,1,0,0,1.0000000000000002,50,7,15,1,1,0,0,9.0,0,9.0,False,False
C4337,U805,I92,this is worth discussing further. reference 4337,2026-06-30 13:47:31.842037,False,GENUINE,1,0,0,1.0,50,8,15,1,1,0,0,9.0,0,9.0,False,False
C4338,U328,I133,this is worth discussing further. reference 4338,2026-06-28 19:01:31.842051,False,GENUINE,1,0,0,1.0,50,7,15,1,1,0,0,9.0,0,9.0,False,False
C4339,U138,I194,i learned something useful about technology here. reference 4339,2026-07-13 05:03:31.842065,False,GENUINE,1,0,0,1.0,50,7,15,1,1,0,0,9.0,0,9.0,False,False
C4340,U145,I316,this is an interesting perspective on food. reference 4340,2026-07-08 00:35:31.842080,False,GENUINE,1,0,0,1.0000000000000002,50,11,40,1,1,0,0,11.5,0,11.5,False,False
C4341,U921,I336,this was a surprisingly interesting post. reference 4341,2026-06-06 10:14:31.842097,False,GENUINE,1,0,0,1.0,50,7,15,1,1,0,0,9.0,0,9.0,False,False
C4342,U104,I200,i really enjoyed this post about education. reference 4342,2026-06-07 10:51:31.842115,False,GENUINE,1,0,0,1.0,50,6,15,1,1,0,0,9.0,0,9.0,False,False
C4343,U450,I491,this is an interesting perspective on food. reference 4343,2026-07-26 20:29:31.842129,False,GENUINE,1,0,0,1.0000000000000002,50,9,15,1,1,0,0,9.0,0,9.0,False,False
C4344,U64,I234,the explanation of sports was very clear. reference 4344,2026-07-02 12:27:31.842143,False,GENUINE,1,0,0,1.0,50,7,15,1,1,0,0,9.0,0,9.0,False,False
C4345,U806,I367,the explanation of education was very clear. reference 4345,2026-08-09 04:02:31.842157,False,GENUINE,1,0,0,1.0000000000000002,50,7,15,1,1,0,0,9.0,0,9.0,False,False
C4346,U333,I93,i learned something useful about education here. reference 4346,2026-06-20 08:16:31.842171,False,GENUINE,1,0,0,1.0,50,5,15,1,1,0,0,9.0,0,9.0,False,False
C4347,U978,I290,thanks for sharing this information. reference 4347,2026-06-05 09:15:31.842184,False,GENUINE,1,0,0,1.0,50,9,15,1,1,0,0,9.0,0,9.0,False,False
C4348,U421,I451,click here for amazing deals,2026-06-06 03:08:31.842200,False,GENUINE,53,50,30,1.0000000000000002,50,5,15,53,1,40,0,36.5,8,44.5,False,False
C4349,U437,I409,you must buy this product,2026-06-14 13:06:31.842214,False,GENUINE,51,50,0,1.0,50,6,15,51,1,40,0,30.5,8,38.5,False,False
C4350,U310,I120,this was a surprisingly interesting post. reference 4350,2026-07-21 07:26:31.842227,False,GENUINE,1,0,0,1.0,50,11,40,1,1,0,0,11.5,0,11.5,False,False
C4351,U918,I85,this is worth discussing further. reference 4351,2026-06-08 21:24:31.842241,False,GENUINE,1,0,0,1.0,50,8,15,1,1,0,0,9.0,0,9.0,False,False
C4352,U987,I125,thanks for sharing this information. reference 4352,2026-07-13 16:29:31.842254,False,GENUINE,1,0,0,1.0,50,6,15,1,1,0,0,9.0,0,9.0,False,False
C4353,U569,I481,i have a different opinion about movies. reference 4353,2026-07-04 19:07:31.842268,False,GENUINE,1,0,0,1.0000000000000004,50,7,15,1,1,0,0,9.0,0,9.0,False,False
C4354,U125,I250,i think this could be improved. reference 4354,2026-07-22 21:51:31.842281,False,GENUINE,1,0,0,1.0000000000000002,50,7,15,1,1,0,0,9.0,0,9.0,False,False
C4355,U165,I413,the information presented here is useful. reference 4355,2026-07-20 08:06:31.842295,False,GENUINE,1,0,0,1.0,50,10,40,1,1,0,0,11.5,0,11.5,False,False
C4356,U964,I10,thanks for sharing this information. reference 4356,2026-07-19 01:44:31.842308,False,GENUINE,1,0,0,1.0,50,6,15,1,1,0,0,9.0,0,9.0,False,False
C4357,U886,I129,thanks for sharing this information. reference 4357,2026-06-17 04:46:31.842323,False,GENUINE,1,0,0,1.0,50,3,0,1,1,0,0,7.5,0,7.5,False,False
C4358,U732,I371,this is an interesting perspective on education. reference 4358,2026-07-02 03:52:31.842337,False,GENUINE,1,0,0,1.0,50,9,15,1,1,0,0,9.0,0,9.0,False,False
C4359,U618,I422,thanks for sharing this information. reference 4359,2026-08-11 14:06:31.842351,False,GENUINE,1,0,0,1.0,50,3,0,1,1,0,0,7.5,0,7.5,False,False
C4360,U191,I292,i learned something useful about food here. reference 4360,2026-08-05 11:19:31.842364,False,GENUINE,1,0,0,1.0000000000000002,50,4,0,1,1,0,0,7.5,0,7.5,False,False
C4361,U165,I28,this is worth discussing further. reference 4361,2026-06-12 03:30:31.842378,False,GENUINE,1,0,0,1.0,50,10,40,1,1,0,0,11.5,0,11.5,False,False
C4362,U922,I305,i think this could be improved. reference 4362,2026-06-07 09:49:31.842391,False,GENUINE,1,0,0,1.0000000000000002,50,5,15,1,1,0,0,9.0,0,9.0,False,False
C4363,U115,I109,i think this could be improved. reference 4363,2026-07-30 05:54:31.842405,False,GENUINE,1,0,0,1.0000000000000002,50,6,15,1,1,0,0,9.0,0,9.0,False,False
C4364,U593,I487,this was a surprisingly interesting post. reference 4364,2026-07-30 22:32:31.842418,False,GENUINE,1,0,0,1.0,50,5,15,1,1,0,0,9.0,0,9.0,False,False
C4365,U152,I14,this is an interesting perspective on education. reference 4365,2026-07-09 16:08:31.842432,False,GENUINE,1,0,0,1.0,50,6,15,1,1,0,0,9.0,0,9.0,False,False
C4366,U406,I373,i really enjoyed this post about sports. reference 4366,2026-07-27 01:28:31.842447,False,GENUINE,1,0,0,1.0000000000000002,50,6,15,1,1,0,0,9.0,0,9.0,False,False
C4367,U38,I452,i really enjoyed this post about movies. reference 4367,2026-06-03 13:33:31.842460,False,GENUINE,1,0,0,1.0,50,5,15,1,1,0,0,9.0,0,9.0,False,False
C4368,U567,I250,thanks for sharing this information. reference 4368,2026-06-25 15:01:31.842474,False,GENUINE,1,0,0,1.0,50,5,15,1,1,0,0,9.0,0,9.0,False,False
C4369,U515,I259,thanks for sharing this information. reference 4369,2026-07-11 00:53:31.842489,False,GENUINE,1,0,0,1.0,50,6,15,1,1,0,0,9.0,0,9.0,False,False
C4370,U700,I107,this is worth discussing further. reference 4370,2026-07-26 00:35:31.842503,False,GENUINE,1,0,0,1.0,50,6,15,1,1,0,0,9.0,0,9.0,False,False
C4371,U242,I326,this was a surprisingly interesting post. reference 4371,2026-08-06 06:59:31.842517,False,GENUINE,1,0,0,1.0,50,2,0,1,1,0,0,7.5,0,7.5,False,False
C4372,U817,I428,i really enjoyed this post about sports. reference 4372,2026-08-10 06:06:31.842531,False,GENUINE,1,0,0,1.0000000000000002,50,5,15,1,1,0,0,9.0,0,9.0,False,False
C4373,U284,I154,the explanation of fashion was very clear. reference 4373,2026-06-14 02:04:31.842545,False,GENUINE,1,0,0,1.0000000000000002,50,5,15,1,1,0,0,9.0,0,9.0,False,False
C4374,U83,I417,you must buy this product,2026-08-01 20:49:31.842558,False,GENUINE,51,50,0,1.0,50,7,15,51,1,40,0,30.5,8,38.5,False,False
C4375,U471,I34,this is worth discussing further. reference 4375,2026-07-23 17:07:31.842572,False,GENUINE,1,0,0,1.0,50,4,0,1,1,0,0,7.5,0,7.5,False,False
C4376,U892,I372,thanks for sharing this information. reference 4376,2026-08-09 18:05:31.842586,False,GENUINE,1,0,0,1.0,50,3,0,1,1,0,0,7.5,0,7.5,False,False
C4377,U797,I76,thanks for sharing this information. reference 4377,2026-06-06 09:47:31.842602,False,GENUINE,1,0,0,1.0,50,6,15,1,1,0,0,9.0,0,9.0,False,False
C4378,U964,I300,best product ever buy now,2026-08-03 09:58:31.842616,False,GENUINE,75,50,15,1.0,50,6,15,72,2,50,0,37.0,8,45.0,False,False
C4379,U310,I101,i think this could be improved. reference 4379,2026-06-13 07:50:31.842629,False,GENUINE,1,0,0,1.0000000000000002,50,11,40,1,1,0,0,11.5,0,11.5,False,False
C4380,U888,I376,this was a surprisingly interesting post. reference 4380,2026-08-06 16:08:31.842643,False,GENUINE,1,0,0,1.0,50,5,15,1,1,0,0,9.0,0,9.0,False,False
C4381,U626,I421,the explanation of technology was very clear. reference 4381,2026-06-20 08:29:31.842656,False,GENUINE,1,0,0,1.0,50,4,0,1,1,0,0,7.5,0,7.5,False,False
C4382,U425,I240,this is an interesting perspective on sports. reference 4382,2026-06-10 07:42:31.842670,False,GENUINE,1,0,0,1.0,50,6,15,1,1,0,0,9.0,0,9.0,False,False
C4383,U607,I255,this is an interesting perspective on gaming. reference 4383,2026-07-29 14:49:31.842684,False,GENUINE,1,0,0,1.0,50,5,15,1,1,0,0,9.0,0,9.0,False,False
C4384,U407,I24,i learned something useful about education here. reference 4384,2026-08-01 07:32:31.842698,False,GENUINE,1,0,0,1.0,50,8,15,1,1,0,0,9.0,0,9.0,False,False
C4385,U212,I80,this is an interesting perspective on food. reference 4385,2026-07-05 12:04:31.842712,False,GENUINE,1,0,0,1.0000000000000002,50,7,15,1,1,0,0,9.0,0,9.0,False,False
C4386,U477,I385,i learned something useful about technology here. reference 4386,2026-08-01 08:23:31.842726,False,GENUINE,1,0,0,1.0,50,6,15,1,1,0,0,9.0,0,9.0,False,False
C4387,U620,I394,this is an interesting perspective on gaming. reference 4387,2026-08-01 13:45:31.842739,False,GENUINE,1,0,0,1.0,50,8,15,1,1,0,0,9.0,0,9.0,False,False
C4388,U391,I206,this is an interesting perspective on education. reference 4388,2026-07-26 09:13:31.842753,False,GENUINE,1,0,0,1.0,50,6,15,1,1,0,0,9.0,0,9.0,False,False
C4389,U42,I61,you must buy this product,2026-07-02 04:36:31.842769,False,GENUINE,51,50,0,1.0,50,9,15,51,1,40,0,30.5,8,38.5,False,False
C4390,U139,I370,this is worth discussing further. reference 4390,2026-07-20 04:44:31.842782,False,GENUINE,1,0,0,1.0,50,9,15,1,1,0,0,9.0,0,9.0,False,False
C4391,U202,I473,thanks for sharing this information. reference 4391,2026-08-08 11:06:31.842796,False,GENUINE,1,0,0,1.0,50,6,15,1,1,0,0,9.0,0,9.0,False,False
C4392,U300,I292,the explanation of fashion was very clear. reference 4392,2026-07-08 05:14:31.842812,False,GENUINE,1,0,0,1.0000000000000002,50,6,15,1,1,0,0,9.0,0,9.0,False,False
C4393,U345,I106,this was a surprisingly interesting post. reference 4393,2026-06-12 17:27:31.842825,False,GENUINE,1,0,0,1.0,50,11,40,1,1,0,0,11.5,0,11.5,False,False
C4394,U183,I233,i have a different opinion about gaming. reference 4394,2026-07-29 05:06:31.842839,False,GENUINE,1,0,0,1.0000000000000002,50,6,15,1,1,0,0,9.0,0,9.0,False,False
C4395,U782,I401,click here for amazing deals,2026-08-02 16:31:31.842853,False,GENUINE,53,50,30,1.0000000000000002,50,8,15,53,1,40,0,36.5,8,44.5,False,False
C4396,U92,I145,i really enjoyed this post about fashion. reference 4396,2026-06-15 21:53:31.842867,False,GENUINE,1,0,0,1.0,50,6,15,1,1,0,0,9.0,0,9.0,False,False
C4397,U537,I71,you must buy this product,2026-06-20 08:45:31.842883,False,GENUINE,51,50,0,1.0,50,6,15,51,1,40,0,30.5,8,38.5,False,False
C4398,U680,I167,i learned something useful about education here. reference 4398,2026-06-18 13:17:31.842897,False,GENUINE,1,0,0,1.0,50,8,15,1,1,0,0,9.0,0,9.0,False,False
C4399,U293,I192,i learned something useful about technology here. reference 4399,2026-06-19 00:02:31.842910,False,GENUINE,1,0,0,1.0,50,8,15,1,1,0,0,9.0,0,9.0,False,False
C4400,U198,I358,this is worth discussing further. reference 4400,2026-06-07 03:40:31.842924,False,GENUINE,1,0,0,1.0,50,6,15,1,1,0,0,9.0,0,9.0,False,False
C4401,U389,I429,amazing product buy now,2026-07-23 07:08:31.842939,False,GENUINE,69,50,15,1.0,50,7,15,68,1,40,0,33.5,8,41.5,False,False
C4402,U732,I341,thanks for sharing this information. reference 4402,2026-07-31 03:55:31.842952,False,GENUINE,1,0,0,1.0,50,9,15,1,1,0,0,9.0,0,9.0,False,False
C4403,U797,I355,thanks for sharing this information. reference 4403,2026-08-10 06:39:31.842966,False,GENUINE,1,0,0,1.0,50,6,15,1,1,0,0,9.0,0,9.0,False,False
C4404,U794,I49,the explanation of food was very clear. reference 4404,2026-08-01 00:47:31.842979,False,GENUINE,1,0,0,1.0,50,8,15,1,1,0,0,9.0,0,9.0,False,False
C4405,U145,I141,the explanation of fashion was very clear. reference 4405,2026-07-10 03:42:31.842997,False,GENUINE,1,0,0,1.0000000000000002,50,11,40,1,1,0,0,11.5,0,11.5,False,False
C4406,U562,I167,this was a surprisingly interesting post. reference 4406,2026-07-07 13:45:31.843010,False,GENUINE,1,0,0,1.0,50,5,15,1,1,0,0,9.0,0,9.0,False,False
C4407,U314,I390,i learned something useful about sports here. reference 4407,2026-08-09 08:54:31.843024,False,GENUINE,1,0,0,1.0000000000000002,50,7,15,1,1,0,0,9.0,0,9.0,False,False
C4408,U265,I482,this is an interesting perspective on education. reference 4408,2026-08-09 11:57:31.843038,False,GENUINE,1,0,0,1.0,50,2,0,1,1,0,0,7.5,0,7.5,False,False
C4409,U144,I246,i really enjoyed this post about fashion. reference 4409,2026-07-31 15:02:31.843052,False,GENUINE,1,0,0,1.0,50,11,40,1,1,0,0,11.5,0,11.5,False,False
C4410,U370,I314,i learned something useful about food here. reference 4410,2026-07-21 19:46:31.843068,False,GENUINE,1,0,0,1.0000000000000002,50,4,0,1,1,0,0,7.5,0,7.5,False,False
C4411,U570,I253,i have a different opinion about technology. reference 4411,2026-07-27 16:34:31.843081,False,GENUINE,1,0,0,1.0,50,2,0,1,1,0,0,7.5,0,7.5,False,False
C4412,U613,I317,i really enjoyed this post about food. reference 4412,2026-06-07 09:39:31.843095,False,GENUINE,1,0,0,1.0,50,7,15,1,1,0,0,9.0,0,9.0,False,False
C4413,U738,I493,this is an interesting perspective on fashion. reference 4413,2026-07-04 00:56:31.843109,False,GENUINE,1,0,0,1.0,50,6,15,1,1,0,0,9.0,0,9.0,False,False
C4414,U882,I302,i really enjoyed this post about fashion. reference 4414,2026-07-22 01:28:31.843122,False,GENUINE,1,0,0,1.0,50,5,15,1,1,0,0,9.0,0,9.0,False,False
C4415,U133,I64,i have a different opinion about gaming. reference 4415,2026-07-11 16:01:31.843136,False,GENUINE,1,0,0,1.0000000000000002,50,5,15,1,1,0,0,9.0,0,9.0,False,False
C4416,U327,I133,i learned something useful about technology here. reference 4416,2026-07-22 15:22:31.843151,False,GENUINE,1,0,0,1.0,50,4,0,1,1,0,0,7.5,0,7.5,False,False
C4417,U718,I363,i have a different opinion about technology. reference 4417,2026-07-20 02:30:31.843164,False,GENUINE,1,0,0,1.0,50,8,15,1,1,0,0,9.0,0,9.0,False,False
C4418,U60,I63,i really enjoyed this post about music. reference 4418,2026-07-05 22:04:31.843178,False,GENUINE,1,0,0,0.9999999999999997,50,4,0,1,1,0,0,7.5,0,7.5,False,False
C4419,U979,I254,thanks for sharing this information. reference 4419,2026-07-09 06:50:31.843192,False,GENUINE,1,0,0,1.0,50,5,15,1,1,0,0,9.0,0,9.0,False,False
C4420,U433,I457,best product ever buy now,2026-07-09 01:45:31.843206,False,GENUINE,75,50,15,1.0,50,7,15,72,1,40,0,33.5,8,41.5,False,False
C4421,U453,I302,this is worth discussing further. reference 4421,2026-07-16 21:17:31.843221,False,GENUINE,1,0,0,1.0,50,5,15,1,1,0,0,9.0,0,9.0,False,False
C4422,U435,I431,i learned something useful about sports here. reference 4422,2026-07-19 23:03:31.843235,False,GENUINE,1,0,0,1.0000000000000002,50,5,15,1,1,0,0,9.0,0,9.0,False,False
C4423,U491,I430,this is an interesting perspective on education. reference 4423,2026-07-19 23:26:31.843249,False,GENUINE,1,0,0,1.0,50,2,0,1,1,0,0,7.5,0,7.5,False,False
C4424,U472,I222,i really enjoyed this post about gaming. reference 4424,2026-08-07 19:35:31.843262,False,GENUINE,1,0,0,1.0,50,6,15,1,1,0,0,9.0,0,9.0,False,False
C4425,U568,I30,click here for amazing deals,2026-08-08 07:22:31.843276,False,GENUINE,53,50,30,1.0000000000000002,50,7,15,53,2,50,0,40.0,8,48.0,False,False
C4426,U212,I13,the information presented here is useful. reference 4426,2026-08-02 16:42:31.843292,False,GENUINE,1,0,0,1.0,50,7,15,1,1,0,0,9.0,0,9.0,False,False
C4427,U460,I204,i have a different opinion about gaming. reference 4427,2026-06-28 07:46:31.843307,False,GENUINE,1,0,0,1.0000000000000002,50,6,15,1,1,0,0,9.0,0,9.0,False,False
C4428,U165,I216,this was a surprisingly interesting post. reference 4428,2026-06-23 06:46:31.843320,False,GENUINE,1,0,0,1.0,50,10,40,1,1,0,0,11.5,0,11.5,False,False
C4429,U13,I264,this is an interesting perspective on music. reference 4429,2026-07-02 01:50:31.843334,False,GENUINE,1,0,0,1.0,50,4,0,1,1,0,0,7.5,0,7.5,False,False
C4430,U109,I75,thanks for sharing this information. reference 4430,2026-06-07 07:34:31.843347,False,GENUINE,1,0,0,1.0,50,7,15,1,1,0,0,9.0,0,9.0,False,False
C4431,U110,I498,this is worth discussing further. reference 4431,2026-06-30 15:32:31.843360,False,GENUINE,1,0,0,1.0,50,6,15,1,1,0,0,9.0,0,9.0,False,False
C4432,U86,I100,this was a surprisingly interesting post. reference 4432,2026-07-05 15:24:31.843379,False,GENUINE,1,0,0,1.0,50,13,40,1,1,0,0,11.5,0,11.5,False,False
C4433,U463,I52,the explanation of technology was very clear. reference 4433,2026-06-30 18:50:31.843395,False,GENUINE,1,0,0,1.0,50,6,15,1,1,0,0,9.0,0,9.0,False,False
C4434,U729,I117,this is worth discussing further. reference 4434,2026-08-07 11:33:31.843409,False,GENUINE,1,0,0,1.0,50,4,0,1,1,0,0,7.5,0,7.5,False,False
C4435,U832,I445,i have a different opinion about music. reference 4435,2026-06-24 12:39:31.843423,False,GENUINE,1,0,0,1.0,50,9,15,1,1,0,0,9.0,0,9.0,False,False
C4436,U976,I141,best product ever buy now,2026-07-24 16:10:31.843436,False,GENUINE,75,50,15,1.0,50,2,0,72,2,50,0,35.5,8,43.5,False,False
C4437,U820,I205,i learned something useful about gaming here. reference 4437,2026-06-08 17:55:31.843450,False,GENUINE,1,0,0,1.0,50,4,0,1,1,0,0,7.5,0,7.5,False,False
C4438,U201,I12,i really enjoyed this post about fashion. reference 4438,2026-07-26 06:59:31.843464,False,GENUINE,1,0,0,1.0,50,5,15,1,1,0,0,9.0,0,9.0,False,False
C4439,U357,I272,this was a surprisingly interesting post. reference 4439,2026-07-02 03:53:31.843477,False,GENUINE,1,0,0,1.0,50,5,15,1,1,0,0,9.0,0,9.0,False,False
C4440,U436,I360,the information presented here is useful. reference 4440,2026-06-27 16:04:31.843491,False,GENUINE,1,0,0,1.0,50,8,15,1,1,0,0,9.0,0,9.0,False,False
C4441,U30,I104,this is an interesting perspective on technology. reference 4441,2026-07-12 10:52:31.843505,False,GENUINE,1,0,0,1.0,50,6,15,1,1,0,0,9.0,0,9.0,False,False
C4442,U203,I343,the explanation of fashion was very clear. reference 4442,2026-07-28 13:55:31.843520,False,GENUINE,1,0,0,1.0000000000000002,50,6,15,1,1,0,0,9.0,0,9.0,False,False
C4443,U842,I414,i think this could be improved. reference 4443,2026-07-03 00:18:31.843533,False,GENUINE,1,0,0,1.0000000000000002,50,4,0,1,1,0,0,7.5,0,7.5,False,False
C4444,U910,I201,the information presented here is useful. reference 4444,2026-08-04 15:33:31.843547,False,GENUINE,1,0,0,1.0,50,9,15,1,1,0,0,9.0,0,9.0,False,False
C4445,U361,I299,this is an interesting perspective on sports. reference 4445,2026-07-30 06:01:31.843561,False,GENUINE,1,0,0,1.0,50,4,0,1,1,0,0,7.5,0,7.5,False,False
C4446,U716,I437,i think this could be improved. reference 4446,2026-08-08 21:53:31.843575,False,GENUINE,1,0,0,1.0000000000000002,50,6,15,1,1,0,0,9.0,0,9.0,False,False
C4447,U58,I136,the information presented here is useful. reference 4447,2026-07-04 02:19:31.843588,False,GENUINE,1,0,0,1.0,50,8,15,1,1,0,0,9.0,0,9.0,False,False
C4448,U102,I159,this is worth discussing further. reference 4448,2026-06-04 02:27:31.843602,False,GENUINE,1,0,0,1.0,50,9,15,1,1,0,0,9.0,0,9.0,False,False
C4449,U69,I407,this is an interesting perspective on technology. reference 4449,2026-07-02 03:38:31.843615,False,GENUINE,1,0,0,1.0,50,6,15,1,1,0,0,9.0,0,9.0,False,False
C4450,U602,I248,i think this could be improved. reference 4450,2026-07-19 20:47:31.843629,False,GENUINE,1,0,0,1.0000000000000002,50,10,40,1,1,0,0,11.5,0,11.5,False,False
C4451,U38,I10,you must buy this product,2026-06-23 07:51:31.843643,False,GENUINE,51,50,0,1.0,50,5,15,51,1,40,0,30.5,8,38.5,False,False
C4452,U786,I482,this was a surprisingly interesting post. reference 4452,2026-06-07 18:15:31.843656,False,GENUINE,1,0,0,1.0,50,8,15,1,1,0,0,9.0,0,9.0,False,False
C4453,U576,I387,i have a different opinion about technology. reference 4453,2026-07-14 03:45:31.843673,False,GENUINE,1,0,0,1.0,50,4,0,1,1,0,0,7.5,0,7.5,False,False
C4454,U255,I341,this is an interesting perspective on music. reference 4454,2026-07-27 03:58:31.843689,False,GENUINE,1,0,0,1.0,50,4,0,1,1,0,0,7.5,0,7.5,False,False
C4455,U43,I130,thanks for sharing this information. reference 4455,2026-06-19 03:52:31.843702,False,GENUINE,1,0,0,1.0,50,2,0,1,1,0,0,7.5,0,7.5,False,False
C4456,U304,I331,you must buy this product,2026-07-06 21:05:31.843716,False,GENUINE,51,50,0,1.0,50,4,0,51,1,40,0,29.0,8,37.0,False,False
C4457,U802,I310,this was a surprisingly interesting post. reference 4457,2026-06-14 16:19:31.843730,False,GENUINE,1,0,0,1.0,50,9,15,1,1,0,0,9.0,0,9.0,False,False
C4458,U229,I331,this is an interesting perspective on sports. reference 4458,2026-06-30 16:00:31.843744,False,GENUINE,1,0,0,1.0,50,5,15,1,1,0,0,9.0,0,9.0,False,False
C4459,U604,I224,this is an interesting perspective on fashion. reference 4459,2026-07-08 01:00:31.843758,False,GENUINE,1,0,0,1.0,50,5,15,1,1,0,0,9.0,0,9.0,False,False
C4460,U617,I284,i have a different opinion about gaming. reference 4460,2026-07-05 10:23:31.843772,False,GENUINE,1,0,0,1.0000000000000002,50,7,15,1,1,0,0,9.0,0,9.0,False,False
C4461,U929,I195,this is an interesting perspective on education. reference 4461,2026-07-23 03:30:31.843788,False,GENUINE,1,0,0,1.0,50,6,15,1,1,0,0,9.0,0,9.0,False,False
C4462,U496,I146,i really enjoyed this post about food. reference 4462,2026-06-29 03:38:31.843801,False,GENUINE,1,0,0,1.0,50,2,0,1,1,0,0,7.5,0,7.5,False,False
C4463,U584,I136,the explanation of sports was very clear. reference 4463,2026-07-26 23:26:31.843815,False,GENUINE,1,0,0,1.0,50,7,15,1,1,0,0,9.0,0,9.0,False,False
C4464,U780,I165,the information presented here is useful. reference 4464,2026-07-23 15:11:31.843829,False,GENUINE,1,0,0,1.0,50,3,0,1,1,0,0,7.5,0,7.5,False,False
C4465,U754,I352,this was a surprisingly interesting post. reference 4465,2026-06-19 18:41:31.843843,False,GENUINE,1,0,0,1.0,50,4,0,1,1,0,0,7.5,0,7.5,False,False
C4466,U582,I466,this is an interesting perspective on food. reference 4466,2026-08-10 11:57:31.843857,False,GENUINE,1,0,0,1.0000000000000002,50,5,15,1,1,0,0,9.0,0,9.0,False,False
C4467,U68,I364,i have a different opinion about education. reference 4467,2026-07-03 14:54:31.843871,False,GENUINE,1,0,0,1.0000000000000002,50,7,15,1,1,0,0,9.0,0,9.0,False,False
C4468,U868,I489,i learned something useful about technology here. reference 4468,2026-07-23 07:44:31.843887,False,GENUINE,1,0,0,1.0,50,8,15,1,1,0,0,9.0,0,9.0,False,False
C4469,U478,I26,this was a surprisingly interesting post. reference 4469,2026-06-23 15:07:31.843903,False,GENUINE,1,0,0,1.0,50,7,15,1,1,0,0,9.0,0,9.0,False,False
C4470,U864,I87,this is an interesting perspective on gaming. reference 4470,2026-07-05 10:42:31.843917,False,GENUINE,1,0,0,1.0,50,4,0,1,1,0,0,7.5,0,7.5,False,False
C4471,U56,I430,i learned something useful about technology here. reference 4471,2026-06-15 09:55:31.843931,False,GENUINE,1,0,0,1.0,50,1,0,1,1,0,0,7.5,0,7.5,False,False
C4472,U822,I338,i have a different opinion about gaming. reference 4472,2026-06-23 03:46:31.843944,False,GENUINE,1,0,0,1.0000000000000002,50,2,0,1,1,0,0,7.5,0,7.5,False,False
C4473,U966,I498,this is an interesting perspective on sports. reference 4473,2026-07-09 05:04:31.843958,False,GENUINE,1,0,0,1.0,50,6,15,1,1,0,0,9.0,0,9.0,False,False
C4474,U700,I359,thanks for sharing this information. reference 4474,2026-07-29 11:43:31.843973,False,GENUINE,1,0,0,1.0,50,6,15,1,1,0,0,9.0,0,9.0,False,False
C4475,U918,I57,this is an interesting perspective on food. reference 4475,2026-08-09 19:01:31.843987,False,GENUINE,1,0,0,1.0000000000000002,50,8,15,1,1,0,0,9.0,0,9.0,False,False
C4476,U748,I428,you must buy this product,2026-06-12 14:56:31.844001,False,GENUINE,51,50,0,1.0,50,5,15,51,1,40,0,30.5,8,38.5,False,False
C4477,U520,I15,this is an interesting perspective on fashion. reference 4477,2026-07-19 03:55:31.844015,False,GENUINE,1,0,0,1.0,50,7,15,1,1,0,0,9.0,0,9.0,False,False
C4478,U311,I273,i learned something useful about education here. reference 4478,2026-06-03 20:28:31.844029,False,GENUINE,1,0,0,1.0,50,6,15,1,1,0,0,9.0,0,9.0,False,False
C4479,U123,I231,this is worth discussing further. reference 4479,2026-06-20 20:25:31.844043,False,GENUINE,1,0,0,1.0,50,4,0,1,1,0,0,7.5,0,7.5,False,False
C4480,U450,I497,this was a surprisingly interesting post. reference 4480,2026-07-02 23:53:31.844056,False,GENUINE,1,0,0,1.0,50,9,15,1,1,0,0,9.0,0,9.0,False,False
C4481,U954,I5,this was a surprisingly interesting post. reference 4481,2026-08-06 05:09:31.844070,False,GENUINE,1,0,0,1.0,50,5,15,1,1,0,0,9.0,0,9.0,False,False
C4482,U831,I13,i have a different opinion about technology. reference 4482,2026-07-04 17:07:31.844085,False,GENUINE,1,0,0,1.0,50,4,0,1,1,0,0,7.5,0,7.5,False,False
C4483,U485,I163,i think this could be improved. reference 4483,2026-07-26 11:08:31.844099,False,GENUINE,1,0,0,1.0000000000000002,50,4,0,1,1,0,0,7.5,0,7.5,False,False
C4484,U862,I96,the information presented here is useful. reference 4484,2026-07-15 13:35:31.844115,False,GENUINE,1,0,0,1.0,50,8,15,1,1,0,0,9.0,0,9.0,False,False
C4485,U609,I206,this is an interesting perspective on gaming. reference 4485,2026-07-28 11:11:31.844128,False,GENUINE,1,0,0,1.0,50,4,0,1,1,0,0,7.5,0,7.5,False,False
C4486,U523,I456,i think this could be improved. reference 4486,2026-07-27 18:46:31.844142,False,GENUINE,1,0,0,1.0000000000000002,50,8,15,1,1,0,0,9.0,0,9.0,False,False
C4487,U614,I343,the information presented here is useful. reference 4487,2026-06-30 15:45:31.844156,False,GENUINE,1,0,0,1.0,50,9,15,1,1,0,0,9.0,0,9.0,False,False
C4488,U743,I385,the information presented here is useful. reference 4488,2026-06-12 08:10:31.844170,False,GENUINE,1,0,0,1.0,50,5,15,1,1,0,0,9.0,0,9.0,False,False
C4489,U650,I25,i have a different opinion about technology. reference 4489,2026-06-19 05:38:31.844184,False,GENUINE,1,0,0,1.0,50,8,15,1,1,0,0,9.0,0,9.0,False,False
C4490,U363,I117,this is an interesting perspective on movies. reference 4490,2026-08-03 18:47:31.844200,False,GENUINE,1,0,0,1.0,50,7,15,1,1,0,0,9.0,0,9.0,False,False
C4491,U809,I297,the information presented here is useful. reference 4491,2026-07-10 13:19:31.844214,False,GENUINE,1,0,0,1.0,50,8,15,1,1,0,0,9.0,0,9.0,False,False
C4492,U437,I22,i think this could be improved. reference 4492,2026-07-26 17:15:31.844228,False,GENUINE,1,0,0,1.0000000000000002,50,6,15,1,1,0,0,9.0,0,9.0,False,False
C4493,U499,I145,this was a surprisingly interesting post. reference 4493,2026-07-12 11:51:31.844242,False,GENUINE,1,0,0,1.0,50,6,15,1,1,0,0,9.0,0,9.0,False,False
C4494,U740,I193,this is worth discussing further. reference 4494,2026-06-30 22:34:31.844255,False,GENUINE,1,0,0,1.0,50,6,15,1,1,0,0,9.0,0,9.0,False,False
C4495,U594,I408,the information presented here is useful. reference 4495,2026-07-16 04:14:31.844269,False,GENUINE,1,0,0,1.0,50,7,15,1,1,0,0,9.0,0,9.0,False,False
C4496,U655,I23,thanks for sharing this information. reference 4496,2026-06-08 22:25:31.844283,False,GENUINE,1,0,0,1.0,50,10,40,1,1,0,0,11.5,0,11.5,False,False
C4497,U655,I144,thanks for sharing this information. reference 4497,2026-07-07 21:42:31.844296,False,GENUINE,1,0,0,1.0,50,10,40,1,1,0,0,11.5,0,11.5,False,False
C4498,U559,I127,i have a different opinion about fashion. reference 4498,2026-08-09 12:00:31.844310,False,GENUINE,1,0,0,1.0,50,8,15,1,1,0,0,9.0,0,9.0,False,False
C4499,U272,I231,this was a surprisingly interesting post. reference 4499,2026-07-29 00:36:31.844324,False,GENUINE,1,0,0,1.0,50,4,0,1,1,0,0,7.5,0,7.5,False,False
C4500,U66,I227,i really enjoyed this post about education. reference 4500,2026-06-21 18:49:31.844337,False,GENUINE,1,0,0,1.0,50,6,15,1,1,0,0,9.0,0,9.0,False,False
C4501,U346,I52,amazing product buy now,2026-07-28 06:52:31.844351,False,GENUINE,69,50,15,1.0,50,4,0,68,1,40,0,32.0,8,40.0,False,False
C4502,U955,I182,thanks for sharing this information. reference 4502,2026-06-15 11:02:31.844364,False,GENUINE,1,0,0,1.0,50,8,15,1,1,0,0,9.0,0,9.0,False,False
C4503,U416,I140,this was a surprisingly interesting post. reference 4503,2026-08-11 19:14:31.844378,False,GENUINE,1,0,0,1.0,50,6,15,1,1,0,0,9.0,0,9.0,False,False
C4504,U514,I495,thanks for sharing this information. reference 4504,2026-07-18 15:04:31.844391,False,GENUINE,1,0,0,1.0,50,9,15,1,1,0,0,9.0,0,9.0,False,False
C4505,U547,I204,this was a surprisingly interesting post. reference 4505,2026-06-16 22:30:31.844405,False,GENUINE,1,0,0,1.0,50,6,15,1,1,0,0,9.0,0,9.0,False,False
C4506,U42,I450,the information presented here is useful. reference 4506,2026-07-19 07:12:31.844418,False,GENUINE,1,0,0,1.0,50,9,15,1,1,0,0,9.0,0,9.0,False,False
C4507,U404,I245,i learned something useful about food here. reference 4507,2026-06-18 01:01:31.844432,False,GENUINE,1,0,0,1.0000000000000002,50,7,15,1,1,0,0,9.0,0,9.0,False,False
C4508,U589,I34,the information presented here is useful. reference 4508,2026-06-16 02:29:31.844445,False,GENUINE,1,0,0,1.0,50,7,15,1,1,0,0,9.0,0,9.0,False,False
C4509,U853,I32,this is an interesting perspective on movies. reference 4509,2026-08-05 02:38:31.844459,False,GENUINE,1,0,0,1.0,50,4,0,1,1,0,0,7.5,0,7.5,False,False
C4510,U219,I424,this is an interesting perspective on sports. reference 4510,2026-07-10 06:28:31.844473,False,GENUINE,1,0,0,1.0,50,5,15,1,1,0,0,9.0,0,9.0,False,False
C4511,U677,I386,click here for amazing deals,2026-07-24 05:05:31.844489,False,GENUINE,53,50,30,1.0000000000000002,50,7,15,53,2,50,0,40.0,8,48.0,False,False
C4512,U731,I208,this is an interesting perspective on sports. reference 4512,2026-07-23 09:55:31.844503,False,GENUINE,1,0,0,1.0,50,7,15,1,1,0,0,9.0,0,9.0,False,False
C4513,U486,I368,the information presented here is useful. reference 4513,2026-07-11 17:27:31.844516,False,GENUINE,1,0,0,1.0,50,2,0,1,1,0,0,7.5,0,7.5,False,False
C4514,U191,I127,i really enjoyed this post about movies. reference 4514,2026-07-13 14:16:31.844531,False,GENUINE,1,0,0,1.0,50,4,0,1,1,0,0,7.5,0,7.5,False,False
C4515,U569,I261,click here for amazing deals,2026-07-12 13:44:31.844545,False,GENUINE,53,50,30,1.0000000000000002,50,7,15,53,1,40,0,36.5,8,44.5,False,False
C4516,U798,I424,i really enjoyed this post about education. reference 4516,2026-07-10 00:51:31.844561,False,GENUINE,1,0,0,1.0,50,10,40,1,1,0,0,11.5,0,11.5,False,False
C4517,U928,I489,i have a different opinion about movies. reference 4517,2026-06-27 17:20:31.844574,False,GENUINE,1,0,0,1.0000000000000004,50,3,0,1,1,0,0,7.5,0,7.5,False,False
C4518,U148,I134,this is an interesting perspective on gaming. reference 4518,2026-07-03 18:59:31.844592,False,GENUINE,1,0,0,1.0,50,6,15,1,1,0,0,9.0,0,9.0,False,False
C4519,U325,I332,i really enjoyed this post about sports. reference 4519,2026-06-09 09:19:31.844608,False,GENUINE,1,0,0,1.0000000000000002,50,4,0,1,1,0,0,7.5,0,7.5,False,False
C4520,U296,I140,i really enjoyed this post about fashion. reference 4520,2026-07-06 05:39:31.844622,False,GENUINE,1,0,0,1.0,50,6,15,1,1,0,0,9.0,0,9.0,False,False
C4521,U865,I32,i think this could be improved. reference 4521,2026-06-04 18:59:31.844635,False,GENUINE,1,0,0,1.0000000000000002,50,8,15,1,1,0,0,9.0,0,9.0,False,False
C4522,U66,I395,this was a surprisingly interesting post. reference 4522,2026-06-09 02:23:31.844649,False,GENUINE,1,0,0,1.0,50,6,15,1,1,0,0,9.0,0,9.0,False,False
C4523,U264,I304,click here for amazing deals,2026-06-23 01:41:31.844663,False,GENUINE,53,50,30,1.0000000000000002,50,2,0,53,1,40,0,35.0,8,43.0,False,False
C4524,U554,I489,i really enjoyed this post about fashion. reference 4524,2026-06-30 19:19:31.844677,False,GENUINE,1,0,0,1.0,50,6,15,1,1,0,0,9.0,0,9.0,False,False
C4525,U853,I282,i learned something useful about gaming here. reference 4525,2026-07-18 02:53:31.844690,False,GENUINE,1,0,0,1.0,50,4,0,1,1,0,0,7.5,0,7.5,False,False
C4526,U81,I226,click here for amazing deals,2026-06-25 18:38:31.844704,False,GENUINE,53,50,30,1.0000000000000002,50,5,15,53,2,50,0,40.0,8,48.0,False,False
C4527,U868,I53,the explanation of music was very clear. reference 4527,2026-06-16 04:00:31.844718,False,GENUINE,1,0,0,1.0000000000000002,50,8,15,1,1,0,0,9.0,0,9.0,False,False
C4528,U189,I470,you must buy this product,2026-07-18 17:01:31.844731,False,GENUINE,51,50,0,1.0,50,6,15,51,1,40,0,30.5,8,38.5,False,False
C4529,U559,I216,thanks for sharing this information. reference 4529,2026-06-09 05:15:31.844746,False,GENUINE,1,0,0,1.0,50,8,15,1,1,0,0,9.0,0,9.0,False,False
C4530,U998,I297,the information presented here is useful. reference 4530,2026-07-14 11:14:31.844759,False,GENUINE,1,0,0,1.0,50,5,15,1,1,0,0,9.0,0,9.0,False,False
C4531,U952,I259,best product ever buy now,2026-06-10 03:31:31.844773,False,GENUINE,75,50,15,1.0,50,4,0,72,1,40,0,32.0,8,40.0,False,False
C4532,U913,I443,this is an interesting perspective on music. reference 4532,2026-07-11 20:37:31.844786,False,GENUINE,1,0,0,1.0,50,5,15,1,1,0,0,9.0,0,9.0,False,False
C4533,U602,I133,this is worth discussing further. reference 4533,2026-08-01 18:16:31.844802,False,GENUINE,1,0,0,1.0,50,10,40,1,1,0,0,11.5,0,11.5,False,False
C4534,U127,I314,i learned something useful about education here. reference 4534,2026-08-06 11:59:31.844816,False,GENUINE,1,0,0,1.0,50,7,15,1,1,0,0,9.0,0,9.0,False,False
C4535,U865,I351,i think this could be improved. reference 4535,2026-07-20 09:43:31.844829,False,GENUINE,1,0,0,1.0000000000000002,50,8,15,1,1,0,0,9.0,0,9.0,False,False
C4536,U713,I475,the information presented here is useful. reference 4536,2026-07-10 20:38:31.844842,False,GENUINE,1,0,0,1.0,50,9,15,1,1,0,0,9.0,0,9.0,False,False
C4537,U116,I36,i think this could be improved. reference 4537,2026-07-04 09:03:31.844856,False,GENUINE,1,0,0,1.0000000000000002,50,9,15,1,1,0,0,9.0,0,9.0,False,False
C4538,U699,I372,i really enjoyed this post about sports. reference 4538,2026-06-18 13:59:31.844869,False,GENUINE,1,0,0,1.0000000000000002,50,6,15,1,1,0,0,9.0,0,9.0,False,False
C4539,U550,I385,this was a surprisingly interesting post. reference 4539,2026-07-23 23:28:31.844885,False,GENUINE,1,0,0,1.0,50,7,15,1,1,0,0,9.0,0,9.0,False,False
C4540,U431,I160,the explanation of fashion was very clear. reference 4540,2026-06-08 06:22:31.844899,False,GENUINE,1,0,0,1.0000000000000002,50,7,15,1,1,0,0,9.0,0,9.0,False,False
C4541,U663,I64,this is an interesting perspective on movies. reference 4541,2026-07-13 00:12:31.844913,False,GENUINE,1,0,0,1.0,50,3,0,1,1,0,0,7.5,0,7.5,False,False
C4542,U381,I306,i really enjoyed this post about fashion. reference 4542,2026-06-28 15:22:31.844926,False,GENUINE,1,0,0,1.0,50,9,15,1,1,0,0,9.0,0,9.0,False,False
C4543,U7,I25,i really enjoyed this post about movies. reference 4543,2026-07-30 11:08:31.844941,False,GENUINE,1,0,0,1.0,50,9,15,1,1,0,0,9.0,0,9.0,False,False
C4544,U305,I271,thanks for sharing this information. reference 4544,2026-07-26 13:06:31.844954,False,GENUINE,1,0,0,1.0,50,4,0,1,1,0,0,7.5,0,7.5,False,False
C4545,U48,I150,the information presented here is useful. reference 4545,2026-06-10 17:14:31.844968,False,GENUINE,1,0,0,1.0,50,3,0,1,1,0,0,7.5,0,7.5,False,False
C4546,U885,I140,this was a surprisingly interesting post. reference 4546,2026-07-03 13:42:31.844984,False,GENUINE,1,0,0,1.0,50,3,0,1,1,0,0,7.5,0,7.5,False,False
C4547,U509,I210,i really enjoyed this post about music. reference 4547,2026-07-03 03:57:31.844997,False,GENUINE,1,0,0,0.9999999999999997,50,10,40,1,1,0,0,11.5,0,11.5,False,False
C4548,U268,I82,i really enjoyed this post about movies. reference 4548,2026-07-14 04:24:31.845014,False,GENUINE,1,0,0,1.0,50,3,0,1,1,0,0,7.5,0,7.5,False,False
C4549,U433,I442,this is worth discussing further. reference 4549,2026-06-03 23:53:31.845027,False,GENUINE,1,0,0,1.0,50,7,15,1,1,0,0,9.0,0,9.0,False,False
C4550,U453,I174,this was a surprisingly interesting post. reference 4550,2026-06-20 20:09:31.845041,False,GENUINE,1,0,0,1.0,50,5,15,1,1,0,0,9.0,0,9.0,False,False
C4551,U461,I400,i have a different opinion about music. reference 4551,2026-07-22 17:47:31.845055,False,GENUINE,1,0,0,1.0,50,6,15,1,1,0,0,9.0,0,9.0,False,False
C4552,U196,I400,this was a surprisingly interesting post. reference 4552,2026-07-04 03:13:31.845069,False,GENUINE,1,0,0,1.0,50,6,15,1,1,0,0,9.0,0,9.0,False,False
C4553,U133,I124,best product ever buy now,2026-07-06 00:28:31.845082,False,GENUINE,75,50,15,1.0,50,5,15,72,1,40,0,33.5,8,41.5,False,False
C4554,U896,I195,i learned something useful about education here. reference 4554,2026-07-04 17:14:31.845096,False,GENUINE,1,0,0,1.0,50,3,0,1,1,0,0,7.5,0,7.5,False,False
C4555,U344,I358,i have a different opinion about technology. reference 4555,2026-08-01 23:10:31.845110,False,GENUINE,1,0,0,1.0,50,4,0,1,1,0,0,7.5,0,7.5,False,False
C4556,U406,I323,this is worth discussing further. reference 4556,2026-07-21 23:56:31.845124,False,GENUINE,1,0,0,1.0,50,6,15,1,1,0,0,9.0,0,9.0,False,False
C4557,U947,I27,i really enjoyed this post about fashion. reference 4557,2026-07-28 05:52:31.845138,False,GENUINE,1,0,0,1.0,50,2,0,1,1,0,0,7.5,0,7.5,False,False
C4558,U876,I95,this is an interesting perspective on education. reference 4558,2026-07-28 23:35:31.845152,False,GENUINE,1,0,0,1.0,50,4,0,1,1,0,0,7.5,0,7.5,False,False
C4559,U301,I92,i think this could be improved. reference 4559,2026-06-29 06:58:31.845165,False,GENUINE,1,0,0,1.0000000000000002,50,4,0,1,1,0,0,7.5,0,7.5,False,False
C4560,U710,I336,i think this could be improved. reference 4560,2026-07-06 07:28:31.845179,False,GENUINE,1,0,0,1.0000000000000002,50,5,15,1,1,0,0,9.0,0,9.0,False,False
C4561,U137,I391,this is worth discussing further. reference 4561,2026-07-07 07:42:31.845193,False,GENUINE,1,0,0,1.0,50,5,15,1,1,0,0,9.0,0,9.0,False,False
C4562,U28,I53,this is an interesting perspective on education. reference 4562,2026-07-17 06:16:31.845207,False,GENUINE,1,0,0,1.0,50,5,15,1,1,0,0,9.0,0,9.0,False,False
C4563,U726,I51,this is an interesting perspective on music. reference 4563,2026-06-27 00:22:31.845221,False,GENUINE,1,0,0,1.0,50,6,15,1,1,0,0,9.0,0,9.0,False,False
C4564,U834,I489,i have a different opinion about fashion. reference 4564,2026-08-06 08:58:31.845236,False,GENUINE,1,0,0,1.0,50,6,15,1,1,0,0,9.0,0,9.0,False,False
C4565,U6,I389,this was a surprisingly interesting post. reference 4565,2026-08-01 23:17:31.845250,False,GENUINE,1,0,0,1.0,50,5,15,1,1,0,0,9.0,0,9.0,False,False
C4566,U485,I301,this was a surprisingly interesting post. reference 4566,2026-06-29 00:47:31.845263,False,GENUINE,1,0,0,1.0,50,4,0,1,1,0,0,7.5,0,7.5,False,False
C4567,U728,I253,you must buy this product,2026-07-25 00:04:31.845276,False,GENUINE,51,50,0,1.0,50,6,15,51,1,40,0,30.5,8,38.5,False,False
C4568,U895,I40,i learned something useful about music here. reference 4568,2026-07-02 09:51:31.845293,False,GENUINE,1,0,0,1.0,50,9,15,1,1,0,0,9.0,0,9.0,False,False
C4569,U953,I402,i really enjoyed this post about movies. reference 4569,2026-07-02 05:25:31.845307,False,GENUINE,1,0,0,1.0,50,8,15,1,1,0,0,9.0,0,9.0,False,False
C4570,U138,I367,the information presented here is useful. reference 4570,2026-07-27 21:28:31.845321,False,GENUINE,1,0,0,1.0,50,7,15,1,1,0,0,9.0,0,9.0,False,False
C4571,U653,I415,the information presented here is useful. reference 4571,2026-07-29 10:15:31.845334,False,GENUINE,1,0,0,1.0,50,3,0,1,1,0,0,7.5,0,7.5,False,False
C4572,U747,I56,i learned something useful about technology here. reference 4572,2026-07-24 06:34:31.845348,False,GENUINE,1,0,0,1.0,50,7,15,1,1,0,0,9.0,0,9.0,False,False
C4573,U541,I128,the explanation of food was very clear. reference 4573,2026-07-11 16:32:31.845362,False,GENUINE,1,0,0,1.0,50,5,15,1,1,0,0,9.0,0,9.0,False,False
C4574,U233,I220,this is worth discussing further. reference 4574,2026-06-04 07:59:31.845384,False,GENUINE,1,0,0,1.0,50,4,0,1,1,0,0,7.5,0,7.5,False,False
C4575,U545,I24,i think this could be improved. reference 4575,2026-06-14 23:35:31.845398,False,GENUINE,1,0,0,1.0000000000000002,50,3,0,1,1,0,0,7.5,0,7.5,False,False
C4576,U172,I188,i have a different opinion about education. reference 4576,2026-07-14 15:17:31.845413,False,GENUINE,1,0,0,1.0000000000000002,50,3,0,1,1,0,0,7.5,0,7.5,False,False
C4577,U130,I63,this was a surprisingly interesting post. reference 4577,2026-06-27 00:09:31.845427,False,GENUINE,1,0,0,1.0,50,5,15,1,1,0,0,9.0,0,9.0,False,False
C4578,U332,I449,i have a different opinion about music. reference 4578,2026-06-04 08:17:31.845443,False,GENUINE,1,0,0,1.0,50,8,15,1,1,0,0,9.0,0,9.0,False,False
C4579,U972,I137,i really enjoyed this post about technology. reference 4579,2026-06-11 07:37:31.845457,False,GENUINE,1,0,0,1.0000000000000002,50,7,15,1,1,0,0,9.0,0,9.0,False,False
C4580,U967,I219,i have a different opinion about movies. reference 4580,2026-06-13 09:52:31.845472,False,GENUINE,1,0,0,1.0000000000000004,50,6,15,1,1,0,0,9.0,0,9.0,False,False
C4581,U376,I146,i think this could be improved. reference 4581,2026-06-05 11:56:31.845488,False,GENUINE,1,0,0,1.0000000000000002,50,3,0,1,1,0,0,7.5,0,7.5,False,False
C4582,U149,I445,the explanation of gaming was very clear. reference 4582,2026-08-01 16:37:31.845502,False,GENUINE,1,0,0,1.0000000000000002,50,4,0,1,1,0,0,7.5,0,7.5,False,False
C4583,U143,I483,the explanation of education was very clear. reference 4583,2026-06-07 22:34:31.845516,False,GENUINE,1,0,0,1.0000000000000002,50,4,0,1,1,0,0,7.5,0,7.5,False,False
C4584,U458,I146,this was a surprisingly interesting post. reference 4584,2026-06-10 17:45:31.845530,False,GENUINE,1,0,0,1.0,50,5,15,1,1,0,0,9.0,0,9.0,False,False
C4585,U962,I317,this is an interesting perspective on food. reference 4585,2026-07-02 22:18:31.845544,False,GENUINE,1,0,0,1.0000000000000002,50,5,15,1,1,0,0,9.0,0,9.0,False,False
C4586,U922,I396,the information presented here is useful. reference 4586,2026-07-20 17:22:31.845558,False,GENUINE,1,0,0,1.0,50,5,15,1,1,0,0,9.0,0,9.0,False,False
C4587,U680,I150,i learned something useful about food here. reference 4587,2026-07-27 09:13:31.845572,False,GENUINE,1,0,0,1.0000000000000002,50,8,15,1,1,0,0,9.0,0,9.0,False,False
C4588,U31,I98,this was a surprisingly interesting post. reference 4588,2026-06-10 11:23:31.845585,False,GENUINE,1,0,0,1.0,50,5,15,1,1,0,0,9.0,0,9.0,False,False
C4589,U173,I419,this is an interesting perspective on food. reference 4589,2026-07-10 15:27:31.845600,False,GENUINE,1,0,0,1.0000000000000002,50,5,15,1,1,0,0,9.0,0,9.0,False,False
C4590,U731,I6,this was a surprisingly interesting post. reference 4590,2026-08-05 17:01:31.845624,False,GENUINE,1,0,0,1.0,50,7,15,1,1,0,0,9.0,0,9.0,False,False
C4591,U621,I401,the information presented here is useful. reference 4591,2026-08-08 00:52:31.845647,False,GENUINE,1,0,0,1.0,50,9,15,1,1,0,0,9.0,0,9.0,False,False
C4592,U261,I168,the explanation of technology was very clear. reference 4592,2026-07-07 15:24:31.846268,False,GENUINE,1,0,0,1.0,50,7,15,1,1,0,0,9.0,0,9.0,False,False
C4593,U623,I405,the explanation of music was very clear. reference 4593,2026-06-07 08:53:31.846353,False,GENUINE,1,0,0,1.0000000000000002,50,11,40,1,1,0,0,11.5,0,11.5,False,False
C4594,U558,I257,i learned something useful about movies here. reference 4594,2026-06-16 00:33:31.846392,False,GENUINE,1,0,0,1.0,50,7,15,1,1,0,0,9.0,0,9.0,False,False
C4595,U915,I117,this is worth discussing further. reference 4595,2026-07-15 00:25:31.846422,False,GENUINE,1,0,0,1.0,50,5,15,1,1,0,0,9.0,0,9.0,False,False
C4596,U12,I18,this is an interesting perspective on gaming. reference 4596,2026-06-07 17:42:31.846460,False,GENUINE,1,0,0,1.0,50,4,0,1,1,0,0,7.5,0,7.5,False,False
C4597,U893,I202,i think this could be improved. reference 4597,2026-06-26 20:27:31.846494,False,GENUINE,1,0,0,1.0000000000000002,50,3,0,1,1,0,0,7.5,0,7.5,False,False
C4598,U293,I263,this is an interesting perspective on fashion. reference 4598,2026-07-11 09:34:31.846524,False,GENUINE,1,0,0,1.0,50,8,15,1,1,0,0,9.0,0,9.0,False,False
C4599,U176,I142,i have a different opinion about movies. reference 4599,2026-06-11 20:17:31.846551,False,GENUINE,1,0,0,1.0000000000000004,50,4,0,1,1,0,0,7.5,0,7.5,False,False
C4600,U978,I184,i have a different opinion about movies. reference 4600,2026-07-03 22:06:31.846576,False,GENUINE,1,0,0,1.0000000000000004,50,9,15,1,1,0,0,9.0,0,9.0,False,False
C4601,U54,I422,this was a surprisingly interesting post. reference 4601,2026-06-24 03:04:31.846601,False,GENUINE,1,0,0,1.0,50,7,15,1,1,0,0,9.0,0,9.0,False,False
C4602,U900,I185,this is an interesting perspective on food. reference 4602,2026-06-17 23:13:31.846626,False,GENUINE,1,0,0,1.0000000000000002,50,4,0,1,1,0,0,7.5,0,7.5,False,False
C4603,U634,I111,i think this could be improved. reference 4603,2026-08-10 09:58:31.846664,False,GENUINE,1,0,0,1.0000000000000002,50,8,15,1,1,0,0,9.0,0,9.0,False,False
C4604,U657,I351,this is worth discussing further. reference 4604,2026-06-14 05:54:31.846723,False,GENUINE,1,0,0,1.0,50,8,15,1,1,0,0,9.0,0,9.0,False,False
C4605,U610,I63,i learned something useful about food here. reference 4605,2026-06-27 02:36:31.851413,False,GENUINE,1,0,0,1.0000000000000002,50,1,0,1,1,0,0,7.5,0,7.5,False,False
C4606,U524,I338,i have a different opinion about fashion. reference 4606,2026-06-16 04:59:31.851502,False,GENUINE,1,0,0,1.0,50,5,15,1,1,0,0,9.0,0,9.0,False,False
C4607,U581,I296,the information presented here is useful. reference 4607,2026-06-09 23:20:31.851524,False,GENUINE,1,0,0,1.0,50,7,15,1,1,0,0,9.0,0,9.0,False,False
C4608,U613,I31,i have a different opinion about music. reference 4608,2026-06-29 00:41:31.851541,False,GENUINE,1,0,0,1.0,50,7,15,1,1,0,0,9.0,0,9.0,False,False
C4609,U592,I359,i learned something useful about food here. reference 4609,2026-08-02 07:21:31.851556,False,GENUINE,1,0,0,1.0000000000000002,50,2,0,1,1,0,0,7.5,0,7.5,False,False
C4610,U280,I429,i think this could be improved. reference 4610,2026-07-19 17:33:31.851570,False,GENUINE,1,0,0,1.0000000000000002,50,6,15,1,1,0,0,9.0,0,9.0,False,False
C4611,U385,I119,i really enjoyed this post about gaming. reference 4611,2026-06-06 11:40:31.851591,False,GENUINE,1,0,0,1.0,50,5,15,1,1,0,0,9.0,0,9.0,False,False
C4612,U612,I276,the information presented here is useful. reference 4612,2026-07-26 21:37:31.851607,False,GENUINE,1,0,0,1.0,50,9,15,1,1,0,0,9.0,0,9.0,False,False
C4613,U274,I67,the explanation of sports was very clear. reference 4613,2026-06-18 21:52:31.851621,False,GENUINE,1,0,0,1.0,50,10,40,1,1,0,0,11.5,0,11.5,False,False
C4614,U460,I83,this was a surprisingly interesting post. reference 4614,2026-07-21 03:28:31.851636,False,GENUINE,1,0,0,1.0,50,6,15,1,1,0,0,9.0,0,9.0,False,False
C4615,U581,I405,this is an interesting perspective on education. reference 4615,2026-08-01 13:43:31.851651,False,GENUINE,1,0,0,1.0,50,7,15,1,1,0,0,9.0,0,9.0,False,False
C4616,U661,I337,this was a surprisingly interesting post. reference 4616,2026-08-09 02:15:31.851665,False,GENUINE,1,0,0,1.0,50,9,15,1,1,0,0,9.0,0,9.0,False,False
C4617,U401,I471,i learned something useful about sports here. reference 4617,2026-07-27 03:21:31.851711,False,GENUINE,1,0,0,1.0000000000000002,50,6,15,1,1,0,0,9.0,0,9.0,False,False
C4618,U529,I443,this was a surprisingly interesting post. reference 4618,2026-06-08 01:16:31.851769,False,GENUINE,1,0,0,1.0,50,6,15,1,1,0,0,9.0,0,9.0,False,False
C4619,U591,I285,the explanation of education was very clear. reference 4619,2026-07-29 13:41:31.851938,False,GENUINE,1,0,0,1.0000000000000002,50,7,15,1,1,0,0,9.0,0,9.0,False,False
C4620,U124,I22,this is an interesting perspective on technology. reference 4620,2026-07-25 23:35:31.851958,False,GENUINE,1,0,0,1.0,50,5,15,1,1,0,0,9.0,0,9.0,False,False
C4621,U235,I89,i really enjoyed this post about technology. reference 4621,2026-08-06 02:17:31.851973,False,GENUINE,1,0,0,1.0000000000000002,50,4,0,1,1,0,0,7.5,0,7.5,False,False
C4622,U708,I267,the information presented here is useful. reference 4622,2026-07-03 07:57:31.851988,False,GENUINE,1,0,0,1.0,50,5,15,1,1,0,0,9.0,0,9.0,False,False
C4623,U388,I58,i really enjoyed this post about technology. reference 4623,2026-06-26 14:24:31.852002,False,GENUINE,1,0,0,1.0000000000000002,50,2,0,1,1,0,0,7.5,0,7.5,False,False
C4624,U861,I323,thanks for sharing this information. reference 4624,2026-06-07 18:20:31.852041,False,GENUINE,1,0,0,1.0,50,4,0,1,1,0,0,7.5,0,7.5,False,False
C4625,U395,I62,i really enjoyed this post about gaming. reference 4625,2026-07-15 22:30:31.852069,False,GENUINE,1,0,0,1.0,50,3,0,1,1,0,0,7.5,0,7.5,False,False
C4626,U193,I190,the information presented here is useful. reference 4626,2026-07-16 13:10:31.852084,False,GENUINE,1,0,0,1.0,50,7,15,1,1,0,0,9.0,0,9.0,False,False
C4627,U63,I469,the explanation of movies was very clear. reference 4627,2026-07-13 18:24:31.852098,False,GENUINE,1,0,0,1.0,50,4,0,1,1,0,0,7.5,0,7.5,False,False
C4628,U665,I124,this is an interesting perspective on technology. reference 4628,2026-06-28 21:45:31.852112,False,GENUINE,1,0,0,1.0,50,4,0,1,1,0,0,7.5,0,7.5,False,False
C4629,U282,I215,this was a surprisingly interesting post. reference 4629,2026-07-25 02:01:31.852129,False,GENUINE,1,0,0,1.0,50,7,15,1,1,0,0,9.0,0,9.0,False,False
C4630,U322,I158,the information presented here is useful. reference 4630,2026-06-11 06:37:31.852143,False,GENUINE,1,0,0,1.0,50,8,15,1,1,0,0,9.0,0,9.0,False,False
C4631,U809,I50,i really enjoyed this post about technology. reference 4631,2026-07-24 18:13:31.852159,False,GENUINE,1,0,0,1.0000000000000002,50,8,15,1,1,0,0,9.0,0,9.0,False,False
C4632,U750,I395,i really enjoyed this post about food. reference 4632,2026-06-04 10:05:31.852174,False,GENUINE,1,0,0,1.0,50,8,15,1,1,0,0,9.0,0,9.0,False,False
C4633,U413,I468,i learned something useful about technology here. reference 4633,2026-07-09 03:34:31.852188,False,GENUINE,1,0,0,1.0,50,5,15,1,1,0,0,9.0,0,9.0,False,False
C4634,U836,I417,i have a different opinion about music. reference 4634,2026-06-05 06:38:31.852202,False,GENUINE,1,0,0,1.0,50,4,0,1,1,0,0,7.5,0,7.5,False,False
C4635,U602,I194,i think this could be improved. reference 4635,2026-07-12 16:00:31.852216,False,GENUINE,1,0,0,1.0000000000000002,50,10,40,1,1,0,0,11.5,0,11.5,False,False
C4636,U20,I462,i really enjoyed this post about fashion. reference 4636,2026-07-03 10:24:31.852230,False,GENUINE,1,0,0,1.0,50,4,0,1,1,0,0,7.5,0,7.5,False,False
C4637,U995,I459,the information presented here is useful. reference 4637,2026-07-18 09:03:31.852244,False,GENUINE,1,0,0,1.0,50,10,40,1,1,0,0,11.5,0,11.5,False,False
C4638,U94,I37,i really enjoyed this post about fashion. reference 4638,2026-07-09 01:35:31.852258,False,GENUINE,1,0,0,1.0,50,6,15,1,1,0,0,9.0,0,9.0,False,False
C4639,U306,I444,this is an interesting perspective on gaming. reference 4639,2026-06-08 17:53:31.852272,False,GENUINE,1,0,0,1.0,50,7,15,1,1,0,0,9.0,0,9.0,False,False
C4640,U860,I456,the explanation of movies was very clear. reference 4640,2026-08-11 16:31:31.852287,False,GENUINE,1,0,0,1.0,50,4,0,1,1,0,0,7.5,0,7.5,False,False
C4641,U827,I228,this was a surprisingly interesting post. reference 4641,2026-08-02 16:16:31.852303,False,GENUINE,1,0,0,1.0,50,6,15,1,1,0,0,9.0,0,9.0,False,False
C4642,U408,I314,thanks for sharing this information. reference 4642,2026-06-16 12:36:31.852317,False,GENUINE,1,0,0,1.0,50,6,15,1,1,0,0,9.0,0,9.0,False,False
C4643,U480,I21,this was a surprisingly interesting post. reference 4643,2026-07-09 09:38:31.852335,False,GENUINE,1,0,0,1.0,50,4,0,1,1,0,0,7.5,0,7.5,False,False
C4644,U791,I287,the explanation of fashion was very clear. reference 4644,2026-07-04 15:09:31.852350,False,GENUINE,1,0,0,1.0000000000000002,50,7,15,1,1,0,0,9.0,0,9.0,False,False
C4645,U561,I103,i have a different opinion about education. reference 4645,2026-07-08 10:24:31.852368,False,GENUINE,1,0,0,1.0000000000000002,50,6,15,1,1,0,0,9.0,0,9.0,False,False
C4646,U547,I371,best product ever buy now,2026-07-28 07:58:31.852383,False,GENUINE,75,50,15,1.0,50,6,15,72,1,40,0,33.5,8,41.5,False,False
C4647,U397,I310,i think this could be improved. reference 4647,2026-06-24 18:38:31.852397,False,GENUINE,1,0,0,1.0000000000000002,50,8,15,1,1,0,0,9.0,0,9.0,False,False
C4648,U239,I276,the information presented here is useful. reference 4648,2026-06-29 19:50:31.852411,False,GENUINE,1,0,0,1.0,50,1,0,1,1,0,0,7.5,0,7.5,False,False
C4649,U541,I349,i think this could be improved. reference 4649,2026-07-09 16:37:31.852426,False,GENUINE,1,0,0,1.0000000000000002,50,5,15,1,1,0,0,9.0,0,9.0,False,False
C4650,U31,I189,thanks for sharing this information. reference 4650,2026-07-26 09:26:31.852441,False,GENUINE,1,0,0,1.0,50,5,15,1,1,0,0,9.0,0,9.0,False,False
C4651,U371,I232,this is an interesting perspective on food. reference 4651,2026-07-08 12:17:31.852455,False,GENUINE,1,0,0,1.0000000000000002,50,6,15,1,1,0,0,9.0,0,9.0,False,False
C4652,U23,I354,thanks for sharing this information. reference 4652,2026-07-31 07:37:31.852471,False,GENUINE,1,0,0,1.0,50,8,15,1,1,0,0,9.0,0,9.0,False,False
C4653,U22,I482,this is an interesting perspective on education. reference 4653,2026-07-03 13:06:31.852485,False,GENUINE,1,0,0,1.0,50,6,15,1,1,0,0,9.0,0,9.0,False,False
C4654,U902,I359,this is worth discussing further. reference 4654,2026-06-15 09:24:31.852499,False,GENUINE,1,0,0,1.0,50,6,15,1,1,0,0,9.0,0,9.0,False,False
C4655,U534,I295,this was a surprisingly interesting post. reference 4655,2026-07-08 05:33:31.852513,False,GENUINE,1,0,0,1.0,50,2,0,1,1,0,0,7.5,0,7.5,False,False
C4656,U15,I154,this is an interesting perspective on technology. reference 4656,2026-06-03 13:26:31.852528,False,GENUINE,1,0,0,1.0,50,5,15,1,1,0,0,9.0,0,9.0,False,False
C4657,U966,I459,thanks for sharing this information. reference 4657,2026-07-30 03:53:31.852542,False,GENUINE,1,0,0,1.0,50,6,15,1,1,0,0,9.0,0,9.0,False,False
C4658,U963,I37,i think this could be improved. reference 4658,2026-07-12 06:49:31.852556,False,GENUINE,1,0,0,1.0000000000000002,50,2,0,1,1,0,0,7.5,0,7.5,False,False
C4659,U522,I160,this is an interesting perspective on food. reference 4659,2026-06-28 12:51:31.852573,False,GENUINE,1,0,0,1.0000000000000002,50,3,0,1,1,0,0,7.5,0,7.5,False,False
C4660,U467,I148,this is an interesting perspective on education. reference 4660,2026-06-28 09:19:31.852589,False,GENUINE,1,0,0,1.0,50,5,15,1,1,0,0,9.0,0,9.0,False,False
C4661,U303,I197,thanks for sharing this information. reference 4661,2026-08-05 00:57:31.852603,False,GENUINE,1,0,0,1.0,50,2,0,1,1,0,0,7.5,0,7.5,False,False
C4662,U98,I277,this was a surprisingly interesting post. reference 4662,2026-07-17 07:35:31.852617,False,GENUINE,1,0,0,1.0,50,4,0,1,1,0,0,7.5,0,7.5,False,False
C4663,U94,I311,thanks for sharing this information. reference 4663,2026-07-30 07:01:31.852631,False,GENUINE,1,0,0,1.0,50,6,15,1,1,0,0,9.0,0,9.0,False,False
C4664,U446,I136,i learned something useful about education here. reference 4664,2026-07-30 00:09:31.852645,False,GENUINE,1,0,0,1.0,50,6,15,1,1,0,0,9.0,0,9.0,False,False
C4665,U617,I482,i think this could be improved. reference 4665,2026-06-26 05:00:31.852659,False,GENUINE,1,0,0,1.0000000000000002,50,7,15,1,1,0,0,9.0,0,9.0,False,False
C4666,U601,I38,i think this could be improved. reference 4666,2026-06-08 11:13:31.852673,False,GENUINE,1,0,0,1.0000000000000002,50,9,15,1,1,0,0,9.0,0,9.0,False,False
C4667,U902,I467,i have a different opinion about music. reference 4667,2026-07-18 14:01:31.852687,False,GENUINE,1,0,0,1.0,50,6,15,1,1,0,0,9.0,0,9.0,False,False
C4668,U938,I67,this is an interesting perspective on music. reference 4668,2026-06-10 20:16:31.852701,False,GENUINE,1,0,0,1.0,50,4,0,1,1,0,0,7.5,0,7.5,False,False
C4669,U300,I190,best deal available now,2026-07-13 19:12:31.852715,False,GENUINE,52,50,15,1.0000000000000002,50,6,15,51,1,40,0,33.5,8,41.5,False,False
C4670,U445,I399,this was a surprisingly interesting post. reference 4670,2026-08-11 13:40:31.852729,False,GENUINE,1,0,0,1.0,50,5,15,1,1,0,0,9.0,0,9.0,False,False
C4671,U865,I295,i learned something useful about education here. reference 4671,2026-07-09 09:53:31.852743,False,GENUINE,1,0,0,1.0,50,8,15,1,1,0,0,9.0,0,9.0,False,False
C4672,U508,I425,i really enjoyed this post about technology. reference 4672,2026-06-05 23:50:31.852757,False,GENUINE,1,0,0,1.0000000000000002,50,5,15,1,1,0,0,9.0,0,9.0,False,False
C4673,U50,I32,the information presented here is useful. reference 4673,2026-06-08 17:47:31.852771,False,GENUINE,1,0,0,1.0,50,4,0,1,1,0,0,7.5,0,7.5,False,False
C4674,U920,I175,the information presented here is useful. reference 4674,2026-08-07 00:33:31.852785,False,GENUINE,1,0,0,1.0,50,6,15,1,1,0,0,9.0,0,9.0,False,False
C4675,U470,I87,the explanation of education was very clear. reference 4675,2026-07-17 11:42:31.852802,False,GENUINE,1,0,0,1.0000000000000002,50,6,15,1,1,0,0,9.0,0,9.0,False,False
C4676,U867,I442,i think this could be improved. reference 4676,2026-06-27 00:56:31.852815,False,GENUINE,1,0,0,1.0000000000000002,50,6,15,1,1,0,0,9.0,0,9.0,False,False
C4677,U166,I470,this was a surprisingly interesting post. reference 4677,2026-06-07 04:40:31.852829,False,GENUINE,1,0,0,1.0,50,6,15,1,1,0,0,9.0,0,9.0,False,False
C4678,U906,I403,i have a different opinion about technology. reference 4678,2026-08-06 12:22:31.852843,False,GENUINE,1,0,0,1.0,50,4,0,1,1,0,0,7.5,0,7.5,False,False
C4679,U91,I248,this was a surprisingly interesting post. reference 4679,2026-07-28 04:27:31.852857,False,GENUINE,1,0,0,1.0,50,9,15,1,1,0,0,9.0,0,9.0,False,False
C4680,U705,I134,i think this could be improved. reference 4680,2026-08-03 15:10:31.852871,False,GENUINE,1,0,0,1.0000000000000002,50,4,0,1,1,0,0,7.5,0,7.5,False,False
C4681,U139,I214,this is an interesting perspective on fashion. reference 4681,2026-06-23 11:25:31.852887,False,GENUINE,1,0,0,1.0,50,9,15,1,1,0,0,9.0,0,9.0,False,False
C4682,U946,I476,this is worth discussing further. reference 4682,2026-06-29 00:11:31.852903,False,GENUINE,1,0,0,1.0,50,5,15,1,1,0,0,9.0,0,9.0,False,False
C4683,U67,I30,this is worth discussing further. reference 4683,2026-08-03 12:10:31.852918,False,GENUINE,1,0,0,1.0,50,4,0,1,1,0,0,7.5,0,7.5,False,False
C4684,U118,I294,this is worth discussing further. reference 4684,2026-06-17 06:30:31.852932,False,GENUINE,1,0,0,1.0,50,4,0,1,1,0,0,7.5,0,7.5,False,False
C4685,U182,I432,i think this could be improved. reference 4685,2026-06-13 00:52:31.852945,False,GENUINE,1,0,0,1.0000000000000002,50,6,15,1,1,0,0,9.0,0,9.0,False,False
C4686,U88,I161,i learned something useful about fashion here. reference 4686,2026-08-04 11:19:31.852959,False,GENUINE,1,0,0,1.0,50,3,0,1,1,0,0,7.5,0,7.5,False,False
C4687,U765,I450,i really enjoyed this post about music. reference 4687,2026-07-22 03:11:31.852976,False,GENUINE,1,0,0,0.9999999999999997,50,5,15,1,1,0,0,9.0,0,9.0,False,False
C4688,U969,I418,i think this could be improved. reference 4688,2026-06-20 23:51:31.852990,False,GENUINE,1,0,0,1.0000000000000002,50,6,15,1,1,0,0,9.0,0,9.0,False,False
C4689,U139,I102,i really enjoyed this post about technology. reference 4689,2026-06-30 17:54:31.853004,False,GENUINE,1,0,0,1.0000000000000002,50,9,15,1,1,0,0,9.0,0,9.0,False,False
C4690,U72,I414,the information presented here is useful. reference 4690,2026-06-10 21:26:31.853018,False,GENUINE,1,0,0,1.0,50,4,0,1,1,0,0,7.5,0,7.5,False,False
C4691,U15,I2,best product ever buy now,2026-06-09 01:21:31.853034,False,GENUINE,75,50,15,1.0,50,5,15,72,1,40,0,33.5,8,41.5,False,False
C4692,U849,I334,this is an interesting perspective on movies. reference 4692,2026-06-21 16:46:31.853049,False,GENUINE,1,0,0,1.0,50,4,0,1,1,0,0,7.5,0,7.5,False,False
C4693,U728,I167,i have a different opinion about sports. reference 4693,2026-06-14 01:04:31.853063,False,GENUINE,1,0,0,1.0,50,6,15,1,1,0,0,9.0,0,9.0,False,False
C4694,U144,I408,thanks for sharing this information. reference 4694,2026-07-05 05:19:31.853077,False,GENUINE,1,0,0,1.0,50,11,40,1,1,0,0,11.5,0,11.5,False,False
C4695,U607,I284,thanks for sharing this information. reference 4695,2026-07-05 07:40:31.853090,False,GENUINE,1,0,0,1.0,50,5,15,1,1,0,0,9.0,0,9.0,False,False
C4696,U352,I67,thanks for sharing this information. reference 4696,2026-07-17 10:26:31.853104,False,GENUINE,1,0,0,1.0,50,7,15,1,1,0,0,9.0,0,9.0,False,False
C4697,U979,I241,this is an interesting perspective on fashion. reference 4697,2026-06-06 03:22:31.853118,False,GENUINE,1,0,0,1.0,50,5,15,1,1,0,0,9.0,0,9.0,False,False
C4698,U90,I491,thanks for sharing this information. reference 4698,2026-06-29 16:13:31.853132,False,GENUINE,1,0,0,1.0,50,4,0,1,1,0,0,7.5,0,7.5,False,False
C4699,U207,I412,best deal available now,2026-07-23 10:12:31.853146,False,GENUINE,52,50,15,1.0000000000000002,50,7,15,51,1,40,0,33.5,8,41.5,False,False
C4700,U923,I394,this is an interesting perspective on technology. reference 4700,2026-07-19 08:46:31.853160,False,GENUINE,1,0,0,1.0,50,8,15,1,1,0,0,9.0,0,9.0,False,False
C4701,U340,I23,i learned something useful about music here. reference 4701,2026-06-21 17:24:31.853174,False,GENUINE,1,0,0,1.0,50,5,15,1,1,0,0,9.0,0,9.0,False,False
C4702,U679,I312,the information presented here is useful. reference 4702,2026-06-10 12:26:31.853187,False,GENUINE,1,0,0,1.0,50,4,0,1,1,0,0,7.5,0,7.5,False,False
C4703,U187,I35,i think this could be improved. reference 4703,2026-07-23 09:56:31.853201,False,GENUINE,1,0,0,1.0000000000000002,50,7,15,1,1,0,0,9.0,0,9.0,False,False
C4704,U994,I451,this is worth discussing further. reference 4704,2026-07-19 12:40:31.853215,False,GENUINE,1,0,0,1.0,50,6,15,1,1,0,0,9.0,0,9.0,False,False
C4705,U536,I391,the explanation of music was very clear. reference 4705,2026-07-29 01:16:31.853229,False,GENUINE,1,0,0,1.0000000000000002,50,4,0,1,1,0,0,7.5,0,7.5,False,False
C4706,U430,I271,i really enjoyed this post about fashion. reference 4706,2026-07-17 23:35:31.853243,False,GENUINE,1,0,0,1.0,50,7,15,1,1,0,0,9.0,0,9.0,False,False
C4707,U558,I222,i really enjoyed this post about fashion. reference 4707,2026-07-02 01:44:31.853260,False,GENUINE,1,0,0,1.0,50,7,15,1,1,0,0,9.0,0,9.0,False,False
C4708,U198,I301,this was a surprisingly interesting post. reference 4708,2026-06-07 12:02:31.853274,False,GENUINE,1,0,0,1.0,50,6,15,1,1,0,0,9.0,0,9.0,False,False
C4709,U257,I456,i have a different opinion about sports. reference 4709,2026-06-23 00:41:31.853290,False,GENUINE,1,0,0,1.0,50,4,0,1,1,0,0,7.5,0,7.5,False,False
C4710,U310,I495,i learned something useful about music here. reference 4710,2026-07-22 02:14:31.853305,False,GENUINE,1,0,0,1.0,50,11,40,1,1,0,0,11.5,0,11.5,False,False
C4711,U391,I471,i have a different opinion about fashion. reference 4711,2026-07-30 06:44:31.853319,False,GENUINE,1,0,0,1.0,50,6,15,1,1,0,0,9.0,0,9.0,False,False
C4712,U553,I24,this is worth discussing further. reference 4712,2026-08-07 00:02:31.853333,False,GENUINE,1,0,0,1.0,50,3,0,1,1,0,0,7.5,0,7.5,False,False
C4713,U456,I417,i think this could be improved. reference 4713,2026-06-08 16:34:31.853347,False,GENUINE,1,0,0,1.0000000000000002,50,5,15,1,1,0,0,9.0,0,9.0,False,False
C4714,U51,I201,this is worth discussing further. reference 4714,2026-06-16 09:50:31.853360,False,GENUINE,1,0,0,1.0,50,4,0,1,1,0,0,7.5,0,7.5,False,False
C4715,U343,I180,this is an interesting perspective on music. reference 4715,2026-07-06 16:34:31.853374,False,GENUINE,1,0,0,1.0,50,3,0,1,1,0,0,7.5,0,7.5,False,False
C4716,U163,I105,thanks for sharing this information. reference 4716,2026-06-06 11:03:31.853391,False,GENUINE,1,0,0,1.0,50,7,15,1,1,0,0,9.0,0,9.0,False,False
C4717,U844,I4,thanks for sharing this information. reference 4717,2026-06-23 14:29:31.853405,False,GENUINE,1,0,0,1.0,50,9,15,1,1,0,0,9.0,0,9.0,False,False
C4718,U959,I170,this is worth discussing further. reference 4718,2026-08-07 23:07:31.853419,False,GENUINE,1,0,0,1.0,50,7,15,1,1,0,0,9.0,0,9.0,False,False
C4719,U505,I322,i have a different opinion about technology. reference 4719,2026-06-12 04:54:31.853433,False,GENUINE,1,0,0,1.0,50,5,15,1,1,0,0,9.0,0,9.0,False,False
C4720,U614,I52,the explanation of gaming was very clear. reference 4720,2026-08-04 05:56:31.853446,False,GENUINE,1,0,0,1.0000000000000002,50,9,15,1,1,0,0,9.0,0,9.0,False,False
C4721,U102,I236,this was a surprisingly interesting post. reference 4721,2026-08-03 04:59:31.853460,False,GENUINE,1,0,0,1.0,50,9,15,1,1,0,0,9.0,0,9.0,False,False
C4722,U615,I351,i really enjoyed this post about education. reference 4722,2026-07-12 22:17:31.853484,False,GENUINE,1,0,0,1.0,50,5,15,1,1,0,0,9.0,0,9.0,False,False
C4723,U824,I151,i think this could be improved. reference 4723,2026-08-06 22:03:31.853498,False,GENUINE,1,0,0,1.0000000000000002,50,7,15,1,1,0,0,9.0,0,9.0,False,False
C4724,U703,I359,i learned something useful about education here. reference 4724,2026-06-15 03:19:31.853514,False,GENUINE,1,0,0,1.0,50,11,40,1,1,0,0,11.5,0,11.5,False,False
C4725,U24,I207,thanks for sharing this information. reference 4725,2026-07-21 13:13:31.853528,False,GENUINE,1,0,0,1.0,50,5,15,1,1,0,0,9.0,0,9.0,False,False
C4726,U322,I418,i have a different opinion about gaming. reference 4726,2026-06-10 16:50:31.853542,False,GENUINE,1,0,0,1.0000000000000002,50,8,15,1,1,0,0,9.0,0,9.0,False,False
C4727,U181,I0,this is an interesting perspective on education. reference 4727,2026-07-26 05:52:31.853556,False,GENUINE,1,0,0,1.0,50,9,15,1,1,0,0,9.0,0,9.0,False,False
C4728,U448,I461,this is worth discussing further. reference 4728,2026-08-06 09:57:31.853570,False,GENUINE,1,0,0,1.0,50,8,15,1,1,0,0,9.0,0,9.0,False,False
C4729,U10,I80,the information presented here is useful. reference 4729,2026-08-04 15:32:31.853587,False,GENUINE,1,0,0,1.0,50,4,0,1,1,0,0,7.5,0,7.5,False,False
C4730,U327,I56,this is worth discussing further. reference 4730,2026-06-07 08:16:31.853600,False,GENUINE,1,0,0,1.0,50,4,0,1,1,0,0,7.5,0,7.5,False,False
C4731,U952,I93,this is worth discussing further. reference 4731,2026-07-02 18:27:31.853615,False,GENUINE,1,0,0,1.0,50,4,0,1,1,0,0,7.5,0,7.5,False,False
C4732,U648,I455,thanks for sharing this information. reference 4732,2026-08-08 22:05:31.853628,False,GENUINE,1,0,0,1.0,50,6,15,1,1,0,0,9.0,0,9.0,False,False
C4733,U448,I144,i really enjoyed this post about food. reference 4733,2026-08-02 17:45:31.853642,False,GENUINE,1,0,0,1.0,50,8,15,1,1,0,0,9.0,0,9.0,False,False
C4734,U783,I226,the explanation of education was very clear. reference 4734,2026-06-30 15:01:31.853656,False,GENUINE,1,0,0,1.0000000000000002,50,7,15,1,1,0,0,9.0,0,9.0,False,False
C4735,U609,I281,i really enjoyed this post about music. reference 4735,2026-06-08 08:41:31.853670,False,GENUINE,1,0,0,0.9999999999999997,50,4,0,1,1,0,0,7.5,0,7.5,False,False
C4736,U760,I302,this is worth discussing further. reference 4736,2026-07-21 20:13:31.853684,False,GENUINE,1,0,0,1.0,50,13,40,1,1,0,0,11.5,0,11.5,False,False
C4737,U682,I384,this is an interesting perspective on technology. reference 4737,2026-08-10 22:44:31.853699,False,GENUINE,1,0,0,1.0,50,6,15,1,1,0,0,9.0,0,9.0,False,False
C4738,U402,I147,thanks for sharing this information. reference 4738,2026-07-15 03:44:31.853716,False,GENUINE,1,0,0,1.0,50,7,15,1,1,0,0,9.0,0,9.0,False,False
C4739,U791,I369,i really enjoyed this post about sports. reference 4739,2026-06-10 00:35:31.853729,False,GENUINE,1,0,0,1.0000000000000002,50,7,15,1,1,0,0,9.0,0,9.0,False,False
C4740,U918,I296,this is an interesting perspective on technology. reference 4740,2026-07-17 13:55:31.853743,False,GENUINE,1,0,0,1.0,50,8,15,1,1,0,0,9.0,0,9.0,False,False
C4741,U356,I64,i really enjoyed this post about sports. reference 4741,2026-07-03 20:06:31.853757,False,GENUINE,1,0,0,1.0000000000000002,50,5,15,1,1,0,0,9.0,0,9.0,False,False
C4742,U46,I259,thanks for sharing this information. reference 4742,2026-08-05 23:16:31.853770,False,GENUINE,1,0,0,1.0,50,5,15,1,1,0,0,9.0,0,9.0,False,False
C4743,U73,I277,i have a different opinion about gaming. reference 4743,2026-07-22 16:22:31.853784,False,GENUINE,1,0,0,1.0000000000000002,50,4,0,1,1,0,0,7.5,0,7.5,False,False
C4744,U669,I172,thanks for sharing this information. reference 4744,2026-06-23 04:26:31.853800,False,GENUINE,1,0,0,1.0,50,6,15,1,1,0,0,9.0,0,9.0,False,False
C4745,U367,I177,the explanation of music was very clear. reference 4745,2026-06-10 09:20:31.853814,False,GENUINE,1,0,0,1.0000000000000002,50,6,15,1,1,0,0,9.0,0,9.0,False,False
C4746,U580,I174,i learned something useful about technology here. reference 4746,2026-07-09 22:36:31.853828,False,GENUINE,1,0,0,1.0,50,7,15,1,1,0,0,9.0,0,9.0,False,False
C4747,U397,I36,i really enjoyed this post about technology. reference 4747,2026-07-05 17:39:31.853841,False,GENUINE,1,0,0,1.0000000000000002,50,8,15,1,1,0,0,9.0,0,9.0,False,False
C4748,U986,I249,thanks for sharing this information. reference 4748,2026-06-14 04:52:31.853855,False,GENUINE,1,0,0,1.0,50,6,15,1,1,0,0,9.0,0,9.0,False,False
C4749,U19,I203,thanks for sharing this information. reference 4749,2026-06-22 23:57:31.853869,False,GENUINE,1,0,0,1.0,50,7,15,1,1,0,0,9.0,0,9.0,False,False
C4750,U60,I37,this was a surprisingly interesting post. reference 4750,2026-06-07 13:23:31.853882,False,GENUINE,1,0,0,1.0,50,4,0,1,1,0,0,7.5,0,7.5,False,False
C4751,U449,I244,i have a different opinion about technology. reference 4751,2026-06-09 12:44:31.853896,False,GENUINE,1,0,0,1.0,50,3,0,1,1,0,0,7.5,0,7.5,False,False
C4752,U916,I123,click here for amazing deals,2026-06-09 15:04:31.853910,False,GENUINE,53,50,30,1.0000000000000002,50,8,15,53,1,40,0,36.5,8,44.5,False,False
C4753,U696,I64,the explanation of sports was very clear. reference 4753,2026-06-20 22:11:31.853924,False,GENUINE,1,0,0,1.0,50,7,15,1,1,0,0,9.0,0,9.0,False,False
C4754,U868,I147,i have a different opinion about music. reference 4754,2026-07-22 08:24:31.853938,False,GENUINE,1,0,0,1.0,50,8,15,1,1,0,0,9.0,0,9.0,False,False
C4755,U21,I1,the information presented here is useful. reference 4755,2026-07-01 02:25:31.853951,False,GENUINE,1,0,0,1.0,50,5,15,1,1,0,0,9.0,0,9.0,False,False
C4756,U386,I388,i learned something useful about music here. reference 4756,2026-07-12 23:15:31.853966,False,GENUINE,1,0,0,1.0,50,5,15,1,1,0,0,9.0,0,9.0,False,False
C4757,U8,I111,i learned something useful about music here. reference 4757,2026-08-10 19:50:31.853980,False,GENUINE,1,0,0,1.0,50,7,15,1,1,0,0,9.0,0,9.0,False,False
C4758,U74,I252,the explanation of fashion was very clear. reference 4758,2026-07-14 07:59:31.853993,False,GENUINE,1,0,0,1.0000000000000002,50,3,0,1,1,0,0,7.5,0,7.5,False,False
C4759,U261,I66,the information presented here is useful. reference 4759,2026-07-16 19:29:31.854007,False,GENUINE,1,0,0,1.0,50,7,15,1,1,0,0,9.0,0,9.0,False,False
C4760,U108,I235,this was a surprisingly interesting post. reference 4760,2026-07-26 02:31:31.854021,False,GENUINE,1,0,0,1.0,50,7,15,1,1,0,0,9.0,0,9.0,False,False
C4761,U596,I31,i learned something useful about education here. reference 4761,2026-07-22 21:55:31.854035,False,GENUINE,1,0,0,1.0,50,5,15,1,1,0,0,9.0,0,9.0,False,False
C4762,U808,I113,i have a different opinion about music. reference 4762,2026-08-03 03:54:31.854049,False,GENUINE,1,0,0,1.0,50,7,15,1,1,0,0,9.0,0,9.0,False,False
C4763,U71,I7,amazing product buy now,2026-06-14 06:59:31.854063,False,GENUINE,69,50,15,1.0,50,3,0,68,1,40,0,32.0,8,40.0,False,False
C4764,U916,I456,the information presented here is useful. reference 4764,2026-07-10 09:55:31.854076,False,GENUINE,1,0,0,1.0,50,8,15,1,1,0,0,9.0,0,9.0,False,False
C4765,U250,I2,best deal available now,2026-06-26 08:55:31.854090,False,GENUINE,52,50,15,1.0000000000000002,50,5,15,51,1,40,0,33.5,8,41.5,False,False
C4766,U259,I124,i really enjoyed this post about education. reference 4766,2026-08-01 05:09:31.854106,False,GENUINE,1,0,0,1.0,50,4,0,1,1,0,0,7.5,0,7.5,False,False
C4767,U90,I196,the information presented here is useful. reference 4767,2026-07-22 19:30:31.854121,False,GENUINE,1,0,0,1.0,50,4,0,1,1,0,0,7.5,0,7.5,False,False
C4768,U813,I69,thanks for sharing this information. reference 4768,2026-07-17 04:50:31.854135,False,GENUINE,1,0,0,1.0,50,6,15,1,1,0,0,9.0,0,9.0,False,False
C4769,U917,I347,this is worth discussing further. reference 4769,2026-07-12 10:10:31.854149,False,GENUINE,1,0,0,1.0,50,5,15,1,1,0,0,9.0,0,9.0,False,False
C4770,U772,I448,thanks for sharing this information. reference 4770,2026-07-13 09:46:31.854164,False,GENUINE,1,0,0,1.0,50,4,0,1,1,0,0,7.5,0,7.5,False,False
C4771,U877,I289,i learned something useful about gaming here. reference 4771,2026-07-27 06:26:31.854178,False,GENUINE,1,0,0,1.0,50,8,15,1,1,0,0,9.0,0,9.0,False,False
C4772,U607,I377,amazing product buy now,2026-07-14 11:05:31.854194,False,GENUINE,69,50,15,1.0,50,5,15,68,1,40,0,33.5,8,41.5,False,False
C4773,U171,I202,i really enjoyed this post about sports. reference 4773,2026-07-20 23:06:31.854208,False,GENUINE,1,0,0,1.0000000000000002,50,5,15,1,1,0,0,9.0,0,9.0,False,False
C4774,U429,I343,amazing product buy now,2026-06-09 15:26:31.854222,False,GENUINE,69,50,15,1.0,50,6,15,68,1,40,0,33.5,8,41.5,False,False
C4775,U144,I234,this is worth discussing further. reference 4775,2026-06-25 10:34:31.854236,False,GENUINE,1,0,0,1.0,50,11,40,1,1,0,0,11.5,0,11.5,False,False
C4776,U191,I39,i have a different opinion about food. reference 4776,2026-06-30 15:44:31.854250,False,GENUINE,1,0,0,1.0,50,4,0,1,1,0,0,7.5,0,7.5,False,False
C4777,U911,I12,thanks for sharing this information. reference 4777,2026-08-11 17:35:31.854263,False,GENUINE,1,0,0,1.0,50,10,40,1,1,0,0,11.5,0,11.5,False,False
C4778,U929,I227,this is an interesting perspective on gaming. reference 4778,2026-07-11 11:57:31.854279,False,GENUINE,1,0,0,1.0,50,6,15,1,1,0,0,9.0,0,9.0,False,False
C4779,U862,I82,the explanation of technology was very clear. reference 4779,2026-07-26 08:43:31.854293,False,GENUINE,1,0,0,1.0,50,8,15,1,1,0,0,9.0,0,9.0,False,False
C4780,U193,I220,i learned something useful about gaming here. reference 4780,2026-06-13 22:30:31.854307,False,GENUINE,1,0,0,1.0,50,7,15,1,1,0,0,9.0,0,9.0,False,False
C4781,U814,I311,i learned something useful about gaming here. reference 4781,2026-07-10 17:46:31.854321,False,GENUINE,1,0,0,1.0,50,3,0,1,1,0,0,7.5,0,7.5,False,False
C4782,U928,I466,this was a surprisingly interesting post. reference 4782,2026-06-25 07:06:31.854335,False,GENUINE,1,0,0,1.0,50,3,0,1,1,0,0,7.5,0,7.5,False,False
C4783,U586,I465,i think this could be improved. reference 4783,2026-06-10 08:31:31.854348,False,GENUINE,1,0,0,1.0000000000000002,50,8,15,1,1,0,0,9.0,0,9.0,False,False
C4784,U374,I289,this is an interesting perspective on fashion. reference 4784,2026-08-02 03:30:31.854362,False,GENUINE,1,0,0,1.0,50,5,15,1,1,0,0,9.0,0,9.0,False,False
C4785,U791,I57,this was a surprisingly interesting post. reference 4785,2026-07-23 14:05:31.854376,False,GENUINE,1,0,0,1.0,50,7,15,1,1,0,0,9.0,0,9.0,False,False
C4786,U548,I190,this is worth discussing further. reference 4786,2026-06-06 08:33:31.854389,False,GENUINE,1,0,0,1.0,50,11,40,1,1,0,0,11.5,0,11.5,False,False
C4787,U602,I450,this is worth discussing further. reference 4787,2026-06-10 00:04:31.854402,False,GENUINE,1,0,0,1.0,50,10,40,1,1,0,0,11.5,0,11.5,False,False
C4788,U996,I240,i learned something useful about gaming here. reference 4788,2026-07-08 02:06:31.854418,False,GENUINE,1,0,0,1.0,50,3,0,1,1,0,0,7.5,0,7.5,False,False
C4789,U569,I264,i really enjoyed this post about technology. reference 4789,2026-06-04 12:40:31.854432,False,GENUINE,1,0,0,1.0000000000000002,50,7,15,1,1,0,0,9.0,0,9.0,False,False
C4790,U791,I173,the explanation of food was very clear. reference 4790,2026-06-24 03:18:31.854446,False,GENUINE,1,0,0,1.0,50,7,15,1,1,0,0,9.0,0,9.0,False,False
C4791,U783,I413,thanks for sharing this information. reference 4791,2026-08-05 17:15:31.854460,False,GENUINE,1,0,0,1.0,50,7,15,1,1,0,0,9.0,0,9.0,False,False
C4792,U560,I192,thanks for sharing this information. reference 4792,2026-06-26 13:06:31.854473,False,GENUINE,1,0,0,1.0,50,5,15,1,1,0,0,9.0,0,9.0,False,False
C4793,U930,I297,i think this could be improved. reference 4793,2026-06-26 11:54:31.854487,False,GENUINE,1,0,0,1.0000000000000002,50,6,15,1,1,0,0,9.0,0,9.0,False,False
C4794,U282,I169,i have a different opinion about technology. reference 4794,2026-06-12 23:57:31.854502,False,GENUINE,1,0,0,1.0,50,7,15,1,1,0,0,9.0,0,9.0,False,False
C4795,U98,I263,i learned something useful about education here. reference 4795,2026-06-07 01:54:31.854517,False,GENUINE,1,0,0,1.0,50,4,0,1,1,0,0,7.5,0,7.5,False,False
C4796,U772,I244,i learned something useful about technology here. reference 4796,2026-08-06 22:04:31.854530,False,GENUINE,1,0,0,1.0,50,4,0,1,1,0,0,7.5,0,7.5,False,False
C4797,U181,I282,the explanation of movies was very clear. reference 4797,2026-06-23 23:38:31.854544,False,GENUINE,1,0,0,1.0,50,9,15,1,1,0,0,9.0,0,9.0,False,False
C4798,U130,I320,the explanation of education was very clear. reference 4798,2026-06-12 12:45:31.854558,False,GENUINE,1,0,0,1.0000000000000002,50,5,15,1,1,0,0,9.0,0,9.0,False,False
C4799,U968,I79,i really enjoyed this post about movies. reference 4799,2026-08-03 18:15:31.854571,False,GENUINE,1,0,0,1.0,50,11,40,1,1,0,0,11.5,0,11.5,False,False
C4800,U284,I142,i think this could be improved. reference 4800,2026-06-13 05:28:31.854587,False,GENUINE,1,0,0,1.0000000000000002,50,5,15,1,1,0,0,9.0,0,9.0,False,False
C4801,U216,I374,i learned something useful about gaming here. reference 4801,2026-08-05 19:43:31.854601,False,GENUINE,1,0,0,1.0,50,7,15,1,1,0,0,9.0,0,9.0,False,False
C4802,U431,I498,this is worth discussing further. reference 4802,2026-06-09 00:24:31.854617,False,GENUINE,1,0,0,1.0,50,7,15,1,1,0,0,9.0,0,9.0,False,False
C4803,U10,I344,i learned something useful about technology here. reference 4803,2026-07-31 05:16:31.854631,False,GENUINE,1,0,0,1.0,50,4,0,1,1,0,0,7.5,0,7.5,False,False
C4804,U36,I324,the explanation of technology was very clear. reference 4804,2026-07-17 14:52:31.854645,False,GENUINE,1,0,0,1.0,50,10,40,1,1,0,0,11.5,0,11.5,False,False
C4805,U959,I365,i learned something useful about sports here. reference 4805,2026-07-30 21:22:31.854658,False,GENUINE,1,0,0,1.0000000000000002,50,7,15,1,1,0,0,9.0,0,9.0,False,False
C4806,U133,I367,i think this could be improved. reference 4806,2026-07-10 03:21:31.854672,False,GENUINE,1,0,0,1.0000000000000002,50,5,15,1,1,0,0,9.0,0,9.0,False,False
C4807,U870,I476,i learned something useful about gaming here. reference 4807,2026-07-20 15:36:31.854686,False,GENUINE,1,0,0,1.0,50,3,0,1,1,0,0,7.5,0,7.5,False,False
C4808,U381,I367,the explanation of technology was very clear. reference 4808,2026-06-03 17:15:31.854699,False,GENUINE,1,0,0,1.0,50,9,15,1,1,0,0,9.0,0,9.0,False,False
C4809,U133,I257,this is an interesting perspective on fashion. reference 4809,2026-07-12 07:08:31.854713,False,GENUINE,1,0,0,1.0,50,5,15,1,1,0,0,9.0,0,9.0,False,False
C4810,U907,I24,the information presented here is useful. reference 4810,2026-07-06 19:11:31.854727,False,GENUINE,1,0,0,1.0,50,3,0,1,1,0,0,7.5,0,7.5,False,False
C4811,U201,I1,i really enjoyed this post about music. reference 4811,2026-06-07 17:30:31.854741,False,GENUINE,1,0,0,0.9999999999999997,50,5,15,1,1,0,0,9.0,0,9.0,False,False
C4812,U812,I304,the explanation of food was very clear. reference 4812,2026-07-01 05:49:31.854755,False,GENUINE,1,0,0,1.0,50,3,0,1,1,0,0,7.5,0,7.5,False,False
C4813,U470,I182,the information presented here is useful. reference 4813,2026-06-17 05:00:31.854768,False,GENUINE,1,0,0,1.0,50,6,15,1,1,0,0,9.0,0,9.0,False,False
C4814,U550,I114,best deal available now,2026-06-10 14:13:31.854782,False,GENUINE,52,50,15,1.0000000000000002,50,7,15,51,1,40,0,33.5,8,41.5,False,False
C4815,U23,I333,i learned something useful about gaming here. reference 4815,2026-07-04 23:50:31.854796,False,GENUINE,1,0,0,1.0,50,8,15,1,1,0,0,9.0,0,9.0,False,False
C4816,U699,I452,this is an interesting perspective on food. reference 4816,2026-07-15 15:49:31.854810,False,GENUINE,1,0,0,1.0000000000000002,50,6,15,1,1,0,0,9.0,0,9.0,False,False
C4817,U387,I442,thanks for sharing this information. reference 4817,2026-07-28 08:22:31.854823,False,GENUINE,1,0,0,1.0,50,5,15,1,1,0,0,9.0,0,9.0,False,False
C4818,U596,I383,this was a surprisingly interesting post. reference 4818,2026-07-31 23:17:31.854837,False,GENUINE,1,0,0,1.0,50,5,15,1,1,0,0,9.0,0,9.0,False,False
C4819,U966,I402,i really enjoyed this post about movies. reference 4819,2026-07-20 06:20:31.854851,False,GENUINE,1,0,0,1.0,50,6,15,1,1,0,0,9.0,0,9.0,False,False
C4820,U862,I494,this was a surprisingly interesting post. reference 4820,2026-08-05 17:52:31.854864,False,GENUINE,1,0,0,1.0,50,8,15,1,1,0,0,9.0,0,9.0,False,False
C4821,U634,I198,the information presented here is useful. reference 4821,2026-07-29 02:28:31.854878,False,GENUINE,1,0,0,1.0,50,8,15,1,1,0,0,9.0,0,9.0,False,False
C4822,U581,I41,the explanation of gaming was very clear. reference 4822,2026-07-04 14:55:31.854893,False,GENUINE,1,0,0,1.0000000000000002,50,7,15,1,1,0,0,9.0,0,9.0,False,False
C4823,U498,I7,this was a surprisingly interesting post. reference 4823,2026-07-09 10:29:31.854907,False,GENUINE,1,0,0,1.0,50,5,15,1,1,0,0,9.0,0,9.0,False,False
C4824,U415,I285,this is worth discussing further. reference 4824,2026-07-07 00:54:31.854921,False,GENUINE,1,0,0,1.0,50,6,15,1,1,0,0,9.0,0,9.0,False,False
C4825,U471,I488,i really enjoyed this post about fashion. reference 4825,2026-07-21 13:05:31.854935,False,GENUINE,1,0,0,1.0,50,4,0,1,1,0,0,7.5,0,7.5,False,False
C4826,U717,I201,i learned something useful about gaming here. reference 4826,2026-06-20 22:04:31.854948,False,GENUINE,1,0,0,1.0,50,4,0,1,1,0,0,7.5,0,7.5,False,False
C4827,U524,I411,the information presented here is useful. reference 4827,2026-07-09 21:54:31.854964,False,GENUINE,1,0,0,1.0,50,5,15,1,1,0,0,9.0,0,9.0,False,False
C4828,U61,I155,thanks for sharing this information. reference 4828,2026-07-19 15:30:31.854978,False,GENUINE,1,0,0,1.0,50,6,15,1,1,0,0,9.0,0,9.0,False,False
C4829,U307,I335,i really enjoyed this post about food. reference 4829,2026-07-03 13:23:31.855004,False,GENUINE,1,0,0,1.0,50,7,15,1,1,0,0,9.0,0,9.0,False,False
C4830,U400,I100,i have a different opinion about sports. reference 4830,2026-06-07 13:03:31.855019,False,GENUINE,1,0,0,1.0,50,5,15,1,1,0,0,9.0,0,9.0,False,False
C4831,U230,I290,the information presented here is useful. reference 4831,2026-08-11 01:20:31.855036,False,GENUINE,1,0,0,1.0,50,5,15,1,1,0,0,9.0,0,9.0,False,False
C4832,U309,I331,thanks for sharing this information. reference 4832,2026-07-27 14:33:31.855050,False,GENUINE,1,0,0,1.0,50,8,15,1,1,0,0,9.0,0,9.0,False,False
C4833,U464,I97,i learned something useful about education here. reference 4833,2026-07-07 18:11:31.855064,False,GENUINE,1,0,0,1.0,50,5,15,1,1,0,0,9.0,0,9.0,False,False
C4834,U137,I222,this is an interesting perspective on gaming. reference 4834,2026-07-15 22:24:31.855080,False,GENUINE,1,0,0,1.0,50,5,15,1,1,0,0,9.0,0,9.0,False,False
C4835,U991,I75,i have a different opinion about sports. reference 4835,2026-07-05 10:16:31.855094,False,GENUINE,1,0,0,1.0,50,1,0,1,1,0,0,7.5,0,7.5,False,False
C4836,U681,I70,this is worth discussing further. reference 4836,2026-07-18 13:41:31.855108,False,GENUINE,1,0,0,1.0,50,7,15,1,1,0,0,9.0,0,9.0,False,False
C4837,U689,I77,this is an interesting perspective on technology. reference 4837,2026-06-24 05:52:31.855123,False,GENUINE,1,0,0,1.0,50,5,15,1,1,0,0,9.0,0,9.0,False,False
C4838,U752,I252,thanks for sharing this information. reference 4838,2026-06-05 11:38:31.855137,False,GENUINE,1,0,0,1.0,50,6,15,1,1,0,0,9.0,0,9.0,False,False
C4839,U637,I476,the information presented here is useful. reference 4839,2026-06-14 15:02:31.855150,False,GENUINE,1,0,0,1.0,50,4,0,1,1,0,0,7.5,0,7.5,False,False
C4840,U245,I370,i have a different opinion about gaming. reference 4840,2026-06-12 22:31:31.855164,False,GENUINE,1,0,0,1.0000000000000002,50,4,0,1,1,0,0,7.5,0,7.5,False,False
C4841,U615,I292,the information presented here is useful. reference 4841,2026-07-22 18:04:31.855177,False,GENUINE,1,0,0,1.0,50,5,15,1,1,0,0,9.0,0,9.0,False,False
C4842,U205,I286,this is worth discussing further. reference 4842,2026-07-30 15:18:31.855191,False,GENUINE,1,0,0,1.0,50,2,0,1,1,0,0,7.5,0,7.5,False,False
C4843,U737,I494,i have a different opinion about food. reference 4843,2026-07-25 20:13:31.855205,False,GENUINE,1,0,0,1.0,50,6,15,1,1,0,0,9.0,0,9.0,False,False
C4844,U910,I187,click here for amazing deals,2026-06-24 10:37:31.855219,False,GENUINE,53,50,30,1.0000000000000002,50,9,15,53,1,40,0,36.5,8,44.5,False,False
C4845,U241,I115,the explanation of movies was very clear. reference 4845,2026-07-24 10:02:31.855233,False,GENUINE,1,0,0,1.0,50,4,0,1,1,0,0,7.5,0,7.5,False,False
C4846,U972,I417,i really enjoyed this post about sports. reference 4846,2026-08-04 18:34:31.855246,False,GENUINE,1,0,0,1.0000000000000002,50,7,15,1,1,0,0,9.0,0,9.0,False,False
C4847,U80,I361,this is worth discussing further. reference 4847,2026-07-05 21:47:31.855260,False,GENUINE,1,0,0,1.0,50,11,40,1,1,0,0,11.5,0,11.5,False,False
C4848,U28,I191,i have a different opinion about music. reference 4848,2026-06-30 08:00:31.855274,False,GENUINE,1,0,0,1.0,50,5,15,1,1,0,0,9.0,0,9.0,False,False
C4849,U797,I372,the information presented here is useful. reference 4849,2026-06-27 09:04:31.855288,False,GENUINE,1,0,0,1.0,50,6,15,1,1,0,0,9.0,0,9.0,False,False
C4850,U338,I407,i think this could be improved. reference 4850,2026-06-19 10:02:31.855301,False,GENUINE,1,0,0,1.0000000000000002,50,1,0,1,1,0,0,7.5,0,7.5,False,False
C4851,U729,I458,i have a different opinion about music. reference 4851,2026-07-24 16:27:31.855319,False,GENUINE,1,0,0,1.0,50,4,0,1,1,0,0,7.5,0,7.5,False,False
C4852,U369,I495,the explanation of fashion was very clear. reference 4852,2026-07-09 02:08:31.855336,False,GENUINE,1,0,0,1.0000000000000002,50,6,15,1,1,0,0,9.0,0,9.0,False,False
C4853,U577,I241,i have a different opinion about fashion. reference 4853,2026-07-07 15:18:31.855350,False,GENUINE,1,0,0,1.0,50,4,0,1,1,0,0,7.5,0,7.5,False,False
C4854,U953,I372,thanks for sharing this information. reference 4854,2026-08-06 01:05:31.855364,False,GENUINE,1,0,0,1.0,50,8,15,1,1,0,0,9.0,0,9.0,False,False
C4855,U441,I106,i have a different opinion about education. reference 4855,2026-08-04 15:14:31.855378,False,GENUINE,1,0,0,1.0000000000000002,50,4,0,1,1,0,0,7.5,0,7.5,False,False
C4856,U181,I175,i have a different opinion about music. reference 4856,2026-08-09 19:38:31.855392,False,GENUINE,1,0,0,1.0,50,9,15,1,1,0,0,9.0,0,9.0,False,False
C4857,U548,I357,i really enjoyed this post about music. reference 4857,2026-06-16 13:13:31.855408,False,GENUINE,1,0,0,0.9999999999999997,50,11,40,1,1,0,0,11.5,0,11.5,False,False
C4858,U939,I481,i have a different opinion about gaming. reference 4858,2026-07-11 17:32:31.855422,False,GENUINE,1,0,0,1.0000000000000002,50,5,15,1,1,0,0,9.0,0,9.0,False,False
C4859,U189,I389,the information presented here is useful. reference 4859,2026-07-13 10:10:31.855435,False,GENUINE,1,0,0,1.0,50,6,15,1,1,0,0,9.0,0,9.0,False,False
C4860,U805,I481,this is worth discussing further. reference 4860,2026-07-06 16:33:31.855449,False,GENUINE,1,0,0,1.0,50,8,15,1,1,0,0,9.0,0,9.0,False,False
C4861,U309,I432,i think this could be improved. reference 4861,2026-08-01 13:28:31.855462,False,GENUINE,1,0,0,1.0000000000000002,50,8,15,1,1,0,0,9.0,0,9.0,False,False
C4862,U873,I472,the explanation of technology was very clear. reference 4862,2026-07-01 13:57:31.855481,False,GENUINE,1,0,0,1.0,50,7,15,1,1,0,0,9.0,0,9.0,False,False
C4863,U890,I141,i learned something useful about sports here. reference 4863,2026-07-09 08:12:31.855496,False,GENUINE,1,0,0,1.0000000000000002,50,6,15,1,1,0,0,9.0,0,9.0,False,False
C4864,U795,I367,thanks for sharing this information. reference 4864,2026-07-18 15:33:31.855509,False,GENUINE,1,0,0,1.0,50,2,0,1,1,0,0,7.5,0,7.5,False,False
C4865,U185,I197,this is an interesting perspective on movies. reference 4865,2026-08-07 00:59:31.855525,False,GENUINE,1,0,0,1.0,50,5,15,1,1,0,0,9.0,0,9.0,False,False
C4866,U683,I488,i have a different opinion about sports. reference 4866,2026-07-20 06:37:31.855539,False,GENUINE,1,0,0,1.0,50,4,0,1,1,0,0,7.5,0,7.5,False,False
C4867,U811,I459,i learned something useful about fashion here. reference 4867,2026-08-01 05:49:31.855553,False,GENUINE,1,0,0,1.0,50,4,0,1,1,0,0,7.5,0,7.5,False,False
C4868,U308,I397,this is worth discussing further. reference 4868,2026-07-23 09:36:31.855567,False,GENUINE,1,0,0,1.0,50,4,0,1,1,0,0,7.5,0,7.5,False,False
C4869,U735,I414,i really enjoyed this post about food. reference 4869,2026-06-21 06:17:31.855581,False,GENUINE,1,0,0,1.0,50,6,15,1,1,0,0,9.0,0,9.0,False,False
C4870,U422,I112,i think this could be improved. reference 4870,2026-08-02 08:14:31.855595,False,GENUINE,1,0,0,1.0000000000000002,50,10,40,1,1,0,0,11.5,0,11.5,False,False
C4871,U984,I464,i really enjoyed this post about technology. reference 4871,2026-06-24 05:05:31.855608,False,GENUINE,1,0,0,1.0000000000000002,50,5,15,1,1,0,0,9.0,0,9.0,False,False
C4872,U661,I351,this is an interesting perspective on food. reference 4872,2026-06-24 12:22:31.855622,False,GENUINE,1,0,0,1.0000000000000002,50,9,15,1,1,0,0,9.0,0,9.0,False,False
C4873,U841,I182,i learned something useful about education here. reference 4873,2026-07-31 21:17:31.855636,False,GENUINE,1,0,0,1.0,50,8,15,1,1,0,0,9.0,0,9.0,False,False
C4874,U81,I188,this was a surprisingly interesting post. reference 4874,2026-08-03 10:10:31.855650,False,GENUINE,1,0,0,1.0,50,5,15,1,1,0,0,9.0,0,9.0,False,False
C4875,U938,I477,this was a surprisingly interesting post. reference 4875,2026-07-13 20:34:31.855663,False,GENUINE,1,0,0,1.0,50,4,0,1,1,0,0,7.5,0,7.5,False,False
C4876,U160,I107,this is worth discussing further. reference 4876,2026-06-05 13:20:31.855677,False,GENUINE,1,0,0,1.0,50,6,15,1,1,0,0,9.0,0,9.0,False,False
C4877,U917,I90,the information presented here is useful. reference 4877,2026-07-19 04:31:31.855690,False,GENUINE,1,0,0,1.0,50,5,15,1,1,0,0,9.0,0,9.0,False,False
C4878,U273,I432,i think this could be improved. reference 4878,2026-08-01 14:22:31.855704,False,GENUINE,1,0,0,1.0000000000000002,50,13,40,1,1,0,0,11.5,0,11.5,False,False
C4879,U509,I99,i learned something useful about technology here. reference 4879,2026-06-09 21:22:31.855721,False,GENUINE,1,0,0,1.0,50,10,40,1,1,0,0,11.5,0,11.5,False,False
C4880,U541,I210,you must buy this product,2026-07-22 13:47:31.855734,False,GENUINE,51,50,0,1.0,50,5,15,51,1,40,0,30.5,8,38.5,False,False
C4881,U926,I227,i think this could be improved. reference 4881,2026-07-30 19:30:31.855748,False,GENUINE,1,0,0,1.0000000000000002,50,9,15,1,1,0,0,9.0,0,9.0,False,False
C4882,U591,I220,the information presented here is useful. reference 4882,2026-07-05 19:27:31.855761,False,GENUINE,1,0,0,1.0,50,7,15,1,1,0,0,9.0,0,9.0,False,False
C4883,U192,I99,i think this could be improved. reference 4883,2026-08-01 16:27:31.855775,False,GENUINE,1,0,0,1.0000000000000002,50,7,15,1,1,0,0,9.0,0,9.0,False,False
C4884,U285,I466,i really enjoyed this post about technology. reference 4884,2026-06-15 13:15:31.855788,False,GENUINE,1,0,0,1.0000000000000002,50,6,15,1,1,0,0,9.0,0,9.0,False,False
C4885,U717,I182,i learned something useful about food here. reference 4885,2026-06-23 22:52:31.855805,False,GENUINE,1,0,0,1.0000000000000002,50,4,0,1,1,0,0,7.5,0,7.5,False,False
C4886,U64,I12,this is worth discussing further. reference 4886,2026-06-13 18:03:31.855818,False,GENUINE,1,0,0,1.0,50,7,15,1,1,0,0,9.0,0,9.0,False,False
C4887,U531,I337,i really enjoyed this post about technology. reference 4887,2026-08-09 12:40:31.855832,False,GENUINE,1,0,0,1.0000000000000002,50,7,15,1,1,0,0,9.0,0,9.0,False,False
C4888,U942,I77,i think this could be improved. reference 4888,2026-06-06 10:23:31.855845,False,GENUINE,1,0,0,1.0000000000000002,50,8,15,1,1,0,0,9.0,0,9.0,False,False
C4889,U131,I33,i have a different opinion about education. reference 4889,2026-07-13 17:23:31.855859,False,GENUINE,1,0,0,1.0000000000000002,50,6,15,1,1,0,0,9.0,0,9.0,False,False
C4890,U474,I339,the explanation of gaming was very clear. reference 4890,2026-07-04 02:38:31.855873,False,GENUINE,1,0,0,1.0000000000000002,50,2,0,1,1,0,0,7.5,0,7.5,False,False
C4891,U27,I309,i have a different opinion about sports. reference 4891,2026-06-20 14:47:31.855887,False,GENUINE,1,0,0,1.0,50,5,15,1,1,0,0,9.0,0,9.0,False,False
C4892,U708,I405,this is an interesting perspective on sports. reference 4892,2026-07-06 14:32:31.855901,False,GENUINE,1,0,0,1.0,50,5,15,1,1,0,0,9.0,0,9.0,False,False
C4893,U541,I412,this is an interesting perspective on food. reference 4893,2026-07-27 20:40:31.855915,False,GENUINE,1,0,0,1.0000000000000002,50,5,15,1,1,0,0,9.0,0,9.0,False,False
C4894,U930,I17,the explanation of gaming was very clear. reference 4894,2026-07-24 19:11:31.855929,False,GENUINE,1,0,0,1.0000000000000002,50,6,15,1,1,0,0,9.0,0,9.0,False,False
C4895,U387,I318,this is worth discussing further. reference 4895,2026-06-08 06:44:31.855942,False,GENUINE,1,0,0,1.0,50,5,15,1,1,0,0,9.0,0,9.0,False,False
C4896,U157,I265,the information presented here is useful. reference 4896,2026-06-07 05:16:31.855956,False,GENUINE,1,0,0,1.0,50,5,15,1,1,0,0,9.0,0,9.0,False,False
C4897,U27,I307,i learned something useful about food here. reference 4897,2026-07-20 10:18:31.855972,False,GENUINE,1,0,0,1.0000000000000002,50,5,15,1,1,0,0,9.0,0,9.0,False,False
C4898,U352,I65,this is worth discussing further. reference 4898,2026-06-12 19:46:31.855986,False,GENUINE,1,0,0,1.0,50,7,15,1,1,0,0,9.0,0,9.0,False,False
C4899,U699,I109,the explanation of education was very clear. reference 4899,2026-07-27 10:50:31.856000,False,GENUINE,1,0,0,1.0000000000000002,50,6,15,1,1,0,0,9.0,0,9.0,False,False
C4900,U154,I327,best product ever buy now,2026-06-09 04:18:31.856016,False,GENUINE,75,50,15,1.0,50,6,15,72,2,50,0,37.0,8,45.0,False,False
C4901,U630,I97,this was a surprisingly interesting post. reference 4901,2026-08-11 16:52:31.856029,False,GENUINE,1,0,0,1.0,50,6,15,1,1,0,0,9.0,0,9.0,False,False
C4902,U294,I186,i think this could be improved. reference 4902,2026-07-10 14:34:31.856043,False,GENUINE,1,0,0,1.0000000000000002,50,4,0,1,1,0,0,7.5,0,7.5,False,False
C4903,U230,I66,the explanation of fashion was very clear. reference 4903,2026-07-03 23:34:31.856057,False,GENUINE,1,0,0,1.0000000000000002,50,5,15,1,1,0,0,9.0,0,9.0,False,False
C4904,U89,I259,this is worth discussing further. reference 4904,2026-06-30 02:15:31.856071,False,GENUINE,1,0,0,1.0,50,5,15,1,1,0,0,9.0,0,9.0,False,False
C4905,U406,I46,i really enjoyed this post about food. reference 4905,2026-08-07 16:27:31.856084,False,GENUINE,1,0,0,1.0,50,6,15,1,1,0,0,9.0,0,9.0,False,False
C4906,U523,I95,the information presented here is useful. reference 4906,2026-07-31 20:06:31.856098,False,GENUINE,1,0,0,1.0,50,8,15,1,1,0,0,9.0,0,9.0,False,False
C4907,U782,I258,i learned something useful about sports here. reference 4907,2026-07-08 03:23:31.856112,False,GENUINE,1,0,0,1.0000000000000002,50,8,15,1,1,0,0,9.0,0,9.0,False,False
C4908,U39,I50,i really enjoyed this post about food. reference 4908,2026-07-31 11:36:31.856128,False,GENUINE,1,0,0,1.0,50,6,15,1,1,0,0,9.0,0,9.0,False,False
C4909,U159,I202,this is an interesting perspective on music. reference 4909,2026-06-14 03:22:31.856142,False,GENUINE,1,0,0,1.0,50,7,15,1,1,0,0,9.0,0,9.0,False,False
C4910,U865,I487,this was a surprisingly interesting post. reference 4910,2026-06-22 00:24:31.856156,False,GENUINE,1,0,0,1.0,50,8,15,1,1,0,0,9.0,0,9.0,False,False
C4911,U694,I286,i learned something useful about gaming here. reference 4911,2026-06-27 23:01:31.856169,False,GENUINE,1,0,0,1.0,50,7,15,1,1,0,0,9.0,0,9.0,False,False
C4912,U682,I406,the information presented here is useful. reference 4912,2026-06-24 05:09:31.856183,False,GENUINE,1,0,0,1.0,50,6,15,1,1,0,0,9.0,0,9.0,False,False
C4913,U880,I132,the information presented here is useful. reference 4913,2026-07-24 14:24:31.856199,False,GENUINE,1,0,0,1.0,50,7,15,1,1,0,0,9.0,0,9.0,False,False
C4914,U332,I226,i have a different opinion about education. reference 4914,2026-07-29 14:54:31.856212,False,GENUINE,1,0,0,1.0000000000000002,50,8,15,1,1,0,0,9.0,0,9.0,False,False
C4915,U214,I496,the explanation of education was very clear. reference 4915,2026-07-29 22:34:31.856229,False,GENUINE,1,0,0,1.0000000000000002,50,7,15,1,1,0,0,9.0,0,9.0,False,False
C4916,U975,I82,this was a surprisingly interesting post. reference 4916,2026-06-15 01:22:31.856242,False,GENUINE,1,0,0,1.0,50,6,15,1,1,0,0,9.0,0,9.0,False,False
C4917,U108,I386,thanks for sharing this information. reference 4917,2026-07-19 17:38:31.856255,False,GENUINE,1,0,0,1.0,50,7,15,1,1,0,0,9.0,0,9.0,False,False
C4918,U157,I177,this was a surprisingly interesting post. reference 4918,2026-06-07 12:53:31.856271,False,GENUINE,1,0,0,1.0,50,5,15,1,1,0,0,9.0,0,9.0,False,False
C4919,U835,I340,i learned something useful about education here. reference 4919,2026-06-05 23:59:31.856285,False,GENUINE,1,0,0,1.0,50,5,15,1,1,0,0,9.0,0,9.0,False,False
C4920,U981,I181,the information presented here is useful. reference 4920,2026-07-08 12:21:31.856298,False,GENUINE,1,0,0,1.0,50,5,15,1,1,0,0,9.0,0,9.0,False,False
C4921,U187,I420,best product ever buy now,2026-07-23 14:54:31.856312,False,GENUINE,75,50,15,1.0,50,7,15,72,1,40,0,33.5,8,41.5,False,False
C4922,U380,I335,i really enjoyed this post about fashion. reference 4922,2026-07-20 18:47:31.856326,False,GENUINE,1,0,0,1.0,50,4,0,1,1,0,0,7.5,0,7.5,False,False
C4923,U853,I459,i think this could be improved. reference 4923,2026-08-05 18:20:31.856339,False,GENUINE,1,0,0,1.0000000000000002,50,4,0,1,1,0,0,7.5,0,7.5,False,False
C4924,U875,I331,this is an interesting perspective on technology. reference 4924,2026-07-18 02:45:31.856353,False,GENUINE,1,0,0,1.0,50,3,0,1,1,0,0,7.5,0,7.5,False,False
C4925,U406,I350,i think this could be improved. reference 4925,2026-08-02 07:36:31.856367,False,GENUINE,1,0,0,1.0000000000000002,50,6,15,1,1,0,0,9.0,0,9.0,False,False
C4926,U847,I120,i really enjoyed this post about food. reference 4926,2026-06-11 22:31:31.856381,False,GENUINE,1,0,0,1.0,50,6,15,1,1,0,0,9.0,0,9.0,False,False
C4927,U322,I117,this was a surprisingly interesting post. reference 4927,2026-07-31 17:24:31.856394,False,GENUINE,1,0,0,1.0,50,8,15,1,1,0,0,9.0,0,9.0,False,False
C4928,U668,I287,this is worth discussing further. reference 4928,2026-08-10 14:22:31.856408,False,GENUINE,1,0,0,1.0,50,7,15,1,1,0,0,9.0,0,9.0,False,False
C4929,U909,I337,this is an interesting perspective on sports. reference 4929,2026-07-07 18:08:31.856424,False,GENUINE,1,0,0,1.0,50,5,15,1,1,0,0,9.0,0,9.0,False,False
C4930,U178,I205,i really enjoyed this post about movies. reference 4930,2026-06-12 09:31:31.856438,False,GENUINE,1,0,0,1.0,50,5,15,1,1,0,0,9.0,0,9.0,False,False
C4931,U408,I117,thanks for sharing this information. reference 4931,2026-06-13 01:04:31.856452,False,GENUINE,1,0,0,1.0,50,6,15,1,1,0,0,9.0,0,9.0,False,False
C4932,U374,I197,this is an interesting perspective on music. reference 4932,2026-06-06 08:11:31.856465,False,GENUINE,1,0,0,1.0,50,5,15,1,1,0,0,9.0,0,9.0,False,False
C4933,U283,I404,i think this could be improved. reference 4933,2026-07-09 22:12:31.856478,False,GENUINE,1,0,0,1.0000000000000002,50,3,0,1,1,0,0,7.5,0,7.5,False,False
C4934,U326,I128,thanks for sharing this information. reference 4934,2026-07-26 23:15:31.856491,False,GENUINE,1,0,0,1.0,50,4,0,1,1,0,0,7.5,0,7.5,False,False
C4935,U959,I320,this is an interesting perspective on music. reference 4935,2026-08-03 23:04:31.856505,False,GENUINE,1,0,0,1.0,50,7,15,1,1,0,0,9.0,0,9.0,False,False
C4936,U438,I368,i have a different opinion about gaming. reference 4936,2026-08-04 18:41:31.856521,False,GENUINE,1,0,0,1.0000000000000002,50,1,0,1,1,0,0,7.5,0,7.5,False,False
C4937,U579,I392,this is worth discussing further. reference 4937,2026-07-03 20:25:31.856535,False,GENUINE,1,0,0,1.0,50,5,15,1,1,0,0,9.0,0,9.0,False,False
C4938,U278,I8,thanks for sharing this information. reference 4938,2026-06-20 09:11:31.856548,False,GENUINE,1,0,0,1.0,50,5,15,1,1,0,0,9.0,0,9.0,False,False
C4939,U738,I192,thanks for sharing this information. reference 4939,2026-06-19 01:04:31.856562,False,GENUINE,1,0,0,1.0,50,6,15,1,1,0,0,9.0,0,9.0,False,False
C4940,U328,I230,this was a surprisingly interesting post. reference 4940,2026-07-10 06:27:31.856575,False,GENUINE,1,0,0,1.0,50,7,15,1,1,0,0,9.0,0,9.0,False,False
C4941,U824,I94,i really enjoyed this post about food. reference 4941,2026-08-11 18:49:31.856589,False,GENUINE,1,0,0,1.0,50,7,15,1,1,0,0,9.0,0,9.0,False,False
C4942,U830,I70,i really enjoyed this post about movies. reference 4942,2026-07-27 11:23:31.856605,False,GENUINE,1,0,0,1.0,50,8,15,1,1,0,0,9.0,0,9.0,False,False
C4943,U445,I499,i learned something useful about technology here. reference 4943,2026-08-05 08:37:31.856619,False,GENUINE,1,0,0,1.0,50,5,15,1,1,0,0,9.0,0,9.0,False,False
C4944,U637,I443,i think this could be improved. reference 4944,2026-07-30 10:59:31.856634,False,GENUINE,1,0,0,1.0000000000000002,50,4,0,1,1,0,0,7.5,0,7.5,False,False
C4945,U746,I338,this is an interesting perspective on education. reference 4945,2026-07-14 20:16:31.856648,False,GENUINE,1,0,0,1.0,50,3,0,1,1,0,0,7.5,0,7.5,False,False
C4946,U75,I481,the explanation of sports was very clear. reference 4946,2026-06-04 09:26:31.856662,False,GENUINE,1,0,0,1.0,50,9,15,1,1,0,0,9.0,0,9.0,False,False
C4947,U733,I220,thanks for sharing this information. reference 4947,2026-06-30 17:04:31.856676,False,GENUINE,1,0,0,1.0,50,5,15,1,1,0,0,9.0,0,9.0,False,False
C4948,U544,I290,i think this could be improved. reference 4948,2026-08-08 12:36:31.856690,False,GENUINE,1,0,0,1.0000000000000002,50,4,0,1,1,0,0,7.5,0,7.5,False,False
C4949,U579,I488,this was a surprisingly interesting post. reference 4949,2026-07-23 04:57:31.856703,False,GENUINE,1,0,0,1.0,50,5,15,1,1,0,0,9.0,0,9.0,False,False
C4950,U75,I84,the information presented here is useful. reference 4950,2026-06-28 18:56:31.856717,False,GENUINE,1,0,0,1.0,50,9,15,1,1,0,0,9.0,0,9.0,False,False
C4951,U236,I40,thanks for sharing this information. reference 4951,2026-07-30 19:56:31.856731,False,GENUINE,1,0,0,1.0,50,2,0,1,1,0,0,7.5,0,7.5,False,False
C4952,U448,I333,best product ever buy now,2026-06-30 22:15:31.856745,False,GENUINE,75,50,15,1.0,50,8,15,72,1,40,0,33.5,8,41.5,False,False
C4953,U982,I173,thanks for sharing this information. reference 4953,2026-06-13 18:46:31.856759,False,GENUINE,1,0,0,1.0,50,7,15,1,1,0,0,9.0,0,9.0,False,False
C4954,U557,I215,this is worth discussing further. reference 4954,2026-06-14 19:33:31.856772,False,GENUINE,1,0,0,1.0,50,3,0,1,1,0,0,7.5,0,7.5,False,False
C4955,U958,I106,thanks for sharing this information. reference 4955,2026-07-24 08:29:31.856787,False,GENUINE,1,0,0,1.0,50,3,0,1,1,0,0,7.5,0,7.5,False,False
C4956,U118,I308,this is an interesting perspective on fashion. reference 4956,2026-07-12 21:40:31.856801,False,GENUINE,1,0,0,1.0,50,4,0,1,1,0,0,7.5,0,7.5,False,False
C4957,U316,I96,i really enjoyed this post about music. reference 4957,2026-07-26 07:04:31.856815,False,GENUINE,1,0,0,0.9999999999999997,50,4,0,1,1,0,0,7.5,0,7.5,False,False
C4958,U238,I63,i learned something useful about technology here. reference 4958,2026-07-28 09:38:31.856829,False,GENUINE,1,0,0,1.0,50,2,0,1,1,0,0,7.5,0,7.5,False,False
C4959,U123,I300,this is an interesting perspective on music. reference 4959,2026-08-09 16:36:31.856843,False,GENUINE,1,0,0,1.0,50,4,0,1,1,0,0,7.5,0,7.5,False,False
C4960,U793,I178,i think this could be improved. reference 4960,2026-07-18 01:09:31.856857,False,GENUINE,1,0,0,1.0000000000000002,50,5,15,1,1,0,0,9.0,0,9.0,False,False
C4961,U289,I288,i think this could be improved. reference 4961,2026-06-29 03:32:31.856873,False,GENUINE,1,0,0,1.0000000000000002,50,4,0,1,1,0,0,7.5,0,7.5,False,False
C4962,U7,I364,i really enjoyed this post about technology. reference 4962,2026-07-30 01:32:31.856888,False,GENUINE,1,0,0,1.0000000000000002,50,9,15,1,1,0,0,9.0,0,9.0,False,False
C4963,U430,I495,this was a surprisingly interesting post. reference 4963,2026-07-06 19:41:31.856901,False,GENUINE,1,0,0,1.0,50,7,15,1,1,0,0,9.0,0,9.0,False,False
C4964,U313,I158,this was a surprisingly interesting post. reference 4964,2026-06-27 15:33:31.856917,False,GENUINE,1,0,0,1.0,50,5,15,1,1,0,0,9.0,0,9.0,False,False
C4965,U410,I152,thanks for sharing this information. reference 4965,2026-06-18 20:22:31.856930,False,GENUINE,1,0,0,1.0,50,5,15,1,1,0,0,9.0,0,9.0,False,False
C4966,U460,I472,i have a different opinion about gaming. reference 4966,2026-07-04 14:56:31.856944,False,GENUINE,1,0,0,1.0000000000000002,50,6,15,1,1,0,0,9.0,0,9.0,False,False
C4967,U835,I103,the information presented here is useful. reference 4967,2026-07-03 23:59:31.856957,False,GENUINE,1,0,0,1.0,50,5,15,1,1,0,0,9.0,0,9.0,False,False
C4968,U707,I17,i have a different opinion about music. reference 4968,2026-08-08 19:50:31.856972,False,GENUINE,1,0,0,1.0,50,4,0,1,1,0,0,7.5,0,7.5,False,False
C4969,U23,I208,the explanation of music was very clear. reference 4969,2026-07-14 04:26:31.856986,False,GENUINE,1,0,0,1.0000000000000002,50,8,15,1,1,0,0,9.0,0,9.0,False,False
C4970,U715,I112,i think this could be improved. reference 4970,2026-08-08 09:46:31.857001,False,GENUINE,1,0,0,1.0000000000000002,50,7,15,1,1,0,0,9.0,0,9.0,False,False
C4971,U602,I378,the information presented here is useful. reference 4971,2026-06-21 09:37:31.857015,False,GENUINE,1,0,0,1.0,50,10,40,1,1,0,0,11.5,0,11.5,False,False
C4972,U436,I315,i learned something useful about food here. reference 4972,2026-07-02 15:46:31.857031,False,GENUINE,1,0,0,1.0000000000000002,50,8,15,1,1,0,0,9.0,0,9.0,False,False
C4973,U80,I56,thanks for sharing this information. reference 4973,2026-07-30 07:55:31.857044,False,GENUINE,1,0,0,1.0,50,11,40,1,1,0,0,11.5,0,11.5,False,False
C4974,U582,I356,the information presented here is useful. reference 4974,2026-07-13 14:32:31.857058,False,GENUINE,1,0,0,1.0,50,5,15,1,1,0,0,9.0,0,9.0,False,False
C4975,U210,I25,this is worth discussing further. reference 4975,2026-06-07 09:16:31.857071,False,GENUINE,1,0,0,1.0,50,7,15,1,1,0,0,9.0,0,9.0,False,False
C4976,U8,I91,this is worth discussing further. reference 4976,2026-08-01 19:25:31.857085,False,GENUINE,1,0,0,1.0,50,7,15,1,1,0,0,9.0,0,9.0,False,False
C4977,U165,I270,i learned something useful about food here. reference 4977,2026-07-05 04:37:31.857098,False,GENUINE,1,0,0,1.0000000000000002,50,10,40,1,1,0,0,11.5,0,11.5,False,False
C4978,U690,I105,the information presented here is useful. reference 4978,2026-07-21 11:07:31.857112,False,GENUINE,1,0,0,1.0,50,5,15,1,1,0,0,9.0,0,9.0,False,False
C4979,U80,I436,this is worth discussing further. reference 4979,2026-06-25 02:09:31.857127,False,GENUINE,1,0,0,1.0,50,11,40,1,1,0,0,11.5,0,11.5,False,False
C4980,U635,I435,this was a surprisingly interesting post. reference 4980,2026-06-17 03:39:31.857141,False,GENUINE,1,0,0,1.0,50,2,0,1,1,0,0,7.5,0,7.5,False,False
C4981,U402,I178,i have a different opinion about fashion. reference 4981,2026-06-12 23:44:31.857155,False,GENUINE,1,0,0,1.0,50,7,15,1,1,0,0,9.0,0,9.0,False,False
C4982,U445,I126,i have a different opinion about music. reference 4982,2026-06-04 05:27:31.857169,False,GENUINE,1,0,0,1.0,50,5,15,1,1,0,0,9.0,0,9.0,False,False
C4983,U268,I447,i have a different opinion about sports. reference 4983,2026-07-14 20:28:31.857183,False,GENUINE,1,0,0,1.0,50,3,0,1,1,0,0,7.5,0,7.5,False,False
C4984,U726,I131,this is an interesting perspective on movies. reference 4984,2026-06-17 03:04:31.857197,False,GENUINE,1,0,0,1.0,50,6,15,1,1,0,0,9.0,0,9.0,False,False
C4985,U124,I202,thanks for sharing this information. reference 4985,2026-06-04 07:04:31.857210,False,GENUINE,1,0,0,1.0,50,5,15,1,1,0,0,9.0,0,9.0,False,False
C4986,U622,I124,i have a different opinion about movies. reference 4986,2026-06-20 04:37:31.857225,False,GENUINE,1,0,0,1.0000000000000004,50,4,0,1,1,0,0,7.5,0,7.5,False,False
C4987,U461,I145,the explanation of movies was very clear. reference 4987,2026-07-05 12:30:31.857238,False,GENUINE,1,0,0,1.0,50,6,15,1,1,0,0,9.0,0,9.0,False,False
C4988,U270,I8,this was a surprisingly interesting post. reference 4988,2026-07-29 12:48:31.857253,False,GENUINE,1,0,0,1.0,50,4,0,1,1,0,0,7.5,0,7.5,False,False
C4989,U229,I24,thanks for sharing this information. reference 4989,2026-06-27 06:36:31.857266,False,GENUINE,1,0,0,1.0,50,5,15,1,1,0,0,9.0,0,9.0,False,False
C4990,U430,I65,thanks for sharing this information. reference 4990,2026-06-06 23:22:31.857280,False,GENUINE,1,0,0,1.0,50,7,15,1,1,0,0,9.0,0,9.0,False,False
C4991,U957,I111,thanks for sharing this information. reference 4991,2026-08-02 18:03:31.857294,False,GENUINE,1,0,0,1.0,50,6,15,1,1,0,0,9.0,0,9.0,False,False
C4992,U255,I80,best deal available now,2026-06-03 15:11:31.857312,False,GENUINE,52,50,15,1.0000000000000002,50,4,0,51,1,40,0,32.0,8,40.0,False,False
C4993,U584,I228,click here for amazing deals,2026-06-09 21:52:31.857327,False,GENUINE,53,50,30,1.0000000000000002,50,7,15,53,1,40,0,36.5,8,44.5,False,False
C4994,U177,I58,best deal available now,2026-06-29 05:44:31.857340,False,GENUINE,52,50,15,1.0000000000000002,50,5,15,51,1,40,0,33.5,8,41.5,False,False
C4995,U334,I154,this was a surprisingly interesting post. reference 4995,2026-07-25 06:59:31.857356,False,GENUINE,1,0,0,1.0,50,5,15,1,1,0,0,9.0,0,9.0,False,False
C4996,U293,I322,the information presented here is useful. reference 4996,2026-07-12 04:29:31.857370,False,GENUINE,1,0,0,1.0,50,8,15,1,1,0,0,9.0,0,9.0,False,False
C4997,U483,I409,thanks for sharing this information. reference 4997,2026-07-31 09:28:31.857383,False,GENUINE,1,0,0,1.0,50,5,15,1,1,0,0,9.0,0,9.0,False,False
C4998,U38,I125,i really enjoyed this post about technology. reference 4998,2026-07-15 08:45:31.857399,False,GENUINE,1,0,0,1.0000000000000002,50,5,15,1,1,0,0,9.0,0,9.0,False,False
C4999,U284,I290,the information presented here is useful. reference 4999,2026-07-08 02:34:31.857413,False,GENUINE,1,0,0,1.0,50,5,15,1,1,0,0,9.0,0,9.0,False,False
ATTACK_C0,U801,I42,amazing product buy now,2026-08-11 19:58:31.857902,False,GENUINE,69,50,15,1.0,50,7,15,68,9,100,0,54.5,25,79.5,True,False
ATTACK_C1,U802,I42,amazing product buy now,2026-08-11 19:58:51.857902,False,GENUINE,69,50,15,1.0,50,9,15,68,9,100,0,54.5,25,79.5,True,False
ATTACK_C2,U803,I42,amazing product buy now,2026-08-11 19:59:11.857902,False,GENUINE,69,50,15,1.0,50,6,15,68,9,100,0,54.5,25,79.5,True,False
ATTACK_C3,U804,I42,amazing product buy now,2026-08-11 19:59:31.857902,False,GENUINE,69,50,15,1.0,50,5,15,68,9,100,0,54.5,25,79.5,True,False
ATTACK_C4,U805,I42,amazing product buy now,2026-08-11 19:59:51.857902,False,GENUINE,69,50,15,1.0,50,8,15,68,9,100,0,54.5,25,79.5,True,False
ATTACK_C5,U806,I42,amazing product buy now,2026-08-11 20:00:11.857902,False,GENUINE,69,50,15,1.0,50,7,15,68,9,100,0,54.5,25,79.5,True,False
ATTACK_C6,U807,I42,amazing product buy now,2026-08-11 20:00:31.857902,False,GENUINE,69,50,15,1.0,50,5,15,68,9,100,0,54.5,25,79.5,True,False
ATTACK_C7,U808,I42,amazing product buy now,2026-08-11 20:00:51.857902,False,GENUINE,69,50,15,1.0,50,7,15,68,9,100,0,54.5,25,79.5,True,False
,CBOT_001,I236,amazing product! highly recommended!,,True,EXACT_DUPLICATE,38,50,0,1.0,50,5,15,20,4,95,15,50.5,25,75.5,True,True
,CBOT_002,I242,amazing product highly recommended!,,True,NEAR_DUPLICATE,10,50,0,1.0,50,5,15,8,1,40,15,31.25,8,39.25,False,True
,CBOT_003,I292,amazing product! highly recommended!,,True,SPAM,38,50,0,1.0,50,5,15,20,4,95,20,50.75,25,75.75,True,True
,CBOT_004,I139,amazing product! highly recommended!,,True,EXACT_DUPLICATE,38,50,0,1.0,50,5,15,20,4,95,15,50.5,25,75.5,True,True
,CBOT_005,I173,"amazing product, highly recommended!",,True,NEAR_DUPLICATE,9,50,0,1.0,50,5,15,8,2,50,15,34.75,8,42.75,False,True
,CBOT_006,I2,absolutely amazing! must buy!,,True,SPAM,5,40,0,1.0,50,5,15,5,2,50,20,33.5,8,41.5,False,True
,CBOT_007,I453,amazing product! highly recommended!,,True,EXACT_DUPLICATE,38,50,0,1.0,50,5,15,20,4,95,15,50.5,25,75.5,True,True
,CBOT_008,I416,amazing product! highly recommended!!,,True,NEAR_DUPLICATE,7,50,15,1.0,50,5,15,5,1,40,15,34.25,8,42.25,False,True
,CBOT_009,I428,excellent! five stars!,,True,SPAM,1,0,0,0.624813983942849,0,5,15,1,1,0,20,2.5,0,2.5,False,True
,CBOT_010,I472,amazing product! highly recommended!,,True,EXACT_DUPLICATE,38,50,0,1.0,50,5,15,20,4,95,15,50.5,25,75.5,True,True
,CBOT_011,I236,amazing product highly recommended!,,True,NEAR_DUPLICATE,10,50,0,1.0,50,5,15,8,2,50,15,34.75,8,42.75,False,True
,CBOT_012,I242,excellent service! five stars!,,True,SPAM,5,40,0,1.0000000000000002,50,5,15,5,1,40,20,30.0,8,38.0,False,True
,CBOT_013,I292,amazing product! highly recommended!,,True,EXACT_DUPLICATE,38,50,0,1.0,50,5,15,20,4,95,15,50.5,25,75.5,True,True
,CBOT_014,I139,amazing product highly recommended!,,True,NEAR_DUPLICATE,10,50,0,1.0,50,5,15,8,2,50,15,34.75,8,42.75,False,True
,CBOT_015,I173,amazing quality! buy this now!,,True,SPAM,6,50,0,1.0,50,5,15,6,1,40,20,31.5,8,39.5,False,True
,CBOT_016,I2,amazing product! highly recommended!,,True,EXACT_DUPLICATE,38,50,0,1.0,50,5,15,20,4,95,15,50.5,25,75.5,True,True
,CBOT_017,I453,amazing product - highly recommended!,,True,NEAR_DUPLICATE,6,50,0,1.0,50,5,15,4,1,30,15,27.75,0,27.75,False,True
,CBOT_018,I416,amazing product! highly recommended!,,True,SPAM,38,50,0,1.0,50,5,15,20,4,95,20,50.75,25,75.75,True,True
,CBOT_019,I428,amazing product! highly recommended!,,True,EXACT_DUPLICATE,38,50,0,1.0,50,5,15,20,3,95,15,50.5,25,75.5,True,True
,CBOT_020,I472,amazing product highly recommended!,,True,NEAR_DUPLICATE,10,50,0,1.0,50,5,15,8,1,40,15,31.25,8,39.25,False,True
,CBOT_001,I236,best product ever! buy now!,,True,SPAM,5,40,15,1.0,50,5,15,5,1,40,20,33.0,8,41.0,False,True
,CBOT_002,I242,amazing product! highly recommended!,,True,EXACT_DUPLICATE,38,50,0,1.0,50,5,15,20,4,95,15,50.5,25,75.5,True,True
,CBOT_003,I292,amazing product! highly recommended!!,,True,NEAR_DUPLICATE,7,50,15,1.0,50,5,15,5,2,50,15,37.75,8,45.75,False,True
,CBOT_004,I139,absolutely amazing! must buy!,,True,SPAM,5,40,0,1.0,50,5,15,5,1,40,20,30.0,8,38.0,False,True
,CBOT_005,I173,amazing product! highly recommended!,,True,EXACT_DUPLICATE,38,50,0,1.0,50,5,15,20,3,95,15,50.5,25,75.5,True,True
,CBOT_006,I2,amazing product. highly recommended.,,True,NEAR_DUPLICATE,1,0,0,1.0,50,5,15,1,1,0,15,9.75,0,9.75,False,True
,CBOT_007,I453,amazing quality! buy this now!,,True,SPAM,6,50,0,1.0,50,5,15,6,1,40,20,31.5,8,39.5,False,True
,CBOT_008,I416,amazing product! highly recommended!,,True,EXACT_DUPLICATE,38,50,0,1.0,50,5,15,20,4,95,15,50.5,25,75.5,True,True
,CBOT_009,I428,amazing product highly recommended!,,True,NEAR_DUPLICATE,10,50,0,1.0,50,5,15,8,2,50,15,34.75,8,42.75,False,True
,CBOT_010,I472,excellent service! five stars!,,True,SPAM,5,40,0,1.0000000000000002,50,5,15,5,1,40,20,30.0,8,38.0,False,True
,CBOT_011,I236,amazing product! highly recommended!,,True,EXACT_DUPLICATE,38,50,0,1.0,50,5,15,20,4,95,15,50.5,25,75.5,True,True
,CBOT_012,I242,amazing product! highly recommended!!,,True,NEAR_DUPLICATE,7,50,15,1.0,50,5,15,5,2,50,15,37.75,8,45.75,False,True
,CBOT_013,I292,excellent service! five stars!,,True,SPAM,5,40,0,1.0000000000000002,50,5,15,5,1,40,20,30.0,8,38.0,False,True
,CBOT_014,I139,amazing product! highly recommended!,,True,EXACT_DUPLICATE,38,50,0,1.0,50,5,15,20,4,95,15,50.5,25,75.5,True,True
,CBOT_015,I173,amazing product - highly recommended!,,True,NEAR_DUPLICATE,6,50,0,1.0,50,5,15,4,2,40,15,31.25,8,39.25,False,True
,CBOT_016,I2,absolutely amazing! must buy!,,True,SPAM,5,40,0,1.0,50,5,15,5,2,50,20,33.5,8,41.5,False,True
,CBOT_017,I453,amazing product! highly recommended!,,True,EXACT_DUPLICATE,38,50,0,1.0,50,5,15,20,4,95,15,50.5,25,75.5,True,True
,CBOT_018,I416,amazing product - highly recommended!,,True,NEAR_DUPLICATE,6,50,0,1.0,50,5,15,4,3,85,15,47.0,25,72.0,True,True
,CBOT_019,I428,amazing quality! buy this now!,,True,SPAM,6,50,0,1.0,50,5,15,6,1,40,20,31.5,8,39.5,False,True
,CBOT_020,I472,amazing product! highly recommended!,,True,EXACT_DUPLICATE,38,50,0,1.0,50,5,15,20,4,95,15,50.5,25,75.5,True,True
,CBOT_001,I236,"amazing product, highly recommended!",,True,NEAR_DUPLICATE,9,50,0,1.0,50,5,15,8,1,40,15,31.25,8,39.25,False,True
,CBOT_002,I242,amazing product! highly recommended!,,True,SPAM,38,50,0,1.0,50,5,15,20,4,95,20,50.75,25,75.75,True,True
,CBOT_003,I292,amazing product! highly recommended!,,True,EXACT_DUPLICATE,38,50,0,1.0,50,5,15,20,4,95,15,50.5,25,75.5,True,True
,CBOT_004,I139,amazing product! highly recommended!!,,True,NEAR_DUPLICATE,7,50,15,1.0,50,5,15,5,1,40,15,34.25,8,42.25,False,True
,CBOT_005,I173,best experience ever!,,True,SPAM,3,30,0,1.0,50,5,15,3,1,30,20,25.0,0,25.0,False,True
,CBOT_006,I2,amazing product! highly recommended!,,True,EXACT_DUPLICATE,38,50,0,1.0,50,5,15,20,4,95,15,50.5,25,75.5,True,True
,CBOT_007,I453,"amazing product, highly recommended!",,True,NEAR_DUPLICATE,9,50,0,1.0,50,5,15,8,2,50,15,34.75,8,42.75,False,True
,CBOT_008,I416,great product! highly recommend!,,True,SPAM,2,20,0,1.0000000000000002,50,5,15,2,1,15,20,18.25,0,18.25,False,True
,CBOT_009,I428,amazing product! highly recommended!,,True,EXACT_DUPLICATE,38,50,0,1.0,50,5,15,20,3,95,15,50.5,25,75.5,True,True
,CBOT_010,I472,amazing product! highly recommended!!,,True,NEAR_DUPLICATE,7,50,15,1.0,50,5,15,5,1,40,15,34.25,8,42.25,False,True
,CBOT_011,I236,absolutely amazing! must buy!,,True,SPAM,5,40,0,1.0,50,5,15,5,1,40,20,30.0,8,38.0,False,True
,CBOT_012,I242,amazing product! highly recommended!,,True,EXACT_DUPLICATE,38,50,0,1.0,50,5,15,20,4,95,15,50.5,25,75.5,True,True
,CBOT_013,I292,"amazing product, highly recommended!",,True,NEAR_DUPLICATE,9,50,0,1.0,50,5,15,8,1,40,15,31.25,8,39.25,False,True
,CBOT_014,I139,best product ever! buy now!,,True,SPAM,5,40,15,1.0,50,5,15,5,2,50,20,36.5,8,44.5,False,True
,CBOT_015,I173,amazing product! highly recommended!,,True,EXACT_DUPLICATE,38,50,0,1.0,50,5,15,20,3,95,15,50.5,25,75.5,True,True
,CBOT_016,I2,amazing product highly recommended!,,True,NEAR_DUPLICATE,10,50,0,1.0,50,5,15,8,2,50,15,34.75,8,42.75,False,True
,CBOT_017,I453,best experience ever!,,True,SPAM,3,30,0,1.0,50,5,15,3,1,30,20,25.0,0,25.0,False,True
,CBOT_018,I416,amazing product! highly recommended!,,True,EXACT_DUPLICATE,38,50,0,1.0,50,5,15,20,4,95,15,50.5,25,75.5,True,True
,CBOT_019,I428,amazing product highly recommended!,,True,NEAR_DUPLICATE,10,50,0,1.0,50,5,15,8,2,50,15,34.75,8,42.75,False,True
,CBOT_020,I472,fantastic product! loved it!,,True,SPAM,2,20,0,1.0,50,5,15,2,1,15,20,18.25,0,18.25,False,True
,CBOT_001,I236,amazing product! highly recommended!,,True,EXACT_DUPLICATE,38,50,0,1.0,50,5,15,20,4,95,15,50.5,25,75.5,True,True
,CBOT_002,I242,"amazing product, highly recommended!",,True,NEAR_DUPLICATE,9,50,0,1.0,50,5,15,8,1,40,15,31.25,8,39.25,False,True
,CBOT_003,I292,amazing quality! buy this now!,,True,SPAM,6,50,0,1.0,50,5,15,6,1,40,20,31.5,8,39.5,False,True
,CBOT_004,I139,amazing product! highly recommended!,,True,EXACT_DUPLICATE,38,50,0,1.0,50,5,15,20,4,95,15,50.5,25,75.5,True,True
,CBOT_005,I173,"amazing product, highly recommended!",,True,NEAR_DUPLICATE,9,50,0,1.0,50,5,15,8,2,50,15,34.75,8,42.75,False,True
,CBOT_006,I2,amazing product! highly recommended!,,True,SPAM,38,50,0,1.0,50,5,15,20,4,95,20,50.75,25,75.75,True,True
,CBOT_007,I453,amazing product! highly recommended!,,True,EXACT_DUPLICATE,38,50,0,1.0,50,5,15,20,4,95,15,50.5,25,75.5,True,True
,CBOT_008,I416,amazing product - highly recommended!,,True,NEAR_DUPLICATE,6,50,0,1.0,50,5,15,4,3,85,15,47.0,25,72.0,True,True
,CBOT_009,I428,excellent service! five stars!,,True,SPAM,5,40,0,1.0000000000000002,50,5,15,5,1,40,20,30.0,8,38.0,False,True
,CBOT_010,I472,amazing product! highly recommended!,,True,EXACT_DUPLICATE,38,50,0,1.0,50,5,15,20,4,95,15,50.5,25,75.5,True,True
,CBOT_011,I236,amazing product highly recommended!,,True,NEAR_DUPLICATE,10,50,0,1.0,50,5,15,8,2,50,15,34.75,8,42.75,False,True
,CBOT_012,I242,best experience ever!,,True,SPAM,3,30,0,1.0,50,5,15,3,1,30,20,25.0,0,25.0,False,True
,CBOT_013,I292,amazing product! highly recommended!,,True,EXACT_DUPLICATE,38,50,0,1.0,50,5,15,20,4,95,15,50.5,25,75.5,True,True
,CBOT_014,I139,amazing product highly recommended!,,True,NEAR_DUPLICATE,10,50,0,1.0,50,5,15,8,2,50,15,34.75,8,42.75,False,True
,CBOT_015,I173,excellent service! five stars!,,True,SPAM,5,40,0,1.0000000000000002,50,5,15,5,1,40,20,30.0,8,38.0,False,True
,CBOT_016,I2,amazing product! highly recommended!,,True,EXACT_DUPLICATE,38,50,0,1.0,50,5,15,20,4,95,15,50.5,25,75.5,True,True
,CBOT_017,I453,"amazing product, highly recommended!",,True,NEAR_DUPLICATE,9,50,0,1.0,50,5,15,8,2,50,15,34.75,8,42.75,False,True
,CBOT_018,I416,amazing quality! buy this now!,,True,SPAM,6,50,0,1.0,50,5,15,6,1,40,20,31.5,8,39.5,False,True
,CBOT_019,I428,amazing product! highly recommended!,,True,EXACT_DUPLICATE,38,50,0,1.0,50,5,15,20,3,95,15,50.5,25,75.5,True,True
,CBOT_020,I472,"amazing product, highly recommended!",,True,NEAR_DUPLICATE,9,50,0,1.0,50,5,15,8,1,40,15,31.25,8,39.25,False,True
,CBOT_001,I236,amazing quality! buy this now!,,True,SPAM,6,50,0,1.0,50,5,15,6,1,40,20,31.5,8,39.5,False,True
,CBOT_002,I242,amazing product! highly recommended!,,True,EXACT_DUPLICATE,38,50,0,1.0,50,5,15,20,4,95,15,50.5,25,75.5,True,True
,CBOT_003,I292,amazing product! highly recommended!!,,True,NEAR_DUPLICATE,7,50,15,1.0,50,5,15,5,2,50,15,37.75,8,45.75,False,True
,CBOT_004,I139,best product ever! buy now!,,True,SPAM,5,40,15,1.0,50,5,15,5,2,50,20,36.5,8,44.5,False,True
,CBOT_005,I173,amazing product! highly recommended!,,True,EXACT_DUPLICATE,38,50,0,1.0,50,5,15,20,3,95,15,50.5,25,75.5,True,True
,CBOT_006,I2,amazing product highly recommended!,,True,NEAR_DUPLICATE,10,50,0,1.0,50,5,15,8,2,50,15,34.75,8,42.75,False,True
,CBOT_007,I453,absolutely amazing! must buy!,,True,SPAM,5,40,0,1.0,50,5,15,5,1,40,20,30.0,8,38.0,False,True
,CBOT_008,I416,amazing product! highly recommended!,,True,EXACT_DUPLICATE,38,50,0,1.0,50,5,15,20,4,95,15,50.5,25,75.5,True,True
,CBOT_009,I428,"amazing product, highly recommended!",,True,NEAR_DUPLICATE,9,50,0,1.0,50,5,15,8,1,40,15,31.25,8,39.25,False,True
,CBOT_010,I472,best product ever! buy now!,,True,SPAM,5,40,15,1.0,50,5,15,5,1,40,20,33.0,8,41.0,False,True
,CBOT_011,I236,amazing product! highly recommended!,,True,EXACT_DUPLICATE,38,50,0,1.0,50,5,15,20,4,95,15,50.5,25,75.5,True,True
,CBOT_012,I242,amazing product! highly recommended!!,,True,NEAR_DUPLICATE,7,50,15,1.0,50,5,15,5,2,50,15,37.75,8,45.75,False,True
,CBOT_013,I292,best product ever! buy now!,,True,SPAM,5,40,15,1.0,50,5,15,5,1,40,20,33.0,8,41.0,False,True
,CBOT_014,I139,amazing product! highly recommended!,,True,EXACT_DUPLICATE,38,50,0,1.0,50,5,15,20,4,95,15,50.5,25,75.5,True,True
,CBOT_015,I173,amazing product - highly recommended!,,True,NEAR_DUPLICATE,6,50,0,1.0,50,5,15,4,2,40,15,31.25,8,39.25,False,True
,CBOT_016,I2,great product! highly recommend!,,True,SPAM,2,20,0,1.0000000000000002,50,5,15,2,1,15,20,18.25,0,18.25,False,True
,CBOT_017,I453,amazing product! highly recommended!,,True,EXACT_DUPLICATE,38,50,0,1.0,50,5,15,20,4,95,15,50.5,25,75.5,True,True
,CBOT_018,I416,amazing product - highly recommended!,,True,NEAR_DUPLICATE,6,50,0,1.0,50,5,15,4,3,85,15,47.0,25,72.0,True,True
,CBOT_019,I428,fantastic product! loved it!,,True,SPAM,2,20,0,1.0,50,5,15,2,1,15,20,18.25,0,18.25,False,True
,CBOT_020,I472,amazing product! highly recommended!,,True,EXACT_DUPLICATE,38,50,0,1.0,50,5,15,20,4,95,15,50.5,25,75.5,True,True
