comment_id,user_id,item_id,text,timestamp,normalized_text,spam_probability,spam,text_frequency,duplicate,comment_risk_score
C0,U104,I356,I have a different opinion about gaming. Reference 0,2026-06-21 07:41:31.776649,i have a different opinion about gaming reference 0,0.0,0,1,0,0.0
C1,U801,I21,This is worth discussing further. Reference 1,2026-06-12 14:52:31.776838,this is worth discussing further reference 1,0.0,0,1,0,0.0
C2,U379,I35,This was a surprisingly interesting post. Reference 2,2026-08-10 16:20:31.776865,this was a surprisingly interesting post reference 2,0.0,0,1,0,0.0
C3,U869,I215,I think this could be improved. Reference 3,2026-07-03 08:56:31.776884,i think this could be improved reference 3,0.0,0,1,0,0.0
C4,U983,I185,I think this could be improved. Reference 4,2026-07-03 04:38:31.776913,i think this could be improved reference 4,0.0,0,1,0,0.0
C5,U180,I375,This was a surprisingly interesting post. Reference 5,2026-06-16 18:30:31.776931,this was a surprisingly interesting post reference 5,0.0,0,1,0,0.0
C6,U827,I470,This was a surprisingly interesting post. Reference 6,2026-06-30 12:27:31.776950,this was a surprisingly interesting post reference 6,0.0,0,1,0,0.0
C7,U446,I422,Amazing product buy now,2026-07-13 11:53:31.776966,amazing product buy now,1.0,1,69,1,100.0
C8,U872,I125,This is an interesting perspective on movies. Reference 8,2026-07-01 19:11:31.776984,this is an interesting perspective on movies reference 8,0.0,0,1,0,0.0
C9,U249,I384,I think this could be improved. Reference 9,2026-07-12 05:06:31.777001,i think this could be improved reference 9,0.0,0,1,0,0.0
C10,U29,I253,This is worth discussing further. Reference 10,2026-06-28 10:54:31.777016,this is worth discussing further reference 10,0.0,0,1,0,0.0
C11,U217,I181,I have a different opinion about music. Reference 11,2026-07-17 09:03:31.777031,i have a different opinion about music reference 11,0.0,0,1,0,0.0
C12,U901,I305,I have a different opinion about technology. Reference 12,2026-06-25 19:23:31.777047,i have a different opinion about technology reference 12,0.0,0,1,0,0.0
C13,U970,I97,This is an interesting perspective on sports. Reference 13,2026-06-07 06:57:31.777062,this is an interesting perspective on sports reference 13,0.0,0,1,0,0.0
C14,U416,I250,This was a surprisingly interesting post. Reference 14,2026-06-09 23:19:31.777076,this was a surprisingly interesting post reference 14,0.0,0,1,0,0.0
C15,U487,I330,Click here for amazing deals,2026-08-10 06:18:31.777090,click here for amazing deals,0.5,1,53,1,72.50000000000001
C16,U95,I150,The explanation of fashion was very clear. Reference 16,2026-06-09 20:45:31.777105,the explanation of fashion was very clear reference 16,0.0,0,1,0,0.0
C17,U249,I156,Thanks for sharing this information. Reference 17,2026-06-29 18:07:31.777119,thanks for sharing this information reference 17,0.0,0,1,0,0.0
C18,U566,I271,Best deal available now,2026-06-04 22:27:31.777133,best deal available now,0.5,1,52,1,72.50000000000001
C19,U563,I169,This is worth discussing further. Reference 19,2026-07-18 04:09:31.777147,this is worth discussing further reference 19,0.0,0,1,0,0.0
C20,U313,I128,The explanation of gaming was very clear. Reference 20,2026-06-07 04:18:31.777161,the explanation of gaming was very clear reference 20,0.0,0,1,0,0.0
C21,U197,I161,This is an interesting perspective on education. Reference 21,2026-07-25 09:33:31.777176,this is an interesting perspective on education reference 21,0.0,0,1,0,0.0
C22,U221,I378,I think this could be improved. Reference 22,2026-06-06 21:06:31.777190,i think this could be improved reference 22,0.0,0,1,0,0.0
C23,U603,I389,This was a surprisingly interesting post. Reference 23,2026-08-02 16:22:31.777204,this was a surprisingly interesting post reference 23,0.0,0,1,0,0.0
C24,U852,I99,I have a different opinion about sports. Reference 24,2026-07-09 23:37:31.777218,i have a different opinion about sports reference 24,0.0,0,1,0,0.0
C25,U183,I154,I really enjoyed this post about education. Reference 25,2026-07-17 20:44:31.777232,i really enjoyed this post about education reference 25,0.0,0,1,0,0.0
C26,U46,I498,I really enjoyed this post about movies. Reference 26,2026-06-09 08:27:31.777249,i really enjoyed this post about movies reference 26,0.0,0,1,0,0.0
C27,U966,I64,I think this could be improved. Reference 27,2026-08-10 17:11:31.777266,i think this could be improved reference 27,0.0,0,1,0,0.0
C28,U587,I145,I think this could be improved. Reference 28,2026-07-02 17:45:31.777280,i think this could be improved reference 28,0.0,0,1,0,0.0
C29,U348,I94,I really enjoyed this post about movies. Reference 29,2026-06-29 08:22:31.777294,i really enjoyed this post about movies reference 29,0.0,0,1,0,0.0
C30,U116,I420,This is an interesting perspective on fashion. Reference 30,2026-06-28 01:44:31.777309,this is an interesting perspective on fashion reference 30,0.0,0,1,0,0.0
C31,U75,I295,Click here for amazing deals,2026-07-29 06:03:31.777324,click here for amazing deals,0.5,1,53,1,72.50000000000001
C32,U830,I288,I have a different opinion about gaming. Reference 32,2026-07-20 05:48:31.777338,i have a different opinion about gaming reference 32,0.0,0,1,0,0.0
C33,U121,I285,The information presented here is useful. Reference 33,2026-06-25 06:24:31.777352,the information presented here is useful reference 33,0.0,0,1,0,0.0
C34,U389,I230,I think this could be improved. Reference 34,2026-06-19 06:19:31.777366,i think this could be improved reference 34,0.0,0,1,0,0.0
C35,U439,I156,Thanks for sharing this information. Reference 35,2026-06-17 08:13:31.777380,thanks for sharing this information reference 35,0.0,0,1,0,0.0
C36,U983,I378,This is an interesting perspective on sports. Reference 36,2026-06-15 21:31:31.777394,this is an interesting perspective on sports reference 36,0.0,0,1,0,0.0
C37,U216,I135,This is an interesting perspective on education. Reference 37,2026-07-20 23:59:31.777409,this is an interesting perspective on education reference 37,0.0,0,1,0,0.0
C38,U177,I282,This is an interesting perspective on education. Reference 38,2026-08-11 14:08:31.777423,this is an interesting perspective on education reference 38,0.0,0,1,0,0.0
C39,U418,I230,Thanks for sharing this information. Reference 39,2026-07-16 07:43:31.777440,thanks for sharing this information reference 39,0.0,0,1,0,0.0
C40,U33,I118,I have a different opinion about movies. Reference 40,2026-06-08 20:17:31.777457,i have a different opinion about movies reference 40,0.0,0,1,0,0.0
C41,U880,I232,This is an interesting perspective on sports. Reference 41,2026-07-18 18:03:31.777471,this is an interesting perspective on sports reference 41,0.0,0,1,0,0.0
C42,U806,I405,Thanks for sharing this information. Reference 42,2026-07-04 03:15:31.777487,thanks for sharing this information reference 42,0.0,0,1,0,0.0
C43,U117,I278,The explanation of education was very clear. Reference 43,2026-07-18 15:42:31.777502,the explanation of education was very clear reference 43,0.0,0,1,0,0.0
C44,U846,I72,This is an interesting perspective on technology. Reference 44,2026-07-27 17:31:31.777516,this is an interesting perspective on technology reference 44,0.0,0,1,0,0.0
C45,U811,I157,Thanks for sharing this information. Reference 45,2026-07-02 20:38:31.777530,thanks for sharing this information reference 45,0.0,0,1,0,0.0
C46,U127,I239,I have a different opinion about fashion. Reference 46,2026-07-18 01:15:31.777544,i have a different opinion about fashion reference 46,0.0,0,1,0,0.0
C47,U512,I276,I think this could be improved. Reference 47,2026-08-04 12:15:31.777558,i think this could be improved reference 47,0.0,0,1,0,0.0
C48,U612,I20,The information presented here is useful. Reference 48,2026-06-17 21:09:31.777574,the information presented here is useful reference 48,0.0,0,1,0,0.0
C49,U256,I13,This is an interesting perspective on sports. Reference 49,2026-06-11 10:57:31.777589,this is an interesting perspective on sports reference 49,0.0,0,1,0,0.0
C50,U856,I440,Thanks for sharing this information. Reference 50,2026-06-11 15:21:31.777603,thanks for sharing this information reference 50,0.0,0,1,0,0.0
C51,U841,I137,Thanks for sharing this information. Reference 51,2026-06-03 23:53:31.777617,thanks for sharing this information reference 51,0.0,0,1,0,0.0
C52,U179,I240,This was a surprisingly interesting post. Reference 52,2026-07-17 12:20:31.777631,this was a surprisingly interesting post reference 52,0.0,0,1,0,0.0
C53,U185,I299,The information presented here is useful. Reference 53,2026-08-03 12:39:31.777645,the information presented here is useful reference 53,0.0,0,1,0,0.0
C54,U481,I178,The information presented here is useful. Reference 54,2026-07-13 14:37:31.777661,the information presented here is useful reference 54,0.0,0,1,0,0.0
C55,U686,I53,I learned something useful about music here. Reference 55,2026-07-05 08:43:31.777676,i learned something useful about music here reference 55,0.0,0,1,0,0.0
C56,U710,I253,I have a different opinion about fashion. Reference 56,2026-06-03 14:38:31.777691,i have a different opinion about fashion reference 56,0.0,0,1,0,0.0
C57,U563,I18,I think this could be improved. Reference 57,2026-07-14 04:54:31.777705,i think this could be improved reference 57,0.0,0,1,0,0.0
C58,U258,I165,This is an interesting perspective on fashion. Reference 58,2026-06-25 23:49:31.777719,this is an interesting perspective on fashion reference 58,0.0,0,1,0,0.0
C59,U844,I0,This was a surprisingly interesting post. Reference 59,2026-07-05 05:13:31.777733,this was a surprisingly interesting post reference 59,0.0,0,1,0,0.0
C60,U55,I96,This was a surprisingly interesting post. Reference 60,2026-06-16 03:49:31.777747,this was a surprisingly interesting post reference 60,0.0,0,1,0,0.0
C61,U774,I255,I think this could be improved. Reference 61,2026-07-24 07:18:31.777760,i think this could be improved reference 61,0.0,0,1,0,0.0
C62,U273,I281,I learned something useful about movies here. Reference 62,2026-07-02 22:54:31.777774,i learned something useful about movies here reference 62,0.0,0,1,0,0.0
C63,U901,I357,I think this could be improved. Reference 63,2026-08-09 04:55:31.777788,i think this could be improved reference 63,0.0,0,1,0,0.0
C64,U996,I322,Thanks for sharing this information. Reference 64,2026-06-08 05:26:31.777802,thanks for sharing this information reference 64,0.0,0,1,0,0.0
C65,U162,I159,This was a surprisingly interesting post. Reference 65,2026-06-22 13:34:31.777816,this was a surprisingly interesting post reference 65,0.0,0,1,0,0.0
C66,U417,I47,The explanation of gaming was very clear. Reference 66,2026-06-30 19:56:31.777830,the explanation of gaming was very clear reference 66,0.0,0,1,0,0.0
C67,U969,I60,I learned something useful about food here. Reference 67,2026-06-07 14:32:31.777844,i learned something useful about food here reference 67,0.0,0,1,0,0.0
C68,U298,I260,I have a different opinion about fashion. Reference 68,2026-06-28 21:56:31.777858,i have a different opinion about fashion reference 68,0.0,0,1,0,0.0
C69,U483,I124,Amazing product buy now,2026-07-07 22:01:31.777874,amazing product buy now,1.0,1,69,1,100.0
C70,U195,I471,Thanks for sharing this information. Reference 70,2026-08-05 11:28:31.777888,thanks for sharing this information reference 70,0.0,0,1,0,0.0
C71,U282,I395,The information presented here is useful. Reference 71,2026-06-26 14:48:31.777908,the information presented here is useful reference 71,0.0,0,1,0,0.0
C72,U273,I420,I really enjoyed this post about movies. Reference 72,2026-06-06 17:54:31.777922,i really enjoyed this post about movies reference 72,0.0,0,1,0,0.0
C73,U305,I428,Thanks for sharing this information. Reference 73,2026-07-29 07:22:31.777936,thanks for sharing this information reference 73,0.0,0,1,0,0.0
C74,U457,I275,I think this could be improved. Reference 74,2026-07-12 13:45:31.777950,i think this could be improved reference 74,0.0,0,1,0,0.0
C75,U565,I390,This was a surprisingly interesting post. Reference 75,2026-07-01 09:16:31.777964,this was a surprisingly interesting post reference 75,0.0,0,1,0,0.0
C76,U955,I164,The explanation of sports was very clear. Reference 76,2026-06-20 18:52:31.777979,the explanation of sports was very clear reference 76,0.0,0,1,0,0.0
C77,U392,I119,The information presented here is useful. Reference 77,2026-07-13 20:54:31.777994,the information presented here is useful reference 77,0.0,0,1,0,0.0
C78,U762,I242,The information presented here is useful. Reference 78,2026-06-12 10:07:31.778008,the information presented here is useful reference 78,0.0,0,1,0,0.0
C79,U811,I420,I learned something useful about food here. Reference 79,2026-08-08 11:06:31.778023,i learned something useful about food here reference 79,0.0,0,1,0,0.0
C80,U129,I257,Thanks for sharing this information. Reference 80,2026-08-02 16:44:31.778037,thanks for sharing this information reference 80,0.0,0,1,0,0.0
C81,U895,I432,I think this could be improved. Reference 81,2026-06-24 23:01:31.778051,i think this could be improved reference 81,0.0,0,1,0,0.0
C82,U932,I233,I really enjoyed this post about education. Reference 82,2026-07-05 12:22:31.778065,i really enjoyed this post about education reference 82,0.0,0,1,0,0.0
C83,U891,I335,I learned something useful about gaming here. Reference 83,2026-06-30 02:21:31.778082,i learned something useful about gaming here reference 83,0.0,0,1,0,0.0
C84,U800,I496,I have a different opinion about music. Reference 84,2026-06-16 02:27:31.778096,i have a different opinion about music reference 84,0.0,0,1,0,0.0
C85,U709,I203,This is an interesting perspective on music. Reference 85,2026-06-11 10:49:31.778111,this is an interesting perspective on music reference 85,0.0,0,1,0,0.0
C86,U879,I273,The information presented here is useful. Reference 86,2026-06-15 18:43:31.778125,the information presented here is useful reference 86,0.0,0,1,0,0.0
C87,U735,I454,I think this could be improved. Reference 87,2026-06-16 15:07:31.778139,i think this could be improved reference 87,0.0,0,1,0,0.0
C88,U70,I120,I have a different opinion about sports. Reference 88,2026-06-04 20:38:31.778154,i have a different opinion about sports reference 88,0.0,0,1,0,0.0
C89,U92,I222,This is an interesting perspective on gaming. Reference 89,2026-07-02 10:45:31.778168,this is an interesting perspective on gaming reference 89,0.0,0,1,0,0.0
C90,U170,I355,I have a different opinion about technology. Reference 90,2026-08-07 15:30:31.778182,i have a different opinion about technology reference 90,0.0,0,1,0,0.0
C91,U332,I407,I really enjoyed this post about movies. Reference 91,2026-07-10 04:54:31.778198,i really enjoyed this post about movies reference 91,0.0,0,1,0,0.0
C92,U383,I220,I learned something useful about sports here. Reference 92,2026-06-24 11:37:31.778213,i learned something useful about sports here reference 92,0.0,0,1,0,0.0
C93,U421,I289,I learned something useful about education here. Reference 93,2026-07-26 21:32:31.778228,i learned something useful about education here reference 93,0.0,0,1,0,0.0
C94,U80,I312,The information presented here is useful. Reference 94,2026-06-27 12:48:31.778242,the information presented here is useful reference 94,0.0,0,1,0,0.0
C95,U934,I298,I learned something useful about sports here. Reference 95,2026-06-30 20:35:31.778256,i learned something useful about sports here reference 95,0.0,0,1,0,0.0
C96,U653,I130,Click here for amazing deals,2026-06-12 03:14:31.778270,click here for amazing deals,0.5,1,53,1,72.50000000000001
C97,U9,I460,I think this could be improved. Reference 97,2026-06-11 03:43:31.778284,i think this could be improved reference 97,0.0,0,1,0,0.0
C98,U559,I80,This is an interesting perspective on food. Reference 98,2026-07-11 09:05:31.778297,this is an interesting perspective on food reference 98,0.0,0,1,0,0.0
C99,U601,I153,The information presented here is useful. Reference 99,2026-07-01 06:00:31.778312,the information presented here is useful reference 99,0.0,0,1,0,0.0
C100,U865,I154,The explanation of fashion was very clear. Reference 100,2026-06-28 20:23:31.778328,the explanation of fashion was very clear reference 100,0.0,0,1,0,0.0
C101,U109,I121,The information presented here is useful. Reference 101,2026-06-20 12:17:31.778341,the information presented here is useful reference 101,0.0,0,1,0,0.0
C102,U302,I358,I have a different opinion about technology. Reference 102,2026-06-12 22:03:31.778356,i have a different opinion about technology reference 102,0.0,0,1,0,0.0
C103,U405,I140,I really enjoyed this post about technology. Reference 103,2026-06-17 15:16:31.778373,i really enjoyed this post about technology reference 103,0.0,0,1,0,0.0
C104,U763,I254,I have a different opinion about sports. Reference 104,2026-06-17 13:49:31.778389,i have a different opinion about sports reference 104,0.0,0,1,0,0.0
C105,U821,I180,The explanation of sports was very clear. Reference 105,2026-06-16 07:37:31.778404,the explanation of sports was very clear reference 105,0.0,0,1,0,0.0
C106,U256,I347,I learned something useful about gaming here. Reference 106,2026-06-15 17:16:31.778419,i learned something useful about gaming here reference 106,0.0,0,1,0,0.0
C107,U661,I20,I have a different opinion about food. Reference 107,2026-08-08 19:05:31.778433,i have a different opinion about food reference 107,0.0,0,1,0,0.0
C108,U593,I186,I learned something useful about gaming here. Reference 108,2026-07-15 23:18:31.778448,i learned something useful about gaming here reference 108,0.0,0,1,0,0.0
C109,U334,I382,The information presented here is useful. Reference 109,2026-07-24 13:20:31.778464,the information presented here is useful reference 109,0.0,0,1,0,0.0
C110,U135,I402,This was a surprisingly interesting post. Reference 110,2026-06-24 12:19:31.778479,this was a surprisingly interesting post reference 110,0.0,0,1,0,0.0
C111,U513,I467,I have a different opinion about education. Reference 111,2026-07-19 10:37:31.778496,i have a different opinion about education reference 111,0.0,0,1,0,0.0
C112,U935,I422,I think this could be improved. Reference 112,2026-06-04 21:05:31.778512,i think this could be improved reference 112,0.0,0,1,0,0.0
C113,U891,I173,This is an interesting perspective on food. Reference 113,2026-08-04 23:29:31.778526,this is an interesting perspective on food reference 113,0.0,0,1,0,0.0
C114,U144,I386,The explanation of fashion was very clear. Reference 114,2026-06-22 02:30:31.778541,the explanation of fashion was very clear reference 114,0.0,0,1,0,0.0
C115,U374,I46,The information presented here is useful. Reference 115,2026-07-18 18:15:31.778555,the information presented here is useful reference 115,0.0,0,1,0,0.0
C116,U549,I63,I think this could be improved. Reference 116,2026-06-11 14:10:31.778569,i think this could be improved reference 116,0.0,0,1,0,0.0
C117,U766,I344,I have a different opinion about fashion. Reference 117,2026-06-14 17:03:31.778583,i have a different opinion about fashion reference 117,0.0,0,1,0,0.0
C118,U962,I190,This is an interesting perspective on sports. Reference 118,2026-06-29 22:01:31.778597,this is an interesting perspective on sports reference 118,0.0,0,1,0,0.0
C119,U25,I317,This was a surprisingly interesting post. Reference 119,2026-06-17 07:14:31.778611,this was a surprisingly interesting post reference 119,0.0,0,1,0,0.0
C120,U226,I331,This is an interesting perspective on food. Reference 120,2026-06-09 00:27:31.778626,this is an interesting perspective on food reference 120,0.0,0,1,0,0.0
C121,U309,I332,The information presented here is useful. Reference 121,2026-07-30 02:38:31.778640,the information presented here is useful reference 121,0.0,0,1,0,0.0
C122,U46,I484,I really enjoyed this post about movies. Reference 122,2026-06-27 23:49:31.778654,i really enjoyed this post about movies reference 122,0.0,0,1,0,0.0
C123,U118,I49,The explanation of education was very clear. Reference 123,2026-07-07 10:58:31.778668,the explanation of education was very clear reference 123,0.0,0,1,0,0.0
C124,U464,I189,This was a surprisingly interesting post. Reference 124,2026-06-19 08:55:31.778682,this was a surprisingly interesting post reference 124,0.0,0,1,0,0.0
C125,U760,I372,I learned something useful about fashion here. Reference 125,2026-06-13 05:17:31.778696,i learned something useful about fashion here reference 125,0.0,0,1,0,0.0
C126,U101,I426,I think this could be improved. Reference 126,2026-07-17 08:52:31.778710,i think this could be improved reference 126,0.0,0,1,0,0.0
C127,U33,I353,This is worth discussing further. Reference 127,2026-07-02 11:23:31.778724,this is worth discussing further reference 127,0.0,0,1,0,0.0
C128,U455,I486,The explanation of music was very clear. Reference 128,2026-08-02 18:56:31.778738,the explanation of music was very clear reference 128,0.0,0,1,0,0.0
C129,U702,I188,This was a surprisingly interesting post. Reference 129,2026-08-06 07:42:31.778753,this was a surprisingly interesting post reference 129,0.0,0,1,0,0.0
C130,U407,I141,The explanation of gaming was very clear. Reference 130,2026-07-01 10:38:31.778767,the explanation of gaming was very clear reference 130,0.0,0,1,0,0.0
C131,U93,I339,The explanation of technology was very clear. Reference 131,2026-08-07 05:29:31.778782,the explanation of technology was very clear reference 131,0.0,0,1,0,0.0
C132,U805,I170,The explanation of education was very clear. Reference 132,2026-06-21 10:38:31.778796,the explanation of education was very clear reference 132,0.0,0,1,0,0.0
C133,U210,I35,This was a surprisingly interesting post. Reference 133,2026-06-19 11:00:31.778810,this was a surprisingly interesting post reference 133,0.0,0,1,0,0.0
C134,U221,I416,The explanation of music was very clear. Reference 134,2026-07-29 09:38:31.778827,the explanation of music was very clear reference 134,0.0,0,1,0,0.0
C135,U807,I461,Thanks for sharing this information. Reference 135,2026-07-17 14:16:31.778843,thanks for sharing this information reference 135,0.0,0,1,0,0.0
C136,U879,I74,I learned something useful about movies here. Reference 136,2026-07-26 22:47:31.778858,i learned something useful about movies here reference 136,0.0,0,1,0,0.0
C137,U112,I338,I really enjoyed this post about education. Reference 137,2026-08-10 11:31:31.778872,i really enjoyed this post about education reference 137,0.0,0,1,0,0.0
C138,U366,I404,The explanation of music was very clear. Reference 138,2026-08-10 09:30:31.778886,the explanation of music was very clear reference 138,0.0,0,1,0,0.0
C139,U178,I135,I really enjoyed this post about education. Reference 139,2026-06-05 07:40:31.778903,i really enjoyed this post about education reference 139,0.0,0,1,0,0.0
C140,U431,I269,This is an interesting perspective on gaming. Reference 140,2026-06-29 11:36:31.778924,this is an interesting perspective on gaming reference 140,0.0,0,1,0,0.0
C141,U459,I398,This is worth discussing further. Reference 141,2026-07-01 16:33:31.778939,this is worth discussing further reference 141,0.0,0,1,0,0.0
C142,U515,I113,Thanks for sharing this information. Reference 142,2026-06-06 15:17:31.778953,thanks for sharing this information reference 142,0.0,0,1,0,0.0
C143,U802,I465,You must buy this product,2026-07-01 03:22:31.778967,you must buy this product,0.0,0,51,1,45.0
C144,U658,I493,I really enjoyed this post about technology. Reference 144,2026-06-29 05:37:31.778981,i really enjoyed this post about technology reference 144,0.0,0,1,0,0.0
C145,U867,I205,The information presented here is useful. Reference 145,2026-06-28 04:58:31.778995,the information presented here is useful reference 145,0.0,0,1,0,0.0
C146,U729,I465,I think this could be improved. Reference 146,2026-08-04 11:29:31.779009,i think this could be improved reference 146,0.0,0,1,0,0.0
C147,U329,I311,I learned something useful about gaming here. Reference 147,2026-07-31 08:18:31.779023,i learned something useful about gaming here reference 147,0.0,0,1,0,0.0
C148,U281,I319,Thanks for sharing this information. Reference 148,2026-07-08 03:53:31.779037,thanks for sharing this information reference 148,0.0,0,1,0,0.0
C149,U611,I271,I have a different opinion about food. Reference 149,2026-06-26 19:35:31.779052,i have a different opinion about food reference 149,0.0,0,1,0,0.0
C150,U619,I220,This is an interesting perspective on gaming. Reference 150,2026-06-13 05:44:31.779066,this is an interesting perspective on gaming reference 150,0.0,0,1,0,0.0
C151,U666,I449,This was a surprisingly interesting post. Reference 151,2026-07-03 16:28:31.779080,this was a surprisingly interesting post reference 151,0.0,0,1,0,0.0
C152,U462,I454,The explanation of fashion was very clear. Reference 152,2026-07-11 23:34:31.779094,the explanation of fashion was very clear reference 152,0.0,0,1,0,0.0
C153,U847,I232,The information presented here is useful. Reference 153,2026-06-06 10:07:31.779108,the information presented here is useful reference 153,0.0,0,1,0,0.0
C154,U97,I160,The information presented here is useful. Reference 154,2026-06-12 07:01:31.779122,the information presented here is useful reference 154,0.0,0,1,0,0.0
C155,U261,I191,I learned something useful about food here. Reference 155,2026-08-05 17:19:31.779138,i learned something useful about food here reference 155,0.0,0,1,0,0.0
C156,U93,I425,This is an interesting perspective on gaming. Reference 156,2026-07-03 12:32:31.779152,this is an interesting perspective on gaming reference 156,0.0,0,1,0,0.0
C157,U98,I381,This is worth discussing further. Reference 157,2026-06-22 04:34:31.779166,this is worth discussing further reference 157,0.0,0,1,0,0.0
C158,U61,I300,This was a surprisingly interesting post. Reference 158,2026-06-11 20:19:31.779180,this was a surprisingly interesting post reference 158,0.0,0,1,0,0.0
C159,U125,I210,This is worth discussing further. Reference 159,2026-06-07 04:48:31.779194,this is worth discussing further reference 159,0.0,0,1,0,0.0
C160,U52,I495,I have a different opinion about movies. Reference 160,2026-07-10 19:48:31.779208,i have a different opinion about movies reference 160,0.0,0,1,0,0.0
C161,U106,I295,This was a surprisingly interesting post. Reference 161,2026-07-28 17:58:31.779222,this was a surprisingly interesting post reference 161,0.0,0,1,0,0.0
C162,U672,I246,The explanation of gaming was very clear. Reference 162,2026-07-10 23:08:31.779236,the explanation of gaming was very clear reference 162,0.0,0,1,0,0.0
C163,U865,I284,This is worth discussing further. Reference 163,2026-06-03 10:02:31.779250,this is worth discussing further reference 163,0.0,0,1,0,0.0
C164,U285,I293,The explanation of fashion was very clear. Reference 164,2026-06-21 18:32:31.779264,the explanation of fashion was very clear reference 164,0.0,0,1,0,0.0
C165,U997,I392,Thanks for sharing this information. Reference 165,2026-06-17 09:36:31.779279,thanks for sharing this information reference 165,0.0,0,1,0,0.0
C166,U951,I336,I have a different opinion about technology. Reference 166,2026-07-26 09:51:31.779295,i have a different opinion about technology reference 166,0.0,0,1,0,0.0
C167,U279,I359,I have a different opinion about music. Reference 167,2026-07-10 21:09:31.779312,i have a different opinion about music reference 167,0.0,0,1,0,0.0
C168,U6,I92,I learned something useful about fashion here. Reference 168,2026-08-05 11:58:31.779326,i learned something useful about fashion here reference 168,0.0,0,1,0,0.0
C169,U145,I379,I really enjoyed this post about gaming. Reference 169,2026-06-04 22:04:31.779341,i really enjoyed this post about gaming reference 169,0.0,0,1,0,0.0
C170,U543,I110,The information presented here is useful. Reference 170,2026-07-01 12:58:31.779356,the information presented here is useful reference 170,0.0,0,1,0,0.0
C171,U349,I80,This is worth discussing further. Reference 171,2026-06-07 03:37:31.779370,this is worth discussing further reference 171,0.0,0,1,0,0.0
C172,U332,I397,Thanks for sharing this information. Reference 172,2026-08-07 01:03:31.779384,thanks for sharing this information reference 172,0.0,0,1,0,0.0
C173,U159,I80,Thanks for sharing this information. Reference 173,2026-06-11 11:40:31.779399,thanks for sharing this information reference 173,0.0,0,1,0,0.0
C174,U83,I139,I think this could be improved. Reference 174,2026-06-28 15:02:31.779415,i think this could be improved reference 174,0.0,0,1,0,0.0
C175,U621,I226,Click here for amazing deals,2026-07-23 05:03:31.779429,click here for amazing deals,0.5,1,53,1,72.50000000000001
C176,U773,I262,This is an interesting perspective on music. Reference 176,2026-07-03 16:49:31.779445,this is an interesting perspective on music reference 176,0.0,0,1,0,0.0
C177,U113,I145,Thanks for sharing this information. Reference 177,2026-06-24 20:52:31.779459,thanks for sharing this information reference 177,0.0,0,1,0,0.0
C178,U683,I157,I really enjoyed this post about sports. Reference 178,2026-07-06 20:31:31.779473,i really enjoyed this post about sports reference 178,0.0,0,1,0,0.0
C179,U613,I28,I really enjoyed this post about sports. Reference 179,2026-07-15 09:31:31.779488,i really enjoyed this post about sports reference 179,0.0,0,1,0,0.0
C180,U968,I108,I learned something useful about movies here. Reference 180,2026-07-16 11:40:31.779502,i learned something useful about movies here reference 180,0.0,0,1,0,0.0
C181,U335,I61,I really enjoyed this post about food. Reference 181,2026-06-04 20:06:31.779516,i really enjoyed this post about food reference 181,0.0,0,1,0,0.0
C182,U440,I89,I learned something useful about fashion here. Reference 182,2026-06-24 08:32:31.779531,i learned something useful about fashion here reference 182,0.0,0,1,0,0.0
C183,U720,I117,This was a surprisingly interesting post. Reference 183,2026-08-05 06:31:31.779546,this was a surprisingly interesting post reference 183,0.0,0,1,0,0.0
C184,U406,I441,I really enjoyed this post about fashion. Reference 184,2026-08-10 03:02:31.779560,i really enjoyed this post about fashion reference 184,0.0,0,1,0,0.0
C185,U470,I471,This is an interesting perspective on music. Reference 185,2026-06-20 10:13:31.779574,this is an interesting perspective on music reference 185,0.0,0,1,0,0.0
C186,U439,I293,The information presented here is useful. Reference 186,2026-07-16 11:31:31.779588,the information presented here is useful reference 186,0.0,0,1,0,0.0
C187,U117,I207,I really enjoyed this post about music. Reference 187,2026-07-27 04:31:31.779602,i really enjoyed this post about music reference 187,0.0,0,1,0,0.0
C188,U820,I485,Thanks for sharing this information. Reference 188,2026-06-10 01:30:31.779616,thanks for sharing this information reference 188,0.0,0,1,0,0.0
C189,U941,I185,This is an interesting perspective on fashion. Reference 189,2026-08-02 04:43:31.779630,this is an interesting perspective on fashion reference 189,0.0,0,1,0,0.0
C190,U249,I223,Thanks for sharing this information. Reference 190,2026-06-25 03:22:31.779644,thanks for sharing this information reference 190,0.0,0,1,0,0.0
C191,U80,I202,I have a different opinion about music. Reference 191,2026-07-22 15:57:31.779658,i have a different opinion about music reference 191,0.0,0,1,0,0.0
C192,U341,I398,I learned something useful about gaming here. Reference 192,2026-06-26 08:48:31.779673,i learned something useful about gaming here reference 192,0.0,0,1,0,0.0
C193,U648,I58,This was a surprisingly interesting post. Reference 193,2026-07-11 00:45:31.779687,this was a surprisingly interesting post reference 193,0.0,0,1,0,0.0
C194,U359,I372,I learned something useful about sports here. Reference 194,2026-08-02 11:24:31.779701,i learned something useful about sports here reference 194,0.0,0,1,0,0.0
C195,U149,I131,The explanation of education was very clear. Reference 195,2026-06-18 00:01:31.779715,the explanation of education was very clear reference 195,0.0,0,1,0,0.0
C196,U156,I389,This is an interesting perspective on education. Reference 196,2026-06-15 16:12:31.779732,this is an interesting perspective on education reference 196,0.0,0,1,0,0.0
C197,U505,I237,Thanks for sharing this information. Reference 197,2026-06-10 20:01:31.779746,thanks for sharing this information reference 197,0.0,0,1,0,0.0
C198,U946,I451,Thanks for sharing this information. Reference 198,2026-06-15 17:48:31.779764,thanks for sharing this information reference 198,0.0,0,1,0,0.0
C199,U323,I77,I think this could be improved. Reference 199,2026-06-30 03:36:31.779778,i think this could be improved reference 199,0.0,0,1,0,0.0
C200,U452,I323,I have a different opinion about movies. Reference 200,2026-06-19 00:00:31.779792,i have a different opinion about movies reference 200,0.0,0,1,0,0.0
C201,U57,I180,This was a surprisingly interesting post. Reference 201,2026-07-14 13:53:31.779807,this was a surprisingly interesting post reference 201,0.0,0,1,0,0.0
C202,U472,I231,I really enjoyed this post about technology. Reference 202,2026-07-09 06:27:31.779821,i really enjoyed this post about technology reference 202,0.0,0,1,0,0.0
C203,U851,I146,This is an interesting perspective on gaming. Reference 203,2026-06-16 20:28:31.779836,this is an interesting perspective on gaming reference 203,0.0,0,1,0,0.0
C204,U608,I259,The information presented here is useful. Reference 204,2026-06-20 00:14:31.779850,the information presented here is useful reference 204,0.0,0,1,0,0.0
C205,U567,I488,I really enjoyed this post about food. Reference 205,2026-06-20 19:10:31.779864,i really enjoyed this post about food reference 205,0.0,0,1,0,0.0
C206,U667,I96,This is worth discussing further. Reference 206,2026-06-27 04:43:31.779878,this is worth discussing further reference 206,0.0,0,1,0,0.0
C207,U154,I490,I really enjoyed this post about food. Reference 207,2026-08-02 09:52:31.779892,i really enjoyed this post about food reference 207,0.0,0,1,0,0.0
C208,U830,I460,This is worth discussing further. Reference 208,2026-06-26 21:46:31.779906,this is worth discussing further reference 208,0.0,0,1,0,0.0
C209,U661,I88,I really enjoyed this post about sports. Reference 209,2026-06-08 10:09:31.779920,i really enjoyed this post about sports reference 209,0.0,0,1,0,0.0
C210,U448,I224,This was a surprisingly interesting post. Reference 210,2026-07-09 17:02:31.779935,this was a surprisingly interesting post reference 210,0.0,0,1,0,0.0
C211,U381,I469,I have a different opinion about fashion. Reference 211,2026-07-05 15:00:31.779949,i have a different opinion about fashion reference 211,0.0,0,1,0,0.0
C212,U793,I173,Thanks for sharing this information. Reference 212,2026-06-15 09:47:31.779963,thanks for sharing this information reference 212,0.0,0,1,0,0.0
C213,U662,I171,This is an interesting perspective on music. Reference 213,2026-08-03 05:31:31.779977,this is an interesting perspective on music reference 213,0.0,0,1,0,0.0
C214,U571,I347,The information presented here is useful. Reference 214,2026-07-19 21:29:31.779992,the information presented here is useful reference 214,0.0,0,1,0,0.0
C215,U741,I436,Thanks for sharing this information. Reference 215,2026-07-12 11:44:31.780007,thanks for sharing this information reference 215,0.0,0,1,0,0.0
C216,U83,I298,I learned something useful about music here. Reference 216,2026-07-14 14:16:31.780021,i learned something useful about music here reference 216,0.0,0,1,0,0.0
C217,U990,I335,The information presented here is useful. Reference 217,2026-06-18 16:05:31.780035,the information presented here is useful reference 217,0.0,0,1,0,0.0
C218,U725,I480,This is an interesting perspective on movies. Reference 218,2026-06-21 22:59:31.780049,this is an interesting perspective on movies reference 218,0.0,0,1,0,0.0
C219,U385,I329,This is worth discussing further. Reference 219,2026-06-11 20:05:31.780065,this is worth discussing further reference 219,0.0,0,1,0,0.0
C220,U719,I424,This was a surprisingly interesting post. Reference 220,2026-06-14 00:43:31.780079,this was a surprisingly interesting post reference 220,0.0,0,1,0,0.0
C221,U686,I216,This was a surprisingly interesting post. Reference 221,2026-08-10 04:09:31.780093,this was a surprisingly interesting post reference 221,0.0,0,1,0,0.0
C222,U371,I158,I learned something useful about sports here. Reference 222,2026-07-11 17:27:31.780107,i learned something useful about sports here reference 222,0.0,0,1,0,0.0
C223,U970,I392,I think this could be improved. Reference 223,2026-07-22 05:05:31.780121,i think this could be improved reference 223,0.0,0,1,0,0.0
C224,U140,I79,This is an interesting perspective on movies. Reference 224,2026-08-02 15:02:31.780137,this is an interesting perspective on movies reference 224,0.0,0,1,0,0.0
C225,U519,I394,This was a surprisingly interesting post. Reference 225,2026-06-12 13:58:31.780152,this was a surprisingly interesting post reference 225,0.0,0,1,0,0.0
C226,U344,I448,Thanks for sharing this information. Reference 226,2026-06-18 11:16:31.780166,thanks for sharing this information reference 226,0.0,0,1,0,0.0
C227,U385,I78,Click here for amazing deals,2026-06-09 18:26:31.780180,click here for amazing deals,0.5,1,53,1,72.50000000000001
C228,U789,I319,I learned something useful about food here. Reference 228,2026-08-07 20:32:31.780194,i learned something useful about food here reference 228,0.0,0,1,0,0.0
C229,U420,I186,Amazing product buy now,2026-06-17 06:07:31.780295,amazing product buy now,1.0,1,69,1,100.0
C230,U291,I385,I think this could be improved. Reference 230,2026-06-24 05:25:31.780318,i think this could be improved reference 230,0.0,0,1,0,0.0
C231,U244,I158,I think this could be improved. Reference 231,2026-07-09 08:25:31.780335,i think this could be improved reference 231,0.0,0,1,0,0.0
C232,U694,I484,Thanks for sharing this information. Reference 232,2026-06-30 19:25:31.780349,thanks for sharing this information reference 232,0.0,0,1,0,0.0
C233,U787,I144,The information presented here is useful. Reference 233,2026-07-28 01:57:31.780364,the information presented here is useful reference 233,0.0,0,1,0,0.0
C234,U836,I102,Thanks for sharing this information. Reference 234,2026-07-20 01:50:31.780378,thanks for sharing this information reference 234,0.0,0,1,0,0.0
C235,U53,I328,I think this could be improved. Reference 235,2026-06-22 08:34:31.780392,i think this could be improved reference 235,0.0,0,1,0,0.0
C236,U956,I52,This was a surprisingly interesting post. Reference 236,2026-07-16 21:15:31.780406,this was a surprisingly interesting post reference 236,0.0,0,1,0,0.0
C237,U85,I390,Best product ever buy now,2026-07-01 22:25:31.780421,best product ever buy now,0.5,1,75,1,72.50000000000001
C238,U927,I262,I learned something useful about fashion here. Reference 238,2026-08-03 11:37:31.780435,i learned something useful about fashion here reference 238,0.0,0,1,0,0.0
C239,U969,I466,The explanation of food was very clear. Reference 239,2026-07-11 00:18:31.780449,the explanation of food was very clear reference 239,0.0,0,1,0,0.0
C240,U952,I13,The information presented here is useful. Reference 240,2026-07-06 17:54:31.780465,the information presented here is useful reference 240,0.0,0,1,0,0.0
C241,U514,I191,The explanation of fashion was very clear. Reference 241,2026-08-04 09:42:31.780480,the explanation of fashion was very clear reference 241,0.0,0,1,0,0.0
C242,U383,I114,I really enjoyed this post about music. Reference 242,2026-08-02 19:31:31.780495,i really enjoyed this post about music reference 242,0.0,0,1,0,0.0
C243,U859,I365,This is worth discussing further. Reference 243,2026-07-30 07:23:31.780509,this is worth discussing further reference 243,0.0,0,1,0,0.0
C244,U39,I146,I think this could be improved. Reference 244,2026-06-03 18:16:31.780524,i think this could be improved reference 244,0.0,0,1,0,0.0
C245,U722,I240,I think this could be improved. Reference 245,2026-08-04 14:54:31.780538,i think this could be improved reference 245,0.0,0,1,0,0.0
C246,U19,I131,The explanation of education was very clear. Reference 246,2026-06-22 21:06:31.780553,the explanation of education was very clear reference 246,0.0,0,1,0,0.0
C247,U962,I372,Thanks for sharing this information. Reference 247,2026-08-01 17:05:31.780568,thanks for sharing this information reference 247,0.0,0,1,0,0.0
C248,U794,I147,The explanation of movies was very clear. Reference 248,2026-07-31 17:48:31.780582,the explanation of movies was very clear reference 248,0.0,0,1,0,0.0
C249,U48,I122,The information presented here is useful. Reference 249,2026-08-06 02:46:31.780597,the information presented here is useful reference 249,0.0,0,1,0,0.0
C250,U113,I428,I think this could be improved. Reference 250,2026-06-15 07:27:31.780611,i think this could be improved reference 250,0.0,0,1,0,0.0
C251,U527,I294,The explanation of education was very clear. Reference 251,2026-07-16 07:41:31.780626,the explanation of education was very clear reference 251,0.0,0,1,0,0.0
C252,U439,I0,Thanks for sharing this information. Reference 252,2026-07-20 22:27:31.780642,thanks for sharing this information reference 252,0.0,0,1,0,0.0
C253,U584,I213,I learned something useful about gaming here. Reference 253,2026-06-25 04:24:31.780657,i learned something useful about gaming here reference 253,0.0,0,1,0,0.0
C254,U998,I184,This is an interesting perspective on technology. Reference 254,2026-07-07 07:01:31.780672,this is an interesting perspective on technology reference 254,0.0,0,1,0,0.0
C255,U894,I240,I really enjoyed this post about fashion. Reference 255,2026-07-08 20:29:31.780686,i really enjoyed this post about fashion reference 255,0.0,0,1,0,0.0
C256,U259,I382,I really enjoyed this post about music. Reference 256,2026-08-05 16:23:31.780701,i really enjoyed this post about music reference 256,0.0,0,1,0,0.0
C257,U353,I123,This is an interesting perspective on music. Reference 257,2026-07-30 16:32:31.780716,this is an interesting perspective on music reference 257,0.0,0,1,0,0.0
C258,U45,I180,This was a surprisingly interesting post. Reference 258,2026-06-14 07:46:31.780730,this was a surprisingly interesting post reference 258,0.0,0,1,0,0.0
C259,U179,I425,I think this could be improved. Reference 259,2026-06-15 07:56:31.780750,i think this could be improved reference 259,0.0,0,1,0,0.0
C260,U186,I415,I learned something useful about gaming here. Reference 260,2026-06-07 15:45:31.780766,i learned something useful about gaming here reference 260,0.0,0,1,0,0.0
C261,U794,I483,I think this could be improved. Reference 261,2026-07-16 02:56:31.780780,i think this could be improved reference 261,0.0,0,1,0,0.0
C262,U206,I22,The explanation of technology was very clear. Reference 262,2026-07-14 02:33:31.780798,the explanation of technology was very clear reference 262,0.0,0,1,0,0.0
C263,U955,I158,This was a surprisingly interesting post. Reference 263,2026-06-23 09:42:31.780815,this was a surprisingly interesting post reference 263,0.0,0,1,0,0.0
C264,U484,I129,I really enjoyed this post about sports. Reference 264,2026-07-16 18:57:31.780830,i really enjoyed this post about sports reference 264,0.0,0,1,0,0.0
C265,U365,I441,I really enjoyed this post about music. Reference 265,2026-07-17 23:07:31.780845,i really enjoyed this post about music reference 265,0.0,0,1,0,0.0
C266,U127,I409,This is worth discussing further. Reference 266,2026-07-06 10:07:31.780859,this is worth discussing further reference 266,0.0,0,1,0,0.0
C267,U761,I225,The information presented here is useful. Reference 267,2026-07-25 19:52:31.780874,the information presented here is useful reference 267,0.0,0,1,0,0.0
C268,U508,I354,I think this could be improved. Reference 268,2026-06-25 13:36:31.780888,i think this could be improved reference 268,0.0,0,1,0,0.0
C269,U273,I410,This is an interesting perspective on fashion. Reference 269,2026-08-04 15:33:31.780903,this is an interesting perspective on fashion reference 269,0.0,0,1,0,0.0
C270,U440,I308,I learned something useful about movies here. Reference 270,2026-07-13 14:17:31.780926,i learned something useful about movies here reference 270,0.0,0,1,0,0.0
C271,U105,I40,This is worth discussing further. Reference 271,2026-07-14 22:25:31.780941,this is worth discussing further reference 271,0.0,0,1,0,0.0
C272,U456,I308,The information presented here is useful. Reference 272,2026-06-10 01:10:31.780955,the information presented here is useful reference 272,0.0,0,1,0,0.0
C273,U454,I179,I think this could be improved. Reference 273,2026-06-06 16:13:31.780968,i think this could be improved reference 273,0.0,0,1,0,0.0
C274,U890,I466,Best product ever buy now,2026-07-17 20:12:31.780982,best product ever buy now,0.5,1,75,1,72.50000000000001
C275,U654,I405,I really enjoyed this post about gaming. Reference 275,2026-06-11 17:45:31.780996,i really enjoyed this post about gaming reference 275,0.0,0,1,0,0.0
C276,U652,I207,This is worth discussing further. Reference 276,2026-08-08 23:57:31.781010,this is worth discussing further reference 276,0.0,0,1,0,0.0
C277,U146,I434,Thanks for sharing this information. Reference 277,2026-08-08 15:57:31.781024,thanks for sharing this information reference 277,0.0,0,1,0,0.0
C278,U129,I34,The explanation of music was very clear. Reference 278,2026-07-09 20:51:31.781039,the explanation of music was very clear reference 278,0.0,0,1,0,0.0
C279,U392,I486,Thanks for sharing this information. Reference 279,2026-06-17 18:08:31.781053,thanks for sharing this information reference 279,0.0,0,1,0,0.0
C280,U157,I347,I think this could be improved. Reference 280,2026-07-08 23:18:31.781072,i think this could be improved reference 280,0.0,0,1,0,0.0
C281,U454,I390,This is an interesting perspective on education. Reference 281,2026-06-24 15:21:31.781086,this is an interesting perspective on education reference 281,0.0,0,1,0,0.0
C282,U375,I203,This is worth discussing further. Reference 282,2026-07-20 02:41:31.781100,this is worth discussing further reference 282,0.0,0,1,0,0.0
C283,U983,I58,I really enjoyed this post about education. Reference 283,2026-06-27 09:48:31.781115,i really enjoyed this post about education reference 283,0.0,0,1,0,0.0
C284,U530,I198,This was a surprisingly interesting post. Reference 284,2026-07-19 00:07:31.781128,this was a surprisingly interesting post reference 284,0.0,0,1,0,0.0
C285,U793,I133,I think this could be improved. Reference 285,2026-06-17 03:19:31.781142,i think this could be improved reference 285,0.0,0,1,0,0.0
C286,U292,I355,I think this could be improved. Reference 286,2026-07-31 16:04:31.781156,i think this could be improved reference 286,0.0,0,1,0,0.0
C287,U138,I436,This is an interesting perspective on food. Reference 287,2026-07-27 02:48:31.781172,this is an interesting perspective on food reference 287,0.0,0,1,0,0.0
C288,U920,I365,I think this could be improved. Reference 288,2026-06-10 18:17:31.781186,i think this could be improved reference 288,0.0,0,1,0,0.0
C289,U990,I432,This is worth discussing further. Reference 289,2026-06-08 05:58:31.781202,this is worth discussing further reference 289,0.0,0,1,0,0.0
C290,U66,I281,This was a surprisingly interesting post. Reference 290,2026-07-15 12:43:31.781216,this was a surprisingly interesting post reference 290,0.0,0,1,0,0.0
C291,U871,I80,I learned something useful about music here. Reference 291,2026-06-26 12:35:31.781231,i learned something useful about music here reference 291,0.0,0,1,0,0.0
C292,U229,I62,The explanation of education was very clear. Reference 292,2026-07-21 06:49:31.781245,the explanation of education was very clear reference 292,0.0,0,1,0,0.0
C293,U809,I252,I really enjoyed this post about music. Reference 293,2026-06-22 09:42:31.781261,i really enjoyed this post about music reference 293,0.0,0,1,0,0.0
C294,U586,I188,I think this could be improved. Reference 294,2026-06-17 03:09:31.781276,i think this could be improved reference 294,0.0,0,1,0,0.0
C295,U905,I44,Best product ever buy now,2026-07-06 14:11:31.781290,best product ever buy now,0.5,1,75,1,72.50000000000001
C296,U734,I368,I think this could be improved. Reference 296,2026-07-05 13:33:31.781304,i think this could be improved reference 296,0.0,0,1,0,0.0
C297,U843,I294,This is an interesting perspective on education. Reference 297,2026-07-13 23:25:31.781320,this is an interesting perspective on education reference 297,0.0,0,1,0,0.0
C298,U657,I37,I think this could be improved. Reference 298,2026-06-10 22:15:31.781350,i think this could be improved reference 298,0.0,0,1,0,0.0
C299,U529,I176,I learned something useful about education here. Reference 299,2026-07-31 02:06:31.781519,i learned something useful about education here reference 299,0.0,0,1,0,0.0
C300,U443,I257,I really enjoyed this post about gaming. Reference 300,2026-06-25 16:10:31.781637,i really enjoyed this post about gaming reference 300,0.0,0,1,0,0.0
C301,U156,I155,I learned something useful about education here. Reference 301,2026-07-13 11:07:31.781682,i learned something useful about education here reference 301,0.0,0,1,0,0.0
C302,U957,I363,The explanation of music was very clear. Reference 302,2026-06-25 14:26:31.781714,the explanation of music was very clear reference 302,0.0,0,1,0,0.0
C303,U916,I145,This is an interesting perspective on movies. Reference 303,2026-07-24 23:09:31.781742,this is an interesting perspective on movies reference 303,0.0,0,1,0,0.0
C304,U650,I489,This was a surprisingly interesting post. Reference 304,2026-07-31 10:32:31.781831,this was a surprisingly interesting post reference 304,0.0,0,1,0,0.0
C305,U640,I155,Thanks for sharing this information. Reference 305,2026-06-27 02:05:31.781862,thanks for sharing this information reference 305,0.0,0,1,0,0.0
C306,U656,I86,Thanks for sharing this information. Reference 306,2026-07-27 05:59:31.781881,thanks for sharing this information reference 306,0.0,0,1,0,0.0
C307,U674,I319,Thanks for sharing this information. Reference 307,2026-06-21 12:44:31.781896,thanks for sharing this information reference 307,0.0,0,1,0,0.0
C308,U42,I422,I really enjoyed this post about gaming. Reference 308,2026-08-07 16:40:31.781912,i really enjoyed this post about gaming reference 308,0.0,0,1,0,0.0
C309,U971,I328,Thanks for sharing this information. Reference 309,2026-06-13 13:34:31.781940,thanks for sharing this information reference 309,0.0,0,1,0,0.0
C310,U215,I392,Thanks for sharing this information. Reference 310,2026-06-16 13:42:31.781956,thanks for sharing this information reference 310,0.0,0,1,0,0.0
C311,U654,I15,I think this could be improved. Reference 311,2026-06-14 09:42:31.781972,i think this could be improved reference 311,0.0,0,1,0,0.0
C312,U979,I154,I think this could be improved. Reference 312,2026-06-10 11:35:31.781987,i think this could be improved reference 312,0.0,0,1,0,0.0
C313,U415,I152,I think this could be improved. Reference 313,2026-06-10 03:41:31.782001,i think this could be improved reference 313,0.0,0,1,0,0.0
C314,U61,I80,I think this could be improved. Reference 314,2026-06-28 18:07:31.782015,i think this could be improved reference 314,0.0,0,1,0,0.0
C315,U475,I104,This is worth discussing further. Reference 315,2026-07-14 09:08:31.782028,this is worth discussing further reference 315,0.0,0,1,0,0.0
C316,U882,I367,This is worth discussing further. Reference 316,2026-07-06 12:58:31.782042,this is worth discussing further reference 316,0.0,0,1,0,0.0
C317,U133,I389,This is worth discussing further. Reference 317,2026-07-13 18:51:31.782058,this is worth discussing further reference 317,0.0,0,1,0,0.0
C318,U247,I238,This is an interesting perspective on movies. Reference 318,2026-07-01 21:49:31.782072,this is an interesting perspective on movies reference 318,0.0,0,1,0,0.0
C319,U253,I72,This is an interesting perspective on technology. Reference 319,2026-07-16 10:00:31.782087,this is an interesting perspective on technology reference 319,0.0,0,1,0,0.0
C320,U968,I196,Thanks for sharing this information. Reference 320,2026-07-20 05:37:31.782100,thanks for sharing this information reference 320,0.0,0,1,0,0.0
C321,U985,I443,I learned something useful about music here. Reference 321,2026-06-20 06:00:31.782114,i learned something useful about music here reference 321,0.0,0,1,0,0.0
C322,U738,I160,The explanation of education was very clear. Reference 322,2026-06-27 11:30:31.782129,the explanation of education was very clear reference 322,0.0,0,1,0,0.0
C323,U527,I239,I think this could be improved. Reference 323,2026-06-27 13:27:31.782142,i think this could be improved reference 323,0.0,0,1,0,0.0
C324,U23,I46,The information presented here is useful. Reference 324,2026-07-20 22:06:31.782156,the information presented here is useful reference 324,0.0,0,1,0,0.0
C325,U220,I298,This is worth discussing further. Reference 325,2026-08-07 05:34:31.782174,this is worth discussing further reference 325,0.0,0,1,0,0.0
C326,U288,I253,Thanks for sharing this information. Reference 326,2026-07-16 19:45:31.782188,thanks for sharing this information reference 326,0.0,0,1,0,0.0
C327,U549,I4,This is an interesting perspective on fashion. Reference 327,2026-07-30 15:23:31.782202,this is an interesting perspective on fashion reference 327,0.0,0,1,0,0.0
C328,U903,I135,Best deal available now,2026-07-09 12:34:31.782215,best deal available now,0.5,1,52,1,72.50000000000001
C329,U46,I205,I really enjoyed this post about sports. Reference 329,2026-07-09 20:02:31.782229,i really enjoyed this post about sports reference 329,0.0,0,1,0,0.0
C330,U566,I147,This is an interesting perspective on fashion. Reference 330,2026-06-26 22:25:31.782243,this is an interesting perspective on fashion reference 330,0.0,0,1,0,0.0
C331,U461,I391,Amazing product buy now,2026-06-16 02:29:31.782257,amazing product buy now,1.0,1,69,1,100.0
C332,U696,I312,This is an interesting perspective on education. Reference 332,2026-08-03 00:46:31.782272,this is an interesting perspective on education reference 332,0.0,0,1,0,0.0
C333,U403,I191,This is worth discussing further. Reference 333,2026-06-04 02:44:31.782286,this is worth discussing further reference 333,0.0,0,1,0,0.0
C334,U147,I101,Thanks for sharing this information. Reference 334,2026-06-27 07:32:31.782299,thanks for sharing this information reference 334,0.0,0,1,0,0.0
C335,U41,I23,I really enjoyed this post about education. Reference 335,2026-06-07 21:07:31.782313,i really enjoyed this post about education reference 335,0.0,0,1,0,0.0
C336,U341,I411,I think this could be improved. Reference 336,2026-07-29 06:37:31.782327,i think this could be improved reference 336,0.0,0,1,0,0.0
C337,U620,I457,This was a surprisingly interesting post. Reference 337,2026-07-12 23:31:31.782342,this was a surprisingly interesting post reference 337,0.0,0,1,0,0.0
C338,U953,I313,This is worth discussing further. Reference 338,2026-07-07 01:33:31.782355,this is worth discussing further reference 338,0.0,0,1,0,0.0
C339,U631,I378,I have a different opinion about music. Reference 339,2026-06-26 15:44:31.782689,i have a different opinion about music reference 339,0.0,0,1,0,0.0
C340,U848,I260,This was a surprisingly interesting post. Reference 340,2026-06-08 07:43:31.782734,this was a surprisingly interesting post reference 340,0.0,0,1,0,0.0
C341,U576,I153,I think this could be improved. Reference 341,2026-07-09 07:17:31.782763,i think this could be improved reference 341,0.0,0,1,0,0.0
C342,U339,I344,This is an interesting perspective on fashion. Reference 342,2026-06-19 16:51:31.782789,this is an interesting perspective on fashion reference 342,0.0,0,1,0,0.0
C343,U315,I407,I really enjoyed this post about food. Reference 343,2026-07-18 15:55:31.782825,i really enjoyed this post about food reference 343,0.0,0,1,0,0.0
C344,U990,I335,Best product ever buy now,2026-06-07 04:03:31.782851,best product ever buy now,0.5,1,75,1,72.50000000000001
C345,U52,I298,I think this could be improved. Reference 345,2026-06-25 02:46:31.782876,i think this could be improved reference 345,0.0,0,1,0,0.0
C346,U644,I369,Thanks for sharing this information. Reference 346,2026-07-29 09:09:31.782904,thanks for sharing this information reference 346,0.0,0,1,0,0.0
C347,U841,I348,The explanation of technology was very clear. Reference 347,2026-06-20 17:11:31.782929,the explanation of technology was very clear reference 347,0.0,0,1,0,0.0
C348,U970,I358,This is an interesting perspective on sports. Reference 348,2026-08-10 02:36:31.782953,this is an interesting perspective on sports reference 348,0.0,0,1,0,0.0
C349,U451,I160,The information presented here is useful. Reference 349,2026-07-05 05:51:31.782968,the information presented here is useful reference 349,0.0,0,1,0,0.0
C350,U707,I104,You must buy this product,2026-06-05 20:31:31.782982,you must buy this product,0.0,0,51,1,45.0
C351,U744,I31,I learned something useful about sports here. Reference 351,2026-06-21 18:42:31.782997,i learned something useful about sports here reference 351,0.0,0,1,0,0.0
C352,U332,I339,I think this could be improved. Reference 352,2026-07-14 06:34:31.783012,i think this could be improved reference 352,0.0,0,1,0,0.0
C353,U979,I88,I think this could be improved. Reference 353,2026-06-23 02:37:31.783027,i think this could be improved reference 353,0.0,0,1,0,0.0
C354,U362,I346,I have a different opinion about food. Reference 354,2026-07-25 07:58:31.783042,i have a different opinion about food reference 354,0.0,0,1,0,0.0
C355,U980,I126,I have a different opinion about movies. Reference 355,2026-07-22 08:45:31.783056,i have a different opinion about movies reference 355,0.0,0,1,0,0.0
C356,U964,I498,I have a different opinion about movies. Reference 356,2026-06-08 16:06:31.783070,i have a different opinion about movies reference 356,0.0,0,1,0,0.0
C357,U212,I353,I think this could be improved. Reference 357,2026-06-29 03:50:31.783086,i think this could be improved reference 357,0.0,0,1,0,0.0
C358,U357,I286,I have a different opinion about movies. Reference 358,2026-07-31 17:44:31.783100,i have a different opinion about movies reference 358,0.0,0,1,0,0.0
C359,U587,I346,This was a surprisingly interesting post. Reference 359,2026-07-06 22:06:31.783114,this was a surprisingly interesting post reference 359,0.0,0,1,0,0.0
C360,U838,I176,I learned something useful about movies here. Reference 360,2026-08-08 00:05:31.783128,i learned something useful about movies here reference 360,0.0,0,1,0,0.0
C361,U294,I489,This is an interesting perspective on music. Reference 361,2026-07-02 13:35:31.783142,this is an interesting perspective on music reference 361,0.0,0,1,0,0.0
C362,U671,I131,I think this could be improved. Reference 362,2026-07-24 10:33:31.783155,i think this could be improved reference 362,0.0,0,1,0,0.0
C363,U847,I275,I have a different opinion about movies. Reference 363,2026-07-30 08:06:31.783169,i have a different opinion about movies reference 363,0.0,0,1,0,0.0
C364,U111,I315,Thanks for sharing this information. Reference 364,2026-07-20 18:19:31.783183,thanks for sharing this information reference 364,0.0,0,1,0,0.0
C365,U51,I342,This was a surprisingly interesting post. Reference 365,2026-06-14 18:22:31.783199,this was a surprisingly interesting post reference 365,0.0,0,1,0,0.0
C366,U238,I26,This is an interesting perspective on fashion. Reference 366,2026-07-12 18:26:31.783213,this is an interesting perspective on fashion reference 366,0.0,0,1,0,0.0
C367,U734,I241,This is an interesting perspective on education. Reference 367,2026-08-11 08:39:31.783227,this is an interesting perspective on education reference 367,0.0,0,1,0,0.0
C368,U987,I281,I learned something useful about fashion here. Reference 368,2026-06-13 09:43:31.783242,i learned something useful about fashion here reference 368,0.0,0,1,0,0.0
C369,U957,I450,I think this could be improved. Reference 369,2026-06-13 14:51:31.783256,i think this could be improved reference 369,0.0,0,1,0,0.0
C370,U204,I387,I have a different opinion about music. Reference 370,2026-07-16 20:29:31.783270,i have a different opinion about music reference 370,0.0,0,1,0,0.0
C371,U661,I30,This is an interesting perspective on sports. Reference 371,2026-06-24 02:55:31.783285,this is an interesting perspective on sports reference 371,0.0,0,1,0,0.0
C372,U756,I370,Click here for amazing deals,2026-07-04 19:05:31.783299,click here for amazing deals,0.5,1,53,1,72.50000000000001
C373,U903,I428,I learned something useful about technology here. Reference 373,2026-07-06 16:44:31.783314,i learned something useful about technology here reference 373,0.0,0,1,0,0.0
C374,U806,I253,I learned something useful about movies here. Reference 374,2026-08-08 10:08:31.783330,i learned something useful about movies here reference 374,0.0,0,1,0,0.0
C375,U9,I152,Thanks for sharing this information. Reference 375,2026-07-12 08:04:31.783346,thanks for sharing this information reference 375,0.0,0,1,0,0.0
C376,U291,I232,This was a surprisingly interesting post. Reference 376,2026-07-30 14:49:31.783360,this was a surprisingly interesting post reference 376,0.0,0,1,0,0.0
C377,U871,I258,I think this could be improved. Reference 377,2026-07-25 06:46:31.783374,i think this could be improved reference 377,0.0,0,1,0,0.0
C378,U828,I57,This is worth discussing further. Reference 378,2026-06-06 06:49:31.783388,this is worth discussing further reference 378,0.0,0,1,0,0.0
C379,U469,I331,I have a different opinion about education. Reference 379,2026-08-10 13:12:31.783401,i have a different opinion about education reference 379,0.0,0,1,0,0.0
C380,U754,I172,Click here for amazing deals,2026-07-26 20:36:31.783415,click here for amazing deals,0.5,1,53,1,72.50000000000001
C381,U625,I438,The information presented here is useful. Reference 381,2026-06-25 22:20:31.783429,the information presented here is useful reference 381,0.0,0,1,0,0.0
C382,U335,I44,Best product ever buy now,2026-07-26 00:19:31.783443,best product ever buy now,0.5,1,75,1,72.50000000000001
C383,U143,I244,This is worth discussing further. Reference 383,2026-08-11 05:03:31.783456,this is worth discussing further reference 383,0.0,0,1,0,0.0
C384,U267,I196,Best product ever buy now,2026-06-04 05:22:31.783471,best product ever buy now,0.5,1,75,1,72.50000000000001
C385,U273,I488,This is worth discussing further. Reference 385,2026-06-19 19:34:31.783485,this is worth discussing further reference 385,0.0,0,1,0,0.0
C386,U740,I293,Amazing product buy now,2026-06-13 07:59:31.783499,amazing product buy now,1.0,1,69,1,100.0
C387,U368,I354,The explanation of technology was very clear. Reference 387,2026-06-12 01:10:31.783512,the explanation of technology was very clear reference 387,0.0,0,1,0,0.0
C388,U121,I238,I have a different opinion about education. Reference 388,2026-07-05 22:20:31.783526,i have a different opinion about education reference 388,0.0,0,1,0,0.0
C389,U702,I257,I have a different opinion about gaming. Reference 389,2026-06-14 16:41:31.783544,i have a different opinion about gaming reference 389,0.0,0,1,0,0.0
C390,U938,I481,I have a different opinion about music. Reference 390,2026-06-16 21:18:31.783558,i have a different opinion about music reference 390,0.0,0,1,0,0.0
C391,U226,I112,I learned something useful about food here. Reference 391,2026-07-28 21:20:31.783572,i learned something useful about food here reference 391,0.0,0,1,0,0.0
C392,U465,I382,Thanks for sharing this information. Reference 392,2026-07-04 23:33:31.783586,thanks for sharing this information reference 392,0.0,0,1,0,0.0
C393,U718,I281,Best product ever buy now,2026-06-03 11:40:31.783602,best product ever buy now,0.5,1,75,1,72.50000000000001
C394,U253,I348,Thanks for sharing this information. Reference 394,2026-06-24 23:59:31.783616,thanks for sharing this information reference 394,0.0,0,1,0,0.0
C395,U457,I270,This is worth discussing further. Reference 395,2026-06-21 11:32:31.783630,this is worth discussing further reference 395,0.0,0,1,0,0.0
C396,U114,I31,This was a surprisingly interesting post. Reference 396,2026-06-20 16:53:31.783643,this was a surprisingly interesting post reference 396,0.0,0,1,0,0.0
C397,U549,I76,I learned something useful about music here. Reference 397,2026-06-25 11:16:31.783657,i learned something useful about music here reference 397,0.0,0,1,0,0.0
C398,U452,I59,The explanation of food was very clear. Reference 398,2026-08-03 13:19:31.783671,the explanation of food was very clear reference 398,0.0,0,1,0,0.0
C399,U920,I261,I think this could be improved. Reference 399,2026-07-01 13:26:31.783684,i think this could be improved reference 399,0.0,0,1,0,0.0
C400,U135,I262,The information presented here is useful. Reference 400,2026-06-21 12:06:31.783698,the information presented here is useful reference 400,0.0,0,1,0,0.0
C401,U59,I286,I think this could be improved. Reference 401,2026-06-06 23:57:31.783712,i think this could be improved reference 401,0.0,0,1,0,0.0
C402,U22,I202,I have a different opinion about technology. Reference 402,2026-06-04 22:44:31.783727,i have a different opinion about technology reference 402,0.0,0,1,0,0.0
C403,U223,I296,This is an interesting perspective on technology. Reference 403,2026-07-04 06:24:31.783742,this is an interesting perspective on technology reference 403,0.0,0,1,0,0.0
C404,U352,I358,This is an interesting perspective on technology. Reference 404,2026-08-05 13:12:31.783756,this is an interesting perspective on technology reference 404,0.0,0,1,0,0.0
C405,U956,I241,I really enjoyed this post about movies. Reference 405,2026-07-05 14:47:31.783770,i really enjoyed this post about movies reference 405,0.0,0,1,0,0.0
C406,U184,I393,I learned something useful about fashion here. Reference 406,2026-07-08 17:57:31.783784,i learned something useful about fashion here reference 406,0.0,0,1,0,0.0
C407,U912,I195,I think this could be improved. Reference 407,2026-07-08 15:22:31.783797,i think this could be improved reference 407,0.0,0,1,0,0.0
C408,U82,I349,This was a surprisingly interesting post. Reference 408,2026-06-13 08:18:31.783811,this was a surprisingly interesting post reference 408,0.0,0,1,0,0.0
C409,U880,I178,Amazing product buy now,2026-06-23 22:19:31.783825,amazing product buy now,1.0,1,69,1,100.0
C410,U402,I270,I learned something useful about sports here. Reference 410,2026-08-11 12:23:31.783839,i learned something useful about sports here reference 410,0.0,0,1,0,0.0
C411,U774,I11,I have a different opinion about food. Reference 411,2026-06-11 12:42:31.783853,i have a different opinion about food reference 411,0.0,0,1,0,0.0
C412,U736,I278,The information presented here is useful. Reference 412,2026-07-21 22:16:31.783868,the information presented here is useful reference 412,0.0,0,1,0,0.0
C413,U253,I235,This is worth discussing further. Reference 413,2026-07-17 17:49:31.783882,this is worth discussing further reference 413,0.0,0,1,0,0.0
C414,U193,I479,This is an interesting perspective on technology. Reference 414,2026-06-12 17:45:31.783896,this is an interesting perspective on technology reference 414,0.0,0,1,0,0.0
C415,U429,I314,I really enjoyed this post about sports. Reference 415,2026-07-24 01:47:31.783910,i really enjoyed this post about sports reference 415,0.0,0,1,0,0.0
C416,U68,I51,Thanks for sharing this information. Reference 416,2026-07-02 04:43:31.783923,thanks for sharing this information reference 416,0.0,0,1,0,0.0
C417,U612,I344,I really enjoyed this post about sports. Reference 417,2026-06-05 10:14:31.783937,i really enjoyed this post about sports reference 417,0.0,0,1,0,0.0
C418,U45,I205,I think this could be improved. Reference 418,2026-06-23 16:51:31.783950,i think this could be improved reference 418,0.0,0,1,0,0.0
C419,U222,I386,I really enjoyed this post about education. Reference 419,2026-06-26 23:12:31.783963,i really enjoyed this post about education reference 419,0.0,0,1,0,0.0
C420,U296,I119,Thanks for sharing this information. Reference 420,2026-06-20 06:28:31.783979,thanks for sharing this information reference 420,0.0,0,1,0,0.0
C421,U612,I395,This is worth discussing further. Reference 421,2026-07-15 08:46:31.783993,this is worth discussing further reference 421,0.0,0,1,0,0.0
C422,U897,I73,This was a surprisingly interesting post. Reference 422,2026-07-05 04:32:31.784008,this was a surprisingly interesting post reference 422,0.0,0,1,0,0.0
C423,U307,I140,I really enjoyed this post about education. Reference 423,2026-06-15 20:28:31.784022,i really enjoyed this post about education reference 423,0.0,0,1,0,0.0
C424,U695,I218,This was a surprisingly interesting post. Reference 424,2026-08-07 13:33:31.784036,this was a surprisingly interesting post reference 424,0.0,0,1,0,0.0
C425,U995,I176,The information presented here is useful. Reference 425,2026-06-09 10:52:31.784050,the information presented here is useful reference 425,0.0,0,1,0,0.0
C426,U426,I209,Click here for amazing deals,2026-07-08 13:35:31.784063,click here for amazing deals,0.5,1,53,1,72.50000000000001
C427,U188,I386,This was a surprisingly interesting post. Reference 427,2026-07-20 21:34:31.784077,this was a surprisingly interesting post reference 427,0.0,0,1,0,0.0
C428,U869,I115,I have a different opinion about education. Reference 428,2026-06-30 16:29:31.784091,i have a different opinion about education reference 428,0.0,0,1,0,0.0
C429,U936,I29,This was a surprisingly interesting post. Reference 429,2026-07-04 22:06:31.784104,this was a surprisingly interesting post reference 429,0.0,0,1,0,0.0
C430,U570,I271,I learned something useful about fashion here. Reference 430,2026-07-20 17:27:31.784118,i learned something useful about fashion here reference 430,0.0,0,1,0,0.0
C431,U261,I104,This is worth discussing further. Reference 431,2026-07-01 21:24:31.784134,this is worth discussing further reference 431,0.0,0,1,0,0.0
C432,U867,I189,This is an interesting perspective on sports. Reference 432,2026-08-07 03:23:31.784148,this is an interesting perspective on sports reference 432,0.0,0,1,0,0.0
C433,U274,I193,Thanks for sharing this information. Reference 433,2026-08-05 04:59:31.784161,thanks for sharing this information reference 433,0.0,0,1,0,0.0
C434,U192,I411,Thanks for sharing this information. Reference 434,2026-06-29 04:43:31.784175,thanks for sharing this information reference 434,0.0,0,1,0,0.0
C435,U213,I445,This is worth discussing further. Reference 435,2026-08-10 10:29:31.784188,this is worth discussing further reference 435,0.0,0,1,0,0.0
C436,U216,I479,The explanation of gaming was very clear. Reference 436,2026-06-04 20:24:31.784203,the explanation of gaming was very clear reference 436,0.0,0,1,0,0.0
C437,U772,I245,The explanation of sports was very clear. Reference 437,2026-07-06 17:31:31.784217,the explanation of sports was very clear reference 437,0.0,0,1,0,0.0
C438,U937,I122,This was a surprisingly interesting post. Reference 438,2026-07-17 01:37:31.784230,this was a surprisingly interesting post reference 438,0.0,0,1,0,0.0
C439,U389,I238,This was a surprisingly interesting post. Reference 439,2026-07-14 18:13:31.784244,this was a surprisingly interesting post reference 439,0.0,0,1,0,0.0
C440,U267,I184,This was a surprisingly interesting post. Reference 440,2026-06-30 09:58:31.784257,this was a surprisingly interesting post reference 440,0.0,0,1,0,0.0
C441,U100,I411,I think this could be improved. Reference 441,2026-07-24 08:14:31.784271,i think this could be improved reference 441,0.0,0,1,0,0.0
C442,U379,I160,The information presented here is useful. Reference 442,2026-06-21 15:07:31.784284,the information presented here is useful reference 442,0.0,0,1,0,0.0
C443,U884,I113,I learned something useful about technology here. Reference 443,2026-07-19 02:18:31.784298,i learned something useful about technology here reference 443,0.0,0,1,0,0.0
C444,U566,I478,Thanks for sharing this information. Reference 444,2026-07-15 23:07:31.784311,thanks for sharing this information reference 444,0.0,0,1,0,0.0
C445,U156,I100,This is worth discussing further. Reference 445,2026-07-08 06:12:31.784325,this is worth discussing further reference 445,0.0,0,1,0,0.0
C446,U583,I426,The explanation of food was very clear. Reference 446,2026-06-22 17:05:31.784338,the explanation of food was very clear reference 446,0.0,0,1,0,0.0
C447,U670,I483,Amazing product buy now,2026-06-28 08:34:31.784352,amazing product buy now,1.0,1,69,1,100.0
C448,U989,I370,I think this could be improved. Reference 448,2026-07-27 12:28:31.784365,i think this could be improved reference 448,0.0,0,1,0,0.0
C449,U750,I407,This is worth discussing further. Reference 449,2026-07-30 02:14:31.784390,this is worth discussing further reference 449,0.0,0,1,0,0.0
C450,U737,I279,I think this could be improved. Reference 450,2026-06-23 11:40:31.784407,i think this could be improved reference 450,0.0,0,1,0,0.0
C451,U657,I490,I really enjoyed this post about technology. Reference 451,2026-08-05 01:36:31.784421,i really enjoyed this post about technology reference 451,0.0,0,1,0,0.0
C452,U967,I418,I really enjoyed this post about technology. Reference 452,2026-07-05 07:05:31.784436,i really enjoyed this post about technology reference 452,0.0,0,1,0,0.0
C453,U140,I431,The explanation of gaming was very clear. Reference 453,2026-06-08 11:08:31.784452,the explanation of gaming was very clear reference 453,0.0,0,1,0,0.0
C454,U154,I4,The explanation of food was very clear. Reference 454,2026-07-08 20:42:31.784466,the explanation of food was very clear reference 454,0.0,0,1,0,0.0
C455,U61,I316,Thanks for sharing this information. Reference 455,2026-06-12 19:45:31.784480,thanks for sharing this information reference 455,0.0,0,1,0,0.0
C456,U499,I8,I really enjoyed this post about fashion. Reference 456,2026-08-10 18:05:31.784494,i really enjoyed this post about fashion reference 456,0.0,0,1,0,0.0
C457,U17,I271,I have a different opinion about movies. Reference 457,2026-08-10 06:32:31.784508,i have a different opinion about movies reference 457,0.0,0,1,0,0.0
C458,U514,I416,The information presented here is useful. Reference 458,2026-08-02 02:12:31.784522,the information presented here is useful reference 458,0.0,0,1,0,0.0
C459,U940,I49,Amazing product buy now,2026-07-20 21:34:31.784537,amazing product buy now,1.0,1,69,1,100.0
C460,U196,I317,This was a surprisingly interesting post. Reference 460,2026-07-10 13:41:31.784551,this was a surprisingly interesting post reference 460,0.0,0,1,0,0.0
C461,U273,I407,The information presented here is useful. Reference 461,2026-07-08 21:02:31.784564,the information presented here is useful reference 461,0.0,0,1,0,0.0
C462,U982,I207,I think this could be improved. Reference 462,2026-06-09 08:50:31.784578,i think this could be improved reference 462,0.0,0,1,0,0.0
C463,U231,I153,This is an interesting perspective on technology. Reference 463,2026-08-03 07:43:31.784592,this is an interesting perspective on technology reference 463,0.0,0,1,0,0.0
C464,U415,I194,The information presented here is useful. Reference 464,2026-08-06 17:23:31.784606,the information presented here is useful reference 464,0.0,0,1,0,0.0
C465,U652,I4,I learned something useful about gaming here. Reference 465,2026-06-27 08:01:31.784620,i learned something useful about gaming here reference 465,0.0,0,1,0,0.0
C466,U865,I222,This is worth discussing further. Reference 466,2026-06-24 18:12:31.784634,this is worth discussing further reference 466,0.0,0,1,0,0.0
C467,U941,I21,Best product ever buy now,2026-06-09 19:39:31.784651,best product ever buy now,0.5,1,75,1,72.50000000000001
C468,U908,I290,I think this could be improved. Reference 468,2026-08-07 14:16:31.784665,i think this could be improved reference 468,0.0,0,1,0,0.0
C469,U946,I38,I have a different opinion about technology. Reference 469,2026-07-26 12:10:31.784680,i have a different opinion about technology reference 469,0.0,0,1,0,0.0
C470,U951,I435,This is worth discussing further. Reference 470,2026-07-23 23:26:31.784694,this is worth discussing further reference 470,0.0,0,1,0,0.0
C471,U601,I73,The information presented here is useful. Reference 471,2026-07-15 14:12:31.784711,the information presented here is useful reference 471,0.0,0,1,0,0.0
C472,U166,I288,The explanation of fashion was very clear. Reference 472,2026-06-11 04:58:31.784726,the explanation of fashion was very clear reference 472,0.0,0,1,0,0.0
C473,U918,I276,This is worth discussing further. Reference 473,2026-06-04 01:19:31.784740,this is worth discussing further reference 473,0.0,0,1,0,0.0
C474,U757,I71,This is an interesting perspective on music. Reference 474,2026-08-06 22:40:31.784754,this is an interesting perspective on music reference 474,0.0,0,1,0,0.0
C475,U100,I223,The explanation of gaming was very clear. Reference 475,2026-07-11 19:56:31.784768,the explanation of gaming was very clear reference 475,0.0,0,1,0,0.0
C476,U619,I393,Thanks for sharing this information. Reference 476,2026-07-13 03:00:31.784782,thanks for sharing this information reference 476,0.0,0,1,0,0.0
C477,U30,I324,I have a different opinion about food. Reference 477,2026-06-28 04:14:31.784796,i have a different opinion about food reference 477,0.0,0,1,0,0.0
C478,U233,I182,This was a surprisingly interesting post. Reference 478,2026-07-03 12:35:31.784812,this was a surprisingly interesting post reference 478,0.0,0,1,0,0.0
C479,U190,I348,You must buy this product,2026-08-04 00:46:31.784825,you must buy this product,0.0,0,51,1,45.0
C480,U790,I316,I have a different opinion about sports. Reference 480,2026-06-07 22:10:31.784839,i have a different opinion about sports reference 480,0.0,0,1,0,0.0
C481,U75,I42,I have a different opinion about education. Reference 481,2026-07-08 05:51:31.784853,i have a different opinion about education reference 481,0.0,0,1,0,0.0
C482,U728,I401,I learned something useful about fashion here. Reference 482,2026-07-14 00:11:31.784867,i learned something useful about fashion here reference 482,0.0,0,1,0,0.0
C483,U369,I54,This is an interesting perspective on technology. Reference 483,2026-07-14 18:33:31.784880,this is an interesting perspective on technology reference 483,0.0,0,1,0,0.0
C484,U455,I184,I have a different opinion about gaming. Reference 484,2026-07-30 18:31:31.784896,i have a different opinion about gaming reference 484,0.0,0,1,0,0.0
C485,U89,I95,The information presented here is useful. Reference 485,2026-06-22 03:13:31.784910,the information presented here is useful reference 485,0.0,0,1,0,0.0
C486,U568,I262,The information presented here is useful. Reference 486,2026-08-09 10:36:31.784924,the information presented here is useful reference 486,0.0,0,1,0,0.0
C487,U91,I181,This was a surprisingly interesting post. Reference 487,2026-06-18 11:58:31.784937,this was a surprisingly interesting post reference 487,0.0,0,1,0,0.0
C488,U612,I401,This is worth discussing further. Reference 488,2026-08-10 17:01:31.784953,this is worth discussing further reference 488,0.0,0,1,0,0.0
C489,U298,I211,The information presented here is useful. Reference 489,2026-06-06 20:32:31.784967,the information presented here is useful reference 489,0.0,0,1,0,0.0
C490,U922,I286,The explanation of education was very clear. Reference 490,2026-06-10 10:53:31.784981,the explanation of education was very clear reference 490,0.0,0,1,0,0.0
C491,U389,I86,I learned something useful about movies here. Reference 491,2026-07-15 10:09:31.784994,i learned something useful about movies here reference 491,0.0,0,1,0,0.0
C492,U274,I252,I learned something useful about gaming here. Reference 492,2026-07-27 14:42:31.785008,i learned something useful about gaming here reference 492,0.0,0,1,0,0.0
C493,U445,I141,The information presented here is useful. Reference 493,2026-06-28 18:09:31.785021,the information presented here is useful reference 493,0.0,0,1,0,0.0
C494,U801,I39,This is worth discussing further. Reference 494,2026-07-20 09:17:31.785034,this is worth discussing further reference 494,0.0,0,1,0,0.0
C495,U738,I320,I think this could be improved. Reference 495,2026-07-01 03:46:31.785048,i think this could be improved reference 495,0.0,0,1,0,0.0
C496,U109,I69,I have a different opinion about technology. Reference 496,2026-07-06 19:34:31.785061,i have a different opinion about technology reference 496,0.0,0,1,0,0.0
C497,U340,I430,Thanks for sharing this information. Reference 497,2026-07-12 20:05:31.785074,thanks for sharing this information reference 497,0.0,0,1,0,0.0
C498,U450,I171,The information presented here is useful. Reference 498,2026-07-15 11:40:31.785088,the information presented here is useful reference 498,0.0,0,1,0,0.0
C499,U328,I308,The explanation of food was very clear. Reference 499,2026-07-14 05:38:31.785102,the explanation of food was very clear reference 499,0.0,0,1,0,0.0
C500,U181,I493,The information presented here is useful. Reference 500,2026-07-16 07:18:31.785115,the information presented here is useful reference 500,0.0,0,1,0,0.0
C501,U752,I355,I think this could be improved. Reference 501,2026-07-13 04:04:31.785129,i think this could be improved reference 501,0.0,0,1,0,0.0
C502,U385,I143,The information presented here is useful. Reference 502,2026-08-01 11:11:31.785143,the information presented here is useful reference 502,0.0,0,1,0,0.0
C503,U954,I288,The explanation of education was very clear. Reference 503,2026-06-10 18:45:31.785158,the explanation of education was very clear reference 503,0.0,0,1,0,0.0
C504,U786,I281,I really enjoyed this post about food. Reference 504,2026-06-08 08:31:31.785172,i really enjoyed this post about food reference 504,0.0,0,1,0,0.0
C505,U214,I224,I have a different opinion about gaming. Reference 505,2026-07-05 14:11:31.785186,i have a different opinion about gaming reference 505,0.0,0,1,0,0.0
C506,U689,I255,I learned something useful about movies here. Reference 506,2026-07-20 19:16:31.785202,i learned something useful about movies here reference 506,0.0,0,1,0,0.0
C507,U258,I337,I learned something useful about fashion here. Reference 507,2026-07-08 12:26:31.785216,i learned something useful about fashion here reference 507,0.0,0,1,0,0.0
C508,U75,I229,Thanks for sharing this information. Reference 508,2026-06-19 20:03:31.785230,thanks for sharing this information reference 508,0.0,0,1,0,0.0
C509,U410,I273,This was a surprisingly interesting post. Reference 509,2026-06-23 08:22:31.785244,this was a surprisingly interesting post reference 509,0.0,0,1,0,0.0
C510,U37,I404,This is worth discussing further. Reference 510,2026-08-01 21:03:31.785258,this is worth discussing further reference 510,0.0,0,1,0,0.0
C511,U787,I127,Amazing product buy now,2026-06-13 22:35:31.785271,amazing product buy now,1.0,1,69,1,100.0
C512,U627,I22,Thanks for sharing this information. Reference 512,2026-06-04 07:43:31.785285,thanks for sharing this information reference 512,0.0,0,1,0,0.0
C513,U339,I494,The information presented here is useful. Reference 513,2026-08-10 20:56:31.785298,the information presented here is useful reference 513,0.0,0,1,0,0.0
C514,U100,I132,The explanation of sports was very clear. Reference 514,2026-07-02 06:09:31.785312,the explanation of sports was very clear reference 514,0.0,0,1,0,0.0
C515,U383,I200,I think this could be improved. Reference 515,2026-07-11 10:23:31.785326,i think this could be improved reference 515,0.0,0,1,0,0.0
C516,U25,I247,This is an interesting perspective on movies. Reference 516,2026-07-04 23:16:31.785345,this is an interesting perspective on movies reference 516,0.0,0,1,0,0.0
C517,U942,I492,This is an interesting perspective on gaming. Reference 517,2026-06-06 08:56:31.785362,this is an interesting perspective on gaming reference 517,0.0,0,1,0,0.0
C518,U145,I178,I have a different opinion about music. Reference 518,2026-07-01 09:17:31.785376,i have a different opinion about music reference 518,0.0,0,1,0,0.0
C519,U803,I105,This was a surprisingly interesting post. Reference 519,2026-07-11 03:06:31.785390,this was a surprisingly interesting post reference 519,0.0,0,1,0,0.0
C520,U487,I49,I think this could be improved. Reference 520,2026-07-13 19:18:31.785403,i think this could be improved reference 520,0.0,0,1,0,0.0
C521,U68,I153,I really enjoyed this post about gaming. Reference 521,2026-08-09 18:38:31.785417,i really enjoyed this post about gaming reference 521,0.0,0,1,0,0.0
C522,U869,I175,This is an interesting perspective on education. Reference 522,2026-06-05 10:21:31.785431,this is an interesting perspective on education reference 522,0.0,0,1,0,0.0
C523,U249,I264,I learned something useful about education here. Reference 523,2026-07-12 16:55:31.785445,i learned something useful about education here reference 523,0.0,0,1,0,0.0
C524,U573,I218,I think this could be improved. Reference 524,2026-07-05 23:08:31.785459,i think this could be improved reference 524,0.0,0,1,0,0.0
C525,U644,I94,Best product ever buy now,2026-07-06 19:49:31.785472,best product ever buy now,0.5,1,75,1,72.50000000000001
C526,U29,I377,Thanks for sharing this information. Reference 526,2026-07-01 21:52:31.785486,thanks for sharing this information reference 526,0.0,0,1,0,0.0
C527,U606,I219,The information presented here is useful. Reference 527,2026-06-08 16:27:31.785501,the information presented here is useful reference 527,0.0,0,1,0,0.0
C528,U219,I105,I have a different opinion about gaming. Reference 528,2026-06-20 06:44:31.785515,i have a different opinion about gaming reference 528,0.0,0,1,0,0.0
C529,U104,I409,This was a surprisingly interesting post. Reference 529,2026-07-09 12:53:31.785529,this was a surprisingly interesting post reference 529,0.0,0,1,0,0.0
C530,U333,I100,I think this could be improved. Reference 530,2026-07-18 22:51:31.785542,i think this could be improved reference 530,0.0,0,1,0,0.0
C531,U686,I441,I think this could be improved. Reference 531,2026-06-18 11:52:31.785555,i think this could be improved reference 531,0.0,0,1,0,0.0
C532,U397,I312,The information presented here is useful. Reference 532,2026-07-11 03:55:31.785569,the information presented here is useful reference 532,0.0,0,1,0,0.0
C533,U360,I432,I think this could be improved. Reference 533,2026-06-11 12:30:31.785582,i think this could be improved reference 533,0.0,0,1,0,0.0
C534,U722,I409,I have a different opinion about gaming. Reference 534,2026-06-11 15:44:31.785596,i have a different opinion about gaming reference 534,0.0,0,1,0,0.0
C535,U137,I160,This is an interesting perspective on sports. Reference 535,2026-07-15 00:52:31.785612,this is an interesting perspective on sports reference 535,0.0,0,1,0,0.0
C536,U119,I93,This is worth discussing further. Reference 536,2026-06-26 08:04:31.785625,this is worth discussing further reference 536,0.0,0,1,0,0.0
C537,U397,I214,Thanks for sharing this information. Reference 537,2026-06-20 12:18:31.785639,thanks for sharing this information reference 537,0.0,0,1,0,0.0
C538,U392,I216,I learned something useful about food here. Reference 538,2026-06-14 23:42:31.785652,i learned something useful about food here reference 538,0.0,0,1,0,0.0
C539,U550,I355,I learned something useful about education here. Reference 539,2026-06-28 06:20:31.785666,i learned something useful about education here reference 539,0.0,0,1,0,0.0
C540,U295,I71,I learned something useful about music here. Reference 540,2026-07-01 18:45:31.785680,i learned something useful about music here reference 540,0.0,0,1,0,0.0
C541,U634,I27,This is worth discussing further. Reference 541,2026-06-28 17:20:31.785693,this is worth discussing further reference 541,0.0,0,1,0,0.0
C542,U139,I99,The information presented here is useful. Reference 542,2026-07-05 14:12:31.785707,the information presented here is useful reference 542,0.0,0,1,0,0.0
C543,U701,I251,The information presented here is useful. Reference 543,2026-06-28 08:24:31.785720,the information presented here is useful reference 543,0.0,0,1,0,0.0
C544,U171,I42,Thanks for sharing this information. Reference 544,2026-06-03 13:25:31.785735,thanks for sharing this information reference 544,0.0,0,1,0,0.0
C545,U225,I149,I really enjoyed this post about movies. Reference 545,2026-07-22 08:48:31.785749,i really enjoyed this post about movies reference 545,0.0,0,1,0,0.0
C546,U550,I147,I learned something useful about food here. Reference 546,2026-06-21 08:18:31.785763,i learned something useful about food here reference 546,0.0,0,1,0,0.0
C547,U760,I395,I think this could be improved. Reference 547,2026-06-20 16:52:31.785778,i think this could be improved reference 547,0.0,0,1,0,0.0
C548,U116,I137,This was a surprisingly interesting post. Reference 548,2026-06-23 11:52:31.785791,this was a surprisingly interesting post reference 548,0.0,0,1,0,0.0
C549,U842,I387,I really enjoyed this post about food. Reference 549,2026-06-23 02:27:31.785805,i really enjoyed this post about food reference 549,0.0,0,1,0,0.0
C550,U223,I217,This is an interesting perspective on sports. Reference 550,2026-07-15 17:37:31.785819,this is an interesting perspective on sports reference 550,0.0,0,1,0,0.0
C551,U895,I16,I think this could be improved. Reference 551,2026-07-11 02:30:31.785832,i think this could be improved reference 551,0.0,0,1,0,0.0
C552,U882,I418,This is an interesting perspective on food. Reference 552,2026-08-01 03:32:31.785846,this is an interesting perspective on food reference 552,0.0,0,1,0,0.0
C553,U794,I415,The explanation of sports was very clear. Reference 553,2026-06-05 16:38:31.785860,the explanation of sports was very clear reference 553,0.0,0,1,0,0.0
C554,U602,I352,Amazing product buy now,2026-07-27 17:23:31.785873,amazing product buy now,1.0,1,69,1,100.0
C555,U630,I71,The explanation of sports was very clear. Reference 555,2026-08-06 10:18:31.785887,the explanation of sports was very clear reference 555,0.0,0,1,0,0.0
C556,U583,I179,This was a surprisingly interesting post. Reference 556,2026-06-18 12:07:31.785900,this was a surprisingly interesting post reference 556,0.0,0,1,0,0.0
C557,U551,I86,This is worth discussing further. Reference 557,2026-07-16 11:55:31.785914,this is worth discussing further reference 557,0.0,0,1,0,0.0
C558,U586,I136,This was a surprisingly interesting post. Reference 558,2026-07-30 11:47:31.785927,this was a surprisingly interesting post reference 558,0.0,0,1,0,0.0
C559,U985,I384,The information presented here is useful. Reference 559,2026-07-17 14:09:31.785940,the information presented here is useful reference 559,0.0,0,1,0,0.0
C560,U887,I335,I learned something useful about education here. Reference 560,2026-07-20 02:33:31.785955,i learned something useful about education here reference 560,0.0,0,1,0,0.0
C561,U149,I364,This is worth discussing further. Reference 561,2026-06-03 12:31:31.785969,this is worth discussing further reference 561,0.0,0,1,0,0.0
C562,U863,I346,The information presented here is useful. Reference 562,2026-07-29 21:24:31.785982,the information presented here is useful reference 562,0.0,0,1,0,0.0
C563,U591,I323,I have a different opinion about fashion. Reference 563,2026-07-08 16:24:31.785997,i have a different opinion about fashion reference 563,0.0,0,1,0,0.0
C564,U462,I38,This is an interesting perspective on fashion. Reference 564,2026-06-25 21:36:31.786011,this is an interesting perspective on fashion reference 564,0.0,0,1,0,0.0
C565,U767,I142,This is worth discussing further. Reference 565,2026-06-28 09:50:31.786025,this is worth discussing further reference 565,0.0,0,1,0,0.0
C566,U335,I297,I really enjoyed this post about gaming. Reference 566,2026-06-06 07:14:31.786039,i really enjoyed this post about gaming reference 566,0.0,0,1,0,0.0
C567,U995,I234,This is worth discussing further. Reference 567,2026-06-24 04:30:31.786052,this is worth discussing further reference 567,0.0,0,1,0,0.0
C568,U407,I111,The information presented here is useful. Reference 568,2026-06-27 19:15:31.786066,the information presented here is useful reference 568,0.0,0,1,0,0.0
C569,U274,I165,I have a different opinion about music. Reference 569,2026-06-23 00:21:31.786079,i have a different opinion about music reference 569,0.0,0,1,0,0.0
C570,U591,I66,Thanks for sharing this information. Reference 570,2026-07-11 13:04:31.786092,thanks for sharing this information reference 570,0.0,0,1,0,0.0
C571,U915,I349,I really enjoyed this post about technology. Reference 571,2026-08-02 18:27:31.786106,i really enjoyed this post about technology reference 571,0.0,0,1,0,0.0
C572,U641,I401,I think this could be improved. Reference 572,2026-07-31 12:34:31.786121,i think this could be improved reference 572,0.0,0,1,0,0.0
C573,U951,I439,I learned something useful about food here. Reference 573,2026-07-01 06:42:31.786135,i learned something useful about food here reference 573,0.0,0,1,0,0.0
C574,U0,I490,The information presented here is useful. Reference 574,2026-06-10 03:43:31.786149,the information presented here is useful reference 574,0.0,0,1,0,0.0
C575,U931,I67,I have a different opinion about education. Reference 575,2026-07-17 21:22:31.786163,i have a different opinion about education reference 575,0.0,0,1,0,0.0
C576,U95,I335,This is worth discussing further. Reference 576,2026-08-04 07:55:31.786177,this is worth discussing further reference 576,0.0,0,1,0,0.0
C577,U380,I340,I learned something useful about technology here. Reference 577,2026-07-06 18:09:31.786191,i learned something useful about technology here reference 577,0.0,0,1,0,0.0
C578,U640,I156,The explanation of fashion was very clear. Reference 578,2026-06-13 04:03:31.786204,the explanation of fashion was very clear reference 578,0.0,0,1,0,0.0
C579,U93,I360,This is an interesting perspective on technology. Reference 579,2026-07-23 09:45:31.786220,this is an interesting perspective on technology reference 579,0.0,0,1,0,0.0
C580,U488,I39,I learned something useful about sports here. Reference 580,2026-06-25 13:14:31.786236,i learned something useful about sports here reference 580,0.0,0,1,0,0.0
C581,U696,I227,I really enjoyed this post about technology. Reference 581,2026-06-09 12:25:31.786249,i really enjoyed this post about technology reference 581,0.0,0,1,0,0.0
C582,U351,I418,This is an interesting perspective on fashion. Reference 582,2026-06-09 15:50:31.786263,this is an interesting perspective on fashion reference 582,0.0,0,1,0,0.0
C583,U135,I244,This is an interesting perspective on sports. Reference 583,2026-07-07 23:09:31.786277,this is an interesting perspective on sports reference 583,0.0,0,1,0,0.0
C584,U91,I374,Click here for amazing deals,2026-07-14 07:27:31.786293,click here for amazing deals,0.5,1,53,1,72.50000000000001
C585,U376,I451,I have a different opinion about education. Reference 585,2026-07-07 23:54:31.786306,i have a different opinion about education reference 585,0.0,0,1,0,0.0
C586,U792,I416,I learned something useful about education here. Reference 586,2026-08-05 14:32:31.786321,i learned something useful about education here reference 586,0.0,0,1,0,0.0
C587,U543,I288,I really enjoyed this post about education. Reference 587,2026-07-02 18:34:31.786334,i really enjoyed this post about education reference 587,0.0,0,1,0,0.0
C588,U359,I369,The explanation of education was very clear. Reference 588,2026-07-05 08:35:31.786348,the explanation of education was very clear reference 588,0.0,0,1,0,0.0
C589,U630,I351,I think this could be improved. Reference 589,2026-08-03 22:36:31.786362,i think this could be improved reference 589,0.0,0,1,0,0.0
C590,U918,I51,I learned something useful about gaming here. Reference 590,2026-06-19 04:02:31.786375,i learned something useful about gaming here reference 590,0.0,0,1,0,0.0
C591,U747,I196,This is worth discussing further. Reference 591,2026-07-14 04:56:31.786397,this is worth discussing further reference 591,0.0,0,1,0,0.0
C592,U810,I71,The explanation of movies was very clear. Reference 592,2026-06-14 03:47:31.786412,the explanation of movies was very clear reference 592,0.0,0,1,0,0.0
C593,U86,I127,This was a surprisingly interesting post. Reference 593,2026-06-09 23:36:31.786426,this was a surprisingly interesting post reference 593,0.0,0,1,0,0.0
C594,U27,I434,I have a different opinion about sports. Reference 594,2026-06-25 16:56:31.786443,i have a different opinion about sports reference 594,0.0,0,1,0,0.0
C595,U621,I260,The explanation of fashion was very clear. Reference 595,2026-07-15 22:21:31.786457,the explanation of fashion was very clear reference 595,0.0,0,1,0,0.0
C596,U661,I27,The explanation of food was very clear. Reference 596,2026-07-07 17:00:31.786471,the explanation of food was very clear reference 596,0.0,0,1,0,0.0
C597,U115,I123,I think this could be improved. Reference 597,2026-06-24 17:55:31.786484,i think this could be improved reference 597,0.0,0,1,0,0.0
C598,U910,I6,This is worth discussing further. Reference 598,2026-07-30 19:39:31.786498,this is worth discussing further reference 598,0.0,0,1,0,0.0
C599,U396,I440,Thanks for sharing this information. Reference 599,2026-07-09 13:43:31.786511,thanks for sharing this information reference 599,0.0,0,1,0,0.0
C600,U559,I349,I learned something useful about food here. Reference 600,2026-08-05 04:31:31.786525,i learned something useful about food here reference 600,0.0,0,1,0,0.0
C601,U17,I300,This is an interesting perspective on technology. Reference 601,2026-07-18 23:13:31.786541,this is an interesting perspective on technology reference 601,0.0,0,1,0,0.0
C602,U220,I20,I really enjoyed this post about fashion. Reference 602,2026-06-26 17:16:31.786555,i really enjoyed this post about fashion reference 602,0.0,0,1,0,0.0
C603,U293,I321,This was a surprisingly interesting post. Reference 603,2026-07-04 06:40:31.786569,this was a surprisingly interesting post reference 603,0.0,0,1,0,0.0
C604,U718,I205,This is an interesting perspective on education. Reference 604,2026-07-17 13:50:31.786583,this is an interesting perspective on education reference 604,0.0,0,1,0,0.0
C605,U85,I158,This is an interesting perspective on sports. Reference 605,2026-07-28 16:33:31.786597,this is an interesting perspective on sports reference 605,0.0,0,1,0,0.0
C606,U549,I167,The information presented here is useful. Reference 606,2026-07-14 14:24:31.786611,the information presented here is useful reference 606,0.0,0,1,0,0.0
C607,U715,I223,The explanation of technology was very clear. Reference 607,2026-07-20 13:54:31.786625,the explanation of technology was very clear reference 607,0.0,0,1,0,0.0
C608,U88,I473,The information presented here is useful. Reference 608,2026-07-01 13:34:31.786638,the information presented here is useful reference 608,0.0,0,1,0,0.0
C609,U626,I311,I really enjoyed this post about movies. Reference 609,2026-06-12 04:54:31.786652,i really enjoyed this post about movies reference 609,0.0,0,1,0,0.0
C610,U759,I336,I learned something useful about gaming here. Reference 610,2026-08-10 16:18:31.786666,i learned something useful about gaming here reference 610,0.0,0,1,0,0.0
C611,U724,I70,I really enjoyed this post about education. Reference 611,2026-06-27 15:33:31.786682,i really enjoyed this post about education reference 611,0.0,0,1,0,0.0
C612,U975,I177,This was a surprisingly interesting post. Reference 612,2026-07-27 15:14:31.786696,this was a surprisingly interesting post reference 612,0.0,0,1,0,0.0
C613,U380,I64,I have a different opinion about gaming. Reference 613,2026-08-09 03:51:31.786710,i have a different opinion about gaming reference 613,0.0,0,1,0,0.0
C614,U343,I413,The information presented here is useful. Reference 614,2026-06-25 03:36:31.786724,the information presented here is useful reference 614,0.0,0,1,0,0.0
C615,U65,I134,Best product ever buy now,2026-06-27 16:07:31.786737,best product ever buy now,0.5,1,75,1,72.50000000000001
C616,U466,I261,This is worth discussing further. Reference 616,2026-06-27 08:34:31.786751,this is worth discussing further reference 616,0.0,0,1,0,0.0
C617,U879,I290,I learned something useful about music here. Reference 617,2026-07-28 12:20:31.786764,i learned something useful about music here reference 617,0.0,0,1,0,0.0
C618,U261,I395,This is an interesting perspective on gaming. Reference 618,2026-07-22 01:01:31.786778,this is an interesting perspective on gaming reference 618,0.0,0,1,0,0.0
C619,U758,I260,I really enjoyed this post about technology. Reference 619,2026-08-10 17:08:31.786794,i really enjoyed this post about technology reference 619,0.0,0,1,0,0.0
C620,U250,I23,I think this could be improved. Reference 620,2026-07-07 23:21:31.786808,i think this could be improved reference 620,0.0,0,1,0,0.0
C621,U942,I76,I learned something useful about technology here. Reference 621,2026-06-22 12:13:31.786822,i learned something useful about technology here reference 621,0.0,0,1,0,0.0
C622,U822,I467,The information presented here is useful. Reference 622,2026-07-13 12:59:31.786836,the information presented here is useful reference 622,0.0,0,1,0,0.0
C623,U254,I213,This is worth discussing further. Reference 623,2026-08-04 17:50:31.786850,this is worth discussing further reference 623,0.0,0,1,0,0.0
C624,U585,I190,This is an interesting perspective on technology. Reference 624,2026-07-26 12:11:31.786864,this is an interesting perspective on technology reference 624,0.0,0,1,0,0.0
C625,U228,I411,Best product ever buy now,2026-07-06 08:08:31.786877,best product ever buy now,0.5,1,75,1,72.50000000000001
C626,U70,I449,I think this could be improved. Reference 626,2026-07-14 13:15:31.786891,i think this could be improved reference 626,0.0,0,1,0,0.0
C627,U335,I44,This was a surprisingly interesting post. Reference 627,2026-08-11 02:34:31.786904,this was a surprisingly interesting post reference 627,0.0,0,1,0,0.0
C628,U377,I102,I have a different opinion about movies. Reference 628,2026-06-05 12:21:31.786918,i have a different opinion about movies reference 628,0.0,0,1,0,0.0
C629,U637,I124,I think this could be improved. Reference 629,2026-06-18 23:24:31.786934,i think this could be improved reference 629,0.0,0,1,0,0.0
C630,U995,I252,The explanation of sports was very clear. Reference 630,2026-07-29 03:03:31.786948,the explanation of sports was very clear reference 630,0.0,0,1,0,0.0
C631,U6,I477,The information presented here is useful. Reference 631,2026-07-21 14:59:31.786962,the information presented here is useful reference 631,0.0,0,1,0,0.0
C632,U554,I177,I really enjoyed this post about music. Reference 632,2026-08-11 16:47:31.786976,i really enjoyed this post about music reference 632,0.0,0,1,0,0.0
C633,U777,I336,The information presented here is useful. Reference 633,2026-08-02 08:54:31.786991,the information presented here is useful reference 633,0.0,0,1,0,0.0
C634,U210,I271,The explanation of fashion was very clear. Reference 634,2026-06-28 01:07:31.787005,the explanation of fashion was very clear reference 634,0.0,0,1,0,0.0
C635,U984,I30,I learned something useful about movies here. Reference 635,2026-08-03 08:45:31.787019,i learned something useful about movies here reference 635,0.0,0,1,0,0.0
C636,U44,I471,The explanation of fashion was very clear. Reference 636,2026-06-09 00:57:31.787034,the explanation of fashion was very clear reference 636,0.0,0,1,0,0.0
C637,U917,I190,I think this could be improved. Reference 637,2026-06-19 23:16:31.787047,i think this could be improved reference 637,0.0,0,1,0,0.0
C638,U97,I258,I learned something useful about fashion here. Reference 638,2026-08-05 00:30:31.787061,i learned something useful about fashion here reference 638,0.0,0,1,0,0.0
C639,U606,I290,I really enjoyed this post about fashion. Reference 639,2026-06-12 12:51:31.787075,i really enjoyed this post about fashion reference 639,0.0,0,1,0,0.0
C640,U987,I66,The explanation of movies was very clear. Reference 640,2026-07-19 01:50:31.787089,the explanation of movies was very clear reference 640,0.0,0,1,0,0.0
C641,U871,I161,The information presented here is useful. Reference 641,2026-07-13 21:10:31.787103,the information presented here is useful reference 641,0.0,0,1,0,0.0
C642,U463,I139,The explanation of gaming was very clear. Reference 642,2026-07-24 09:09:31.787116,the explanation of gaming was very clear reference 642,0.0,0,1,0,0.0
C643,U139,I399,Thanks for sharing this information. Reference 643,2026-07-28 16:29:31.787132,thanks for sharing this information reference 643,0.0,0,1,0,0.0
C644,U108,I84,I think this could be improved. Reference 644,2026-07-14 05:58:31.787148,i think this could be improved reference 644,0.0,0,1,0,0.0
C645,U416,I61,This was a surprisingly interesting post. Reference 645,2026-07-23 22:23:31.787162,this was a surprisingly interesting post reference 645,0.0,0,1,0,0.0
C646,U462,I157,I think this could be improved. Reference 646,2026-07-31 22:01:31.787175,i think this could be improved reference 646,0.0,0,1,0,0.0
C647,U92,I80,I have a different opinion about technology. Reference 647,2026-07-23 06:15:31.787189,i have a different opinion about technology reference 647,0.0,0,1,0,0.0
C648,U855,I438,This is worth discussing further. Reference 648,2026-08-03 12:43:31.787206,this is worth discussing further reference 648,0.0,0,1,0,0.0
C649,U728,I127,This is worth discussing further. Reference 649,2026-06-26 02:18:31.787219,this is worth discussing further reference 649,0.0,0,1,0,0.0
C650,U50,I346,I have a different opinion about movies. Reference 650,2026-07-27 00:09:31.787233,i have a different opinion about movies reference 650,0.0,0,1,0,0.0
C651,U31,I487,The information presented here is useful. Reference 651,2026-06-22 05:29:31.787247,the information presented here is useful reference 651,0.0,0,1,0,0.0
C652,U766,I281,The explanation of gaming was very clear. Reference 652,2026-06-30 18:38:31.787260,the explanation of gaming was very clear reference 652,0.0,0,1,0,0.0
C653,U104,I411,I learned something useful about gaming here. Reference 653,2026-08-10 17:51:31.787274,i learned something useful about gaming here reference 653,0.0,0,1,0,0.0
C654,U63,I425,The explanation of education was very clear. Reference 654,2026-07-24 19:09:31.787288,the explanation of education was very clear reference 654,0.0,0,1,0,0.0
C655,U843,I205,This is worth discussing further. Reference 655,2026-06-19 19:52:31.787302,this is worth discussing further reference 655,0.0,0,1,0,0.0
C656,U600,I132,This is an interesting perspective on technology. Reference 656,2026-08-05 23:08:31.787316,this is an interesting perspective on technology reference 656,0.0,0,1,0,0.0
C657,U202,I462,I think this could be improved. Reference 657,2026-08-03 11:03:31.787334,i think this could be improved reference 657,0.0,0,1,0,0.0
C658,U926,I433,This is worth discussing further. Reference 658,2026-08-07 22:42:31.787350,this is worth discussing further reference 658,0.0,0,1,0,0.0
C659,U964,I236,You must buy this product,2026-06-20 14:18:31.787363,you must buy this product,0.0,0,51,1,45.0
C660,U443,I420,The information presented here is useful. Reference 660,2026-08-09 03:34:31.787377,the information presented here is useful reference 660,0.0,0,1,0,0.0
C661,U391,I349,The information presented here is useful. Reference 661,2026-07-10 14:46:31.787390,the information presented here is useful reference 661,0.0,0,1,0,0.0
C662,U219,I465,I learned something useful about movies here. Reference 662,2026-07-17 08:37:31.787404,i learned something useful about movies here reference 662,0.0,0,1,0,0.0
C663,U456,I452,I learned something useful about technology here. Reference 663,2026-06-16 22:26:31.787418,i learned something useful about technology here reference 663,0.0,0,1,0,0.0
C664,U634,I315,The explanation of movies was very clear. Reference 664,2026-06-27 10:08:31.787431,the explanation of movies was very clear reference 664,0.0,0,1,0,0.0
C665,U421,I451,This was a surprisingly interesting post. Reference 665,2026-08-06 06:46:31.787445,this was a surprisingly interesting post reference 665,0.0,0,1,0,0.0
C666,U89,I143,The information presented here is useful. Reference 666,2026-07-04 16:09:31.787458,the information presented here is useful reference 666,0.0,0,1,0,0.0
C667,U204,I329,This was a surprisingly interesting post. Reference 667,2026-06-15 10:04:31.787472,this was a surprisingly interesting post reference 667,0.0,0,1,0,0.0
C668,U821,I278,I really enjoyed this post about fashion. Reference 668,2026-06-07 21:36:31.787486,i really enjoyed this post about fashion reference 668,0.0,0,1,0,0.0
C669,U367,I245,This was a surprisingly interesting post. Reference 669,2026-07-11 12:25:31.787499,this was a surprisingly interesting post reference 669,0.0,0,1,0,0.0
C670,U934,I289,This was a surprisingly interesting post. Reference 670,2026-07-07 11:33:31.787513,this was a surprisingly interesting post reference 670,0.0,0,1,0,0.0
C671,U276,I92,I really enjoyed this post about music. Reference 671,2026-06-18 11:33:31.787526,i really enjoyed this post about music reference 671,0.0,0,1,0,0.0
C672,U224,I15,I have a different opinion about technology. Reference 672,2026-06-29 21:34:31.787541,i have a different opinion about technology reference 672,0.0,0,1,0,0.0
C673,U542,I183,Thanks for sharing this information. Reference 673,2026-07-28 07:16:31.787555,thanks for sharing this information reference 673,0.0,0,1,0,0.0
C674,U102,I126,The explanation of movies was very clear. Reference 674,2026-06-24 06:07:31.787572,the explanation of movies was very clear reference 674,0.0,0,1,0,0.0
C675,U835,I405,I really enjoyed this post about sports. Reference 675,2026-06-20 10:21:31.787586,i really enjoyed this post about sports reference 675,0.0,0,1,0,0.0
C676,U866,I408,The information presented here is useful. Reference 676,2026-07-27 00:30:31.787602,the information presented here is useful reference 676,0.0,0,1,0,0.0
C677,U180,I121,Thanks for sharing this information. Reference 677,2026-06-05 15:34:31.787616,thanks for sharing this information reference 677,0.0,0,1,0,0.0
C678,U714,I183,Thanks for sharing this information. Reference 678,2026-06-08 19:16:31.787629,thanks for sharing this information reference 678,0.0,0,1,0,0.0
C679,U717,I180,Thanks for sharing this information. Reference 679,2026-06-21 13:51:31.787642,thanks for sharing this information reference 679,0.0,0,1,0,0.0
C680,U971,I96,I think this could be improved. Reference 680,2026-07-26 20:28:31.787656,i think this could be improved reference 680,0.0,0,1,0,0.0
C681,U502,I19,This is an interesting perspective on technology. Reference 681,2026-07-21 15:48:31.787670,this is an interesting perspective on technology reference 681,0.0,0,1,0,0.0
C682,U616,I112,I really enjoyed this post about food. Reference 682,2026-08-11 18:29:31.787684,i really enjoyed this post about food reference 682,0.0,0,1,0,0.0
C683,U339,I469,Thanks for sharing this information. Reference 683,2026-07-30 22:55:31.787697,thanks for sharing this information reference 683,0.0,0,1,0,0.0
C684,U348,I367,I learned something useful about music here. Reference 684,2026-08-06 09:52:31.787711,i learned something useful about music here reference 684,0.0,0,1,0,0.0
C685,U22,I75,Best product ever buy now,2026-08-01 17:40:31.787725,best product ever buy now,0.5,1,75,1,72.50000000000001
C686,U866,I269,This is worth discussing further. Reference 686,2026-07-08 19:51:31.787741,this is worth discussing further reference 686,0.0,0,1,0,0.0
C687,U721,I482,The information presented here is useful. Reference 687,2026-07-12 04:45:31.787754,the information presented here is useful reference 687,0.0,0,1,0,0.0
C688,U309,I165,I learned something useful about education here. Reference 688,2026-06-06 04:08:31.787768,i learned something useful about education here reference 688,0.0,0,1,0,0.0
C689,U971,I223,I think this could be improved. Reference 689,2026-07-26 23:25:31.787782,i think this could be improved reference 689,0.0,0,1,0,0.0
C690,U724,I495,This was a surprisingly interesting post. Reference 690,2026-07-22 12:18:31.787795,this was a surprisingly interesting post reference 690,0.0,0,1,0,0.0
C691,U681,I301,I learned something useful about fashion here. Reference 691,2026-07-14 21:43:31.787809,i learned something useful about fashion here reference 691,0.0,0,1,0,0.0
C692,U751,I352,Amazing product buy now,2026-07-26 15:46:31.787823,amazing product buy now,1.0,1,69,1,100.0
C693,U746,I0,Amazing product buy now,2026-06-21 04:17:31.787839,amazing product buy now,1.0,1,69,1,100.0
C694,U33,I93,Thanks for sharing this information. Reference 694,2026-06-17 04:24:31.787853,thanks for sharing this information reference 694,0.0,0,1,0,0.0
C695,U226,I327,Thanks for sharing this information. Reference 695,2026-06-27 16:03:31.787867,thanks for sharing this information reference 695,0.0,0,1,0,0.0
C696,U144,I169,This is an interesting perspective on sports. Reference 696,2026-07-11 06:21:31.787881,this is an interesting perspective on sports reference 696,0.0,0,1,0,0.0
C697,U327,I85,This is an interesting perspective on music. Reference 697,2026-07-02 04:18:31.787896,this is an interesting perspective on music reference 697,0.0,0,1,0,0.0
C698,U11,I135,The explanation of sports was very clear. Reference 698,2026-06-09 17:43:31.787909,the explanation of sports was very clear reference 698,0.0,0,1,0,0.0
C699,U69,I179,I have a different opinion about gaming. Reference 699,2026-06-07 06:12:31.787923,i have a different opinion about gaming reference 699,0.0,0,1,0,0.0
C700,U1,I24,The information presented here is useful. Reference 700,2026-06-06 03:37:31.787936,the information presented here is useful reference 700,0.0,0,1,0,0.0
C701,U429,I496,I learned something useful about fashion here. Reference 701,2026-06-27 22:49:31.787950,i learned something useful about fashion here reference 701,0.0,0,1,0,0.0
C702,U902,I193,This is worth discussing further. Reference 702,2026-08-02 14:24:31.787964,this is worth discussing further reference 702,0.0,0,1,0,0.0
C703,U848,I245,Thanks for sharing this information. Reference 703,2026-07-28 00:39:31.787977,thanks for sharing this information reference 703,0.0,0,1,0,0.0
C704,U462,I37,I really enjoyed this post about movies. Reference 704,2026-08-10 00:07:31.787993,i really enjoyed this post about movies reference 704,0.0,0,1,0,0.0
C705,U326,I133,This is an interesting perspective on gaming. Reference 705,2026-07-11 17:17:31.788007,this is an interesting perspective on gaming reference 705,0.0,0,1,0,0.0
C706,U174,I454,The information presented here is useful. Reference 706,2026-06-06 04:56:31.788022,the information presented here is useful reference 706,0.0,0,1,0,0.0
C707,U76,I280,This is an interesting perspective on music. Reference 707,2026-06-18 18:18:31.788036,this is an interesting perspective on music reference 707,0.0,0,1,0,0.0
C708,U628,I457,I think this could be improved. Reference 708,2026-07-03 13:44:31.788051,i think this could be improved reference 708,0.0,0,1,0,0.0
C709,U965,I334,I learned something useful about fashion here. Reference 709,2026-07-28 12:47:31.788065,i learned something useful about fashion here reference 709,0.0,0,1,0,0.0
C710,U54,I51,This is worth discussing further. Reference 710,2026-07-25 12:57:31.788079,this is worth discussing further reference 710,0.0,0,1,0,0.0
C711,U419,I356,This was a surprisingly interesting post. Reference 711,2026-06-12 16:53:31.788092,this was a surprisingly interesting post reference 711,0.0,0,1,0,0.0
C712,U288,I152,The explanation of gaming was very clear. Reference 712,2026-08-07 07:33:31.788106,the explanation of gaming was very clear reference 712,0.0,0,1,0,0.0
C713,U402,I292,This was a surprisingly interesting post. Reference 713,2026-07-28 20:27:31.788119,this was a surprisingly interesting post reference 713,0.0,0,1,0,0.0
C714,U55,I184,I really enjoyed this post about fashion. Reference 714,2026-08-03 20:33:31.788134,i really enjoyed this post about fashion reference 714,0.0,0,1,0,0.0
C715,U301,I421,Thanks for sharing this information. Reference 715,2026-07-24 15:47:31.788148,thanks for sharing this information reference 715,0.0,0,1,0,0.0
C716,U99,I13,The explanation of education was very clear. Reference 716,2026-06-14 17:50:31.788164,the explanation of education was very clear reference 716,0.0,0,1,0,0.0
C717,U298,I41,I think this could be improved. Reference 717,2026-07-14 18:22:31.788178,i think this could be improved reference 717,0.0,0,1,0,0.0
C718,U803,I203,I think this could be improved. Reference 718,2026-06-12 15:55:31.788191,i think this could be improved reference 718,0.0,0,1,0,0.0
C719,U271,I46,This was a surprisingly interesting post. Reference 719,2026-07-26 00:06:31.788205,this was a surprisingly interesting post reference 719,0.0,0,1,0,0.0
C720,U379,I453,The information presented here is useful. Reference 720,2026-07-25 20:23:31.788218,the information presented here is useful reference 720,0.0,0,1,0,0.0
C721,U456,I22,I have a different opinion about food. Reference 721,2026-06-30 12:02:31.788232,i have a different opinion about food reference 721,0.0,0,1,0,0.0
C722,U269,I115,I have a different opinion about technology. Reference 722,2026-07-29 01:50:31.788246,i have a different opinion about technology reference 722,0.0,0,1,0,0.0
C723,U770,I356,This is an interesting perspective on gaming. Reference 723,2026-06-12 00:24:31.788260,this is an interesting perspective on gaming reference 723,0.0,0,1,0,0.0
C724,U352,I413,This was a surprisingly interesting post. Reference 724,2026-06-03 23:28:31.788273,this was a surprisingly interesting post reference 724,0.0,0,1,0,0.0
C725,U603,I116,This was a surprisingly interesting post. Reference 725,2026-07-07 14:20:31.788287,this was a surprisingly interesting post reference 725,0.0,0,1,0,0.0
C726,U838,I267,The information presented here is useful. Reference 726,2026-06-20 16:52:31.788300,the information presented here is useful reference 726,0.0,0,1,0,0.0
C727,U902,I120,I think this could be improved. Reference 727,2026-08-04 15:30:31.788314,i think this could be improved reference 727,0.0,0,1,0,0.0
C728,U404,I462,I really enjoyed this post about education. Reference 728,2026-07-31 21:13:31.788328,i really enjoyed this post about education reference 728,0.0,0,1,0,0.0
C729,U972,I387,I think this could be improved. Reference 729,2026-07-27 14:48:31.788341,i think this could be improved reference 729,0.0,0,1,0,0.0
C730,U995,I108,The explanation of education was very clear. Reference 730,2026-08-07 22:45:31.788355,the explanation of education was very clear reference 730,0.0,0,1,0,0.0
C731,U433,I40,The information presented here is useful. Reference 731,2026-06-15 17:47:31.788368,the information presented here is useful reference 731,0.0,0,1,0,0.0
C732,U151,I427,Thanks for sharing this information. Reference 732,2026-07-13 17:28:31.788384,thanks for sharing this information reference 732,0.0,0,1,0,0.0
C733,U932,I372,This is an interesting perspective on gaming. Reference 733,2026-07-07 12:10:31.788405,this is an interesting perspective on gaming reference 733,0.0,0,1,0,0.0
C734,U569,I203,This was a surprisingly interesting post. Reference 734,2026-07-17 16:36:31.788418,this was a surprisingly interesting post reference 734,0.0,0,1,0,0.0
C735,U532,I234,I really enjoyed this post about fashion. Reference 735,2026-08-01 14:10:31.788433,i really enjoyed this post about fashion reference 735,0.0,0,1,0,0.0
C736,U424,I76,I learned something useful about gaming here. Reference 736,2026-08-02 05:13:31.788447,i learned something useful about gaming here reference 736,0.0,0,1,0,0.0
C737,U576,I399,This is an interesting perspective on movies. Reference 737,2026-06-24 01:52:31.788462,this is an interesting perspective on movies reference 737,0.0,0,1,0,0.0
C738,U901,I176,The information presented here is useful. Reference 738,2026-07-07 23:12:31.788477,the information presented here is useful reference 738,0.0,0,1,0,0.0
C739,U670,I248,Thanks for sharing this information. Reference 739,2026-08-08 10:08:31.788491,thanks for sharing this information reference 739,0.0,0,1,0,0.0
C740,U176,I141,The information presented here is useful. Reference 740,2026-06-16 13:24:31.788504,the information presented here is useful reference 740,0.0,0,1,0,0.0
C741,U623,I348,The information presented here is useful. Reference 741,2026-07-06 19:21:31.788517,the information presented here is useful reference 741,0.0,0,1,0,0.0
C742,U910,I450,This is worth discussing further. Reference 742,2026-08-07 08:18:31.788532,this is worth discussing further reference 742,0.0,0,1,0,0.0
C743,U763,I243,I have a different opinion about music. Reference 743,2026-08-09 23:47:31.788546,i have a different opinion about music reference 743,0.0,0,1,0,0.0
C744,U345,I418,You must buy this product,2026-07-17 07:33:31.788559,you must buy this product,0.0,0,51,1,45.0
C745,U863,I251,This is an interesting perspective on sports. Reference 745,2026-07-30 14:24:31.788573,this is an interesting perspective on sports reference 745,0.0,0,1,0,0.0
C746,U307,I498,I think this could be improved. Reference 746,2026-07-18 07:25:31.788587,i think this could be improved reference 746,0.0,0,1,0,0.0
C747,U746,I213,Thanks for sharing this information. Reference 747,2026-07-25 17:25:31.788600,thanks for sharing this information reference 747,0.0,0,1,0,0.0
C748,U452,I108,The information presented here is useful. Reference 748,2026-06-03 16:50:31.788613,the information presented here is useful reference 748,0.0,0,1,0,0.0
C749,U528,I444,This is worth discussing further. Reference 749,2026-06-25 22:21:31.788627,this is worth discussing further reference 749,0.0,0,1,0,0.0
C750,U810,I81,This is an interesting perspective on movies. Reference 750,2026-06-08 05:54:31.788640,this is an interesting perspective on movies reference 750,0.0,0,1,0,0.0
C751,U518,I206,I learned something useful about technology here. Reference 751,2026-07-27 00:26:31.788654,i learned something useful about technology here reference 751,0.0,0,1,0,0.0
C752,U197,I448,The explanation of technology was very clear. Reference 752,2026-07-20 02:57:31.788668,the explanation of technology was very clear reference 752,0.0,0,1,0,0.0
C753,U33,I233,I really enjoyed this post about music. Reference 753,2026-06-08 16:41:31.788681,i really enjoyed this post about music reference 753,0.0,0,1,0,0.0
C754,U203,I140,This is worth discussing further. Reference 754,2026-06-26 20:31:31.788695,this is worth discussing further reference 754,0.0,0,1,0,0.0
C755,U406,I325,This is an interesting perspective on technology. Reference 755,2026-07-20 19:27:31.788708,this is an interesting perspective on technology reference 755,0.0,0,1,0,0.0
C756,U381,I250,Thanks for sharing this information. Reference 756,2026-07-26 16:02:31.788721,thanks for sharing this information reference 756,0.0,0,1,0,0.0
C757,U983,I445,I think this could be improved. Reference 757,2026-07-11 11:57:31.788735,i think this could be improved reference 757,0.0,0,1,0,0.0
C758,U167,I428,I have a different opinion about gaming. Reference 758,2026-07-16 21:14:31.788748,i have a different opinion about gaming reference 758,0.0,0,1,0,0.0
C759,U28,I197,I really enjoyed this post about education. Reference 759,2026-06-20 17:51:31.788762,i really enjoyed this post about education reference 759,0.0,0,1,0,0.0
C760,U798,I494,The explanation of sports was very clear. Reference 760,2026-06-13 21:45:31.788776,the explanation of sports was very clear reference 760,0.0,0,1,0,0.0
C761,U230,I346,The explanation of movies was very clear. Reference 761,2026-06-13 12:34:31.788792,the explanation of movies was very clear reference 761,0.0,0,1,0,0.0
C762,U419,I262,I really enjoyed this post about technology. Reference 762,2026-06-29 16:18:31.788807,i really enjoyed this post about technology reference 762,0.0,0,1,0,0.0
C763,U933,I67,I learned something useful about technology here. Reference 763,2026-07-22 11:09:31.788821,i learned something useful about technology here reference 763,0.0,0,1,0,0.0
C764,U258,I311,I have a different opinion about movies. Reference 764,2026-07-04 06:09:31.788835,i have a different opinion about movies reference 764,0.0,0,1,0,0.0
C765,U916,I192,This is worth discussing further. Reference 765,2026-07-19 21:29:31.788848,this is worth discussing further reference 765,0.0,0,1,0,0.0
C766,U223,I238,I have a different opinion about fashion. Reference 766,2026-06-19 15:09:31.788863,i have a different opinion about fashion reference 766,0.0,0,1,0,0.0
C767,U104,I3,This was a surprisingly interesting post. Reference 767,2026-06-21 17:27:31.788877,this was a surprisingly interesting post reference 767,0.0,0,1,0,0.0
C768,U662,I304,Thanks for sharing this information. Reference 768,2026-07-15 15:57:31.788890,thanks for sharing this information reference 768,0.0,0,1,0,0.0
C769,U700,I55,I think this could be improved. Reference 769,2026-07-12 05:21:31.788903,i think this could be improved reference 769,0.0,0,1,0,0.0
C770,U283,I327,This is worth discussing further. Reference 770,2026-07-19 01:29:31.788919,this is worth discussing further reference 770,0.0,0,1,0,0.0
C771,U671,I364,I have a different opinion about sports. Reference 771,2026-07-29 04:27:31.788936,i have a different opinion about sports reference 771,0.0,0,1,0,0.0
C772,U529,I391,The explanation of technology was very clear. Reference 772,2026-06-18 05:11:31.788952,the explanation of technology was very clear reference 772,0.0,0,1,0,0.0
C773,U413,I338,This is worth discussing further. Reference 773,2026-06-07 04:18:31.788966,this is worth discussing further reference 773,0.0,0,1,0,0.0
C774,U26,I335,I think this could be improved. Reference 774,2026-07-19 05:15:31.788979,i think this could be improved reference 774,0.0,0,1,0,0.0
C775,U928,I214,The information presented here is useful. Reference 775,2026-06-05 18:34:31.788994,the information presented here is useful reference 775,0.0,0,1,0,0.0
C776,U36,I298,Thanks for sharing this information. Reference 776,2026-07-11 14:19:31.789008,thanks for sharing this information reference 776,0.0,0,1,0,0.0
C777,U743,I365,The explanation of food was very clear. Reference 777,2026-06-11 16:15:31.789022,the explanation of food was very clear reference 777,0.0,0,1,0,0.0
C778,U367,I259,I have a different opinion about education. Reference 778,2026-06-12 23:24:31.789036,i have a different opinion about education reference 778,0.0,0,1,0,0.0
C779,U897,I285,I learned something useful about movies here. Reference 779,2026-08-02 22:45:31.789049,i learned something useful about movies here reference 779,0.0,0,1,0,0.0
C780,U482,I65,I have a different opinion about education. Reference 780,2026-06-10 23:07:31.789063,i have a different opinion about education reference 780,0.0,0,1,0,0.0
C781,U921,I171,This is an interesting perspective on sports. Reference 781,2026-07-10 11:51:31.789077,this is an interesting perspective on sports reference 781,0.0,0,1,0,0.0
C782,U228,I381,I have a different opinion about fashion. Reference 782,2026-07-12 16:12:31.789091,i have a different opinion about fashion reference 782,0.0,0,1,0,0.0
C783,U380,I133,Thanks for sharing this information. Reference 783,2026-06-30 14:52:31.789104,thanks for sharing this information reference 783,0.0,0,1,0,0.0
C784,U871,I60,I think this could be improved. Reference 784,2026-06-15 02:07:31.789117,i think this could be improved reference 784,0.0,0,1,0,0.0
C785,U597,I297,Thanks for sharing this information. Reference 785,2026-06-29 20:24:31.789131,thanks for sharing this information reference 785,0.0,0,1,0,0.0
C786,U910,I99,This was a surprisingly interesting post. Reference 786,2026-06-10 20:58:31.789144,this was a surprisingly interesting post reference 786,0.0,0,1,0,0.0
C787,U390,I271,I have a different opinion about fashion. Reference 787,2026-08-06 21:52:31.789158,i have a different opinion about fashion reference 787,0.0,0,1,0,0.0
C788,U891,I437,I learned something useful about education here. Reference 788,2026-07-24 14:25:31.789171,i learned something useful about education here reference 788,0.0,0,1,0,0.0
C789,U350,I209,Thanks for sharing this information. Reference 789,2026-07-29 19:06:31.789187,thanks for sharing this information reference 789,0.0,0,1,0,0.0
C790,U323,I441,I learned something useful about gaming here. Reference 790,2026-06-28 10:50:31.789200,i learned something useful about gaming here reference 790,0.0,0,1,0,0.0
C791,U340,I323,I learned something useful about music here. Reference 791,2026-06-15 01:53:31.789214,i learned something useful about music here reference 791,0.0,0,1,0,0.0
C792,U59,I2,I think this could be improved. Reference 792,2026-07-23 18:34:31.789227,i think this could be improved reference 792,0.0,0,1,0,0.0
C793,U779,I396,I learned something useful about education here. Reference 793,2026-06-28 06:29:31.789241,i learned something useful about education here reference 793,0.0,0,1,0,0.0
C794,U804,I390,This is an interesting perspective on education. Reference 794,2026-06-16 21:37:31.789255,this is an interesting perspective on education reference 794,0.0,0,1,0,0.0
C795,U444,I324,Best product ever buy now,2026-07-03 18:45:31.789268,best product ever buy now,0.5,1,75,1,72.50000000000001
C796,U988,I244,The information presented here is useful. Reference 796,2026-08-08 09:34:31.789282,the information presented here is useful reference 796,0.0,0,1,0,0.0
C797,U546,I102,This is worth discussing further. Reference 797,2026-07-13 12:05:31.789295,this is worth discussing further reference 797,0.0,0,1,0,0.0
C798,U775,I426,This was a surprisingly interesting post. Reference 798,2026-08-10 04:50:31.789308,this was a surprisingly interesting post reference 798,0.0,0,1,0,0.0
C799,U692,I2,The explanation of sports was very clear. Reference 799,2026-06-09 16:57:31.789323,the explanation of sports was very clear reference 799,0.0,0,1,0,0.0
C800,U898,I176,I have a different opinion about education. Reference 800,2026-08-02 11:36:31.789337,i have a different opinion about education reference 800,0.0,0,1,0,0.0
C801,U392,I257,Thanks for sharing this information. Reference 801,2026-07-27 15:07:31.789352,thanks for sharing this information reference 801,0.0,0,1,0,0.0
C802,U66,I421,I really enjoyed this post about movies. Reference 802,2026-07-16 08:39:31.789366,i really enjoyed this post about movies reference 802,0.0,0,1,0,0.0
C803,U466,I372,This was a surprisingly interesting post. Reference 803,2026-07-03 08:37:31.789380,this was a surprisingly interesting post reference 803,0.0,0,1,0,0.0
C804,U909,I351,I learned something useful about music here. Reference 804,2026-06-28 05:10:31.789394,i learned something useful about music here reference 804,0.0,0,1,0,0.0
C805,U367,I384,The explanation of education was very clear. Reference 805,2026-07-06 02:45:31.789407,the explanation of education was very clear reference 805,0.0,0,1,0,0.0
C806,U19,I116,The explanation of education was very clear. Reference 806,2026-07-23 14:37:31.789421,the explanation of education was very clear reference 806,0.0,0,1,0,0.0
C807,U751,I11,Thanks for sharing this information. Reference 807,2026-07-31 14:55:31.789435,thanks for sharing this information reference 807,0.0,0,1,0,0.0
C808,U375,I364,I really enjoyed this post about fashion. Reference 808,2026-06-14 13:10:31.789449,i really enjoyed this post about fashion reference 808,0.0,0,1,0,0.0
C809,U261,I394,This was a surprisingly interesting post. Reference 809,2026-06-18 18:32:31.789462,this was a surprisingly interesting post reference 809,0.0,0,1,0,0.0
C810,U49,I338,This is an interesting perspective on technology. Reference 810,2026-08-07 10:36:31.789476,this is an interesting perspective on technology reference 810,0.0,0,1,0,0.0
C811,U706,I59,The information presented here is useful. Reference 811,2026-07-08 05:18:31.789491,the information presented here is useful reference 811,0.0,0,1,0,0.0
C812,U126,I280,I have a different opinion about food. Reference 812,2026-06-08 22:43:31.789505,i have a different opinion about food reference 812,0.0,0,1,0,0.0
C813,U156,I105,I really enjoyed this post about movies. Reference 813,2026-07-04 12:34:31.789519,i really enjoyed this post about movies reference 813,0.0,0,1,0,0.0
C814,U677,I51,This was a surprisingly interesting post. Reference 814,2026-06-16 03:27:31.789532,this was a surprisingly interesting post reference 814,0.0,0,1,0,0.0
C815,U620,I358,I learned something useful about fashion here. Reference 815,2026-08-02 06:47:31.789545,i learned something useful about fashion here reference 815,0.0,0,1,0,0.0
C816,U523,I368,Best product ever buy now,2026-07-17 02:24:31.789559,best product ever buy now,0.5,1,75,1,72.50000000000001
C817,U116,I401,This is an interesting perspective on food. Reference 817,2026-07-24 18:01:31.789574,this is an interesting perspective on food reference 817,0.0,0,1,0,0.0
C818,U623,I102,I have a different opinion about sports. Reference 818,2026-07-10 06:05:31.789589,i have a different opinion about sports reference 818,0.0,0,1,0,0.0
C819,U720,I209,I have a different opinion about education. Reference 819,2026-08-08 05:54:31.789602,i have a different opinion about education reference 819,0.0,0,1,0,0.0
C820,U561,I254,The explanation of food was very clear. Reference 820,2026-07-12 17:46:31.789616,the explanation of food was very clear reference 820,0.0,0,1,0,0.0
C821,U240,I1,I really enjoyed this post about gaming. Reference 821,2026-08-01 18:44:31.789630,i really enjoyed this post about gaming reference 821,0.0,0,1,0,0.0
C822,U855,I293,I think this could be improved. Reference 822,2026-08-03 15:11:31.789643,i think this could be improved reference 822,0.0,0,1,0,0.0
C823,U798,I261,This is an interesting perspective on gaming. Reference 823,2026-07-19 12:58:31.789657,this is an interesting perspective on gaming reference 823,0.0,0,1,0,0.0
C824,U659,I118,I think this could be improved. Reference 824,2026-07-18 18:59:31.789671,i think this could be improved reference 824,0.0,0,1,0,0.0
C825,U475,I25,This is an interesting perspective on education. Reference 825,2026-08-08 05:48:31.789684,this is an interesting perspective on education reference 825,0.0,0,1,0,0.0
C826,U872,I148,This is worth discussing further. Reference 826,2026-07-04 01:22:31.789698,this is worth discussing further reference 826,0.0,0,1,0,0.0
C827,U756,I59,This is an interesting perspective on technology. Reference 827,2026-08-10 22:51:31.789712,this is an interesting perspective on technology reference 827,0.0,0,1,0,0.0
C828,U872,I70,I learned something useful about music here. Reference 828,2026-07-10 06:57:31.789729,i learned something useful about music here reference 828,0.0,0,1,0,0.0
C829,U915,I224,Thanks for sharing this information. Reference 829,2026-06-06 02:34:31.789742,thanks for sharing this information reference 829,0.0,0,1,0,0.0
C830,U95,I190,This is worth discussing further. Reference 830,2026-08-01 11:18:31.789756,this is worth discussing further reference 830,0.0,0,1,0,0.0
C831,U410,I204,I think this could be improved. Reference 831,2026-07-07 17:22:31.789769,i think this could be improved reference 831,0.0,0,1,0,0.0
C832,U706,I435,You must buy this product,2026-06-13 18:33:31.789782,you must buy this product,0.0,0,51,1,45.0
C833,U907,I408,I learned something useful about gaming here. Reference 833,2026-07-30 18:30:31.789798,i learned something useful about gaming here reference 833,0.0,0,1,0,0.0
C834,U712,I371,I really enjoyed this post about education. Reference 834,2026-08-02 09:25:31.789812,i really enjoyed this post about education reference 834,0.0,0,1,0,0.0
C835,U426,I466,Thanks for sharing this information. Reference 835,2026-06-21 01:06:31.789828,thanks for sharing this information reference 835,0.0,0,1,0,0.0
C836,U694,I224,I learned something useful about fashion here. Reference 836,2026-07-10 04:36:31.789842,i learned something useful about fashion here reference 836,0.0,0,1,0,0.0
C837,U626,I14,I learned something useful about food here. Reference 837,2026-06-28 09:39:31.789856,i learned something useful about food here reference 837,0.0,0,1,0,0.0
C838,U115,I454,The information presented here is useful. Reference 838,2026-08-07 15:33:31.789870,the information presented here is useful reference 838,0.0,0,1,0,0.0
C839,U64,I133,This is worth discussing further. Reference 839,2026-06-08 16:49:31.789883,this is worth discussing further reference 839,0.0,0,1,0,0.0
C840,U889,I347,This was a surprisingly interesting post. Reference 840,2026-06-11 20:41:31.789897,this was a surprisingly interesting post reference 840,0.0,0,1,0,0.0
C841,U894,I173,This was a surprisingly interesting post. Reference 841,2026-07-03 10:24:31.789912,this was a surprisingly interesting post reference 841,0.0,0,1,0,0.0
C842,U677,I372,The explanation of food was very clear. Reference 842,2026-07-11 08:40:31.789927,the explanation of food was very clear reference 842,0.0,0,1,0,0.0
C843,U679,I346,The information presented here is useful. Reference 843,2026-06-22 00:15:31.789941,the information presented here is useful reference 843,0.0,0,1,0,0.0
C844,U913,I313,I really enjoyed this post about technology. Reference 844,2026-06-14 06:27:31.789954,i really enjoyed this post about technology reference 844,0.0,0,1,0,0.0
C845,U956,I80,This was a surprisingly interesting post. Reference 845,2026-06-27 16:48:31.789970,this was a surprisingly interesting post reference 845,0.0,0,1,0,0.0
C846,U890,I84,This is an interesting perspective on food. Reference 846,2026-07-13 15:32:31.789984,this is an interesting perspective on food reference 846,0.0,0,1,0,0.0
C847,U246,I169,I have a different opinion about technology. Reference 847,2026-06-26 16:34:31.789998,i have a different opinion about technology reference 847,0.0,0,1,0,0.0
C848,U228,I281,The information presented here is useful. Reference 848,2026-07-21 10:37:31.790011,the information presented here is useful reference 848,0.0,0,1,0,0.0
C849,U80,I235,I think this could be improved. Reference 849,2026-08-03 19:42:31.790025,i think this could be improved reference 849,0.0,0,1,0,0.0
C850,U877,I255,I think this could be improved. Reference 850,2026-08-01 00:39:31.790038,i think this could be improved reference 850,0.0,0,1,0,0.0
C851,U509,I381,I really enjoyed this post about gaming. Reference 851,2026-07-06 02:39:31.790052,i really enjoyed this post about gaming reference 851,0.0,0,1,0,0.0
C852,U422,I18,This was a surprisingly interesting post. Reference 852,2026-08-03 13:25:31.790065,this was a surprisingly interesting post reference 852,0.0,0,1,0,0.0
C853,U810,I309,Thanks for sharing this information. Reference 853,2026-06-26 13:30:31.790079,thanks for sharing this information reference 853,0.0,0,1,0,0.0
C854,U575,I105,I think this could be improved. Reference 854,2026-07-09 18:14:31.790093,i think this could be improved reference 854,0.0,0,1,0,0.0
C855,U845,I27,The explanation of food was very clear. Reference 855,2026-07-12 14:46:31.790107,the explanation of food was very clear reference 855,0.0,0,1,0,0.0
C856,U573,I392,Thanks for sharing this information. Reference 856,2026-06-07 14:25:31.790123,thanks for sharing this information reference 856,0.0,0,1,0,0.0
C857,U672,I186,I think this could be improved. Reference 857,2026-08-02 23:07:31.790136,i think this could be improved reference 857,0.0,0,1,0,0.0
C858,U777,I337,Best product ever buy now,2026-07-11 18:16:31.790149,best product ever buy now,0.5,1,75,1,72.50000000000001
C859,U363,I424,I have a different opinion about music. Reference 859,2026-06-08 22:13:31.790163,i have a different opinion about music reference 859,0.0,0,1,0,0.0
C860,U108,I23,I learned something useful about food here. Reference 860,2026-07-30 01:10:31.790177,i learned something useful about food here reference 860,0.0,0,1,0,0.0
C861,U841,I367,The information presented here is useful. Reference 861,2026-07-19 16:28:31.790192,the information presented here is useful reference 861,0.0,0,1,0,0.0
C862,U625,I100,The explanation of gaming was very clear. Reference 862,2026-07-07 01:41:31.790206,the explanation of gaming was very clear reference 862,0.0,0,1,0,0.0
C863,U220,I234,The explanation of music was very clear. Reference 863,2026-08-02 00:33:31.790220,the explanation of music was very clear reference 863,0.0,0,1,0,0.0
C864,U775,I212,I really enjoyed this post about gaming. Reference 864,2026-07-01 19:50:31.790234,i really enjoyed this post about gaming reference 864,0.0,0,1,0,0.0
C865,U468,I337,Thanks for sharing this information. Reference 865,2026-06-27 10:16:31.790249,thanks for sharing this information reference 865,0.0,0,1,0,0.0
C866,U4,I271,I really enjoyed this post about fashion. Reference 866,2026-06-19 13:46:31.790263,i really enjoyed this post about fashion reference 866,0.0,0,1,0,0.0
C867,U494,I473,Best deal available now,2026-06-09 20:41:31.790277,best deal available now,0.5,1,52,1,72.50000000000001
C868,U592,I88,I learned something useful about gaming here. Reference 868,2026-07-07 13:40:31.790291,i learned something useful about gaming here reference 868,0.0,0,1,0,0.0
C869,U673,I307,Thanks for sharing this information. Reference 869,2026-06-26 22:44:31.790304,thanks for sharing this information reference 869,0.0,0,1,0,0.0
C870,U902,I196,The information presented here is useful. Reference 870,2026-07-17 22:18:31.790318,the information presented here is useful reference 870,0.0,0,1,0,0.0
C871,U407,I493,This is worth discussing further. Reference 871,2026-07-01 14:43:31.790331,this is worth discussing further reference 871,0.0,0,1,0,0.0
C872,U824,I68,I learned something useful about fashion here. Reference 872,2026-06-17 23:44:31.790345,i learned something useful about fashion here reference 872,0.0,0,1,0,0.0
C873,U716,I453,Best product ever buy now,2026-06-08 23:32:31.790359,best product ever buy now,0.5,1,75,1,72.50000000000001
C874,U560,I440,This is worth discussing further. Reference 874,2026-07-24 13:08:31.790374,this is worth discussing further reference 874,0.0,0,1,0,0.0
C875,U214,I319,I have a different opinion about music. Reference 875,2026-06-11 15:09:31.790388,i have a different opinion about music reference 875,0.0,0,1,0,0.0
C876,U135,I363,I learned something useful about music here. Reference 876,2026-06-08 04:11:31.790409,i learned something useful about music here reference 876,0.0,0,1,0,0.0
C877,U118,I389,This is worth discussing further. Reference 877,2026-06-19 18:49:31.790422,this is worth discussing further reference 877,0.0,0,1,0,0.0
C878,U584,I482,The information presented here is useful. Reference 878,2026-07-04 09:15:31.790436,the information presented here is useful reference 878,0.0,0,1,0,0.0
C879,U827,I6,This was a surprisingly interesting post. Reference 879,2026-08-09 12:46:31.790450,this was a surprisingly interesting post reference 879,0.0,0,1,0,0.0
C880,U390,I74,I really enjoyed this post about technology. Reference 880,2026-07-24 15:17:31.790464,i really enjoyed this post about technology reference 880,0.0,0,1,0,0.0
C881,U273,I384,I learned something useful about movies here. Reference 881,2026-06-10 15:05:31.790478,i learned something useful about movies here reference 881,0.0,0,1,0,0.0
C882,U256,I74,Amazing product buy now,2026-07-24 06:20:31.790492,amazing product buy now,1.0,1,69,1,100.0
C883,U771,I277,Best product ever buy now,2026-07-01 15:16:31.790505,best product ever buy now,0.5,1,75,1,72.50000000000001
C884,U104,I315,This was a surprisingly interesting post. Reference 884,2026-06-05 06:09:31.790521,this was a surprisingly interesting post reference 884,0.0,0,1,0,0.0
C885,U662,I287,The information presented here is useful. Reference 885,2026-06-26 07:51:31.790535,the information presented here is useful reference 885,0.0,0,1,0,0.0
C886,U803,I407,I have a different opinion about technology. Reference 886,2026-07-08 02:24:31.790550,i have a different opinion about technology reference 886,0.0,0,1,0,0.0
C887,U396,I213,This is worth discussing further. Reference 887,2026-08-10 15:39:31.790564,this is worth discussing further reference 887,0.0,0,1,0,0.0
C888,U761,I128,The explanation of food was very clear. Reference 888,2026-07-22 07:15:31.790578,the explanation of food was very clear reference 888,0.0,0,1,0,0.0
C889,U933,I324,This is worth discussing further. Reference 889,2026-06-06 20:23:31.790593,this is worth discussing further reference 889,0.0,0,1,0,0.0
C890,U987,I99,I have a different opinion about food. Reference 890,2026-07-26 16:23:31.790607,i have a different opinion about food reference 890,0.0,0,1,0,0.0
C891,U699,I38,I learned something useful about education here. Reference 891,2026-06-05 22:10:31.790621,i learned something useful about education here reference 891,0.0,0,1,0,0.0
C892,U526,I61,The information presented here is useful. Reference 892,2026-07-03 19:53:31.790635,the information presented here is useful reference 892,0.0,0,1,0,0.0
C893,U285,I284,I have a different opinion about education. Reference 893,2026-07-28 04:25:31.790648,i have a different opinion about education reference 893,0.0,0,1,0,0.0
C894,U598,I433,I have a different opinion about technology. Reference 894,2026-07-12 17:51:31.790662,i have a different opinion about technology reference 894,0.0,0,1,0,0.0
C895,U477,I363,I learned something useful about technology here. Reference 895,2026-07-28 20:12:31.790676,i learned something useful about technology here reference 895,0.0,0,1,0,0.0
C896,U950,I165,Thanks for sharing this information. Reference 896,2026-06-15 21:50:31.790690,thanks for sharing this information reference 896,0.0,0,1,0,0.0
C897,U630,I431,I have a different opinion about food. Reference 897,2026-06-20 16:57:31.790706,i have a different opinion about food reference 897,0.0,0,1,0,0.0
C898,U563,I183,This is an interesting perspective on music. Reference 898,2026-06-25 00:14:31.790720,this is an interesting perspective on music reference 898,0.0,0,1,0,0.0
C899,U225,I489,I learned something useful about gaming here. Reference 899,2026-06-26 20:29:31.790736,i learned something useful about gaming here reference 899,0.0,0,1,0,0.0
C900,U163,I212,This was a surprisingly interesting post. Reference 900,2026-08-03 11:07:31.790750,this was a surprisingly interesting post reference 900,0.0,0,1,0,0.0
C901,U357,I113,The explanation of music was very clear. Reference 901,2026-07-12 16:45:31.790763,the explanation of music was very clear reference 901,0.0,0,1,0,0.0
C902,U369,I150,The explanation of food was very clear. Reference 902,2026-06-21 17:43:31.790781,the explanation of food was very clear reference 902,0.0,0,1,0,0.0
C903,U843,I385,I really enjoyed this post about gaming. Reference 903,2026-06-11 22:39:31.790796,i really enjoyed this post about gaming reference 903,0.0,0,1,0,0.0
C904,U354,I228,The explanation of sports was very clear. Reference 904,2026-08-08 04:52:31.790810,the explanation of sports was very clear reference 904,0.0,0,1,0,0.0
C905,U698,I453,This is worth discussing further. Reference 905,2026-08-01 12:18:31.790824,this is worth discussing further reference 905,0.0,0,1,0,0.0
C906,U395,I131,This was a surprisingly interesting post. Reference 906,2026-08-09 14:00:31.790837,this was a surprisingly interesting post reference 906,0.0,0,1,0,0.0
C907,U933,I264,This is worth discussing further. Reference 907,2026-06-28 12:32:31.790851,this is worth discussing further reference 907,0.0,0,1,0,0.0
C908,U44,I151,The explanation of music was very clear. Reference 908,2026-06-26 01:21:31.790865,the explanation of music was very clear reference 908,0.0,0,1,0,0.0
C909,U84,I485,This is an interesting perspective on education. Reference 909,2026-06-23 20:45:31.790879,this is an interesting perspective on education reference 909,0.0,0,1,0,0.0
C910,U546,I3,This is an interesting perspective on sports. Reference 910,2026-06-11 19:36:31.790893,this is an interesting perspective on sports reference 910,0.0,0,1,0,0.0
C911,U644,I396,The explanation of fashion was very clear. Reference 911,2026-08-02 08:57:31.790908,the explanation of fashion was very clear reference 911,0.0,0,1,0,0.0
C912,U210,I275,The information presented here is useful. Reference 912,2026-06-04 20:22:31.790924,the information presented here is useful reference 912,0.0,0,1,0,0.0
C913,U702,I78,I really enjoyed this post about food. Reference 913,2026-06-07 13:57:31.790938,i really enjoyed this post about food reference 913,0.0,0,1,0,0.0
C914,U339,I19,This is an interesting perspective on gaming. Reference 914,2026-08-06 21:25:31.790952,this is an interesting perspective on gaming reference 914,0.0,0,1,0,0.0
C915,U182,I406,Best deal available now,2026-06-20 11:57:31.790965,best deal available now,0.5,1,52,1,72.50000000000001
C916,U841,I116,Amazing product buy now,2026-07-07 12:18:31.790979,amazing product buy now,1.0,1,69,1,100.0
C917,U461,I322,The information presented here is useful. Reference 917,2026-07-14 00:47:31.790993,the information presented here is useful reference 917,0.0,0,1,0,0.0
C918,U17,I199,This is an interesting perspective on technology. Reference 918,2026-06-14 10:46:31.791007,this is an interesting perspective on technology reference 918,0.0,0,1,0,0.0
C919,U737,I316,This is an interesting perspective on technology. Reference 919,2026-06-09 00:52:31.791021,this is an interesting perspective on technology reference 919,0.0,0,1,0,0.0
C920,U868,I37,This is worth discussing further. Reference 920,2026-07-16 10:49:31.791034,this is worth discussing further reference 920,0.0,0,1,0,0.0
C921,U805,I351,I have a different opinion about gaming. Reference 921,2026-07-17 04:59:31.791048,i have a different opinion about gaming reference 921,0.0,0,1,0,0.0
C922,U783,I474,I think this could be improved. Reference 922,2026-07-06 20:50:31.791061,i think this could be improved reference 922,0.0,0,1,0,0.0
C923,U841,I338,I really enjoyed this post about food. Reference 923,2026-07-28 14:29:31.791075,i really enjoyed this post about food reference 923,0.0,0,1,0,0.0
C924,U546,I112,I learned something useful about fashion here. Reference 924,2026-06-23 03:49:31.791089,i learned something useful about fashion here reference 924,0.0,0,1,0,0.0
C925,U302,I491,I learned something useful about movies here. Reference 925,2026-06-11 04:25:31.791103,i learned something useful about movies here reference 925,0.0,0,1,0,0.0
C926,U908,I468,This is worth discussing further. Reference 926,2026-06-22 10:47:31.791119,this is worth discussing further reference 926,0.0,0,1,0,0.0
C927,U895,I284,I learned something useful about gaming here. Reference 927,2026-08-08 00:43:31.791133,i learned something useful about gaming here reference 927,0.0,0,1,0,0.0
C928,U5,I293,Thanks for sharing this information. Reference 928,2026-06-23 22:33:31.791148,thanks for sharing this information reference 928,0.0,0,1,0,0.0
C929,U560,I484,This is an interesting perspective on movies. Reference 929,2026-07-23 17:06:31.791162,this is an interesting perspective on movies reference 929,0.0,0,1,0,0.0
C930,U766,I379,This is worth discussing further. Reference 930,2026-07-05 06:31:31.791178,this is worth discussing further reference 930,0.0,0,1,0,0.0
C931,U927,I330,This was a surprisingly interesting post. Reference 931,2026-07-28 04:22:31.791191,this was a surprisingly interesting post reference 931,0.0,0,1,0,0.0
C932,U188,I113,Thanks for sharing this information. Reference 932,2026-07-25 03:28:31.791205,thanks for sharing this information reference 932,0.0,0,1,0,0.0
C933,U117,I92,Thanks for sharing this information. Reference 933,2026-06-04 11:18:31.791218,thanks for sharing this information reference 933,0.0,0,1,0,0.0
C934,U954,I281,Best deal available now,2026-07-16 09:02:31.791232,best deal available now,0.5,1,52,1,72.50000000000001
C935,U687,I34,I have a different opinion about gaming. Reference 935,2026-07-24 20:43:31.791245,i have a different opinion about gaming reference 935,0.0,0,1,0,0.0
C936,U743,I297,I think this could be improved. Reference 936,2026-07-10 07:48:31.791259,i think this could be improved reference 936,0.0,0,1,0,0.0
C937,U131,I343,The explanation of gaming was very clear. Reference 937,2026-07-16 21:05:31.791273,the explanation of gaming was very clear reference 937,0.0,0,1,0,0.0
C938,U634,I35,The explanation of music was very clear. Reference 938,2026-06-28 14:36:31.791286,the explanation of music was very clear reference 938,0.0,0,1,0,0.0
C939,U461,I168,Thanks for sharing this information. Reference 939,2026-06-09 17:06:31.791300,thanks for sharing this information reference 939,0.0,0,1,0,0.0
C940,U598,I78,Best product ever buy now,2026-07-14 00:56:31.791313,best product ever buy now,0.5,1,75,1,72.50000000000001
C941,U981,I219,I learned something useful about technology here. Reference 941,2026-07-14 07:45:31.791329,i learned something useful about technology here reference 941,0.0,0,1,0,0.0
C942,U252,I402,The explanation of fashion was very clear. Reference 942,2026-07-17 15:34:31.791343,the explanation of fashion was very clear reference 942,0.0,0,1,0,0.0
C943,U860,I184,I learned something useful about music here. Reference 943,2026-06-29 03:30:31.791357,i learned something useful about music here reference 943,0.0,0,1,0,0.0
C944,U473,I228,This is worth discussing further. Reference 944,2026-06-28 12:10:31.791371,this is worth discussing further reference 944,0.0,0,1,0,0.0
C945,U564,I55,I learned something useful about gaming here. Reference 945,2026-07-17 06:58:31.791385,i learned something useful about gaming here reference 945,0.0,0,1,0,0.0
C946,U879,I423,I learned something useful about sports here. Reference 946,2026-07-18 20:56:31.791399,i learned something useful about sports here reference 946,0.0,0,1,0,0.0
C947,U751,I453,This is an interesting perspective on gaming. Reference 947,2026-08-10 03:17:31.791413,this is an interesting perspective on gaming reference 947,0.0,0,1,0,0.0
C948,U869,I259,I really enjoyed this post about fashion. Reference 948,2026-06-19 03:01:31.791427,i really enjoyed this post about fashion reference 948,0.0,0,1,0,0.0
C949,U217,I464,I really enjoyed this post about movies. Reference 949,2026-06-23 08:45:31.791441,i really enjoyed this post about movies reference 949,0.0,0,1,0,0.0
C950,U915,I276,I think this could be improved. Reference 950,2026-07-09 12:50:31.791455,i think this could be improved reference 950,0.0,0,1,0,0.0
C951,U401,I114,Thanks for sharing this information. Reference 951,2026-07-30 15:30:31.791468,thanks for sharing this information reference 951,0.0,0,1,0,0.0
C952,U475,I256,This was a surprisingly interesting post. Reference 952,2026-07-06 17:11:31.791482,this was a surprisingly interesting post reference 952,0.0,0,1,0,0.0
C953,U372,I257,I really enjoyed this post about sports. Reference 953,2026-06-16 22:36:31.791496,i really enjoyed this post about sports reference 953,0.0,0,1,0,0.0
C954,U700,I84,This was a surprisingly interesting post. Reference 954,2026-07-02 05:11:31.791510,this was a surprisingly interesting post reference 954,0.0,0,1,0,0.0
C955,U163,I91,Thanks for sharing this information. Reference 955,2026-06-05 20:20:31.791523,thanks for sharing this information reference 955,0.0,0,1,0,0.0
C956,U749,I247,This is worth discussing further. Reference 956,2026-07-22 21:57:31.791537,this is worth discussing further reference 956,0.0,0,1,0,0.0
C957,U779,I249,The explanation of gaming was very clear. Reference 957,2026-07-18 18:29:31.791550,the explanation of gaming was very clear reference 957,0.0,0,1,0,0.0
C958,U378,I119,I really enjoyed this post about sports. Reference 958,2026-06-25 16:38:31.791566,i really enjoyed this post about sports reference 958,0.0,0,1,0,0.0
C959,U929,I405,This is worth discussing further. Reference 959,2026-06-30 01:57:31.791579,this is worth discussing further reference 959,0.0,0,1,0,0.0
C960,U939,I232,I really enjoyed this post about technology. Reference 960,2026-06-13 19:15:31.791595,i really enjoyed this post about technology reference 960,0.0,0,1,0,0.0
C961,U331,I52,This was a surprisingly interesting post. Reference 961,2026-06-05 07:15:31.791609,this was a surprisingly interesting post reference 961,0.0,0,1,0,0.0
C962,U269,I296,This was a surprisingly interesting post. Reference 962,2026-07-08 13:09:31.791624,this was a surprisingly interesting post reference 962,0.0,0,1,0,0.0
C963,U669,I193,This is worth discussing further. Reference 963,2026-06-25 19:18:31.791640,this is worth discussing further reference 963,0.0,0,1,0,0.0
C964,U257,I192,The explanation of fashion was very clear. Reference 964,2026-07-10 17:03:31.791654,the explanation of fashion was very clear reference 964,0.0,0,1,0,0.0
C965,U836,I444,This is worth discussing further. Reference 965,2026-06-28 22:47:31.791668,this is worth discussing further reference 965,0.0,0,1,0,0.0
C966,U908,I309,I really enjoyed this post about education. Reference 966,2026-07-02 19:00:31.791682,i really enjoyed this post about education reference 966,0.0,0,1,0,0.0
C967,U169,I117,This is an interesting perspective on movies. Reference 967,2026-07-23 13:55:31.791696,this is an interesting perspective on movies reference 967,0.0,0,1,0,0.0
C968,U153,I95,I learned something useful about music here. Reference 968,2026-06-18 00:50:31.791710,i learned something useful about music here reference 968,0.0,0,1,0,0.0
C969,U734,I418,This is an interesting perspective on sports. Reference 969,2026-07-05 02:14:31.791725,this is an interesting perspective on sports reference 969,0.0,0,1,0,0.0
C970,U830,I169,This is an interesting perspective on food. Reference 970,2026-06-11 08:55:31.791739,this is an interesting perspective on food reference 970,0.0,0,1,0,0.0
C971,U490,I245,The explanation of education was very clear. Reference 971,2026-06-13 22:01:31.791753,the explanation of education was very clear reference 971,0.0,0,1,0,0.0
C972,U853,I210,I really enjoyed this post about sports. Reference 972,2026-08-07 21:43:31.791766,i really enjoyed this post about sports reference 972,0.0,0,1,0,0.0
C973,U130,I293,Thanks for sharing this information. Reference 973,2026-07-30 13:40:31.791781,thanks for sharing this information reference 973,0.0,0,1,0,0.0
C974,U644,I262,I really enjoyed this post about education. Reference 974,2026-08-06 17:50:31.791794,i really enjoyed this post about education reference 974,0.0,0,1,0,0.0
C975,U170,I132,I learned something useful about fashion here. Reference 975,2026-06-18 06:40:31.791808,i learned something useful about fashion here reference 975,0.0,0,1,0,0.0
C976,U992,I288,I really enjoyed this post about movies. Reference 976,2026-08-04 00:39:31.791822,i really enjoyed this post about movies reference 976,0.0,0,1,0,0.0
C977,U221,I229,Thanks for sharing this information. Reference 977,2026-06-28 23:45:31.791836,thanks for sharing this information reference 977,0.0,0,1,0,0.0
C978,U174,I112,The information presented here is useful. Reference 978,2026-06-19 19:10:31.791849,the information presented here is useful reference 978,0.0,0,1,0,0.0
C979,U840,I392,I learned something useful about movies here. Reference 979,2026-07-27 13:35:31.791863,i learned something useful about movies here reference 979,0.0,0,1,0,0.0
C980,U741,I351,This is worth discussing further. Reference 980,2026-06-18 12:50:31.791877,this is worth discussing further reference 980,0.0,0,1,0,0.0
C981,U604,I35,The explanation of fashion was very clear. Reference 981,2026-07-07 17:55:31.791890,the explanation of fashion was very clear reference 981,0.0,0,1,0,0.0
C982,U135,I55,I really enjoyed this post about sports. Reference 982,2026-06-25 06:06:31.791904,i really enjoyed this post about sports reference 982,0.0,0,1,0,0.0
C983,U880,I465,This was a surprisingly interesting post. Reference 983,2026-07-29 05:15:31.791917,this was a surprisingly interesting post reference 983,0.0,0,1,0,0.0
C984,U620,I49,I learned something useful about food here. Reference 984,2026-06-16 21:02:31.791931,i learned something useful about food here reference 984,0.0,0,1,0,0.0
C985,U614,I19,This was a surprisingly interesting post. Reference 985,2026-08-03 08:24:31.791945,this was a surprisingly interesting post reference 985,0.0,0,1,0,0.0
C986,U493,I337,I learned something useful about technology here. Reference 986,2026-06-11 01:38:31.791959,i learned something useful about technology here reference 986,0.0,0,1,0,0.0
C987,U664,I220,This was a surprisingly interesting post. Reference 987,2026-07-09 02:52:31.791974,this was a surprisingly interesting post reference 987,0.0,0,1,0,0.0
C988,U895,I22,This was a surprisingly interesting post. Reference 988,2026-07-21 22:39:31.791988,this was a surprisingly interesting post reference 988,0.0,0,1,0,0.0
C989,U960,I410,I think this could be improved. Reference 989,2026-07-10 22:15:31.792001,i think this could be improved reference 989,0.0,0,1,0,0.0
C990,U603,I411,Thanks for sharing this information. Reference 990,2026-07-04 02:29:31.792015,thanks for sharing this information reference 990,0.0,0,1,0,0.0
C991,U137,I130,I think this could be improved. Reference 991,2026-08-04 04:52:31.792029,i think this could be improved reference 991,0.0,0,1,0,0.0
C992,U290,I306,This was a surprisingly interesting post. Reference 992,2026-07-19 08:47:31.792044,this was a surprisingly interesting post reference 992,0.0,0,1,0,0.0
C993,U193,I2,I really enjoyed this post about gaming. Reference 993,2026-06-25 12:32:31.792059,i really enjoyed this post about gaming reference 993,0.0,0,1,0,0.0
C994,U7,I192,The explanation of music was very clear. Reference 994,2026-07-05 14:50:31.792072,the explanation of music was very clear reference 994,0.0,0,1,0,0.0
C995,U370,I54,I learned something useful about fashion here. Reference 995,2026-06-13 12:35:31.792086,i learned something useful about fashion here reference 995,0.0,0,1,0,0.0
C996,U599,I129,I have a different opinion about fashion. Reference 996,2026-06-21 10:26:31.792099,i have a different opinion about fashion reference 996,0.0,0,1,0,0.0
C997,U374,I313,I have a different opinion about fashion. Reference 997,2026-06-04 02:43:31.792115,i have a different opinion about fashion reference 997,0.0,0,1,0,0.0
C998,U208,I211,This was a surprisingly interesting post. Reference 998,2026-07-26 13:33:31.792128,this was a surprisingly interesting post reference 998,0.0,0,1,0,0.0
C999,U379,I286,This was a surprisingly interesting post. Reference 999,2026-07-19 17:35:31.792141,this was a surprisingly interesting post reference 999,0.0,0,1,0,0.0
C1000,U314,I295,This is worth discussing further. Reference 1000,2026-06-05 20:38:31.792155,this is worth discussing further reference 1000,0.0,0,1,0,0.0
C1001,U141,I437,This is an interesting perspective on sports. Reference 1001,2026-07-02 04:22:31.792170,this is an interesting perspective on sports reference 1001,0.0,0,1,0,0.0
C1002,U801,I358,I learned something useful about gaming here. Reference 1002,2026-07-23 07:29:31.792184,i learned something useful about gaming here reference 1002,0.0,0,1,0,0.0
C1003,U520,I205,This is worth discussing further. Reference 1003,2026-07-28 04:50:31.792198,this is worth discussing further reference 1003,0.0,0,1,0,0.0
C1004,U398,I493,I really enjoyed this post about gaming. Reference 1004,2026-07-29 14:30:31.792212,i really enjoyed this post about gaming reference 1004,0.0,0,1,0,0.0
C1005,U482,I474,Thanks for sharing this information. Reference 1005,2026-08-03 19:26:31.792226,thanks for sharing this information reference 1005,0.0,0,1,0,0.0
C1006,U65,I134,The explanation of music was very clear. Reference 1006,2026-08-04 13:08:31.792239,the explanation of music was very clear reference 1006,0.0,0,1,0,0.0
C1007,U623,I19,The information presented here is useful. Reference 1007,2026-06-16 22:45:31.792253,the information presented here is useful reference 1007,0.0,0,1,0,0.0
C1008,U671,I266,I have a different opinion about technology. Reference 1008,2026-07-26 21:05:31.792267,i have a different opinion about technology reference 1008,0.0,0,1,0,0.0
C1009,U655,I253,I think this could be improved. Reference 1009,2026-07-24 11:20:31.792281,i think this could be improved reference 1009,0.0,0,1,0,0.0
C1010,U870,I336,This was a surprisingly interesting post. Reference 1010,2026-07-25 02:33:31.792295,this was a surprisingly interesting post reference 1010,0.0,0,1,0,0.0
C1011,U34,I401,Thanks for sharing this information. Reference 1011,2026-06-16 20:04:31.792308,thanks for sharing this information reference 1011,0.0,0,1,0,0.0
C1012,U173,I345,I really enjoyed this post about music. Reference 1012,2026-07-21 01:19:31.792322,i really enjoyed this post about music reference 1012,0.0,0,1,0,0.0
C1013,U670,I0,I learned something useful about gaming here. Reference 1013,2026-07-17 17:11:31.792336,i learned something useful about gaming here reference 1013,0.0,0,1,0,0.0
C1014,U798,I204,This is worth discussing further. Reference 1014,2026-07-05 22:15:31.792350,this is worth discussing further reference 1014,0.0,0,1,0,0.0
C1015,U600,I102,This was a surprisingly interesting post. Reference 1015,2026-06-05 18:08:31.792366,this was a surprisingly interesting post reference 1015,0.0,0,1,0,0.0
C1016,U720,I35,This is an interesting perspective on movies. Reference 1016,2026-06-06 17:42:31.792380,this is an interesting perspective on movies reference 1016,0.0,0,1,0,0.0
C1017,U849,I286,Thanks for sharing this information. Reference 1017,2026-07-11 04:54:31.792393,thanks for sharing this information reference 1017,0.0,0,1,0,0.0
C1018,U986,I417,I have a different opinion about sports. Reference 1018,2026-06-17 15:21:31.792456,i have a different opinion about sports reference 1018,0.0,0,1,0,0.0
C1019,U986,I99,I think this could be improved. Reference 1019,2026-06-20 12:04:31.792471,i think this could be improved reference 1019,0.0,0,1,0,0.0
C1020,U4,I133,I learned something useful about fashion here. Reference 1020,2026-06-26 18:05:31.792485,i learned something useful about fashion here reference 1020,0.0,0,1,0,0.0
C1021,U109,I286,This is an interesting perspective on movies. Reference 1021,2026-07-11 21:18:31.792499,this is an interesting perspective on movies reference 1021,0.0,0,1,0,0.0
C1022,U969,I59,This was a surprisingly interesting post. Reference 1022,2026-06-23 20:54:31.792512,this was a surprisingly interesting post reference 1022,0.0,0,1,0,0.0
C1023,U832,I406,Thanks for sharing this information. Reference 1023,2026-06-09 15:29:31.792526,thanks for sharing this information reference 1023,0.0,0,1,0,0.0
C1024,U453,I494,The information presented here is useful. Reference 1024,2026-07-20 16:32:31.792542,the information presented here is useful reference 1024,0.0,0,1,0,0.0
C1025,U775,I173,I think this could be improved. Reference 1025,2026-06-19 10:02:31.792556,i think this could be improved reference 1025,0.0,0,1,0,0.0
C1026,U882,I14,I think this could be improved. Reference 1026,2026-07-19 08:46:31.792572,i think this could be improved reference 1026,0.0,0,1,0,0.0
C1027,U69,I195,The explanation of sports was very clear. Reference 1027,2026-07-14 02:15:31.792589,the explanation of sports was very clear reference 1027,0.0,0,1,0,0.0
C1028,U422,I489,This is worth discussing further. Reference 1028,2026-06-09 01:01:31.792605,this is worth discussing further reference 1028,0.0,0,1,0,0.0
C1029,U852,I134,The explanation of movies was very clear. Reference 1029,2026-08-03 08:48:31.792619,the explanation of movies was very clear reference 1029,0.0,0,1,0,0.0
C1030,U408,I344,This is worth discussing further. Reference 1030,2026-06-22 08:32:31.792632,this is worth discussing further reference 1030,0.0,0,1,0,0.0
C1031,U953,I91,I think this could be improved. Reference 1031,2026-07-10 15:40:31.792646,i think this could be improved reference 1031,0.0,0,1,0,0.0
C1032,U223,I457,Thanks for sharing this information. Reference 1032,2026-07-26 04:41:31.792661,thanks for sharing this information reference 1032,0.0,0,1,0,0.0
C1033,U969,I382,The explanation of food was very clear. Reference 1033,2026-06-05 17:44:31.792675,the explanation of food was very clear reference 1033,0.0,0,1,0,0.0
C1034,U204,I120,The explanation of movies was very clear. Reference 1034,2026-07-24 00:16:31.792689,the explanation of movies was very clear reference 1034,0.0,0,1,0,0.0
C1035,U234,I103,The explanation of music was very clear. Reference 1035,2026-07-28 15:12:31.792703,the explanation of music was very clear reference 1035,0.0,0,1,0,0.0
C1036,U797,I54,This is an interesting perspective on gaming. Reference 1036,2026-06-11 07:38:31.792717,this is an interesting perspective on gaming reference 1036,0.0,0,1,0,0.0
C1037,U978,I339,I think this could be improved. Reference 1037,2026-06-23 13:06:31.792730,i think this could be improved reference 1037,0.0,0,1,0,0.0
C1038,U980,I21,I think this could be improved. Reference 1038,2026-06-16 08:06:31.792744,i think this could be improved reference 1038,0.0,0,1,0,0.0
C1039,U322,I252,Thanks for sharing this information. Reference 1039,2026-06-28 03:48:31.792758,thanks for sharing this information reference 1039,0.0,0,1,0,0.0
C1040,U187,I391,This was a surprisingly interesting post. Reference 1040,2026-07-06 14:48:31.792772,this was a surprisingly interesting post reference 1040,0.0,0,1,0,0.0
C1041,U227,I384,Thanks for sharing this information. Reference 1041,2026-08-06 21:41:31.792785,thanks for sharing this information reference 1041,0.0,0,1,0,0.0
C1042,U538,I409,The information presented here is useful. Reference 1042,2026-06-23 14:39:31.792798,the information presented here is useful reference 1042,0.0,0,1,0,0.0
C1043,U33,I257,This is worth discussing further. Reference 1043,2026-06-10 08:39:31.792814,this is worth discussing further reference 1043,0.0,0,1,0,0.0
C1044,U794,I89,I think this could be improved. Reference 1044,2026-06-09 06:38:31.792828,i think this could be improved reference 1044,0.0,0,1,0,0.0
C1045,U530,I235,This is worth discussing further. Reference 1045,2026-08-10 18:09:31.792841,this is worth discussing further reference 1045,0.0,0,1,0,0.0
C1046,U690,I107,The information presented here is useful. Reference 1046,2026-07-13 05:03:31.792855,the information presented here is useful reference 1046,0.0,0,1,0,0.0
C1047,U370,I313,I have a different opinion about education. Reference 1047,2026-06-22 21:37:31.792868,i have a different opinion about education reference 1047,0.0,0,1,0,0.0
C1048,U269,I121,I have a different opinion about food. Reference 1048,2026-06-17 00:40:31.792882,i have a different opinion about food reference 1048,0.0,0,1,0,0.0
C1049,U351,I187,I learned something useful about food here. Reference 1049,2026-07-04 05:51:31.792896,i learned something useful about food here reference 1049,0.0,0,1,0,0.0
C1050,U215,I214,This is worth discussing further. Reference 1050,2026-07-06 08:52:31.792910,this is worth discussing further reference 1050,0.0,0,1,0,0.0
C1051,U286,I230,I learned something useful about education here. Reference 1051,2026-06-20 09:55:31.792923,i learned something useful about education here reference 1051,0.0,0,1,0,0.0
C1052,U702,I117,This is an interesting perspective on movies. Reference 1052,2026-07-21 08:51:31.792937,this is an interesting perspective on movies reference 1052,0.0,0,1,0,0.0
C1053,U568,I221,The information presented here is useful. Reference 1053,2026-07-29 13:22:31.792951,the information presented here is useful reference 1053,0.0,0,1,0,0.0
C1054,U819,I491,I learned something useful about food here. Reference 1054,2026-08-10 22:42:31.792967,i learned something useful about food here reference 1054,0.0,0,1,0,0.0
C1055,U180,I215,I think this could be improved. Reference 1055,2026-06-15 10:18:31.792982,i think this could be improved reference 1055,0.0,0,1,0,0.0
C1056,U529,I273,This is worth discussing further. Reference 1056,2026-07-15 12:32:31.792997,this is worth discussing further reference 1056,0.0,0,1,0,0.0
C1057,U256,I287,Thanks for sharing this information. Reference 1057,2026-07-06 13:39:31.793010,thanks for sharing this information reference 1057,0.0,0,1,0,0.0
C1058,U101,I353,I learned something useful about technology here. Reference 1058,2026-07-23 05:17:31.793024,i learned something useful about technology here reference 1058,0.0,0,1,0,0.0
C1059,U833,I130,Best product ever buy now,2026-07-01 21:15:31.793037,best product ever buy now,0.5,1,75,1,72.50000000000001
C1060,U762,I171,I have a different opinion about music. Reference 1060,2026-07-10 00:52:31.793051,i have a different opinion about music reference 1060,0.0,0,1,0,0.0
C1061,U573,I285,I have a different opinion about music. Reference 1061,2026-08-10 00:39:31.793065,i have a different opinion about music reference 1061,0.0,0,1,0,0.0
C1062,U421,I62,This is worth discussing further. Reference 1062,2026-06-20 07:49:31.793079,this is worth discussing further reference 1062,0.0,0,1,0,0.0
C1063,U589,I332,This was a surprisingly interesting post. Reference 1063,2026-07-16 22:14:31.793092,this was a surprisingly interesting post reference 1063,0.0,0,1,0,0.0
C1064,U363,I166,This was a surprisingly interesting post. Reference 1064,2026-06-05 19:01:31.793106,this was a surprisingly interesting post reference 1064,0.0,0,1,0,0.0
C1065,U457,I455,This is an interesting perspective on fashion. Reference 1065,2026-06-16 23:24:31.793120,this is an interesting perspective on fashion reference 1065,0.0,0,1,0,0.0
C1066,U293,I237,I learned something useful about education here. Reference 1066,2026-06-14 12:36:31.793133,i learned something useful about education here reference 1066,0.0,0,1,0,0.0
C1067,U827,I475,This is worth discussing further. Reference 1067,2026-06-15 08:56:31.793147,this is worth discussing further reference 1067,0.0,0,1,0,0.0
C1068,U627,I292,The information presented here is useful. Reference 1068,2026-08-04 15:09:31.793160,the information presented here is useful reference 1068,0.0,0,1,0,0.0
C1069,U165,I175,The explanation of music was very clear. Reference 1069,2026-07-13 23:45:31.793174,the explanation of music was very clear reference 1069,0.0,0,1,0,0.0
C1070,U668,I149,I have a different opinion about fashion. Reference 1070,2026-07-18 03:25:31.793188,i have a different opinion about fashion reference 1070,0.0,0,1,0,0.0
C1071,U908,I227,This is worth discussing further. Reference 1071,2026-07-05 03:36:31.793204,this is worth discussing further reference 1071,0.0,0,1,0,0.0
C1072,U171,I94,I really enjoyed this post about education. Reference 1072,2026-06-06 14:08:31.793218,i really enjoyed this post about education reference 1072,0.0,0,1,0,0.0
C1073,U240,I338,I have a different opinion about gaming. Reference 1073,2026-07-23 15:58:31.793232,i have a different opinion about gaming reference 1073,0.0,0,1,0,0.0
C1074,U170,I203,This is an interesting perspective on gaming. Reference 1074,2026-08-06 00:37:31.793246,this is an interesting perspective on gaming reference 1074,0.0,0,1,0,0.0
C1075,U959,I449,I think this could be improved. Reference 1075,2026-08-09 10:23:31.793259,i think this could be improved reference 1075,0.0,0,1,0,0.0
C1076,U789,I203,This was a surprisingly interesting post. Reference 1076,2026-08-02 08:56:31.793273,this was a surprisingly interesting post reference 1076,0.0,0,1,0,0.0
C1077,U268,I316,I learned something useful about gaming here. Reference 1077,2026-06-13 05:28:31.793287,i learned something useful about gaming here reference 1077,0.0,0,1,0,0.0
C1078,U953,I453,The information presented here is useful. Reference 1078,2026-07-21 22:56:31.793300,the information presented here is useful reference 1078,0.0,0,1,0,0.0
C1079,U253,I377,I have a different opinion about food. Reference 1079,2026-06-15 19:24:31.793314,i have a different opinion about food reference 1079,0.0,0,1,0,0.0
C1080,U129,I67,This was a surprisingly interesting post. Reference 1080,2026-08-09 05:34:31.793328,this was a surprisingly interesting post reference 1080,0.0,0,1,0,0.0
C1081,U35,I339,This is worth discussing further. Reference 1081,2026-06-29 11:48:31.793341,this is worth discussing further reference 1081,0.0,0,1,0,0.0
C1082,U478,I499,This was a surprisingly interesting post. Reference 1082,2026-06-22 21:40:31.793357,this was a surprisingly interesting post reference 1082,0.0,0,1,0,0.0
C1083,U455,I69,This was a surprisingly interesting post. Reference 1083,2026-06-19 01:17:31.793370,this was a surprisingly interesting post reference 1083,0.0,0,1,0,0.0
C1084,U611,I233,Click here for amazing deals,2026-06-25 04:28:31.793384,click here for amazing deals,0.5,1,53,1,72.50000000000001
C1085,U655,I327,This was a surprisingly interesting post. Reference 1085,2026-07-11 05:34:31.793397,this was a surprisingly interesting post reference 1085,0.0,0,1,0,0.0
C1086,U493,I276,The explanation of gaming was very clear. Reference 1086,2026-07-02 14:43:31.793411,the explanation of gaming was very clear reference 1086,0.0,0,1,0,0.0
C1087,U315,I187,The information presented here is useful. Reference 1087,2026-07-28 15:48:31.793427,the information presented here is useful reference 1087,0.0,0,1,0,0.0
C1088,U310,I5,I really enjoyed this post about education. Reference 1088,2026-07-11 12:45:31.793441,i really enjoyed this post about education reference 1088,0.0,0,1,0,0.0
C1089,U293,I240,This was a surprisingly interesting post. Reference 1089,2026-06-10 05:31:31.793454,this was a surprisingly interesting post reference 1089,0.0,0,1,0,0.0
C1090,U944,I251,I think this could be improved. Reference 1090,2026-08-11 00:01:31.793470,i think this could be improved reference 1090,0.0,0,1,0,0.0
C1091,U784,I220,I have a different opinion about sports. Reference 1091,2026-08-11 04:12:31.793484,i have a different opinion about sports reference 1091,0.0,0,1,0,0.0
C1092,U561,I191,The explanation of fashion was very clear. Reference 1092,2026-06-21 19:26:31.793498,the explanation of fashion was very clear reference 1092,0.0,0,1,0,0.0
C1093,U447,I202,The explanation of education was very clear. Reference 1093,2026-06-07 18:10:31.793513,the explanation of education was very clear reference 1093,0.0,0,1,0,0.0
C1094,U754,I330,The information presented here is useful. Reference 1094,2026-07-22 18:05:31.793526,the information presented here is useful reference 1094,0.0,0,1,0,0.0
C1095,U269,I40,The information presented here is useful. Reference 1095,2026-06-25 19:25:31.793540,the information presented here is useful reference 1095,0.0,0,1,0,0.0
C1096,U782,I409,Thanks for sharing this information. Reference 1096,2026-07-16 22:05:31.793555,thanks for sharing this information reference 1096,0.0,0,1,0,0.0
C1097,U664,I380,This was a surprisingly interesting post. Reference 1097,2026-07-05 05:58:31.793569,this was a surprisingly interesting post reference 1097,0.0,0,1,0,0.0
C1098,U192,I436,This is an interesting perspective on education. Reference 1098,2026-07-30 09:31:31.793582,this is an interesting perspective on education reference 1098,0.0,0,1,0,0.0
C1099,U296,I56,I think this could be improved. Reference 1099,2026-07-18 01:29:31.793596,i think this could be improved reference 1099,0.0,0,1,0,0.0
C1100,U717,I318,I think this could be improved. Reference 1100,2026-07-13 15:31:31.793611,i think this could be improved reference 1100,0.0,0,1,0,0.0
C1101,U19,I77,Click here for amazing deals,2026-07-25 21:47:31.793627,click here for amazing deals,0.5,1,53,1,72.50000000000001
C1102,U995,I52,I have a different opinion about movies. Reference 1102,2026-07-31 10:49:31.793641,i have a different opinion about movies reference 1102,0.0,0,1,0,0.0
C1103,U732,I224,I really enjoyed this post about sports. Reference 1103,2026-08-03 14:56:31.793655,i really enjoyed this post about sports reference 1103,0.0,0,1,0,0.0
C1104,U154,I7,I think this could be improved. Reference 1104,2026-07-11 17:03:31.793669,i think this could be improved reference 1104,0.0,0,1,0,0.0
C1105,U430,I159,I think this could be improved. Reference 1105,2026-06-30 15:02:31.793682,i think this could be improved reference 1105,0.0,0,1,0,0.0
C1106,U713,I405,I really enjoyed this post about music. Reference 1106,2026-08-04 12:43:31.793696,i really enjoyed this post about music reference 1106,0.0,0,1,0,0.0
C1107,U863,I384,I learned something useful about technology here. Reference 1107,2026-07-18 13:47:31.793709,i learned something useful about technology here reference 1107,0.0,0,1,0,0.0
C1108,U794,I200,This is an interesting perspective on food. Reference 1108,2026-07-26 07:15:31.793723,this is an interesting perspective on food reference 1108,0.0,0,1,0,0.0
C1109,U196,I458,I have a different opinion about fashion. Reference 1109,2026-08-10 16:25:31.793737,i have a different opinion about fashion reference 1109,0.0,0,1,0,0.0
C1110,U124,I498,The explanation of fashion was very clear. Reference 1110,2026-07-02 12:19:31.793751,the explanation of fashion was very clear reference 1110,0.0,0,1,0,0.0
C1111,U253,I377,I really enjoyed this post about sports. Reference 1111,2026-06-30 21:16:31.793767,i really enjoyed this post about sports reference 1111,0.0,0,1,0,0.0
C1112,U752,I394,This is an interesting perspective on sports. Reference 1112,2026-06-29 19:04:31.793781,this is an interesting perspective on sports reference 1112,0.0,0,1,0,0.0
C1113,U398,I348,I have a different opinion about music. Reference 1113,2026-07-28 09:29:31.793795,i have a different opinion about music reference 1113,0.0,0,1,0,0.0
C1114,U644,I372,I really enjoyed this post about gaming. Reference 1114,2026-07-19 18:36:31.793809,i really enjoyed this post about gaming reference 1114,0.0,0,1,0,0.0
C1115,U492,I326,I have a different opinion about sports. Reference 1115,2026-07-10 00:37:31.793823,i have a different opinion about sports reference 1115,0.0,0,1,0,0.0
C1116,U908,I26,Amazing product buy now,2026-07-21 08:30:31.793836,amazing product buy now,1.0,1,69,1,100.0
C1117,U648,I222,This is worth discussing further. Reference 1117,2026-07-27 14:22:31.793850,this is worth discussing further reference 1117,0.0,0,1,0,0.0
C1118,U813,I141,Thanks for sharing this information. Reference 1118,2026-07-06 19:19:31.793867,thanks for sharing this information reference 1118,0.0,0,1,0,0.0
C1119,U808,I124,I really enjoyed this post about technology. Reference 1119,2026-06-19 22:36:31.793883,i really enjoyed this post about technology reference 1119,0.0,0,1,0,0.0
C1120,U802,I353,I think this could be improved. Reference 1120,2026-07-09 00:39:31.793897,i think this could be improved reference 1120,0.0,0,1,0,0.0
C1121,U789,I45,The explanation of education was very clear. Reference 1121,2026-06-27 07:53:31.793910,the explanation of education was very clear reference 1121,0.0,0,1,0,0.0
C1122,U93,I351,Thanks for sharing this information. Reference 1122,2026-06-03 16:41:31.793924,thanks for sharing this information reference 1122,0.0,0,1,0,0.0
C1123,U640,I30,I really enjoyed this post about music. Reference 1123,2026-06-14 03:53:31.793938,i really enjoyed this post about music reference 1123,0.0,0,1,0,0.0
C1124,U157,I359,This was a surprisingly interesting post. Reference 1124,2026-07-31 09:06:31.793951,this was a surprisingly interesting post reference 1124,0.0,0,1,0,0.0
C1125,U499,I119,This is worth discussing further. Reference 1125,2026-07-02 21:35:31.793965,this is worth discussing further reference 1125,0.0,0,1,0,0.0
C1126,U750,I98,I really enjoyed this post about fashion. Reference 1126,2026-07-10 05:33:31.793979,i really enjoyed this post about fashion reference 1126,0.0,0,1,0,0.0
C1127,U741,I68,I have a different opinion about technology. Reference 1127,2026-06-28 15:49:31.793993,i have a different opinion about technology reference 1127,0.0,0,1,0,0.0
C1128,U723,I224,This was a surprisingly interesting post. Reference 1128,2026-06-23 10:21:31.794009,this was a surprisingly interesting post reference 1128,0.0,0,1,0,0.0
C1129,U713,I250,The explanation of education was very clear. Reference 1129,2026-06-23 08:25:31.794023,the explanation of education was very clear reference 1129,0.0,0,1,0,0.0
C1130,U356,I165,I think this could be improved. Reference 1130,2026-06-18 08:08:31.794036,i think this could be improved reference 1130,0.0,0,1,0,0.0
C1131,U936,I440,This was a surprisingly interesting post. Reference 1131,2026-08-05 13:31:31.794050,this was a surprisingly interesting post reference 1131,0.0,0,1,0,0.0
C1132,U543,I79,I think this could be improved. Reference 1132,2026-07-18 20:41:31.794063,i think this could be improved reference 1132,0.0,0,1,0,0.0
C1133,U554,I187,I think this could be improved. Reference 1133,2026-06-14 18:11:31.794076,i think this could be improved reference 1133,0.0,0,1,0,0.0
C1134,U518,I194,I learned something useful about technology here. Reference 1134,2026-06-16 10:09:31.794090,i learned something useful about technology here reference 1134,0.0,0,1,0,0.0
C1135,U877,I186,Thanks for sharing this information. Reference 1135,2026-07-13 15:24:31.794103,thanks for sharing this information reference 1135,0.0,0,1,0,0.0
C1136,U738,I32,This was a surprisingly interesting post. Reference 1136,2026-07-25 13:12:31.794117,this was a surprisingly interesting post reference 1136,0.0,0,1,0,0.0
C1137,U536,I349,I think this could be improved. Reference 1137,2026-06-17 00:46:31.794130,i think this could be improved reference 1137,0.0,0,1,0,0.0
C1138,U289,I165,The information presented here is useful. Reference 1138,2026-08-01 18:40:31.794144,the information presented here is useful reference 1138,0.0,0,1,0,0.0
C1139,U98,I267,This is an interesting perspective on technology. Reference 1139,2026-07-31 00:29:31.794159,this is an interesting perspective on technology reference 1139,0.0,0,1,0,0.0
C1140,U182,I447,I really enjoyed this post about sports. Reference 1140,2026-08-02 02:07:31.794173,i really enjoyed this post about sports reference 1140,0.0,0,1,0,0.0
C1141,U497,I98,This is an interesting perspective on technology. Reference 1141,2026-06-20 20:35:31.794187,this is an interesting perspective on technology reference 1141,0.0,0,1,0,0.0
C1142,U657,I428,The information presented here is useful. Reference 1142,2026-06-24 23:18:31.794201,the information presented here is useful reference 1142,0.0,0,1,0,0.0
C1143,U638,I359,Thanks for sharing this information. Reference 1143,2026-08-07 08:45:31.794214,thanks for sharing this information reference 1143,0.0,0,1,0,0.0
C1144,U375,I113,Thanks for sharing this information. Reference 1144,2026-08-10 15:23:31.794228,thanks for sharing this information reference 1144,0.0,0,1,0,0.0
C1145,U952,I471,The explanation of food was very clear. Reference 1145,2026-08-04 13:18:31.794241,the explanation of food was very clear reference 1145,0.0,0,1,0,0.0
C1146,U479,I410,I really enjoyed this post about music. Reference 1146,2026-06-22 00:58:31.794255,i really enjoyed this post about music reference 1146,0.0,0,1,0,0.0
C1147,U761,I480,The information presented here is useful. Reference 1147,2026-06-08 08:23:31.794269,the information presented here is useful reference 1147,0.0,0,1,0,0.0
C1148,U59,I421,Thanks for sharing this information. Reference 1148,2026-06-24 16:19:31.794282,thanks for sharing this information reference 1148,0.0,0,1,0,0.0
C1149,U41,I375,This is an interesting perspective on movies. Reference 1149,2026-08-04 17:43:31.794296,this is an interesting perspective on movies reference 1149,0.0,0,1,0,0.0
C1150,U967,I110,This was a surprisingly interesting post. Reference 1150,2026-08-02 14:51:31.794310,this was a surprisingly interesting post reference 1150,0.0,0,1,0,0.0
C1151,U742,I118,This was a surprisingly interesting post. Reference 1151,2026-07-25 14:06:31.794325,this was a surprisingly interesting post reference 1151,0.0,0,1,0,0.0
C1152,U197,I269,The explanation of education was very clear. Reference 1152,2026-06-22 00:05:31.794340,the explanation of education was very clear reference 1152,0.0,0,1,0,0.0
C1153,U767,I285,Best deal available now,2026-06-14 16:53:31.794354,best deal available now,0.5,1,52,1,72.50000000000001
C1154,U590,I183,You must buy this product,2026-08-02 08:34:31.794369,you must buy this product,0.0,0,51,1,45.0
C1155,U170,I405,I learned something useful about fashion here. Reference 1155,2026-06-26 21:27:31.794383,i learned something useful about fashion here reference 1155,0.0,0,1,0,0.0
C1156,U345,I336,I learned something useful about food here. Reference 1156,2026-07-10 18:19:31.794399,i learned something useful about food here reference 1156,0.0,0,1,0,0.0
C1157,U924,I161,This was a surprisingly interesting post. Reference 1157,2026-07-08 23:56:31.794421,this was a surprisingly interesting post reference 1157,0.0,0,1,0,0.0
C1158,U422,I391,Click here for amazing deals,2026-06-17 10:53:31.794435,click here for amazing deals,0.5,1,53,1,72.50000000000001
C1159,U246,I288,This was a surprisingly interesting post. Reference 1159,2026-07-08 16:38:31.794448,this was a surprisingly interesting post reference 1159,0.0,0,1,0,0.0
C1160,U784,I281,I have a different opinion about music. Reference 1160,2026-07-01 15:41:31.794462,i have a different opinion about music reference 1160,0.0,0,1,0,0.0
C1161,U458,I491,The information presented here is useful. Reference 1161,2026-06-06 17:19:31.794475,the information presented here is useful reference 1161,0.0,0,1,0,0.0
C1162,U35,I145,Thanks for sharing this information. Reference 1162,2026-06-25 17:14:31.794489,thanks for sharing this information reference 1162,0.0,0,1,0,0.0
C1163,U138,I455,You must buy this product,2026-07-15 11:53:31.794503,you must buy this product,0.0,0,51,1,45.0
C1164,U227,I109,You must buy this product,2026-06-10 01:16:31.794517,you must buy this product,0.0,0,51,1,45.0
C1165,U842,I141,This was a surprisingly interesting post. Reference 1165,2026-08-03 06:00:31.794531,this was a surprisingly interesting post reference 1165,0.0,0,1,0,0.0
C1166,U38,I235,This is worth discussing further. Reference 1166,2026-07-30 05:37:31.794546,this is worth discussing further reference 1166,0.0,0,1,0,0.0
C1167,U271,I187,Thanks for sharing this information. Reference 1167,2026-07-21 14:59:31.794560,thanks for sharing this information reference 1167,0.0,0,1,0,0.0
C1168,U262,I415,I have a different opinion about gaming. Reference 1168,2026-06-20 21:44:31.794576,i have a different opinion about gaming reference 1168,0.0,0,1,0,0.0
C1169,U409,I291,The explanation of gaming was very clear. Reference 1169,2026-06-06 23:17:31.794590,the explanation of gaming was very clear reference 1169,0.0,0,1,0,0.0
C1170,U332,I405,I think this could be improved. Reference 1170,2026-06-28 09:19:31.794603,i think this could be improved reference 1170,0.0,0,1,0,0.0
C1171,U845,I460,Thanks for sharing this information. Reference 1171,2026-06-18 15:40:31.794617,thanks for sharing this information reference 1171,0.0,0,1,0,0.0
C1172,U657,I153,I really enjoyed this post about fashion. Reference 1172,2026-08-04 16:32:31.794631,i really enjoyed this post about fashion reference 1172,0.0,0,1,0,0.0
C1173,U798,I28,This is worth discussing further. Reference 1173,2026-07-03 07:13:31.794644,this is worth discussing further reference 1173,0.0,0,1,0,0.0
C1174,U426,I476,This is an interesting perspective on sports. Reference 1174,2026-06-04 18:39:31.794658,this is an interesting perspective on sports reference 1174,0.0,0,1,0,0.0
C1175,U668,I434,Thanks for sharing this information. Reference 1175,2026-06-15 03:14:31.794672,thanks for sharing this information reference 1175,0.0,0,1,0,0.0
C1176,U796,I323,The information presented here is useful. Reference 1176,2026-07-15 02:10:31.794685,the information presented here is useful reference 1176,0.0,0,1,0,0.0
C1177,U536,I21,This is worth discussing further. Reference 1177,2026-07-13 02:00:31.794698,this is worth discussing further reference 1177,0.0,0,1,0,0.0
C1178,U514,I357,The explanation of education was very clear. Reference 1178,2026-08-07 05:37:31.794712,the explanation of education was very clear reference 1178,0.0,0,1,0,0.0
C1179,U689,I374,The information presented here is useful. Reference 1179,2026-06-04 07:22:31.794725,the information presented here is useful reference 1179,0.0,0,1,0,0.0
C1180,U609,I294,This was a surprisingly interesting post. Reference 1180,2026-07-22 14:49:31.794739,this was a surprisingly interesting post reference 1180,0.0,0,1,0,0.0
C1181,U442,I148,The information presented here is useful. Reference 1181,2026-07-30 19:12:31.794752,the information presented here is useful reference 1181,0.0,0,1,0,0.0
C1182,U344,I42,Amazing product buy now,2026-06-22 22:31:31.794768,amazing product buy now,1.0,1,69,1,100.0
C1183,U408,I134,This is an interesting perspective on fashion. Reference 1183,2026-06-27 03:44:31.794781,this is an interesting perspective on fashion reference 1183,0.0,0,1,0,0.0
C1184,U444,I396,I learned something useful about education here. Reference 1184,2026-06-29 01:23:31.794797,i learned something useful about education here reference 1184,0.0,0,1,0,0.0
C1185,U572,I101,I think this could be improved. Reference 1185,2026-06-13 11:07:31.794810,i think this could be improved reference 1185,0.0,0,1,0,0.0
C1186,U585,I100,Best product ever buy now,2026-07-20 18:38:31.794824,best product ever buy now,0.5,1,75,1,72.50000000000001
C1187,U73,I136,The information presented here is useful. Reference 1187,2026-06-10 12:09:31.794837,the information presented here is useful reference 1187,0.0,0,1,0,0.0
C1188,U946,I294,This is an interesting perspective on gaming. Reference 1188,2026-06-11 16:31:31.794852,this is an interesting perspective on gaming reference 1188,0.0,0,1,0,0.0
C1189,U423,I216,This is worth discussing further. Reference 1189,2026-07-25 11:51:31.794865,this is worth discussing further reference 1189,0.0,0,1,0,0.0
C1190,U328,I176,Thanks for sharing this information. Reference 1190,2026-07-15 02:05:31.794879,thanks for sharing this information reference 1190,0.0,0,1,0,0.0
C1191,U173,I179,Thanks for sharing this information. Reference 1191,2026-06-16 02:37:31.794893,thanks for sharing this information reference 1191,0.0,0,1,0,0.0
C1192,U149,I225,I really enjoyed this post about sports. Reference 1192,2026-07-24 15:45:31.794906,i really enjoyed this post about sports reference 1192,0.0,0,1,0,0.0
C1193,U701,I191,I learned something useful about gaming here. Reference 1193,2026-08-01 14:30:31.794920,i learned something useful about gaming here reference 1193,0.0,0,1,0,0.0
C1194,U757,I27,The explanation of education was very clear. Reference 1194,2026-07-16 15:31:31.794935,the explanation of education was very clear reference 1194,0.0,0,1,0,0.0
C1195,U14,I175,This is an interesting perspective on movies. Reference 1195,2026-07-01 20:48:31.794949,this is an interesting perspective on movies reference 1195,0.0,0,1,0,0.0
C1196,U482,I11,This is worth discussing further. Reference 1196,2026-06-05 11:24:31.794965,this is worth discussing further reference 1196,0.0,0,1,0,0.0
C1197,U550,I108,The explanation of movies was very clear. Reference 1197,2026-06-22 21:06:31.794979,the explanation of movies was very clear reference 1197,0.0,0,1,0,0.0
C1198,U494,I318,I learned something useful about technology here. Reference 1198,2026-07-08 13:16:31.794993,i learned something useful about technology here reference 1198,0.0,0,1,0,0.0
C1199,U596,I463,This was a surprisingly interesting post. Reference 1199,2026-07-19 13:55:31.795006,this was a surprisingly interesting post reference 1199,0.0,0,1,0,0.0
C1200,U174,I30,I have a different opinion about sports. Reference 1200,2026-06-09 10:23:31.795020,i have a different opinion about sports reference 1200,0.0,0,1,0,0.0
C1201,U632,I138,I really enjoyed this post about food. Reference 1201,2026-06-13 05:38:31.795034,i really enjoyed this post about food reference 1201,0.0,0,1,0,0.0
C1202,U967,I4,This is an interesting perspective on fashion. Reference 1202,2026-06-12 17:22:31.795048,this is an interesting perspective on fashion reference 1202,0.0,0,1,0,0.0
C1203,U277,I339,This is worth discussing further. Reference 1203,2026-08-10 02:18:31.795061,this is worth discussing further reference 1203,0.0,0,1,0,0.0
C1204,U299,I444,The information presented here is useful. Reference 1204,2026-07-08 04:19:31.795075,the information presented here is useful reference 1204,0.0,0,1,0,0.0
C1205,U520,I363,This is an interesting perspective on music. Reference 1205,2026-06-28 17:13:31.795089,this is an interesting perspective on music reference 1205,0.0,0,1,0,0.0
C1206,U887,I305,This was a surprisingly interesting post. Reference 1206,2026-07-25 20:44:31.795103,this was a surprisingly interesting post reference 1206,0.0,0,1,0,0.0
C1207,U203,I256,I think this could be improved. Reference 1207,2026-08-08 05:08:31.795117,i think this could be improved reference 1207,0.0,0,1,0,0.0
C1208,U253,I472,This was a surprisingly interesting post. Reference 1208,2026-07-12 11:17:31.795130,this was a surprisingly interesting post reference 1208,0.0,0,1,0,0.0
C1209,U501,I201,I learned something useful about technology here. Reference 1209,2026-07-11 06:25:31.795144,i learned something useful about technology here reference 1209,0.0,0,1,0,0.0
C1210,U700,I180,This is worth discussing further. Reference 1210,2026-07-21 07:59:31.795158,this is worth discussing further reference 1210,0.0,0,1,0,0.0
C1211,U513,I141,I really enjoyed this post about movies. Reference 1211,2026-07-07 14:11:31.795173,i really enjoyed this post about movies reference 1211,0.0,0,1,0,0.0
C1212,U911,I417,I really enjoyed this post about movies. Reference 1212,2026-07-22 07:11:31.795187,i really enjoyed this post about movies reference 1212,0.0,0,1,0,0.0
C1213,U155,I174,The information presented here is useful. Reference 1213,2026-08-03 20:11:31.795203,the information presented here is useful reference 1213,0.0,0,1,0,0.0
C1214,U747,I195,This was a surprisingly interesting post. Reference 1214,2026-07-04 20:18:31.795220,this was a surprisingly interesting post reference 1214,0.0,0,1,0,0.0
C1215,U246,I293,Click here for amazing deals,2026-07-14 09:34:31.795233,click here for amazing deals,0.5,1,53,1,72.50000000000001
C1216,U931,I309,This is worth discussing further. Reference 1216,2026-06-23 11:27:31.795247,this is worth discussing further reference 1216,0.0,0,1,0,0.0
C1217,U134,I105,I learned something useful about sports here. Reference 1217,2026-07-30 06:16:31.795263,i learned something useful about sports here reference 1217,0.0,0,1,0,0.0
C1218,U316,I352,This was a surprisingly interesting post. Reference 1218,2026-07-03 16:29:31.795279,this was a surprisingly interesting post reference 1218,0.0,0,1,0,0.0
C1219,U930,I499,I learned something useful about education here. Reference 1219,2026-07-13 22:24:31.795293,i learned something useful about education here reference 1219,0.0,0,1,0,0.0
C1220,U69,I285,This was a surprisingly interesting post. Reference 1220,2026-07-26 01:44:31.795307,this was a surprisingly interesting post reference 1220,0.0,0,1,0,0.0
C1221,U325,I429,I learned something useful about technology here. Reference 1221,2026-07-13 19:47:31.795321,i learned something useful about technology here reference 1221,0.0,0,1,0,0.0
C1222,U901,I498,The information presented here is useful. Reference 1222,2026-07-15 05:18:31.795334,the information presented here is useful reference 1222,0.0,0,1,0,0.0
C1223,U453,I381,I have a different opinion about education. Reference 1223,2026-07-25 17:26:31.795349,i have a different opinion about education reference 1223,0.0,0,1,0,0.0
C1224,U109,I67,I learned something useful about technology here. Reference 1224,2026-06-03 10:23:31.795365,i learned something useful about technology here reference 1224,0.0,0,1,0,0.0
C1225,U626,I315,I have a different opinion about sports. Reference 1225,2026-06-18 13:12:31.795381,i have a different opinion about sports reference 1225,0.0,0,1,0,0.0
C1226,U237,I118,I really enjoyed this post about music. Reference 1226,2026-08-04 14:21:31.795394,i really enjoyed this post about music reference 1226,0.0,0,1,0,0.0
C1227,U704,I399,I think this could be improved. Reference 1227,2026-06-27 02:38:31.795408,i think this could be improved reference 1227,0.0,0,1,0,0.0
C1228,U866,I309,I think this could be improved. Reference 1228,2026-07-26 02:04:31.795518,i think this could be improved reference 1228,0.0,0,1,0,0.0
C1229,U872,I198,I think this could be improved. Reference 1229,2026-07-30 07:34:31.795535,i think this could be improved reference 1229,0.0,0,1,0,0.0
C1230,U167,I98,The explanation of technology was very clear. Reference 1230,2026-07-05 15:24:31.795549,the explanation of technology was very clear reference 1230,0.0,0,1,0,0.0
C1231,U782,I496,I really enjoyed this post about movies. Reference 1231,2026-07-05 05:40:31.795564,i really enjoyed this post about movies reference 1231,0.0,0,1,0,0.0
C1232,U227,I380,The explanation of sports was very clear. Reference 1232,2026-08-05 19:30:31.795578,the explanation of sports was very clear reference 1232,0.0,0,1,0,0.0
C1233,U181,I474,I think this could be improved. Reference 1233,2026-06-10 05:19:31.795592,i think this could be improved reference 1233,0.0,0,1,0,0.0
C1234,U332,I443,I think this could be improved. Reference 1234,2026-07-03 21:58:31.795605,i think this could be improved reference 1234,0.0,0,1,0,0.0
C1235,U414,I397,I really enjoyed this post about fashion. Reference 1235,2026-06-07 06:40:31.795619,i really enjoyed this post about fashion reference 1235,0.0,0,1,0,0.0
C1236,U320,I201,Best deal available now,2026-06-25 10:36:31.795634,best deal available now,0.5,1,52,1,72.50000000000001
C1237,U111,I231,I think this could be improved. Reference 1237,2026-07-20 11:11:31.795647,i think this could be improved reference 1237,0.0,0,1,0,0.0
C1238,U531,I275,The information presented here is useful. Reference 1238,2026-06-22 01:40:31.795661,the information presented here is useful reference 1238,0.0,0,1,0,0.0
C1239,U396,I264,I really enjoyed this post about sports. Reference 1239,2026-07-16 07:53:31.795675,i really enjoyed this post about sports reference 1239,0.0,0,1,0,0.0
C1240,U450,I203,I have a different opinion about movies. Reference 1240,2026-06-30 20:09:31.795689,i have a different opinion about movies reference 1240,0.0,0,1,0,0.0
C1241,U170,I216,I have a different opinion about technology. Reference 1241,2026-06-10 00:45:31.795705,i have a different opinion about technology reference 1241,0.0,0,1,0,0.0
C1242,U529,I462,I learned something useful about food here. Reference 1242,2026-06-14 00:33:31.795718,i learned something useful about food here reference 1242,0.0,0,1,0,0.0
C1243,U462,I46,Amazing product buy now,2026-07-26 11:16:31.795732,amazing product buy now,1.0,1,69,1,100.0
C1244,U797,I299,This was a surprisingly interesting post. Reference 1244,2026-07-07 01:18:31.795746,this was a surprisingly interesting post reference 1244,0.0,0,1,0,0.0
C1245,U423,I165,I think this could be improved. Reference 1245,2026-07-26 13:13:31.795763,i think this could be improved reference 1245,0.0,0,1,0,0.0
C1246,U464,I302,The explanation of food was very clear. Reference 1246,2026-08-03 14:58:31.795780,the explanation of food was very clear reference 1246,0.0,0,1,0,0.0
C1247,U256,I165,I learned something useful about gaming here. Reference 1247,2026-08-03 12:46:31.795794,i learned something useful about gaming here reference 1247,0.0,0,1,0,0.0
C1248,U116,I361,I think this could be improved. Reference 1248,2026-08-04 01:37:31.795808,i think this could be improved reference 1248,0.0,0,1,0,0.0
C1249,U536,I362,The information presented here is useful. Reference 1249,2026-07-08 08:44:31.795822,the information presented here is useful reference 1249,0.0,0,1,0,0.0
C1250,U563,I194,I really enjoyed this post about education. Reference 1250,2026-07-12 07:44:31.795836,i really enjoyed this post about education reference 1250,0.0,0,1,0,0.0
C1251,U579,I446,I learned something useful about education here. Reference 1251,2026-07-29 16:05:31.795849,i learned something useful about education here reference 1251,0.0,0,1,0,0.0
C1252,U183,I393,I really enjoyed this post about fashion. Reference 1252,2026-07-14 19:00:31.795865,i really enjoyed this post about fashion reference 1252,0.0,0,1,0,0.0
C1253,U316,I373,Amazing product buy now,2026-06-15 19:28:31.795879,amazing product buy now,1.0,1,69,1,100.0
C1254,U185,I60,I learned something useful about sports here. Reference 1254,2026-08-11 12:15:31.795893,i learned something useful about sports here reference 1254,0.0,0,1,0,0.0
C1255,U637,I391,I have a different opinion about technology. Reference 1255,2026-07-01 02:03:31.795907,i have a different opinion about technology reference 1255,0.0,0,1,0,0.0
C1256,U509,I437,I think this could be improved. Reference 1256,2026-06-17 11:49:31.795920,i think this could be improved reference 1256,0.0,0,1,0,0.0
C1257,U903,I252,The explanation of sports was very clear. Reference 1257,2026-06-19 05:35:31.795934,the explanation of sports was very clear reference 1257,0.0,0,1,0,0.0
C1258,U675,I243,You must buy this product,2026-07-02 14:41:31.795948,you must buy this product,0.0,0,51,1,45.0
C1259,U81,I307,Thanks for sharing this information. Reference 1259,2026-07-20 13:23:31.795961,thanks for sharing this information reference 1259,0.0,0,1,0,0.0
C1260,U903,I280,I have a different opinion about sports. Reference 1260,2026-08-07 09:07:31.795975,i have a different opinion about sports reference 1260,0.0,0,1,0,0.0
C1261,U189,I75,I really enjoyed this post about music. Reference 1261,2026-08-08 11:45:31.795989,i really enjoyed this post about music reference 1261,0.0,0,1,0,0.0
C1262,U148,I437,You must buy this product,2026-07-12 16:39:31.796003,you must buy this product,0.0,0,51,1,45.0
C1263,U942,I44,I really enjoyed this post about gaming. Reference 1263,2026-07-04 21:07:31.796017,i really enjoyed this post about gaming reference 1263,0.0,0,1,0,0.0
C1264,U182,I82,I have a different opinion about education. Reference 1264,2026-07-01 09:16:31.796031,i have a different opinion about education reference 1264,0.0,0,1,0,0.0
C1265,U767,I296,This is worth discussing further. Reference 1265,2026-08-03 08:32:31.796045,this is worth discussing further reference 1265,0.0,0,1,0,0.0
C1266,U786,I153,This is worth discussing further. Reference 1266,2026-07-08 08:10:31.796058,this is worth discussing further reference 1266,0.0,0,1,0,0.0
C1267,U839,I34,The information presented here is useful. Reference 1267,2026-07-16 04:16:31.796072,the information presented here is useful reference 1267,0.0,0,1,0,0.0
C1268,U482,I68,This is an interesting perspective on movies. Reference 1268,2026-07-12 20:48:31.796086,this is an interesting perspective on movies reference 1268,0.0,0,1,0,0.0
C1269,U539,I211,This was a surprisingly interesting post. Reference 1269,2026-06-09 11:55:31.796101,this was a surprisingly interesting post reference 1269,0.0,0,1,0,0.0
C1270,U214,I313,I really enjoyed this post about gaming. Reference 1270,2026-06-20 19:48:31.796115,i really enjoyed this post about gaming reference 1270,0.0,0,1,0,0.0
C1271,U747,I322,Best product ever buy now,2026-06-28 19:24:31.796129,best product ever buy now,0.5,1,75,1,72.50000000000001
C1272,U741,I352,Thanks for sharing this information. Reference 1272,2026-07-03 23:04:31.796144,thanks for sharing this information reference 1272,0.0,0,1,0,0.0
C1273,U623,I434,This is worth discussing further. Reference 1273,2026-06-25 00:14:31.796157,this is worth discussing further reference 1273,0.0,0,1,0,0.0
C1274,U588,I319,This is worth discussing further. Reference 1274,2026-06-16 22:02:31.796170,this is worth discussing further reference 1274,0.0,0,1,0,0.0
C1275,U576,I254,This was a surprisingly interesting post. Reference 1275,2026-06-28 00:05:31.796184,this was a surprisingly interesting post reference 1275,0.0,0,1,0,0.0
C1276,U827,I92,Thanks for sharing this information. Reference 1276,2026-06-08 08:03:31.796197,thanks for sharing this information reference 1276,0.0,0,1,0,0.0
C1277,U297,I99,I really enjoyed this post about gaming. Reference 1277,2026-08-09 15:35:31.796211,i really enjoyed this post about gaming reference 1277,0.0,0,1,0,0.0
C1278,U476,I320,This is an interesting perspective on sports. Reference 1278,2026-06-16 19:49:31.796236,this is an interesting perspective on sports reference 1278,0.0,0,1,0,0.0
C1279,U424,I211,I really enjoyed this post about music. Reference 1279,2026-07-11 00:09:31.796250,i really enjoyed this post about music reference 1279,0.0,0,1,0,0.0
C1280,U573,I412,The explanation of technology was very clear. Reference 1280,2026-06-14 12:31:31.796264,the explanation of technology was very clear reference 1280,0.0,0,1,0,0.0
C1281,U206,I353,I have a different opinion about movies. Reference 1281,2026-08-05 15:47:31.796283,i have a different opinion about movies reference 1281,0.0,0,1,0,0.0
C1282,U315,I153,This was a surprisingly interesting post. Reference 1282,2026-08-11 06:35:31.796300,this was a surprisingly interesting post reference 1282,0.0,0,1,0,0.0
C1283,U116,I351,This is worth discussing further. Reference 1283,2026-07-06 18:48:31.796314,this is worth discussing further reference 1283,0.0,0,1,0,0.0
C1284,U741,I291,Thanks for sharing this information. Reference 1284,2026-07-26 20:18:31.796328,thanks for sharing this information reference 1284,0.0,0,1,0,0.0
C1285,U198,I169,This is worth discussing further. Reference 1285,2026-06-29 15:25:31.796342,this is worth discussing further reference 1285,0.0,0,1,0,0.0
C1286,U816,I18,Amazing product buy now,2026-07-28 16:32:31.796356,amazing product buy now,1.0,1,69,1,100.0
C1287,U642,I235,This was a surprisingly interesting post. Reference 1287,2026-06-30 17:42:31.796369,this was a surprisingly interesting post reference 1287,0.0,0,1,0,0.0
C1288,U802,I416,The information presented here is useful. Reference 1288,2026-06-25 09:40:31.796383,the information presented here is useful reference 1288,0.0,0,1,0,0.0
C1289,U306,I289,This is worth discussing further. Reference 1289,2026-07-23 21:01:31.796397,this is worth discussing further reference 1289,0.0,0,1,0,0.0
C1290,U591,I350,Best product ever buy now,2026-08-05 19:20:31.796419,best product ever buy now,0.5,1,75,1,72.50000000000001
C1291,U992,I76,I have a different opinion about technology. Reference 1291,2026-07-11 23:05:31.796433,i have a different opinion about technology reference 1291,0.0,0,1,0,0.0
C1292,U384,I320,This was a surprisingly interesting post. Reference 1292,2026-06-20 20:39:31.796447,this was a surprisingly interesting post reference 1292,0.0,0,1,0,0.0
C1293,U620,I199,I learned something useful about gaming here. Reference 1293,2026-06-04 10:13:31.796461,i learned something useful about gaming here reference 1293,0.0,0,1,0,0.0
C1294,U315,I361,This is worth discussing further. Reference 1294,2026-07-18 02:53:31.796475,this is worth discussing further reference 1294,0.0,0,1,0,0.0
C1295,U423,I44,I think this could be improved. Reference 1295,2026-07-09 00:14:31.796488,i think this could be improved reference 1295,0.0,0,1,0,0.0
C1296,U462,I424,I have a different opinion about sports. Reference 1296,2026-06-25 00:53:31.796502,i have a different opinion about sports reference 1296,0.0,0,1,0,0.0
C1297,U309,I89,This is an interesting perspective on music. Reference 1297,2026-08-08 10:17:31.796519,this is an interesting perspective on music reference 1297,0.0,0,1,0,0.0
C1298,U796,I103,This is an interesting perspective on food. Reference 1298,2026-06-26 18:37:31.796533,this is an interesting perspective on food reference 1298,0.0,0,1,0,0.0
C1299,U25,I409,I think this could be improved. Reference 1299,2026-07-25 12:27:31.796547,i think this could be improved reference 1299,0.0,0,1,0,0.0
C1300,U348,I472,I think this could be improved. Reference 1300,2026-07-13 00:54:31.796561,i think this could be improved reference 1300,0.0,0,1,0,0.0
C1301,U146,I393,This is an interesting perspective on education. Reference 1301,2026-07-24 03:44:31.796578,this is an interesting perspective on education reference 1301,0.0,0,1,0,0.0
C1302,U741,I18,I think this could be improved. Reference 1302,2026-06-07 20:55:31.796592,i think this could be improved reference 1302,0.0,0,1,0,0.0
C1303,U885,I267,This is an interesting perspective on technology. Reference 1303,2026-07-14 12:38:31.796606,this is an interesting perspective on technology reference 1303,0.0,0,1,0,0.0
C1304,U954,I22,Thanks for sharing this information. Reference 1304,2026-07-12 11:54:31.796620,thanks for sharing this information reference 1304,0.0,0,1,0,0.0
C1305,U478,I455,I really enjoyed this post about gaming. Reference 1305,2026-06-25 10:45:31.796635,i really enjoyed this post about gaming reference 1305,0.0,0,1,0,0.0
C1306,U784,I337,Best product ever buy now,2026-06-20 06:17:31.796649,best product ever buy now,0.5,1,75,1,72.50000000000001
C1307,U776,I159,The explanation of music was very clear. Reference 1307,2026-07-24 13:51:31.796665,the explanation of music was very clear reference 1307,0.0,0,1,0,0.0
C1308,U197,I146,I have a different opinion about music. Reference 1308,2026-07-02 16:21:31.796679,i have a different opinion about music reference 1308,0.0,0,1,0,0.0
C1309,U687,I60,I have a different opinion about education. Reference 1309,2026-07-28 11:55:31.796696,i have a different opinion about education reference 1309,0.0,0,1,0,0.0
C1310,U280,I58,Click here for amazing deals,2026-07-24 00:42:31.796711,click here for amazing deals,0.5,1,53,1,72.50000000000001
C1311,U555,I179,This was a surprisingly interesting post. Reference 1311,2026-07-18 03:51:31.796724,this was a surprisingly interesting post reference 1311,0.0,0,1,0,0.0
C1312,U144,I482,I have a different opinion about sports. Reference 1312,2026-07-27 05:49:31.796738,i have a different opinion about sports reference 1312,0.0,0,1,0,0.0
C1313,U72,I159,Thanks for sharing this information. Reference 1313,2026-06-23 15:04:31.796751,thanks for sharing this information reference 1313,0.0,0,1,0,0.0
C1314,U454,I25,I learned something useful about technology here. Reference 1314,2026-06-29 23:38:31.796765,i learned something useful about technology here reference 1314,0.0,0,1,0,0.0
C1315,U924,I345,I really enjoyed this post about gaming. Reference 1315,2026-07-07 21:59:31.796779,i really enjoyed this post about gaming reference 1315,0.0,0,1,0,0.0
C1316,U55,I44,The information presented here is useful. Reference 1316,2026-07-26 12:59:31.796792,the information presented here is useful reference 1316,0.0,0,1,0,0.0
C1317,U721,I305,Best deal available now,2026-06-16 17:37:31.796806,best deal available now,0.5,1,52,1,72.50000000000001
C1318,U364,I159,This is worth discussing further. Reference 1318,2026-06-07 22:37:31.796819,this is worth discussing further reference 1318,0.0,0,1,0,0.0
C1319,U776,I343,This was a surprisingly interesting post. Reference 1319,2026-06-04 01:02:31.796832,this was a surprisingly interesting post reference 1319,0.0,0,1,0,0.0
C1320,U782,I238,Thanks for sharing this information. Reference 1320,2026-08-03 09:00:31.796846,thanks for sharing this information reference 1320,0.0,0,1,0,0.0
C1321,U832,I410,Best deal available now,2026-07-01 08:44:31.796859,best deal available now,0.5,1,52,1,72.50000000000001
C1322,U317,I350,I think this could be improved. Reference 1322,2026-07-21 17:50:31.796873,i think this could be improved reference 1322,0.0,0,1,0,0.0
C1323,U970,I114,I learned something useful about movies here. Reference 1323,2026-07-09 18:00:31.796887,i learned something useful about movies here reference 1323,0.0,0,1,0,0.0
C1324,U401,I93,This is worth discussing further. Reference 1324,2026-07-01 13:46:31.796900,this is worth discussing further reference 1324,0.0,0,1,0,0.0
C1325,U499,I15,This is an interesting perspective on food. Reference 1325,2026-08-01 13:22:31.796914,this is an interesting perspective on food reference 1325,0.0,0,1,0,0.0
C1326,U359,I245,Best deal available now,2026-07-17 03:22:31.796930,best deal available now,0.5,1,52,1,72.50000000000001
C1327,U786,I178,Thanks for sharing this information. Reference 1327,2026-06-26 14:21:31.796943,thanks for sharing this information reference 1327,0.0,0,1,0,0.0
C1328,U105,I207,This is an interesting perspective on music. Reference 1328,2026-06-22 05:03:31.796957,this is an interesting perspective on music reference 1328,0.0,0,1,0,0.0
C1329,U665,I36,I have a different opinion about food. Reference 1329,2026-07-06 08:23:31.796971,i have a different opinion about food reference 1329,0.0,0,1,0,0.0
C1330,U604,I211,The explanation of sports was very clear. Reference 1330,2026-06-22 22:58:31.796984,the explanation of sports was very clear reference 1330,0.0,0,1,0,0.0
C1331,U162,I498,I think this could be improved. Reference 1331,2026-08-05 19:40:31.796998,i think this could be improved reference 1331,0.0,0,1,0,0.0
C1332,U348,I106,Thanks for sharing this information. Reference 1332,2026-07-03 04:56:31.797011,thanks for sharing this information reference 1332,0.0,0,1,0,0.0
C1333,U580,I403,This is worth discussing further. Reference 1333,2026-07-27 01:52:31.797025,this is worth discussing further reference 1333,0.0,0,1,0,0.0
C1334,U678,I342,This is an interesting perspective on food. Reference 1334,2026-08-01 10:14:31.797039,this is an interesting perspective on food reference 1334,0.0,0,1,0,0.0
C1335,U606,I305,Best product ever buy now,2026-06-22 07:22:31.797052,best product ever buy now,0.5,1,75,1,72.50000000000001
C1336,U99,I420,Best deal available now,2026-07-14 19:04:31.797066,best deal available now,0.5,1,52,1,72.50000000000001
C1337,U978,I207,This is an interesting perspective on gaming. Reference 1337,2026-06-10 10:28:31.797081,this is an interesting perspective on gaming reference 1337,0.0,0,1,0,0.0
C1338,U833,I305,The information presented here is useful. Reference 1338,2026-06-27 20:10:31.797094,the information presented here is useful reference 1338,0.0,0,1,0,0.0
C1339,U660,I338,I really enjoyed this post about gaming. Reference 1339,2026-07-23 00:36:31.797108,i really enjoyed this post about gaming reference 1339,0.0,0,1,0,0.0
C1340,U836,I71,Thanks for sharing this information. Reference 1340,2026-06-03 22:07:31.797122,thanks for sharing this information reference 1340,0.0,0,1,0,0.0
C1341,U150,I338,I learned something useful about food here. Reference 1341,2026-06-24 11:26:31.797137,i learned something useful about food here reference 1341,0.0,0,1,0,0.0
C1342,U298,I199,Thanks for sharing this information. Reference 1342,2026-07-25 00:32:31.797151,thanks for sharing this information reference 1342,0.0,0,1,0,0.0
C1343,U210,I348,You must buy this product,2026-06-20 22:11:31.797164,you must buy this product,0.0,0,51,1,45.0
C1344,U813,I467,I have a different opinion about fashion. Reference 1344,2026-06-07 11:56:31.797178,i have a different opinion about fashion reference 1344,0.0,0,1,0,0.0
C1345,U937,I176,This is an interesting perspective on technology. Reference 1345,2026-06-17 04:09:31.797194,this is an interesting perspective on technology reference 1345,0.0,0,1,0,0.0
C1346,U522,I206,I learned something useful about movies here. Reference 1346,2026-08-06 03:38:31.797208,i learned something useful about movies here reference 1346,0.0,0,1,0,0.0
C1347,U378,I461,This was a surprisingly interesting post. Reference 1347,2026-08-11 18:08:31.797222,this was a surprisingly interesting post reference 1347,0.0,0,1,0,0.0
C1348,U720,I286,This is worth discussing further. Reference 1348,2026-07-17 03:29:31.797236,this is worth discussing further reference 1348,0.0,0,1,0,0.0
C1349,U886,I15,The explanation of fashion was very clear. Reference 1349,2026-06-08 21:57:31.797250,the explanation of fashion was very clear reference 1349,0.0,0,1,0,0.0
C1350,U604,I201,This is worth discussing further. Reference 1350,2026-07-05 20:59:31.797263,this is worth discussing further reference 1350,0.0,0,1,0,0.0
C1351,U390,I222,This was a surprisingly interesting post. Reference 1351,2026-06-12 12:45:31.797277,this was a surprisingly interesting post reference 1351,0.0,0,1,0,0.0
C1352,U177,I243,I learned something useful about sports here. Reference 1352,2026-06-22 06:38:31.797290,i learned something useful about sports here reference 1352,0.0,0,1,0,0.0
C1353,U393,I431,This is worth discussing further. Reference 1353,2026-07-28 18:58:31.797304,this is worth discussing further reference 1353,0.0,0,1,0,0.0
C1354,U295,I446,I learned something useful about education here. Reference 1354,2026-08-10 18:38:31.797320,i learned something useful about education here reference 1354,0.0,0,1,0,0.0
C1355,U73,I331,I really enjoyed this post about education. Reference 1355,2026-06-07 04:11:31.797334,i really enjoyed this post about education reference 1355,0.0,0,1,0,0.0
C1356,U906,I249,The information presented here is useful. Reference 1356,2026-08-04 03:01:31.797348,the information presented here is useful reference 1356,0.0,0,1,0,0.0
C1357,U140,I328,The information presented here is useful. Reference 1357,2026-06-09 12:52:31.797362,the information presented here is useful reference 1357,0.0,0,1,0,0.0
C1358,U618,I476,The information presented here is useful. Reference 1358,2026-07-01 11:20:31.797375,the information presented here is useful reference 1358,0.0,0,1,0,0.0
C1359,U521,I217,This was a surprisingly interesting post. Reference 1359,2026-07-07 19:33:31.797389,this was a surprisingly interesting post reference 1359,0.0,0,1,0,0.0
C1360,U363,I115,I learned something useful about fashion here. Reference 1360,2026-06-17 19:16:31.797402,i learned something useful about fashion here reference 1360,0.0,0,1,0,0.0
C1361,U7,I295,Amazing product buy now,2026-06-08 00:18:31.797416,amazing product buy now,1.0,1,69,1,100.0
C1362,U513,I137,The information presented here is useful. Reference 1362,2026-08-08 18:53:31.797430,the information presented here is useful reference 1362,0.0,0,1,0,0.0
C1363,U38,I290,I think this could be improved. Reference 1363,2026-08-01 12:46:31.797444,i think this could be improved reference 1363,0.0,0,1,0,0.0
C1364,U594,I246,This is an interesting perspective on education. Reference 1364,2026-06-06 08:52:31.797458,this is an interesting perspective on education reference 1364,0.0,0,1,0,0.0
C1365,U748,I269,I have a different opinion about food. Reference 1365,2026-06-25 18:41:31.797472,i have a different opinion about food reference 1365,0.0,0,1,0,0.0
C1366,U80,I267,Thanks for sharing this information. Reference 1366,2026-07-20 12:16:31.797489,thanks for sharing this information reference 1366,0.0,0,1,0,0.0
C1367,U483,I322,This is an interesting perspective on movies. Reference 1367,2026-06-17 00:46:31.797503,this is an interesting perspective on movies reference 1367,0.0,0,1,0,0.0
C1368,U54,I462,This is worth discussing further. Reference 1368,2026-06-30 03:43:31.797517,this is worth discussing further reference 1368,0.0,0,1,0,0.0
C1369,U464,I262,I think this could be improved. Reference 1369,2026-07-04 12:15:31.797530,i think this could be improved reference 1369,0.0,0,1,0,0.0
C1370,U361,I491,I have a different opinion about movies. Reference 1370,2026-07-27 14:03:31.797544,i have a different opinion about movies reference 1370,0.0,0,1,0,0.0
C1371,U36,I355,Thanks for sharing this information. Reference 1371,2026-06-06 15:53:31.797558,thanks for sharing this information reference 1371,0.0,0,1,0,0.0
C1372,U803,I288,I have a different opinion about technology. Reference 1372,2026-06-15 13:15:31.797571,i have a different opinion about technology reference 1372,0.0,0,1,0,0.0
C1373,U484,I296,I learned something useful about technology here. Reference 1373,2026-06-13 02:13:31.797587,i learned something useful about technology here reference 1373,0.0,0,1,0,0.0
C1374,U298,I414,Thanks for sharing this information. Reference 1374,2026-07-16 17:25:31.797601,thanks for sharing this information reference 1374,0.0,0,1,0,0.0
C1375,U496,I42,I learned something useful about gaming here. Reference 1375,2026-07-17 13:00:31.797615,i learned something useful about gaming here reference 1375,0.0,0,1,0,0.0
C1376,U258,I67,Thanks for sharing this information. Reference 1376,2026-07-17 18:45:31.797628,thanks for sharing this information reference 1376,0.0,0,1,0,0.0
C1377,U878,I131,Amazing product buy now,2026-06-17 20:54:31.797642,amazing product buy now,1.0,1,69,1,100.0
C1378,U178,I465,Thanks for sharing this information. Reference 1378,2026-06-12 20:02:31.797656,thanks for sharing this information reference 1378,0.0,0,1,0,0.0
C1379,U457,I189,I learned something useful about movies here. Reference 1379,2026-06-09 01:07:31.797672,i learned something useful about movies here reference 1379,0.0,0,1,0,0.0
C1380,U241,I248,I learned something useful about technology here. Reference 1380,2026-07-11 15:01:31.797686,i learned something useful about technology here reference 1380,0.0,0,1,0,0.0
C1381,U86,I495,I learned something useful about education here. Reference 1381,2026-06-27 16:34:31.797700,i learned something useful about education here reference 1381,0.0,0,1,0,0.0
C1382,U770,I211,The information presented here is useful. Reference 1382,2026-06-12 16:44:31.797721,the information presented here is useful reference 1382,0.0,0,1,0,0.0
C1383,U450,I371,I learned something useful about sports here. Reference 1383,2026-06-20 05:51:31.797735,i learned something useful about sports here reference 1383,0.0,0,1,0,0.0
C1384,U751,I431,This is worth discussing further. Reference 1384,2026-06-14 08:56:31.797749,this is worth discussing further reference 1384,0.0,0,1,0,0.0
C1385,U270,I386,This is an interesting perspective on technology. Reference 1385,2026-07-27 13:51:31.797762,this is an interesting perspective on technology reference 1385,0.0,0,1,0,0.0
C1386,U475,I204,I think this could be improved. Reference 1386,2026-06-29 11:33:31.797776,i think this could be improved reference 1386,0.0,0,1,0,0.0
C1387,U764,I485,This was a surprisingly interesting post. Reference 1387,2026-07-08 06:17:31.797789,this was a surprisingly interesting post reference 1387,0.0,0,1,0,0.0
C1388,U699,I361,The information presented here is useful. Reference 1388,2026-07-18 22:16:31.797803,the information presented here is useful reference 1388,0.0,0,1,0,0.0
C1389,U148,I271,The information presented here is useful. Reference 1389,2026-07-16 13:06:31.797816,the information presented here is useful reference 1389,0.0,0,1,0,0.0
C1390,U949,I408,I think this could be improved. Reference 1390,2026-06-11 01:47:31.797830,i think this could be improved reference 1390,0.0,0,1,0,0.0
C1391,U323,I492,This was a surprisingly interesting post. Reference 1391,2026-08-02 23:17:31.797843,this was a surprisingly interesting post reference 1391,0.0,0,1,0,0.0
C1392,U939,I272,This is worth discussing further. Reference 1392,2026-06-17 06:21:31.797857,this is worth discussing further reference 1392,0.0,0,1,0,0.0
C1393,U940,I333,I have a different opinion about music. Reference 1393,2026-07-18 05:26:31.797870,i have a different opinion about music reference 1393,0.0,0,1,0,0.0
C1394,U273,I410,This is an interesting perspective on movies. Reference 1394,2026-06-13 06:32:31.797886,this is an interesting perspective on movies reference 1394,0.0,0,1,0,0.0
C1395,U598,I200,I think this could be improved. Reference 1395,2026-06-05 23:51:31.797900,i think this could be improved reference 1395,0.0,0,1,0,0.0
C1396,U688,I301,The explanation of music was very clear. Reference 1396,2026-06-11 03:29:31.797914,the explanation of music was very clear reference 1396,0.0,0,1,0,0.0
C1397,U706,I92,Best product ever buy now,2026-06-11 14:13:31.797928,best product ever buy now,0.5,1,75,1,72.50000000000001
C1398,U8,I425,This is an interesting perspective on technology. Reference 1398,2026-07-05 09:35:31.797942,this is an interesting perspective on technology reference 1398,0.0,0,1,0,0.0
C1399,U100,I268,This is an interesting perspective on food. Reference 1399,2026-07-10 20:05:31.797956,this is an interesting perspective on food reference 1399,0.0,0,1,0,0.0
C1400,U224,I371,Best deal available now,2026-07-25 06:11:31.797969,best deal available now,0.5,1,52,1,72.50000000000001
C1401,U34,I12,Thanks for sharing this information. Reference 1401,2026-08-06 15:43:31.797988,thanks for sharing this information reference 1401,0.0,0,1,0,0.0
C1402,U961,I304,The explanation of gaming was very clear. Reference 1402,2026-06-08 09:10:31.798033,the explanation of gaming was very clear reference 1402,0.0,0,1,0,0.0
C1403,U980,I61,This is an interesting perspective on education. Reference 1403,2026-07-08 14:41:31.798305,this is an interesting perspective on education reference 1403,0.0,0,1,0,0.0
C1404,U672,I391,Thanks for sharing this information. Reference 1404,2026-08-01 17:50:31.798449,thanks for sharing this information reference 1404,0.0,0,1,0,0.0
C1405,U712,I94,I have a different opinion about movies. Reference 1405,2026-06-30 07:54:31.798538,i have a different opinion about movies reference 1405,0.0,0,1,0,0.0
C1406,U676,I479,This is an interesting perspective on food. Reference 1406,2026-07-17 16:12:31.798572,this is an interesting perspective on food reference 1406,0.0,0,1,0,0.0
C1407,U787,I218,This is worth discussing further. Reference 1407,2026-07-28 02:09:31.798602,this is worth discussing further reference 1407,0.0,0,1,0,0.0
C1408,U799,I37,I have a different opinion about technology. Reference 1408,2026-07-07 23:44:31.798629,i have a different opinion about technology reference 1408,0.0,0,1,0,0.0
C1409,U397,I170,I really enjoyed this post about movies. Reference 1409,2026-07-18 17:48:31.798659,i really enjoyed this post about movies reference 1409,0.0,0,1,0,0.0
C1410,U182,I225,This is an interesting perspective on food. Reference 1410,2026-07-24 13:36:31.798690,this is an interesting perspective on food reference 1410,0.0,0,1,0,0.0
C1411,U624,I201,I learned something useful about food here. Reference 1411,2026-08-01 23:06:31.798716,i learned something useful about food here reference 1411,0.0,0,1,0,0.0
C1412,U147,I276,The information presented here is useful. Reference 1412,2026-06-16 22:45:31.798742,the information presented here is useful reference 1412,0.0,0,1,0,0.0
C1413,U658,I54,I think this could be improved. Reference 1413,2026-08-02 10:20:31.798766,i think this could be improved reference 1413,0.0,0,1,0,0.0
C1414,U35,I37,Best product ever buy now,2026-07-02 05:56:31.798792,best product ever buy now,0.5,1,75,1,72.50000000000001
C1415,U19,I459,I think this could be improved. Reference 1415,2026-06-13 09:46:31.798817,i think this could be improved reference 1415,0.0,0,1,0,0.0
C1416,U655,I0,Amazing product buy now,2026-07-18 13:56:31.798844,amazing product buy now,1.0,1,69,1,100.0
C1417,U155,I358,Best product ever buy now,2026-06-20 12:39:31.798870,best product ever buy now,0.5,1,75,1,72.50000000000001
C1418,U3,I263,I think this could be improved. Reference 1418,2026-07-03 03:24:31.798943,i think this could be improved reference 1418,0.0,0,1,0,0.0
C1419,U413,I432,This is an interesting perspective on sports. Reference 1419,2026-08-11 12:45:31.798970,this is an interesting perspective on sports reference 1419,0.0,0,1,0,0.0
C1420,U393,I488,I think this could be improved. Reference 1420,2026-06-21 04:49:31.798996,i think this could be improved reference 1420,0.0,0,1,0,0.0
C1421,U548,I478,Click here for amazing deals,2026-06-10 18:29:31.799021,click here for amazing deals,0.5,1,53,1,72.50000000000001
C1422,U310,I205,I really enjoyed this post about gaming. Reference 1422,2026-07-09 13:51:31.799050,i really enjoyed this post about gaming reference 1422,0.0,0,1,0,0.0
C1423,U547,I436,This is worth discussing further. Reference 1423,2026-06-30 23:53:31.799074,this is worth discussing further reference 1423,0.0,0,1,0,0.0
C1424,U778,I392,I have a different opinion about sports. Reference 1424,2026-07-26 18:09:31.799099,i have a different opinion about sports reference 1424,0.0,0,1,0,0.0
C1425,U567,I20,The information presented here is useful. Reference 1425,2026-07-15 15:05:31.799125,the information presented here is useful reference 1425,0.0,0,1,0,0.0
C1426,U712,I199,This is an interesting perspective on music. Reference 1426,2026-06-28 13:12:31.799150,this is an interesting perspective on music reference 1426,0.0,0,1,0,0.0
C1427,U86,I453,I think this could be improved. Reference 1427,2026-07-30 02:16:31.799175,i think this could be improved reference 1427,0.0,0,1,0,0.0
C1428,U36,I98,I really enjoyed this post about sports. Reference 1428,2026-06-28 07:14:31.799200,i really enjoyed this post about sports reference 1428,0.0,0,1,0,0.0
C1429,U398,I32,This was a surprisingly interesting post. Reference 1429,2026-06-27 08:24:31.799225,this was a surprisingly interesting post reference 1429,0.0,0,1,0,0.0
C1430,U546,I494,I think this could be improved. Reference 1430,2026-08-08 11:03:31.799251,i think this could be improved reference 1430,0.0,0,1,0,0.0
C1431,U347,I28,This is worth discussing further. Reference 1431,2026-07-05 22:08:31.799275,this is worth discussing further reference 1431,0.0,0,1,0,0.0
C1432,U121,I108,This was a surprisingly interesting post. Reference 1432,2026-06-11 02:41:31.799299,this was a surprisingly interesting post reference 1432,0.0,0,1,0,0.0
C1433,U891,I447,This was a surprisingly interesting post. Reference 1433,2026-06-05 09:07:31.799325,this was a surprisingly interesting post reference 1433,0.0,0,1,0,0.0
C1434,U593,I119,This is an interesting perspective on technology. Reference 1434,2026-06-05 21:20:31.799382,this is an interesting perspective on technology reference 1434,0.0,0,1,0,0.0
C1435,U144,I250,I really enjoyed this post about food. Reference 1435,2026-06-16 13:07:31.799407,i really enjoyed this post about food reference 1435,0.0,0,1,0,0.0
C1436,U46,I124,I learned something useful about technology here. Reference 1436,2026-07-27 03:41:31.799437,i learned something useful about technology here reference 1436,0.0,0,1,0,0.0
C1437,U647,I25,I have a different opinion about gaming. Reference 1437,2026-07-01 07:25:31.799462,i have a different opinion about gaming reference 1437,0.0,0,1,0,0.0
C1438,U625,I87,Thanks for sharing this information. Reference 1438,2026-08-02 03:41:31.799486,thanks for sharing this information reference 1438,0.0,0,1,0,0.0
C1439,U116,I254,Thanks for sharing this information. Reference 1439,2026-08-06 02:07:31.799515,thanks for sharing this information reference 1439,0.0,0,1,0,0.0
C1440,U823,I103,The information presented here is useful. Reference 1440,2026-06-05 15:57:31.799540,the information presented here is useful reference 1440,0.0,0,1,0,0.0
C1441,U694,I205,This is worth discussing further. Reference 1441,2026-06-10 13:34:31.799560,this is worth discussing further reference 1441,0.0,0,1,0,0.0
C1442,U589,I279,I learned something useful about music here. Reference 1442,2026-07-23 10:10:31.799574,i learned something useful about music here reference 1442,0.0,0,1,0,0.0
C1443,U782,I23,Thanks for sharing this information. Reference 1443,2026-07-12 07:03:31.799588,thanks for sharing this information reference 1443,0.0,0,1,0,0.0
C1444,U64,I61,I have a different opinion about education. Reference 1444,2026-06-03 21:05:31.799601,i have a different opinion about education reference 1444,0.0,0,1,0,0.0
C1445,U425,I86,This is worth discussing further. Reference 1445,2026-07-02 21:42:31.799615,this is worth discussing further reference 1445,0.0,0,1,0,0.0
C1446,U249,I473,Thanks for sharing this information. Reference 1446,2026-07-30 16:37:31.799639,thanks for sharing this information reference 1446,0.0,0,1,0,0.0
C1447,U102,I405,Thanks for sharing this information. Reference 1447,2026-07-28 11:21:31.799653,thanks for sharing this information reference 1447,0.0,0,1,0,0.0
C1448,U16,I450,I think this could be improved. Reference 1448,2026-08-11 06:06:31.799667,i think this could be improved reference 1448,0.0,0,1,0,0.0
C1449,U7,I91,This is an interesting perspective on movies. Reference 1449,2026-07-04 22:43:31.799681,this is an interesting perspective on movies reference 1449,0.0,0,1,0,0.0
C1450,U710,I413,I think this could be improved. Reference 1450,2026-07-24 01:37:31.799695,i think this could be improved reference 1450,0.0,0,1,0,0.0
C1451,U146,I327,I have a different opinion about food. Reference 1451,2026-07-05 07:53:31.799711,i have a different opinion about food reference 1451,0.0,0,1,0,0.0
C1452,U244,I480,I learned something useful about technology here. Reference 1452,2026-06-18 13:24:31.799726,i learned something useful about technology here reference 1452,0.0,0,1,0,0.0
C1453,U184,I367,I think this could be improved. Reference 1453,2026-06-15 17:51:31.799740,i think this could be improved reference 1453,0.0,0,1,0,0.0
C1454,U846,I400,I have a different opinion about music. Reference 1454,2026-07-04 17:07:31.799753,i have a different opinion about music reference 1454,0.0,0,1,0,0.0
C1455,U4,I285,The explanation of sports was very clear. Reference 1455,2026-08-01 03:17:31.799768,the explanation of sports was very clear reference 1455,0.0,0,1,0,0.0
C1456,U542,I48,Thanks for sharing this information. Reference 1456,2026-06-03 13:16:31.799781,thanks for sharing this information reference 1456,0.0,0,1,0,0.0
C1457,U552,I259,The explanation of food was very clear. Reference 1457,2026-06-15 19:27:31.799797,the explanation of food was very clear reference 1457,0.0,0,1,0,0.0
C1458,U675,I106,I have a different opinion about technology. Reference 1458,2026-07-25 04:47:31.799812,i have a different opinion about technology reference 1458,0.0,0,1,0,0.0
C1459,U115,I407,Best deal available now,2026-06-27 13:08:31.799826,best deal available now,0.5,1,52,1,72.50000000000001
C1460,U180,I81,I really enjoyed this post about technology. Reference 1460,2026-06-14 03:15:31.799840,i really enjoyed this post about technology reference 1460,0.0,0,1,0,0.0
C1461,U372,I145,The explanation of fashion was very clear. Reference 1461,2026-07-19 22:49:31.799853,the explanation of fashion was very clear reference 1461,0.0,0,1,0,0.0
C1462,U342,I315,I think this could be improved. Reference 1462,2026-08-02 07:52:31.799869,i think this could be improved reference 1462,0.0,0,1,0,0.0
C1463,U758,I26,This was a surprisingly interesting post. Reference 1463,2026-07-28 10:43:31.799883,this was a surprisingly interesting post reference 1463,0.0,0,1,0,0.0
C1464,U804,I14,I think this could be improved. Reference 1464,2026-08-05 09:11:31.799896,i think this could be improved reference 1464,0.0,0,1,0,0.0
C1465,U916,I120,I think this could be improved. Reference 1465,2026-07-04 16:31:31.799910,i think this could be improved reference 1465,0.0,0,1,0,0.0
C1466,U203,I382,This is worth discussing further. Reference 1466,2026-08-01 19:23:31.799924,this is worth discussing further reference 1466,0.0,0,1,0,0.0
C1467,U333,I116,This is an interesting perspective on sports. Reference 1467,2026-06-05 16:20:31.799940,this is an interesting perspective on sports reference 1467,0.0,0,1,0,0.0
C1468,U422,I445,The explanation of fashion was very clear. Reference 1468,2026-07-22 17:56:31.799956,the explanation of fashion was very clear reference 1468,0.0,0,1,0,0.0
C1469,U75,I241,Thanks for sharing this information. Reference 1469,2026-08-06 21:16:31.799969,thanks for sharing this information reference 1469,0.0,0,1,0,0.0
C1470,U911,I223,Click here for amazing deals,2026-06-17 08:39:31.799983,click here for amazing deals,0.5,1,53,1,72.50000000000001
C1471,U465,I91,The information presented here is useful. Reference 1471,2026-07-30 10:00:31.799996,the information presented here is useful reference 1471,0.0,0,1,0,0.0
C1472,U468,I368,The explanation of music was very clear. Reference 1472,2026-07-18 06:49:31.800010,the explanation of music was very clear reference 1472,0.0,0,1,0,0.0
C1473,U207,I171,Best product ever buy now,2026-06-09 19:49:31.800026,best product ever buy now,0.5,1,75,1,72.50000000000001
C1474,U582,I30,I have a different opinion about education. Reference 1474,2026-08-01 17:15:31.800040,i have a different opinion about education reference 1474,0.0,0,1,0,0.0
C1475,U872,I238,I think this could be improved. Reference 1475,2026-07-27 05:59:31.800054,i think this could be improved reference 1475,0.0,0,1,0,0.0
C1476,U778,I175,The explanation of movies was very clear. Reference 1476,2026-06-17 21:19:31.800068,the explanation of movies was very clear reference 1476,0.0,0,1,0,0.0
C1477,U160,I404,Thanks for sharing this information. Reference 1477,2026-06-20 05:03:31.800081,thanks for sharing this information reference 1477,0.0,0,1,0,0.0
C1478,U993,I283,The explanation of gaming was very clear. Reference 1478,2026-07-05 08:37:31.800095,the explanation of gaming was very clear reference 1478,0.0,0,1,0,0.0
C1479,U877,I267,I think this could be improved. Reference 1479,2026-06-18 23:39:31.800111,i think this could be improved reference 1479,0.0,0,1,0,0.0
C1480,U484,I428,I think this could be improved. Reference 1480,2026-08-10 12:17:31.800124,i think this could be improved reference 1480,0.0,0,1,0,0.0
C1481,U747,I219,The explanation of sports was very clear. Reference 1481,2026-07-13 00:59:31.800138,the explanation of sports was very clear reference 1481,0.0,0,1,0,0.0
C1482,U444,I296,The explanation of education was very clear. Reference 1482,2026-06-20 14:42:31.800152,the explanation of education was very clear reference 1482,0.0,0,1,0,0.0
C1483,U919,I2,The information presented here is useful. Reference 1483,2026-08-08 04:28:31.800165,the information presented here is useful reference 1483,0.0,0,1,0,0.0
C1484,U481,I375,This was a surprisingly interesting post. Reference 1484,2026-07-04 02:01:31.800179,this was a surprisingly interesting post reference 1484,0.0,0,1,0,0.0
C1485,U543,I201,I think this could be improved. Reference 1485,2026-07-01 15:36:31.800193,i think this could be improved reference 1485,0.0,0,1,0,0.0
C1486,U507,I123,This is an interesting perspective on technology. Reference 1486,2026-06-09 17:45:31.800206,this is an interesting perspective on technology reference 1486,0.0,0,1,0,0.0
C1487,U749,I208,The explanation of education was very clear. Reference 1487,2026-07-10 05:02:31.800220,the explanation of education was very clear reference 1487,0.0,0,1,0,0.0
C1488,U302,I122,You must buy this product,2026-06-29 03:52:31.800234,you must buy this product,0.0,0,51,1,45.0
C1489,U685,I156,Best product ever buy now,2026-06-20 21:58:31.800247,best product ever buy now,0.5,1,75,1,72.50000000000001
C1490,U765,I298,I really enjoyed this post about food. Reference 1490,2026-06-30 14:52:31.800261,i really enjoyed this post about food reference 1490,0.0,0,1,0,0.0
C1491,U790,I70,The information presented here is useful. Reference 1491,2026-07-09 02:47:31.800274,the information presented here is useful reference 1491,0.0,0,1,0,0.0
C1492,U641,I237,I really enjoyed this post about gaming. Reference 1492,2026-07-07 19:12:31.800288,i really enjoyed this post about gaming reference 1492,0.0,0,1,0,0.0
C1493,U914,I353,This is worth discussing further. Reference 1493,2026-07-15 20:04:31.800302,this is worth discussing further reference 1493,0.0,0,1,0,0.0
C1494,U436,I385,I have a different opinion about sports. Reference 1494,2026-06-10 12:18:31.800316,i have a different opinion about sports reference 1494,0.0,0,1,0,0.0
C1495,U82,I317,This is worth discussing further. Reference 1495,2026-06-25 23:31:31.800332,this is worth discussing further reference 1495,0.0,0,1,0,0.0
C1496,U968,I465,This is worth discussing further. Reference 1496,2026-08-01 17:34:31.800346,this is worth discussing further reference 1496,0.0,0,1,0,0.0
C1497,U392,I187,I think this could be improved. Reference 1497,2026-07-09 13:22:31.800359,i think this could be improved reference 1497,0.0,0,1,0,0.0
C1498,U375,I89,This was a surprisingly interesting post. Reference 1498,2026-06-21 18:59:31.800373,this was a surprisingly interesting post reference 1498,0.0,0,1,0,0.0
C1499,U726,I396,Amazing product buy now,2026-07-12 08:19:31.800386,amazing product buy now,1.0,1,69,1,100.0
C1500,U244,I276,Click here for amazing deals,2026-06-05 17:09:31.800402,click here for amazing deals,0.5,1,53,1,72.50000000000001
C1501,U961,I385,Thanks for sharing this information. Reference 1501,2026-06-04 06:39:31.800416,thanks for sharing this information reference 1501,0.0,0,1,0,0.0
C1502,U762,I389,The explanation of music was very clear. Reference 1502,2026-07-10 17:28:31.800429,the explanation of music was very clear reference 1502,0.0,0,1,0,0.0
C1503,U919,I136,This was a surprisingly interesting post. Reference 1503,2026-07-17 14:33:31.800442,this was a surprisingly interesting post reference 1503,0.0,0,1,0,0.0
C1504,U55,I32,This is worth discussing further. Reference 1504,2026-07-01 15:40:31.800456,this is worth discussing further reference 1504,0.0,0,1,0,0.0
C1505,U497,I256,This was a surprisingly interesting post. Reference 1505,2026-06-30 00:53:31.800469,this was a surprisingly interesting post reference 1505,0.0,0,1,0,0.0
C1506,U726,I272,This was a surprisingly interesting post. Reference 1506,2026-07-01 16:37:31.800482,this was a surprisingly interesting post reference 1506,0.0,0,1,0,0.0
C1507,U635,I188,This is an interesting perspective on sports. Reference 1507,2026-07-01 03:44:31.800497,this is an interesting perspective on sports reference 1507,0.0,0,1,0,0.0
C1508,U89,I41,The information presented here is useful. Reference 1508,2026-07-16 14:01:31.800513,the information presented here is useful reference 1508,0.0,0,1,0,0.0
C1509,U981,I489,This is an interesting perspective on gaming. Reference 1509,2026-07-27 20:02:31.800527,this is an interesting perspective on gaming reference 1509,0.0,0,1,0,0.0
C1510,U282,I57,I learned something useful about food here. Reference 1510,2026-07-29 03:12:31.800540,i learned something useful about food here reference 1510,0.0,0,1,0,0.0
C1511,U895,I104,This was a surprisingly interesting post. Reference 1511,2026-07-16 03:32:31.800554,this was a surprisingly interesting post reference 1511,0.0,0,1,0,0.0
C1512,U426,I496,This was a surprisingly interesting post. Reference 1512,2026-06-29 16:43:31.800567,this was a surprisingly interesting post reference 1512,0.0,0,1,0,0.0
C1513,U355,I215,I think this could be improved. Reference 1513,2026-07-16 07:09:31.800580,i think this could be improved reference 1513,0.0,0,1,0,0.0
C1514,U193,I32,I really enjoyed this post about sports. Reference 1514,2026-06-25 12:51:31.800594,i really enjoyed this post about sports reference 1514,0.0,0,1,0,0.0
C1515,U660,I171,You must buy this product,2026-06-13 03:27:31.800632,you must buy this product,0.0,0,51,1,45.0
C1516,U661,I402,This is worth discussing further. Reference 1516,2026-06-18 19:46:31.800645,this is worth discussing further reference 1516,0.0,0,1,0,0.0
C1517,U681,I356,This was a surprisingly interesting post. Reference 1517,2026-07-01 03:27:31.800659,this was a surprisingly interesting post reference 1517,0.0,0,1,0,0.0
C1518,U311,I290,I learned something useful about movies here. Reference 1518,2026-07-27 04:49:31.800672,i learned something useful about movies here reference 1518,0.0,0,1,0,0.0
C1519,U808,I133,The explanation of food was very clear. Reference 1519,2026-07-08 23:33:31.800686,the explanation of food was very clear reference 1519,0.0,0,1,0,0.0
C1520,U994,I147,I really enjoyed this post about education. Reference 1520,2026-07-10 16:34:31.800700,i really enjoyed this post about education reference 1520,0.0,0,1,0,0.0
C1521,U291,I233,I learned something useful about education here. Reference 1521,2026-06-08 01:00:31.800713,i learned something useful about education here reference 1521,0.0,0,1,0,0.0
C1522,U548,I146,I learned something useful about education here. Reference 1522,2026-06-08 09:05:31.800727,i learned something useful about education here reference 1522,0.0,0,1,0,0.0
C1523,U709,I463,I learned something useful about education here. Reference 1523,2026-07-21 04:16:31.800746,i learned something useful about education here reference 1523,0.0,0,1,0,0.0
C1524,U119,I21,This is worth discussing further. Reference 1524,2026-07-02 16:50:31.800759,this is worth discussing further reference 1524,0.0,0,1,0,0.0
C1525,U266,I189,I learned something useful about sports here. Reference 1525,2026-06-21 15:12:31.800773,i learned something useful about sports here reference 1525,0.0,0,1,0,0.0
C1526,U724,I17,This is worth discussing further. Reference 1526,2026-07-29 08:47:31.800787,this is worth discussing further reference 1526,0.0,0,1,0,0.0
C1527,U381,I229,This was a surprisingly interesting post. Reference 1527,2026-06-24 06:13:31.800800,this was a surprisingly interesting post reference 1527,0.0,0,1,0,0.0
C1528,U308,I62,I really enjoyed this post about fashion. Reference 1528,2026-06-27 08:59:31.800814,i really enjoyed this post about fashion reference 1528,0.0,0,1,0,0.0
C1529,U786,I74,I think this could be improved. Reference 1529,2026-07-28 15:04:31.800827,i think this could be improved reference 1529,0.0,0,1,0,0.0
C1530,U4,I496,This was a surprisingly interesting post. Reference 1530,2026-06-13 22:03:31.800841,this was a surprisingly interesting post reference 1530,0.0,0,1,0,0.0
C1531,U722,I151,I think this could be improved. Reference 1531,2026-06-04 04:29:31.800854,i think this could be improved reference 1531,0.0,0,1,0,0.0
C1532,U587,I341,I learned something useful about food here. Reference 1532,2026-07-12 00:06:31.800871,i learned something useful about food here reference 1532,0.0,0,1,0,0.0
C1533,U705,I57,I think this could be improved. Reference 1533,2026-07-30 03:24:31.800885,i think this could be improved reference 1533,0.0,0,1,0,0.0
C1534,U694,I282,This is an interesting perspective on movies. Reference 1534,2026-08-09 13:48:31.800898,this is an interesting perspective on movies reference 1534,0.0,0,1,0,0.0
C1535,U411,I316,The explanation of food was very clear. Reference 1535,2026-07-10 07:14:31.800912,the explanation of food was very clear reference 1535,0.0,0,1,0,0.0
C1536,U94,I167,I really enjoyed this post about sports. Reference 1536,2026-06-19 17:27:31.800928,i really enjoyed this post about sports reference 1536,0.0,0,1,0,0.0
C1537,U539,I113,I have a different opinion about sports. Reference 1537,2026-08-09 18:43:31.800945,i have a different opinion about sports reference 1537,0.0,0,1,0,0.0
C1538,U85,I275,I think this could be improved. Reference 1538,2026-06-26 05:57:31.800959,i think this could be improved reference 1538,0.0,0,1,0,0.0
C1539,U403,I99,I think this could be improved. Reference 1539,2026-06-17 22:20:31.800973,i think this could be improved reference 1539,0.0,0,1,0,0.0
C1540,U619,I261,I really enjoyed this post about music. Reference 1540,2026-07-06 15:30:31.800987,i really enjoyed this post about music reference 1540,0.0,0,1,0,0.0
C1541,U151,I366,The information presented here is useful. Reference 1541,2026-07-07 16:30:31.801001,the information presented here is useful reference 1541,0.0,0,1,0,0.0
C1542,U381,I6,Amazing product buy now,2026-07-10 20:26:31.801014,amazing product buy now,1.0,1,69,1,100.0
C1543,U315,I228,This was a surprisingly interesting post. Reference 1543,2026-07-23 04:47:31.801053,this was a surprisingly interesting post reference 1543,0.0,0,1,0,0.0
C1544,U745,I454,Amazing product buy now,2026-07-02 13:19:31.801066,amazing product buy now,1.0,1,69,1,100.0
C1545,U295,I83,The information presented here is useful. Reference 1545,2026-07-30 03:05:31.801080,the information presented here is useful reference 1545,0.0,0,1,0,0.0
C1546,U855,I300,Thanks for sharing this information. Reference 1546,2026-07-29 18:11:31.801093,thanks for sharing this information reference 1546,0.0,0,1,0,0.0
C1547,U212,I155,I think this could be improved. Reference 1547,2026-08-05 19:33:31.801107,i think this could be improved reference 1547,0.0,0,1,0,0.0
C1548,U955,I491,Thanks for sharing this information. Reference 1548,2026-08-03 18:45:31.801120,thanks for sharing this information reference 1548,0.0,0,1,0,0.0
C1549,U6,I209,Click here for amazing deals,2026-07-26 21:55:31.801134,click here for amazing deals,0.5,1,53,1,72.50000000000001
C1550,U569,I236,Thanks for sharing this information. Reference 1550,2026-07-24 16:41:31.801148,thanks for sharing this information reference 1550,0.0,0,1,0,0.0
C1551,U190,I426,The information presented here is useful. Reference 1551,2026-06-22 10:02:31.801163,the information presented here is useful reference 1551,0.0,0,1,0,0.0
C1552,U502,I21,I have a different opinion about movies. Reference 1552,2026-06-27 20:36:31.801179,i have a different opinion about movies reference 1552,0.0,0,1,0,0.0
C1553,U572,I378,I think this could be improved. Reference 1553,2026-08-09 09:21:31.801193,i think this could be improved reference 1553,0.0,0,1,0,0.0
C1554,U810,I1,I learned something useful about movies here. Reference 1554,2026-07-15 12:15:31.801206,i learned something useful about movies here reference 1554,0.0,0,1,0,0.0
C1555,U978,I327,I think this could be improved. Reference 1555,2026-06-13 07:42:31.801220,i think this could be improved reference 1555,0.0,0,1,0,0.0
C1556,U681,I457,I have a different opinion about fashion. Reference 1556,2026-07-26 12:08:31.801234,i have a different opinion about fashion reference 1556,0.0,0,1,0,0.0
C1557,U503,I464,The explanation of technology was very clear. Reference 1557,2026-07-31 23:14:31.801248,the explanation of technology was very clear reference 1557,0.0,0,1,0,0.0
C1558,U783,I141,I think this could be improved. Reference 1558,2026-06-18 07:41:31.801261,i think this could be improved reference 1558,0.0,0,1,0,0.0
C1559,U763,I185,Thanks for sharing this information. Reference 1559,2026-06-21 08:28:31.801275,thanks for sharing this information reference 1559,0.0,0,1,0,0.0
C1560,U446,I444,You must buy this product,2026-06-09 15:22:31.801288,you must buy this product,0.0,0,51,1,45.0
C1561,U837,I61,This is worth discussing further. Reference 1561,2026-07-19 05:00:31.801302,this is worth discussing further reference 1561,0.0,0,1,0,0.0
C1562,U166,I297,I really enjoyed this post about education. Reference 1562,2026-07-13 17:37:31.801316,i really enjoyed this post about education reference 1562,0.0,0,1,0,0.0
C1563,U472,I449,I learned something useful about music here. Reference 1563,2026-07-27 23:13:31.801332,i learned something useful about music here reference 1563,0.0,0,1,0,0.0
C1564,U54,I139,This is worth discussing further. Reference 1564,2026-06-14 22:04:31.801347,this is worth discussing further reference 1564,0.0,0,1,0,0.0
C1565,U933,I489,This is worth discussing further. Reference 1565,2026-07-16 10:46:31.801360,this is worth discussing further reference 1565,0.0,0,1,0,0.0
C1566,U298,I271,This is an interesting perspective on sports. Reference 1566,2026-06-15 16:01:31.801374,this is an interesting perspective on sports reference 1566,0.0,0,1,0,0.0
C1567,U187,I391,This is an interesting perspective on education. Reference 1567,2026-06-23 08:13:31.801388,this is an interesting perspective on education reference 1567,0.0,0,1,0,0.0
C1568,U330,I446,This is worth discussing further. Reference 1568,2026-07-18 02:58:31.801402,this is worth discussing further reference 1568,0.0,0,1,0,0.0
C1569,U701,I357,This is worth discussing further. Reference 1569,2026-06-24 04:31:31.801416,this is worth discussing further reference 1569,0.0,0,1,0,0.0
C1570,U593,I180,I learned something useful about technology here. Reference 1570,2026-07-30 08:48:31.801429,i learned something useful about technology here reference 1570,0.0,0,1,0,0.0
C1571,U530,I144,This is worth discussing further. Reference 1571,2026-07-05 07:58:31.801442,this is worth discussing further reference 1571,0.0,0,1,0,0.0
C1572,U348,I471,I learned something useful about gaming here. Reference 1572,2026-07-23 00:01:31.801456,i learned something useful about gaming here reference 1572,0.0,0,1,0,0.0
C1573,U158,I257,The explanation of sports was very clear. Reference 1573,2026-06-21 23:34:31.801470,the explanation of sports was very clear reference 1573,0.0,0,1,0,0.0
C1574,U628,I353,This was a surprisingly interesting post. Reference 1574,2026-07-04 20:16:31.801484,this was a surprisingly interesting post reference 1574,0.0,0,1,0,0.0
C1575,U471,I469,This is an interesting perspective on gaming. Reference 1575,2026-07-30 21:18:31.801497,this is an interesting perspective on gaming reference 1575,0.0,0,1,0,0.0
C1576,U945,I8,I think this could be improved. Reference 1576,2026-07-14 11:20:31.801511,i think this could be improved reference 1576,0.0,0,1,0,0.0
C1577,U707,I185,I learned something useful about food here. Reference 1577,2026-06-18 10:23:31.801524,i learned something useful about food here reference 1577,0.0,0,1,0,0.0
C1578,U535,I390,This is worth discussing further. Reference 1578,2026-06-08 05:11:31.801538,this is worth discussing further reference 1578,0.0,0,1,0,0.0
C1579,U311,I14,This is an interesting perspective on sports. Reference 1579,2026-07-31 02:48:31.801575,this is an interesting perspective on sports reference 1579,0.0,0,1,0,0.0
C1580,U877,I355,I learned something useful about sports here. Reference 1580,2026-07-14 20:23:31.801592,i learned something useful about sports here reference 1580,0.0,0,1,0,0.0
C1581,U128,I107,I learned something useful about gaming here. Reference 1581,2026-07-04 03:58:31.801605,i learned something useful about gaming here reference 1581,0.0,0,1,0,0.0
C1582,U707,I390,This is an interesting perspective on gaming. Reference 1582,2026-08-10 02:54:31.801619,this is an interesting perspective on gaming reference 1582,0.0,0,1,0,0.0
C1583,U793,I247,The information presented here is useful. Reference 1583,2026-07-24 23:02:31.801632,the information presented here is useful reference 1583,0.0,0,1,0,0.0
C1584,U110,I16,This was a surprisingly interesting post. Reference 1584,2026-06-30 03:15:31.801652,this was a surprisingly interesting post reference 1584,0.0,0,1,0,0.0
C1585,U121,I465,I have a different opinion about technology. Reference 1585,2026-08-05 19:15:31.801669,i have a different opinion about technology reference 1585,0.0,0,1,0,0.0
C1586,U308,I341,I really enjoyed this post about gaming. Reference 1586,2026-07-31 13:33:31.801683,i really enjoyed this post about gaming reference 1586,0.0,0,1,0,0.0
C1587,U942,I308,The explanation of sports was very clear. Reference 1587,2026-07-26 00:19:31.801697,the explanation of sports was very clear reference 1587,0.0,0,1,0,0.0
C1588,U686,I179,I really enjoyed this post about gaming. Reference 1588,2026-07-29 14:00:31.801711,i really enjoyed this post about gaming reference 1588,0.0,0,1,0,0.0
C1589,U866,I382,I have a different opinion about music. Reference 1589,2026-07-10 18:35:31.801725,i have a different opinion about music reference 1589,0.0,0,1,0,0.0
C1590,U164,I437,This was a surprisingly interesting post. Reference 1590,2026-06-26 20:59:31.801738,this was a surprisingly interesting post reference 1590,0.0,0,1,0,0.0
C1591,U583,I34,This is an interesting perspective on technology. Reference 1591,2026-06-24 16:43:31.801752,this is an interesting perspective on technology reference 1591,0.0,0,1,0,0.0
C1592,U222,I366,The explanation of movies was very clear. Reference 1592,2026-07-27 04:44:31.801768,the explanation of movies was very clear reference 1592,0.0,0,1,0,0.0
C1593,U923,I386,This was a surprisingly interesting post. Reference 1593,2026-06-06 19:26:31.801783,this was a surprisingly interesting post reference 1593,0.0,0,1,0,0.0
C1594,U101,I473,The explanation of food was very clear. Reference 1594,2026-07-09 11:25:31.801797,the explanation of food was very clear reference 1594,0.0,0,1,0,0.0
C1595,U714,I301,I learned something useful about food here. Reference 1595,2026-06-11 12:38:31.801813,i learned something useful about food here reference 1595,0.0,0,1,0,0.0
C1596,U980,I54,Click here for amazing deals,2026-07-08 06:42:31.801826,click here for amazing deals,0.5,1,53,1,72.50000000000001
C1597,U434,I109,This was a surprisingly interesting post. Reference 1597,2026-07-05 17:36:31.801840,this was a surprisingly interesting post reference 1597,0.0,0,1,0,0.0
C1598,U115,I389,This is worth discussing further. Reference 1598,2026-06-30 10:12:31.801853,this is worth discussing further reference 1598,0.0,0,1,0,0.0
C1599,U112,I266,Amazing product buy now,2026-06-03 10:46:31.801867,amazing product buy now,1.0,1,69,1,100.0
C1600,U369,I360,I have a different opinion about technology. Reference 1600,2026-08-04 08:18:31.801883,i have a different opinion about technology reference 1600,0.0,0,1,0,0.0
C1601,U335,I252,This is an interesting perspective on fashion. Reference 1601,2026-07-17 00:25:31.801920,this is an interesting perspective on fashion reference 1601,0.0,0,1,0,0.0
C1602,U467,I307,I have a different opinion about food. Reference 1602,2026-07-22 06:33:31.801935,i have a different opinion about food reference 1602,0.0,0,1,0,0.0
C1603,U567,I208,I have a different opinion about fashion. Reference 1603,2026-07-25 15:34:31.801949,i have a different opinion about fashion reference 1603,0.0,0,1,0,0.0
C1604,U877,I35,I think this could be improved. Reference 1604,2026-07-26 12:18:31.801963,i think this could be improved reference 1604,0.0,0,1,0,0.0
C1605,U13,I345,I think this could be improved. Reference 1605,2026-07-06 18:06:31.801976,i think this could be improved reference 1605,0.0,0,1,0,0.0
C1606,U448,I267,This is an interesting perspective on gaming. Reference 1606,2026-07-29 18:47:31.801990,this is an interesting perspective on gaming reference 1606,0.0,0,1,0,0.0
C1607,U404,I205,Thanks for sharing this information. Reference 1607,2026-06-05 08:18:31.802004,thanks for sharing this information reference 1607,0.0,0,1,0,0.0
C1608,U947,I456,I learned something useful about gaming here. Reference 1608,2026-07-09 17:26:31.802020,i learned something useful about gaming here reference 1608,0.0,0,1,0,0.0
C1609,U998,I101,This is worth discussing further. Reference 1609,2026-06-18 16:16:31.802034,this is worth discussing further reference 1609,0.0,0,1,0,0.0
C1610,U864,I206,This is an interesting perspective on sports. Reference 1610,2026-07-04 04:12:31.802048,this is an interesting perspective on sports reference 1610,0.0,0,1,0,0.0
C1611,U742,I255,I have a different opinion about movies. Reference 1611,2026-06-03 23:48:31.802062,i have a different opinion about movies reference 1611,0.0,0,1,0,0.0
C1612,U808,I410,The information presented here is useful. Reference 1612,2026-06-29 12:31:31.802076,the information presented here is useful reference 1612,0.0,0,1,0,0.0
C1613,U682,I308,The information presented here is useful. Reference 1613,2026-06-26 06:46:31.802089,the information presented here is useful reference 1613,0.0,0,1,0,0.0
C1614,U285,I75,I think this could be improved. Reference 1614,2026-07-31 17:03:31.802103,i think this could be improved reference 1614,0.0,0,1,0,0.0
C1615,U256,I250,I think this could be improved. Reference 1615,2026-06-15 15:17:31.802116,i think this could be improved reference 1615,0.0,0,1,0,0.0
C1616,U965,I68,I really enjoyed this post about gaming. Reference 1616,2026-06-05 16:14:31.802130,i really enjoyed this post about gaming reference 1616,0.0,0,1,0,0.0
C1617,U54,I425,This is an interesting perspective on food. Reference 1617,2026-06-11 02:38:31.802144,this is an interesting perspective on food reference 1617,0.0,0,1,0,0.0
C1618,U27,I497,I learned something useful about fashion here. Reference 1618,2026-06-17 19:14:31.802157,i learned something useful about fashion here reference 1618,0.0,0,1,0,0.0
C1619,U695,I167,I learned something useful about movies here. Reference 1619,2026-06-16 05:16:31.802171,i learned something useful about movies here reference 1619,0.0,0,1,0,0.0
C1620,U638,I49,This is an interesting perspective on food. Reference 1620,2026-06-30 09:56:31.802185,this is an interesting perspective on food reference 1620,0.0,0,1,0,0.0
C1621,U206,I150,I think this could be improved. Reference 1621,2026-06-26 21:14:31.802201,i think this could be improved reference 1621,0.0,0,1,0,0.0
C1622,U267,I277,This is worth discussing further. Reference 1622,2026-08-08 22:57:31.802216,this is worth discussing further reference 1622,0.0,0,1,0,0.0
C1623,U440,I450,This is an interesting perspective on fashion. Reference 1623,2026-07-01 20:41:31.802230,this is an interesting perspective on fashion reference 1623,0.0,0,1,0,0.0
C1624,U322,I436,The information presented here is useful. Reference 1624,2026-06-30 23:50:31.802244,the information presented here is useful reference 1624,0.0,0,1,0,0.0
C1625,U36,I16,I learned something useful about movies here. Reference 1625,2026-06-08 13:34:31.802258,i learned something useful about movies here reference 1625,0.0,0,1,0,0.0
C1626,U168,I251,The information presented here is useful. Reference 1626,2026-07-14 09:24:31.802271,the information presented here is useful reference 1626,0.0,0,1,0,0.0
C1627,U732,I199,I think this could be improved. Reference 1627,2026-06-21 01:18:31.802287,i think this could be improved reference 1627,0.0,0,1,0,0.0
C1628,U691,I251,This was a surprisingly interesting post. Reference 1628,2026-06-29 12:20:31.802301,this was a surprisingly interesting post reference 1628,0.0,0,1,0,0.0
C1629,U575,I437,I learned something useful about technology here. Reference 1629,2026-07-07 04:59:31.802337,i learned something useful about technology here reference 1629,0.0,0,1,0,0.0
C1630,U269,I253,Thanks for sharing this information. Reference 1630,2026-06-16 16:15:31.802351,thanks for sharing this information reference 1630,0.0,0,1,0,0.0
C1631,U692,I180,Amazing product buy now,2026-08-06 05:48:31.802365,amazing product buy now,1.0,1,69,1,100.0
C1632,U28,I302,I really enjoyed this post about education. Reference 1632,2026-07-09 11:32:31.802379,i really enjoyed this post about education reference 1632,0.0,0,1,0,0.0
C1633,U357,I414,Thanks for sharing this information. Reference 1633,2026-06-15 22:18:31.802393,thanks for sharing this information reference 1633,0.0,0,1,0,0.0
C1634,U349,I194,This is an interesting perspective on fashion. Reference 1634,2026-07-11 10:00:31.802406,this is an interesting perspective on fashion reference 1634,0.0,0,1,0,0.0
C1635,U365,I210,This is worth discussing further. Reference 1635,2026-06-12 15:28:31.802421,this is worth discussing further reference 1635,0.0,0,1,0,0.0
C1636,U250,I126,The explanation of movies was very clear. Reference 1636,2026-06-18 21:34:31.802437,the explanation of movies was very clear reference 1636,0.0,0,1,0,0.0
C1637,U86,I466,This is an interesting perspective on movies. Reference 1637,2026-08-01 09:55:31.802451,this is an interesting perspective on movies reference 1637,0.0,0,1,0,0.0
C1638,U345,I86,I really enjoyed this post about music. Reference 1638,2026-08-08 10:19:31.802465,i really enjoyed this post about music reference 1638,0.0,0,1,0,0.0
C1639,U471,I336,The information presented here is useful. Reference 1639,2026-07-18 13:32:31.802479,the information presented here is useful reference 1639,0.0,0,1,0,0.0
C1640,U20,I356,I think this could be improved. Reference 1640,2026-07-14 00:32:31.802492,i think this could be improved reference 1640,0.0,0,1,0,0.0
C1641,U386,I292,The information presented here is useful. Reference 1641,2026-06-20 17:15:31.802506,the information presented here is useful reference 1641,0.0,0,1,0,0.0
C1642,U100,I413,I think this could be improved. Reference 1642,2026-06-09 22:46:31.802519,i think this could be improved reference 1642,0.0,0,1,0,0.0
C1643,U691,I105,This is worth discussing further. Reference 1643,2026-06-27 01:40:31.802532,this is worth discussing further reference 1643,0.0,0,1,0,0.0
C1644,U830,I391,This is worth discussing further. Reference 1644,2026-06-16 20:52:31.802545,this is worth discussing further reference 1644,0.0,0,1,0,0.0
C1645,U306,I186,The information presented here is useful. Reference 1645,2026-06-27 14:22:31.802559,the information presented here is useful reference 1645,0.0,0,1,0,0.0
C1646,U650,I433,Best product ever buy now,2026-07-16 16:14:31.802573,best product ever buy now,0.5,1,75,1,72.50000000000001
C1647,U271,I24,I have a different opinion about fashion. Reference 1647,2026-07-22 06:31:31.802586,i have a different opinion about fashion reference 1647,0.0,0,1,0,0.0
C1648,U639,I380,This is an interesting perspective on gaming. Reference 1648,2026-06-18 23:02:31.802600,this is an interesting perspective on gaming reference 1648,0.0,0,1,0,0.0
C1649,U344,I139,This is an interesting perspective on food. Reference 1649,2026-07-03 22:57:31.802616,this is an interesting perspective on food reference 1649,0.0,0,1,0,0.0
C1650,U214,I177,This is an interesting perspective on movies. Reference 1650,2026-06-26 21:34:31.802631,this is an interesting perspective on movies reference 1650,0.0,0,1,0,0.0
C1651,U823,I153,The information presented here is useful. Reference 1651,2026-07-24 14:54:31.802644,the information presented here is useful reference 1651,0.0,0,1,0,0.0
C1652,U424,I205,I have a different opinion about food. Reference 1652,2026-06-11 16:56:31.802660,i have a different opinion about food reference 1652,0.0,0,1,0,0.0
C1653,U781,I280,I learned something useful about technology here. Reference 1653,2026-06-15 16:26:31.802674,i learned something useful about technology here reference 1653,0.0,0,1,0,0.0
C1654,U720,I264,I learned something useful about food here. Reference 1654,2026-07-23 10:46:31.802688,i learned something useful about food here reference 1654,0.0,0,1,0,0.0
C1655,U676,I492,I think this could be improved. Reference 1655,2026-06-14 18:24:31.802701,i think this could be improved reference 1655,0.0,0,1,0,0.0
C1656,U545,I414,Thanks for sharing this information. Reference 1656,2026-06-21 07:16:31.802715,thanks for sharing this information reference 1656,0.0,0,1,0,0.0
C1657,U744,I320,Click here for amazing deals,2026-07-09 16:12:31.802731,click here for amazing deals,0.5,1,53,1,72.50000000000001
C1658,U473,I75,The explanation of education was very clear. Reference 1658,2026-06-04 21:22:31.802745,the explanation of education was very clear reference 1658,0.0,0,1,0,0.0
C1659,U701,I391,I have a different opinion about fashion. Reference 1659,2026-07-05 11:45:31.802761,i have a different opinion about fashion reference 1659,0.0,0,1,0,0.0
C1660,U326,I440,This is an interesting perspective on sports. Reference 1660,2026-07-05 06:59:31.802776,this is an interesting perspective on sports reference 1660,0.0,0,1,0,0.0
C1661,U273,I421,I have a different opinion about education. Reference 1661,2026-07-19 11:46:31.802812,i have a different opinion about education reference 1661,0.0,0,1,0,0.0
C1662,U703,I307,The explanation of fashion was very clear. Reference 1662,2026-07-21 03:00:31.802827,the explanation of fashion was very clear reference 1662,0.0,0,1,0,0.0
C1663,U116,I76,The explanation of technology was very clear. Reference 1663,2026-07-20 11:29:31.802841,the explanation of technology was very clear reference 1663,0.0,0,1,0,0.0
C1664,U816,I423,I have a different opinion about food. Reference 1664,2026-06-28 15:38:31.802857,i have a different opinion about food reference 1664,0.0,0,1,0,0.0
C1665,U573,I223,The information presented here is useful. Reference 1665,2026-07-24 10:43:31.802871,the information presented here is useful reference 1665,0.0,0,1,0,0.0
C1666,U163,I139,I learned something useful about technology here. Reference 1666,2026-07-19 07:30:31.802887,i learned something useful about technology here reference 1666,0.0,0,1,0,0.0
C1667,U808,I411,I have a different opinion about education. Reference 1667,2026-06-14 04:30:31.802901,i have a different opinion about education reference 1667,0.0,0,1,0,0.0
C1668,U872,I21,I think this could be improved. Reference 1668,2026-08-06 19:07:31.802915,i think this could be improved reference 1668,0.0,0,1,0,0.0
C1669,U880,I459,This is an interesting perspective on music. Reference 1669,2026-06-18 01:46:31.802929,this is an interesting perspective on music reference 1669,0.0,0,1,0,0.0
C1670,U305,I443,This is an interesting perspective on fashion. Reference 1670,2026-07-09 18:02:31.802942,this is an interesting perspective on fashion reference 1670,0.0,0,1,0,0.0
C1671,U687,I336,This is an interesting perspective on fashion. Reference 1671,2026-06-06 21:52:31.802956,this is an interesting perspective on fashion reference 1671,0.0,0,1,0,0.0
C1672,U862,I71,The explanation of gaming was very clear. Reference 1672,2026-06-20 20:40:31.802970,the explanation of gaming was very clear reference 1672,0.0,0,1,0,0.0
C1673,U752,I256,This is an interesting perspective on movies. Reference 1673,2026-06-27 15:28:31.802985,this is an interesting perspective on movies reference 1673,0.0,0,1,0,0.0
C1674,U905,I46,Amazing product buy now,2026-07-14 07:19:31.802998,amazing product buy now,1.0,1,69,1,100.0
C1675,U337,I426,Thanks for sharing this information. Reference 1675,2026-06-04 17:08:31.803012,thanks for sharing this information reference 1675,0.0,0,1,0,0.0
C1676,U761,I120,The information presented here is useful. Reference 1676,2026-07-29 16:48:31.803026,the information presented here is useful reference 1676,0.0,0,1,0,0.0
C1677,U109,I89,Amazing product buy now,2026-07-02 19:56:31.803045,amazing product buy now,1.0,1,69,1,100.0
C1678,U418,I130,Thanks for sharing this information. Reference 1678,2026-06-28 04:46:31.803058,thanks for sharing this information reference 1678,0.0,0,1,0,0.0
C1679,U546,I191,This is an interesting perspective on music. Reference 1679,2026-06-23 03:47:31.803072,this is an interesting perspective on music reference 1679,0.0,0,1,0,0.0
C1680,U433,I243,The explanation of movies was very clear. Reference 1680,2026-07-29 15:25:31.803085,the explanation of movies was very clear reference 1680,0.0,0,1,0,0.0
C1681,U371,I243,This is worth discussing further. Reference 1681,2026-08-09 21:56:31.803099,this is worth discussing further reference 1681,0.0,0,1,0,0.0
C1682,U660,I495,Thanks for sharing this information. Reference 1682,2026-06-05 12:37:31.803113,thanks for sharing this information reference 1682,0.0,0,1,0,0.0
C1683,U678,I409,I really enjoyed this post about sports. Reference 1683,2026-07-19 19:20:31.803127,i really enjoyed this post about sports reference 1683,0.0,0,1,0,0.0
C1684,U565,I196,I have a different opinion about music. Reference 1684,2026-06-10 11:02:31.803141,i have a different opinion about music reference 1684,0.0,0,1,0,0.0
C1685,U124,I273,The explanation of food was very clear. Reference 1685,2026-07-07 11:21:31.803155,the explanation of food was very clear reference 1685,0.0,0,1,0,0.0
C1686,U8,I465,The information presented here is useful. Reference 1686,2026-07-15 10:40:31.803168,the information presented here is useful reference 1686,0.0,0,1,0,0.0
C1687,U92,I479,The explanation of movies was very clear. Reference 1687,2026-07-23 16:23:31.803182,the explanation of movies was very clear reference 1687,0.0,0,1,0,0.0
C1688,U880,I455,I learned something useful about food here. Reference 1688,2026-06-15 08:46:31.803196,i learned something useful about food here reference 1688,0.0,0,1,0,0.0
C1689,U324,I450,The information presented here is useful. Reference 1689,2026-07-17 21:20:31.803210,the information presented here is useful reference 1689,0.0,0,1,0,0.0
C1690,U887,I41,I think this could be improved. Reference 1690,2026-06-05 18:06:31.803225,i think this could be improved reference 1690,0.0,0,1,0,0.0
C1691,U422,I474,This is worth discussing further. Reference 1691,2026-08-02 16:39:31.803239,this is worth discussing further reference 1691,0.0,0,1,0,0.0
C1692,U844,I82,I have a different opinion about gaming. Reference 1692,2026-07-10 19:20:31.803253,i have a different opinion about gaming reference 1692,0.0,0,1,0,0.0
C1693,U430,I308,This was a surprisingly interesting post. Reference 1693,2026-07-01 13:49:31.803269,this was a surprisingly interesting post reference 1693,0.0,0,1,0,0.0
C1694,U711,I14,I really enjoyed this post about education. Reference 1694,2026-06-15 11:23:31.803283,i really enjoyed this post about education reference 1694,0.0,0,1,0,0.0
C1695,U454,I405,I learned something useful about technology here. Reference 1695,2026-07-06 08:43:31.803297,i learned something useful about technology here reference 1695,0.0,0,1,0,0.0
C1696,U204,I321,I have a different opinion about music. Reference 1696,2026-06-20 10:06:31.803311,i have a different opinion about music reference 1696,0.0,0,1,0,0.0
C1697,U84,I56,I learned something useful about sports here. Reference 1697,2026-06-25 19:57:31.803324,i learned something useful about sports here reference 1697,0.0,0,1,0,0.0
C1698,U730,I496,I learned something useful about fashion here. Reference 1698,2026-07-13 18:14:31.803339,i learned something useful about fashion here reference 1698,0.0,0,1,0,0.0
C1699,U462,I244,I learned something useful about movies here. Reference 1699,2026-07-27 01:00:31.803353,i learned something useful about movies here reference 1699,0.0,0,1,0,0.0
C1700,U703,I303,This is worth discussing further. Reference 1700,2026-07-24 17:59:31.803366,this is worth discussing further reference 1700,0.0,0,1,0,0.0
C1701,U86,I212,This is worth discussing further. Reference 1701,2026-07-07 00:22:31.803380,this is worth discussing further reference 1701,0.0,0,1,0,0.0
C1702,U897,I193,Thanks for sharing this information. Reference 1702,2026-08-09 22:41:31.803393,thanks for sharing this information reference 1702,0.0,0,1,0,0.0
C1703,U970,I11,This was a surprisingly interesting post. Reference 1703,2026-08-03 17:36:31.803407,this was a surprisingly interesting post reference 1703,0.0,0,1,0,0.0
C1704,U997,I236,The explanation of movies was very clear. Reference 1704,2026-06-09 00:03:31.803421,the explanation of movies was very clear reference 1704,0.0,0,1,0,0.0
C1705,U872,I86,I really enjoyed this post about fashion. Reference 1705,2026-06-16 13:55:31.803435,i really enjoyed this post about fashion reference 1705,0.0,0,1,0,0.0
C1706,U439,I307,I have a different opinion about education. Reference 1706,2026-08-03 17:25:31.803450,i have a different opinion about education reference 1706,0.0,0,1,0,0.0
C1707,U981,I188,I learned something useful about gaming here. Reference 1707,2026-08-10 13:08:31.803464,i learned something useful about gaming here reference 1707,0.0,0,1,0,0.0
C1708,U735,I269,The information presented here is useful. Reference 1708,2026-06-11 12:27:31.803478,the information presented here is useful reference 1708,0.0,0,1,0,0.0
C1709,U506,I60,The explanation of sports was very clear. Reference 1709,2026-07-25 11:43:31.803494,the explanation of sports was very clear reference 1709,0.0,0,1,0,0.0
C1710,U968,I441,I have a different opinion about movies. Reference 1710,2026-06-04 21:21:31.803508,i have a different opinion about movies reference 1710,0.0,0,1,0,0.0
C1711,U506,I195,I learned something useful about fashion here. Reference 1711,2026-07-24 00:38:31.803522,i learned something useful about fashion here reference 1711,0.0,0,1,0,0.0
C1712,U614,I110,I have a different opinion about sports. Reference 1712,2026-07-04 18:07:31.803536,i have a different opinion about sports reference 1712,0.0,0,1,0,0.0
C1713,U184,I209,I learned something useful about technology here. Reference 1713,2026-07-16 10:02:31.803550,i learned something useful about technology here reference 1713,0.0,0,1,0,0.0
C1714,U999,I134,The explanation of food was very clear. Reference 1714,2026-07-20 05:31:31.803564,the explanation of food was very clear reference 1714,0.0,0,1,0,0.0
C1715,U378,I298,I think this could be improved. Reference 1715,2026-08-10 21:26:31.803577,i think this could be improved reference 1715,0.0,0,1,0,0.0
C1716,U480,I68,This is worth discussing further. Reference 1716,2026-06-10 07:31:31.803591,this is worth discussing further reference 1716,0.0,0,1,0,0.0
C1717,U217,I365,The information presented here is useful. Reference 1717,2026-06-05 19:56:31.803604,the information presented here is useful reference 1717,0.0,0,1,0,0.0
C1718,U611,I131,This is an interesting perspective on gaming. Reference 1718,2026-06-22 03:11:31.803618,this is an interesting perspective on gaming reference 1718,0.0,0,1,0,0.0
C1719,U60,I26,This is worth discussing further. Reference 1719,2026-06-29 23:12:31.803631,this is worth discussing further reference 1719,0.0,0,1,0,0.0
C1720,U930,I181,Thanks for sharing this information. Reference 1720,2026-08-11 08:16:31.803651,thanks for sharing this information reference 1720,0.0,0,1,0,0.0
C1721,U259,I258,Thanks for sharing this information. Reference 1721,2026-07-15 07:08:31.803666,thanks for sharing this information reference 1721,0.0,0,1,0,0.0
C1722,U404,I343,This is worth discussing further. Reference 1722,2026-06-21 21:36:31.803683,this is worth discussing further reference 1722,0.0,0,1,0,0.0
C1723,U42,I297,I learned something useful about movies here. Reference 1723,2026-07-27 08:54:31.803697,i learned something useful about movies here reference 1723,0.0,0,1,0,0.0
C1724,U515,I252,This is worth discussing further. Reference 1724,2026-07-30 19:48:31.803711,this is worth discussing further reference 1724,0.0,0,1,0,0.0
C1725,U91,I162,This was a surprisingly interesting post. Reference 1725,2026-07-29 22:13:31.803724,this was a surprisingly interesting post reference 1725,0.0,0,1,0,0.0
C1726,U266,I59,This is worth discussing further. Reference 1726,2026-07-31 04:38:31.803738,this is worth discussing further reference 1726,0.0,0,1,0,0.0
C1727,U511,I446,I have a different opinion about music. Reference 1727,2026-07-03 16:26:31.803752,i have a different opinion about music reference 1727,0.0,0,1,0,0.0
C1728,U289,I462,I have a different opinion about movies. Reference 1728,2026-06-25 18:38:31.803768,i have a different opinion about movies reference 1728,0.0,0,1,0,0.0
C1729,U320,I223,I learned something useful about music here. Reference 1729,2026-06-05 18:16:31.803781,i learned something useful about music here reference 1729,0.0,0,1,0,0.0
C1730,U503,I391,I learned something useful about food here. Reference 1730,2026-08-06 23:43:31.803796,i learned something useful about food here reference 1730,0.0,0,1,0,0.0
C1731,U193,I76,I really enjoyed this post about sports. Reference 1731,2026-07-26 03:54:31.803809,i really enjoyed this post about sports reference 1731,0.0,0,1,0,0.0
C1732,U36,I240,I have a different opinion about education. Reference 1732,2026-06-08 13:47:31.803823,i have a different opinion about education reference 1732,0.0,0,1,0,0.0
C1733,U478,I223,This is an interesting perspective on food. Reference 1733,2026-08-08 02:52:31.803836,this is an interesting perspective on food reference 1733,0.0,0,1,0,0.0
C1734,U452,I182,This was a surprisingly interesting post. Reference 1734,2026-07-01 03:59:31.803852,this was a surprisingly interesting post reference 1734,0.0,0,1,0,0.0
C1735,U504,I57,I learned something useful about gaming here. Reference 1735,2026-07-11 00:15:31.803866,i learned something useful about gaming here reference 1735,0.0,0,1,0,0.0
C1736,U95,I104,I have a different opinion about education. Reference 1736,2026-07-27 12:20:31.803879,i have a different opinion about education reference 1736,0.0,0,1,0,0.0
C1737,U767,I260,I have a different opinion about sports. Reference 1737,2026-06-19 17:12:31.803893,i have a different opinion about sports reference 1737,0.0,0,1,0,0.0
C1738,U994,I2,This was a surprisingly interesting post. Reference 1738,2026-07-04 22:18:31.803907,this was a surprisingly interesting post reference 1738,0.0,0,1,0,0.0
C1739,U942,I39,The explanation of food was very clear. Reference 1739,2026-06-11 05:15:31.803920,the explanation of food was very clear reference 1739,0.0,0,1,0,0.0
C1740,U96,I454,This is worth discussing further. Reference 1740,2026-07-16 22:57:31.803934,this is worth discussing further reference 1740,0.0,0,1,0,0.0
C1741,U697,I348,This is an interesting perspective on fashion. Reference 1741,2026-07-08 19:55:31.803948,this is an interesting perspective on fashion reference 1741,0.0,0,1,0,0.0
C1742,U604,I475,This is an interesting perspective on music. Reference 1742,2026-07-28 20:03:31.803961,this is an interesting perspective on music reference 1742,0.0,0,1,0,0.0
C1743,U29,I41,I think this could be improved. Reference 1743,2026-07-01 12:05:31.803975,i think this could be improved reference 1743,0.0,0,1,0,0.0
C1744,U643,I489,I have a different opinion about technology. Reference 1744,2026-07-12 20:20:31.803989,i have a different opinion about technology reference 1744,0.0,0,1,0,0.0
C1745,U993,I22,Thanks for sharing this information. Reference 1745,2026-07-13 06:11:31.804002,thanks for sharing this information reference 1745,0.0,0,1,0,0.0
C1746,U970,I374,Thanks for sharing this information. Reference 1746,2026-07-23 14:14:31.804016,thanks for sharing this information reference 1746,0.0,0,1,0,0.0
C1747,U883,I24,I have a different opinion about music. Reference 1747,2026-08-06 18:39:31.804030,i have a different opinion about music reference 1747,0.0,0,1,0,0.0
C1748,U761,I36,This was a surprisingly interesting post. Reference 1748,2026-08-03 09:48:31.804043,this was a surprisingly interesting post reference 1748,0.0,0,1,0,0.0
C1749,U408,I130,I learned something useful about sports here. Reference 1749,2026-07-06 12:32:31.804059,i learned something useful about sports here reference 1749,0.0,0,1,0,0.0
C1750,U91,I10,The explanation of education was very clear. Reference 1750,2026-07-07 11:17:31.804073,the explanation of education was very clear reference 1750,0.0,0,1,0,0.0
C1751,U798,I206,I have a different opinion about education. Reference 1751,2026-07-31 20:31:31.804086,i have a different opinion about education reference 1751,0.0,0,1,0,0.0
C1752,U305,I251,The information presented here is useful. Reference 1752,2026-06-10 11:39:31.804100,the information presented here is useful reference 1752,0.0,0,1,0,0.0
C1753,U617,I67,This is worth discussing further. Reference 1753,2026-07-09 09:15:31.804114,this is worth discussing further reference 1753,0.0,0,1,0,0.0
C1754,U524,I102,I think this could be improved. Reference 1754,2026-07-07 12:11:31.804129,i think this could be improved reference 1754,0.0,0,1,0,0.0
C1755,U487,I137,Thanks for sharing this information. Reference 1755,2026-08-03 14:53:31.804142,thanks for sharing this information reference 1755,0.0,0,1,0,0.0
C1756,U774,I216,This is worth discussing further. Reference 1756,2026-07-03 07:39:31.804156,this is worth discussing further reference 1756,0.0,0,1,0,0.0
C1757,U645,I218,You must buy this product,2026-06-26 02:34:31.804172,you must buy this product,0.0,0,51,1,45.0
C1758,U349,I498,I think this could be improved. Reference 1758,2026-06-13 21:15:31.804186,i think this could be improved reference 1758,0.0,0,1,0,0.0
C1759,U702,I365,I learned something useful about food here. Reference 1759,2026-06-24 20:07:31.804200,i learned something useful about food here reference 1759,0.0,0,1,0,0.0
C1760,U644,I331,This was a surprisingly interesting post. Reference 1760,2026-07-16 08:55:31.804213,this was a surprisingly interesting post reference 1760,0.0,0,1,0,0.0
C1761,U479,I223,This is an interesting perspective on food. Reference 1761,2026-07-15 11:45:31.804227,this is an interesting perspective on food reference 1761,0.0,0,1,0,0.0
C1762,U152,I65,I have a different opinion about sports. Reference 1762,2026-06-25 05:16:31.804243,i have a different opinion about sports reference 1762,0.0,0,1,0,0.0
C1763,U437,I151,Thanks for sharing this information. Reference 1763,2026-06-22 16:19:31.804257,thanks for sharing this information reference 1763,0.0,0,1,0,0.0
C1764,U78,I469,I really enjoyed this post about gaming. Reference 1764,2026-06-26 08:26:31.804271,i really enjoyed this post about gaming reference 1764,0.0,0,1,0,0.0
C1765,U435,I211,This is an interesting perspective on food. Reference 1765,2026-06-12 16:19:31.804285,this is an interesting perspective on food reference 1765,0.0,0,1,0,0.0
C1766,U737,I291,I have a different opinion about music. Reference 1766,2026-07-19 15:13:31.804299,i have a different opinion about music reference 1766,0.0,0,1,0,0.0
C1767,U599,I41,This was a surprisingly interesting post. Reference 1767,2026-08-01 11:05:31.804312,this was a surprisingly interesting post reference 1767,0.0,0,1,0,0.0
C1768,U758,I338,I think this could be improved. Reference 1768,2026-07-26 05:56:31.804326,i think this could be improved reference 1768,0.0,0,1,0,0.0
C1769,U863,I201,I really enjoyed this post about gaming. Reference 1769,2026-07-04 22:40:31.804340,i really enjoyed this post about gaming reference 1769,0.0,0,1,0,0.0
C1770,U897,I360,I have a different opinion about music. Reference 1770,2026-06-19 09:12:31.804354,i have a different opinion about music reference 1770,0.0,0,1,0,0.0
C1771,U741,I232,I think this could be improved. Reference 1771,2026-07-11 18:19:31.804368,i think this could be improved reference 1771,0.0,0,1,0,0.0
C1772,U989,I470,I learned something useful about sports here. Reference 1772,2026-07-25 23:39:31.804381,i learned something useful about sports here reference 1772,0.0,0,1,0,0.0
C1773,U80,I382,Thanks for sharing this information. Reference 1773,2026-06-11 12:53:31.804395,thanks for sharing this information reference 1773,0.0,0,1,0,0.0
C1774,U108,I222,This was a surprisingly interesting post. Reference 1774,2026-08-11 07:12:31.804409,this was a surprisingly interesting post reference 1774,0.0,0,1,0,0.0
C1775,U404,I59,I really enjoyed this post about education. Reference 1775,2026-06-13 03:21:31.804423,i really enjoyed this post about education reference 1775,0.0,0,1,0,0.0
C1776,U488,I235,The information presented here is useful. Reference 1776,2026-07-15 06:30:31.804437,the information presented here is useful reference 1776,0.0,0,1,0,0.0
C1777,U633,I416,Amazing product buy now,2026-06-09 23:12:31.804450,amazing product buy now,1.0,1,69,1,100.0
C1778,U689,I493,The information presented here is useful. Reference 1778,2026-08-03 20:32:31.804466,the information presented here is useful reference 1778,0.0,0,1,0,0.0
C1779,U128,I69,I really enjoyed this post about sports. Reference 1779,2026-08-01 15:30:31.804480,i really enjoyed this post about sports reference 1779,0.0,0,1,0,0.0
C1780,U835,I8,The explanation of technology was very clear. Reference 1780,2026-07-23 18:54:31.804494,the explanation of technology was very clear reference 1780,0.0,0,1,0,0.0
C1781,U492,I332,I learned something useful about sports here. Reference 1781,2026-07-03 03:59:31.804508,i learned something useful about sports here reference 1781,0.0,0,1,0,0.0
C1782,U862,I320,This was a surprisingly interesting post. Reference 1782,2026-08-03 23:54:31.804526,this was a surprisingly interesting post reference 1782,0.0,0,1,0,0.0
C1783,U308,I394,I think this could be improved. Reference 1783,2026-06-29 16:32:31.804540,i think this could be improved reference 1783,0.0,0,1,0,0.0
C1784,U432,I11,This is an interesting perspective on education. Reference 1784,2026-07-28 23:00:31.804554,this is an interesting perspective on education reference 1784,0.0,0,1,0,0.0
C1785,U756,I359,I think this could be improved. Reference 1785,2026-06-29 21:59:31.804567,i think this could be improved reference 1785,0.0,0,1,0,0.0
C1786,U20,I440,I think this could be improved. Reference 1786,2026-07-24 12:09:31.804584,i think this could be improved reference 1786,0.0,0,1,0,0.0
C1787,U301,I291,The information presented here is useful. Reference 1787,2026-07-12 10:40:31.804598,the information presented here is useful reference 1787,0.0,0,1,0,0.0
C1788,U8,I52,The information presented here is useful. Reference 1788,2026-06-27 17:06:31.804612,the information presented here is useful reference 1788,0.0,0,1,0,0.0
C1789,U754,I296,Amazing product buy now,2026-08-08 11:07:31.804669,amazing product buy now,1.0,1,69,1,100.0
C1790,U499,I204,I think this could be improved. Reference 1790,2026-07-21 17:22:31.804684,i think this could be improved reference 1790,0.0,0,1,0,0.0
C1791,U731,I31,This was a surprisingly interesting post. Reference 1791,2026-07-04 10:06:31.804700,this was a surprisingly interesting post reference 1791,0.0,0,1,0,0.0
C1792,U590,I161,This was a surprisingly interesting post. Reference 1792,2026-07-18 10:51:31.804716,this was a surprisingly interesting post reference 1792,0.0,0,1,0,0.0
C1793,U914,I331,The information presented here is useful. Reference 1793,2026-08-01 04:31:31.804730,the information presented here is useful reference 1793,0.0,0,1,0,0.0
C1794,U506,I318,This is worth discussing further. Reference 1794,2026-06-09 08:14:31.804744,this is worth discussing further reference 1794,0.0,0,1,0,0.0
C1795,U446,I10,I learned something useful about movies here. Reference 1795,2026-06-06 17:33:31.804757,i learned something useful about movies here reference 1795,0.0,0,1,0,0.0
C1796,U196,I240,This is worth discussing further. Reference 1796,2026-07-21 16:56:31.804771,this is worth discussing further reference 1796,0.0,0,1,0,0.0
C1797,U519,I112,Best product ever buy now,2026-06-18 00:40:31.804785,best product ever buy now,0.5,1,75,1,72.50000000000001
C1798,U873,I431,I think this could be improved. Reference 1798,2026-07-16 03:03:31.804798,i think this could be improved reference 1798,0.0,0,1,0,0.0
C1799,U740,I364,The information presented here is useful. Reference 1799,2026-06-11 13:33:31.804812,the information presented here is useful reference 1799,0.0,0,1,0,0.0
C1800,U668,I376,This is worth discussing further. Reference 1800,2026-07-28 02:01:31.804826,this is worth discussing further reference 1800,0.0,0,1,0,0.0
C1801,U636,I106,I have a different opinion about gaming. Reference 1801,2026-06-12 02:46:31.804840,i have a different opinion about gaming reference 1801,0.0,0,1,0,0.0
C1802,U494,I66,I learned something useful about sports here. Reference 1802,2026-07-28 14:30:31.804853,i learned something useful about sports here reference 1802,0.0,0,1,0,0.0
C1803,U620,I251,This is an interesting perspective on fashion. Reference 1803,2026-06-27 21:25:31.804867,this is an interesting perspective on fashion reference 1803,0.0,0,1,0,0.0
C1804,U310,I120,The explanation of technology was very clear. Reference 1804,2026-08-10 04:22:31.804881,the explanation of technology was very clear reference 1804,0.0,0,1,0,0.0
C1805,U367,I451,I have a different opinion about music. Reference 1805,2026-06-11 05:12:31.804895,i have a different opinion about music reference 1805,0.0,0,1,0,0.0
C1806,U162,I89,This was a surprisingly interesting post. Reference 1806,2026-08-06 00:54:31.804910,this was a surprisingly interesting post reference 1806,0.0,0,1,0,0.0
C1807,U345,I220,This is an interesting perspective on sports. Reference 1807,2026-07-31 20:20:31.804924,this is an interesting perspective on sports reference 1807,0.0,0,1,0,0.0
C1808,U575,I114,I think this could be improved. Reference 1808,2026-07-11 20:32:31.804938,i think this could be improved reference 1808,0.0,0,1,0,0.0
C1809,U803,I181,I really enjoyed this post about movies. Reference 1809,2026-07-29 01:43:31.804952,i really enjoyed this post about movies reference 1809,0.0,0,1,0,0.0
C1810,U873,I353,This was a surprisingly interesting post. Reference 1810,2026-06-08 12:49:31.804966,this was a surprisingly interesting post reference 1810,0.0,0,1,0,0.0
C1811,U51,I474,I think this could be improved. Reference 1811,2026-06-04 00:59:31.804980,i think this could be improved reference 1811,0.0,0,1,0,0.0
C1812,U113,I499,This is an interesting perspective on gaming. Reference 1812,2026-06-21 15:14:31.804994,this is an interesting perspective on gaming reference 1812,0.0,0,1,0,0.0
C1813,U42,I259,This is an interesting perspective on education. Reference 1813,2026-06-15 11:53:31.805008,this is an interesting perspective on education reference 1813,0.0,0,1,0,0.0
C1814,U120,I445,The explanation of music was very clear. Reference 1814,2026-07-28 12:56:31.805022,the explanation of music was very clear reference 1814,0.0,0,1,0,0.0
C1815,U745,I149,I think this could be improved. Reference 1815,2026-06-06 03:41:31.805035,i think this could be improved reference 1815,0.0,0,1,0,0.0
C1816,U891,I50,I learned something useful about music here. Reference 1816,2026-07-12 09:01:31.805049,i learned something useful about music here reference 1816,0.0,0,1,0,0.0
C1817,U838,I70,This is an interesting perspective on sports. Reference 1817,2026-07-02 20:44:31.805065,this is an interesting perspective on sports reference 1817,0.0,0,1,0,0.0
C1818,U992,I212,I really enjoyed this post about sports. Reference 1818,2026-06-29 17:14:31.805078,i really enjoyed this post about sports reference 1818,0.0,0,1,0,0.0
C1819,U349,I146,This was a surprisingly interesting post. Reference 1819,2026-08-04 01:47:31.805093,this was a surprisingly interesting post reference 1819,0.0,0,1,0,0.0
C1820,U272,I190,The information presented here is useful. Reference 1820,2026-06-15 12:56:31.805107,the information presented here is useful reference 1820,0.0,0,1,0,0.0
C1821,U680,I125,I learned something useful about fashion here. Reference 1821,2026-07-22 01:30:31.805120,i learned something useful about fashion here reference 1821,0.0,0,1,0,0.0
C1822,U141,I410,The information presented here is useful. Reference 1822,2026-07-05 13:50:31.805134,the information presented here is useful reference 1822,0.0,0,1,0,0.0
C1823,U919,I234,This was a surprisingly interesting post. Reference 1823,2026-08-09 02:57:31.805147,this was a surprisingly interesting post reference 1823,0.0,0,1,0,0.0
C1824,U453,I74,I really enjoyed this post about gaming. Reference 1824,2026-08-04 02:46:31.805161,i really enjoyed this post about gaming reference 1824,0.0,0,1,0,0.0
C1825,U346,I161,Best deal available now,2026-07-03 07:44:31.805175,best deal available now,0.5,1,52,1,72.50000000000001
C1826,U62,I201,I really enjoyed this post about education. Reference 1826,2026-06-20 12:50:31.805189,i really enjoyed this post about education reference 1826,0.0,0,1,0,0.0
C1827,U59,I323,Best deal available now,2026-07-04 15:59:31.805203,best deal available now,0.5,1,52,1,72.50000000000001
C1828,U411,I453,This was a surprisingly interesting post. Reference 1828,2026-06-07 03:43:31.805217,this was a surprisingly interesting post reference 1828,0.0,0,1,0,0.0
C1829,U760,I160,This is worth discussing further. Reference 1829,2026-07-17 08:47:31.805230,this is worth discussing further reference 1829,0.0,0,1,0,0.0
C1830,U921,I270,Best deal available now,2026-06-09 02:09:31.805244,best deal available now,0.5,1,52,1,72.50000000000001
C1831,U413,I228,The explanation of food was very clear. Reference 1831,2026-06-09 08:20:31.805258,the explanation of food was very clear reference 1831,0.0,0,1,0,0.0
C1832,U353,I454,The information presented here is useful. Reference 1832,2026-07-15 09:16:31.805272,the information presented here is useful reference 1832,0.0,0,1,0,0.0
C1833,U86,I18,This was a surprisingly interesting post. Reference 1833,2026-07-07 08:01:31.805285,this was a surprisingly interesting post reference 1833,0.0,0,1,0,0.0
C1834,U742,I368,I learned something useful about movies here. Reference 1834,2026-07-23 09:04:31.805302,i learned something useful about movies here reference 1834,0.0,0,1,0,0.0
C1835,U95,I261,This was a surprisingly interesting post. Reference 1835,2026-06-25 09:06:31.805315,this was a surprisingly interesting post reference 1835,0.0,0,1,0,0.0
C1836,U348,I387,I learned something useful about technology here. Reference 1836,2026-08-09 07:03:31.805329,i learned something useful about technology here reference 1836,0.0,0,1,0,0.0
C1837,U911,I407,This was a surprisingly interesting post. Reference 1837,2026-07-20 20:46:31.805342,this was a surprisingly interesting post reference 1837,0.0,0,1,0,0.0
C1838,U852,I396,I have a different opinion about fashion. Reference 1838,2026-06-26 20:11:31.805356,i have a different opinion about fashion reference 1838,0.0,0,1,0,0.0
C1839,U113,I374,I really enjoyed this post about music. Reference 1839,2026-07-19 04:32:31.805370,i really enjoyed this post about music reference 1839,0.0,0,1,0,0.0
C1840,U642,I259,This is worth discussing further. Reference 1840,2026-08-07 11:42:31.805383,this is worth discussing further reference 1840,0.0,0,1,0,0.0
C1841,U774,I333,This is an interesting perspective on food. Reference 1841,2026-07-15 17:04:31.805397,this is an interesting perspective on food reference 1841,0.0,0,1,0,0.0
C1842,U586,I377,I really enjoyed this post about food. Reference 1842,2026-07-11 23:28:31.805412,i really enjoyed this post about food reference 1842,0.0,0,1,0,0.0
C1843,U241,I412,Thanks for sharing this information. Reference 1843,2026-07-10 22:39:31.805427,thanks for sharing this information reference 1843,0.0,0,1,0,0.0
C1844,U306,I145,Thanks for sharing this information. Reference 1844,2026-06-07 19:27:31.805441,thanks for sharing this information reference 1844,0.0,0,1,0,0.0
C1845,U386,I266,The explanation of gaming was very clear. Reference 1845,2026-07-12 23:47:31.805455,the explanation of gaming was very clear reference 1845,0.0,0,1,0,0.0
C1846,U528,I298,The explanation of music was very clear. Reference 1846,2026-07-01 11:31:31.805469,the explanation of music was very clear reference 1846,0.0,0,1,0,0.0
C1847,U100,I75,The information presented here is useful. Reference 1847,2026-08-04 08:58:31.805482,the information presented here is useful reference 1847,0.0,0,1,0,0.0
C1848,U94,I31,The information presented here is useful. Reference 1848,2026-06-29 11:35:31.805498,the information presented here is useful reference 1848,0.0,0,1,0,0.0
C1849,U219,I228,This is an interesting perspective on music. Reference 1849,2026-06-11 05:26:31.805514,this is an interesting perspective on music reference 1849,0.0,0,1,0,0.0
C1850,U538,I206,Thanks for sharing this information. Reference 1850,2026-07-18 19:56:31.805527,thanks for sharing this information reference 1850,0.0,0,1,0,0.0
C1851,U598,I255,The information presented here is useful. Reference 1851,2026-06-10 02:48:31.805541,the information presented here is useful reference 1851,0.0,0,1,0,0.0
C1852,U953,I485,I think this could be improved. Reference 1852,2026-07-28 00:14:31.805554,i think this could be improved reference 1852,0.0,0,1,0,0.0
C1853,U147,I258,I learned something useful about food here. Reference 1853,2026-06-08 02:27:31.805573,i learned something useful about food here reference 1853,0.0,0,1,0,0.0
C1854,U468,I66,This was a surprisingly interesting post. Reference 1854,2026-06-09 14:53:31.805587,this was a surprisingly interesting post reference 1854,0.0,0,1,0,0.0
C1855,U217,I233,I think this could be improved. Reference 1855,2026-06-04 21:14:31.805603,i think this could be improved reference 1855,0.0,0,1,0,0.0
C1856,U160,I483,This was a surprisingly interesting post. Reference 1856,2026-08-01 00:32:31.805616,this was a surprisingly interesting post reference 1856,0.0,0,1,0,0.0
C1857,U616,I436,The information presented here is useful. Reference 1857,2026-07-31 19:56:31.805629,the information presented here is useful reference 1857,0.0,0,1,0,0.0
C1858,U378,I292,I have a different opinion about technology. Reference 1858,2026-06-25 05:57:31.805650,i have a different opinion about technology reference 1858,0.0,0,1,0,0.0
C1859,U156,I60,This is worth discussing further. Reference 1859,2026-07-08 17:57:31.805664,this is worth discussing further reference 1859,0.0,0,1,0,0.0
C1860,U310,I150,Best product ever buy now,2026-07-29 19:52:31.805678,best product ever buy now,0.5,1,75,1,72.50000000000001
C1861,U145,I401,Thanks for sharing this information. Reference 1861,2026-08-07 09:42:31.805691,thanks for sharing this information reference 1861,0.0,0,1,0,0.0
C1862,U959,I457,I have a different opinion about movies. Reference 1862,2026-07-23 05:02:31.805707,i have a different opinion about movies reference 1862,0.0,0,1,0,0.0
C1863,U187,I419,I think this could be improved. Reference 1863,2026-07-31 16:45:31.805720,i think this could be improved reference 1863,0.0,0,1,0,0.0
C1864,U560,I178,This is an interesting perspective on technology. Reference 1864,2026-07-04 19:46:31.805734,this is an interesting perspective on technology reference 1864,0.0,0,1,0,0.0
C1865,U492,I293,I have a different opinion about food. Reference 1865,2026-07-12 01:59:31.805748,i have a different opinion about food reference 1865,0.0,0,1,0,0.0
C1866,U800,I193,I think this could be improved. Reference 1866,2026-06-03 11:28:31.805762,i think this could be improved reference 1866,0.0,0,1,0,0.0
C1867,U141,I258,I think this could be improved. Reference 1867,2026-06-12 02:25:31.805775,i think this could be improved reference 1867,0.0,0,1,0,0.0
C1868,U459,I76,This is worth discussing further. Reference 1868,2026-06-15 23:09:31.805789,this is worth discussing further reference 1868,0.0,0,1,0,0.0
C1869,U680,I319,The information presented here is useful. Reference 1869,2026-07-21 15:22:31.805802,the information presented here is useful reference 1869,0.0,0,1,0,0.0
C1870,U921,I202,This is worth discussing further. Reference 1870,2026-06-11 19:22:31.805815,this is worth discussing further reference 1870,0.0,0,1,0,0.0
C1871,U911,I226,I have a different opinion about gaming. Reference 1871,2026-07-27 18:11:31.805829,i have a different opinion about gaming reference 1871,0.0,0,1,0,0.0
C1872,U724,I12,Thanks for sharing this information. Reference 1872,2026-06-21 18:21:31.805843,thanks for sharing this information reference 1872,0.0,0,1,0,0.0
C1873,U660,I63,This was a surprisingly interesting post. Reference 1873,2026-07-25 07:37:31.805856,this was a surprisingly interesting post reference 1873,0.0,0,1,0,0.0
C1874,U978,I316,This was a surprisingly interesting post. Reference 1874,2026-06-20 22:15:31.805870,this was a surprisingly interesting post reference 1874,0.0,0,1,0,0.0
C1875,U534,I96,I think this could be improved. Reference 1875,2026-07-31 21:13:31.805884,i think this could be improved reference 1875,0.0,0,1,0,0.0
C1876,U674,I479,This was a surprisingly interesting post. Reference 1876,2026-08-10 02:32:31.805899,this was a surprisingly interesting post reference 1876,0.0,0,1,0,0.0
C1877,U281,I402,The explanation of sports was very clear. Reference 1877,2026-06-08 14:32:31.805913,the explanation of sports was very clear reference 1877,0.0,0,1,0,0.0
C1878,U859,I454,Thanks for sharing this information. Reference 1878,2026-08-04 03:04:31.805927,thanks for sharing this information reference 1878,0.0,0,1,0,0.0
C1879,U826,I273,Thanks for sharing this information. Reference 1879,2026-07-06 06:14:31.805940,thanks for sharing this information reference 1879,0.0,0,1,0,0.0
C1880,U603,I23,I think this could be improved. Reference 1880,2026-07-11 21:20:31.805954,i think this could be improved reference 1880,0.0,0,1,0,0.0
C1881,U447,I92,Amazing product buy now,2026-06-24 18:45:31.805969,amazing product buy now,1.0,1,69,1,100.0
C1882,U324,I195,I have a different opinion about gaming. Reference 1882,2026-08-01 09:32:31.805983,i have a different opinion about gaming reference 1882,0.0,0,1,0,0.0
C1883,U101,I277,I learned something useful about movies here. Reference 1883,2026-07-29 17:20:31.805997,i learned something useful about movies here reference 1883,0.0,0,1,0,0.0
C1884,U187,I130,This is an interesting perspective on education. Reference 1884,2026-07-14 21:46:31.806011,this is an interesting perspective on education reference 1884,0.0,0,1,0,0.0
C1885,U975,I208,I learned something useful about technology here. Reference 1885,2026-06-16 21:38:31.806025,i learned something useful about technology here reference 1885,0.0,0,1,0,0.0
C1886,U984,I166,I learned something useful about technology here. Reference 1886,2026-06-07 21:45:31.806038,i learned something useful about technology here reference 1886,0.0,0,1,0,0.0
C1887,U59,I152,The information presented here is useful. Reference 1887,2026-07-13 16:50:31.806052,the information presented here is useful reference 1887,0.0,0,1,0,0.0
C1888,U145,I211,This is worth discussing further. Reference 1888,2026-07-08 15:39:31.806065,this is worth discussing further reference 1888,0.0,0,1,0,0.0
C1889,U964,I423,This is an interesting perspective on technology. Reference 1889,2026-07-24 09:29:31.806078,this is an interesting perspective on technology reference 1889,0.0,0,1,0,0.0
C1890,U245,I385,Thanks for sharing this information. Reference 1890,2026-06-27 23:03:31.806092,thanks for sharing this information reference 1890,0.0,0,1,0,0.0
C1891,U520,I385,This was a surprisingly interesting post. Reference 1891,2026-08-01 08:35:31.806107,this was a surprisingly interesting post reference 1891,0.0,0,1,0,0.0
C1892,U275,I31,This is worth discussing further. Reference 1892,2026-06-22 11:40:31.806121,this is worth discussing further reference 1892,0.0,0,1,0,0.0
C1893,U416,I33,I think this could be improved. Reference 1893,2026-07-05 17:47:31.806134,i think this could be improved reference 1893,0.0,0,1,0,0.0
C1894,U648,I119,I really enjoyed this post about movies. Reference 1894,2026-06-22 09:35:31.806148,i really enjoyed this post about movies reference 1894,0.0,0,1,0,0.0
C1895,U986,I300,This is an interesting perspective on sports. Reference 1895,2026-06-22 08:12:31.806161,this is an interesting perspective on sports reference 1895,0.0,0,1,0,0.0
C1896,U667,I402,I learned something useful about movies here. Reference 1896,2026-06-21 02:37:31.806175,i learned something useful about movies here reference 1896,0.0,0,1,0,0.0
C1897,U416,I228,This is an interesting perspective on sports. Reference 1897,2026-07-29 20:58:31.806189,this is an interesting perspective on sports reference 1897,0.0,0,1,0,0.0
C1898,U382,I276,I learned something useful about sports here. Reference 1898,2026-06-23 21:43:31.806203,i learned something useful about sports here reference 1898,0.0,0,1,0,0.0
C1899,U975,I216,This was a surprisingly interesting post. Reference 1899,2026-08-08 00:41:31.806216,this was a surprisingly interesting post reference 1899,0.0,0,1,0,0.0
C1900,U1,I416,I think this could be improved. Reference 1900,2026-06-13 09:21:31.806231,i think this could be improved reference 1900,0.0,0,1,0,0.0
C1901,U995,I85,I really enjoyed this post about technology. Reference 1901,2026-06-28 22:37:31.806244,i really enjoyed this post about technology reference 1901,0.0,0,1,0,0.0
C1902,U279,I306,I have a different opinion about fashion. Reference 1902,2026-07-10 20:17:31.806258,i have a different opinion about fashion reference 1902,0.0,0,1,0,0.0
C1903,U862,I323,The explanation of movies was very clear. Reference 1903,2026-08-07 16:37:31.806272,the explanation of movies was very clear reference 1903,0.0,0,1,0,0.0
C1904,U165,I378,This was a surprisingly interesting post. Reference 1904,2026-07-15 11:13:31.806287,this was a surprisingly interesting post reference 1904,0.0,0,1,0,0.0
C1905,U91,I202,This is an interesting perspective on education. Reference 1905,2026-06-06 20:02:31.806301,this is an interesting perspective on education reference 1905,0.0,0,1,0,0.0
C1906,U569,I143,The information presented here is useful. Reference 1906,2026-06-17 06:26:31.806315,the information presented here is useful reference 1906,0.0,0,1,0,0.0
C1907,U516,I490,This is worth discussing further. Reference 1907,2026-06-15 00:26:31.806328,this is worth discussing further reference 1907,0.0,0,1,0,0.0
C1908,U267,I385,I think this could be improved. Reference 1908,2026-07-20 10:44:31.806341,i think this could be improved reference 1908,0.0,0,1,0,0.0
C1909,U678,I164,This is worth discussing further. Reference 1909,2026-06-30 23:32:31.806355,this is worth discussing further reference 1909,0.0,0,1,0,0.0
C1910,U982,I306,Click here for amazing deals,2026-06-09 20:37:31.806368,click here for amazing deals,0.5,1,53,1,72.50000000000001
C1911,U136,I330,I really enjoyed this post about food. Reference 1911,2026-08-11 10:38:31.806382,i really enjoyed this post about food reference 1911,0.0,0,1,0,0.0
C1912,U923,I4,I learned something useful about fashion here. Reference 1912,2026-06-22 05:50:31.806396,i learned something useful about fashion here reference 1912,0.0,0,1,0,0.0
C1913,U916,I356,I think this could be improved. Reference 1913,2026-06-23 20:25:31.806413,i think this could be improved reference 1913,0.0,0,1,0,0.0
C1914,U83,I403,This is an interesting perspective on technology. Reference 1914,2026-06-11 16:49:31.806427,this is an interesting perspective on technology reference 1914,0.0,0,1,0,0.0
C1915,U455,I344,Amazing product buy now,2026-07-08 13:46:31.806441,amazing product buy now,1.0,1,69,1,100.0
C1916,U847,I307,This is worth discussing further. Reference 1916,2026-07-26 16:54:31.806455,this is worth discussing further reference 1916,0.0,0,1,0,0.0
C1917,U859,I393,I really enjoyed this post about gaming. Reference 1917,2026-06-30 17:12:31.806469,i really enjoyed this post about gaming reference 1917,0.0,0,1,0,0.0
C1918,U379,I479,The explanation of food was very clear. Reference 1918,2026-08-10 23:31:31.806482,the explanation of food was very clear reference 1918,0.0,0,1,0,0.0
C1919,U226,I380,I really enjoyed this post about movies. Reference 1919,2026-06-10 21:17:31.806500,i really enjoyed this post about movies reference 1919,0.0,0,1,0,0.0
C1920,U943,I363,This is worth discussing further. Reference 1920,2026-08-03 15:26:31.806514,this is worth discussing further reference 1920,0.0,0,1,0,0.0
C1921,U835,I314,I have a different opinion about sports. Reference 1921,2026-07-21 12:14:31.806527,i have a different opinion about sports reference 1921,0.0,0,1,0,0.0
C1922,U505,I495,This is worth discussing further. Reference 1922,2026-07-17 06:39:31.806541,this is worth discussing further reference 1922,0.0,0,1,0,0.0
C1923,U504,I463,Thanks for sharing this information. Reference 1923,2026-08-11 04:23:31.806555,thanks for sharing this information reference 1923,0.0,0,1,0,0.0
C1924,U200,I420,Best deal available now,2026-07-17 14:06:31.806568,best deal available now,0.5,1,52,1,72.50000000000001
C1925,U582,I256,I think this could be improved. Reference 1925,2026-06-22 14:35:31.806582,i think this could be improved reference 1925,0.0,0,1,0,0.0
C1926,U198,I337,Thanks for sharing this information. Reference 1926,2026-08-05 21:12:31.806595,thanks for sharing this information reference 1926,0.0,0,1,0,0.0
C1927,U602,I65,This is an interesting perspective on education. Reference 1927,2026-07-19 04:49:31.806609,this is an interesting perspective on education reference 1927,0.0,0,1,0,0.0
C1928,U955,I291,The explanation of movies was very clear. Reference 1928,2026-07-25 08:52:31.806623,the explanation of movies was very clear reference 1928,0.0,0,1,0,0.0
C1929,U868,I347,I really enjoyed this post about movies. Reference 1929,2026-06-10 21:00:31.806637,i really enjoyed this post about movies reference 1929,0.0,0,1,0,0.0
C1930,U573,I452,Click here for amazing deals,2026-07-03 22:56:31.806651,click here for amazing deals,0.5,1,53,1,72.50000000000001
C1931,U656,I344,I really enjoyed this post about music. Reference 1931,2026-07-03 11:04:31.806665,i really enjoyed this post about music reference 1931,0.0,0,1,0,0.0
C1932,U864,I208,I have a different opinion about gaming. Reference 1932,2026-06-10 22:07:31.806682,i have a different opinion about gaming reference 1932,0.0,0,1,0,0.0
C1933,U530,I238,I think this could be improved. Reference 1933,2026-06-25 18:01:31.806695,i think this could be improved reference 1933,0.0,0,1,0,0.0
C1934,U777,I22,The explanation of technology was very clear. Reference 1934,2026-07-17 12:49:31.806709,the explanation of technology was very clear reference 1934,0.0,0,1,0,0.0
C1935,U940,I215,This was a surprisingly interesting post. Reference 1935,2026-07-14 01:08:31.806722,this was a surprisingly interesting post reference 1935,0.0,0,1,0,0.0
C1936,U5,I200,The explanation of music was very clear. Reference 1936,2026-08-04 09:16:31.806736,the explanation of music was very clear reference 1936,0.0,0,1,0,0.0
C1937,U901,I292,I really enjoyed this post about sports. Reference 1937,2026-06-10 01:38:31.806749,i really enjoyed this post about sports reference 1937,0.0,0,1,0,0.0
C1938,U433,I490,This is an interesting perspective on sports. Reference 1938,2026-07-24 21:53:31.806763,this is an interesting perspective on sports reference 1938,0.0,0,1,0,0.0
C1939,U168,I168,I have a different opinion about gaming. Reference 1939,2026-06-15 20:28:31.806777,i have a different opinion about gaming reference 1939,0.0,0,1,0,0.0
C1940,U640,I49,I really enjoyed this post about food. Reference 1940,2026-07-03 12:22:31.806790,i really enjoyed this post about food reference 1940,0.0,0,1,0,0.0
C1941,U827,I12,Thanks for sharing this information. Reference 1941,2026-07-20 00:57:31.806804,thanks for sharing this information reference 1941,0.0,0,1,0,0.0
C1942,U253,I55,I think this could be improved. Reference 1942,2026-07-11 19:29:31.806817,i think this could be improved reference 1942,0.0,0,1,0,0.0
C1943,U852,I27,This is worth discussing further. Reference 1943,2026-08-05 04:42:31.806831,this is worth discussing further reference 1943,0.0,0,1,0,0.0
C1944,U794,I307,Thanks for sharing this information. Reference 1944,2026-08-03 02:59:31.806846,thanks for sharing this information reference 1944,0.0,0,1,0,0.0
C1945,U640,I228,Thanks for sharing this information. Reference 1945,2026-08-04 01:07:31.806860,thanks for sharing this information reference 1945,0.0,0,1,0,0.0
C1946,U997,I31,I really enjoyed this post about fashion. Reference 1946,2026-07-14 07:36:31.806874,i really enjoyed this post about fashion reference 1946,0.0,0,1,0,0.0
C1947,U911,I434,This is an interesting perspective on education. Reference 1947,2026-08-06 04:32:31.806890,this is an interesting perspective on education reference 1947,0.0,0,1,0,0.0
C1948,U941,I410,I think this could be improved. Reference 1948,2026-07-15 09:24:31.806903,i think this could be improved reference 1948,0.0,0,1,0,0.0
C1949,U625,I320,The information presented here is useful. Reference 1949,2026-08-02 13:32:31.806916,the information presented here is useful reference 1949,0.0,0,1,0,0.0
C1950,U693,I28,This was a surprisingly interesting post. Reference 1950,2026-07-15 23:43:31.806930,this was a surprisingly interesting post reference 1950,0.0,0,1,0,0.0
C1951,U870,I195,The information presented here is useful. Reference 1951,2026-06-16 15:27:31.806943,the information presented here is useful reference 1951,0.0,0,1,0,0.0
C1952,U770,I210,The explanation of technology was very clear. Reference 1952,2026-07-01 13:29:31.806957,the explanation of technology was very clear reference 1952,0.0,0,1,0,0.0
C1953,U393,I237,The information presented here is useful. Reference 1953,2026-07-11 22:04:31.806971,the information presented here is useful reference 1953,0.0,0,1,0,0.0
C1954,U666,I480,I really enjoyed this post about food. Reference 1954,2026-06-25 18:06:31.806985,i really enjoyed this post about food reference 1954,0.0,0,1,0,0.0
C1955,U336,I300,The explanation of gaming was very clear. Reference 1955,2026-08-02 11:39:31.806999,the explanation of gaming was very clear reference 1955,0.0,0,1,0,0.0
C1956,U12,I304,This is an interesting perspective on sports. Reference 1956,2026-06-20 15:46:31.807013,this is an interesting perspective on sports reference 1956,0.0,0,1,0,0.0
C1957,U129,I326,This was a surprisingly interesting post. Reference 1957,2026-07-10 11:37:31.807027,this was a surprisingly interesting post reference 1957,0.0,0,1,0,0.0
C1958,U431,I246,Thanks for sharing this information. Reference 1958,2026-07-25 21:49:31.807040,thanks for sharing this information reference 1958,0.0,0,1,0,0.0
C1959,U248,I70,I really enjoyed this post about technology. Reference 1959,2026-07-31 05:03:31.807054,i really enjoyed this post about technology reference 1959,0.0,0,1,0,0.0
C1960,U319,I299,The information presented here is useful. Reference 1960,2026-07-14 12:10:31.807067,the information presented here is useful reference 1960,0.0,0,1,0,0.0
C1961,U597,I453,This was a surprisingly interesting post. Reference 1961,2026-07-29 09:57:31.807083,this was a surprisingly interesting post reference 1961,0.0,0,1,0,0.0
C1962,U480,I158,Thanks for sharing this information. Reference 1962,2026-07-16 08:08:31.807097,thanks for sharing this information reference 1962,0.0,0,1,0,0.0
C1963,U377,I496,I really enjoyed this post about education. Reference 1963,2026-08-06 14:46:31.807111,i really enjoyed this post about education reference 1963,0.0,0,1,0,0.0
C1964,U243,I259,This was a surprisingly interesting post. Reference 1964,2026-07-04 09:58:31.807125,this was a surprisingly interesting post reference 1964,0.0,0,1,0,0.0
C1965,U352,I100,The explanation of sports was very clear. Reference 1965,2026-08-05 14:33:31.807139,the explanation of sports was very clear reference 1965,0.0,0,1,0,0.0
C1966,U349,I96,I think this could be improved. Reference 1966,2026-06-18 05:46:31.807153,i think this could be improved reference 1966,0.0,0,1,0,0.0
C1967,U709,I169,Thanks for sharing this information. Reference 1967,2026-06-16 18:05:31.807166,thanks for sharing this information reference 1967,0.0,0,1,0,0.0
C1968,U306,I214,This is worth discussing further. Reference 1968,2026-08-02 06:56:31.807180,this is worth discussing further reference 1968,0.0,0,1,0,0.0
C1969,U465,I448,I really enjoyed this post about food. Reference 1969,2026-07-22 20:41:31.807194,i really enjoyed this post about food reference 1969,0.0,0,1,0,0.0
C1970,U942,I1,The explanation of sports was very clear. Reference 1970,2026-06-30 08:49:31.807207,the explanation of sports was very clear reference 1970,0.0,0,1,0,0.0
C1971,U638,I109,The explanation of food was very clear. Reference 1971,2026-06-05 23:15:31.807221,the explanation of food was very clear reference 1971,0.0,0,1,0,0.0
C1972,U786,I487,This is worth discussing further. Reference 1972,2026-07-24 03:27:31.807235,this is worth discussing further reference 1972,0.0,0,1,0,0.0
C1973,U409,I94,I really enjoyed this post about music. Reference 1973,2026-08-10 22:22:31.807249,i really enjoyed this post about music reference 1973,0.0,0,1,0,0.0
C1974,U75,I183,I really enjoyed this post about gaming. Reference 1974,2026-07-29 20:54:31.807263,i really enjoyed this post about gaming reference 1974,0.0,0,1,0,0.0
C1975,U297,I225,The explanation of music was very clear. Reference 1975,2026-08-07 20:04:31.807279,the explanation of music was very clear reference 1975,0.0,0,1,0,0.0
C1976,U998,I15,The explanation of sports was very clear. Reference 1976,2026-07-16 23:21:31.807295,the explanation of sports was very clear reference 1976,0.0,0,1,0,0.0
C1977,U178,I112,I have a different opinion about education. Reference 1977,2026-07-11 21:38:31.807309,i have a different opinion about education reference 1977,0.0,0,1,0,0.0
C1978,U867,I283,The explanation of education was very clear. Reference 1978,2026-07-24 23:50:31.807322,the explanation of education was very clear reference 1978,0.0,0,1,0,0.0
C1979,U22,I90,I have a different opinion about gaming. Reference 1979,2026-08-09 22:07:31.807336,i have a different opinion about gaming reference 1979,0.0,0,1,0,0.0
C1980,U851,I346,I learned something useful about fashion here. Reference 1980,2026-06-13 05:23:31.807350,i learned something useful about fashion here reference 1980,0.0,0,1,0,0.0
C1981,U806,I453,This is an interesting perspective on music. Reference 1981,2026-07-23 16:42:31.807363,this is an interesting perspective on music reference 1981,0.0,0,1,0,0.0
C1982,U312,I233,The explanation of music was very clear. Reference 1982,2026-07-08 22:34:31.807377,the explanation of music was very clear reference 1982,0.0,0,1,0,0.0
C1983,U676,I87,This was a surprisingly interesting post. Reference 1983,2026-06-08 02:54:31.807393,this was a surprisingly interesting post reference 1983,0.0,0,1,0,0.0
C1984,U66,I60,I learned something useful about education here. Reference 1984,2026-07-25 13:42:31.807407,i learned something useful about education here reference 1984,0.0,0,1,0,0.0
C1985,U196,I272,The information presented here is useful. Reference 1985,2026-07-13 21:24:31.807420,the information presented here is useful reference 1985,0.0,0,1,0,0.0
C1986,U613,I219,The explanation of technology was very clear. Reference 1986,2026-06-16 18:14:31.807434,the explanation of technology was very clear reference 1986,0.0,0,1,0,0.0
C1987,U601,I96,This was a surprisingly interesting post. Reference 1987,2026-07-29 07:26:31.807448,this was a surprisingly interesting post reference 1987,0.0,0,1,0,0.0
C1988,U335,I126,I really enjoyed this post about movies. Reference 1988,2026-07-31 07:43:31.807462,i really enjoyed this post about movies reference 1988,0.0,0,1,0,0.0
C1989,U871,I260,Thanks for sharing this information. Reference 1989,2026-07-23 18:53:31.807477,thanks for sharing this information reference 1989,0.0,0,1,0,0.0
C1990,U744,I41,I think this could be improved. Reference 1990,2026-07-27 14:13:31.807492,i think this could be improved reference 1990,0.0,0,1,0,0.0
C1991,U520,I198,This was a surprisingly interesting post. Reference 1991,2026-06-27 10:48:31.807505,this was a surprisingly interesting post reference 1991,0.0,0,1,0,0.0
C1992,U531,I237,I learned something useful about music here. Reference 1992,2026-06-07 23:31:31.807519,i learned something useful about music here reference 1992,0.0,0,1,0,0.0
C1993,U382,I269,I think this could be improved. Reference 1993,2026-06-29 17:02:31.807535,i think this could be improved reference 1993,0.0,0,1,0,0.0
C1994,U274,I297,The information presented here is useful. Reference 1994,2026-07-23 23:20:31.807548,the information presented here is useful reference 1994,0.0,0,1,0,0.0
C1995,U224,I458,The explanation of food was very clear. Reference 1995,2026-07-21 11:57:31.807562,the explanation of food was very clear reference 1995,0.0,0,1,0,0.0
C1996,U405,I111,I have a different opinion about fashion. Reference 1996,2026-07-08 12:13:31.807576,i have a different opinion about fashion reference 1996,0.0,0,1,0,0.0
C1997,U585,I80,This is worth discussing further. Reference 1997,2026-06-22 17:17:31.807589,this is worth discussing further reference 1997,0.0,0,1,0,0.0
C1998,U86,I68,This is an interesting perspective on movies. Reference 1998,2026-07-02 08:56:31.807603,this is an interesting perspective on movies reference 1998,0.0,0,1,0,0.0
C1999,U531,I180,The explanation of technology was very clear. Reference 1999,2026-06-30 11:37:31.807617,the explanation of technology was very clear reference 1999,0.0,0,1,0,0.0
C2000,U524,I318,This is worth discussing further. Reference 2000,2026-07-01 18:25:31.807630,this is worth discussing further reference 2000,0.0,0,1,0,0.0
C2001,U478,I221,Best deal available now,2026-06-27 13:05:31.807643,best deal available now,0.5,1,52,1,72.50000000000001
C2002,U324,I139,The information presented here is useful. Reference 2002,2026-07-26 11:42:31.807662,the information presented here is useful reference 2002,0.0,0,1,0,0.0
C2003,U452,I119,Click here for amazing deals,2026-07-10 03:31:31.807676,click here for amazing deals,0.5,1,53,1,72.50000000000001
C2004,U923,I42,I have a different opinion about gaming. Reference 2004,2026-07-17 16:07:31.807692,i have a different opinion about gaming reference 2004,0.0,0,1,0,0.0
C2005,U948,I116,This is an interesting perspective on gaming. Reference 2005,2026-08-05 08:07:31.807706,this is an interesting perspective on gaming reference 2005,0.0,0,1,0,0.0
C2006,U368,I19,This was a surprisingly interesting post. Reference 2006,2026-07-12 10:52:31.807720,this was a surprisingly interesting post reference 2006,0.0,0,1,0,0.0
C2007,U201,I345,This is worth discussing further. Reference 2007,2026-07-15 06:41:31.807733,this is worth discussing further reference 2007,0.0,0,1,0,0.0
C2008,U763,I417,I have a different opinion about sports. Reference 2008,2026-06-08 14:29:31.807749,i have a different opinion about sports reference 2008,0.0,0,1,0,0.0
C2009,U618,I70,This was a surprisingly interesting post. Reference 2009,2026-08-11 01:20:31.807763,this was a surprisingly interesting post reference 2009,0.0,0,1,0,0.0
C2010,U788,I153,I have a different opinion about music. Reference 2010,2026-07-06 01:50:31.807777,i have a different opinion about music reference 2010,0.0,0,1,0,0.0
C2011,U968,I207,Thanks for sharing this information. Reference 2011,2026-06-29 20:52:31.807791,thanks for sharing this information reference 2011,0.0,0,1,0,0.0
C2012,U669,I262,I learned something useful about fashion here. Reference 2012,2026-07-22 02:49:31.807805,i learned something useful about fashion here reference 2012,0.0,0,1,0,0.0
C2013,U232,I370,The explanation of food was very clear. Reference 2013,2026-07-21 13:24:31.807819,the explanation of food was very clear reference 2013,0.0,0,1,0,0.0
C2014,U528,I300,This was a surprisingly interesting post. Reference 2014,2026-06-07 01:38:31.807833,this was a surprisingly interesting post reference 2014,0.0,0,1,0,0.0
C2015,U833,I236,This is worth discussing further. Reference 2015,2026-07-14 08:03:31.807846,this is worth discussing further reference 2015,0.0,0,1,0,0.0
C2016,U866,I96,The information presented here is useful. Reference 2016,2026-07-23 18:08:31.807859,the information presented here is useful reference 2016,0.0,0,1,0,0.0
C2017,U449,I230,This was a surprisingly interesting post. Reference 2017,2026-07-08 17:26:31.807876,this was a surprisingly interesting post reference 2017,0.0,0,1,0,0.0
C2018,U142,I295,I learned something useful about movies here. Reference 2018,2026-06-05 16:13:31.807890,i learned something useful about movies here reference 2018,0.0,0,1,0,0.0
C2019,U9,I255,This is worth discussing further. Reference 2019,2026-07-22 07:23:31.807904,this is worth discussing further reference 2019,0.0,0,1,0,0.0
C2020,U429,I217,The information presented here is useful. Reference 2020,2026-07-13 03:39:31.807918,the information presented here is useful reference 2020,0.0,0,1,0,0.0
C2021,U601,I11,Thanks for sharing this information. Reference 2021,2026-07-30 04:02:31.807931,thanks for sharing this information reference 2021,0.0,0,1,0,0.0
C2022,U157,I487,This is worth discussing further. Reference 2022,2026-07-08 02:58:31.807948,this is worth discussing further reference 2022,0.0,0,1,0,0.0
C2023,U209,I485,The information presented here is useful. Reference 2023,2026-06-24 04:22:31.807961,the information presented here is useful reference 2023,0.0,0,1,0,0.0
C2024,U395,I96,I think this could be improved. Reference 2024,2026-07-12 21:37:31.807975,i think this could be improved reference 2024,0.0,0,1,0,0.0
C2025,U583,I492,I think this could be improved. Reference 2025,2026-08-03 08:17:31.807989,i think this could be improved reference 2025,0.0,0,1,0,0.0
C2026,U175,I53,You must buy this product,2026-08-08 21:56:31.808003,you must buy this product,0.0,0,51,1,45.0
C2027,U846,I352,Thanks for sharing this information. Reference 2027,2026-08-09 09:21:31.808016,thanks for sharing this information reference 2027,0.0,0,1,0,0.0
C2028,U191,I101,This is an interesting perspective on fashion. Reference 2028,2026-07-16 23:58:31.808030,this is an interesting perspective on fashion reference 2028,0.0,0,1,0,0.0
C2029,U210,I119,I have a different opinion about gaming. Reference 2029,2026-07-01 10:45:31.808044,i have a different opinion about gaming reference 2029,0.0,0,1,0,0.0
C2030,U58,I188,This was a surprisingly interesting post. Reference 2030,2026-07-27 04:37:31.808057,this was a surprisingly interesting post reference 2030,0.0,0,1,0,0.0
C2031,U334,I440,The information presented here is useful. Reference 2031,2026-07-28 12:56:31.808071,the information presented here is useful reference 2031,0.0,0,1,0,0.0
C2032,U113,I66,This was a surprisingly interesting post. Reference 2032,2026-06-29 07:13:31.808086,this was a surprisingly interesting post reference 2032,0.0,0,1,0,0.0
C2033,U760,I35,The information presented here is useful. Reference 2033,2026-07-31 00:08:31.808100,the information presented here is useful reference 2033,0.0,0,1,0,0.0
C2034,U891,I105,I have a different opinion about fashion. Reference 2034,2026-06-08 05:40:31.808113,i have a different opinion about fashion reference 2034,0.0,0,1,0,0.0
C2035,U680,I243,I learned something useful about movies here. Reference 2035,2026-06-19 08:35:31.808127,i learned something useful about movies here reference 2035,0.0,0,1,0,0.0
C2036,U207,I257,I think this could be improved. Reference 2036,2026-07-24 11:21:31.808142,i think this could be improved reference 2036,0.0,0,1,0,0.0
C2037,U7,I73,I think this could be improved. Reference 2037,2026-07-06 11:50:31.808157,i think this could be improved reference 2037,0.0,0,1,0,0.0
C2038,U619,I413,The explanation of music was very clear. Reference 2038,2026-06-21 00:29:31.808171,the explanation of music was very clear reference 2038,0.0,0,1,0,0.0
C2039,U900,I251,I think this could be improved. Reference 2039,2026-06-20 09:24:31.808184,i think this could be improved reference 2039,0.0,0,1,0,0.0
C2040,U40,I377,Best product ever buy now,2026-06-14 00:07:31.808201,best product ever buy now,0.5,1,75,1,72.50000000000001
C2041,U902,I470,I think this could be improved. Reference 2041,2026-06-09 02:07:31.808214,i think this could be improved reference 2041,0.0,0,1,0,0.0
C2042,U862,I364,I have a different opinion about fashion. Reference 2042,2026-06-17 00:48:31.808228,i have a different opinion about fashion reference 2042,0.0,0,1,0,0.0
C2043,U843,I414,I learned something useful about fashion here. Reference 2043,2026-07-20 03:44:31.808242,i learned something useful about fashion here reference 2043,0.0,0,1,0,0.0
C2044,U183,I460,Thanks for sharing this information. Reference 2044,2026-07-01 03:50:31.808255,thanks for sharing this information reference 2044,0.0,0,1,0,0.0
C2045,U393,I466,I learned something useful about gaming here. Reference 2045,2026-07-07 00:15:31.808269,i learned something useful about gaming here reference 2045,0.0,0,1,0,0.0
C2046,U715,I484,Best product ever buy now,2026-07-28 10:58:31.808285,best product ever buy now,0.5,1,75,1,72.50000000000001
C2047,U280,I451,This was a surprisingly interesting post. Reference 2047,2026-06-12 03:38:31.808301,this was a surprisingly interesting post reference 2047,0.0,0,1,0,0.0
C2048,U938,I34,The explanation of food was very clear. Reference 2048,2026-07-05 09:31:31.808316,the explanation of food was very clear reference 2048,0.0,0,1,0,0.0
C2049,U780,I283,This is an interesting perspective on music. Reference 2049,2026-08-04 20:47:31.808330,this is an interesting perspective on music reference 2049,0.0,0,1,0,0.0
C2050,U773,I53,This was a surprisingly interesting post. Reference 2050,2026-07-05 12:06:31.808343,this was a surprisingly interesting post reference 2050,0.0,0,1,0,0.0
C2051,U461,I84,I have a different opinion about sports. Reference 2051,2026-06-26 18:28:31.808357,i have a different opinion about sports reference 2051,0.0,0,1,0,0.0
C2052,U45,I236,I really enjoyed this post about gaming. Reference 2052,2026-06-14 16:21:31.808370,i really enjoyed this post about gaming reference 2052,0.0,0,1,0,0.0
C2053,U711,I345,I think this could be improved. Reference 2053,2026-07-11 13:15:31.808383,i think this could be improved reference 2053,0.0,0,1,0,0.0
C2054,U763,I204,The explanation of fashion was very clear. Reference 2054,2026-08-08 09:27:31.808397,the explanation of fashion was very clear reference 2054,0.0,0,1,0,0.0
C2055,U10,I128,This is an interesting perspective on education. Reference 2055,2026-07-13 01:23:31.808411,this is an interesting perspective on education reference 2055,0.0,0,1,0,0.0
C2056,U686,I383,I think this could be improved. Reference 2056,2026-06-30 20:08:31.808424,i think this could be improved reference 2056,0.0,0,1,0,0.0
C2057,U69,I42,This was a surprisingly interesting post. Reference 2057,2026-06-07 21:08:31.808438,this was a surprisingly interesting post reference 2057,0.0,0,1,0,0.0
C2058,U972,I224,I learned something useful about food here. Reference 2058,2026-07-17 10:11:31.808451,i learned something useful about food here reference 2058,0.0,0,1,0,0.0
C2059,U861,I82,I learned something useful about technology here. Reference 2059,2026-06-17 13:59:31.808465,i learned something useful about technology here reference 2059,0.0,0,1,0,0.0
C2060,U102,I90,I have a different opinion about gaming. Reference 2060,2026-06-24 04:00:31.808483,i have a different opinion about gaming reference 2060,0.0,0,1,0,0.0
C2061,U759,I200,I learned something useful about gaming here. Reference 2061,2026-06-11 17:18:31.808497,i learned something useful about gaming here reference 2061,0.0,0,1,0,0.0
C2062,U781,I5,Click here for amazing deals,2026-07-02 17:21:31.808510,click here for amazing deals,0.5,1,53,1,72.50000000000001
C2063,U366,I91,The explanation of technology was very clear. Reference 2063,2026-06-11 09:19:31.808524,the explanation of technology was very clear reference 2063,0.0,0,1,0,0.0
C2064,U545,I110,I think this could be improved. Reference 2064,2026-06-15 01:15:31.808538,i think this could be improved reference 2064,0.0,0,1,0,0.0
C2065,U830,I267,This is an interesting perspective on fashion. Reference 2065,2026-06-09 23:53:31.808552,this is an interesting perspective on fashion reference 2065,0.0,0,1,0,0.0
C2066,U315,I227,I really enjoyed this post about technology. Reference 2066,2026-08-07 09:40:31.808566,i really enjoyed this post about technology reference 2066,0.0,0,1,0,0.0
C2067,U790,I193,The explanation of sports was very clear. Reference 2067,2026-07-08 17:33:31.808580,the explanation of sports was very clear reference 2067,0.0,0,1,0,0.0
C2068,U930,I122,The explanation of gaming was very clear. Reference 2068,2026-08-10 08:56:31.808593,the explanation of gaming was very clear reference 2068,0.0,0,1,0,0.0
C2069,U431,I14,I really enjoyed this post about music. Reference 2069,2026-07-25 08:13:31.808607,i really enjoyed this post about music reference 2069,0.0,0,1,0,0.0
C2070,U696,I342,This is an interesting perspective on sports. Reference 2070,2026-08-03 00:57:31.808620,this is an interesting perspective on sports reference 2070,0.0,0,1,0,0.0
C2071,U816,I427,I learned something useful about education here. Reference 2071,2026-08-07 19:50:31.808637,i learned something useful about education here reference 2071,0.0,0,1,0,0.0
C2072,U425,I262,Best deal available now,2026-07-13 11:04:31.808651,best deal available now,0.5,1,52,1,72.50000000000001
C2073,U575,I320,The explanation of sports was very clear. Reference 2073,2026-06-23 12:36:31.808665,the explanation of sports was very clear reference 2073,0.0,0,1,0,0.0
C2074,U404,I480,The information presented here is useful. Reference 2074,2026-07-21 16:16:31.808680,the information presented here is useful reference 2074,0.0,0,1,0,0.0
C2075,U218,I54,This is worth discussing further. Reference 2075,2026-07-27 00:42:31.808694,this is worth discussing further reference 2075,0.0,0,1,0,0.0
C2076,U15,I205,This is worth discussing further. Reference 2076,2026-07-07 09:47:31.808707,this is worth discussing further reference 2076,0.0,0,1,0,0.0
C2077,U217,I234,You must buy this product,2026-06-12 22:38:31.808721,you must buy this product,0.0,0,51,1,45.0
C2078,U834,I142,Thanks for sharing this information. Reference 2078,2026-08-07 19:59:31.808734,thanks for sharing this information reference 2078,0.0,0,1,0,0.0
C2079,U68,I453,The explanation of fashion was very clear. Reference 2079,2026-07-15 09:16:31.808748,the explanation of fashion was very clear reference 2079,0.0,0,1,0,0.0
C2080,U785,I306,I think this could be improved. Reference 2080,2026-06-07 23:26:31.808762,i think this could be improved reference 2080,0.0,0,1,0,0.0
C2081,U549,I405,Thanks for sharing this information. Reference 2081,2026-07-19 21:36:31.808775,thanks for sharing this information reference 2081,0.0,0,1,0,0.0
C2082,U982,I48,Thanks for sharing this information. Reference 2082,2026-06-15 09:49:31.808788,thanks for sharing this information reference 2082,0.0,0,1,0,0.0
C2083,U713,I198,I learned something useful about music here. Reference 2083,2026-07-26 20:58:31.808803,i learned something useful about music here reference 2083,0.0,0,1,0,0.0
C2084,U650,I389,This is worth discussing further. Reference 2084,2026-08-05 16:29:31.808817,this is worth discussing further reference 2084,0.0,0,1,0,0.0
C2085,U343,I9,Thanks for sharing this information. Reference 2085,2026-07-08 00:40:31.808830,thanks for sharing this information reference 2085,0.0,0,1,0,0.0
C2086,U523,I327,The explanation of technology was very clear. Reference 2086,2026-07-21 15:50:31.808844,the explanation of technology was very clear reference 2086,0.0,0,1,0,0.0
C2087,U21,I315,This is an interesting perspective on movies. Reference 2087,2026-07-21 07:34:31.808858,this is an interesting perspective on movies reference 2087,0.0,0,1,0,0.0
C2088,U755,I219,The explanation of gaming was very clear. Reference 2088,2026-08-06 09:04:31.808874,the explanation of gaming was very clear reference 2088,0.0,0,1,0,0.0
C2089,U140,I191,I think this could be improved. Reference 2089,2026-07-24 10:40:31.808888,i think this could be improved reference 2089,0.0,0,1,0,0.0
C2090,U155,I192,The explanation of technology was very clear. Reference 2090,2026-07-21 03:55:31.808901,the explanation of technology was very clear reference 2090,0.0,0,1,0,0.0
C2091,U945,I371,Thanks for sharing this information. Reference 2091,2026-06-05 13:03:31.808915,thanks for sharing this information reference 2091,0.0,0,1,0,0.0
C2092,U898,I168,I learned something useful about movies here. Reference 2092,2026-07-13 22:18:31.808928,i learned something useful about movies here reference 2092,0.0,0,1,0,0.0
C2093,U659,I402,I really enjoyed this post about fashion. Reference 2093,2026-06-13 20:18:31.808942,i really enjoyed this post about fashion reference 2093,0.0,0,1,0,0.0
C2094,U832,I147,I really enjoyed this post about sports. Reference 2094,2026-06-06 02:59:31.808956,i really enjoyed this post about sports reference 2094,0.0,0,1,0,0.0
C2095,U339,I175,The explanation of sports was very clear. Reference 2095,2026-06-23 17:50:31.808970,the explanation of sports was very clear reference 2095,0.0,0,1,0,0.0
C2096,U55,I464,The explanation of sports was very clear. Reference 2096,2026-06-17 11:38:31.808984,the explanation of sports was very clear reference 2096,0.0,0,1,0,0.0
C2097,U893,I195,This was a surprisingly interesting post. Reference 2097,2026-07-26 03:01:31.808998,this was a surprisingly interesting post reference 2097,0.0,0,1,0,0.0
C2098,U452,I322,I really enjoyed this post about gaming. Reference 2098,2026-06-28 01:58:31.809011,i really enjoyed this post about gaming reference 2098,0.0,0,1,0,0.0
C2099,U71,I488,The explanation of technology was very clear. Reference 2099,2026-06-15 02:11:31.809025,the explanation of technology was very clear reference 2099,0.0,0,1,0,0.0
C2100,U144,I480,The explanation of education was very clear. Reference 2100,2026-08-03 11:31:31.809038,the explanation of education was very clear reference 2100,0.0,0,1,0,0.0
C2101,U177,I303,This was a surprisingly interesting post. Reference 2101,2026-07-21 07:45:31.809052,this was a surprisingly interesting post reference 2101,0.0,0,1,0,0.0
C2102,U519,I40,The information presented here is useful. Reference 2102,2026-07-14 11:34:31.809067,the information presented here is useful reference 2102,0.0,0,1,0,0.0
C2103,U168,I369,The explanation of sports was very clear. Reference 2103,2026-07-04 05:42:31.809082,the explanation of sports was very clear reference 2103,0.0,0,1,0,0.0
C2104,U180,I310,The explanation of movies was very clear. Reference 2104,2026-07-16 20:37:31.809096,the explanation of movies was very clear reference 2104,0.0,0,1,0,0.0
C2105,U590,I229,The explanation of movies was very clear. Reference 2105,2026-06-29 00:50:31.809110,the explanation of movies was very clear reference 2105,0.0,0,1,0,0.0
C2106,U81,I486,This is worth discussing further. Reference 2106,2026-07-08 10:50:31.809124,this is worth discussing further reference 2106,0.0,0,1,0,0.0
C2107,U171,I241,I think this could be improved. Reference 2107,2026-06-26 20:09:31.809137,i think this could be improved reference 2107,0.0,0,1,0,0.0
C2108,U624,I376,Best deal available now,2026-06-28 23:02:31.809151,best deal available now,0.5,1,52,1,72.50000000000001
C2109,U20,I390,The information presented here is useful. Reference 2109,2026-08-04 06:09:31.809165,the information presented here is useful reference 2109,0.0,0,1,0,0.0
C2110,U777,I464,I have a different opinion about education. Reference 2110,2026-06-22 12:15:31.809181,i have a different opinion about education reference 2110,0.0,0,1,0,0.0
C2111,U744,I89,I have a different opinion about fashion. Reference 2111,2026-06-30 15:07:31.809194,i have a different opinion about fashion reference 2111,0.0,0,1,0,0.0
C2112,U313,I232,I have a different opinion about fashion. Reference 2112,2026-06-21 15:57:31.809208,i have a different opinion about fashion reference 2112,0.0,0,1,0,0.0
C2113,U620,I246,This is an interesting perspective on music. Reference 2113,2026-07-30 09:27:31.809224,this is an interesting perspective on music reference 2113,0.0,0,1,0,0.0
C2114,U732,I240,The explanation of education was very clear. Reference 2114,2026-07-25 13:44:31.809237,the explanation of education was very clear reference 2114,0.0,0,1,0,0.0
C2115,U4,I6,This was a surprisingly interesting post. Reference 2115,2026-06-28 02:23:31.809251,this was a surprisingly interesting post reference 2115,0.0,0,1,0,0.0
C2116,U414,I473,You must buy this product,2026-06-05 06:38:31.809264,you must buy this product,0.0,0,51,1,45.0
C2117,U382,I196,I think this could be improved. Reference 2117,2026-06-14 11:35:31.809280,i think this could be improved reference 2117,0.0,0,1,0,0.0
C2118,U602,I36,The information presented here is useful. Reference 2118,2026-07-31 12:03:31.809293,the information presented here is useful reference 2118,0.0,0,1,0,0.0
C2119,U394,I477,Thanks for sharing this information. Reference 2119,2026-07-25 03:41:31.809307,thanks for sharing this information reference 2119,0.0,0,1,0,0.0
C2120,U781,I223,I have a different opinion about music. Reference 2120,2026-06-26 10:43:31.809321,i have a different opinion about music reference 2120,0.0,0,1,0,0.0
C2121,U726,I250,This is worth discussing further. Reference 2121,2026-06-13 14:03:31.809335,this is worth discussing further reference 2121,0.0,0,1,0,0.0
C2122,U394,I474,The information presented here is useful. Reference 2122,2026-07-20 18:33:31.809348,the information presented here is useful reference 2122,0.0,0,1,0,0.0
C2123,U489,I17,This is worth discussing further. Reference 2123,2026-06-09 08:20:31.809362,this is worth discussing further reference 2123,0.0,0,1,0,0.0
C2124,U681,I330,I learned something useful about movies here. Reference 2124,2026-06-17 17:23:31.809376,i learned something useful about movies here reference 2124,0.0,0,1,0,0.0
C2125,U466,I483,I learned something useful about movies here. Reference 2125,2026-07-20 07:29:31.809390,i learned something useful about movies here reference 2125,0.0,0,1,0,0.0
C2126,U616,I296,I learned something useful about technology here. Reference 2126,2026-08-01 04:58:31.809404,i learned something useful about technology here reference 2126,0.0,0,1,0,0.0
C2127,U789,I47,The information presented here is useful. Reference 2127,2026-06-08 13:33:31.809417,the information presented here is useful reference 2127,0.0,0,1,0,0.0
C2128,U600,I498,This is an interesting perspective on sports. Reference 2128,2026-07-04 08:02:31.809431,this is an interesting perspective on sports reference 2128,0.0,0,1,0,0.0
C2129,U169,I424,The information presented here is useful. Reference 2129,2026-06-09 20:38:31.809445,the information presented here is useful reference 2129,0.0,0,1,0,0.0
C2130,U309,I256,This was a surprisingly interesting post. Reference 2130,2026-06-19 11:40:31.809458,this was a surprisingly interesting post reference 2130,0.0,0,1,0,0.0
C2131,U315,I375,The information presented here is useful. Reference 2131,2026-08-01 21:16:31.809474,the information presented here is useful reference 2131,0.0,0,1,0,0.0
C2132,U651,I293,This is worth discussing further. Reference 2132,2026-07-18 08:17:31.809487,this is worth discussing further reference 2132,0.0,0,1,0,0.0
C2133,U766,I107,You must buy this product,2026-08-11 05:57:31.809501,you must buy this product,0.0,0,51,1,45.0
C2134,U172,I417,I think this could be improved. Reference 2134,2026-08-03 00:21:31.809514,i think this could be improved reference 2134,0.0,0,1,0,0.0
C2135,U71,I396,Best deal available now,2026-06-13 06:09:31.809530,best deal available now,0.5,1,52,1,72.50000000000001
C2136,U295,I375,The information presented here is useful. Reference 2136,2026-07-26 18:37:31.809543,the information presented here is useful reference 2136,0.0,0,1,0,0.0
C2137,U383,I95,I learned something useful about sports here. Reference 2137,2026-06-28 13:16:31.809556,i learned something useful about sports here reference 2137,0.0,0,1,0,0.0
C2138,U186,I257,Click here for amazing deals,2026-06-21 05:09:31.809570,click here for amazing deals,0.5,1,53,1,72.50000000000001
C2139,U833,I108,I learned something useful about sports here. Reference 2139,2026-08-06 11:08:31.809584,i learned something useful about sports here reference 2139,0.0,0,1,0,0.0
C2140,U767,I93,The explanation of movies was very clear. Reference 2140,2026-07-05 14:57:31.809597,the explanation of movies was very clear reference 2140,0.0,0,1,0,0.0
C2141,U451,I320,Thanks for sharing this information. Reference 2141,2026-06-14 21:40:31.809611,thanks for sharing this information reference 2141,0.0,0,1,0,0.0
C2142,U170,I40,I have a different opinion about gaming. Reference 2142,2026-07-08 10:49:31.809627,i have a different opinion about gaming reference 2142,0.0,0,1,0,0.0
C2143,U127,I141,This is an interesting perspective on music. Reference 2143,2026-08-09 03:10:31.809641,this is an interesting perspective on music reference 2143,0.0,0,1,0,0.0
C2144,U599,I120,I think this could be improved. Reference 2144,2026-06-11 14:13:31.809659,i think this could be improved reference 2144,0.0,0,1,0,0.0
C2145,U778,I51,I really enjoyed this post about technology. Reference 2145,2026-07-18 14:43:31.809676,i really enjoyed this post about technology reference 2145,0.0,0,1,0,0.0
C2146,U769,I489,I really enjoyed this post about technology. Reference 2146,2026-08-03 00:25:31.809690,i really enjoyed this post about technology reference 2146,0.0,0,1,0,0.0
C2147,U216,I267,Best deal available now,2026-06-17 22:44:31.809704,best deal available now,0.5,1,52,1,72.50000000000001
C2148,U532,I492,I have a different opinion about food. Reference 2148,2026-06-29 18:11:31.809718,i have a different opinion about food reference 2148,0.0,0,1,0,0.0
C2149,U775,I172,Thanks for sharing this information. Reference 2149,2026-07-12 04:46:31.809731,thanks for sharing this information reference 2149,0.0,0,1,0,0.0
C2150,U379,I349,This is worth discussing further. Reference 2150,2026-07-21 00:34:31.809745,this is worth discussing further reference 2150,0.0,0,1,0,0.0
C2151,U963,I184,The information presented here is useful. Reference 2151,2026-06-17 05:39:31.809758,the information presented here is useful reference 2151,0.0,0,1,0,0.0
C2152,U58,I499,This is worth discussing further. Reference 2152,2026-08-02 17:08:31.809772,this is worth discussing further reference 2152,0.0,0,1,0,0.0
C2153,U3,I233,The information presented here is useful. Reference 2153,2026-08-09 11:53:31.809786,the information presented here is useful reference 2153,0.0,0,1,0,0.0
C2154,U616,I62,This was a surprisingly interesting post. Reference 2154,2026-06-09 04:24:31.809799,this was a surprisingly interesting post reference 2154,0.0,0,1,0,0.0
C2155,U769,I417,The explanation of music was very clear. Reference 2155,2026-07-01 16:45:31.809812,the explanation of music was very clear reference 2155,0.0,0,1,0,0.0
C2156,U633,I351,I think this could be improved. Reference 2156,2026-06-12 17:41:31.809826,i think this could be improved reference 2156,0.0,0,1,0,0.0
C2157,U192,I1,This is worth discussing further. Reference 2157,2026-06-15 03:28:31.809840,this is worth discussing further reference 2157,0.0,0,1,0,0.0
C2158,U368,I447,I really enjoyed this post about music. Reference 2158,2026-06-11 03:01:31.809854,i really enjoyed this post about music reference 2158,0.0,0,1,0,0.0
C2159,U454,I119,Thanks for sharing this information. Reference 2159,2026-07-06 09:48:31.809869,thanks for sharing this information reference 2159,0.0,0,1,0,0.0
C2160,U756,I313,Amazing product buy now,2026-07-03 21:11:31.809882,amazing product buy now,1.0,1,69,1,100.0
C2161,U961,I476,I think this could be improved. Reference 2161,2026-06-05 23:55:31.809896,i think this could be improved reference 2161,0.0,0,1,0,0.0
C2162,U394,I150,Thanks for sharing this information. Reference 2162,2026-06-08 00:43:31.809910,thanks for sharing this information reference 2162,0.0,0,1,0,0.0
C2163,U146,I445,This was a surprisingly interesting post. Reference 2163,2026-07-31 04:39:31.809924,this was a surprisingly interesting post reference 2163,0.0,0,1,0,0.0
C2164,U509,I407,This is an interesting perspective on movies. Reference 2164,2026-06-11 13:39:31.809937,this is an interesting perspective on movies reference 2164,0.0,0,1,0,0.0
C2165,U561,I447,I think this could be improved. Reference 2165,2026-07-02 05:03:31.809951,i think this could be improved reference 2165,0.0,0,1,0,0.0
C2166,U977,I59,I think this could be improved. Reference 2166,2026-07-20 16:21:31.809965,i think this could be improved reference 2166,0.0,0,1,0,0.0
C2167,U216,I87,This is an interesting perspective on gaming. Reference 2167,2026-07-03 05:56:31.809981,this is an interesting perspective on gaming reference 2167,0.0,0,1,0,0.0
C2168,U732,I14,I learned something useful about music here. Reference 2168,2026-07-07 22:14:31.809995,i learned something useful about music here reference 2168,0.0,0,1,0,0.0
C2169,U784,I143,The explanation of movies was very clear. Reference 2169,2026-06-12 05:13:31.810009,the explanation of movies was very clear reference 2169,0.0,0,1,0,0.0
C2170,U487,I487,This is an interesting perspective on education. Reference 2170,2026-06-24 04:15:31.810023,this is an interesting perspective on education reference 2170,0.0,0,1,0,0.0
C2171,U648,I371,I think this could be improved. Reference 2171,2026-06-09 20:45:31.810037,i think this could be improved reference 2171,0.0,0,1,0,0.0
C2172,U340,I446,The explanation of gaming was very clear. Reference 2172,2026-06-14 05:10:31.810052,the explanation of gaming was very clear reference 2172,0.0,0,1,0,0.0
C2173,U351,I193,The information presented here is useful. Reference 2173,2026-07-21 14:11:31.810070,the information presented here is useful reference 2173,0.0,0,1,0,0.0
C2174,U228,I132,This is an interesting perspective on movies. Reference 2174,2026-08-03 20:26:31.810086,this is an interesting perspective on movies reference 2174,0.0,0,1,0,0.0
C2175,U114,I45,This is worth discussing further. Reference 2175,2026-06-05 01:20:31.810100,this is worth discussing further reference 2175,0.0,0,1,0,0.0
C2176,U964,I59,Thanks for sharing this information. Reference 2176,2026-07-31 05:38:31.810113,thanks for sharing this information reference 2176,0.0,0,1,0,0.0
C2177,U873,I160,The information presented here is useful. Reference 2177,2026-07-14 13:01:31.810127,the information presented here is useful reference 2177,0.0,0,1,0,0.0
C2178,U63,I302,This was a surprisingly interesting post. Reference 2178,2026-07-07 12:03:31.810140,this was a surprisingly interesting post reference 2178,0.0,0,1,0,0.0
C2179,U433,I163,This is worth discussing further. Reference 2179,2026-06-25 12:34:31.810154,this is worth discussing further reference 2179,0.0,0,1,0,0.0
C2180,U679,I308,Thanks for sharing this information. Reference 2180,2026-08-02 03:08:31.810168,thanks for sharing this information reference 2180,0.0,0,1,0,0.0
C2181,U404,I4,This was a surprisingly interesting post. Reference 2181,2026-07-14 01:49:31.810181,this was a surprisingly interesting post reference 2181,0.0,0,1,0,0.0
C2182,U148,I417,I have a different opinion about sports. Reference 2182,2026-06-27 08:04:31.810195,i have a different opinion about sports reference 2182,0.0,0,1,0,0.0
C2183,U696,I233,I learned something useful about movies here. Reference 2183,2026-07-29 13:19:31.810208,i learned something useful about movies here reference 2183,0.0,0,1,0,0.0
C2184,U764,I340,I really enjoyed this post about music. Reference 2184,2026-07-14 17:11:31.810222,i really enjoyed this post about music reference 2184,0.0,0,1,0,0.0
C2185,U514,I352,This is an interesting perspective on movies. Reference 2185,2026-06-08 12:33:31.810236,this is an interesting perspective on movies reference 2185,0.0,0,1,0,0.0
C2186,U587,I244,The explanation of food was very clear. Reference 2186,2026-07-16 07:12:31.810250,the explanation of food was very clear reference 2186,0.0,0,1,0,0.0
C2187,U721,I494,The information presented here is useful. Reference 2187,2026-07-12 12:13:31.810264,the information presented here is useful reference 2187,0.0,0,1,0,0.0
C2188,U156,I423,The explanation of sports was very clear. Reference 2188,2026-06-09 01:55:31.810281,the explanation of sports was very clear reference 2188,0.0,0,1,0,0.0
C2189,U753,I26,I learned something useful about food here. Reference 2189,2026-06-06 14:57:31.810295,i learned something useful about food here reference 2189,0.0,0,1,0,0.0
C2190,U401,I153,I learned something useful about technology here. Reference 2190,2026-06-22 22:59:31.810309,i learned something useful about technology here reference 2190,0.0,0,1,0,0.0
C2191,U401,I172,The information presented here is useful. Reference 2191,2026-07-11 03:05:31.810323,the information presented here is useful reference 2191,0.0,0,1,0,0.0
C2192,U775,I200,The information presented here is useful. Reference 2192,2026-06-24 18:53:31.810336,the information presented here is useful reference 2192,0.0,0,1,0,0.0
C2193,U744,I144,I have a different opinion about sports. Reference 2193,2026-06-09 00:23:31.810350,i have a different opinion about sports reference 2193,0.0,0,1,0,0.0
C2194,U876,I280,The information presented here is useful. Reference 2194,2026-07-30 22:01:31.810363,the information presented here is useful reference 2194,0.0,0,1,0,0.0
C2195,U331,I385,Thanks for sharing this information. Reference 2195,2026-06-08 05:51:31.810377,thanks for sharing this information reference 2195,0.0,0,1,0,0.0
C2196,U311,I234,I learned something useful about education here. Reference 2196,2026-07-02 14:40:31.810391,i learned something useful about education here reference 2196,0.0,0,1,0,0.0
C2197,U712,I247,I have a different opinion about education. Reference 2197,2026-07-23 17:44:31.810405,i have a different opinion about education reference 2197,0.0,0,1,0,0.0
C2198,U223,I411,The explanation of technology was very clear. Reference 2198,2026-07-09 20:41:31.810421,the explanation of technology was very clear reference 2198,0.0,0,1,0,0.0
C2199,U743,I438,Thanks for sharing this information. Reference 2199,2026-06-11 02:10:31.810434,thanks for sharing this information reference 2199,0.0,0,1,0,0.0
C2200,U804,I439,I learned something useful about fashion here. Reference 2200,2026-07-03 22:56:31.810448,i learned something useful about fashion here reference 2200,0.0,0,1,0,0.0
C2201,U695,I430,I learned something useful about technology here. Reference 2201,2026-08-03 02:09:31.810464,i learned something useful about technology here reference 2201,0.0,0,1,0,0.0
C2202,U364,I498,I think this could be improved. Reference 2202,2026-08-07 01:21:31.810478,i think this could be improved reference 2202,0.0,0,1,0,0.0
C2203,U120,I263,This is worth discussing further. Reference 2203,2026-07-29 07:25:31.810492,this is worth discussing further reference 2203,0.0,0,1,0,0.0
C2204,U642,I369,The information presented here is useful. Reference 2204,2026-08-08 17:43:31.810505,the information presented here is useful reference 2204,0.0,0,1,0,0.0
C2205,U121,I123,The information presented here is useful. Reference 2205,2026-07-15 06:44:31.810519,the information presented here is useful reference 2205,0.0,0,1,0,0.0
C2206,U704,I305,I learned something useful about fashion here. Reference 2206,2026-06-09 20:44:31.810532,i learned something useful about fashion here reference 2206,0.0,0,1,0,0.0
C2207,U814,I343,This is an interesting perspective on food. Reference 2207,2026-06-13 15:21:31.810546,this is an interesting perspective on food reference 2207,0.0,0,1,0,0.0
C2208,U391,I140,I think this could be improved. Reference 2208,2026-08-10 18:38:31.810560,i think this could be improved reference 2208,0.0,0,1,0,0.0
C2209,U122,I59,This is an interesting perspective on gaming. Reference 2209,2026-06-28 07:16:31.810574,this is an interesting perspective on gaming reference 2209,0.0,0,1,0,0.0
C2210,U656,I342,This was a surprisingly interesting post. Reference 2210,2026-08-09 17:40:31.810587,this was a surprisingly interesting post reference 2210,0.0,0,1,0,0.0
C2211,U600,I293,Thanks for sharing this information. Reference 2211,2026-07-17 22:01:31.810601,thanks for sharing this information reference 2211,0.0,0,1,0,0.0
C2212,U710,I381,This is an interesting perspective on education. Reference 2212,2026-07-07 21:12:31.810615,this is an interesting perspective on education reference 2212,0.0,0,1,0,0.0
C2213,U495,I330,The information presented here is useful. Reference 2213,2026-06-20 19:41:31.810629,the information presented here is useful reference 2213,0.0,0,1,0,0.0
C2214,U128,I50,This is worth discussing further. Reference 2214,2026-06-07 20:43:31.810642,this is worth discussing further reference 2214,0.0,0,1,0,0.0
C2215,U930,I441,This was a surprisingly interesting post. Reference 2215,2026-07-05 22:31:31.810656,this was a surprisingly interesting post reference 2215,0.0,0,1,0,0.0
C2216,U832,I358,I really enjoyed this post about fashion. Reference 2216,2026-06-22 05:15:31.810671,i really enjoyed this post about fashion reference 2216,0.0,0,1,0,0.0
C2217,U837,I274,This was a surprisingly interesting post. Reference 2217,2026-08-06 00:19:31.810685,this was a surprisingly interesting post reference 2217,0.0,0,1,0,0.0
C2218,U531,I428,Best product ever buy now,2026-06-04 05:55:31.810699,best product ever buy now,0.5,1,75,1,72.50000000000001
C2219,U771,I106,This is an interesting perspective on education. Reference 2219,2026-06-18 07:13:31.810713,this is an interesting perspective on education reference 2219,0.0,0,1,0,0.0
C2220,U711,I92,I really enjoyed this post about food. Reference 2220,2026-07-14 05:23:31.810727,i really enjoyed this post about food reference 2220,0.0,0,1,0,0.0
C2221,U125,I20,I learned something useful about sports here. Reference 2221,2026-06-13 10:16:31.810741,i learned something useful about sports here reference 2221,0.0,0,1,0,0.0
C2222,U165,I44,This was a surprisingly interesting post. Reference 2222,2026-06-04 06:52:31.810754,this was a surprisingly interesting post reference 2222,0.0,0,1,0,0.0
C2223,U35,I43,This is an interesting perspective on movies. Reference 2223,2026-07-09 17:46:31.810768,this is an interesting perspective on movies reference 2223,0.0,0,1,0,0.0
C2224,U989,I278,I learned something useful about fashion here. Reference 2224,2026-06-12 22:12:31.810782,i learned something useful about fashion here reference 2224,0.0,0,1,0,0.0
C2225,U0,I127,I have a different opinion about technology. Reference 2225,2026-06-25 13:14:31.810796,i have a different opinion about technology reference 2225,0.0,0,1,0,0.0
C2226,U926,I400,I have a different opinion about food. Reference 2226,2026-07-30 02:27:31.810810,i have a different opinion about food reference 2226,0.0,0,1,0,0.0
C2227,U590,I251,This is worth discussing further. Reference 2227,2026-06-17 15:46:31.810917,this is worth discussing further reference 2227,0.0,0,1,0,0.0
C2228,U551,I261,The explanation of gaming was very clear. Reference 2228,2026-06-12 12:28:31.810934,the explanation of gaming was very clear reference 2228,0.0,0,1,0,0.0
C2229,U839,I22,The explanation of technology was very clear. Reference 2229,2026-07-25 17:07:31.810951,the explanation of technology was very clear reference 2229,0.0,0,1,0,0.0
C2230,U145,I153,The explanation of education was very clear. Reference 2230,2026-06-18 00:34:31.810969,the explanation of education was very clear reference 2230,0.0,0,1,0,0.0
C2231,U565,I110,Thanks for sharing this information. Reference 2231,2026-07-17 14:00:31.810983,thanks for sharing this information reference 2231,0.0,0,1,0,0.0
C2232,U131,I373,Thanks for sharing this information. Reference 2232,2026-08-05 01:32:31.810997,thanks for sharing this information reference 2232,0.0,0,1,0,0.0
C2233,U563,I130,Best deal available now,2026-06-13 16:32:31.811011,best deal available now,0.5,1,52,1,72.50000000000001
C2234,U925,I83,The information presented here is useful. Reference 2234,2026-08-04 06:06:31.811025,the information presented here is useful reference 2234,0.0,0,1,0,0.0
C2235,U967,I130,The information presented here is useful. Reference 2235,2026-06-24 01:16:31.811038,the information presented here is useful reference 2235,0.0,0,1,0,0.0
C2236,U208,I36,I have a different opinion about sports. Reference 2236,2026-06-07 19:15:31.811052,i have a different opinion about sports reference 2236,0.0,0,1,0,0.0
C2237,U381,I288,This was a surprisingly interesting post. Reference 2237,2026-07-04 15:09:31.811066,this was a surprisingly interesting post reference 2237,0.0,0,1,0,0.0
C2238,U841,I78,This is worth discussing further. Reference 2238,2026-07-08 08:10:31.811082,this is worth discussing further reference 2238,0.0,0,1,0,0.0
C2239,U26,I493,Thanks for sharing this information. Reference 2239,2026-08-04 18:37:31.811095,thanks for sharing this information reference 2239,0.0,0,1,0,0.0
C2240,U276,I63,This was a surprisingly interesting post. Reference 2240,2026-06-10 13:48:31.811109,this was a surprisingly interesting post reference 2240,0.0,0,1,0,0.0
C2241,U561,I208,This is an interesting perspective on music. Reference 2241,2026-06-14 13:29:31.811122,this is an interesting perspective on music reference 2241,0.0,0,1,0,0.0
C2242,U91,I185,This is worth discussing further. Reference 2242,2026-07-29 12:19:31.811136,this is worth discussing further reference 2242,0.0,0,1,0,0.0
C2243,U889,I408,The explanation of movies was very clear. Reference 2243,2026-08-10 22:26:31.811150,the explanation of movies was very clear reference 2243,0.0,0,1,0,0.0
C2244,U100,I193,The explanation of fashion was very clear. Reference 2244,2026-08-02 06:36:31.811166,the explanation of fashion was very clear reference 2244,0.0,0,1,0,0.0
C2245,U801,I473,This is an interesting perspective on education. Reference 2245,2026-06-24 21:52:31.811179,this is an interesting perspective on education reference 2245,0.0,0,1,0,0.0
C2246,U745,I448,I have a different opinion about food. Reference 2246,2026-08-03 03:16:31.811193,i have a different opinion about food reference 2246,0.0,0,1,0,0.0
C2247,U541,I178,Thanks for sharing this information. Reference 2247,2026-06-22 15:07:31.811209,thanks for sharing this information reference 2247,0.0,0,1,0,0.0
C2248,U277,I311,This is an interesting perspective on technology. Reference 2248,2026-07-27 06:58:31.811223,this is an interesting perspective on technology reference 2248,0.0,0,1,0,0.0
C2249,U325,I484,The information presented here is useful. Reference 2249,2026-07-11 09:56:31.811236,the information presented here is useful reference 2249,0.0,0,1,0,0.0
C2250,U825,I379,This was a surprisingly interesting post. Reference 2250,2026-06-29 10:15:31.811250,this was a surprisingly interesting post reference 2250,0.0,0,1,0,0.0
C2251,U606,I65,I have a different opinion about technology. Reference 2251,2026-06-10 07:57:31.811264,i have a different opinion about technology reference 2251,0.0,0,1,0,0.0
C2252,U525,I365,I learned something useful about education here. Reference 2252,2026-07-29 20:18:31.811278,i learned something useful about education here reference 2252,0.0,0,1,0,0.0
C2253,U387,I290,I have a different opinion about technology. Reference 2253,2026-06-06 19:16:31.811292,i have a different opinion about technology reference 2253,0.0,0,1,0,0.0
C2254,U654,I498,This is worth discussing further. Reference 2254,2026-06-11 02:23:31.811305,this is worth discussing further reference 2254,0.0,0,1,0,0.0
C2255,U623,I214,I think this could be improved. Reference 2255,2026-07-02 21:03:31.811319,i think this could be improved reference 2255,0.0,0,1,0,0.0
C2256,U362,I408,I think this could be improved. Reference 2256,2026-07-17 17:26:31.811332,i think this could be improved reference 2256,0.0,0,1,0,0.0
C2257,U975,I219,This was a surprisingly interesting post. Reference 2257,2026-07-15 01:17:31.811346,this was a surprisingly interesting post reference 2257,0.0,0,1,0,0.0
C2258,U650,I439,This is an interesting perspective on movies. Reference 2258,2026-07-05 19:56:31.811362,this is an interesting perspective on movies reference 2258,0.0,0,1,0,0.0
C2259,U789,I160,This is an interesting perspective on gaming. Reference 2259,2026-08-04 20:26:31.811377,this is an interesting perspective on gaming reference 2259,0.0,0,1,0,0.0
C2260,U747,I122,This is an interesting perspective on education. Reference 2260,2026-06-20 11:11:31.811391,this is an interesting perspective on education reference 2260,0.0,0,1,0,0.0
C2261,U58,I43,I have a different opinion about food. Reference 2261,2026-08-10 20:37:31.811405,i have a different opinion about food reference 2261,0.0,0,1,0,0.0
C2262,U985,I485,The information presented here is useful. Reference 2262,2026-06-29 04:09:31.811421,the information presented here is useful reference 2262,0.0,0,1,0,0.0
C2263,U509,I263,This was a surprisingly interesting post. Reference 2263,2026-07-05 22:13:31.811435,this was a surprisingly interesting post reference 2263,0.0,0,1,0,0.0
C2264,U14,I315,The explanation of technology was very clear. Reference 2264,2026-06-07 19:52:31.811448,the explanation of technology was very clear reference 2264,0.0,0,1,0,0.0
C2265,U435,I359,This was a surprisingly interesting post. Reference 2265,2026-07-20 14:27:31.811461,this was a surprisingly interesting post reference 2265,0.0,0,1,0,0.0
C2266,U756,I338,This was a surprisingly interesting post. Reference 2266,2026-06-17 13:09:31.811476,this was a surprisingly interesting post reference 2266,0.0,0,1,0,0.0
C2267,U459,I493,I learned something useful about sports here. Reference 2267,2026-07-26 22:05:31.811490,i learned something useful about sports here reference 2267,0.0,0,1,0,0.0
C2268,U76,I187,I learned something useful about music here. Reference 2268,2026-08-07 04:46:31.811504,i learned something useful about music here reference 2268,0.0,0,1,0,0.0
C2269,U432,I253,The information presented here is useful. Reference 2269,2026-07-08 20:31:31.811517,the information presented here is useful reference 2269,0.0,0,1,0,0.0
C2270,U993,I57,This is worth discussing further. Reference 2270,2026-06-23 18:15:31.811531,this is worth discussing further reference 2270,0.0,0,1,0,0.0
C2271,U871,I392,This is an interesting perspective on movies. Reference 2271,2026-07-15 14:25:31.811544,this is an interesting perspective on movies reference 2271,0.0,0,1,0,0.0
C2272,U494,I150,I have a different opinion about sports. Reference 2272,2026-08-11 15:06:31.811560,i have a different opinion about sports reference 2272,0.0,0,1,0,0.0
C2273,U755,I323,Thanks for sharing this information. Reference 2273,2026-07-23 00:55:31.811574,thanks for sharing this information reference 2273,0.0,0,1,0,0.0
C2274,U945,I156,Best deal available now,2026-06-30 16:25:31.811588,best deal available now,0.5,1,52,1,72.50000000000001
C2275,U913,I316,I think this could be improved. Reference 2275,2026-07-10 10:50:31.811602,i think this could be improved reference 2275,0.0,0,1,0,0.0
C2276,U6,I315,I think this could be improved. Reference 2276,2026-07-15 16:13:31.811615,i think this could be improved reference 2276,0.0,0,1,0,0.0
C2277,U362,I54,I really enjoyed this post about music. Reference 2277,2026-06-07 01:48:31.811629,i really enjoyed this post about music reference 2277,0.0,0,1,0,0.0
C2278,U190,I205,This is worth discussing further. Reference 2278,2026-08-02 14:36:31.811643,this is worth discussing further reference 2278,0.0,0,1,0,0.0
C2279,U441,I251,The explanation of gaming was very clear. Reference 2279,2026-06-24 16:09:31.811663,the explanation of gaming was very clear reference 2279,0.0,0,1,0,0.0
C2280,U526,I460,I learned something useful about fashion here. Reference 2280,2026-07-31 13:26:31.811677,i learned something useful about fashion here reference 2280,0.0,0,1,0,0.0
C2281,U935,I249,I really enjoyed this post about education. Reference 2281,2026-06-13 01:32:31.811691,i really enjoyed this post about education reference 2281,0.0,0,1,0,0.0
C2282,U256,I115,I think this could be improved. Reference 2282,2026-07-08 18:17:31.811704,i think this could be improved reference 2282,0.0,0,1,0,0.0
C2283,U306,I186,The information presented here is useful. Reference 2283,2026-06-24 00:08:31.811717,the information presented here is useful reference 2283,0.0,0,1,0,0.0
C2284,U831,I137,This is an interesting perspective on food. Reference 2284,2026-06-13 02:19:31.811731,this is an interesting perspective on food reference 2284,0.0,0,1,0,0.0
C2285,U859,I224,I learned something useful about education here. Reference 2285,2026-07-10 15:13:31.811747,i learned something useful about education here reference 2285,0.0,0,1,0,0.0
C2286,U765,I222,I really enjoyed this post about music. Reference 2286,2026-06-08 06:40:31.811765,i really enjoyed this post about music reference 2286,0.0,0,1,0,0.0
C2287,U203,I56,The explanation of movies was very clear. Reference 2287,2026-08-08 04:02:31.811779,the explanation of movies was very clear reference 2287,0.0,0,1,0,0.0
C2288,U136,I202,The information presented here is useful. Reference 2288,2026-08-08 22:56:31.811793,the information presented here is useful reference 2288,0.0,0,1,0,0.0
C2289,U164,I341,The explanation of food was very clear. Reference 2289,2026-06-12 06:44:31.811807,the explanation of food was very clear reference 2289,0.0,0,1,0,0.0
C2290,U272,I60,The information presented here is useful. Reference 2290,2026-06-22 18:13:31.811821,the information presented here is useful reference 2290,0.0,0,1,0,0.0
C2291,U507,I409,I learned something useful about music here. Reference 2291,2026-06-04 11:12:31.811835,i learned something useful about music here reference 2291,0.0,0,1,0,0.0
C2292,U782,I399,The information presented here is useful. Reference 2292,2026-07-30 20:53:31.811849,the information presented here is useful reference 2292,0.0,0,1,0,0.0
C2293,U112,I490,This is an interesting perspective on technology. Reference 2293,2026-07-31 08:27:31.811863,this is an interesting perspective on technology reference 2293,0.0,0,1,0,0.0
C2294,U159,I176,This was a surprisingly interesting post. Reference 2294,2026-06-10 12:48:31.811879,this was a surprisingly interesting post reference 2294,0.0,0,1,0,0.0
C2295,U242,I26,This is worth discussing further. Reference 2295,2026-06-18 11:37:31.811892,this is worth discussing further reference 2295,0.0,0,1,0,0.0
C2296,U755,I4,The information presented here is useful. Reference 2296,2026-07-16 11:38:31.811906,the information presented here is useful reference 2296,0.0,0,1,0,0.0
C2297,U288,I248,This is an interesting perspective on fashion. Reference 2297,2026-07-20 06:46:31.811920,this is an interesting perspective on fashion reference 2297,0.0,0,1,0,0.0
C2298,U632,I78,You must buy this product,2026-07-20 03:00:31.811933,you must buy this product,0.0,0,51,1,45.0
C2299,U287,I392,This is an interesting perspective on movies. Reference 2299,2026-06-09 00:43:31.811947,this is an interesting perspective on movies reference 2299,0.0,0,1,0,0.0
C2300,U253,I341,The information presented here is useful. Reference 2300,2026-06-29 16:44:31.811961,the information presented here is useful reference 2300,0.0,0,1,0,0.0
C2301,U723,I400,This is an interesting perspective on education. Reference 2301,2026-07-25 15:49:31.811977,this is an interesting perspective on education reference 2301,0.0,0,1,0,0.0
C2302,U875,I302,I learned something useful about sports here. Reference 2302,2026-07-31 20:49:31.811994,i learned something useful about sports here reference 2302,0.0,0,1,0,0.0
C2303,U135,I205,I really enjoyed this post about movies. Reference 2303,2026-07-25 08:09:31.812008,i really enjoyed this post about movies reference 2303,0.0,0,1,0,0.0
C2304,U951,I74,The information presented here is useful. Reference 2304,2026-06-16 17:17:31.812021,the information presented here is useful reference 2304,0.0,0,1,0,0.0
C2305,U204,I46,You must buy this product,2026-07-05 18:13:31.812036,you must buy this product,0.0,0,51,1,45.0
C2306,U537,I156,The explanation of sports was very clear. Reference 2306,2026-07-12 05:35:31.812050,the explanation of sports was very clear reference 2306,0.0,0,1,0,0.0
C2307,U436,I245,I really enjoyed this post about fashion. Reference 2307,2026-06-14 05:25:31.812063,i really enjoyed this post about fashion reference 2307,0.0,0,1,0,0.0
C2308,U52,I155,You must buy this product,2026-07-09 17:44:31.812077,you must buy this product,0.0,0,51,1,45.0
C2309,U287,I482,This is worth discussing further. Reference 2309,2026-07-20 08:28:31.812091,this is worth discussing further reference 2309,0.0,0,1,0,0.0
C2310,U327,I458,I really enjoyed this post about education. Reference 2310,2026-08-08 02:39:31.812104,i really enjoyed this post about education reference 2310,0.0,0,1,0,0.0
C2311,U0,I26,This is worth discussing further. Reference 2311,2026-07-16 20:41:31.812118,this is worth discussing further reference 2311,0.0,0,1,0,0.0
C2312,U483,I143,Thanks for sharing this information. Reference 2312,2026-07-03 14:39:31.812132,thanks for sharing this information reference 2312,0.0,0,1,0,0.0
C2313,U189,I129,I think this could be improved. Reference 2313,2026-07-12 09:43:31.812145,i think this could be improved reference 2313,0.0,0,1,0,0.0
C2314,U311,I57,This is an interesting perspective on technology. Reference 2314,2026-06-10 16:01:31.812161,this is an interesting perspective on technology reference 2314,0.0,0,1,0,0.0
C2315,U565,I394,I learned something useful about music here. Reference 2315,2026-07-10 00:18:31.812175,i learned something useful about music here reference 2315,0.0,0,1,0,0.0
C2316,U759,I414,This is worth discussing further. Reference 2316,2026-07-21 03:30:31.812189,this is worth discussing further reference 2316,0.0,0,1,0,0.0
C2317,U665,I141,The explanation of fashion was very clear. Reference 2317,2026-08-03 21:25:31.812203,the explanation of fashion was very clear reference 2317,0.0,0,1,0,0.0
C2318,U908,I54,I learned something useful about gaming here. Reference 2318,2026-08-08 02:19:31.812217,i learned something useful about gaming here reference 2318,0.0,0,1,0,0.0
C2319,U600,I495,The explanation of sports was very clear. Reference 2319,2026-06-08 16:37:31.812231,the explanation of sports was very clear reference 2319,0.0,0,1,0,0.0
C2320,U456,I473,This is an interesting perspective on gaming. Reference 2320,2026-06-23 01:57:31.812244,this is an interesting perspective on gaming reference 2320,0.0,0,1,0,0.0
C2321,U633,I175,I have a different opinion about food. Reference 2321,2026-06-03 13:34:31.812258,i have a different opinion about food reference 2321,0.0,0,1,0,0.0
C2322,U206,I273,I learned something useful about technology here. Reference 2322,2026-07-31 04:43:31.812273,i learned something useful about technology here reference 2322,0.0,0,1,0,0.0
C2323,U196,I214,This was a surprisingly interesting post. Reference 2323,2026-06-03 17:08:31.812286,this was a surprisingly interesting post reference 2323,0.0,0,1,0,0.0
C2324,U873,I433,This was a surprisingly interesting post. Reference 2324,2026-07-09 12:25:31.812300,this was a surprisingly interesting post reference 2324,0.0,0,1,0,0.0
C2325,U459,I322,This is an interesting perspective on fashion. Reference 2325,2026-08-05 16:04:31.812315,this is an interesting perspective on fashion reference 2325,0.0,0,1,0,0.0
C2326,U494,I214,This was a surprisingly interesting post. Reference 2326,2026-07-27 15:18:31.812329,this was a surprisingly interesting post reference 2326,0.0,0,1,0,0.0
C2327,U613,I140,I learned something useful about movies here. Reference 2327,2026-08-07 16:42:31.812343,i learned something useful about movies here reference 2327,0.0,0,1,0,0.0
C2328,U978,I289,I really enjoyed this post about sports. Reference 2328,2026-06-05 09:51:31.812357,i really enjoyed this post about sports reference 2328,0.0,0,1,0,0.0
C2329,U834,I203,I think this could be improved. Reference 2329,2026-07-27 18:24:31.812373,i think this could be improved reference 2329,0.0,0,1,0,0.0
C2330,U448,I384,This was a surprisingly interesting post. Reference 2330,2026-06-21 15:11:31.812386,this was a surprisingly interesting post reference 2330,0.0,0,1,0,0.0
C2331,U798,I199,The information presented here is useful. Reference 2331,2026-07-23 23:56:31.812399,the information presented here is useful reference 2331,0.0,0,1,0,0.0
C2332,U188,I1,I learned something useful about sports here. Reference 2332,2026-06-18 22:29:31.812413,i learned something useful about sports here reference 2332,0.0,0,1,0,0.0
C2333,U713,I4,This was a surprisingly interesting post. Reference 2333,2026-06-26 23:22:31.812429,this was a surprisingly interesting post reference 2333,0.0,0,1,0,0.0
C2334,U724,I368,This was a surprisingly interesting post. Reference 2334,2026-07-15 05:10:31.812442,this was a surprisingly interesting post reference 2334,0.0,0,1,0,0.0
C2335,U872,I112,I have a different opinion about movies. Reference 2335,2026-06-22 13:47:31.812455,i have a different opinion about movies reference 2335,0.0,0,1,0,0.0
C2336,U121,I87,The explanation of technology was very clear. Reference 2336,2026-06-24 06:23:31.812469,the explanation of technology was very clear reference 2336,0.0,0,1,0,0.0
C2337,U243,I149,I really enjoyed this post about education. Reference 2337,2026-07-17 13:12:31.812483,i really enjoyed this post about education reference 2337,0.0,0,1,0,0.0
C2338,U949,I68,I have a different opinion about technology. Reference 2338,2026-06-14 08:36:31.812497,i have a different opinion about technology reference 2338,0.0,0,1,0,0.0
C2339,U254,I421,The explanation of gaming was very clear. Reference 2339,2026-08-11 16:55:31.812511,the explanation of gaming was very clear reference 2339,0.0,0,1,0,0.0
C2340,U664,I177,Thanks for sharing this information. Reference 2340,2026-07-13 06:58:31.812526,thanks for sharing this information reference 2340,0.0,0,1,0,0.0
C2341,U85,I484,Amazing product buy now,2026-06-07 02:34:31.812540,amazing product buy now,1.0,1,69,1,100.0
C2342,U136,I209,Thanks for sharing this information. Reference 2342,2026-07-13 06:48:31.812553,thanks for sharing this information reference 2342,0.0,0,1,0,0.0
C2343,U58,I320,Amazing product buy now,2026-07-22 20:57:31.812569,amazing product buy now,1.0,1,69,1,100.0
C2344,U748,I494,I have a different opinion about education. Reference 2344,2026-07-19 12:46:31.812583,i have a different opinion about education reference 2344,0.0,0,1,0,0.0
C2345,U994,I8,This was a surprisingly interesting post. Reference 2345,2026-06-07 01:26:31.812597,this was a surprisingly interesting post reference 2345,0.0,0,1,0,0.0
C2346,U763,I352,The information presented here is useful. Reference 2346,2026-06-15 19:57:31.812611,the information presented here is useful reference 2346,0.0,0,1,0,0.0
C2347,U649,I309,This was a surprisingly interesting post. Reference 2347,2026-07-02 14:00:31.812624,this was a surprisingly interesting post reference 2347,0.0,0,1,0,0.0
C2348,U225,I166,I have a different opinion about sports. Reference 2348,2026-06-19 21:19:31.812638,i have a different opinion about sports reference 2348,0.0,0,1,0,0.0
C2349,U644,I413,The information presented here is useful. Reference 2349,2026-07-02 05:33:31.812653,the information presented here is useful reference 2349,0.0,0,1,0,0.0
C2350,U237,I373,The information presented here is useful. Reference 2350,2026-07-29 07:56:31.812666,the information presented here is useful reference 2350,0.0,0,1,0,0.0
C2351,U923,I245,This is an interesting perspective on food. Reference 2351,2026-07-26 07:27:31.812680,this is an interesting perspective on food reference 2351,0.0,0,1,0,0.0
C2352,U470,I94,I learned something useful about sports here. Reference 2352,2026-06-20 23:32:31.812694,i learned something useful about sports here reference 2352,0.0,0,1,0,0.0
C2353,U502,I482,I learned something useful about movies here. Reference 2353,2026-08-09 22:00:31.812708,i learned something useful about movies here reference 2353,0.0,0,1,0,0.0
C2354,U317,I83,I learned something useful about fashion here. Reference 2354,2026-06-10 06:24:31.812722,i learned something useful about fashion here reference 2354,0.0,0,1,0,0.0
C2355,U622,I96,This is an interesting perspective on education. Reference 2355,2026-08-05 06:35:31.812735,this is an interesting perspective on education reference 2355,0.0,0,1,0,0.0
C2356,U436,I125,I think this could be improved. Reference 2356,2026-08-02 17:01:31.812749,i think this could be improved reference 2356,0.0,0,1,0,0.0
C2357,U741,I269,I learned something useful about technology here. Reference 2357,2026-06-17 22:04:31.812767,i learned something useful about technology here reference 2357,0.0,0,1,0,0.0
C2358,U102,I193,The information presented here is useful. Reference 2358,2026-08-01 19:36:31.812780,the information presented here is useful reference 2358,0.0,0,1,0,0.0
C2359,U846,I6,I really enjoyed this post about education. Reference 2359,2026-07-20 05:28:31.812794,i really enjoyed this post about education reference 2359,0.0,0,1,0,0.0
C2360,U788,I42,I have a different opinion about education. Reference 2360,2026-06-15 17:26:31.812808,i have a different opinion about education reference 2360,0.0,0,1,0,0.0
C2361,U614,I6,I really enjoyed this post about gaming. Reference 2361,2026-06-23 11:09:31.812822,i really enjoyed this post about gaming reference 2361,0.0,0,1,0,0.0
C2362,U753,I418,This is worth discussing further. Reference 2362,2026-07-24 10:00:31.812836,this is worth discussing further reference 2362,0.0,0,1,0,0.0
C2363,U142,I245,Thanks for sharing this information. Reference 2363,2026-07-27 23:35:31.812849,thanks for sharing this information reference 2363,0.0,0,1,0,0.0
C2364,U314,I169,I think this could be improved. Reference 2364,2026-07-20 15:22:31.812863,i think this could be improved reference 2364,0.0,0,1,0,0.0
C2365,U57,I278,I have a different opinion about gaming. Reference 2365,2026-08-09 21:39:31.812879,i have a different opinion about gaming reference 2365,0.0,0,1,0,0.0
C2366,U844,I22,This is an interesting perspective on movies. Reference 2366,2026-08-02 11:55:31.812893,this is an interesting perspective on movies reference 2366,0.0,0,1,0,0.0
C2367,U523,I453,The information presented here is useful. Reference 2367,2026-08-11 17:20:31.812906,the information presented here is useful reference 2367,0.0,0,1,0,0.0
C2368,U934,I114,I really enjoyed this post about sports. Reference 2368,2026-07-03 22:53:31.812920,i really enjoyed this post about sports reference 2368,0.0,0,1,0,0.0
C2369,U394,I75,Best product ever buy now,2026-07-22 06:31:31.812934,best product ever buy now,0.5,1,75,1,72.50000000000001
C2370,U943,I450,The information presented here is useful. Reference 2370,2026-06-28 01:35:31.812948,the information presented here is useful reference 2370,0.0,0,1,0,0.0
C2371,U173,I56,The explanation of gaming was very clear. Reference 2371,2026-07-17 04:21:31.812964,the explanation of gaming was very clear reference 2371,0.0,0,1,0,0.0
C2372,U365,I39,Thanks for sharing this information. Reference 2372,2026-08-01 01:26:31.812977,thanks for sharing this information reference 2372,0.0,0,1,0,0.0
C2373,U369,I472,This is an interesting perspective on technology. Reference 2373,2026-06-17 19:25:31.812991,this is an interesting perspective on technology reference 2373,0.0,0,1,0,0.0
C2374,U154,I91,The information presented here is useful. Reference 2374,2026-06-18 06:06:31.813005,the information presented here is useful reference 2374,0.0,0,1,0,0.0
C2375,U185,I347,The information presented here is useful. Reference 2375,2026-06-12 02:18:31.813018,the information presented here is useful reference 2375,0.0,0,1,0,0.0
C2376,U703,I154,Thanks for sharing this information. Reference 2376,2026-07-11 02:55:31.813032,thanks for sharing this information reference 2376,0.0,0,1,0,0.0
C2377,U896,I53,I have a different opinion about food. Reference 2377,2026-06-12 14:24:31.813045,i have a different opinion about food reference 2377,0.0,0,1,0,0.0
C2378,U377,I477,I have a different opinion about gaming. Reference 2378,2026-08-11 15:13:31.813059,i have a different opinion about gaming reference 2378,0.0,0,1,0,0.0
C2379,U882,I477,I learned something useful about education here. Reference 2379,2026-07-13 16:22:31.813073,i learned something useful about education here reference 2379,0.0,0,1,0,0.0
C2380,U151,I199,I think this could be improved. Reference 2380,2026-08-05 16:56:31.813087,i think this could be improved reference 2380,0.0,0,1,0,0.0
C2381,U115,I295,The information presented here is useful. Reference 2381,2026-07-29 15:57:31.813102,the information presented here is useful reference 2381,0.0,0,1,0,0.0
C2382,U92,I165,I learned something useful about education here. Reference 2382,2026-07-07 18:53:31.813116,i learned something useful about education here reference 2382,0.0,0,1,0,0.0
C2383,U361,I163,I think this could be improved. Reference 2383,2026-06-29 00:35:31.813130,i think this could be improved reference 2383,0.0,0,1,0,0.0
C2384,U710,I498,The information presented here is useful. Reference 2384,2026-07-30 06:02:31.813143,the information presented here is useful reference 2384,0.0,0,1,0,0.0
C2385,U821,I483,The explanation of fashion was very clear. Reference 2385,2026-07-04 17:24:31.813157,the explanation of fashion was very clear reference 2385,0.0,0,1,0,0.0
C2386,U562,I254,This was a surprisingly interesting post. Reference 2386,2026-06-24 08:46:31.813172,this was a surprisingly interesting post reference 2386,0.0,0,1,0,0.0
C2387,U549,I420,The explanation of fashion was very clear. Reference 2387,2026-08-04 05:19:31.813186,the explanation of fashion was very clear reference 2387,0.0,0,1,0,0.0
C2388,U594,I366,The information presented here is useful. Reference 2388,2026-06-08 20:03:31.813202,the information presented here is useful reference 2388,0.0,0,1,0,0.0
C2389,U89,I120,This is worth discussing further. Reference 2389,2026-07-24 07:54:31.813217,this is worth discussing further reference 2389,0.0,0,1,0,0.0
C2390,U871,I8,This is worth discussing further. Reference 2390,2026-07-30 16:08:31.813231,this is worth discussing further reference 2390,0.0,0,1,0,0.0
C2391,U943,I56,I really enjoyed this post about music. Reference 2391,2026-07-09 23:40:31.813245,i really enjoyed this post about music reference 2391,0.0,0,1,0,0.0
C2392,U869,I434,I learned something useful about movies here. Reference 2392,2026-06-30 22:14:31.813259,i learned something useful about movies here reference 2392,0.0,0,1,0,0.0
C2393,U147,I427,This was a surprisingly interesting post. Reference 2393,2026-07-20 18:14:31.813272,this was a surprisingly interesting post reference 2393,0.0,0,1,0,0.0
C2394,U215,I423,The explanation of technology was very clear. Reference 2394,2026-06-04 20:08:31.813286,the explanation of technology was very clear reference 2394,0.0,0,1,0,0.0
C2395,U141,I60,I learned something useful about fashion here. Reference 2395,2026-06-06 02:32:31.813300,i learned something useful about fashion here reference 2395,0.0,0,1,0,0.0
C2396,U26,I356,The information presented here is useful. Reference 2396,2026-08-06 21:50:31.813313,the information presented here is useful reference 2396,0.0,0,1,0,0.0
C2397,U718,I54,Thanks for sharing this information. Reference 2397,2026-06-29 10:20:31.813327,thanks for sharing this information reference 2397,0.0,0,1,0,0.0
C2398,U857,I304,I learned something useful about technology here. Reference 2398,2026-07-29 11:06:31.813341,i learned something useful about technology here reference 2398,0.0,0,1,0,0.0
C2399,U374,I72,This is an interesting perspective on sports. Reference 2399,2026-08-04 19:37:31.813356,this is an interesting perspective on sports reference 2399,0.0,0,1,0,0.0
C2400,U12,I291,The information presented here is useful. Reference 2400,2026-07-26 05:28:31.813370,the information presented here is useful reference 2400,0.0,0,1,0,0.0
C2401,U481,I380,I learned something useful about movies here. Reference 2401,2026-06-30 00:50:31.813384,i learned something useful about movies here reference 2401,0.0,0,1,0,0.0
C2402,U421,I369,This is worth discussing further. Reference 2402,2026-06-14 03:17:31.813397,this is worth discussing further reference 2402,0.0,0,1,0,0.0
C2403,U711,I6,I have a different opinion about gaming. Reference 2403,2026-07-28 15:26:31.813411,i have a different opinion about gaming reference 2403,0.0,0,1,0,0.0
C2404,U61,I451,I really enjoyed this post about education. Reference 2404,2026-06-27 00:31:31.813425,i really enjoyed this post about education reference 2404,0.0,0,1,0,0.0
C2405,U164,I5,The information presented here is useful. Reference 2405,2026-06-10 22:42:31.813438,the information presented here is useful reference 2405,0.0,0,1,0,0.0
C2406,U970,I448,I think this could be improved. Reference 2406,2026-06-20 18:17:31.813451,i think this could be improved reference 2406,0.0,0,1,0,0.0
C2407,U513,I156,The explanation of fashion was very clear. Reference 2407,2026-07-28 13:26:31.813465,the explanation of fashion was very clear reference 2407,0.0,0,1,0,0.0
C2408,U278,I498,This is an interesting perspective on fashion. Reference 2408,2026-07-31 10:37:31.813479,this is an interesting perspective on fashion reference 2408,0.0,0,1,0,0.0
C2409,U760,I108,The information presented here is useful. Reference 2409,2026-07-22 21:46:31.813492,the information presented here is useful reference 2409,0.0,0,1,0,0.0
C2410,U401,I94,This was a surprisingly interesting post. Reference 2410,2026-06-09 19:21:31.813506,this was a surprisingly interesting post reference 2410,0.0,0,1,0,0.0
C2411,U479,I244,Click here for amazing deals,2026-07-08 04:50:31.813519,click here for amazing deals,0.5,1,53,1,72.50000000000001
C2412,U168,I27,This is worth discussing further. Reference 2412,2026-07-25 02:35:31.813533,this is worth discussing further reference 2412,0.0,0,1,0,0.0
C2413,U276,I55,This is an interesting perspective on gaming. Reference 2413,2026-07-09 19:38:31.813546,this is an interesting perspective on gaming reference 2413,0.0,0,1,0,0.0
C2414,U617,I398,This is worth discussing further. Reference 2414,2026-07-21 00:43:31.813561,this is worth discussing further reference 2414,0.0,0,1,0,0.0
C2415,U288,I83,This was a surprisingly interesting post. Reference 2415,2026-08-05 21:17:31.813575,this was a surprisingly interesting post reference 2415,0.0,0,1,0,0.0
C2416,U216,I305,I really enjoyed this post about movies. Reference 2416,2026-07-25 17:51:31.813589,i really enjoyed this post about movies reference 2416,0.0,0,1,0,0.0
C2417,U564,I103,I really enjoyed this post about sports. Reference 2417,2026-07-18 07:58:31.813603,i really enjoyed this post about sports reference 2417,0.0,0,1,0,0.0
C2418,U87,I291,Thanks for sharing this information. Reference 2418,2026-06-21 12:28:31.813616,thanks for sharing this information reference 2418,0.0,0,1,0,0.0
C2419,U809,I247,I really enjoyed this post about technology. Reference 2419,2026-07-14 04:46:31.813630,i really enjoyed this post about technology reference 2419,0.0,0,1,0,0.0
C2420,U95,I483,I have a different opinion about technology. Reference 2420,2026-07-10 08:52:31.813643,i have a different opinion about technology reference 2420,0.0,0,1,0,0.0
C2421,U769,I144,The information presented here is useful. Reference 2421,2026-07-14 05:00:31.813664,the information presented here is useful reference 2421,0.0,0,1,0,0.0
C2422,U769,I200,This is worth discussing further. Reference 2422,2026-06-08 21:00:31.813679,this is worth discussing further reference 2422,0.0,0,1,0,0.0
C2423,U690,I49,This is worth discussing further. Reference 2423,2026-06-05 08:15:31.813692,this is worth discussing further reference 2423,0.0,0,1,0,0.0
C2424,U515,I51,This was a surprisingly interesting post. Reference 2424,2026-08-09 16:14:31.813706,this was a surprisingly interesting post reference 2424,0.0,0,1,0,0.0
C2425,U601,I407,The information presented here is useful. Reference 2425,2026-06-19 11:03:31.813719,the information presented here is useful reference 2425,0.0,0,1,0,0.0
C2426,U889,I436,Best product ever buy now,2026-07-28 03:47:31.813733,best product ever buy now,0.5,1,75,1,72.50000000000001
C2427,U155,I349,I think this could be improved. Reference 2427,2026-06-15 20:34:31.813749,i think this could be improved reference 2427,0.0,0,1,0,0.0
C2428,U95,I487,The explanation of sports was very clear. Reference 2428,2026-06-10 19:18:31.813763,the explanation of sports was very clear reference 2428,0.0,0,1,0,0.0
C2429,U669,I72,Best product ever buy now,2026-07-02 02:26:31.813780,best product ever buy now,0.5,1,75,1,72.50000000000001
C2430,U804,I67,Best product ever buy now,2026-07-10 00:51:31.813793,best product ever buy now,0.5,1,75,1,72.50000000000001
C2431,U638,I438,The information presented here is useful. Reference 2431,2026-06-07 22:55:31.813807,the information presented here is useful reference 2431,0.0,0,1,0,0.0
C2432,U792,I349,The information presented here is useful. Reference 2432,2026-07-23 19:48:31.813821,the information presented here is useful reference 2432,0.0,0,1,0,0.0
C2433,U625,I310,This is an interesting perspective on education. Reference 2433,2026-06-21 05:34:31.813835,this is an interesting perspective on education reference 2433,0.0,0,1,0,0.0
C2434,U642,I254,This is an interesting perspective on technology. Reference 2434,2026-07-29 20:25:31.813849,this is an interesting perspective on technology reference 2434,0.0,0,1,0,0.0
C2435,U784,I445,I have a different opinion about gaming. Reference 2435,2026-06-27 10:05:31.813863,i have a different opinion about gaming reference 2435,0.0,0,1,0,0.0
C2436,U96,I232,This is worth discussing further. Reference 2436,2026-07-15 22:13:31.813876,this is worth discussing further reference 2436,0.0,0,1,0,0.0
C2437,U165,I34,I have a different opinion about music. Reference 2437,2026-07-10 16:02:31.813890,i have a different opinion about music reference 2437,0.0,0,1,0,0.0
C2438,U91,I36,I learned something useful about food here. Reference 2438,2026-07-19 08:29:31.813905,i learned something useful about food here reference 2438,0.0,0,1,0,0.0
C2439,U484,I131,I think this could be improved. Reference 2439,2026-07-31 13:10:31.813919,i think this could be improved reference 2439,0.0,0,1,0,0.0
C2440,U995,I291,I think this could be improved. Reference 2440,2026-07-09 17:57:31.813933,i think this could be improved reference 2440,0.0,0,1,0,0.0
C2441,U879,I146,The information presented here is useful. Reference 2441,2026-06-16 10:15:31.813946,the information presented here is useful reference 2441,0.0,0,1,0,0.0
C2442,U939,I348,I learned something useful about food here. Reference 2442,2026-07-09 10:50:31.813961,i learned something useful about food here reference 2442,0.0,0,1,0,0.0
C2443,U524,I432,Thanks for sharing this information. Reference 2443,2026-07-08 19:39:31.813975,thanks for sharing this information reference 2443,0.0,0,1,0,0.0
C2444,U85,I349,The information presented here is useful. Reference 2444,2026-07-18 21:49:31.814079,the information presented here is useful reference 2444,0.0,0,1,0,0.0
C2445,U898,I448,I really enjoyed this post about technology. Reference 2445,2026-06-05 09:09:31.814096,i really enjoyed this post about technology reference 2445,0.0,0,1,0,0.0
C2446,U809,I125,This was a surprisingly interesting post. Reference 2446,2026-07-28 18:20:31.814110,this was a surprisingly interesting post reference 2446,0.0,0,1,0,0.0
C2447,U873,I53,I have a different opinion about fashion. Reference 2447,2026-07-28 10:22:31.814124,i have a different opinion about fashion reference 2447,0.0,0,1,0,0.0
C2448,U583,I204,This is an interesting perspective on sports. Reference 2448,2026-07-07 11:53:31.814138,this is an interesting perspective on sports reference 2448,0.0,0,1,0,0.0
C2449,U895,I236,This is an interesting perspective on music. Reference 2449,2026-06-30 10:15:31.814155,this is an interesting perspective on music reference 2449,0.0,0,1,0,0.0
C2450,U479,I328,This was a surprisingly interesting post. Reference 2450,2026-08-01 21:36:31.814169,this was a surprisingly interesting post reference 2450,0.0,0,1,0,0.0
C2451,U87,I92,This is an interesting perspective on fashion. Reference 2451,2026-07-03 09:49:31.814183,this is an interesting perspective on fashion reference 2451,0.0,0,1,0,0.0
C2452,U204,I205,This is worth discussing further. Reference 2452,2026-07-13 22:51:31.814198,this is worth discussing further reference 2452,0.0,0,1,0,0.0
C2453,U350,I309,I think this could be improved. Reference 2453,2026-06-08 21:48:31.814212,i think this could be improved reference 2453,0.0,0,1,0,0.0
C2454,U759,I243,This is an interesting perspective on movies. Reference 2454,2026-07-01 10:56:31.814226,this is an interesting perspective on movies reference 2454,0.0,0,1,0,0.0
C2455,U39,I279,I learned something useful about food here. Reference 2455,2026-07-29 14:06:31.814240,i learned something useful about food here reference 2455,0.0,0,1,0,0.0
C2456,U655,I109,This is worth discussing further. Reference 2456,2026-06-18 02:54:31.814256,this is worth discussing further reference 2456,0.0,0,1,0,0.0
C2457,U792,I194,I really enjoyed this post about music. Reference 2457,2026-07-03 16:23:31.814270,i really enjoyed this post about music reference 2457,0.0,0,1,0,0.0
C2458,U484,I109,I really enjoyed this post about sports. Reference 2458,2026-08-09 17:51:31.814284,i really enjoyed this post about sports reference 2458,0.0,0,1,0,0.0
C2459,U975,I388,The information presented here is useful. Reference 2459,2026-07-19 21:19:31.814298,the information presented here is useful reference 2459,0.0,0,1,0,0.0
C2460,U650,I90,This is an interesting perspective on education. Reference 2460,2026-08-05 12:41:31.814311,this is an interesting perspective on education reference 2460,0.0,0,1,0,0.0
C2461,U280,I207,This is an interesting perspective on movies. Reference 2461,2026-06-08 00:08:31.814325,this is an interesting perspective on movies reference 2461,0.0,0,1,0,0.0
C2462,U462,I446,The information presented here is useful. Reference 2462,2026-06-11 21:07:31.814338,the information presented here is useful reference 2462,0.0,0,1,0,0.0
C2463,U914,I132,I learned something useful about technology here. Reference 2463,2026-08-03 10:02:31.814352,i learned something useful about technology here reference 2463,0.0,0,1,0,0.0
C2464,U916,I461,The information presented here is useful. Reference 2464,2026-06-04 06:38:31.814365,the information presented here is useful reference 2464,0.0,0,1,0,0.0
C2465,U304,I84,The explanation of music was very clear. Reference 2465,2026-07-04 16:26:31.814379,the explanation of music was very clear reference 2465,0.0,0,1,0,0.0
C2466,U493,I243,This was a surprisingly interesting post. Reference 2466,2026-06-09 10:02:31.814393,this was a surprisingly interesting post reference 2466,0.0,0,1,0,0.0
C2467,U447,I181,Best product ever buy now,2026-08-10 22:17:31.814407,best product ever buy now,0.5,1,75,1,72.50000000000001
C2468,U574,I400,Thanks for sharing this information. Reference 2468,2026-08-04 18:00:31.814420,thanks for sharing this information reference 2468,0.0,0,1,0,0.0
C2469,U740,I341,Thanks for sharing this information. Reference 2469,2026-07-13 08:46:31.814434,thanks for sharing this information reference 2469,0.0,0,1,0,0.0
C2470,U680,I421,This is worth discussing further. Reference 2470,2026-07-29 03:11:31.814448,this is worth discussing further reference 2470,0.0,0,1,0,0.0
C2471,U918,I234,I learned something useful about food here. Reference 2471,2026-07-14 00:46:31.814464,i learned something useful about food here reference 2471,0.0,0,1,0,0.0
C2472,U116,I405,The information presented here is useful. Reference 2472,2026-06-25 10:30:31.814478,the information presented here is useful reference 2472,0.0,0,1,0,0.0
C2473,U739,I1,I think this could be improved. Reference 2473,2026-06-15 02:20:31.814493,i think this could be improved reference 2473,0.0,0,1,0,0.0
C2474,U460,I327,Best product ever buy now,2026-08-08 12:16:31.814507,best product ever buy now,0.5,1,75,1,72.50000000000001
C2475,U223,I381,The explanation of fashion was very clear. Reference 2475,2026-06-09 10:34:31.814521,the explanation of fashion was very clear reference 2475,0.0,0,1,0,0.0
C2476,U559,I396,I learned something useful about fashion here. Reference 2476,2026-07-23 03:49:31.814535,i learned something useful about fashion here reference 2476,0.0,0,1,0,0.0
C2477,U356,I107,The explanation of technology was very clear. Reference 2477,2026-07-09 03:08:31.814808,the explanation of technology was very clear reference 2477,0.0,0,1,0,0.0
C2478,U833,I186,I really enjoyed this post about movies. Reference 2478,2026-07-14 21:24:31.814855,i really enjoyed this post about movies reference 2478,0.0,0,1,0,0.0
C2479,U514,I419,This is an interesting perspective on food. Reference 2479,2026-06-13 18:24:31.814874,this is an interesting perspective on food reference 2479,0.0,0,1,0,0.0
C2480,U466,I211,The information presented here is useful. Reference 2480,2026-07-10 18:33:31.814890,the information presented here is useful reference 2480,0.0,0,1,0,0.0
C2481,U848,I277,The information presented here is useful. Reference 2481,2026-08-01 12:18:31.814905,the information presented here is useful reference 2481,0.0,0,1,0,0.0
C2482,U948,I90,I think this could be improved. Reference 2482,2026-07-08 20:53:31.814918,i think this could be improved reference 2482,0.0,0,1,0,0.0
C2483,U181,I283,Thanks for sharing this information. Reference 2483,2026-06-23 10:17:31.814932,thanks for sharing this information reference 2483,0.0,0,1,0,0.0
C2484,U446,I195,I have a different opinion about fashion. Reference 2484,2026-06-15 02:45:31.814955,i have a different opinion about fashion reference 2484,0.0,0,1,0,0.0
C2485,U290,I359,Thanks for sharing this information. Reference 2485,2026-08-03 20:34:31.814970,thanks for sharing this information reference 2485,0.0,0,1,0,0.0
C2486,U825,I428,This is an interesting perspective on gaming. Reference 2486,2026-06-13 16:51:31.814984,this is an interesting perspective on gaming reference 2486,0.0,0,1,0,0.0
C2487,U16,I315,The information presented here is useful. Reference 2487,2026-06-27 15:34:31.814998,the information presented here is useful reference 2487,0.0,0,1,0,0.0
C2488,U767,I384,Thanks for sharing this information. Reference 2488,2026-06-15 04:01:31.815012,thanks for sharing this information reference 2488,0.0,0,1,0,0.0
C2489,U454,I257,Thanks for sharing this information. Reference 2489,2026-06-12 01:20:31.815026,thanks for sharing this information reference 2489,0.0,0,1,0,0.0
C2490,U296,I436,The information presented here is useful. Reference 2490,2026-07-22 13:05:31.815043,the information presented here is useful reference 2490,0.0,0,1,0,0.0
C2491,U795,I232,This was a surprisingly interesting post. Reference 2491,2026-08-01 09:51:31.815057,this was a surprisingly interesting post reference 2491,0.0,0,1,0,0.0
C2492,U200,I438,I think this could be improved. Reference 2492,2026-07-10 22:03:31.815071,i think this could be improved reference 2492,0.0,0,1,0,0.0
C2493,U990,I406,I think this could be improved. Reference 2493,2026-06-14 03:15:31.815087,i think this could be improved reference 2493,0.0,0,1,0,0.0
C2494,U720,I401,The information presented here is useful. Reference 2494,2026-07-08 17:33:31.815101,the information presented here is useful reference 2494,0.0,0,1,0,0.0
C2495,U800,I114,This was a surprisingly interesting post. Reference 2495,2026-07-18 11:22:31.815195,this was a surprisingly interesting post reference 2495,0.0,0,1,0,0.0
C2496,U900,I337,Best deal available now,2026-07-05 02:01:31.815233,best deal available now,0.5,1,52,1,72.50000000000001
C2497,U689,I123,I really enjoyed this post about fashion. Reference 2497,2026-08-08 20:36:31.815262,i really enjoyed this post about fashion reference 2497,0.0,0,1,0,0.0
C2498,U15,I13,I learned something useful about music here. Reference 2498,2026-06-25 14:17:31.815287,i learned something useful about music here reference 2498,0.0,0,1,0,0.0
C2499,U839,I379,Thanks for sharing this information. Reference 2499,2026-07-12 07:58:31.815318,thanks for sharing this information reference 2499,0.0,0,1,0,0.0
C2500,U174,I491,Thanks for sharing this information. Reference 2500,2026-07-20 19:41:31.815342,thanks for sharing this information reference 2500,0.0,0,1,0,0.0
C2501,U569,I498,The information presented here is useful. Reference 2501,2026-06-16 17:43:31.815365,the information presented here is useful reference 2501,0.0,0,1,0,0.0
C2502,U659,I201,I really enjoyed this post about fashion. Reference 2502,2026-07-31 02:27:31.815391,i really enjoyed this post about fashion reference 2502,0.0,0,1,0,0.0
C2503,U961,I325,Amazing product buy now,2026-07-06 03:21:31.815405,amazing product buy now,1.0,1,69,1,100.0
C2504,U925,I162,This was a surprisingly interesting post. Reference 2504,2026-07-03 00:27:31.815420,this was a surprisingly interesting post reference 2504,0.0,0,1,0,0.0
C2505,U236,I50,I learned something useful about gaming here. Reference 2505,2026-06-15 08:34:31.815436,i learned something useful about gaming here reference 2505,0.0,0,1,0,0.0
C2506,U590,I401,The information presented here is useful. Reference 2506,2026-06-22 12:08:31.815450,the information presented here is useful reference 2506,0.0,0,1,0,0.0
C2507,U162,I485,This is worth discussing further. Reference 2507,2026-08-03 08:15:31.815464,this is worth discussing further reference 2507,0.0,0,1,0,0.0
C2508,U95,I13,The information presented here is useful. Reference 2508,2026-06-15 14:08:31.815477,the information presented here is useful reference 2508,0.0,0,1,0,0.0
C2509,U788,I303,I learned something useful about technology here. Reference 2509,2026-06-16 13:43:31.815494,i learned something useful about technology here reference 2509,0.0,0,1,0,0.0
C2510,U724,I278,This is an interesting perspective on fashion. Reference 2510,2026-08-09 12:44:31.815509,this is an interesting perspective on fashion reference 2510,0.0,0,1,0,0.0
C2511,U760,I375,I learned something useful about food here. Reference 2511,2026-06-15 01:58:31.815522,i learned something useful about food here reference 2511,0.0,0,1,0,0.0
C2512,U646,I398,This is worth discussing further. Reference 2512,2026-07-21 00:18:31.815538,this is worth discussing further reference 2512,0.0,0,1,0,0.0
C2513,U668,I459,The explanation of movies was very clear. Reference 2513,2026-07-25 04:33:31.815553,the explanation of movies was very clear reference 2513,0.0,0,1,0,0.0
C2514,U548,I430,The explanation of fashion was very clear. Reference 2514,2026-07-19 02:57:31.815567,the explanation of fashion was very clear reference 2514,0.0,0,1,0,0.0
C2515,U675,I26,I have a different opinion about gaming. Reference 2515,2026-07-29 17:54:31.815581,i have a different opinion about gaming reference 2515,0.0,0,1,0,0.0
C2516,U642,I11,Thanks for sharing this information. Reference 2516,2026-08-01 17:38:31.815601,thanks for sharing this information reference 2516,0.0,0,1,0,0.0
C2517,U470,I474,Thanks for sharing this information. Reference 2517,2026-08-02 02:04:31.815615,thanks for sharing this information reference 2517,0.0,0,1,0,0.0
C2518,U145,I144,I have a different opinion about education. Reference 2518,2026-08-03 09:18:31.815629,i have a different opinion about education reference 2518,0.0,0,1,0,0.0
C2519,U79,I253,This is worth discussing further. Reference 2519,2026-07-07 06:16:31.815642,this is worth discussing further reference 2519,0.0,0,1,0,0.0
C2520,U103,I251,I really enjoyed this post about fashion. Reference 2520,2026-08-05 03:15:31.815656,i really enjoyed this post about fashion reference 2520,0.0,0,1,0,0.0
C2521,U498,I491,This is an interesting perspective on sports. Reference 2521,2026-06-10 06:28:31.815670,this is an interesting perspective on sports reference 2521,0.0,0,1,0,0.0
C2522,U429,I192,This is worth discussing further. Reference 2522,2026-07-28 04:02:31.815683,this is worth discussing further reference 2522,0.0,0,1,0,0.0
C2523,U184,I152,I really enjoyed this post about education. Reference 2523,2026-06-12 18:55:31.815697,i really enjoyed this post about education reference 2523,0.0,0,1,0,0.0
C2524,U580,I323,Thanks for sharing this information. Reference 2524,2026-08-01 03:56:31.815711,thanks for sharing this information reference 2524,0.0,0,1,0,0.0
C2525,U999,I175,This is worth discussing further. Reference 2525,2026-06-16 22:40:31.815739,this is worth discussing further reference 2525,0.0,0,1,0,0.0
C2526,U614,I279,I really enjoyed this post about education. Reference 2526,2026-06-25 08:12:31.815753,i really enjoyed this post about education reference 2526,0.0,0,1,0,0.0
C2527,U759,I130,This is an interesting perspective on sports. Reference 2527,2026-06-17 15:54:31.815767,this is an interesting perspective on sports reference 2527,0.0,0,1,0,0.0
C2528,U30,I274,I really enjoyed this post about education. Reference 2528,2026-07-23 03:27:31.815784,i really enjoyed this post about education reference 2528,0.0,0,1,0,0.0
C2529,U887,I186,This is an interesting perspective on sports. Reference 2529,2026-08-09 03:32:31.815798,this is an interesting perspective on sports reference 2529,0.0,0,1,0,0.0
C2530,U335,I70,The explanation of gaming was very clear. Reference 2530,2026-06-06 14:12:31.815812,the explanation of gaming was very clear reference 2530,0.0,0,1,0,0.0
C2531,U708,I481,I learned something useful about movies here. Reference 2531,2026-07-17 22:08:31.815825,i learned something useful about movies here reference 2531,0.0,0,1,0,0.0
C2532,U493,I102,This is an interesting perspective on music. Reference 2532,2026-06-08 09:09:31.815840,this is an interesting perspective on music reference 2532,0.0,0,1,0,0.0
C2533,U564,I333,I have a different opinion about food. Reference 2533,2026-06-05 00:04:31.815854,i have a different opinion about food reference 2533,0.0,0,1,0,0.0
C2534,U828,I253,The information presented here is useful. Reference 2534,2026-07-25 06:14:31.815867,the information presented here is useful reference 2534,0.0,0,1,0,0.0
C2535,U256,I88,The explanation of movies was very clear. Reference 2535,2026-07-07 01:50:31.815881,the explanation of movies was very clear reference 2535,0.0,0,1,0,0.0
C2536,U105,I298,Thanks for sharing this information. Reference 2536,2026-07-27 18:06:31.815895,thanks for sharing this information reference 2536,0.0,0,1,0,0.0
C2537,U813,I105,I think this could be improved. Reference 2537,2026-07-02 05:20:31.815909,i think this could be improved reference 2537,0.0,0,1,0,0.0
C2538,U433,I305,I have a different opinion about music. Reference 2538,2026-06-16 03:12:31.815923,i have a different opinion about music reference 2538,0.0,0,1,0,0.0
C2539,U110,I310,The information presented here is useful. Reference 2539,2026-07-24 15:41:31.815936,the information presented here is useful reference 2539,0.0,0,1,0,0.0
C2540,U580,I180,This is worth discussing further. Reference 2540,2026-07-01 22:14:31.815952,this is worth discussing further reference 2540,0.0,0,1,0,0.0
C2541,U171,I455,I really enjoyed this post about movies. Reference 2541,2026-06-19 09:56:31.815966,i really enjoyed this post about movies reference 2541,0.0,0,1,0,0.0
C2542,U419,I150,Thanks for sharing this information. Reference 2542,2026-07-06 13:52:31.815981,thanks for sharing this information reference 2542,0.0,0,1,0,0.0
C2543,U30,I58,I learned something useful about music here. Reference 2543,2026-07-03 17:58:31.815995,i learned something useful about music here reference 2543,0.0,0,1,0,0.0
C2544,U809,I95,This is worth discussing further. Reference 2544,2026-08-05 05:17:31.816008,this is worth discussing further reference 2544,0.0,0,1,0,0.0
C2545,U220,I336,This is worth discussing further. Reference 2545,2026-07-29 15:08:31.816021,this is worth discussing further reference 2545,0.0,0,1,0,0.0
C2546,U798,I160,Amazing product buy now,2026-07-13 20:00:31.816035,amazing product buy now,1.0,1,69,1,100.0
C2547,U704,I5,This is worth discussing further. Reference 2547,2026-06-30 11:21:31.816048,this is worth discussing further reference 2547,0.0,0,1,0,0.0
C2548,U581,I407,This is worth discussing further. Reference 2548,2026-06-21 17:03:31.816064,this is worth discussing further reference 2548,0.0,0,1,0,0.0
C2549,U67,I197,I have a different opinion about sports. Reference 2549,2026-06-24 20:09:31.816078,i have a different opinion about sports reference 2549,0.0,0,1,0,0.0
C2550,U222,I52,This was a surprisingly interesting post. Reference 2550,2026-06-07 15:16:31.816092,this was a surprisingly interesting post reference 2550,0.0,0,1,0,0.0
C2551,U622,I484,This is an interesting perspective on fashion. Reference 2551,2026-06-10 17:50:31.816106,this is an interesting perspective on fashion reference 2551,0.0,0,1,0,0.0
C2552,U774,I222,This is worth discussing further. Reference 2552,2026-07-24 19:07:31.816120,this is worth discussing further reference 2552,0.0,0,1,0,0.0
C2553,U201,I25,I think this could be improved. Reference 2553,2026-08-07 13:45:31.816133,i think this could be improved reference 2553,0.0,0,1,0,0.0
C2554,U281,I215,This is an interesting perspective on gaming. Reference 2554,2026-07-01 14:51:31.816146,this is an interesting perspective on gaming reference 2554,0.0,0,1,0,0.0
C2555,U175,I307,This is worth discussing further. Reference 2555,2026-07-21 07:30:31.816160,this is worth discussing further reference 2555,0.0,0,1,0,0.0
C2556,U590,I10,I have a different opinion about technology. Reference 2556,2026-06-14 05:52:31.816176,i have a different opinion about technology reference 2556,0.0,0,1,0,0.0
C2557,U802,I438,Thanks for sharing this information. Reference 2557,2026-06-30 19:13:31.816192,thanks for sharing this information reference 2557,0.0,0,1,0,0.0
C2558,U291,I67,The information presented here is useful. Reference 2558,2026-06-24 06:36:31.816206,the information presented here is useful reference 2558,0.0,0,1,0,0.0
C2559,U940,I270,I really enjoyed this post about music. Reference 2559,2026-06-14 03:26:31.816220,i really enjoyed this post about music reference 2559,0.0,0,1,0,0.0
C2560,U16,I35,I think this could be improved. Reference 2560,2026-07-05 01:13:31.816234,i think this could be improved reference 2560,0.0,0,1,0,0.0
C2561,U740,I154,I have a different opinion about music. Reference 2561,2026-06-04 05:31:31.816250,i have a different opinion about music reference 2561,0.0,0,1,0,0.0
C2562,U354,I204,This is an interesting perspective on music. Reference 2562,2026-06-27 21:13:31.816264,this is an interesting perspective on music reference 2562,0.0,0,1,0,0.0
C2563,U627,I24,The information presented here is useful. Reference 2563,2026-06-09 10:32:31.816277,the information presented here is useful reference 2563,0.0,0,1,0,0.0
C2564,U465,I252,This is an interesting perspective on music. Reference 2564,2026-06-16 13:59:31.816291,this is an interesting perspective on music reference 2564,0.0,0,1,0,0.0
C2565,U105,I14,Best product ever buy now,2026-08-10 21:16:31.816305,best product ever buy now,0.5,1,75,1,72.50000000000001
C2566,U142,I53,This is worth discussing further. Reference 2566,2026-07-22 05:31:31.816319,this is worth discussing further reference 2566,0.0,0,1,0,0.0
C2567,U174,I45,The explanation of music was very clear. Reference 2567,2026-06-23 21:40:31.816334,the explanation of music was very clear reference 2567,0.0,0,1,0,0.0
C2568,U5,I478,I really enjoyed this post about movies. Reference 2568,2026-08-07 21:52:31.816348,i really enjoyed this post about movies reference 2568,0.0,0,1,0,0.0
C2569,U113,I24,I have a different opinion about gaming. Reference 2569,2026-07-18 19:51:31.816367,i have a different opinion about gaming reference 2569,0.0,0,1,0,0.0
C2570,U337,I352,Thanks for sharing this information. Reference 2570,2026-07-18 06:21:31.816381,thanks for sharing this information reference 2570,0.0,0,1,0,0.0
C2571,U715,I87,I learned something useful about food here. Reference 2571,2026-07-31 22:03:31.816395,i learned something useful about food here reference 2571,0.0,0,1,0,0.0
C2572,U129,I163,I learned something useful about fashion here. Reference 2572,2026-06-14 20:38:31.816409,i learned something useful about fashion here reference 2572,0.0,0,1,0,0.0
C2573,U457,I342,This is an interesting perspective on sports. Reference 2573,2026-06-20 05:34:31.816423,this is an interesting perspective on sports reference 2573,0.0,0,1,0,0.0
C2574,U489,I338,I think this could be improved. Reference 2574,2026-07-13 12:45:31.816436,i think this could be improved reference 2574,0.0,0,1,0,0.0
C2575,U791,I374,I think this could be improved. Reference 2575,2026-08-03 11:26:31.816450,i think this could be improved reference 2575,0.0,0,1,0,0.0
C2576,U270,I392,I have a different opinion about gaming. Reference 2576,2026-07-10 16:49:31.816463,i have a different opinion about gaming reference 2576,0.0,0,1,0,0.0
C2577,U571,I427,The explanation of sports was very clear. Reference 2577,2026-06-09 13:48:31.816477,the explanation of sports was very clear reference 2577,0.0,0,1,0,0.0
C2578,U79,I38,I think this could be improved. Reference 2578,2026-07-23 11:49:31.816491,i think this could be improved reference 2578,0.0,0,1,0,0.0
C2579,U13,I343,The explanation of food was very clear. Reference 2579,2026-07-07 18:48:31.816508,the explanation of food was very clear reference 2579,0.0,0,1,0,0.0
C2580,U192,I249,This is an interesting perspective on music. Reference 2580,2026-07-23 20:09:31.816522,this is an interesting perspective on music reference 2580,0.0,0,1,0,0.0
C2581,U833,I302,This was a surprisingly interesting post. Reference 2581,2026-06-03 14:40:31.816535,this was a surprisingly interesting post reference 2581,0.0,0,1,0,0.0
C2582,U967,I159,I think this could be improved. Reference 2582,2026-06-26 21:51:31.816551,i think this could be improved reference 2582,0.0,0,1,0,0.0
C2583,U108,I468,I learned something useful about sports here. Reference 2583,2026-07-09 17:35:31.816565,i learned something useful about sports here reference 2583,0.0,0,1,0,0.0
C2584,U394,I499,I think this could be improved. Reference 2584,2026-07-06 09:43:31.816580,i think this could be improved reference 2584,0.0,0,1,0,0.0
C2585,U192,I35,I have a different opinion about fashion. Reference 2585,2026-07-27 21:17:31.816594,i have a different opinion about fashion reference 2585,0.0,0,1,0,0.0
C2586,U702,I157,Thanks for sharing this information. Reference 2586,2026-07-29 10:13:31.816608,thanks for sharing this information reference 2586,0.0,0,1,0,0.0
C2587,U472,I448,Best deal available now,2026-07-20 22:27:31.816622,best deal available now,0.5,1,52,1,72.50000000000001
C2588,U16,I457,I think this could be improved. Reference 2588,2026-07-18 13:14:31.816635,i think this could be improved reference 2588,0.0,0,1,0,0.0
C2589,U29,I243,This was a surprisingly interesting post. Reference 2589,2026-07-10 19:07:31.816649,this was a surprisingly interesting post reference 2589,0.0,0,1,0,0.0
C2590,U271,I60,This was a surprisingly interesting post. Reference 2590,2026-07-10 13:43:31.816662,this was a surprisingly interesting post reference 2590,0.0,0,1,0,0.0
C2591,U441,I108,I learned something useful about fashion here. Reference 2591,2026-06-27 02:55:31.816675,i learned something useful about fashion here reference 2591,0.0,0,1,0,0.0
C2592,U441,I260,This is worth discussing further. Reference 2592,2026-07-02 15:51:31.816689,this is worth discussing further reference 2592,0.0,0,1,0,0.0
C2593,U279,I189,You must buy this product,2026-06-13 19:02:31.816702,you must buy this product,0.0,0,51,1,45.0
C2594,U391,I374,Best deal available now,2026-07-16 01:43:31.816715,best deal available now,0.5,1,52,1,72.50000000000001
C2595,U193,I206,I learned something useful about movies here. Reference 2595,2026-06-24 15:08:31.816729,i learned something useful about movies here reference 2595,0.0,0,1,0,0.0
C2596,U622,I252,This was a surprisingly interesting post. Reference 2596,2026-08-01 21:27:31.816743,this was a surprisingly interesting post reference 2596,0.0,0,1,0,0.0
C2597,U697,I25,The explanation of gaming was very clear. Reference 2597,2026-07-22 20:18:31.816758,the explanation of gaming was very clear reference 2597,0.0,0,1,0,0.0
C2598,U117,I27,I really enjoyed this post about movies. Reference 2598,2026-07-21 02:23:31.816772,i really enjoyed this post about movies reference 2598,0.0,0,1,0,0.0
C2599,U67,I272,This is an interesting perspective on movies. Reference 2599,2026-07-22 05:15:31.816787,this is an interesting perspective on movies reference 2599,0.0,0,1,0,0.0
C2600,U903,I317,The information presented here is useful. Reference 2600,2026-07-07 01:42:31.816800,the information presented here is useful reference 2600,0.0,0,1,0,0.0
C2601,U103,I112,I have a different opinion about food. Reference 2601,2026-07-24 02:36:31.816814,i have a different opinion about food reference 2601,0.0,0,1,0,0.0
C2602,U175,I402,The explanation of music was very clear. Reference 2602,2026-06-14 20:39:31.816828,the explanation of music was very clear reference 2602,0.0,0,1,0,0.0
C2603,U294,I361,Thanks for sharing this information. Reference 2603,2026-06-06 00:47:31.816841,thanks for sharing this information reference 2603,0.0,0,1,0,0.0
C2604,U3,I48,I learned something useful about food here. Reference 2604,2026-06-05 13:24:31.816855,i learned something useful about food here reference 2604,0.0,0,1,0,0.0
C2605,U312,I436,The explanation of education was very clear. Reference 2605,2026-07-14 03:36:31.816869,the explanation of education was very clear reference 2605,0.0,0,1,0,0.0
C2606,U697,I35,I learned something useful about education here. Reference 2606,2026-07-12 14:22:31.816883,i learned something useful about education here reference 2606,0.0,0,1,0,0.0
C2607,U921,I233,Amazing product buy now,2026-06-12 05:00:31.816896,amazing product buy now,1.0,1,69,1,100.0
C2608,U485,I219,This is worth discussing further. Reference 2608,2026-07-26 16:11:31.816909,this is worth discussing further reference 2608,0.0,0,1,0,0.0
C2609,U997,I135,Amazing product buy now,2026-06-11 00:14:31.816923,amazing product buy now,1.0,1,69,1,100.0
C2610,U778,I436,I really enjoyed this post about music. Reference 2610,2026-06-29 16:53:31.816936,i really enjoyed this post about music reference 2610,0.0,0,1,0,0.0
C2611,U597,I0,I think this could be improved. Reference 2611,2026-06-29 19:38:31.816952,i think this could be improved reference 2611,0.0,0,1,0,0.0
C2612,U112,I23,Best product ever buy now,2026-07-22 01:16:31.816968,best product ever buy now,0.5,1,75,1,72.50000000000001
C2613,U537,I257,I learned something useful about education here. Reference 2613,2026-08-03 06:50:31.816982,i learned something useful about education here reference 2613,0.0,0,1,0,0.0
C2614,U102,I155,This is worth discussing further. Reference 2614,2026-06-28 04:06:31.816996,this is worth discussing further reference 2614,0.0,0,1,0,0.0
C2615,U752,I179,This was a surprisingly interesting post. Reference 2615,2026-06-12 10:44:31.817009,this was a surprisingly interesting post reference 2615,0.0,0,1,0,0.0
C2616,U498,I129,This is worth discussing further. Reference 2616,2026-08-10 14:21:31.817023,this is worth discussing further reference 2616,0.0,0,1,0,0.0
C2617,U847,I180,I have a different opinion about music. Reference 2617,2026-06-25 16:45:31.817036,i have a different opinion about music reference 2617,0.0,0,1,0,0.0
C2618,U793,I339,Thanks for sharing this information. Reference 2618,2026-08-01 13:39:31.817050,thanks for sharing this information reference 2618,0.0,0,1,0,0.0
C2619,U276,I351,This was a surprisingly interesting post. Reference 2619,2026-07-29 08:53:31.817063,this was a surprisingly interesting post reference 2619,0.0,0,1,0,0.0
C2620,U420,I438,The explanation of education was very clear. Reference 2620,2026-07-10 07:40:31.817079,the explanation of education was very clear reference 2620,0.0,0,1,0,0.0
C2621,U509,I15,The explanation of fashion was very clear. Reference 2621,2026-07-10 02:49:31.817093,the explanation of fashion was very clear reference 2621,0.0,0,1,0,0.0
C2622,U211,I381,This is an interesting perspective on sports. Reference 2622,2026-07-08 10:42:31.817107,this is an interesting perspective on sports reference 2622,0.0,0,1,0,0.0
C2623,U654,I55,I have a different opinion about food. Reference 2623,2026-06-24 20:56:31.817122,i have a different opinion about food reference 2623,0.0,0,1,0,0.0
C2624,U179,I135,This is worth discussing further. Reference 2624,2026-07-07 05:46:31.817136,this is worth discussing further reference 2624,0.0,0,1,0,0.0
C2625,U603,I213,I have a different opinion about movies. Reference 2625,2026-07-25 11:40:31.817152,i have a different opinion about movies reference 2625,0.0,0,1,0,0.0
C2626,U42,I296,This was a surprisingly interesting post. Reference 2626,2026-06-17 02:14:31.817165,this was a surprisingly interesting post reference 2626,0.0,0,1,0,0.0
C2627,U125,I221,I think this could be improved. Reference 2627,2026-07-16 13:56:31.817179,i think this could be improved reference 2627,0.0,0,1,0,0.0
C2628,U112,I496,I really enjoyed this post about food. Reference 2628,2026-06-10 10:25:31.817192,i really enjoyed this post about food reference 2628,0.0,0,1,0,0.0
C2629,U150,I238,I learned something useful about movies here. Reference 2629,2026-06-16 01:16:31.817207,i learned something useful about movies here reference 2629,0.0,0,1,0,0.0
C2630,U571,I340,I learned something useful about movies here. Reference 2630,2026-06-28 12:29:31.817220,i learned something useful about movies here reference 2630,0.0,0,1,0,0.0
C2631,U295,I33,I have a different opinion about technology. Reference 2631,2026-07-01 12:30:31.817234,i have a different opinion about technology reference 2631,0.0,0,1,0,0.0
C2632,U41,I111,I have a different opinion about gaming. Reference 2632,2026-08-06 23:46:31.817248,i have a different opinion about gaming reference 2632,0.0,0,1,0,0.0
C2633,U500,I156,I really enjoyed this post about fashion. Reference 2633,2026-07-10 18:28:31.817261,i really enjoyed this post about fashion reference 2633,0.0,0,1,0,0.0
C2634,U676,I427,I really enjoyed this post about technology. Reference 2634,2026-07-19 22:43:31.817275,i really enjoyed this post about technology reference 2634,0.0,0,1,0,0.0
C2635,U141,I179,I have a different opinion about education. Reference 2635,2026-08-04 00:06:31.817289,i have a different opinion about education reference 2635,0.0,0,1,0,0.0
C2636,U730,I138,I learned something useful about sports here. Reference 2636,2026-07-03 12:09:31.817303,i learned something useful about sports here reference 2636,0.0,0,1,0,0.0
C2637,U599,I470,This is an interesting perspective on movies. Reference 2637,2026-07-22 21:52:31.817317,this is an interesting perspective on movies reference 2637,0.0,0,1,0,0.0
C2638,U32,I242,This is worth discussing further. Reference 2638,2026-06-11 01:46:31.817330,this is worth discussing further reference 2638,0.0,0,1,0,0.0
C2639,U652,I197,The information presented here is useful. Reference 2639,2026-08-02 21:35:31.817343,the information presented here is useful reference 2639,0.0,0,1,0,0.0
C2640,U914,I133,I have a different opinion about movies. Reference 2640,2026-07-27 01:23:31.817357,i have a different opinion about movies reference 2640,0.0,0,1,0,0.0
C2641,U577,I223,This is worth discussing further. Reference 2641,2026-06-10 15:14:31.817373,this is worth discussing further reference 2641,0.0,0,1,0,0.0
C2642,U786,I102,I have a different opinion about education. Reference 2642,2026-07-04 22:32:31.817387,i have a different opinion about education reference 2642,0.0,0,1,0,0.0
C2643,U567,I102,I have a different opinion about movies. Reference 2643,2026-08-04 00:59:31.817402,i have a different opinion about movies reference 2643,0.0,0,1,0,0.0
C2644,U304,I290,I think this could be improved. Reference 2644,2026-07-08 14:40:31.817416,i think this could be improved reference 2644,0.0,0,1,0,0.0
C2645,U801,I448,The information presented here is useful. Reference 2645,2026-07-30 05:11:31.817429,the information presented here is useful reference 2645,0.0,0,1,0,0.0
C2646,U539,I226,This is worth discussing further. Reference 2646,2026-06-30 04:47:31.817444,this is worth discussing further reference 2646,0.0,0,1,0,0.0
C2647,U362,I218,I think this could be improved. Reference 2647,2026-07-05 11:45:31.817458,i think this could be improved reference 2647,0.0,0,1,0,0.0
C2648,U472,I14,This was a surprisingly interesting post. Reference 2648,2026-07-04 12:28:31.817471,this was a surprisingly interesting post reference 2648,0.0,0,1,0,0.0
C2649,U90,I386,I learned something useful about movies here. Reference 2649,2026-07-20 17:54:31.817485,i learned something useful about movies here reference 2649,0.0,0,1,0,0.0
C2650,U594,I262,This is worth discussing further. Reference 2650,2026-06-16 07:37:31.817499,this is worth discussing further reference 2650,0.0,0,1,0,0.0
C2651,U556,I460,Thanks for sharing this information. Reference 2651,2026-08-06 23:01:31.817512,thanks for sharing this information reference 2651,0.0,0,1,0,0.0
C2652,U773,I432,The information presented here is useful. Reference 2652,2026-07-06 03:44:31.817525,the information presented here is useful reference 2652,0.0,0,1,0,0.0
C2653,U686,I3,I think this could be improved. Reference 2653,2026-08-06 21:15:31.817541,i think this could be improved reference 2653,0.0,0,1,0,0.0
C2654,U86,I28,I have a different opinion about gaming. Reference 2654,2026-07-12 11:28:31.817556,i have a different opinion about gaming reference 2654,0.0,0,1,0,0.0
C2655,U608,I49,I have a different opinion about food. Reference 2655,2026-06-09 23:21:31.817569,i have a different opinion about food reference 2655,0.0,0,1,0,0.0
C2656,U339,I442,I really enjoyed this post about gaming. Reference 2656,2026-06-05 10:23:31.817583,i really enjoyed this post about gaming reference 2656,0.0,0,1,0,0.0
C2657,U598,I345,This was a surprisingly interesting post. Reference 2657,2026-06-08 23:22:31.817596,this was a surprisingly interesting post reference 2657,0.0,0,1,0,0.0
C2658,U209,I264,I learned something useful about food here. Reference 2658,2026-07-30 10:00:31.817610,i learned something useful about food here reference 2658,0.0,0,1,0,0.0
C2659,U228,I458,I learned something useful about movies here. Reference 2659,2026-06-15 15:34:31.817624,i learned something useful about movies here reference 2659,0.0,0,1,0,0.0
C2660,U318,I368,I really enjoyed this post about food. Reference 2660,2026-06-16 01:34:31.817638,i really enjoyed this post about food reference 2660,0.0,0,1,0,0.0
C2661,U704,I102,This is an interesting perspective on gaming. Reference 2661,2026-08-11 19:54:31.817651,this is an interesting perspective on gaming reference 2661,0.0,0,1,0,0.0
C2662,U156,I309,This is an interesting perspective on gaming. Reference 2662,2026-07-20 07:57:31.817667,this is an interesting perspective on gaming reference 2662,0.0,0,1,0,0.0
C2663,U209,I53,I think this could be improved. Reference 2663,2026-06-26 19:02:31.817681,i think this could be improved reference 2663,0.0,0,1,0,0.0
C2664,U454,I200,I really enjoyed this post about gaming. Reference 2664,2026-07-15 12:47:31.817695,i really enjoyed this post about gaming reference 2664,0.0,0,1,0,0.0
C2665,U414,I247,I learned something useful about sports here. Reference 2665,2026-06-23 01:39:31.817709,i learned something useful about sports here reference 2665,0.0,0,1,0,0.0
C2666,U266,I420,Thanks for sharing this information. Reference 2666,2026-06-12 22:12:31.817723,thanks for sharing this information reference 2666,0.0,0,1,0,0.0
C2667,U631,I63,The information presented here is useful. Reference 2667,2026-06-14 22:11:31.817742,the information presented here is useful reference 2667,0.0,0,1,0,0.0
C2668,U22,I94,I learned something useful about sports here. Reference 2668,2026-07-27 06:55:31.817757,i learned something useful about sports here reference 2668,0.0,0,1,0,0.0
C2669,U523,I379,This was a surprisingly interesting post. Reference 2669,2026-06-29 11:47:31.817772,this was a surprisingly interesting post reference 2669,0.0,0,1,0,0.0
C2670,U491,I148,I have a different opinion about gaming. Reference 2670,2026-06-19 05:48:31.817786,i have a different opinion about gaming reference 2670,0.0,0,1,0,0.0
C2671,U504,I188,I have a different opinion about fashion. Reference 2671,2026-07-07 17:08:31.817802,i have a different opinion about fashion reference 2671,0.0,0,1,0,0.0
C2672,U714,I409,This is an interesting perspective on food. Reference 2672,2026-07-04 21:15:31.817816,this is an interesting perspective on food reference 2672,0.0,0,1,0,0.0
C2673,U833,I217,I learned something useful about technology here. Reference 2673,2026-07-17 00:50:31.817829,i learned something useful about technology here reference 2673,0.0,0,1,0,0.0
C2674,U468,I61,Thanks for sharing this information. Reference 2674,2026-08-10 19:54:31.817843,thanks for sharing this information reference 2674,0.0,0,1,0,0.0
C2675,U594,I155,I really enjoyed this post about food. Reference 2675,2026-08-07 22:51:31.817859,i really enjoyed this post about food reference 2675,0.0,0,1,0,0.0
C2676,U929,I464,This is worth discussing further. Reference 2676,2026-06-30 05:49:31.817873,this is worth discussing further reference 2676,0.0,0,1,0,0.0
C2677,U903,I370,I think this could be improved. Reference 2677,2026-08-11 00:03:31.817886,i think this could be improved reference 2677,0.0,0,1,0,0.0
C2678,U162,I183,This was a surprisingly interesting post. Reference 2678,2026-07-11 01:56:31.817900,this was a surprisingly interesting post reference 2678,0.0,0,1,0,0.0
C2679,U924,I361,This was a surprisingly interesting post. Reference 2679,2026-06-26 03:13:31.817913,this was a surprisingly interesting post reference 2679,0.0,0,1,0,0.0
C2680,U64,I89,You must buy this product,2026-06-13 03:04:31.817927,you must buy this product,0.0,0,51,1,45.0
C2681,U736,I288,This is worth discussing further. Reference 2681,2026-06-07 17:38:31.817941,this is worth discussing further reference 2681,0.0,0,1,0,0.0
C2682,U879,I402,I learned something useful about movies here. Reference 2682,2026-06-03 10:02:31.817956,i learned something useful about movies here reference 2682,0.0,0,1,0,0.0
C2683,U674,I155,The information presented here is useful. Reference 2683,2026-06-14 02:39:31.817970,the information presented here is useful reference 2683,0.0,0,1,0,0.0
C2684,U495,I192,I think this could be improved. Reference 2684,2026-06-20 09:36:31.817986,i think this could be improved reference 2684,0.0,0,1,0,0.0
C2685,U725,I474,This was a surprisingly interesting post. Reference 2685,2026-07-31 01:15:31.818000,this was a surprisingly interesting post reference 2685,0.0,0,1,0,0.0
C2686,U714,I165,Thanks for sharing this information. Reference 2686,2026-06-19 15:08:31.818013,thanks for sharing this information reference 2686,0.0,0,1,0,0.0
C2687,U632,I424,The information presented here is useful. Reference 2687,2026-08-07 17:50:31.818026,the information presented here is useful reference 2687,0.0,0,1,0,0.0
C2688,U30,I436,I learned something useful about sports here. Reference 2688,2026-08-03 01:05:31.818040,i learned something useful about sports here reference 2688,0.0,0,1,0,0.0
C2689,U681,I54,I think this could be improved. Reference 2689,2026-07-13 08:56:31.818053,i think this could be improved reference 2689,0.0,0,1,0,0.0
C2690,U778,I118,The explanation of gaming was very clear. Reference 2690,2026-07-26 23:52:31.818068,the explanation of gaming was very clear reference 2690,0.0,0,1,0,0.0
C2691,U745,I456,The information presented here is useful. Reference 2691,2026-08-05 23:21:31.818081,the information presented here is useful reference 2691,0.0,0,1,0,0.0
C2692,U63,I313,I have a different opinion about gaming. Reference 2692,2026-08-08 10:14:31.818095,i have a different opinion about gaming reference 2692,0.0,0,1,0,0.0
C2693,U867,I383,This is an interesting perspective on food. Reference 2693,2026-07-08 18:15:31.818109,this is an interesting perspective on food reference 2693,0.0,0,1,0,0.0
C2694,U621,I323,I really enjoyed this post about education. Reference 2694,2026-07-13 14:24:31.818123,i really enjoyed this post about education reference 2694,0.0,0,1,0,0.0
C2695,U110,I357,I think this could be improved. Reference 2695,2026-07-30 16:58:31.818137,i think this could be improved reference 2695,0.0,0,1,0,0.0
C2696,U652,I293,This was a surprisingly interesting post. Reference 2696,2026-07-25 00:25:31.818150,this was a surprisingly interesting post reference 2696,0.0,0,1,0,0.0
C2697,U258,I251,I think this could be improved. Reference 2697,2026-07-22 07:22:31.818166,i think this could be improved reference 2697,0.0,0,1,0,0.0
C2698,U206,I379,I learned something useful about fashion here. Reference 2698,2026-06-24 17:23:31.818180,i learned something useful about fashion here reference 2698,0.0,0,1,0,0.0
C2699,U828,I404,The explanation of gaming was very clear. Reference 2699,2026-06-19 20:20:31.818194,the explanation of gaming was very clear reference 2699,0.0,0,1,0,0.0
C2700,U24,I322,This is an interesting perspective on sports. Reference 2700,2026-08-08 19:22:31.818208,this is an interesting perspective on sports reference 2700,0.0,0,1,0,0.0
C2701,U829,I71,I really enjoyed this post about music. Reference 2701,2026-07-05 16:38:31.818222,i really enjoyed this post about music reference 2701,0.0,0,1,0,0.0
C2702,U581,I279,This is an interesting perspective on music. Reference 2702,2026-07-25 23:10:31.818236,this is an interesting perspective on music reference 2702,0.0,0,1,0,0.0
C2703,U698,I373,This was a surprisingly interesting post. Reference 2703,2026-07-25 12:37:31.818250,this was a surprisingly interesting post reference 2703,0.0,0,1,0,0.0
C2704,U852,I106,Thanks for sharing this information. Reference 2704,2026-06-27 05:51:31.818264,thanks for sharing this information reference 2704,0.0,0,1,0,0.0
C2705,U360,I182,Thanks for sharing this information. Reference 2705,2026-08-05 17:16:31.818277,thanks for sharing this information reference 2705,0.0,0,1,0,0.0
C2706,U449,I218,The information presented here is useful. Reference 2706,2026-06-21 00:39:31.818293,the information presented here is useful reference 2706,0.0,0,1,0,0.0
C2707,U80,I65,This was a surprisingly interesting post. Reference 2707,2026-08-02 15:32:31.818306,this was a surprisingly interesting post reference 2707,0.0,0,1,0,0.0
C2708,U120,I255,The explanation of technology was very clear. Reference 2708,2026-06-18 02:00:31.818320,the explanation of technology was very clear reference 2708,0.0,0,1,0,0.0
C2709,U553,I169,Best deal available now,2026-07-16 10:41:31.818334,best deal available now,0.5,1,52,1,72.50000000000001
C2710,U944,I424,I have a different opinion about fashion. Reference 2710,2026-06-08 19:39:31.818350,i have a different opinion about fashion reference 2710,0.0,0,1,0,0.0
C2711,U366,I34,I learned something useful about movies here. Reference 2711,2026-08-05 00:37:31.818365,i learned something useful about movies here reference 2711,0.0,0,1,0,0.0
C2712,U547,I294,The explanation of movies was very clear. Reference 2712,2026-07-06 11:52:31.818379,the explanation of movies was very clear reference 2712,0.0,0,1,0,0.0
C2713,U633,I29,This was a surprisingly interesting post. Reference 2713,2026-06-19 18:53:31.818393,this was a surprisingly interesting post reference 2713,0.0,0,1,0,0.0
C2714,U482,I479,I have a different opinion about technology. Reference 2714,2026-08-08 21:28:31.818408,i have a different opinion about technology reference 2714,0.0,0,1,0,0.0
C2715,U346,I215,I have a different opinion about sports. Reference 2715,2026-07-12 09:10:31.818422,i have a different opinion about sports reference 2715,0.0,0,1,0,0.0
C2716,U909,I391,I really enjoyed this post about education. Reference 2716,2026-07-24 05:49:31.818436,i really enjoyed this post about education reference 2716,0.0,0,1,0,0.0
C2717,U560,I418,This is worth discussing further. Reference 2717,2026-07-21 09:16:31.818450,this is worth discussing further reference 2717,0.0,0,1,0,0.0
C2718,U505,I37,Thanks for sharing this information. Reference 2718,2026-07-11 08:28:31.818464,thanks for sharing this information reference 2718,0.0,0,1,0,0.0
C2719,U72,I486,The information presented here is useful. Reference 2719,2026-06-22 15:22:31.818477,the information presented here is useful reference 2719,0.0,0,1,0,0.0
C2720,U490,I484,I learned something useful about movies here. Reference 2720,2026-06-06 23:50:31.818491,i learned something useful about movies here reference 2720,0.0,0,1,0,0.0
C2721,U42,I53,I really enjoyed this post about food. Reference 2721,2026-06-26 15:06:31.818505,i really enjoyed this post about food reference 2721,0.0,0,1,0,0.0
C2722,U230,I332,This is worth discussing further. Reference 2722,2026-06-29 08:39:31.818519,this is worth discussing further reference 2722,0.0,0,1,0,0.0
C2723,U310,I400,The explanation of technology was very clear. Reference 2723,2026-08-06 19:03:31.818533,the explanation of technology was very clear reference 2723,0.0,0,1,0,0.0
C2724,U26,I396,The explanation of fashion was very clear. Reference 2724,2026-06-10 18:15:31.818547,the explanation of fashion was very clear reference 2724,0.0,0,1,0,0.0
C2725,U700,I377,I really enjoyed this post about food. Reference 2725,2026-08-07 02:04:31.818561,i really enjoyed this post about food reference 2725,0.0,0,1,0,0.0
C2726,U396,I392,The information presented here is useful. Reference 2726,2026-07-03 17:14:31.818576,the information presented here is useful reference 2726,0.0,0,1,0,0.0
C2727,U718,I218,This was a surprisingly interesting post. Reference 2727,2026-08-01 07:29:31.818590,this was a surprisingly interesting post reference 2727,0.0,0,1,0,0.0
C2728,U448,I60,Thanks for sharing this information. Reference 2728,2026-07-10 19:29:31.818604,thanks for sharing this information reference 2728,0.0,0,1,0,0.0
C2729,U198,I175,The information presented here is useful. Reference 2729,2026-07-21 03:41:31.818617,the information presented here is useful reference 2729,0.0,0,1,0,0.0
C2730,U237,I47,Thanks for sharing this information. Reference 2730,2026-07-22 03:49:31.818631,thanks for sharing this information reference 2730,0.0,0,1,0,0.0
C2731,U422,I382,This was a surprisingly interesting post. Reference 2731,2026-08-10 11:26:31.818644,this was a surprisingly interesting post reference 2731,0.0,0,1,0,0.0
C2732,U894,I368,The explanation of technology was very clear. Reference 2732,2026-08-04 20:37:31.818659,the explanation of technology was very clear reference 2732,0.0,0,1,0,0.0
C2733,U58,I64,I think this could be improved. Reference 2733,2026-07-17 02:38:31.818672,i think this could be improved reference 2733,0.0,0,1,0,0.0
C2734,U44,I160,This is worth discussing further. Reference 2734,2026-07-16 05:11:31.818686,this is worth discussing further reference 2734,0.0,0,1,0,0.0
C2735,U132,I310,The information presented here is useful. Reference 2735,2026-06-12 23:28:31.818699,the information presented here is useful reference 2735,0.0,0,1,0,0.0
C2736,U125,I336,This is an interesting perspective on gaming. Reference 2736,2026-07-20 01:24:31.818713,this is an interesting perspective on gaming reference 2736,0.0,0,1,0,0.0
C2737,U960,I278,The explanation of food was very clear. Reference 2737,2026-06-08 15:19:31.818727,the explanation of food was very clear reference 2737,0.0,0,1,0,0.0
C2738,U752,I416,This is worth discussing further. Reference 2738,2026-07-02 11:03:31.818747,this is worth discussing further reference 2738,0.0,0,1,0,0.0
C2739,U730,I154,This is worth discussing further. Reference 2739,2026-06-13 08:04:31.818761,this is worth discussing further reference 2739,0.0,0,1,0,0.0
C2740,U250,I269,I have a different opinion about music. Reference 2740,2026-06-09 07:40:31.818775,i have a different opinion about music reference 2740,0.0,0,1,0,0.0
C2741,U554,I257,This is an interesting perspective on technology. Reference 2741,2026-07-11 06:44:31.818789,this is an interesting perspective on technology reference 2741,0.0,0,1,0,0.0
C2742,U922,I210,Thanks for sharing this information. Reference 2742,2026-07-17 08:47:31.818802,thanks for sharing this information reference 2742,0.0,0,1,0,0.0
C2743,U80,I104,I learned something useful about sports here. Reference 2743,2026-07-15 01:50:31.818816,i learned something useful about sports here reference 2743,0.0,0,1,0,0.0
C2744,U759,I283,The explanation of gaming was very clear. Reference 2744,2026-07-08 22:29:31.818830,the explanation of gaming was very clear reference 2744,0.0,0,1,0,0.0
C2745,U742,I417,I learned something useful about technology here. Reference 2745,2026-07-21 10:23:31.818843,i learned something useful about technology here reference 2745,0.0,0,1,0,0.0
C2746,U715,I225,Click here for amazing deals,2026-08-09 21:28:31.818857,click here for amazing deals,0.5,1,53,1,72.50000000000001
C2747,U510,I428,I really enjoyed this post about movies. Reference 2747,2026-07-17 12:45:31.818871,i really enjoyed this post about movies reference 2747,0.0,0,1,0,0.0
C2748,U602,I196,I have a different opinion about gaming. Reference 2748,2026-08-06 09:31:31.818886,i have a different opinion about gaming reference 2748,0.0,0,1,0,0.0
C2749,U285,I437,Thanks for sharing this information. Reference 2749,2026-06-27 17:51:31.818900,thanks for sharing this information reference 2749,0.0,0,1,0,0.0
C2750,U19,I441,The information presented here is useful. Reference 2750,2026-07-02 10:00:31.818913,the information presented here is useful reference 2750,0.0,0,1,0,0.0
C2751,U45,I114,The explanation of fashion was very clear. Reference 2751,2026-07-26 01:05:31.818926,the explanation of fashion was very clear reference 2751,0.0,0,1,0,0.0
C2752,U675,I220,This was a surprisingly interesting post. Reference 2752,2026-06-12 17:18:31.818940,this was a surprisingly interesting post reference 2752,0.0,0,1,0,0.0
C2753,U312,I16,This was a surprisingly interesting post. Reference 2753,2026-08-09 11:12:31.818953,this was a surprisingly interesting post reference 2753,0.0,0,1,0,0.0
C2754,U931,I311,This is worth discussing further. Reference 2754,2026-06-04 06:20:31.818969,this is worth discussing further reference 2754,0.0,0,1,0,0.0
C2755,U605,I110,I really enjoyed this post about music. Reference 2755,2026-06-06 18:28:31.818983,i really enjoyed this post about music reference 2755,0.0,0,1,0,0.0
C2756,U849,I318,The information presented here is useful. Reference 2756,2026-06-06 10:57:31.818996,the information presented here is useful reference 2756,0.0,0,1,0,0.0
C2757,U950,I376,Best product ever buy now,2026-06-22 11:17:31.819010,best product ever buy now,0.5,1,75,1,72.50000000000001
C2758,U397,I487,I have a different opinion about food. Reference 2758,2026-07-04 06:06:31.819024,i have a different opinion about food reference 2758,0.0,0,1,0,0.0
C2759,U586,I368,Thanks for sharing this information. Reference 2759,2026-07-28 00:53:31.819038,thanks for sharing this information reference 2759,0.0,0,1,0,0.0
C2760,U983,I195,I think this could be improved. Reference 2760,2026-07-30 19:54:31.819051,i think this could be improved reference 2760,0.0,0,1,0,0.0
C2761,U929,I7,I have a different opinion about movies. Reference 2761,2026-08-04 01:07:31.819065,i have a different opinion about movies reference 2761,0.0,0,1,0,0.0
C2762,U255,I394,This was a surprisingly interesting post. Reference 2762,2026-07-12 02:37:31.819078,this was a surprisingly interesting post reference 2762,0.0,0,1,0,0.0
C2763,U584,I202,You must buy this product,2026-07-09 21:50:31.819092,you must buy this product,0.0,0,51,1,45.0
C2764,U275,I337,I have a different opinion about technology. Reference 2764,2026-07-31 12:25:31.819106,i have a different opinion about technology reference 2764,0.0,0,1,0,0.0
C2765,U314,I291,This is worth discussing further. Reference 2765,2026-07-26 13:25:31.819120,this is worth discussing further reference 2765,0.0,0,1,0,0.0
C2766,U454,I236,I really enjoyed this post about food. Reference 2766,2026-08-11 00:36:31.819137,i really enjoyed this post about food reference 2766,0.0,0,1,0,0.0
C2767,U477,I18,This is worth discussing further. Reference 2767,2026-06-14 18:48:31.819151,this is worth discussing further reference 2767,0.0,0,1,0,0.0
C2768,U864,I284,The explanation of fashion was very clear. Reference 2768,2026-08-06 12:00:31.819165,the explanation of fashion was very clear reference 2768,0.0,0,1,0,0.0
C2769,U593,I480,This is an interesting perspective on movies. Reference 2769,2026-06-17 06:42:31.819179,this is an interesting perspective on movies reference 2769,0.0,0,1,0,0.0
C2770,U564,I160,This is an interesting perspective on food. Reference 2770,2026-07-26 11:11:31.819194,this is an interesting perspective on food reference 2770,0.0,0,1,0,0.0
C2771,U264,I392,Best product ever buy now,2026-06-27 18:47:31.819208,best product ever buy now,0.5,1,75,1,72.50000000000001
C2772,U130,I116,I learned something useful about education here. Reference 2772,2026-06-16 14:03:31.819222,i learned something useful about education here reference 2772,0.0,0,1,0,0.0
C2773,U671,I25,The explanation of gaming was very clear. Reference 2773,2026-06-13 05:59:31.819236,the explanation of gaming was very clear reference 2773,0.0,0,1,0,0.0
C2774,U39,I94,This was a surprisingly interesting post. Reference 2774,2026-06-20 01:11:31.819249,this was a surprisingly interesting post reference 2774,0.0,0,1,0,0.0
C2775,U324,I21,This was a surprisingly interesting post. Reference 2775,2026-08-06 07:08:31.819263,this was a surprisingly interesting post reference 2775,0.0,0,1,0,0.0
C2776,U974,I365,I have a different opinion about movies. Reference 2776,2026-08-10 08:46:31.819276,i have a different opinion about movies reference 2776,0.0,0,1,0,0.0
C2777,U694,I432,This is worth discussing further. Reference 2777,2026-06-18 03:59:31.819290,this is worth discussing further reference 2777,0.0,0,1,0,0.0
C2778,U240,I179,This is an interesting perspective on gaming. Reference 2778,2026-06-26 16:33:31.819304,this is an interesting perspective on gaming reference 2778,0.0,0,1,0,0.0
C2779,U454,I57,This was a surprisingly interesting post. Reference 2779,2026-07-21 06:17:31.819317,this was a surprisingly interesting post reference 2779,0.0,0,1,0,0.0
C2780,U208,I166,Thanks for sharing this information. Reference 2780,2026-06-10 20:16:31.819333,thanks for sharing this information reference 2780,0.0,0,1,0,0.0
C2781,U425,I36,The information presented here is useful. Reference 2781,2026-07-29 19:25:31.819348,the information presented here is useful reference 2781,0.0,0,1,0,0.0
C2782,U25,I167,Thanks for sharing this information. Reference 2782,2026-07-12 08:11:31.819363,thanks for sharing this information reference 2782,0.0,0,1,0,0.0
C2783,U998,I208,This is worth discussing further. Reference 2783,2026-07-16 01:35:31.819377,this is worth discussing further reference 2783,0.0,0,1,0,0.0
C2784,U636,I15,I learned something useful about music here. Reference 2784,2026-08-07 18:31:31.819390,i learned something useful about music here reference 2784,0.0,0,1,0,0.0
C2785,U297,I476,I learned something useful about technology here. Reference 2785,2026-08-02 03:54:31.819404,i learned something useful about technology here reference 2785,0.0,0,1,0,0.0
C2786,U623,I108,This is worth discussing further. Reference 2786,2026-07-23 06:35:31.819419,this is worth discussing further reference 2786,0.0,0,1,0,0.0
C2787,U387,I425,Thanks for sharing this information. Reference 2787,2026-06-13 00:36:31.819432,thanks for sharing this information reference 2787,0.0,0,1,0,0.0
C2788,U743,I76,The information presented here is useful. Reference 2788,2026-08-04 19:05:31.819446,the information presented here is useful reference 2788,0.0,0,1,0,0.0
C2789,U981,I478,The explanation of fashion was very clear. Reference 2789,2026-06-23 18:35:31.819460,the explanation of fashion was very clear reference 2789,0.0,0,1,0,0.0
C2790,U750,I62,This was a surprisingly interesting post. Reference 2790,2026-06-17 13:44:31.819474,this was a surprisingly interesting post reference 2790,0.0,0,1,0,0.0
C2791,U483,I337,This was a surprisingly interesting post. Reference 2791,2026-07-13 23:37:31.819487,this was a surprisingly interesting post reference 2791,0.0,0,1,0,0.0
C2792,U275,I99,Thanks for sharing this information. Reference 2792,2026-07-20 14:53:31.819501,thanks for sharing this information reference 2792,0.0,0,1,0,0.0
C2793,U336,I124,This is worth discussing further. Reference 2793,2026-07-01 08:13:31.819514,this is worth discussing further reference 2793,0.0,0,1,0,0.0
C2794,U322,I383,This is an interesting perspective on sports. Reference 2794,2026-07-02 07:50:31.819528,this is an interesting perspective on sports reference 2794,0.0,0,1,0,0.0
C2795,U750,I490,The information presented here is useful. Reference 2795,2026-08-04 13:53:31.819544,the information presented here is useful reference 2795,0.0,0,1,0,0.0
C2796,U360,I286,This was a surprisingly interesting post. Reference 2796,2026-07-09 20:32:31.819557,this was a surprisingly interesting post reference 2796,0.0,0,1,0,0.0
C2797,U669,I247,Thanks for sharing this information. Reference 2797,2026-07-01 23:11:31.819570,thanks for sharing this information reference 2797,0.0,0,1,0,0.0
C2798,U805,I214,The explanation of education was very clear. Reference 2798,2026-06-23 21:32:31.819585,the explanation of education was very clear reference 2798,0.0,0,1,0,0.0
C2799,U250,I397,The information presented here is useful. Reference 2799,2026-06-17 17:08:31.819599,the information presented here is useful reference 2799,0.0,0,1,0,0.0
C2800,U266,I407,I have a different opinion about music. Reference 2800,2026-07-14 06:22:31.819612,i have a different opinion about music reference 2800,0.0,0,1,0,0.0
C2801,U120,I41,The information presented here is useful. Reference 2801,2026-06-26 20:44:31.819626,the information presented here is useful reference 2801,0.0,0,1,0,0.0
C2802,U151,I294,I think this could be improved. Reference 2802,2026-07-26 10:57:31.819643,i think this could be improved reference 2802,0.0,0,1,0,0.0
C2803,U897,I232,I really enjoyed this post about education. Reference 2803,2026-07-31 20:06:31.819657,i really enjoyed this post about education reference 2803,0.0,0,1,0,0.0
C2804,U428,I134,This was a surprisingly interesting post. Reference 2804,2026-06-05 05:11:31.819670,this was a surprisingly interesting post reference 2804,0.0,0,1,0,0.0
C2805,U103,I64,I really enjoyed this post about fashion. Reference 2805,2026-08-09 15:42:31.819684,i really enjoyed this post about fashion reference 2805,0.0,0,1,0,0.0
C2806,U706,I85,This is an interesting perspective on education. Reference 2806,2026-06-25 23:10:31.819698,this is an interesting perspective on education reference 2806,0.0,0,1,0,0.0
C2807,U887,I271,The information presented here is useful. Reference 2807,2026-07-10 13:51:31.819711,the information presented here is useful reference 2807,0.0,0,1,0,0.0
C2808,U130,I205,This was a surprisingly interesting post. Reference 2808,2026-06-08 00:37:31.819725,this was a surprisingly interesting post reference 2808,0.0,0,1,0,0.0
C2809,U300,I60,This is worth discussing further. Reference 2809,2026-06-18 23:52:31.819743,this is worth discussing further reference 2809,0.0,0,1,0,0.0
C2810,U623,I315,This is an interesting perspective on technology. Reference 2810,2026-08-05 02:52:31.819757,this is an interesting perspective on technology reference 2810,0.0,0,1,0,0.0
C2811,U756,I471,You must buy this product,2026-07-05 14:46:31.819773,you must buy this product,0.0,0,51,1,45.0
C2812,U645,I230,The information presented here is useful. Reference 2812,2026-06-03 20:50:31.819789,the information presented here is useful reference 2812,0.0,0,1,0,0.0
C2813,U488,I358,I learned something useful about education here. Reference 2813,2026-06-06 23:01:31.819803,i learned something useful about education here reference 2813,0.0,0,1,0,0.0
C2814,U784,I301,This was a surprisingly interesting post. Reference 2814,2026-07-28 23:22:31.819817,this was a surprisingly interesting post reference 2814,0.0,0,1,0,0.0
C2815,U917,I3,Thanks for sharing this information. Reference 2815,2026-06-11 11:48:31.819830,thanks for sharing this information reference 2815,0.0,0,1,0,0.0
C2816,U664,I232,The information presented here is useful. Reference 2816,2026-07-02 21:52:31.819844,the information presented here is useful reference 2816,0.0,0,1,0,0.0
C2817,U180,I260,Thanks for sharing this information. Reference 2817,2026-08-03 00:18:31.819857,thanks for sharing this information reference 2817,0.0,0,1,0,0.0
C2818,U237,I152,I think this could be improved. Reference 2818,2026-08-07 10:29:31.819871,i think this could be improved reference 2818,0.0,0,1,0,0.0
C2819,U577,I265,This was a surprisingly interesting post. Reference 2819,2026-07-16 20:49:31.819884,this was a surprisingly interesting post reference 2819,0.0,0,1,0,0.0
C2820,U330,I196,This is worth discussing further. Reference 2820,2026-07-29 19:09:31.819898,this is worth discussing further reference 2820,0.0,0,1,0,0.0
C2821,U42,I416,The explanation of fashion was very clear. Reference 2821,2026-06-25 13:54:31.819912,the explanation of fashion was very clear reference 2821,0.0,0,1,0,0.0
C2822,U284,I294,Thanks for sharing this information. Reference 2822,2026-08-02 18:41:31.819925,thanks for sharing this information reference 2822,0.0,0,1,0,0.0
C2823,U355,I145,I learned something useful about gaming here. Reference 2823,2026-07-16 15:10:31.819941,i learned something useful about gaming here reference 2823,0.0,0,1,0,0.0
C2824,U280,I249,I think this could be improved. Reference 2824,2026-07-27 10:05:31.819954,i think this could be improved reference 2824,0.0,0,1,0,0.0
C2825,U295,I480,I have a different opinion about gaming. Reference 2825,2026-07-21 17:52:31.819968,i have a different opinion about gaming reference 2825,0.0,0,1,0,0.0
C2826,U682,I142,I learned something useful about gaming here. Reference 2826,2026-07-24 00:07:31.819982,i learned something useful about gaming here reference 2826,0.0,0,1,0,0.0
C2827,U565,I429,This was a surprisingly interesting post. Reference 2827,2026-08-09 08:14:31.819996,this was a surprisingly interesting post reference 2827,0.0,0,1,0,0.0
C2828,U612,I462,I really enjoyed this post about sports. Reference 2828,2026-08-11 05:25:31.820010,i really enjoyed this post about sports reference 2828,0.0,0,1,0,0.0
C2829,U500,I426,I really enjoyed this post about music. Reference 2829,2026-07-24 08:12:31.820023,i really enjoyed this post about music reference 2829,0.0,0,1,0,0.0
C2830,U288,I482,Thanks for sharing this information. Reference 2830,2026-06-06 04:42:31.820037,thanks for sharing this information reference 2830,0.0,0,1,0,0.0
C2831,U455,I266,I learned something useful about food here. Reference 2831,2026-07-15 23:40:31.820051,i learned something useful about food here reference 2831,0.0,0,1,0,0.0
C2832,U940,I56,This is an interesting perspective on food. Reference 2832,2026-07-03 11:41:31.820065,this is an interesting perspective on food reference 2832,0.0,0,1,0,0.0
C2833,U505,I134,This is an interesting perspective on education. Reference 2833,2026-07-17 11:41:31.820080,this is an interesting perspective on education reference 2833,0.0,0,1,0,0.0
C2834,U749,I342,This is an interesting perspective on music. Reference 2834,2026-08-04 15:15:31.820094,this is an interesting perspective on music reference 2834,0.0,0,1,0,0.0
C2835,U762,I406,The explanation of gaming was very clear. Reference 2835,2026-07-13 01:23:31.820108,the explanation of gaming was very clear reference 2835,0.0,0,1,0,0.0
C2836,U160,I259,This is worth discussing further. Reference 2836,2026-07-01 13:22:31.820121,this is worth discussing further reference 2836,0.0,0,1,0,0.0
C2837,U645,I376,This was a surprisingly interesting post. Reference 2837,2026-06-08 11:56:31.820135,this was a surprisingly interesting post reference 2837,0.0,0,1,0,0.0
C2838,U704,I161,I really enjoyed this post about fashion. Reference 2838,2026-08-02 16:34:31.820149,i really enjoyed this post about fashion reference 2838,0.0,0,1,0,0.0
C2839,U954,I361,This was a surprisingly interesting post. Reference 2839,2026-07-25 12:03:31.820166,this was a surprisingly interesting post reference 2839,0.0,0,1,0,0.0
C2840,U861,I285,I really enjoyed this post about technology. Reference 2840,2026-07-20 10:46:31.820180,i really enjoyed this post about technology reference 2840,0.0,0,1,0,0.0
C2841,U140,I300,The information presented here is useful. Reference 2841,2026-06-11 13:01:31.820193,the information presented here is useful reference 2841,0.0,0,1,0,0.0
C2842,U200,I135,I think this could be improved. Reference 2842,2026-06-28 17:33:31.820207,i think this could be improved reference 2842,0.0,0,1,0,0.0
C2843,U833,I95,I think this could be improved. Reference 2843,2026-07-30 20:04:31.820220,i think this could be improved reference 2843,0.0,0,1,0,0.0
C2844,U203,I325,This is an interesting perspective on sports. Reference 2844,2026-08-11 12:59:31.820234,this is an interesting perspective on sports reference 2844,0.0,0,1,0,0.0
C2845,U444,I34,Click here for amazing deals,2026-06-08 04:59:31.820248,click here for amazing deals,0.5,1,53,1,72.50000000000001
C2846,U182,I19,The information presented here is useful. Reference 2846,2026-06-17 00:02:31.820261,the information presented here is useful reference 2846,0.0,0,1,0,0.0
C2847,U389,I323,Thanks for sharing this information. Reference 2847,2026-06-14 18:52:31.820275,thanks for sharing this information reference 2847,0.0,0,1,0,0.0
C2848,U357,I247,This was a surprisingly interesting post. Reference 2848,2026-07-15 12:24:31.820288,this was a surprisingly interesting post reference 2848,0.0,0,1,0,0.0
C2849,U860,I118,Best product ever buy now,2026-06-28 05:04:31.820302,best product ever buy now,0.5,1,75,1,72.50000000000001
C2850,U815,I322,The information presented here is useful. Reference 2850,2026-06-23 08:52:31.820315,the information presented here is useful reference 2850,0.0,0,1,0,0.0
C2851,U492,I151,This is an interesting perspective on sports. Reference 2851,2026-08-01 14:30:31.820330,this is an interesting perspective on sports reference 2851,0.0,0,1,0,0.0
C2852,U986,I451,I have a different opinion about fashion. Reference 2852,2026-07-02 03:07:31.820344,i have a different opinion about fashion reference 2852,0.0,0,1,0,0.0
C2853,U333,I126,The information presented here is useful. Reference 2853,2026-07-26 19:04:31.820357,the information presented here is useful reference 2853,0.0,0,1,0,0.0
C2854,U475,I489,This is worth discussing further. Reference 2854,2026-07-11 04:41:31.820371,this is worth discussing further reference 2854,0.0,0,1,0,0.0
C2855,U713,I203,I learned something useful about food here. Reference 2855,2026-06-28 07:21:31.820385,i learned something useful about food here reference 2855,0.0,0,1,0,0.0
C2856,U615,I210,The explanation of technology was very clear. Reference 2856,2026-07-16 08:26:31.820399,the explanation of technology was very clear reference 2856,0.0,0,1,0,0.0
C2857,U274,I259,The explanation of fashion was very clear. Reference 2857,2026-08-06 07:09:31.820412,the explanation of fashion was very clear reference 2857,0.0,0,1,0,0.0
C2858,U575,I395,This is worth discussing further. Reference 2858,2026-06-11 09:26:31.820426,this is worth discussing further reference 2858,0.0,0,1,0,0.0
C2859,U325,I210,The information presented here is useful. Reference 2859,2026-07-04 03:07:31.820439,the information presented here is useful reference 2859,0.0,0,1,0,0.0
C2860,U408,I133,I really enjoyed this post about movies. Reference 2860,2026-06-28 15:22:31.820453,i really enjoyed this post about movies reference 2860,0.0,0,1,0,0.0
C2861,U745,I112,Best deal available now,2026-07-14 18:01:31.820466,best deal available now,0.5,1,52,1,72.50000000000001
C2862,U458,I209,The explanation of education was very clear. Reference 2862,2026-06-24 01:02:31.820480,the explanation of education was very clear reference 2862,0.0,0,1,0,0.0
C2863,U211,I399,This is an interesting perspective on music. Reference 2863,2026-07-31 01:42:31.820494,this is an interesting perspective on music reference 2863,0.0,0,1,0,0.0
C2864,U619,I276,I really enjoyed this post about technology. Reference 2864,2026-07-08 07:38:31.820507,i really enjoyed this post about technology reference 2864,0.0,0,1,0,0.0
C2865,U92,I399,This is worth discussing further. Reference 2865,2026-06-22 12:10:31.820523,this is worth discussing further reference 2865,0.0,0,1,0,0.0
C2866,U64,I335,I really enjoyed this post about sports. Reference 2866,2026-07-09 20:58:31.820537,i really enjoyed this post about sports reference 2866,0.0,0,1,0,0.0
C2867,U548,I101,I learned something useful about fashion here. Reference 2867,2026-06-07 11:52:31.820551,i learned something useful about fashion here reference 2867,0.0,0,1,0,0.0
C2868,U234,I148,I learned something useful about music here. Reference 2868,2026-07-12 15:48:31.820568,i learned something useful about music here reference 2868,0.0,0,1,0,0.0
C2869,U423,I110,This was a surprisingly interesting post. Reference 2869,2026-08-10 14:11:31.820581,this was a surprisingly interesting post reference 2869,0.0,0,1,0,0.0
C2870,U36,I432,I really enjoyed this post about gaming. Reference 2870,2026-06-27 04:26:31.820595,i really enjoyed this post about gaming reference 2870,0.0,0,1,0,0.0
C2871,U407,I405,I think this could be improved. Reference 2871,2026-07-28 13:07:31.820609,i think this could be improved reference 2871,0.0,0,1,0,0.0
C2872,U289,I154,I really enjoyed this post about sports. Reference 2872,2026-06-15 08:19:31.820623,i really enjoyed this post about sports reference 2872,0.0,0,1,0,0.0
C2873,U790,I352,The explanation of technology was very clear. Reference 2873,2026-07-18 00:47:31.820636,the explanation of technology was very clear reference 2873,0.0,0,1,0,0.0
C2874,U767,I63,The information presented here is useful. Reference 2874,2026-07-30 21:23:31.820650,the information presented here is useful reference 2874,0.0,0,1,0,0.0
C2875,U837,I379,I have a different opinion about gaming. Reference 2875,2026-08-04 20:48:31.820666,i have a different opinion about gaming reference 2875,0.0,0,1,0,0.0
C2876,U75,I258,The information presented here is useful. Reference 2876,2026-08-10 11:46:31.820682,the information presented here is useful reference 2876,0.0,0,1,0,0.0
C2877,U760,I425,This was a surprisingly interesting post. Reference 2877,2026-08-03 03:14:31.820696,this was a surprisingly interesting post reference 2877,0.0,0,1,0,0.0
C2878,U753,I301,The information presented here is useful. Reference 2878,2026-06-17 16:49:31.820710,the information presented here is useful reference 2878,0.0,0,1,0,0.0
C2879,U879,I159,This is worth discussing further. Reference 2879,2026-06-26 04:43:31.820725,this is worth discussing further reference 2879,0.0,0,1,0,0.0
C2880,U761,I11,I have a different opinion about movies. Reference 2880,2026-07-01 01:29:31.820740,i have a different opinion about movies reference 2880,0.0,0,1,0,0.0
C2881,U207,I51,I have a different opinion about food. Reference 2881,2026-07-08 13:19:31.820754,i have a different opinion about food reference 2881,0.0,0,1,0,0.0
C2882,U298,I219,This is an interesting perspective on sports. Reference 2882,2026-07-05 20:20:31.820768,this is an interesting perspective on sports reference 2882,0.0,0,1,0,0.0
C2883,U574,I142,I think this could be improved. Reference 2883,2026-06-08 20:31:31.820781,i think this could be improved reference 2883,0.0,0,1,0,0.0
C2884,U546,I259,The explanation of fashion was very clear. Reference 2884,2026-08-10 06:22:31.820795,the explanation of fashion was very clear reference 2884,0.0,0,1,0,0.0
C2885,U508,I372,The information presented here is useful. Reference 2885,2026-06-03 09:50:31.820809,the information presented here is useful reference 2885,0.0,0,1,0,0.0
C2886,U559,I365,This is an interesting perspective on food. Reference 2886,2026-07-22 10:30:31.820823,this is an interesting perspective on food reference 2886,0.0,0,1,0,0.0
C2887,U591,I499,Amazing product buy now,2026-07-21 16:55:31.820836,amazing product buy now,1.0,1,69,1,100.0
C2888,U457,I189,I think this could be improved. Reference 2888,2026-06-14 07:43:31.820850,i think this could be improved reference 2888,0.0,0,1,0,0.0
C2889,U318,I170,I learned something useful about gaming here. Reference 2889,2026-08-03 03:36:31.820863,i learned something useful about gaming here reference 2889,0.0,0,1,0,0.0
C2890,U574,I86,The explanation of food was very clear. Reference 2890,2026-06-18 19:39:31.820877,the explanation of food was very clear reference 2890,0.0,0,1,0,0.0
C2891,U255,I42,I learned something useful about fashion here. Reference 2891,2026-06-16 17:14:31.820891,i learned something useful about fashion here reference 2891,0.0,0,1,0,0.0
C2892,U858,I242,This was a surprisingly interesting post. Reference 2892,2026-08-06 11:14:31.820906,this was a surprisingly interesting post reference 2892,0.0,0,1,0,0.0
C2893,U785,I252,I have a different opinion about fashion. Reference 2893,2026-07-14 11:35:31.820919,i have a different opinion about fashion reference 2893,0.0,0,1,0,0.0
C2894,U758,I172,I learned something useful about technology here. Reference 2894,2026-07-13 13:46:31.820933,i learned something useful about technology here reference 2894,0.0,0,1,0,0.0
C2895,U705,I289,Thanks for sharing this information. Reference 2895,2026-08-11 07:48:31.820947,thanks for sharing this information reference 2895,0.0,0,1,0,0.0
C2896,U274,I353,The explanation of food was very clear. Reference 2896,2026-06-23 04:07:31.820963,the explanation of food was very clear reference 2896,0.0,0,1,0,0.0
C2897,U511,I160,The explanation of music was very clear. Reference 2897,2026-06-30 20:06:31.820979,the explanation of music was very clear reference 2897,0.0,0,1,0,0.0
C2898,U725,I247,This was a surprisingly interesting post. Reference 2898,2026-08-02 06:30:31.820993,this was a surprisingly interesting post reference 2898,0.0,0,1,0,0.0
C2899,U435,I358,This is an interesting perspective on fashion. Reference 2899,2026-07-31 05:55:31.821008,this is an interesting perspective on fashion reference 2899,0.0,0,1,0,0.0
C2900,U775,I6,I learned something useful about gaming here. Reference 2900,2026-07-27 16:55:31.821022,i learned something useful about gaming here reference 2900,0.0,0,1,0,0.0
C2901,U202,I224,This is an interesting perspective on technology. Reference 2901,2026-07-04 05:20:31.821036,this is an interesting perspective on technology reference 2901,0.0,0,1,0,0.0
C2902,U507,I87,This was a surprisingly interesting post. Reference 2902,2026-07-30 02:26:31.821050,this was a surprisingly interesting post reference 2902,0.0,0,1,0,0.0
C2903,U766,I447,This was a surprisingly interesting post. Reference 2903,2026-07-06 11:28:31.821063,this was a surprisingly interesting post reference 2903,0.0,0,1,0,0.0
C2904,U9,I151,This is an interesting perspective on fashion. Reference 2904,2026-07-16 01:14:31.821077,this is an interesting perspective on fashion reference 2904,0.0,0,1,0,0.0
C2905,U737,I472,I have a different opinion about music. Reference 2905,2026-06-16 20:16:31.821091,i have a different opinion about music reference 2905,0.0,0,1,0,0.0
C2906,U910,I190,Thanks for sharing this information. Reference 2906,2026-07-29 22:50:31.821105,thanks for sharing this information reference 2906,0.0,0,1,0,0.0
C2907,U297,I267,The explanation of music was very clear. Reference 2907,2026-06-25 13:22:31.821119,the explanation of music was very clear reference 2907,0.0,0,1,0,0.0
C2908,U619,I128,I think this could be improved. Reference 2908,2026-07-23 15:52:31.821134,i think this could be improved reference 2908,0.0,0,1,0,0.0
C2909,U958,I169,I learned something useful about education here. Reference 2909,2026-06-25 02:27:31.821149,i learned something useful about education here reference 2909,0.0,0,1,0,0.0
C2910,U732,I424,I think this could be improved. Reference 2910,2026-07-13 21:58:31.821162,i think this could be improved reference 2910,0.0,0,1,0,0.0
C2911,U426,I91,I learned something useful about food here. Reference 2911,2026-08-05 17:30:31.821176,i learned something useful about food here reference 2911,0.0,0,1,0,0.0
C2912,U5,I159,The explanation of sports was very clear. Reference 2912,2026-06-09 15:49:31.821190,the explanation of sports was very clear reference 2912,0.0,0,1,0,0.0
C2913,U96,I275,I think this could be improved. Reference 2913,2026-08-03 05:04:31.821204,i think this could be improved reference 2913,0.0,0,1,0,0.0
C2914,U62,I319,I think this could be improved. Reference 2914,2026-08-05 18:07:31.821217,i think this could be improved reference 2914,0.0,0,1,0,0.0
C2915,U358,I325,This was a surprisingly interesting post. Reference 2915,2026-07-11 10:24:31.821231,this was a surprisingly interesting post reference 2915,0.0,0,1,0,0.0
C2916,U643,I7,The explanation of movies was very clear. Reference 2916,2026-07-16 23:09:31.821244,the explanation of movies was very clear reference 2916,0.0,0,1,0,0.0
C2917,U840,I466,The information presented here is useful. Reference 2917,2026-07-09 09:39:31.821258,the information presented here is useful reference 2917,0.0,0,1,0,0.0
C2918,U639,I392,The information presented here is useful. Reference 2918,2026-06-21 18:12:31.821271,the information presented here is useful reference 2918,0.0,0,1,0,0.0
C2919,U554,I328,The explanation of gaming was very clear. Reference 2919,2026-06-18 21:20:31.821285,the explanation of gaming was very clear reference 2919,0.0,0,1,0,0.0
C2920,U156,I52,The explanation of movies was very clear. Reference 2920,2026-07-26 14:25:31.821299,the explanation of movies was very clear reference 2920,0.0,0,1,0,0.0
C2921,U269,I288,This is an interesting perspective on education. Reference 2921,2026-06-25 06:57:31.821312,this is an interesting perspective on education reference 2921,0.0,0,1,0,0.0
C2922,U601,I330,The information presented here is useful. Reference 2922,2026-06-20 10:26:31.821326,the information presented here is useful reference 2922,0.0,0,1,0,0.0
C2923,U790,I436,Thanks for sharing this information. Reference 2923,2026-06-05 17:24:31.821339,thanks for sharing this information reference 2923,0.0,0,1,0,0.0
C2924,U892,I315,I think this could be improved. Reference 2924,2026-07-27 12:45:31.821355,i think this could be improved reference 2924,0.0,0,1,0,0.0
C2925,U2,I401,The explanation of sports was very clear. Reference 2925,2026-08-03 12:27:31.821369,the explanation of sports was very clear reference 2925,0.0,0,1,0,0.0
C2926,U951,I411,Thanks for sharing this information. Reference 2926,2026-07-29 18:52:31.821382,thanks for sharing this information reference 2926,0.0,0,1,0,0.0
C2927,U168,I243,I really enjoyed this post about music. Reference 2927,2026-08-04 18:03:31.821396,i really enjoyed this post about music reference 2927,0.0,0,1,0,0.0
C2928,U917,I496,I really enjoyed this post about education. Reference 2928,2026-06-26 06:08:31.821410,i really enjoyed this post about education reference 2928,0.0,0,1,0,0.0
C2929,U826,I225,The information presented here is useful. Reference 2929,2026-07-13 01:26:31.821426,the information presented here is useful reference 2929,0.0,0,1,0,0.0
C2930,U309,I256,This is an interesting perspective on sports. Reference 2930,2026-06-21 20:19:31.821440,this is an interesting perspective on sports reference 2930,0.0,0,1,0,0.0
C2931,U402,I193,The information presented here is useful. Reference 2931,2026-07-10 12:29:31.821453,the information presented here is useful reference 2931,0.0,0,1,0,0.0
C2932,U319,I429,This was a surprisingly interesting post. Reference 2932,2026-06-24 12:40:31.821467,this was a surprisingly interesting post reference 2932,0.0,0,1,0,0.0
C2933,U80,I452,Thanks for sharing this information. Reference 2933,2026-07-27 17:05:31.821480,thanks for sharing this information reference 2933,0.0,0,1,0,0.0
C2934,U968,I324,I have a different opinion about education. Reference 2934,2026-07-03 00:48:31.821494,i have a different opinion about education reference 2934,0.0,0,1,0,0.0
C2935,U573,I226,I think this could be improved. Reference 2935,2026-06-10 10:46:31.821507,i think this could be improved reference 2935,0.0,0,1,0,0.0
C2936,U123,I285,The information presented here is useful. Reference 2936,2026-07-26 15:06:31.821523,the information presented here is useful reference 2936,0.0,0,1,0,0.0
C2937,U25,I443,This is worth discussing further. Reference 2937,2026-06-11 20:15:31.821536,this is worth discussing further reference 2937,0.0,0,1,0,0.0
C2938,U354,I372,The information presented here is useful. Reference 2938,2026-06-16 16:10:31.821550,the information presented here is useful reference 2938,0.0,0,1,0,0.0
C2939,U573,I448,The explanation of fashion was very clear. Reference 2939,2026-07-08 18:31:31.821565,the explanation of fashion was very clear reference 2939,0.0,0,1,0,0.0
C2940,U183,I477,I really enjoyed this post about sports. Reference 2940,2026-07-02 14:14:31.821580,i really enjoyed this post about sports reference 2940,0.0,0,1,0,0.0
C2941,U369,I269,The explanation of technology was very clear. Reference 2941,2026-06-19 11:26:31.821593,the explanation of technology was very clear reference 2941,0.0,0,1,0,0.0
C2942,U317,I168,This is an interesting perspective on music. Reference 2942,2026-07-19 17:38:31.821607,this is an interesting perspective on music reference 2942,0.0,0,1,0,0.0
C2943,U514,I471,I really enjoyed this post about movies. Reference 2943,2026-08-08 18:44:31.821621,i really enjoyed this post about movies reference 2943,0.0,0,1,0,0.0
C2944,U662,I140,I think this could be improved. Reference 2944,2026-08-07 20:02:31.821634,i think this could be improved reference 2944,0.0,0,1,0,0.0
C2945,U712,I360,I have a different opinion about movies. Reference 2945,2026-06-15 22:03:31.821648,i have a different opinion about movies reference 2945,0.0,0,1,0,0.0
C2946,U58,I497,Thanks for sharing this information. Reference 2946,2026-06-07 11:25:31.821661,thanks for sharing this information reference 2946,0.0,0,1,0,0.0
C2947,U949,I241,Thanks for sharing this information. Reference 2947,2026-06-28 04:54:31.821675,thanks for sharing this information reference 2947,0.0,0,1,0,0.0
C2948,U177,I242,This was a surprisingly interesting post. Reference 2948,2026-08-08 08:32:31.821689,this was a surprisingly interesting post reference 2948,0.0,0,1,0,0.0
C2949,U378,I14,Thanks for sharing this information. Reference 2949,2026-06-08 14:29:31.821702,thanks for sharing this information reference 2949,0.0,0,1,0,0.0
C2950,U753,I90,I learned something useful about gaming here. Reference 2950,2026-07-04 15:24:31.821716,i learned something useful about gaming here reference 2950,0.0,0,1,0,0.0
C2951,U854,I433,This is an interesting perspective on technology. Reference 2951,2026-07-02 11:24:31.821730,this is an interesting perspective on technology reference 2951,0.0,0,1,0,0.0
C2952,U652,I363,I really enjoyed this post about music. Reference 2952,2026-08-02 23:02:31.821750,i really enjoyed this post about music reference 2952,0.0,0,1,0,0.0
C2953,U878,I278,I have a different opinion about sports. Reference 2953,2026-06-13 04:53:31.821765,i have a different opinion about sports reference 2953,0.0,0,1,0,0.0
C2954,U628,I377,I really enjoyed this post about music. Reference 2954,2026-06-11 15:59:31.821779,i really enjoyed this post about music reference 2954,0.0,0,1,0,0.0
C2955,U868,I460,This is worth discussing further. Reference 2955,2026-06-19 09:59:31.821792,this is worth discussing further reference 2955,0.0,0,1,0,0.0
C2956,U739,I483,This is worth discussing further. Reference 2956,2026-06-12 08:22:31.821806,this is worth discussing further reference 2956,0.0,0,1,0,0.0
C2957,U412,I213,I really enjoyed this post about gaming. Reference 2957,2026-07-25 06:29:31.821820,i really enjoyed this post about gaming reference 2957,0.0,0,1,0,0.0
C2958,U844,I389,This was a surprisingly interesting post. Reference 2958,2026-06-06 11:33:31.821833,this was a surprisingly interesting post reference 2958,0.0,0,1,0,0.0
C2959,U273,I42,I learned something useful about food here. Reference 2959,2026-08-07 18:45:31.821847,i learned something useful about food here reference 2959,0.0,0,1,0,0.0
C2960,U282,I311,The explanation of fashion was very clear. Reference 2960,2026-07-27 02:07:31.821862,the explanation of fashion was very clear reference 2960,0.0,0,1,0,0.0
C2961,U650,I382,I really enjoyed this post about movies. Reference 2961,2026-07-17 21:56:31.821876,i really enjoyed this post about movies reference 2961,0.0,0,1,0,0.0
C2962,U574,I179,This is an interesting perspective on music. Reference 2962,2026-06-30 09:26:31.821890,this is an interesting perspective on music reference 2962,0.0,0,1,0,0.0
C2963,U581,I428,This is an interesting perspective on food. Reference 2963,2026-08-03 19:23:31.821904,this is an interesting perspective on food reference 2963,0.0,0,1,0,0.0
C2964,U119,I470,This is an interesting perspective on education. Reference 2964,2026-06-06 10:15:31.821921,this is an interesting perspective on education reference 2964,0.0,0,1,0,0.0
C2965,U88,I95,This is worth discussing further. Reference 2965,2026-07-27 10:03:31.821935,this is worth discussing further reference 2965,0.0,0,1,0,0.0
C2966,U807,I5,The explanation of music was very clear. Reference 2966,2026-06-30 22:20:31.821949,the explanation of music was very clear reference 2966,0.0,0,1,0,0.0
C2967,U83,I449,The explanation of movies was very clear. Reference 2967,2026-06-10 20:33:31.821963,the explanation of movies was very clear reference 2967,0.0,0,1,0,0.0
C2968,U657,I482,The explanation of education was very clear. Reference 2968,2026-07-14 13:42:31.821977,the explanation of education was very clear reference 2968,0.0,0,1,0,0.0
C2969,U54,I194,I have a different opinion about education. Reference 2969,2026-07-17 10:34:31.821991,i have a different opinion about education reference 2969,0.0,0,1,0,0.0
C2970,U143,I289,This is worth discussing further. Reference 2970,2026-07-22 06:21:31.822004,this is worth discussing further reference 2970,0.0,0,1,0,0.0
C2971,U855,I96,I have a different opinion about sports. Reference 2971,2026-07-26 17:04:31.822017,i have a different opinion about sports reference 2971,0.0,0,1,0,0.0
C2972,U302,I132,I think this could be improved. Reference 2972,2026-08-03 10:06:31.822031,i think this could be improved reference 2972,0.0,0,1,0,0.0
C2973,U501,I181,Thanks for sharing this information. Reference 2973,2026-07-11 01:53:31.822046,thanks for sharing this information reference 2973,0.0,0,1,0,0.0
C2974,U790,I328,This was a surprisingly interesting post. Reference 2974,2026-06-15 09:29:31.822059,this was a surprisingly interesting post reference 2974,0.0,0,1,0,0.0
C2975,U703,I425,I learned something useful about technology here. Reference 2975,2026-06-19 13:32:31.822073,i learned something useful about technology here reference 2975,0.0,0,1,0,0.0
C2976,U394,I79,This was a surprisingly interesting post. Reference 2976,2026-06-08 22:01:31.822087,this was a surprisingly interesting post reference 2976,0.0,0,1,0,0.0
C2977,U444,I177,I have a different opinion about sports. Reference 2977,2026-07-11 16:28:31.822101,i have a different opinion about sports reference 2977,0.0,0,1,0,0.0
C2978,U716,I495,This was a surprisingly interesting post. Reference 2978,2026-08-03 13:43:31.822114,this was a surprisingly interesting post reference 2978,0.0,0,1,0,0.0
C2979,U525,I395,The explanation of movies was very clear. Reference 2979,2026-07-22 23:11:31.822128,the explanation of movies was very clear reference 2979,0.0,0,1,0,0.0
C2980,U478,I133,I really enjoyed this post about gaming. Reference 2980,2026-06-25 18:30:31.822142,i really enjoyed this post about gaming reference 2980,0.0,0,1,0,0.0
C2981,U674,I323,I learned something useful about food here. Reference 2981,2026-07-30 02:33:31.822158,i learned something useful about food here reference 2981,0.0,0,1,0,0.0
C2982,U478,I300,This is worth discussing further. Reference 2982,2026-06-21 12:24:31.822171,this is worth discussing further reference 2982,0.0,0,1,0,0.0
C2983,U386,I337,Thanks for sharing this information. Reference 2983,2026-07-13 11:45:31.822184,thanks for sharing this information reference 2983,0.0,0,1,0,0.0
C2984,U718,I53,This is worth discussing further. Reference 2984,2026-07-28 09:11:31.822198,this is worth discussing further reference 2984,0.0,0,1,0,0.0
C2985,U431,I243,This is worth discussing further. Reference 2985,2026-06-13 20:39:31.822212,this is worth discussing further reference 2985,0.0,0,1,0,0.0
C2986,U924,I51,I learned something useful about music here. Reference 2986,2026-07-14 22:54:31.822225,i learned something useful about music here reference 2986,0.0,0,1,0,0.0
C2987,U166,I239,This was a surprisingly interesting post. Reference 2987,2026-06-04 09:06:31.822239,this was a surprisingly interesting post reference 2987,0.0,0,1,0,0.0
C2988,U22,I224,Thanks for sharing this information. Reference 2988,2026-06-18 19:17:31.822253,thanks for sharing this information reference 2988,0.0,0,1,0,0.0
C2989,U589,I355,The information presented here is useful. Reference 2989,2026-06-29 17:26:31.822266,the information presented here is useful reference 2989,0.0,0,1,0,0.0
C2990,U854,I124,I have a different opinion about music. Reference 2990,2026-06-18 03:12:31.822280,i have a different opinion about music reference 2990,0.0,0,1,0,0.0
C2991,U345,I247,Amazing product buy now,2026-08-08 04:19:31.822293,amazing product buy now,1.0,1,69,1,100.0
C2992,U994,I475,The explanation of gaming was very clear. Reference 2992,2026-07-04 12:19:31.822311,the explanation of gaming was very clear reference 2992,0.0,0,1,0,0.0
C2993,U436,I396,I have a different opinion about fashion. Reference 2993,2026-06-18 20:23:31.822325,i have a different opinion about fashion reference 2993,0.0,0,1,0,0.0
C2994,U29,I83,This was a surprisingly interesting post. Reference 2994,2026-07-15 11:21:31.822339,this was a surprisingly interesting post reference 2994,0.0,0,1,0,0.0
C2995,U907,I305,This was a surprisingly interesting post. Reference 2995,2026-06-21 03:11:31.822352,this was a surprisingly interesting post reference 2995,0.0,0,1,0,0.0
C2996,U769,I71,I learned something useful about music here. Reference 2996,2026-08-06 22:27:31.822366,i learned something useful about music here reference 2996,0.0,0,1,0,0.0
C2997,U993,I46,I have a different opinion about education. Reference 2997,2026-07-11 07:54:31.822380,i have a different opinion about education reference 2997,0.0,0,1,0,0.0
C2998,U469,I202,I learned something useful about food here. Reference 2998,2026-08-11 18:08:31.822394,i learned something useful about food here reference 2998,0.0,0,1,0,0.0
C2999,U674,I75,The explanation of education was very clear. Reference 2999,2026-07-15 09:49:31.822408,the explanation of education was very clear reference 2999,0.0,0,1,0,0.0
C3000,U314,I41,I learned something useful about sports here. Reference 3000,2026-07-24 07:49:31.822422,i learned something useful about sports here reference 3000,0.0,0,1,0,0.0
C3001,U447,I46,The explanation of education was very clear. Reference 3001,2026-06-10 12:12:31.822435,the explanation of education was very clear reference 3001,0.0,0,1,0,0.0
C3002,U568,I432,This is worth discussing further. Reference 3002,2026-06-29 09:12:31.822449,this is worth discussing further reference 3002,0.0,0,1,0,0.0
C3003,U163,I176,This is an interesting perspective on food. Reference 3003,2026-06-22 18:51:31.822464,this is an interesting perspective on food reference 3003,0.0,0,1,0,0.0
C3004,U703,I201,The explanation of food was very clear. Reference 3004,2026-06-11 23:45:31.822478,the explanation of food was very clear reference 3004,0.0,0,1,0,0.0
C3005,U385,I425,I think this could be improved. Reference 3005,2026-08-03 02:39:31.822492,i think this could be improved reference 3005,0.0,0,1,0,0.0
C3006,U396,I65,This is worth discussing further. Reference 3006,2026-07-06 10:25:31.822505,this is worth discussing further reference 3006,0.0,0,1,0,0.0
C3007,U791,I167,I have a different opinion about fashion. Reference 3007,2026-06-18 11:57:31.822519,i have a different opinion about fashion reference 3007,0.0,0,1,0,0.0
C3008,U403,I273,This is an interesting perspective on music. Reference 3008,2026-06-28 09:15:31.822533,this is an interesting perspective on music reference 3008,0.0,0,1,0,0.0
C3009,U685,I379,Thanks for sharing this information. Reference 3009,2026-07-22 15:41:31.822548,thanks for sharing this information reference 3009,0.0,0,1,0,0.0
C3010,U906,I311,I learned something useful about sports here. Reference 3010,2026-07-09 05:36:31.822561,i learned something useful about sports here reference 3010,0.0,0,1,0,0.0
C3011,U370,I174,This was a surprisingly interesting post. Reference 3011,2026-06-17 06:10:31.822575,this was a surprisingly interesting post reference 3011,0.0,0,1,0,0.0
C3012,U613,I384,The information presented here is useful. Reference 3012,2026-06-14 01:41:31.822588,the information presented here is useful reference 3012,0.0,0,1,0,0.0
C3013,U235,I70,I think this could be improved. Reference 3013,2026-08-07 19:19:31.822601,i think this could be improved reference 3013,0.0,0,1,0,0.0
C3014,U216,I154,The information presented here is useful. Reference 3014,2026-07-11 22:08:31.822615,the information presented here is useful reference 3014,0.0,0,1,0,0.0
C3015,U393,I334,I learned something useful about fashion here. Reference 3015,2026-07-29 02:40:31.822628,i learned something useful about fashion here reference 3015,0.0,0,1,0,0.0
C3016,U291,I159,The information presented here is useful. Reference 3016,2026-08-08 15:54:31.822641,the information presented here is useful reference 3016,0.0,0,1,0,0.0
C3017,U267,I490,The information presented here is useful. Reference 3017,2026-07-27 22:43:31.822655,the information presented here is useful reference 3017,0.0,0,1,0,0.0
C3018,U407,I349,This was a surprisingly interesting post. Reference 3018,2026-06-30 12:20:31.822668,this was a surprisingly interesting post reference 3018,0.0,0,1,0,0.0
C3019,U825,I42,This is worth discussing further. Reference 3019,2026-06-13 03:12:31.822681,this is worth discussing further reference 3019,0.0,0,1,0,0.0
C3020,U883,I207,I really enjoyed this post about education. Reference 3020,2026-07-13 19:03:31.822695,i really enjoyed this post about education reference 3020,0.0,0,1,0,0.0
C3021,U131,I294,This was a surprisingly interesting post. Reference 3021,2026-06-10 08:44:31.822711,this was a surprisingly interesting post reference 3021,0.0,0,1,0,0.0
C3022,U465,I5,I think this could be improved. Reference 3022,2026-07-04 09:06:31.822735,i think this could be improved reference 3022,0.0,0,1,0,0.0
C3023,U789,I27,I have a different opinion about fashion. Reference 3023,2026-07-19 06:57:31.822749,i have a different opinion about fashion reference 3023,0.0,0,1,0,0.0
C3024,U759,I324,This is an interesting perspective on food. Reference 3024,2026-06-27 03:12:31.822765,this is an interesting perspective on food reference 3024,0.0,0,1,0,0.0
C3025,U381,I399,I think this could be improved. Reference 3025,2026-06-24 03:12:31.822779,i think this could be improved reference 3025,0.0,0,1,0,0.0
C3026,U995,I186,This is an interesting perspective on education. Reference 3026,2026-07-04 05:35:31.822793,this is an interesting perspective on education reference 3026,0.0,0,1,0,0.0
C3027,U544,I388,The information presented here is useful. Reference 3027,2026-07-29 03:27:31.822807,the information presented here is useful reference 3027,0.0,0,1,0,0.0
C3028,U7,I172,Thanks for sharing this information. Reference 3028,2026-07-24 20:17:31.822821,thanks for sharing this information reference 3028,0.0,0,1,0,0.0
C3029,U527,I416,Thanks for sharing this information. Reference 3029,2026-07-03 05:57:31.822835,thanks for sharing this information reference 3029,0.0,0,1,0,0.0
C3030,U49,I237,I have a different opinion about technology. Reference 3030,2026-07-31 18:27:31.822849,i have a different opinion about technology reference 3030,0.0,0,1,0,0.0
C3031,U888,I250,I think this could be improved. Reference 3031,2026-08-07 06:35:31.822862,i think this could be improved reference 3031,0.0,0,1,0,0.0
C3032,U910,I306,Best product ever buy now,2026-07-04 02:01:31.822876,best product ever buy now,0.5,1,75,1,72.50000000000001
C3033,U345,I345,I have a different opinion about technology. Reference 3033,2026-06-23 10:19:31.822889,i have a different opinion about technology reference 3033,0.0,0,1,0,0.0
C3034,U273,I91,I have a different opinion about music. Reference 3034,2026-07-04 20:54:31.822903,i have a different opinion about music reference 3034,0.0,0,1,0,0.0
C3035,U17,I228,This is worth discussing further. Reference 3035,2026-06-14 22:39:31.822916,this is worth discussing further reference 3035,0.0,0,1,0,0.0
C3036,U36,I305,This is an interesting perspective on music. Reference 3036,2026-06-06 05:06:31.822930,this is an interesting perspective on music reference 3036,0.0,0,1,0,0.0
C3037,U37,I272,The information presented here is useful. Reference 3037,2026-07-26 21:10:31.822945,the information presented here is useful reference 3037,0.0,0,1,0,0.0
C3038,U86,I273,This is an interesting perspective on education. Reference 3038,2026-06-06 16:17:31.822959,this is an interesting perspective on education reference 3038,0.0,0,1,0,0.0
C3039,U148,I324,I think this could be improved. Reference 3039,2026-07-17 19:54:31.822972,i think this could be improved reference 3039,0.0,0,1,0,0.0
C3040,U353,I497,I think this could be improved. Reference 3040,2026-06-06 03:24:31.822986,i think this could be improved reference 3040,0.0,0,1,0,0.0
C3041,U840,I268,Thanks for sharing this information. Reference 3041,2026-08-08 03:12:31.822999,thanks for sharing this information reference 3041,0.0,0,1,0,0.0
C3042,U78,I167,This is worth discussing further. Reference 3042,2026-07-29 11:24:31.823013,this is worth discussing further reference 3042,0.0,0,1,0,0.0
C3043,U623,I370,This is an interesting perspective on fashion. Reference 3043,2026-06-26 04:07:31.823027,this is an interesting perspective on fashion reference 3043,0.0,0,1,0,0.0
C3044,U742,I40,This is worth discussing further. Reference 3044,2026-07-04 08:57:31.823041,this is worth discussing further reference 3044,0.0,0,1,0,0.0
C3045,U410,I11,I learned something useful about movies here. Reference 3045,2026-06-07 03:38:31.823054,i learned something useful about movies here reference 3045,0.0,0,1,0,0.0
C3046,U668,I380,This is an interesting perspective on fashion. Reference 3046,2026-08-01 05:38:31.823068,this is an interesting perspective on fashion reference 3046,0.0,0,1,0,0.0
C3047,U812,I98,Thanks for sharing this information. Reference 3047,2026-07-15 05:37:31.823082,thanks for sharing this information reference 3047,0.0,0,1,0,0.0
C3048,U630,I263,Click here for amazing deals,2026-06-09 15:21:31.823096,click here for amazing deals,0.5,1,53,1,72.50000000000001
C3049,U818,I25,This is worth discussing further. Reference 3049,2026-07-23 05:51:31.823111,this is worth discussing further reference 3049,0.0,0,1,0,0.0
C3050,U778,I478,The information presented here is useful. Reference 3050,2026-06-04 20:25:31.823124,the information presented here is useful reference 3050,0.0,0,1,0,0.0
C3051,U705,I398,Best deal available now,2026-06-27 04:18:31.823138,best deal available now,0.5,1,52,1,72.50000000000001
C3052,U687,I23,Thanks for sharing this information. Reference 3052,2026-07-26 08:00:31.823151,thanks for sharing this information reference 3052,0.0,0,1,0,0.0
C3053,U694,I145,I have a different opinion about technology. Reference 3053,2026-07-05 18:28:31.823165,i have a different opinion about technology reference 3053,0.0,0,1,0,0.0
C3054,U212,I9,The information presented here is useful. Reference 3054,2026-07-17 19:44:31.823179,the information presented here is useful reference 3054,0.0,0,1,0,0.0
C3055,U273,I236,Thanks for sharing this information. Reference 3055,2026-08-02 23:45:31.823193,thanks for sharing this information reference 3055,0.0,0,1,0,0.0
C3056,U226,I115,I really enjoyed this post about music. Reference 3056,2026-07-22 17:04:31.823209,i really enjoyed this post about music reference 3056,0.0,0,1,0,0.0
C3057,U65,I313,I have a different opinion about food. Reference 3057,2026-06-19 07:39:31.823224,i have a different opinion about food reference 3057,0.0,0,1,0,0.0
C3058,U430,I325,Thanks for sharing this information. Reference 3058,2026-06-23 13:09:31.823237,thanks for sharing this information reference 3058,0.0,0,1,0,0.0
C3059,U398,I243,This was a surprisingly interesting post. Reference 3059,2026-07-11 14:47:31.823251,this was a surprisingly interesting post reference 3059,0.0,0,1,0,0.0
C3060,U348,I163,This is worth discussing further. Reference 3060,2026-07-29 00:25:31.823264,this is worth discussing further reference 3060,0.0,0,1,0,0.0
C3061,U473,I437,I think this could be improved. Reference 3061,2026-06-24 09:17:31.823277,i think this could be improved reference 3061,0.0,0,1,0,0.0
C3062,U714,I87,The information presented here is useful. Reference 3062,2026-07-06 03:45:31.823290,the information presented here is useful reference 3062,0.0,0,1,0,0.0
C3063,U33,I338,Thanks for sharing this information. Reference 3063,2026-06-15 08:42:31.823304,thanks for sharing this information reference 3063,0.0,0,1,0,0.0
C3064,U498,I287,This is worth discussing further. Reference 3064,2026-07-23 22:34:31.823318,this is worth discussing further reference 3064,0.0,0,1,0,0.0
C3065,U765,I271,Best deal available now,2026-07-16 06:29:31.823331,best deal available now,0.5,1,52,1,72.50000000000001
C3066,U768,I161,I think this could be improved. Reference 3066,2026-08-09 03:23:31.823350,i think this could be improved reference 3066,0.0,0,1,0,0.0
C3067,U159,I319,Thanks for sharing this information. Reference 3067,2026-06-16 00:15:31.823368,thanks for sharing this information reference 3067,0.0,0,1,0,0.0
C3068,U360,I289,The information presented here is useful. Reference 3068,2026-08-09 16:50:31.823382,the information presented here is useful reference 3068,0.0,0,1,0,0.0
C3069,U769,I498,I have a different opinion about food. Reference 3069,2026-07-21 11:13:31.823396,i have a different opinion about food reference 3069,0.0,0,1,0,0.0
C3070,U384,I471,This was a surprisingly interesting post. Reference 3070,2026-07-08 09:17:31.823410,this was a surprisingly interesting post reference 3070,0.0,0,1,0,0.0
C3071,U621,I485,This is an interesting perspective on gaming. Reference 3071,2026-07-06 19:27:31.823424,this is an interesting perspective on gaming reference 3071,0.0,0,1,0,0.0
C3072,U223,I108,This is an interesting perspective on movies. Reference 3072,2026-07-26 13:46:31.823438,this is an interesting perspective on movies reference 3072,0.0,0,1,0,0.0
C3073,U885,I81,The information presented here is useful. Reference 3073,2026-07-10 18:58:31.823452,the information presented here is useful reference 3073,0.0,0,1,0,0.0
C3074,U769,I111,The information presented here is useful. Reference 3074,2026-07-13 18:14:31.823465,the information presented here is useful reference 3074,0.0,0,1,0,0.0
C3075,U788,I185,This is an interesting perspective on music. Reference 3075,2026-06-27 02:40:31.823479,this is an interesting perspective on music reference 3075,0.0,0,1,0,0.0
C3076,U548,I272,The information presented here is useful. Reference 3076,2026-07-06 01:30:31.823493,the information presented here is useful reference 3076,0.0,0,1,0,0.0
C3077,U506,I387,Best product ever buy now,2026-07-01 22:07:31.823508,best product ever buy now,0.5,1,75,1,72.50000000000001
C3078,U160,I473,I learned something useful about fashion here. Reference 3078,2026-07-16 13:56:31.823523,i learned something useful about fashion here reference 3078,0.0,0,1,0,0.0
C3079,U3,I272,This is worth discussing further. Reference 3079,2026-06-13 02:30:31.823536,this is worth discussing further reference 3079,0.0,0,1,0,0.0
C3080,U176,I349,This is an interesting perspective on fashion. Reference 3080,2026-06-20 00:36:31.823550,this is an interesting perspective on fashion reference 3080,0.0,0,1,0,0.0
C3081,U668,I214,The information presented here is useful. Reference 3081,2026-07-25 15:22:31.823564,the information presented here is useful reference 3081,0.0,0,1,0,0.0
C3082,U651,I14,Thanks for sharing this information. Reference 3082,2026-07-30 05:16:31.823577,thanks for sharing this information reference 3082,0.0,0,1,0,0.0
C3083,U624,I317,This was a surprisingly interesting post. Reference 3083,2026-06-18 06:12:31.823591,this was a surprisingly interesting post reference 3083,0.0,0,1,0,0.0
C3084,U584,I374,The information presented here is useful. Reference 3084,2026-07-13 05:57:31.823604,the information presented here is useful reference 3084,0.0,0,1,0,0.0
C3085,U624,I127,I learned something useful about food here. Reference 3085,2026-06-10 12:58:31.823618,i learned something useful about food here reference 3085,0.0,0,1,0,0.0
C3086,U93,I487,This is worth discussing further. Reference 3086,2026-06-05 04:57:31.823631,this is worth discussing further reference 3086,0.0,0,1,0,0.0
C3087,U615,I452,Click here for amazing deals,2026-07-28 03:26:31.823647,click here for amazing deals,0.5,1,53,1,72.50000000000001
C3088,U468,I188,Amazing product buy now,2026-06-29 20:30:31.823661,amazing product buy now,1.0,1,69,1,100.0
C3089,U959,I364,The explanation of music was very clear. Reference 3089,2026-07-30 18:12:31.823677,the explanation of music was very clear reference 3089,0.0,0,1,0,0.0
C3090,U300,I33,I really enjoyed this post about sports. Reference 3090,2026-06-20 06:11:31.823690,i really enjoyed this post about sports reference 3090,0.0,0,1,0,0.0
C3091,U472,I235,The explanation of food was very clear. Reference 3091,2026-07-20 19:34:31.823704,the explanation of food was very clear reference 3091,0.0,0,1,0,0.0
C3092,U815,I90,Best deal available now,2026-06-17 20:30:31.823717,best deal available now,0.5,1,52,1,72.50000000000001
C3093,U857,I169,I learned something useful about sports here. Reference 3093,2026-06-30 18:15:31.823731,i learned something useful about sports here reference 3093,0.0,0,1,0,0.0
C3094,U739,I492,This is an interesting perspective on technology. Reference 3094,2026-06-04 16:37:31.823752,this is an interesting perspective on technology reference 3094,0.0,0,1,0,0.0
C3095,U33,I349,The information presented here is useful. Reference 3095,2026-07-07 18:14:31.823767,the information presented here is useful reference 3095,0.0,0,1,0,0.0
C3096,U72,I400,The information presented here is useful. Reference 3096,2026-06-07 15:54:31.823780,the information presented here is useful reference 3096,0.0,0,1,0,0.0
C3097,U550,I61,Thanks for sharing this information. Reference 3097,2026-07-02 22:01:31.823794,thanks for sharing this information reference 3097,0.0,0,1,0,0.0
C3098,U492,I423,I really enjoyed this post about movies. Reference 3098,2026-07-06 13:40:31.823808,i really enjoyed this post about movies reference 3098,0.0,0,1,0,0.0
C3099,U848,I421,I really enjoyed this post about music. Reference 3099,2026-07-06 11:24:31.823822,i really enjoyed this post about music reference 3099,0.0,0,1,0,0.0
C3100,U733,I474,This was a surprisingly interesting post. Reference 3100,2026-07-03 19:43:31.823835,this was a surprisingly interesting post reference 3100,0.0,0,1,0,0.0
C3101,U806,I63,This is an interesting perspective on education. Reference 3101,2026-07-18 22:32:31.823849,this is an interesting perspective on education reference 3101,0.0,0,1,0,0.0
C3102,U776,I422,Thanks for sharing this information. Reference 3102,2026-06-07 02:45:31.823862,thanks for sharing this information reference 3102,0.0,0,1,0,0.0
C3103,U173,I187,The information presented here is useful. Reference 3103,2026-07-29 21:53:31.823876,the information presented here is useful reference 3103,0.0,0,1,0,0.0
C3104,U934,I124,I think this could be improved. Reference 3104,2026-07-18 18:09:31.823889,i think this could be improved reference 3104,0.0,0,1,0,0.0
C3105,U99,I168,This is an interesting perspective on food. Reference 3105,2026-06-08 06:58:31.823905,this is an interesting perspective on food reference 3105,0.0,0,1,0,0.0
C3106,U503,I385,The explanation of movies was very clear. Reference 3106,2026-07-11 15:54:31.823919,the explanation of movies was very clear reference 3106,0.0,0,1,0,0.0
C3107,U302,I352,I think this could be improved. Reference 3107,2026-07-01 20:07:31.823933,i think this could be improved reference 3107,0.0,0,1,0,0.0
C3108,U716,I132,Thanks for sharing this information. Reference 3108,2026-06-18 17:26:31.823946,thanks for sharing this information reference 3108,0.0,0,1,0,0.0
C3109,U36,I389,I learned something useful about education here. Reference 3109,2026-06-25 08:08:31.823960,i learned something useful about education here reference 3109,0.0,0,1,0,0.0
C3110,U295,I13,The explanation of music was very clear. Reference 3110,2026-06-21 12:54:31.823973,the explanation of music was very clear reference 3110,0.0,0,1,0,0.0
C3111,U371,I365,I have a different opinion about movies. Reference 3111,2026-06-07 16:12:31.823987,i have a different opinion about movies reference 3111,0.0,0,1,0,0.0
C3112,U162,I290,I have a different opinion about food. Reference 3112,2026-06-07 22:14:31.824001,i have a different opinion about food reference 3112,0.0,0,1,0,0.0
C3113,U450,I344,I have a different opinion about education. Reference 3113,2026-06-05 03:16:31.824015,i have a different opinion about education reference 3113,0.0,0,1,0,0.0
C3114,U824,I355,I learned something useful about education here. Reference 3114,2026-06-17 12:59:31.824028,i learned something useful about education here reference 3114,0.0,0,1,0,0.0
C3115,U299,I439,The information presented here is useful. Reference 3115,2026-06-14 20:57:31.824042,the information presented here is useful reference 3115,0.0,0,1,0,0.0
C3116,U233,I14,The explanation of movies was very clear. Reference 3116,2026-07-29 07:52:31.824056,the explanation of movies was very clear reference 3116,0.0,0,1,0,0.0
C3117,U598,I6,I have a different opinion about music. Reference 3117,2026-06-07 04:37:31.824069,i have a different opinion about music reference 3117,0.0,0,1,0,0.0
C3118,U520,I381,This was a surprisingly interesting post. Reference 3118,2026-06-29 10:01:31.824083,this was a surprisingly interesting post reference 3118,0.0,0,1,0,0.0
C3119,U633,I460,I learned something useful about music here. Reference 3119,2026-06-14 05:28:31.824099,i learned something useful about music here reference 3119,0.0,0,1,0,0.0
C3120,U159,I300,This was a surprisingly interesting post. Reference 3120,2026-06-25 04:44:31.824112,this was a surprisingly interesting post reference 3120,0.0,0,1,0,0.0
C3121,U383,I193,I think this could be improved. Reference 3121,2026-06-25 00:35:31.824126,i think this could be improved reference 3121,0.0,0,1,0,0.0
C3122,U493,I89,I think this could be improved. Reference 3122,2026-08-10 12:53:31.824141,i think this could be improved reference 3122,0.0,0,1,0,0.0
C3123,U684,I484,This is an interesting perspective on music. Reference 3123,2026-07-22 08:50:31.824154,this is an interesting perspective on music reference 3123,0.0,0,1,0,0.0
C3124,U316,I105,The explanation of education was very clear. Reference 3124,2026-07-17 11:59:31.824168,the explanation of education was very clear reference 3124,0.0,0,1,0,0.0
C3125,U623,I398,This is an interesting perspective on sports. Reference 3125,2026-07-10 09:11:31.824182,this is an interesting perspective on sports reference 3125,0.0,0,1,0,0.0
C3126,U510,I235,Thanks for sharing this information. Reference 3126,2026-06-04 21:45:31.824196,thanks for sharing this information reference 3126,0.0,0,1,0,0.0
C3127,U866,I419,This was a surprisingly interesting post. Reference 3127,2026-06-05 08:25:31.824209,this was a surprisingly interesting post reference 3127,0.0,0,1,0,0.0
C3128,U207,I186,I really enjoyed this post about fashion. Reference 3128,2026-06-15 19:35:31.824223,i really enjoyed this post about fashion reference 3128,0.0,0,1,0,0.0
C3129,U101,I487,This is worth discussing further. Reference 3129,2026-07-18 02:56:31.824237,this is worth discussing further reference 3129,0.0,0,1,0,0.0
C3130,U566,I492,This was a surprisingly interesting post. Reference 3130,2026-08-06 17:42:31.824252,this was a surprisingly interesting post reference 3130,0.0,0,1,0,0.0
C3131,U457,I290,This was a surprisingly interesting post. Reference 3131,2026-07-20 13:26:31.824266,this was a surprisingly interesting post reference 3131,0.0,0,1,0,0.0
C3132,U262,I408,I learned something useful about sports here. Reference 3132,2026-07-22 01:10:31.824280,i learned something useful about sports here reference 3132,0.0,0,1,0,0.0
C3133,U706,I367,Best product ever buy now,2026-08-08 04:05:31.824294,best product ever buy now,0.5,1,75,1,72.50000000000001
C3134,U623,I136,This was a surprisingly interesting post. Reference 3134,2026-08-03 12:24:31.824313,this was a surprisingly interesting post reference 3134,0.0,0,1,0,0.0
C3135,U760,I97,This is an interesting perspective on education. Reference 3135,2026-06-25 06:26:31.824327,this is an interesting perspective on education reference 3135,0.0,0,1,0,0.0
C3136,U310,I31,The explanation of sports was very clear. Reference 3136,2026-07-20 15:05:31.824341,the explanation of sports was very clear reference 3136,0.0,0,1,0,0.0
C3137,U599,I389,Thanks for sharing this information. Reference 3137,2026-06-30 13:46:31.824354,thanks for sharing this information reference 3137,0.0,0,1,0,0.0
C3138,U100,I274,I really enjoyed this post about music. Reference 3138,2026-06-15 03:11:31.824368,i really enjoyed this post about music reference 3138,0.0,0,1,0,0.0
C3139,U74,I100,I think this could be improved. Reference 3139,2026-07-02 14:38:31.824382,i think this could be improved reference 3139,0.0,0,1,0,0.0
C3140,U85,I243,The explanation of gaming was very clear. Reference 3140,2026-06-23 11:09:31.824395,the explanation of gaming was very clear reference 3140,0.0,0,1,0,0.0
C3141,U603,I110,Thanks for sharing this information. Reference 3141,2026-07-15 12:42:31.824409,thanks for sharing this information reference 3141,0.0,0,1,0,0.0
C3142,U582,I4,Thanks for sharing this information. Reference 3142,2026-08-01 16:21:31.824422,thanks for sharing this information reference 3142,0.0,0,1,0,0.0
C3143,U737,I453,I think this could be improved. Reference 3143,2026-06-19 05:25:31.824436,i think this could be improved reference 3143,0.0,0,1,0,0.0
C3144,U825,I325,Thanks for sharing this information. Reference 3144,2026-08-11 18:54:31.824450,thanks for sharing this information reference 3144,0.0,0,1,0,0.0
C3145,U257,I386,The information presented here is useful. Reference 3145,2026-06-27 23:52:31.824464,the information presented here is useful reference 3145,0.0,0,1,0,0.0
C3146,U646,I90,This is worth discussing further. Reference 3146,2026-06-26 00:41:31.824477,this is worth discussing further reference 3146,0.0,0,1,0,0.0
C3147,U290,I487,I have a different opinion about movies. Reference 3147,2026-06-24 09:23:31.824491,i have a different opinion about movies reference 3147,0.0,0,1,0,0.0
C3148,U254,I174,I have a different opinion about movies. Reference 3148,2026-06-15 20:38:31.824505,i have a different opinion about movies reference 3148,0.0,0,1,0,0.0
C3149,U450,I57,I learned something useful about food here. Reference 3149,2026-08-11 05:44:31.824519,i learned something useful about food here reference 3149,0.0,0,1,0,0.0
C3150,U326,I457,This was a surprisingly interesting post. Reference 3150,2026-06-27 16:55:31.824533,this was a surprisingly interesting post reference 3150,0.0,0,1,0,0.0
C3151,U167,I91,This is an interesting perspective on fashion. Reference 3151,2026-06-11 13:50:31.824551,this is an interesting perspective on fashion reference 3151,0.0,0,1,0,0.0
C3152,U311,I48,I think this could be improved. Reference 3152,2026-06-14 18:30:31.824564,i think this could be improved reference 3152,0.0,0,1,0,0.0
C3153,U703,I275,I learned something useful about sports here. Reference 3153,2026-08-01 22:29:31.824578,i learned something useful about sports here reference 3153,0.0,0,1,0,0.0
C3154,U781,I118,The explanation of movies was very clear. Reference 3154,2026-06-27 03:49:31.824592,the explanation of movies was very clear reference 3154,0.0,0,1,0,0.0
C3155,U312,I163,This was a surprisingly interesting post. Reference 3155,2026-08-02 11:09:31.824605,this was a surprisingly interesting post reference 3155,0.0,0,1,0,0.0
C3156,U701,I153,Best product ever buy now,2026-06-20 20:35:31.824621,best product ever buy now,0.5,1,75,1,72.50000000000001
C3157,U688,I79,This is worth discussing further. Reference 3157,2026-07-25 08:45:31.824634,this is worth discussing further reference 3157,0.0,0,1,0,0.0
C3158,U784,I202,I learned something useful about education here. Reference 3158,2026-06-17 07:08:31.824648,i learned something useful about education here reference 3158,0.0,0,1,0,0.0
C3159,U678,I80,This is worth discussing further. Reference 3159,2026-06-13 08:24:31.824662,this is worth discussing further reference 3159,0.0,0,1,0,0.0
C3160,U609,I403,The information presented here is useful. Reference 3160,2026-07-22 00:19:31.824675,the information presented here is useful reference 3160,0.0,0,1,0,0.0
C3161,U955,I134,I think this could be improved. Reference 3161,2026-07-09 01:58:31.824689,i think this could be improved reference 3161,0.0,0,1,0,0.0
C3162,U148,I156,This is worth discussing further. Reference 3162,2026-06-05 00:02:31.824705,this is worth discussing further reference 3162,0.0,0,1,0,0.0
C3163,U322,I230,I have a different opinion about fashion. Reference 3163,2026-06-21 13:27:31.824719,i have a different opinion about fashion reference 3163,0.0,0,1,0,0.0
C3164,U402,I390,Click here for amazing deals,2026-06-03 10:52:31.824732,click here for amazing deals,0.5,1,53,1,72.50000000000001
C3165,U962,I206,I really enjoyed this post about fashion. Reference 3165,2026-07-10 15:30:31.824746,i really enjoyed this post about fashion reference 3165,0.0,0,1,0,0.0
C3166,U661,I412,I learned something useful about food here. Reference 3166,2026-07-17 20:58:31.824760,i learned something useful about food here reference 3166,0.0,0,1,0,0.0
C3167,U19,I419,The explanation of sports was very clear. Reference 3167,2026-06-12 13:42:31.824774,the explanation of sports was very clear reference 3167,0.0,0,1,0,0.0
C3168,U733,I131,I have a different opinion about music. Reference 3168,2026-08-09 16:15:31.824787,i have a different opinion about music reference 3168,0.0,0,1,0,0.0
C3169,U329,I218,The information presented here is useful. Reference 3169,2026-06-22 00:51:31.824803,the information presented here is useful reference 3169,0.0,0,1,0,0.0
C3170,U573,I378,The explanation of sports was very clear. Reference 3170,2026-06-16 14:54:31.824817,the explanation of sports was very clear reference 3170,0.0,0,1,0,0.0
C3171,U515,I225,I have a different opinion about gaming. Reference 3171,2026-08-05 01:23:31.824830,i have a different opinion about gaming reference 3171,0.0,0,1,0,0.0
C3172,U248,I82,This is worth discussing further. Reference 3172,2026-06-07 04:21:31.824844,this is worth discussing further reference 3172,0.0,0,1,0,0.0
C3173,U607,I240,I really enjoyed this post about fashion. Reference 3173,2026-06-10 05:27:31.824858,i really enjoyed this post about fashion reference 3173,0.0,0,1,0,0.0
C3174,U982,I465,I think this could be improved. Reference 3174,2026-07-17 08:00:31.824872,i think this could be improved reference 3174,0.0,0,1,0,0.0
C3175,U621,I300,The information presented here is useful. Reference 3175,2026-08-02 14:23:31.824886,the information presented here is useful reference 3175,0.0,0,1,0,0.0
C3176,U57,I327,You must buy this product,2026-06-23 20:55:31.824900,you must buy this product,0.0,0,51,1,45.0
C3177,U378,I224,Best product ever buy now,2026-06-29 21:13:31.824913,best product ever buy now,0.5,1,75,1,72.50000000000001
C3178,U137,I450,This is an interesting perspective on music. Reference 3178,2026-06-06 03:55:31.824927,this is an interesting perspective on music reference 3178,0.0,0,1,0,0.0
C3179,U423,I422,I learned something useful about education here. Reference 3179,2026-06-19 03:31:31.824943,i learned something useful about education here reference 3179,0.0,0,1,0,0.0
C3180,U306,I293,Best product ever buy now,2026-07-02 22:35:31.824956,best product ever buy now,0.5,1,75,1,72.50000000000001
C3181,U251,I167,Thanks for sharing this information. Reference 3181,2026-06-22 03:54:31.824970,thanks for sharing this information reference 3181,0.0,0,1,0,0.0
C3182,U543,I418,I have a different opinion about technology. Reference 3182,2026-07-30 01:07:31.824983,i have a different opinion about technology reference 3182,0.0,0,1,0,0.0
C3183,U790,I394,This is an interesting perspective on music. Reference 3183,2026-07-09 22:51:31.825000,this is an interesting perspective on music reference 3183,0.0,0,1,0,0.0
C3184,U926,I395,I think this could be improved. Reference 3184,2026-07-26 01:43:31.825014,i think this could be improved reference 3184,0.0,0,1,0,0.0
C3185,U328,I239,The explanation of food was very clear. Reference 3185,2026-07-09 20:44:31.825027,the explanation of food was very clear reference 3185,0.0,0,1,0,0.0
C3186,U341,I101,I have a different opinion about movies. Reference 3186,2026-06-17 21:21:31.825041,i have a different opinion about movies reference 3186,0.0,0,1,0,0.0
C3187,U765,I477,I really enjoyed this post about education. Reference 3187,2026-07-31 23:36:31.825055,i really enjoyed this post about education reference 3187,0.0,0,1,0,0.0
C3188,U657,I210,The information presented here is useful. Reference 3188,2026-06-28 13:31:31.825068,the information presented here is useful reference 3188,0.0,0,1,0,0.0
C3189,U817,I24,This was a surprisingly interesting post. Reference 3189,2026-06-26 04:55:31.825082,this was a surprisingly interesting post reference 3189,0.0,0,1,0,0.0
C3190,U382,I8,Click here for amazing deals,2026-08-08 21:53:31.825098,click here for amazing deals,0.5,1,53,1,72.50000000000001
C3191,U982,I258,This is worth discussing further. Reference 3191,2026-07-17 02:31:31.825112,this is worth discussing further reference 3191,0.0,0,1,0,0.0
C3192,U588,I170,This is an interesting perspective on gaming. Reference 3192,2026-06-21 09:03:31.825126,this is an interesting perspective on gaming reference 3192,0.0,0,1,0,0.0
C3193,U94,I498,This was a surprisingly interesting post. Reference 3193,2026-06-24 10:19:31.825139,this was a surprisingly interesting post reference 3193,0.0,0,1,0,0.0
C3194,U162,I408,This was a surprisingly interesting post. Reference 3194,2026-06-20 14:13:31.825155,this was a surprisingly interesting post reference 3194,0.0,0,1,0,0.0
C3195,U944,I239,Thanks for sharing this information. Reference 3195,2026-06-04 09:24:31.825168,thanks for sharing this information reference 3195,0.0,0,1,0,0.0
C3196,U74,I392,The information presented here is useful. Reference 3196,2026-06-30 10:36:31.825182,the information presented here is useful reference 3196,0.0,0,1,0,0.0
C3197,U462,I455,I learned something useful about music here. Reference 3197,2026-08-05 04:27:31.825196,i learned something useful about music here reference 3197,0.0,0,1,0,0.0
C3198,U186,I331,Thanks for sharing this information. Reference 3198,2026-07-01 12:06:31.825209,thanks for sharing this information reference 3198,0.0,0,1,0,0.0
C3199,U540,I399,The information presented here is useful. Reference 3199,2026-07-06 06:58:31.825223,the information presented here is useful reference 3199,0.0,0,1,0,0.0
C3200,U588,I150,I really enjoyed this post about fashion. Reference 3200,2026-08-10 02:45:31.825236,i really enjoyed this post about fashion reference 3200,0.0,0,1,0,0.0
C3201,U8,I115,This is worth discussing further. Reference 3201,2026-07-29 03:13:31.825250,this is worth discussing further reference 3201,0.0,0,1,0,0.0
C3202,U265,I438,The explanation of music was very clear. Reference 3202,2026-06-24 09:00:31.825263,the explanation of music was very clear reference 3202,0.0,0,1,0,0.0
C3203,U468,I334,The explanation of music was very clear. Reference 3203,2026-06-07 18:15:31.825278,the explanation of music was very clear reference 3203,0.0,0,1,0,0.0
C3204,U888,I295,I learned something useful about sports here. Reference 3204,2026-07-29 08:03:31.825292,i learned something useful about sports here reference 3204,0.0,0,1,0,0.0
C3205,U211,I157,I learned something useful about gaming here. Reference 3205,2026-08-09 10:41:31.825305,i learned something useful about gaming here reference 3205,0.0,0,1,0,0.0
C3206,U546,I308,I really enjoyed this post about education. Reference 3206,2026-06-23 16:10:31.825319,i really enjoyed this post about education reference 3206,0.0,0,1,0,0.0
C3207,U356,I488,This is an interesting perspective on music. Reference 3207,2026-07-14 03:07:31.825333,this is an interesting perspective on music reference 3207,0.0,0,1,0,0.0
C3208,U950,I117,Best product ever buy now,2026-07-15 06:13:31.825349,best product ever buy now,0.5,1,75,1,72.50000000000001
C3209,U167,I217,I have a different opinion about sports. Reference 3209,2026-07-23 01:25:31.825363,i have a different opinion about sports reference 3209,0.0,0,1,0,0.0
C3210,U790,I181,I really enjoyed this post about education. Reference 3210,2026-07-02 19:34:31.825377,i really enjoyed this post about education reference 3210,0.0,0,1,0,0.0
C3211,U126,I427,The information presented here is useful. Reference 3211,2026-07-02 10:09:31.825391,the information presented here is useful reference 3211,0.0,0,1,0,0.0
C3212,U888,I380,The explanation of fashion was very clear. Reference 3212,2026-08-07 08:28:31.825405,the explanation of fashion was very clear reference 3212,0.0,0,1,0,0.0
C3213,U457,I224,The information presented here is useful. Reference 3213,2026-07-24 02:46:31.825418,the information presented here is useful reference 3213,0.0,0,1,0,0.0
C3214,U789,I194,Thanks for sharing this information. Reference 3214,2026-08-03 09:08:31.825433,thanks for sharing this information reference 3214,0.0,0,1,0,0.0
C3215,U992,I89,This was a surprisingly interesting post. Reference 3215,2026-07-28 00:09:31.825447,this was a surprisingly interesting post reference 3215,0.0,0,1,0,0.0
C3216,U774,I107,This is an interesting perspective on food. Reference 3216,2026-06-05 10:01:31.825461,this is an interesting perspective on food reference 3216,0.0,0,1,0,0.0
C3217,U619,I183,This is worth discussing further. Reference 3217,2026-07-25 10:46:31.825476,this is worth discussing further reference 3217,0.0,0,1,0,0.0
C3218,U215,I46,This was a surprisingly interesting post. Reference 3218,2026-06-29 07:49:31.825492,this was a surprisingly interesting post reference 3218,0.0,0,1,0,0.0
C3219,U261,I260,This is an interesting perspective on food. Reference 3219,2026-08-10 08:42:31.825505,this is an interesting perspective on food reference 3219,0.0,0,1,0,0.0
C3220,U7,I194,The information presented here is useful. Reference 3220,2026-08-02 17:23:31.825519,the information presented here is useful reference 3220,0.0,0,1,0,0.0
C3221,U363,I184,I have a different opinion about gaming. Reference 3221,2026-07-03 07:34:31.825533,i have a different opinion about gaming reference 3221,0.0,0,1,0,0.0
C3222,U968,I434,I have a different opinion about sports. Reference 3222,2026-06-09 00:09:31.825547,i have a different opinion about sports reference 3222,0.0,0,1,0,0.0
C3223,U86,I333,Click here for amazing deals,2026-08-10 09:21:31.825560,click here for amazing deals,0.5,1,53,1,72.50000000000001
C3224,U974,I493,I have a different opinion about music. Reference 3224,2026-08-07 16:52:31.825574,i have a different opinion about music reference 3224,0.0,0,1,0,0.0
C3225,U144,I433,The explanation of education was very clear. Reference 3225,2026-06-21 10:38:31.825588,the explanation of education was very clear reference 3225,0.0,0,1,0,0.0
C3226,U9,I65,This was a surprisingly interesting post. Reference 3226,2026-07-30 01:40:31.825696,this was a surprisingly interesting post reference 3226,0.0,0,1,0,0.0
C3227,U711,I240,I really enjoyed this post about technology. Reference 3227,2026-06-18 13:33:31.825713,i really enjoyed this post about technology reference 3227,0.0,0,1,0,0.0
C3228,U821,I107,I have a different opinion about music. Reference 3228,2026-06-16 14:54:31.825727,i have a different opinion about music reference 3228,0.0,0,1,0,0.0
C3229,U424,I421,Best deal available now,2026-07-27 03:19:31.825741,best deal available now,0.5,1,52,1,72.50000000000001
C3230,U178,I479,This was a surprisingly interesting post. Reference 3230,2026-06-05 07:07:31.825765,this was a surprisingly interesting post reference 3230,0.0,0,1,0,0.0
C3231,U828,I414,I learned something useful about music here. Reference 3231,2026-08-01 21:00:31.825779,i learned something useful about music here reference 3231,0.0,0,1,0,0.0
C3232,U805,I83,I really enjoyed this post about food. Reference 3232,2026-07-24 06:10:31.825793,i really enjoyed this post about food reference 3232,0.0,0,1,0,0.0
C3233,U313,I206,This is worth discussing further. Reference 3233,2026-06-16 05:23:31.825806,this is worth discussing further reference 3233,0.0,0,1,0,0.0
C3234,U328,I14,I really enjoyed this post about music. Reference 3234,2026-08-09 05:43:31.825820,i really enjoyed this post about music reference 3234,0.0,0,1,0,0.0
C3235,U910,I240,I really enjoyed this post about education. Reference 3235,2026-07-05 17:26:31.825834,i really enjoyed this post about education reference 3235,0.0,0,1,0,0.0
C3236,U47,I276,The information presented here is useful. Reference 3236,2026-07-28 10:27:31.825850,the information presented here is useful reference 3236,0.0,0,1,0,0.0
C3237,U102,I7,This is worth discussing further. Reference 3237,2026-08-03 10:44:31.825864,this is worth discussing further reference 3237,0.0,0,1,0,0.0
C3238,U429,I33,This is an interesting perspective on food. Reference 3238,2026-06-30 13:24:31.825878,this is an interesting perspective on food reference 3238,0.0,0,1,0,0.0
C3239,U425,I438,This was a surprisingly interesting post. Reference 3239,2026-07-30 14:22:31.825891,this was a surprisingly interesting post reference 3239,0.0,0,1,0,0.0
C3240,U877,I308,I really enjoyed this post about movies. Reference 3240,2026-06-29 11:36:31.825906,i really enjoyed this post about movies reference 3240,0.0,0,1,0,0.0
C3241,U480,I460,I have a different opinion about education. Reference 3241,2026-07-13 10:38:31.825919,i have a different opinion about education reference 3241,0.0,0,1,0,0.0
C3242,U672,I276,This is worth discussing further. Reference 3242,2026-06-29 08:14:31.825933,this is worth discussing further reference 3242,0.0,0,1,0,0.0
C3243,U504,I383,Thanks for sharing this information. Reference 3243,2026-07-31 09:05:31.825947,thanks for sharing this information reference 3243,0.0,0,1,0,0.0
C3244,U224,I263,I learned something useful about education here. Reference 3244,2026-07-22 07:15:31.825961,i learned something useful about education here reference 3244,0.0,0,1,0,0.0
C3245,U675,I42,This is an interesting perspective on fashion. Reference 3245,2026-07-17 03:17:31.825974,this is an interesting perspective on fashion reference 3245,0.0,0,1,0,0.0
C3246,U908,I314,Best deal available now,2026-07-22 05:47:31.825990,best deal available now,0.5,1,52,1,72.50000000000001
C3247,U256,I94,I have a different opinion about music. Reference 3247,2026-06-08 03:57:31.826006,i have a different opinion about music reference 3247,0.0,0,1,0,0.0
C3248,U997,I236,Thanks for sharing this information. Reference 3248,2026-06-03 15:58:31.826021,thanks for sharing this information reference 3248,0.0,0,1,0,0.0
C3249,U921,I67,This is worth discussing further. Reference 3249,2026-07-08 17:17:31.826035,this is worth discussing further reference 3249,0.0,0,1,0,0.0
C3250,U677,I74,Thanks for sharing this information. Reference 3250,2026-06-04 18:05:31.826049,thanks for sharing this information reference 3250,0.0,0,1,0,0.0
C3251,U927,I409,The information presented here is useful. Reference 3251,2026-07-24 19:40:31.826062,the information presented here is useful reference 3251,0.0,0,1,0,0.0
C3252,U186,I7,I learned something useful about technology here. Reference 3252,2026-07-21 04:26:31.826076,i learned something useful about technology here reference 3252,0.0,0,1,0,0.0
C3253,U165,I203,This is worth discussing further. Reference 3253,2026-06-20 18:14:31.826090,this is worth discussing further reference 3253,0.0,0,1,0,0.0
C3254,U492,I247,This is worth discussing further. Reference 3254,2026-06-15 14:32:31.826103,this is worth discussing further reference 3254,0.0,0,1,0,0.0
C3255,U890,I418,Thanks for sharing this information. Reference 3255,2026-07-01 16:20:31.826117,thanks for sharing this information reference 3255,0.0,0,1,0,0.0
C3256,U219,I232,Thanks for sharing this information. Reference 3256,2026-06-23 03:29:31.826130,thanks for sharing this information reference 3256,0.0,0,1,0,0.0
C3257,U450,I60,You must buy this product,2026-07-12 03:14:31.826144,you must buy this product,0.0,0,51,1,45.0
C3258,U913,I95,I have a different opinion about music. Reference 3258,2026-06-28 11:20:31.826160,i have a different opinion about music reference 3258,0.0,0,1,0,0.0
C3259,U790,I281,I think this could be improved. Reference 3259,2026-06-12 00:41:31.826173,i think this could be improved reference 3259,0.0,0,1,0,0.0
C3260,U876,I175,This was a surprisingly interesting post. Reference 3260,2026-08-06 02:06:31.826187,this was a surprisingly interesting post reference 3260,0.0,0,1,0,0.0
C3261,U800,I187,The information presented here is useful. Reference 3261,2026-06-23 09:05:31.826200,the information presented here is useful reference 3261,0.0,0,1,0,0.0
C3262,U129,I48,The explanation of food was very clear. Reference 3262,2026-08-01 17:12:31.826214,the explanation of food was very clear reference 3262,0.0,0,1,0,0.0
C3263,U123,I281,I have a different opinion about education. Reference 3263,2026-07-11 04:35:31.826228,i have a different opinion about education reference 3263,0.0,0,1,0,0.0
C3264,U314,I231,The information presented here is useful. Reference 3264,2026-06-26 21:23:31.826243,the information presented here is useful reference 3264,0.0,0,1,0,0.0
C3265,U186,I203,This was a surprisingly interesting post. Reference 3265,2026-07-29 22:24:31.826258,this was a surprisingly interesting post reference 3265,0.0,0,1,0,0.0
C3266,U860,I348,The explanation of technology was very clear. Reference 3266,2026-07-24 17:57:31.826272,the explanation of technology was very clear reference 3266,0.0,0,1,0,0.0
C3267,U751,I381,This is worth discussing further. Reference 3267,2026-06-21 14:20:31.826286,this is worth discussing further reference 3267,0.0,0,1,0,0.0
C3268,U880,I271,This was a surprisingly interesting post. Reference 3268,2026-06-24 07:17:31.826301,this was a surprisingly interesting post reference 3268,0.0,0,1,0,0.0
C3269,U371,I276,The explanation of education was very clear. Reference 3269,2026-07-08 17:56:31.826315,the explanation of education was very clear reference 3269,0.0,0,1,0,0.0
C3270,U162,I51,I learned something useful about sports here. Reference 3270,2026-06-04 11:10:31.826329,i learned something useful about sports here reference 3270,0.0,0,1,0,0.0
C3271,U733,I77,This was a surprisingly interesting post. Reference 3271,2026-07-24 10:16:31.826343,this was a surprisingly interesting post reference 3271,0.0,0,1,0,0.0
C3272,U285,I25,The information presented here is useful. Reference 3272,2026-07-07 08:30:31.826357,the information presented here is useful reference 3272,0.0,0,1,0,0.0
C3273,U922,I267,The information presented here is useful. Reference 3273,2026-06-30 05:36:31.826370,the information presented here is useful reference 3273,0.0,0,1,0,0.0
C3274,U329,I69,I have a different opinion about technology. Reference 3274,2026-08-05 00:25:31.826384,i have a different opinion about technology reference 3274,0.0,0,1,0,0.0
C3275,U257,I362,This was a surprisingly interesting post. Reference 3275,2026-07-23 19:57:31.826400,this was a surprisingly interesting post reference 3275,0.0,0,1,0,0.0
C3276,U945,I375,Thanks for sharing this information. Reference 3276,2026-08-06 10:36:31.826414,thanks for sharing this information reference 3276,0.0,0,1,0,0.0
C3277,U773,I210,I learned something useful about education here. Reference 3277,2026-06-29 01:22:31.826428,i learned something useful about education here reference 3277,0.0,0,1,0,0.0
C3278,U842,I82,The explanation of fashion was very clear. Reference 3278,2026-07-28 07:40:31.826444,the explanation of fashion was very clear reference 3278,0.0,0,1,0,0.0
C3279,U661,I214,The information presented here is useful. Reference 3279,2026-07-20 04:58:31.826459,the information presented here is useful reference 3279,0.0,0,1,0,0.0
C3280,U854,I179,This is an interesting perspective on sports. Reference 3280,2026-07-17 16:34:31.826473,this is an interesting perspective on sports reference 3280,0.0,0,1,0,0.0
C3281,U143,I457,The information presented here is useful. Reference 3281,2026-06-06 18:03:31.826489,the information presented here is useful reference 3281,0.0,0,1,0,0.0
C3282,U757,I299,I learned something useful about sports here. Reference 3282,2026-07-02 11:24:31.826503,i learned something useful about sports here reference 3282,0.0,0,1,0,0.0
C3283,U145,I344,I have a different opinion about music. Reference 3283,2026-08-10 20:27:31.826517,i have a different opinion about music reference 3283,0.0,0,1,0,0.0
C3284,U652,I60,This was a surprisingly interesting post. Reference 3284,2026-06-25 02:45:31.826531,this was a surprisingly interesting post reference 3284,0.0,0,1,0,0.0
C3285,U105,I395,Thanks for sharing this information. Reference 3285,2026-07-21 16:46:31.826544,thanks for sharing this information reference 3285,0.0,0,1,0,0.0
C3286,U676,I224,I have a different opinion about gaming. Reference 3286,2026-06-23 13:35:31.826558,i have a different opinion about gaming reference 3286,0.0,0,1,0,0.0
C3287,U760,I312,Best deal available now,2026-08-05 10:11:31.826572,best deal available now,0.5,1,52,1,72.50000000000001
C3288,U901,I386,Click here for amazing deals,2026-08-08 02:28:31.826586,click here for amazing deals,0.5,1,53,1,72.50000000000001
C3289,U390,I429,I have a different opinion about gaming. Reference 3289,2026-06-15 18:30:31.826600,i have a different opinion about gaming reference 3289,0.0,0,1,0,0.0
C3290,U477,I218,Thanks for sharing this information. Reference 3290,2026-06-08 05:29:31.826613,thanks for sharing this information reference 3290,0.0,0,1,0,0.0
C3291,U708,I443,I think this could be improved. Reference 3291,2026-07-22 09:15:31.826627,i think this could be improved reference 3291,0.0,0,1,0,0.0
C3292,U535,I52,This is an interesting perspective on music. Reference 3292,2026-07-20 20:52:31.826643,this is an interesting perspective on music reference 3292,0.0,0,1,0,0.0
C3293,U890,I435,I think this could be improved. Reference 3293,2026-07-04 10:49:31.826658,i think this could be improved reference 3293,0.0,0,1,0,0.0
C3294,U58,I326,This is an interesting perspective on movies. Reference 3294,2026-06-06 22:16:31.826672,this is an interesting perspective on movies reference 3294,0.0,0,1,0,0.0
C3295,U750,I141,Best product ever buy now,2026-07-04 15:15:31.826686,best product ever buy now,0.5,1,75,1,72.50000000000001
C3296,U682,I428,I have a different opinion about music. Reference 3296,2026-08-04 06:27:31.826700,i have a different opinion about music reference 3296,0.0,0,1,0,0.0
C3297,U13,I51,Best product ever buy now,2026-06-19 12:19:31.826714,best product ever buy now,0.5,1,75,1,72.50000000000001
C3298,U506,I113,Thanks for sharing this information. Reference 3298,2026-06-12 05:53:31.826728,thanks for sharing this information reference 3298,0.0,0,1,0,0.0
C3299,U272,I53,I think this could be improved. Reference 3299,2026-06-17 14:47:31.826742,i think this could be improved reference 3299,0.0,0,1,0,0.0
C3300,U531,I445,The information presented here is useful. Reference 3300,2026-06-18 01:37:31.826755,the information presented here is useful reference 3300,0.0,0,1,0,0.0
C3301,U110,I302,This is an interesting perspective on gaming. Reference 3301,2026-08-01 03:21:31.826769,this is an interesting perspective on gaming reference 3301,0.0,0,1,0,0.0
C3302,U989,I391,The explanation of music was very clear. Reference 3302,2026-06-20 00:41:31.826784,the explanation of music was very clear reference 3302,0.0,0,1,0,0.0
C3303,U688,I363,Thanks for sharing this information. Reference 3303,2026-07-06 23:50:31.826799,thanks for sharing this information reference 3303,0.0,0,1,0,0.0
C3304,U735,I381,I really enjoyed this post about music. Reference 3304,2026-06-13 22:23:31.826814,i really enjoyed this post about music reference 3304,0.0,0,1,0,0.0
C3305,U807,I225,I think this could be improved. Reference 3305,2026-07-06 13:01:31.826828,i think this could be improved reference 3305,0.0,0,1,0,0.0
C3306,U832,I412,The information presented here is useful. Reference 3306,2026-07-23 04:02:31.826842,the information presented here is useful reference 3306,0.0,0,1,0,0.0
C3307,U580,I92,I really enjoyed this post about music. Reference 3307,2026-08-02 20:08:31.826856,i really enjoyed this post about music reference 3307,0.0,0,1,0,0.0
C3308,U299,I471,The information presented here is useful. Reference 3308,2026-06-06 11:19:31.826869,the information presented here is useful reference 3308,0.0,0,1,0,0.0
C3309,U467,I434,I have a different opinion about music. Reference 3309,2026-06-10 15:55:31.826883,i have a different opinion about music reference 3309,0.0,0,1,0,0.0
C3310,U352,I180,The explanation of movies was very clear. Reference 3310,2026-07-02 05:39:31.826899,the explanation of movies was very clear reference 3310,0.0,0,1,0,0.0
C3311,U802,I24,This is worth discussing further. Reference 3311,2026-06-09 04:45:31.826913,this is worth discussing further reference 3311,0.0,0,1,0,0.0
C3312,U650,I134,I learned something useful about sports here. Reference 3312,2026-06-21 23:58:31.826927,i learned something useful about sports here reference 3312,0.0,0,1,0,0.0
C3313,U789,I442,This was a surprisingly interesting post. Reference 3313,2026-06-05 09:53:31.826941,this was a surprisingly interesting post reference 3313,0.0,0,1,0,0.0
C3314,U410,I385,This is worth discussing further. Reference 3314,2026-06-27 08:04:31.826955,this is worth discussing further reference 3314,0.0,0,1,0,0.0
C3315,U877,I45,This is worth discussing further. Reference 3315,2026-06-16 17:25:31.826968,this is worth discussing further reference 3315,0.0,0,1,0,0.0
C3316,U551,I378,The explanation of music was very clear. Reference 3316,2026-07-14 23:52:31.826982,the explanation of music was very clear reference 3316,0.0,0,1,0,0.0
C3317,U103,I468,This is an interesting perspective on fashion. Reference 3317,2026-07-14 08:23:31.826996,this is an interesting perspective on fashion reference 3317,0.0,0,1,0,0.0
C3318,U636,I254,I learned something useful about fashion here. Reference 3318,2026-07-24 10:22:31.827010,i learned something useful about fashion here reference 3318,0.0,0,1,0,0.0
C3319,U271,I438,I think this could be improved. Reference 3319,2026-07-12 03:47:31.827024,i think this could be improved reference 3319,0.0,0,1,0,0.0
C3320,U825,I224,This is worth discussing further. Reference 3320,2026-07-27 11:47:31.827038,this is worth discussing further reference 3320,0.0,0,1,0,0.0
C3321,U330,I8,This is an interesting perspective on sports. Reference 3321,2026-06-19 20:55:31.827054,this is an interesting perspective on sports reference 3321,0.0,0,1,0,0.0
C3322,U317,I465,This was a surprisingly interesting post. Reference 3322,2026-06-03 22:47:31.827071,this was a surprisingly interesting post reference 3322,0.0,0,1,0,0.0
C3323,U573,I275,I learned something useful about fashion here. Reference 3323,2026-06-16 12:54:31.827085,i learned something useful about fashion here reference 3323,0.0,0,1,0,0.0
C3324,U712,I38,The explanation of gaming was very clear. Reference 3324,2026-08-03 14:11:31.827099,the explanation of gaming was very clear reference 3324,0.0,0,1,0,0.0
C3325,U728,I306,The information presented here is useful. Reference 3325,2026-07-29 13:33:31.827113,the information presented here is useful reference 3325,0.0,0,1,0,0.0
C3326,U733,I174,This was a surprisingly interesting post. Reference 3326,2026-07-06 17:15:31.827126,this was a surprisingly interesting post reference 3326,0.0,0,1,0,0.0
C3327,U136,I471,The information presented here is useful. Reference 3327,2026-06-05 19:32:31.827139,the information presented here is useful reference 3327,0.0,0,1,0,0.0
C3328,U834,I448,Best deal available now,2026-07-13 08:33:31.827154,best deal available now,0.5,1,52,1,72.50000000000001
C3329,U230,I226,I really enjoyed this post about sports. Reference 3329,2026-06-22 22:53:31.827167,i really enjoyed this post about sports reference 3329,0.0,0,1,0,0.0
C3330,U158,I341,Best product ever buy now,2026-06-27 19:44:31.827181,best product ever buy now,0.5,1,75,1,72.50000000000001
C3331,U229,I426,The explanation of sports was very clear. Reference 3331,2026-07-22 06:38:31.827197,the explanation of sports was very clear reference 3331,0.0,0,1,0,0.0
C3332,U450,I331,The explanation of education was very clear. Reference 3332,2026-08-10 16:51:31.827211,the explanation of education was very clear reference 3332,0.0,0,1,0,0.0
C3333,U303,I124,I really enjoyed this post about food. Reference 3333,2026-07-02 21:04:31.827225,i really enjoyed this post about food reference 3333,0.0,0,1,0,0.0
C3334,U424,I284,This was a surprisingly interesting post. Reference 3334,2026-07-05 07:14:31.827239,this was a surprisingly interesting post reference 3334,0.0,0,1,0,0.0
C3335,U190,I434,This was a surprisingly interesting post. Reference 3335,2026-06-15 17:43:31.827252,this was a surprisingly interesting post reference 3335,0.0,0,1,0,0.0
C3336,U589,I454,The information presented here is useful. Reference 3336,2026-06-08 12:04:31.827266,the information presented here is useful reference 3336,0.0,0,1,0,0.0
C3337,U815,I186,I have a different opinion about fashion. Reference 3337,2026-07-09 03:12:31.827280,i have a different opinion about fashion reference 3337,0.0,0,1,0,0.0
C3338,U373,I460,Amazing product buy now,2026-06-23 15:31:31.827293,amazing product buy now,1.0,1,69,1,100.0
C3339,U365,I39,I learned something useful about music here. Reference 3339,2026-06-08 21:29:31.827307,i learned something useful about music here reference 3339,0.0,0,1,0,0.0
C3340,U252,I407,This was a surprisingly interesting post. Reference 3340,2026-08-03 00:54:31.827321,this was a surprisingly interesting post reference 3340,0.0,0,1,0,0.0
C3341,U939,I401,This was a surprisingly interesting post. Reference 3341,2026-06-24 02:28:31.827337,this was a surprisingly interesting post reference 3341,0.0,0,1,0,0.0
C3342,U321,I53,Thanks for sharing this information. Reference 3342,2026-06-07 06:53:31.827350,thanks for sharing this information reference 3342,0.0,0,1,0,0.0
C3343,U356,I367,This was a surprisingly interesting post. Reference 3343,2026-06-30 11:32:31.827364,this was a surprisingly interesting post reference 3343,0.0,0,1,0,0.0
C3344,U275,I294,I really enjoyed this post about food. Reference 3344,2026-06-16 12:10:31.827378,i really enjoyed this post about food reference 3344,0.0,0,1,0,0.0
C3345,U448,I254,Thanks for sharing this information. Reference 3345,2026-08-05 22:44:31.827391,thanks for sharing this information reference 3345,0.0,0,1,0,0.0
C3346,U976,I87,I really enjoyed this post about food. Reference 3346,2026-06-21 22:50:31.827405,i really enjoyed this post about food reference 3346,0.0,0,1,0,0.0
C3347,U665,I29,Best product ever buy now,2026-06-08 13:01:31.827418,best product ever buy now,0.5,1,75,1,72.50000000000001
C3348,U151,I32,This is worth discussing further. Reference 3348,2026-06-07 09:35:31.827432,this is worth discussing further reference 3348,0.0,0,1,0,0.0
C3349,U282,I291,I have a different opinion about technology. Reference 3349,2026-06-07 21:04:31.827448,i have a different opinion about technology reference 3349,0.0,0,1,0,0.0
C3350,U612,I251,The information presented here is useful. Reference 3350,2026-07-06 18:22:31.827463,the information presented here is useful reference 3350,0.0,0,1,0,0.0
C3351,U220,I338,I think this could be improved. Reference 3351,2026-06-23 19:50:31.827478,i think this could be improved reference 3351,0.0,0,1,0,0.0
C3352,U713,I345,I have a different opinion about music. Reference 3352,2026-07-21 15:56:31.827499,i have a different opinion about music reference 3352,0.0,0,1,0,0.0
C3353,U583,I408,This was a surprisingly interesting post. Reference 3353,2026-07-29 16:54:31.827513,this was a surprisingly interesting post reference 3353,0.0,0,1,0,0.0
C3354,U784,I276,Thanks for sharing this information. Reference 3354,2026-08-11 05:10:31.827526,thanks for sharing this information reference 3354,0.0,0,1,0,0.0
C3355,U994,I312,I really enjoyed this post about music. Reference 3355,2026-06-19 08:41:31.827540,i really enjoyed this post about music reference 3355,0.0,0,1,0,0.0
C3356,U122,I396,This is an interesting perspective on gaming. Reference 3356,2026-06-24 14:40:31.827554,this is an interesting perspective on gaming reference 3356,0.0,0,1,0,0.0
C3357,U423,I373,Amazing product buy now,2026-07-20 04:28:31.827568,amazing product buy now,1.0,1,69,1,100.0
C3358,U615,I396,I learned something useful about education here. Reference 3358,2026-08-09 03:34:31.827582,i learned something useful about education here reference 3358,0.0,0,1,0,0.0
C3359,U664,I475,I think this could be improved. Reference 3359,2026-07-12 15:10:31.827596,i think this could be improved reference 3359,0.0,0,1,0,0.0
C3360,U91,I48,The information presented here is useful. Reference 3360,2026-07-05 17:37:31.827616,the information presented here is useful reference 3360,0.0,0,1,0,0.0
C3361,U390,I356,I think this could be improved. Reference 3361,2026-07-11 14:02:31.827630,i think this could be improved reference 3361,0.0,0,1,0,0.0
C3362,U187,I49,Best product ever buy now,2026-07-26 16:25:31.827644,best product ever buy now,0.5,1,75,1,72.50000000000001
C3363,U724,I220,I have a different opinion about food. Reference 3363,2026-08-03 13:46:31.827658,i have a different opinion about food reference 3363,0.0,0,1,0,0.0
C3364,U188,I133,The information presented here is useful. Reference 3364,2026-07-22 04:52:31.827672,the information presented here is useful reference 3364,0.0,0,1,0,0.0
C3365,U359,I331,This is an interesting perspective on music. Reference 3365,2026-07-01 17:10:31.827686,this is an interesting perspective on music reference 3365,0.0,0,1,0,0.0
C3366,U769,I48,This was a surprisingly interesting post. Reference 3366,2026-08-09 23:25:31.827699,this was a surprisingly interesting post reference 3366,0.0,0,1,0,0.0
C3367,U900,I310,I really enjoyed this post about technology. Reference 3367,2026-06-10 16:34:31.827713,i really enjoyed this post about technology reference 3367,0.0,0,1,0,0.0
C3368,U382,I48,I learned something useful about technology here. Reference 3368,2026-06-24 16:06:31.827727,i learned something useful about technology here reference 3368,0.0,0,1,0,0.0
C3369,U12,I2,This is worth discussing further. Reference 3369,2026-07-14 22:56:31.827741,this is worth discussing further reference 3369,0.0,0,1,0,0.0
C3370,U28,I409,Thanks for sharing this information. Reference 3370,2026-08-05 12:24:31.827755,thanks for sharing this information reference 3370,0.0,0,1,0,0.0
C3371,U978,I88,The explanation of food was very clear. Reference 3371,2026-07-26 06:51:31.827768,the explanation of food was very clear reference 3371,0.0,0,1,0,0.0
C3372,U548,I111,This is worth discussing further. Reference 3372,2026-06-10 15:33:31.827782,this is worth discussing further reference 3372,0.0,0,1,0,0.0
C3373,U934,I79,Thanks for sharing this information. Reference 3373,2026-06-20 14:05:31.827797,thanks for sharing this information reference 3373,0.0,0,1,0,0.0
C3374,U181,I456,I think this could be improved. Reference 3374,2026-06-26 15:42:31.827811,i think this could be improved reference 3374,0.0,0,1,0,0.0
C3375,U152,I416,I think this could be improved. Reference 3375,2026-06-16 05:01:31.827824,i think this could be improved reference 3375,0.0,0,1,0,0.0
C3376,U39,I478,This was a surprisingly interesting post. Reference 3376,2026-07-14 11:08:31.827838,this was a surprisingly interesting post reference 3376,0.0,0,1,0,0.0
C3377,U957,I149,This is an interesting perspective on music. Reference 3377,2026-06-10 15:52:31.827854,this is an interesting perspective on music reference 3377,0.0,0,1,0,0.0
C3378,U184,I302,This was a surprisingly interesting post. Reference 3378,2026-08-02 18:08:31.827868,this was a surprisingly interesting post reference 3378,0.0,0,1,0,0.0
C3379,U509,I98,Thanks for sharing this information. Reference 3379,2026-06-17 00:26:31.827881,thanks for sharing this information reference 3379,0.0,0,1,0,0.0
C3380,U942,I172,I think this could be improved. Reference 3380,2026-07-02 01:27:31.827895,i think this could be improved reference 3380,0.0,0,1,0,0.0
C3381,U966,I59,This was a surprisingly interesting post. Reference 3381,2026-07-12 00:51:31.827908,this was a surprisingly interesting post reference 3381,0.0,0,1,0,0.0
C3382,U252,I187,I learned something useful about sports here. Reference 3382,2026-06-28 03:53:31.827922,i learned something useful about sports here reference 3382,0.0,0,1,0,0.0
C3383,U192,I406,The information presented here is useful. Reference 3383,2026-07-10 05:13:31.827935,the information presented here is useful reference 3383,0.0,0,1,0,0.0
C3384,U60,I469,I think this could be improved. Reference 3384,2026-06-25 12:22:31.827949,i think this could be improved reference 3384,0.0,0,1,0,0.0
C3385,U93,I339,This is worth discussing further. Reference 3385,2026-06-03 22:27:31.827966,this is worth discussing further reference 3385,0.0,0,1,0,0.0
C3386,U559,I329,The explanation of movies was very clear. Reference 3386,2026-07-13 16:14:31.827980,the explanation of movies was very clear reference 3386,0.0,0,1,0,0.0
C3387,U138,I229,The explanation of movies was very clear. Reference 3387,2026-06-15 19:43:31.827993,the explanation of movies was very clear reference 3387,0.0,0,1,0,0.0
C3388,U436,I206,Click here for amazing deals,2026-08-04 08:00:31.828009,click here for amazing deals,0.5,1,53,1,72.50000000000001
C3389,U502,I12,I think this could be improved. Reference 3389,2026-07-13 13:37:31.828022,i think this could be improved reference 3389,0.0,0,1,0,0.0
C3390,U574,I247,Thanks for sharing this information. Reference 3390,2026-07-14 23:44:31.828036,thanks for sharing this information reference 3390,0.0,0,1,0,0.0
C3391,U509,I402,I have a different opinion about technology. Reference 3391,2026-06-24 19:31:31.828050,i have a different opinion about technology reference 3391,0.0,0,1,0,0.0
C3392,U851,I21,The explanation of gaming was very clear. Reference 3392,2026-07-14 21:04:31.828064,the explanation of gaming was very clear reference 3392,0.0,0,1,0,0.0
C3393,U913,I300,Thanks for sharing this information. Reference 3393,2026-06-14 11:50:31.828077,thanks for sharing this information reference 3393,0.0,0,1,0,0.0
C3394,U321,I378,I really enjoyed this post about technology. Reference 3394,2026-08-07 12:51:31.828091,i really enjoyed this post about technology reference 3394,0.0,0,1,0,0.0
C3395,U989,I155,The information presented here is useful. Reference 3395,2026-07-10 19:32:31.828105,the information presented here is useful reference 3395,0.0,0,1,0,0.0
C3396,U987,I275,I really enjoyed this post about fashion. Reference 3396,2026-06-05 14:37:31.828118,i really enjoyed this post about fashion reference 3396,0.0,0,1,0,0.0
C3397,U520,I268,I learned something useful about music here. Reference 3397,2026-06-10 20:01:31.828132,i learned something useful about music here reference 3397,0.0,0,1,0,0.0
C3398,U715,I22,The explanation of gaming was very clear. Reference 3398,2026-07-01 05:08:31.828146,the explanation of gaming was very clear reference 3398,0.0,0,1,0,0.0
C3399,U972,I95,The explanation of music was very clear. Reference 3399,2026-08-05 04:35:31.828160,the explanation of music was very clear reference 3399,0.0,0,1,0,0.0
C3400,U731,I104,I think this could be improved. Reference 3400,2026-06-20 20:17:31.828174,i think this could be improved reference 3400,0.0,0,1,0,0.0
C3401,U655,I313,I really enjoyed this post about technology. Reference 3401,2026-07-08 02:36:31.828187,i really enjoyed this post about technology reference 3401,0.0,0,1,0,0.0
C3402,U210,I460,This is an interesting perspective on movies. Reference 3402,2026-08-11 09:37:31.828201,this is an interesting perspective on movies reference 3402,0.0,0,1,0,0.0
C3403,U926,I123,This is worth discussing further. Reference 3403,2026-07-07 08:11:31.828215,this is worth discussing further reference 3403,0.0,0,1,0,0.0
C3404,U846,I116,This is worth discussing further. Reference 3404,2026-08-07 18:12:31.828228,this is worth discussing further reference 3404,0.0,0,1,0,0.0
C3405,U159,I72,Best deal available now,2026-06-16 05:43:31.828244,best deal available now,0.5,1,52,1,72.50000000000001
C3406,U684,I132,The information presented here is useful. Reference 3406,2026-07-24 04:25:31.828260,the information presented here is useful reference 3406,0.0,0,1,0,0.0
C3407,U962,I449,I have a different opinion about fashion. Reference 3407,2026-06-10 00:02:31.828274,i have a different opinion about fashion reference 3407,0.0,0,1,0,0.0
C3408,U10,I212,The information presented here is useful. Reference 3408,2026-07-17 12:29:31.828287,the information presented here is useful reference 3408,0.0,0,1,0,0.0
C3409,U862,I461,The explanation of food was very clear. Reference 3409,2026-07-19 18:22:31.828301,the explanation of food was very clear reference 3409,0.0,0,1,0,0.0
C3410,U614,I5,The information presented here is useful. Reference 3410,2026-06-09 11:32:31.828315,the information presented here is useful reference 3410,0.0,0,1,0,0.0
C3411,U785,I229,I learned something useful about sports here. Reference 3411,2026-08-05 09:55:31.828328,i learned something useful about sports here reference 3411,0.0,0,1,0,0.0
C3412,U652,I58,This is an interesting perspective on education. Reference 3412,2026-06-28 08:45:31.828342,this is an interesting perspective on education reference 3412,0.0,0,1,0,0.0
C3413,U68,I93,This was a surprisingly interesting post. Reference 3413,2026-07-27 14:21:31.828355,this was a surprisingly interesting post reference 3413,0.0,0,1,0,0.0
C3414,U966,I378,I have a different opinion about fashion. Reference 3414,2026-07-16 21:48:31.828370,i have a different opinion about fashion reference 3414,0.0,0,1,0,0.0
C3415,U549,I146,I have a different opinion about movies. Reference 3415,2026-08-01 22:58:31.828385,i have a different opinion about movies reference 3415,0.0,0,1,0,0.0
C3416,U779,I61,The information presented here is useful. Reference 3416,2026-08-03 23:00:31.828401,the information presented here is useful reference 3416,0.0,0,1,0,0.0
C3417,U568,I433,I think this could be improved. Reference 3417,2026-07-31 06:17:31.828414,i think this could be improved reference 3417,0.0,0,1,0,0.0
C3418,U530,I18,I think this could be improved. Reference 3418,2026-08-01 21:07:31.828428,i think this could be improved reference 3418,0.0,0,1,0,0.0
C3419,U114,I117,I really enjoyed this post about fashion. Reference 3419,2026-07-26 00:59:31.828441,i really enjoyed this post about fashion reference 3419,0.0,0,1,0,0.0
C3420,U85,I390,This is an interesting perspective on sports. Reference 3420,2026-07-03 03:38:31.828455,this is an interesting perspective on sports reference 3420,0.0,0,1,0,0.0
C3421,U630,I189,I think this could be improved. Reference 3421,2026-07-02 14:22:31.828469,i think this could be improved reference 3421,0.0,0,1,0,0.0
C3422,U611,I393,I really enjoyed this post about sports. Reference 3422,2026-07-23 16:17:31.828482,i really enjoyed this post about sports reference 3422,0.0,0,1,0,0.0
C3423,U742,I162,Best deal available now,2026-07-28 22:22:31.828496,best deal available now,0.5,1,52,1,72.50000000000001
C3424,U349,I440,I have a different opinion about education. Reference 3424,2026-07-10 23:08:31.828510,i have a different opinion about education reference 3424,0.0,0,1,0,0.0
C3425,U473,I102,I really enjoyed this post about fashion. Reference 3425,2026-07-08 05:47:31.828524,i really enjoyed this post about fashion reference 3425,0.0,0,1,0,0.0
C3426,U156,I484,I have a different opinion about gaming. Reference 3426,2026-07-22 07:56:31.828538,i have a different opinion about gaming reference 3426,0.0,0,1,0,0.0
C3427,U188,I321,The explanation of music was very clear. Reference 3427,2026-06-12 22:32:31.828552,the explanation of music was very clear reference 3427,0.0,0,1,0,0.0
C3428,U738,I224,I really enjoyed this post about food. Reference 3428,2026-08-05 12:24:31.828565,i really enjoyed this post about food reference 3428,0.0,0,1,0,0.0
C3429,U863,I125,Thanks for sharing this information. Reference 3429,2026-06-22 03:31:31.828579,thanks for sharing this information reference 3429,0.0,0,1,0,0.0
C3430,U164,I73,This was a surprisingly interesting post. Reference 3430,2026-08-06 16:05:31.828592,this was a surprisingly interesting post reference 3430,0.0,0,1,0,0.0
C3431,U114,I350,This is an interesting perspective on fashion. Reference 3431,2026-06-25 16:17:31.828606,this is an interesting perspective on fashion reference 3431,0.0,0,1,0,0.0
C3432,U547,I8,Thanks for sharing this information. Reference 3432,2026-06-06 22:12:31.828620,thanks for sharing this information reference 3432,0.0,0,1,0,0.0
C3433,U955,I164,This is worth discussing further. Reference 3433,2026-07-29 18:31:31.828633,this is worth discussing further reference 3433,0.0,0,1,0,0.0
C3434,U923,I53,The explanation of technology was very clear. Reference 3434,2026-07-08 03:12:31.828649,the explanation of technology was very clear reference 3434,0.0,0,1,0,0.0
C3435,U3,I288,I really enjoyed this post about fashion. Reference 3435,2026-06-21 05:27:31.828662,i really enjoyed this post about fashion reference 3435,0.0,0,1,0,0.0
C3436,U122,I438,The explanation of technology was very clear. Reference 3436,2026-06-21 12:41:31.828676,the explanation of technology was very clear reference 3436,0.0,0,1,0,0.0
C3437,U558,I37,I really enjoyed this post about food. Reference 3437,2026-06-20 19:32:31.828693,i really enjoyed this post about food reference 3437,0.0,0,1,0,0.0
C3438,U660,I197,I have a different opinion about fashion. Reference 3438,2026-07-01 21:39:31.828707,i have a different opinion about fashion reference 3438,0.0,0,1,0,0.0
C3439,U932,I383,The explanation of food was very clear. Reference 3439,2026-06-17 01:43:31.828720,the explanation of food was very clear reference 3439,0.0,0,1,0,0.0
C3440,U256,I176,I think this could be improved. Reference 3440,2026-07-28 21:26:31.828735,i think this could be improved reference 3440,0.0,0,1,0,0.0
C3441,U465,I274,This is worth discussing further. Reference 3441,2026-07-29 16:31:31.828749,this is worth discussing further reference 3441,0.0,0,1,0,0.0
C3442,U293,I326,I learned something useful about fashion here. Reference 3442,2026-07-19 10:05:31.828762,i learned something useful about fashion here reference 3442,0.0,0,1,0,0.0
C3443,U903,I82,This is worth discussing further. Reference 3443,2026-07-03 12:50:31.828776,this is worth discussing further reference 3443,0.0,0,1,0,0.0
C3444,U824,I153,I learned something useful about technology here. Reference 3444,2026-06-30 23:14:31.828791,i learned something useful about technology here reference 3444,0.0,0,1,0,0.0
C3445,U420,I363,This was a surprisingly interesting post. Reference 3445,2026-07-06 05:17:31.828805,this was a surprisingly interesting post reference 3445,0.0,0,1,0,0.0
C3446,U128,I430,This is worth discussing further. Reference 3446,2026-07-05 21:30:31.828818,this is worth discussing further reference 3446,0.0,0,1,0,0.0
C3447,U431,I452,The information presented here is useful. Reference 3447,2026-06-06 01:44:31.828831,the information presented here is useful reference 3447,0.0,0,1,0,0.0
C3448,U463,I227,The information presented here is useful. Reference 3448,2026-07-09 17:46:31.828845,the information presented here is useful reference 3448,0.0,0,1,0,0.0
C3449,U345,I166,The information presented here is useful. Reference 3449,2026-06-06 23:53:31.828860,the information presented here is useful reference 3449,0.0,0,1,0,0.0
C3450,U542,I105,The explanation of sports was very clear. Reference 3450,2026-06-07 23:18:31.828874,the explanation of sports was very clear reference 3450,0.0,0,1,0,0.0
C3451,U195,I291,The explanation of music was very clear. Reference 3451,2026-06-30 15:43:31.828888,the explanation of music was very clear reference 3451,0.0,0,1,0,0.0
C3452,U561,I441,The information presented here is useful. Reference 3452,2026-06-14 05:08:31.828901,the information presented here is useful reference 3452,0.0,0,1,0,0.0
C3453,U314,I109,The information presented here is useful. Reference 3453,2026-06-30 00:44:31.828915,the information presented here is useful reference 3453,0.0,0,1,0,0.0
C3454,U111,I277,I think this could be improved. Reference 3454,2026-06-16 01:43:31.828928,i think this could be improved reference 3454,0.0,0,1,0,0.0
C3455,U422,I26,The explanation of sports was very clear. Reference 3455,2026-07-12 02:18:31.828944,the explanation of sports was very clear reference 3455,0.0,0,1,0,0.0
C3456,U564,I455,I learned something useful about fashion here. Reference 3456,2026-06-25 17:29:31.828958,i learned something useful about fashion here reference 3456,0.0,0,1,0,0.0
C3457,U442,I92,I think this could be improved. Reference 3457,2026-06-09 15:59:31.828971,i think this could be improved reference 3457,0.0,0,1,0,0.0
C3458,U211,I197,You must buy this product,2026-07-17 22:54:31.828985,you must buy this product,0.0,0,51,1,45.0
C3459,U763,I348,Thanks for sharing this information. Reference 3459,2026-06-14 11:10:31.828998,thanks for sharing this information reference 3459,0.0,0,1,0,0.0
C3460,U411,I294,The explanation of education was very clear. Reference 3460,2026-07-05 09:30:31.829012,the explanation of education was very clear reference 3460,0.0,0,1,0,0.0
C3461,U324,I239,The explanation of education was very clear. Reference 3461,2026-06-03 10:00:31.829026,the explanation of education was very clear reference 3461,0.0,0,1,0,0.0
C3462,U953,I249,This is worth discussing further. Reference 3462,2026-06-11 06:49:31.829042,this is worth discussing further reference 3462,0.0,0,1,0,0.0
C3463,U99,I402,This is an interesting perspective on gaming. Reference 3463,2026-08-09 21:05:31.829056,this is an interesting perspective on gaming reference 3463,0.0,0,1,0,0.0
C3464,U8,I471,I really enjoyed this post about music. Reference 3464,2026-08-03 15:29:31.829069,i really enjoyed this post about music reference 3464,0.0,0,1,0,0.0
C3465,U320,I476,This is worth discussing further. Reference 3465,2026-06-05 03:35:31.829083,this is worth discussing further reference 3465,0.0,0,1,0,0.0
C3466,U154,I490,The explanation of movies was very clear. Reference 3466,2026-08-05 19:45:31.829096,the explanation of movies was very clear reference 3466,0.0,0,1,0,0.0
C3467,U371,I319,This is worth discussing further. Reference 3467,2026-06-29 14:08:31.829110,this is worth discussing further reference 3467,0.0,0,1,0,0.0
C3468,U346,I360,I learned something useful about movies here. Reference 3468,2026-07-15 05:32:31.829126,i learned something useful about movies here reference 3468,0.0,0,1,0,0.0
C3469,U103,I410,This was a surprisingly interesting post. Reference 3469,2026-07-28 23:53:31.829140,this was a surprisingly interesting post reference 3469,0.0,0,1,0,0.0
C3470,U167,I212,This is an interesting perspective on fashion. Reference 3470,2026-07-28 10:12:31.829154,this is an interesting perspective on fashion reference 3470,0.0,0,1,0,0.0
C3471,U575,I282,I think this could be improved. Reference 3471,2026-06-10 00:44:31.829168,i think this could be improved reference 3471,0.0,0,1,0,0.0
C3472,U868,I462,The explanation of gaming was very clear. Reference 3472,2026-06-12 09:44:31.829182,the explanation of gaming was very clear reference 3472,0.0,0,1,0,0.0
C3473,U968,I75,I think this could be improved. Reference 3473,2026-06-04 01:11:31.829197,i think this could be improved reference 3473,0.0,0,1,0,0.0
C3474,U40,I69,The information presented here is useful. Reference 3474,2026-07-08 07:14:31.829211,the information presented here is useful reference 3474,0.0,0,1,0,0.0
C3475,U488,I87,I really enjoyed this post about music. Reference 3475,2026-07-02 16:44:31.829225,i really enjoyed this post about music reference 3475,0.0,0,1,0,0.0
C3476,U598,I292,I learned something useful about food here. Reference 3476,2026-08-10 00:36:31.829239,i learned something useful about food here reference 3476,0.0,0,1,0,0.0
C3477,U993,I251,Thanks for sharing this information. Reference 3477,2026-07-11 21:43:31.829252,thanks for sharing this information reference 3477,0.0,0,1,0,0.0
C3478,U87,I453,This is worth discussing further. Reference 3478,2026-07-26 16:48:31.829266,this is worth discussing further reference 3478,0.0,0,1,0,0.0
C3479,U138,I319,I have a different opinion about fashion. Reference 3479,2026-07-29 05:25:31.829279,i have a different opinion about fashion reference 3479,0.0,0,1,0,0.0
C3480,U113,I478,The explanation of music was very clear. Reference 3480,2026-07-16 05:20:31.829293,the explanation of music was very clear reference 3480,0.0,0,1,0,0.0
C3481,U728,I405,This is an interesting perspective on music. Reference 3481,2026-06-17 23:07:31.829307,this is an interesting perspective on music reference 3481,0.0,0,1,0,0.0
C3482,U818,I253,I really enjoyed this post about fashion. Reference 3482,2026-07-27 10:39:31.829321,i really enjoyed this post about fashion reference 3482,0.0,0,1,0,0.0
C3483,U373,I435,I have a different opinion about sports. Reference 3483,2026-06-26 02:23:31.829335,i have a different opinion about sports reference 3483,0.0,0,1,0,0.0
C3484,U286,I266,I really enjoyed this post about food. Reference 3484,2026-07-13 20:03:31.829349,i really enjoyed this post about food reference 3484,0.0,0,1,0,0.0
C3485,U927,I85,I really enjoyed this post about sports. Reference 3485,2026-06-09 01:41:31.829363,i really enjoyed this post about sports reference 3485,0.0,0,1,0,0.0
C3486,U313,I134,I think this could be improved. Reference 3486,2026-07-12 02:39:31.829376,i think this could be improved reference 3486,0.0,0,1,0,0.0
C3487,U41,I139,I think this could be improved. Reference 3487,2026-07-12 12:42:31.829390,i think this could be improved reference 3487,0.0,0,1,0,0.0
C3488,U564,I16,I learned something useful about technology here. Reference 3488,2026-06-05 23:08:31.829404,i learned something useful about technology here reference 3488,0.0,0,1,0,0.0
C3489,U587,I9,I have a different opinion about fashion. Reference 3489,2026-07-24 15:51:31.829419,i have a different opinion about fashion reference 3489,0.0,0,1,0,0.0
C3490,U926,I240,The information presented here is useful. Reference 3490,2026-08-08 13:22:31.829433,the information presented here is useful reference 3490,0.0,0,1,0,0.0
C3491,U711,I344,I have a different opinion about fashion. Reference 3491,2026-07-12 06:46:31.829448,i have a different opinion about fashion reference 3491,0.0,0,1,0,0.0
C3492,U375,I411,This was a surprisingly interesting post. Reference 3492,2026-07-05 18:27:31.829462,this was a surprisingly interesting post reference 3492,0.0,0,1,0,0.0
C3493,U724,I175,I learned something useful about music here. Reference 3493,2026-06-07 09:02:31.829475,i learned something useful about music here reference 3493,0.0,0,1,0,0.0
C3494,U267,I282,The explanation of food was very clear. Reference 3494,2026-07-17 04:43:31.829489,the explanation of food was very clear reference 3494,0.0,0,1,0,0.0
C3495,U273,I42,I think this could be improved. Reference 3495,2026-06-12 04:35:31.829509,i think this could be improved reference 3495,0.0,0,1,0,0.0
C3496,U935,I163,This was a surprisingly interesting post. Reference 3496,2026-08-09 17:43:31.829523,this was a surprisingly interesting post reference 3496,0.0,0,1,0,0.0
C3497,U830,I65,This is an interesting perspective on sports. Reference 3497,2026-08-05 01:25:31.829537,this is an interesting perspective on sports reference 3497,0.0,0,1,0,0.0
C3498,U181,I191,This is an interesting perspective on education. Reference 3498,2026-06-20 18:37:31.829550,this is an interesting perspective on education reference 3498,0.0,0,1,0,0.0
C3499,U820,I121,Best product ever buy now,2026-08-10 22:54:31.829564,best product ever buy now,0.5,1,75,1,72.50000000000001
C3500,U740,I6,This is worth discussing further. Reference 3500,2026-07-28 14:39:31.829580,this is worth discussing further reference 3500,0.0,0,1,0,0.0
C3501,U596,I320,I think this could be improved. Reference 3501,2026-06-12 07:24:31.829596,i think this could be improved reference 3501,0.0,0,1,0,0.0
C3502,U108,I313,This is an interesting perspective on technology. Reference 3502,2026-06-08 17:44:31.829610,this is an interesting perspective on technology reference 3502,0.0,0,1,0,0.0
C3503,U142,I102,This is an interesting perspective on education. Reference 3503,2026-08-03 11:39:31.829625,this is an interesting perspective on education reference 3503,0.0,0,1,0,0.0
C3504,U735,I487,You must buy this product,2026-07-03 10:08:31.829639,you must buy this product,0.0,0,51,1,45.0
C3505,U810,I351,The explanation of sports was very clear. Reference 3505,2026-08-07 06:45:31.829652,the explanation of sports was very clear reference 3505,0.0,0,1,0,0.0
C3506,U734,I40,The information presented here is useful. Reference 3506,2026-06-15 21:39:31.829666,the information presented here is useful reference 3506,0.0,0,1,0,0.0
C3507,U542,I98,I think this could be improved. Reference 3507,2026-06-08 08:48:31.829680,i think this could be improved reference 3507,0.0,0,1,0,0.0
C3508,U507,I309,I learned something useful about food here. Reference 3508,2026-07-16 14:41:31.829694,i learned something useful about food here reference 3508,0.0,0,1,0,0.0
C3509,U749,I346,Thanks for sharing this information. Reference 3509,2026-07-02 13:17:31.829707,thanks for sharing this information reference 3509,0.0,0,1,0,0.0
C3510,U189,I259,I really enjoyed this post about gaming. Reference 3510,2026-07-26 19:49:31.829721,i really enjoyed this post about gaming reference 3510,0.0,0,1,0,0.0
C3511,U997,I101,I have a different opinion about education. Reference 3511,2026-06-23 11:58:31.829735,i have a different opinion about education reference 3511,0.0,0,1,0,0.0
C3512,U589,I498,The explanation of gaming was very clear. Reference 3512,2026-06-08 20:32:31.829749,the explanation of gaming was very clear reference 3512,0.0,0,1,0,0.0
C3513,U779,I38,The explanation of education was very clear. Reference 3513,2026-07-13 13:51:31.829764,the explanation of education was very clear reference 3513,0.0,0,1,0,0.0
C3514,U774,I116,I learned something useful about fashion here. Reference 3514,2026-06-15 00:09:31.829778,i learned something useful about fashion here reference 3514,0.0,0,1,0,0.0
C3515,U856,I303,I have a different opinion about fashion. Reference 3515,2026-06-26 17:10:31.829792,i have a different opinion about fashion reference 3515,0.0,0,1,0,0.0
C3516,U655,I146,The explanation of fashion was very clear. Reference 3516,2026-07-19 23:46:31.829806,the explanation of fashion was very clear reference 3516,0.0,0,1,0,0.0
C3517,U844,I176,The explanation of technology was very clear. Reference 3517,2026-06-13 05:27:31.829819,the explanation of technology was very clear reference 3517,0.0,0,1,0,0.0
C3518,U911,I495,I have a different opinion about movies. Reference 3518,2026-06-04 04:11:31.829833,i have a different opinion about movies reference 3518,0.0,0,1,0,0.0
C3519,U165,I33,I really enjoyed this post about gaming. Reference 3519,2026-06-27 20:59:31.829848,i really enjoyed this post about gaming reference 3519,0.0,0,1,0,0.0
C3520,U352,I462,I really enjoyed this post about fashion. Reference 3520,2026-08-04 13:19:31.829862,i really enjoyed this post about fashion reference 3520,0.0,0,1,0,0.0
C3521,U690,I391,I think this could be improved. Reference 3521,2026-06-05 02:06:31.829876,i think this could be improved reference 3521,0.0,0,1,0,0.0
C3522,U690,I45,This is worth discussing further. Reference 3522,2026-06-09 07:00:31.829898,this is worth discussing further reference 3522,0.0,0,1,0,0.0
C3523,U697,I310,This is an interesting perspective on movies. Reference 3523,2026-06-06 15:30:31.829923,this is an interesting perspective on movies reference 3523,0.0,0,1,0,0.0
C3524,U859,I163,Amazing product buy now,2026-06-05 06:38:31.830019,amazing product buy now,1.0,1,69,1,100.0
C3525,U830,I245,This is worth discussing further. Reference 3525,2026-07-15 12:05:31.830059,this is worth discussing further reference 3525,0.0,0,1,0,0.0
C3526,U781,I250,This is worth discussing further. Reference 3526,2026-07-22 01:39:31.830089,this is worth discussing further reference 3526,0.0,0,1,0,0.0
C3527,U601,I87,I really enjoyed this post about music. Reference 3527,2026-07-05 12:54:31.830117,i really enjoyed this post about music reference 3527,0.0,0,1,0,0.0
C3528,U476,I450,I think this could be improved. Reference 3528,2026-07-06 03:05:31.830145,i think this could be improved reference 3528,0.0,0,1,0,0.0
C3529,U474,I444,I think this could be improved. Reference 3529,2026-07-28 22:26:31.830178,i think this could be improved reference 3529,0.0,0,1,0,0.0
C3530,U145,I377,The information presented here is useful. Reference 3530,2026-08-09 14:30:31.830206,the information presented here is useful reference 3530,0.0,0,1,0,0.0
C3531,U894,I71,This is worth discussing further. Reference 3531,2026-06-15 06:56:31.830232,this is worth discussing further reference 3531,0.0,0,1,0,0.0
C3532,U152,I204,This is worth discussing further. Reference 3532,2026-07-03 07:03:31.830264,this is worth discussing further reference 3532,0.0,0,1,0,0.0
C3533,U810,I418,I learned something useful about education here. Reference 3533,2026-06-18 20:41:31.830298,i learned something useful about education here reference 3533,0.0,0,1,0,0.0
C3534,U968,I94,The explanation of gaming was very clear. Reference 3534,2026-08-10 08:10:31.830316,the explanation of gaming was very clear reference 3534,0.0,0,1,0,0.0
C3535,U400,I241,I learned something useful about movies here. Reference 3535,2026-07-12 03:06:31.830330,i learned something useful about movies here reference 3535,0.0,0,1,0,0.0
C3536,U202,I11,I think this could be improved. Reference 3536,2026-07-28 10:08:31.830343,i think this could be improved reference 3536,0.0,0,1,0,0.0
C3537,U310,I424,This was a surprisingly interesting post. Reference 3537,2026-07-22 02:28:31.830357,this was a surprisingly interesting post reference 3537,0.0,0,1,0,0.0
C3538,U194,I249,You must buy this product,2026-07-03 10:23:31.830371,you must buy this product,0.0,0,51,1,45.0
C3539,U445,I485,I learned something useful about food here. Reference 3539,2026-06-12 05:32:31.830385,i learned something useful about food here reference 3539,0.0,0,1,0,0.0
C3540,U61,I180,This is an interesting perspective on gaming. Reference 3540,2026-07-13 09:45:31.830399,this is an interesting perspective on gaming reference 3540,0.0,0,1,0,0.0
C3541,U722,I244,Thanks for sharing this information. Reference 3541,2026-07-29 22:55:31.830412,thanks for sharing this information reference 3541,0.0,0,1,0,0.0
C3542,U240,I265,I think this could be improved. Reference 3542,2026-07-04 22:27:31.830426,i think this could be improved reference 3542,0.0,0,1,0,0.0
C3543,U502,I6,I have a different opinion about education. Reference 3543,2026-07-12 00:20:31.830440,i have a different opinion about education reference 3543,0.0,0,1,0,0.0
C3544,U645,I159,Thanks for sharing this information. Reference 3544,2026-06-17 03:51:31.830454,thanks for sharing this information reference 3544,0.0,0,1,0,0.0
C3545,U124,I306,I learned something useful about movies here. Reference 3545,2026-07-11 18:50:31.830468,i learned something useful about movies here reference 3545,0.0,0,1,0,0.0
C3546,U742,I191,I learned something useful about music here. Reference 3546,2026-06-21 09:00:31.830482,i learned something useful about music here reference 3546,0.0,0,1,0,0.0
C3547,U993,I242,This is an interesting perspective on technology. Reference 3547,2026-07-02 03:19:31.830495,this is an interesting perspective on technology reference 3547,0.0,0,1,0,0.0
C3548,U378,I213,The explanation of sports was very clear. Reference 3548,2026-07-13 03:23:31.830513,the explanation of sports was very clear reference 3548,0.0,0,1,0,0.0
C3549,U704,I119,This is worth discussing further. Reference 3549,2026-07-17 07:09:31.830530,this is worth discussing further reference 3549,0.0,0,1,0,0.0
C3550,U568,I174,Thanks for sharing this information. Reference 3550,2026-06-09 06:27:31.830546,thanks for sharing this information reference 3550,0.0,0,1,0,0.0
C3551,U199,I461,I learned something useful about music here. Reference 3551,2026-06-15 05:52:31.830560,i learned something useful about music here reference 3551,0.0,0,1,0,0.0
C3552,U586,I497,The explanation of sports was very clear. Reference 3552,2026-07-20 03:49:31.830574,the explanation of sports was very clear reference 3552,0.0,0,1,0,0.0
C3553,U500,I288,I think this could be improved. Reference 3553,2026-07-14 07:13:31.830588,i think this could be improved reference 3553,0.0,0,1,0,0.0
C3554,U523,I450,This is an interesting perspective on fashion. Reference 3554,2026-06-04 13:09:31.830602,this is an interesting perspective on fashion reference 3554,0.0,0,1,0,0.0
C3555,U151,I319,Best deal available now,2026-06-24 15:51:31.830616,best deal available now,0.5,1,52,1,72.50000000000001
C3556,U502,I236,Thanks for sharing this information. Reference 3556,2026-08-05 17:46:31.830630,thanks for sharing this information reference 3556,0.0,0,1,0,0.0
C3557,U460,I199,The explanation of movies was very clear. Reference 3557,2026-06-08 00:47:31.830646,the explanation of movies was very clear reference 3557,0.0,0,1,0,0.0
C3558,U146,I186,I really enjoyed this post about food. Reference 3558,2026-07-20 09:18:31.830660,i really enjoyed this post about food reference 3558,0.0,0,1,0,0.0
C3559,U228,I324,I really enjoyed this post about music. Reference 3559,2026-07-10 09:55:31.830674,i really enjoyed this post about music reference 3559,0.0,0,1,0,0.0
C3560,U844,I317,I think this could be improved. Reference 3560,2026-07-18 00:08:31.830688,i think this could be improved reference 3560,0.0,0,1,0,0.0
C3561,U979,I163,I think this could be improved. Reference 3561,2026-06-17 18:50:31.830701,i think this could be improved reference 3561,0.0,0,1,0,0.0
C3562,U904,I274,The explanation of sports was very clear. Reference 3562,2026-06-18 10:32:31.830715,the explanation of sports was very clear reference 3562,0.0,0,1,0,0.0
C3563,U619,I61,I have a different opinion about technology. Reference 3563,2026-06-05 21:16:31.830729,i have a different opinion about technology reference 3563,0.0,0,1,0,0.0
C3564,U906,I99,This was a surprisingly interesting post. Reference 3564,2026-07-20 05:43:31.830745,this was a surprisingly interesting post reference 3564,0.0,0,1,0,0.0
C3565,U809,I192,The information presented here is useful. Reference 3565,2026-07-15 16:36:31.830759,the information presented here is useful reference 3565,0.0,0,1,0,0.0
C3566,U267,I104,I learned something useful about movies here. Reference 3566,2026-08-09 12:45:31.830773,i learned something useful about movies here reference 3566,0.0,0,1,0,0.0
C3567,U29,I333,The information presented here is useful. Reference 3567,2026-07-09 06:41:31.830786,the information presented here is useful reference 3567,0.0,0,1,0,0.0
C3568,U476,I397,I learned something useful about food here. Reference 3568,2026-06-15 20:42:31.830800,i learned something useful about food here reference 3568,0.0,0,1,0,0.0
C3569,U391,I284,I learned something useful about food here. Reference 3569,2026-06-03 19:05:31.830814,i learned something useful about food here reference 3569,0.0,0,1,0,0.0
C3570,U321,I55,Best product ever buy now,2026-07-17 17:09:31.830828,best product ever buy now,0.5,1,75,1,72.50000000000001
C3571,U202,I361,Thanks for sharing this information. Reference 3571,2026-07-16 21:54:31.830841,thanks for sharing this information reference 3571,0.0,0,1,0,0.0
C3572,U166,I300,Best product ever buy now,2026-08-10 06:56:31.830855,best product ever buy now,0.5,1,75,1,72.50000000000001
C3573,U126,I26,This is worth discussing further. Reference 3573,2026-07-09 06:16:31.830868,this is worth discussing further reference 3573,0.0,0,1,0,0.0
C3574,U145,I161,The information presented here is useful. Reference 3574,2026-06-15 14:09:31.830882,the information presented here is useful reference 3574,0.0,0,1,0,0.0
C3575,U444,I330,This is worth discussing further. Reference 3575,2026-07-26 15:08:31.830896,this is worth discussing further reference 3575,0.0,0,1,0,0.0
C3576,U334,I313,I really enjoyed this post about movies. Reference 3576,2026-07-13 08:09:31.830912,i really enjoyed this post about movies reference 3576,0.0,0,1,0,0.0
C3577,U579,I387,Thanks for sharing this information. Reference 3577,2026-06-26 06:08:31.830928,thanks for sharing this information reference 3577,0.0,0,1,0,0.0
C3578,U57,I370,I learned something useful about food here. Reference 3578,2026-08-06 00:26:31.830942,i learned something useful about food here reference 3578,0.0,0,1,0,0.0
C3579,U949,I34,I learned something useful about education here. Reference 3579,2026-08-02 12:36:31.830956,i learned something useful about education here reference 3579,0.0,0,1,0,0.0
C3580,U535,I83,The explanation of gaming was very clear. Reference 3580,2026-06-04 03:24:31.830970,the explanation of gaming was very clear reference 3580,0.0,0,1,0,0.0
C3581,U368,I497,This is worth discussing further. Reference 3581,2026-08-04 10:41:31.830983,this is worth discussing further reference 3581,0.0,0,1,0,0.0
C3582,U422,I175,This is an interesting perspective on food. Reference 3582,2026-07-06 08:56:31.830997,this is an interesting perspective on food reference 3582,0.0,0,1,0,0.0
C3583,U558,I31,This was a surprisingly interesting post. Reference 3583,2026-06-14 09:54:31.831010,this was a surprisingly interesting post reference 3583,0.0,0,1,0,0.0
C3584,U808,I202,You must buy this product,2026-07-23 23:13:31.831024,you must buy this product,0.0,0,51,1,45.0
C3585,U459,I81,This is an interesting perspective on movies. Reference 3585,2026-07-22 03:13:31.831038,this is an interesting perspective on movies reference 3585,0.0,0,1,0,0.0
C3586,U245,I28,This was a surprisingly interesting post. Reference 3586,2026-08-07 01:19:31.831053,this was a surprisingly interesting post reference 3586,0.0,0,1,0,0.0
C3587,U658,I431,The explanation of food was very clear. Reference 3587,2026-08-07 23:22:31.831067,the explanation of food was very clear reference 3587,0.0,0,1,0,0.0
C3588,U43,I112,The explanation of education was very clear. Reference 3588,2026-07-30 07:13:31.831081,the explanation of education was very clear reference 3588,0.0,0,1,0,0.0
C3589,U512,I163,This is worth discussing further. Reference 3589,2026-06-04 00:33:31.831094,this is worth discussing further reference 3589,0.0,0,1,0,0.0
C3590,U649,I343,The information presented here is useful. Reference 3590,2026-06-26 09:19:31.831108,the information presented here is useful reference 3590,0.0,0,1,0,0.0
C3591,U783,I148,I think this could be improved. Reference 3591,2026-06-11 21:07:31.831121,i think this could be improved reference 3591,0.0,0,1,0,0.0
C3592,U731,I356,The information presented here is useful. Reference 3592,2026-08-08 04:19:31.831134,the information presented here is useful reference 3592,0.0,0,1,0,0.0
C3593,U204,I301,I really enjoyed this post about sports. Reference 3593,2026-07-21 22:37:31.831148,i really enjoyed this post about sports reference 3593,0.0,0,1,0,0.0
C3594,U596,I251,I really enjoyed this post about music. Reference 3594,2026-06-08 22:49:31.831161,i really enjoyed this post about music reference 3594,0.0,0,1,0,0.0
C3595,U82,I297,This is worth discussing further. Reference 3595,2026-07-06 16:19:31.831177,this is worth discussing further reference 3595,0.0,0,1,0,0.0
C3596,U217,I77,This was a surprisingly interesting post. Reference 3596,2026-06-15 16:47:31.831191,this was a surprisingly interesting post reference 3596,0.0,0,1,0,0.0
C3597,U762,I318,I have a different opinion about movies. Reference 3597,2026-06-22 04:48:31.831204,i have a different opinion about movies reference 3597,0.0,0,1,0,0.0
C3598,U383,I261,The information presented here is useful. Reference 3598,2026-07-24 11:36:31.831217,the information presented here is useful reference 3598,0.0,0,1,0,0.0
C3599,U772,I311,I have a different opinion about music. Reference 3599,2026-07-25 00:18:31.831231,i have a different opinion about music reference 3599,0.0,0,1,0,0.0
C3600,U334,I459,I have a different opinion about fashion. Reference 3600,2026-07-31 23:39:31.831255,i have a different opinion about fashion reference 3600,0.0,0,1,0,0.0
C3601,U666,I146,I think this could be improved. Reference 3601,2026-07-02 06:40:31.831269,i think this could be improved reference 3601,0.0,0,1,0,0.0
C3602,U617,I495,This was a surprisingly interesting post. Reference 3602,2026-07-24 05:02:31.831283,this was a surprisingly interesting post reference 3602,0.0,0,1,0,0.0
C3603,U189,I57,I really enjoyed this post about fashion. Reference 3603,2026-08-02 02:49:31.831296,i really enjoyed this post about fashion reference 3603,0.0,0,1,0,0.0
C3604,U760,I477,The explanation of sports was very clear. Reference 3604,2026-06-03 16:15:31.831316,the explanation of sports was very clear reference 3604,0.0,0,1,0,0.0
C3605,U583,I376,I have a different opinion about sports. Reference 3605,2026-06-18 19:59:31.831342,i have a different opinion about sports reference 3605,0.0,0,1,0,0.0
C3606,U837,I155,This is worth discussing further. Reference 3606,2026-08-06 21:12:31.831463,this is worth discussing further reference 3606,0.0,0,1,0,0.0
C3607,U663,I320,The explanation of movies was very clear. Reference 3607,2026-07-23 02:21:31.831494,the explanation of movies was very clear reference 3607,0.0,0,1,0,0.0
C3608,U523,I12,I have a different opinion about technology. Reference 3608,2026-07-23 03:11:31.831512,i have a different opinion about technology reference 3608,0.0,0,1,0,0.0
C3609,U849,I92,This is worth discussing further. Reference 3609,2026-06-27 08:36:31.831528,this is worth discussing further reference 3609,0.0,0,1,0,0.0
C3610,U969,I368,The information presented here is useful. Reference 3610,2026-07-01 03:43:31.831542,the information presented here is useful reference 3610,0.0,0,1,0,0.0
C3611,U400,I308,I learned something useful about food here. Reference 3611,2026-06-29 03:01:31.831557,i learned something useful about food here reference 3611,0.0,0,1,0,0.0
C3612,U574,I305,I have a different opinion about sports. Reference 3612,2026-08-04 18:18:31.831572,i have a different opinion about sports reference 3612,0.0,0,1,0,0.0
C3613,U631,I54,I really enjoyed this post about technology. Reference 3613,2026-06-16 11:09:31.831639,i really enjoyed this post about technology reference 3613,0.0,0,1,0,0.0
C3614,U51,I438,I really enjoyed this post about movies. Reference 3614,2026-08-11 19:57:31.831721,i really enjoyed this post about movies reference 3614,0.0,0,1,0,0.0
C3615,U310,I227,The information presented here is useful. Reference 3615,2026-08-02 23:34:31.831741,the information presented here is useful reference 3615,0.0,0,1,0,0.0
C3616,U54,I188,The explanation of sports was very clear. Reference 3616,2026-07-04 07:33:31.831758,the explanation of sports was very clear reference 3616,0.0,0,1,0,0.0
C3617,U759,I448,This is worth discussing further. Reference 3617,2026-07-17 08:21:31.831773,this is worth discussing further reference 3617,0.0,0,1,0,0.0
C3618,U427,I334,I really enjoyed this post about movies. Reference 3618,2026-08-08 15:32:31.831787,i really enjoyed this post about movies reference 3618,0.0,0,1,0,0.0
C3619,U920,I61,I have a different opinion about education. Reference 3619,2026-07-18 22:03:31.831801,i have a different opinion about education reference 3619,0.0,0,1,0,0.0
C3620,U467,I476,The explanation of gaming was very clear. Reference 3620,2026-06-14 21:04:31.831815,the explanation of gaming was very clear reference 3620,0.0,0,1,0,0.0
C3621,U762,I487,I really enjoyed this post about food. Reference 3621,2026-07-26 22:36:31.831829,i really enjoyed this post about food reference 3621,0.0,0,1,0,0.0
C3622,U14,I57,This is an interesting perspective on sports. Reference 3622,2026-07-01 09:29:31.831844,this is an interesting perspective on sports reference 3622,0.0,0,1,0,0.0
C3623,U890,I453,Thanks for sharing this information. Reference 3623,2026-07-18 06:00:31.831859,thanks for sharing this information reference 3623,0.0,0,1,0,0.0
C3624,U23,I359,Thanks for sharing this information. Reference 3624,2026-08-06 01:44:31.831873,thanks for sharing this information reference 3624,0.0,0,1,0,0.0
C3625,U748,I354,I learned something useful about sports here. Reference 3625,2026-08-05 21:38:31.831887,i learned something useful about sports here reference 3625,0.0,0,1,0,0.0
C3626,U407,I347,The information presented here is useful. Reference 3626,2026-08-08 10:48:31.831901,the information presented here is useful reference 3626,0.0,0,1,0,0.0
C3627,U509,I221,Amazing product buy now,2026-07-26 21:38:31.831917,amazing product buy now,1.0,1,69,1,100.0
C3628,U996,I6,Thanks for sharing this information. Reference 3628,2026-06-13 01:35:31.831931,thanks for sharing this information reference 3628,0.0,0,1,0,0.0
C3629,U64,I491,I have a different opinion about movies. Reference 3629,2026-06-07 09:35:31.831945,i have a different opinion about movies reference 3629,0.0,0,1,0,0.0
C3630,U490,I103,I have a different opinion about technology. Reference 3630,2026-06-11 17:37:31.831959,i have a different opinion about technology reference 3630,0.0,0,1,0,0.0
C3631,U278,I493,The explanation of sports was very clear. Reference 3631,2026-06-10 01:21:31.831974,the explanation of sports was very clear reference 3631,0.0,0,1,0,0.0
C3632,U458,I414,I really enjoyed this post about technology. Reference 3632,2026-06-21 13:37:31.831989,i really enjoyed this post about technology reference 3632,0.0,0,1,0,0.0
C3633,U855,I438,The information presented here is useful. Reference 3633,2026-07-21 18:13:31.832003,the information presented here is useful reference 3633,0.0,0,1,0,0.0
C3634,U732,I434,I really enjoyed this post about movies. Reference 3634,2026-07-09 16:44:31.832017,i really enjoyed this post about movies reference 3634,0.0,0,1,0,0.0
C3635,U90,I306,This is worth discussing further. Reference 3635,2026-06-29 19:50:31.832030,this is worth discussing further reference 3635,0.0,0,1,0,0.0
C3636,U557,I83,This is worth discussing further. Reference 3636,2026-06-06 17:34:31.832044,this is worth discussing further reference 3636,0.0,0,1,0,0.0
C3637,U564,I276,I learned something useful about music here. Reference 3637,2026-06-05 21:55:31.832058,i learned something useful about music here reference 3637,0.0,0,1,0,0.0
C3638,U654,I177,The information presented here is useful. Reference 3638,2026-06-20 00:29:31.832071,the information presented here is useful reference 3638,0.0,0,1,0,0.0
C3639,U411,I190,I think this could be improved. Reference 3639,2026-07-16 05:07:31.832085,i think this could be improved reference 3639,0.0,0,1,0,0.0
C3640,U151,I416,I think this could be improved. Reference 3640,2026-07-10 00:49:31.832101,i think this could be improved reference 3640,0.0,0,1,0,0.0
C3641,U984,I221,This is an interesting perspective on movies. Reference 3641,2026-07-30 07:18:31.832115,this is an interesting perspective on movies reference 3641,0.0,0,1,0,0.0
C3642,U340,I473,This is worth discussing further. Reference 3642,2026-07-01 19:15:31.832131,this is worth discussing further reference 3642,0.0,0,1,0,0.0
C3643,U771,I276,I learned something useful about technology here. Reference 3643,2026-07-11 13:41:31.832149,i learned something useful about technology here reference 3643,0.0,0,1,0,0.0
C3644,U518,I470,I learned something useful about music here. Reference 3644,2026-06-23 15:52:31.832164,i learned something useful about music here reference 3644,0.0,0,1,0,0.0
C3645,U647,I425,I learned something useful about education here. Reference 3645,2026-07-24 02:22:31.832178,i learned something useful about education here reference 3645,0.0,0,1,0,0.0
C3646,U844,I354,The information presented here is useful. Reference 3646,2026-07-04 16:42:31.832192,the information presented here is useful reference 3646,0.0,0,1,0,0.0
C3647,U901,I57,This was a surprisingly interesting post. Reference 3647,2026-06-25 12:58:31.832206,this was a surprisingly interesting post reference 3647,0.0,0,1,0,0.0
C3648,U106,I294,I really enjoyed this post about movies. Reference 3648,2026-06-22 17:30:31.832220,i really enjoyed this post about movies reference 3648,0.0,0,1,0,0.0
C3649,U680,I482,I learned something useful about sports here. Reference 3649,2026-06-10 13:44:31.832235,i learned something useful about sports here reference 3649,0.0,0,1,0,0.0
C3650,U726,I403,This is worth discussing further. Reference 3650,2026-08-01 04:33:31.832249,this is worth discussing further reference 3650,0.0,0,1,0,0.0
C3651,U333,I374,This is worth discussing further. Reference 3651,2026-06-25 05:12:31.832263,this is worth discussing further reference 3651,0.0,0,1,0,0.0
C3652,U672,I419,The information presented here is useful. Reference 3652,2026-06-20 07:27:31.832277,the information presented here is useful reference 3652,0.0,0,1,0,0.0
C3653,U359,I383,The information presented here is useful. Reference 3653,2026-07-22 06:41:31.832290,the information presented here is useful reference 3653,0.0,0,1,0,0.0
C3654,U655,I329,I think this could be improved. Reference 3654,2026-06-09 16:02:31.832304,i think this could be improved reference 3654,0.0,0,1,0,0.0
C3655,U916,I385,The explanation of technology was very clear. Reference 3655,2026-06-26 21:51:31.832318,the explanation of technology was very clear reference 3655,0.0,0,1,0,0.0
C3656,U819,I55,I think this could be improved. Reference 3656,2026-08-05 06:14:31.832331,i think this could be improved reference 3656,0.0,0,1,0,0.0
C3657,U711,I486,Best product ever buy now,2026-06-04 00:54:31.832345,best product ever buy now,0.5,1,75,1,72.50000000000001
C3658,U415,I155,The explanation of gaming was very clear. Reference 3658,2026-07-25 10:43:31.832359,the explanation of gaming was very clear reference 3658,0.0,0,1,0,0.0
C3659,U24,I8,I really enjoyed this post about movies. Reference 3659,2026-07-31 19:29:31.832375,i really enjoyed this post about movies reference 3659,0.0,0,1,0,0.0
C3660,U212,I95,This is an interesting perspective on gaming. Reference 3660,2026-07-19 18:20:31.832389,this is an interesting perspective on gaming reference 3660,0.0,0,1,0,0.0
C3661,U463,I486,This is an interesting perspective on fashion. Reference 3661,2026-07-10 06:58:31.832408,this is an interesting perspective on fashion reference 3661,0.0,0,1,0,0.0
C3662,U677,I206,I really enjoyed this post about movies. Reference 3662,2026-07-11 14:19:31.832423,i really enjoyed this post about movies reference 3662,0.0,0,1,0,0.0
C3663,U397,I191,The explanation of movies was very clear. Reference 3663,2026-07-03 19:51:31.832437,the explanation of movies was very clear reference 3663,0.0,0,1,0,0.0
C3664,U634,I301,I think this could be improved. Reference 3664,2026-06-11 00:25:31.832451,i think this could be improved reference 3664,0.0,0,1,0,0.0
C3665,U503,I16,I think this could be improved. Reference 3665,2026-07-10 20:07:31.832465,i think this could be improved reference 3665,0.0,0,1,0,0.0
C3666,U31,I130,I think this could be improved. Reference 3666,2026-06-04 07:12:31.832479,i think this could be improved reference 3666,0.0,0,1,0,0.0
C3667,U551,I394,This is an interesting perspective on fashion. Reference 3667,2026-06-10 03:43:31.832492,this is an interesting perspective on fashion reference 3667,0.0,0,1,0,0.0
C3668,U601,I317,This is worth discussing further. Reference 3668,2026-08-09 08:17:31.832506,this is worth discussing further reference 3668,0.0,0,1,0,0.0
C3669,U389,I19,I think this could be improved. Reference 3669,2026-06-29 14:36:31.832520,i think this could be improved reference 3669,0.0,0,1,0,0.0
C3670,U258,I278,This is an interesting perspective on gaming. Reference 3670,2026-07-20 11:55:31.832535,this is an interesting perspective on gaming reference 3670,0.0,0,1,0,0.0
C3671,U741,I425,You must buy this product,2026-07-08 06:11:31.832550,you must buy this product,0.0,0,51,1,45.0
C3672,U767,I172,The explanation of food was very clear. Reference 3672,2026-08-08 16:57:31.832563,the explanation of food was very clear reference 3672,0.0,0,1,0,0.0
C3673,U330,I158,Click here for amazing deals,2026-07-23 02:54:31.832577,click here for amazing deals,0.5,1,53,1,72.50000000000001
C3674,U628,I210,This is an interesting perspective on technology. Reference 3674,2026-06-10 14:08:31.832590,this is an interesting perspective on technology reference 3674,0.0,0,1,0,0.0
C3675,U131,I303,I really enjoyed this post about food. Reference 3675,2026-08-05 13:01:31.832604,i really enjoyed this post about food reference 3675,0.0,0,1,0,0.0
C3676,U514,I92,I think this could be improved. Reference 3676,2026-06-09 09:04:31.832618,i think this could be improved reference 3676,0.0,0,1,0,0.0
C3677,U578,I198,This was a surprisingly interesting post. Reference 3677,2026-07-19 18:51:31.832631,this was a surprisingly interesting post reference 3677,0.0,0,1,0,0.0
C3678,U599,I60,This was a surprisingly interesting post. Reference 3678,2026-07-27 00:03:31.832645,this was a surprisingly interesting post reference 3678,0.0,0,1,0,0.0
C3679,U923,I231,I have a different opinion about education. Reference 3679,2026-08-08 05:00:31.832658,i have a different opinion about education reference 3679,0.0,0,1,0,0.0
C3680,U297,I307,This is worth discussing further. Reference 3680,2026-08-01 20:23:31.832671,this is worth discussing further reference 3680,0.0,0,1,0,0.0
C3681,U703,I79,This is an interesting perspective on sports. Reference 3681,2026-06-28 22:43:31.832685,this is an interesting perspective on sports reference 3681,0.0,0,1,0,0.0
C3682,U497,I127,I really enjoyed this post about fashion. Reference 3682,2026-06-05 01:31:31.832701,i really enjoyed this post about fashion reference 3682,0.0,0,1,0,0.0
C3683,U826,I334,I learned something useful about fashion here. Reference 3683,2026-08-07 20:08:31.832715,i learned something useful about fashion here reference 3683,0.0,0,1,0,0.0
C3684,U309,I93,The explanation of music was very clear. Reference 3684,2026-06-10 15:52:31.832728,the explanation of music was very clear reference 3684,0.0,0,1,0,0.0
C3685,U597,I432,I think this could be improved. Reference 3685,2026-06-07 20:36:31.832742,i think this could be improved reference 3685,0.0,0,1,0,0.0
C3686,U455,I413,This is an interesting perspective on gaming. Reference 3686,2026-07-27 20:46:31.832756,this is an interesting perspective on gaming reference 3686,0.0,0,1,0,0.0
C3687,U142,I67,Thanks for sharing this information. Reference 3687,2026-07-02 22:56:31.832770,thanks for sharing this information reference 3687,0.0,0,1,0,0.0
C3688,U508,I187,The information presented here is useful. Reference 3688,2026-06-08 08:26:31.832783,the information presented here is useful reference 3688,0.0,0,1,0,0.0
C3689,U537,I459,This is worth discussing further. Reference 3689,2026-07-04 17:29:31.832799,this is worth discussing further reference 3689,0.0,0,1,0,0.0
C3690,U485,I17,I have a different opinion about fashion. Reference 3690,2026-06-22 02:34:31.832812,i have a different opinion about fashion reference 3690,0.0,0,1,0,0.0
C3691,U718,I216,This is an interesting perspective on gaming. Reference 3691,2026-08-03 21:23:31.832828,this is an interesting perspective on gaming reference 3691,0.0,0,1,0,0.0
C3692,U269,I449,Best deal available now,2026-07-06 07:16:31.832842,best deal available now,0.5,1,52,1,72.50000000000001
C3693,U519,I470,The explanation of education was very clear. Reference 3693,2026-07-31 19:37:31.832856,the explanation of education was very clear reference 3693,0.0,0,1,0,0.0
C3694,U24,I82,This is an interesting perspective on education. Reference 3694,2026-06-12 08:03:31.832870,this is an interesting perspective on education reference 3694,0.0,0,1,0,0.0
C3695,U201,I228,You must buy this product,2026-06-22 02:23:31.832883,you must buy this product,0.0,0,51,1,45.0
C3696,U269,I244,This is an interesting perspective on education. Reference 3696,2026-06-19 20:19:31.832897,this is an interesting perspective on education reference 3696,0.0,0,1,0,0.0
C3697,U423,I59,Best deal available now,2026-07-21 16:37:31.832910,best deal available now,0.5,1,52,1,72.50000000000001
C3698,U207,I75,I have a different opinion about education. Reference 3698,2026-06-04 20:55:31.832924,i have a different opinion about education reference 3698,0.0,0,1,0,0.0
C3699,U718,I200,I really enjoyed this post about music. Reference 3699,2026-08-06 08:55:31.832940,i really enjoyed this post about music reference 3699,0.0,0,1,0,0.0
C3700,U522,I403,I really enjoyed this post about gaming. Reference 3700,2026-06-25 02:03:31.832954,i really enjoyed this post about gaming reference 3700,0.0,0,1,0,0.0
C3701,U681,I136,Thanks for sharing this information. Reference 3701,2026-07-15 05:19:31.832968,thanks for sharing this information reference 3701,0.0,0,1,0,0.0
C3702,U901,I415,I learned something useful about music here. Reference 3702,2026-07-20 15:39:31.832981,i learned something useful about music here reference 3702,0.0,0,1,0,0.0
C3703,U881,I245,The explanation of sports was very clear. Reference 3703,2026-06-12 09:22:31.832995,the explanation of sports was very clear reference 3703,0.0,0,1,0,0.0
C3704,U486,I244,I think this could be improved. Reference 3704,2026-08-02 19:36:31.833011,i think this could be improved reference 3704,0.0,0,1,0,0.0
C3705,U176,I198,This was a surprisingly interesting post. Reference 3705,2026-07-29 12:47:31.833025,this was a surprisingly interesting post reference 3705,0.0,0,1,0,0.0
C3706,U683,I65,This was a surprisingly interesting post. Reference 3706,2026-06-03 14:36:31.833038,this was a surprisingly interesting post reference 3706,0.0,0,1,0,0.0
C3707,U69,I244,This was a surprisingly interesting post. Reference 3707,2026-06-21 07:11:31.833051,this was a surprisingly interesting post reference 3707,0.0,0,1,0,0.0
C3708,U168,I126,The information presented here is useful. Reference 3708,2026-07-22 07:42:31.833065,the information presented here is useful reference 3708,0.0,0,1,0,0.0
C3709,U847,I134,The information presented here is useful. Reference 3709,2026-06-04 08:24:31.833078,the information presented here is useful reference 3709,0.0,0,1,0,0.0
C3710,U442,I21,This is worth discussing further. Reference 3710,2026-08-09 07:32:31.833091,this is worth discussing further reference 3710,0.0,0,1,0,0.0
C3711,U197,I343,This is worth discussing further. Reference 3711,2026-07-01 21:19:31.833105,this is worth discussing further reference 3711,0.0,0,1,0,0.0
C3712,U620,I428,The explanation of education was very clear. Reference 3712,2026-06-29 04:47:31.833119,the explanation of education was very clear reference 3712,0.0,0,1,0,0.0
C3713,U629,I486,This was a surprisingly interesting post. Reference 3713,2026-06-14 00:41:31.833133,this was a surprisingly interesting post reference 3713,0.0,0,1,0,0.0
C3714,U892,I386,I learned something useful about sports here. Reference 3714,2026-06-18 07:29:31.833146,i learned something useful about sports here reference 3714,0.0,0,1,0,0.0
C3715,U533,I147,I think this could be improved. Reference 3715,2026-07-03 10:38:31.833161,i think this could be improved reference 3715,0.0,0,1,0,0.0
C3716,U614,I15,The information presented here is useful. Reference 3716,2026-06-21 16:57:31.833174,the information presented here is useful reference 3716,0.0,0,1,0,0.0
C3717,U86,I360,I learned something useful about technology here. Reference 3717,2026-07-09 04:45:31.833190,i learned something useful about technology here reference 3717,0.0,0,1,0,0.0
C3718,U284,I201,I have a different opinion about food. Reference 3718,2026-06-13 15:40:31.833203,i have a different opinion about food reference 3718,0.0,0,1,0,0.0
C3719,U826,I469,This is worth discussing further. Reference 3719,2026-06-24 02:37:31.833217,this is worth discussing further reference 3719,0.0,0,1,0,0.0
C3720,U619,I167,I have a different opinion about food. Reference 3720,2026-06-26 06:43:31.833231,i have a different opinion about food reference 3720,0.0,0,1,0,0.0
C3721,U499,I197,Thanks for sharing this information. Reference 3721,2026-06-30 02:43:31.833245,thanks for sharing this information reference 3721,0.0,0,1,0,0.0
C3722,U345,I46,Amazing product buy now,2026-06-24 08:11:31.833261,amazing product buy now,1.0,1,69,1,100.0
C3723,U529,I315,This is an interesting perspective on movies. Reference 3723,2026-06-15 13:38:31.833274,this is an interesting perspective on movies reference 3723,0.0,0,1,0,0.0
C3724,U274,I478,I have a different opinion about movies. Reference 3724,2026-06-18 17:25:31.833288,i have a different opinion about movies reference 3724,0.0,0,1,0,0.0
C3725,U525,I116,This is worth discussing further. Reference 3725,2026-07-21 00:58:31.833302,this is worth discussing further reference 3725,0.0,0,1,0,0.0
C3726,U579,I97,This is worth discussing further. Reference 3726,2026-07-25 08:53:31.833315,this is worth discussing further reference 3726,0.0,0,1,0,0.0
C3727,U845,I171,This was a surprisingly interesting post. Reference 3727,2026-07-17 11:32:31.833330,this was a surprisingly interesting post reference 3727,0.0,0,1,0,0.0
C3728,U270,I306,The information presented here is useful. Reference 3728,2026-06-17 00:44:31.833344,the information presented here is useful reference 3728,0.0,0,1,0,0.0
C3729,U911,I402,I learned something useful about movies here. Reference 3729,2026-07-25 12:59:31.833371,i learned something useful about movies here reference 3729,0.0,0,1,0,0.0
C3730,U703,I351,This is worth discussing further. Reference 3730,2026-07-24 05:19:31.833385,this is worth discussing further reference 3730,0.0,0,1,0,0.0
C3731,U817,I236,Thanks for sharing this information. Reference 3731,2026-08-01 03:55:31.833398,thanks for sharing this information reference 3731,0.0,0,1,0,0.0
C3732,U741,I370,I have a different opinion about sports. Reference 3732,2026-07-24 02:33:31.833412,i have a different opinion about sports reference 3732,0.0,0,1,0,0.0
C3733,U612,I404,This is worth discussing further. Reference 3733,2026-06-13 21:32:31.833426,this is worth discussing further reference 3733,0.0,0,1,0,0.0
C3734,U829,I254,This is worth discussing further. Reference 3734,2026-07-07 04:27:31.833439,this is worth discussing further reference 3734,0.0,0,1,0,0.0
C3735,U495,I367,I have a different opinion about food. Reference 3735,2026-06-23 21:59:31.833455,i have a different opinion about food reference 3735,0.0,0,1,0,0.0
C3736,U349,I74,I have a different opinion about gaming. Reference 3736,2026-07-19 20:18:31.833469,i have a different opinion about gaming reference 3736,0.0,0,1,0,0.0
C3737,U127,I494,The information presented here is useful. Reference 3737,2026-08-11 12:50:31.833483,the information presented here is useful reference 3737,0.0,0,1,0,0.0
C3738,U68,I96,I have a different opinion about food. Reference 3738,2026-07-01 10:32:31.833497,i have a different opinion about food reference 3738,0.0,0,1,0,0.0
C3739,U957,I281,Thanks for sharing this information. Reference 3739,2026-06-26 07:25:31.833511,thanks for sharing this information reference 3739,0.0,0,1,0,0.0
C3740,U581,I215,The explanation of movies was very clear. Reference 3740,2026-08-07 04:35:31.833525,the explanation of movies was very clear reference 3740,0.0,0,1,0,0.0
C3741,U437,I321,I think this could be improved. Reference 3741,2026-06-29 11:20:31.833538,i think this could be improved reference 3741,0.0,0,1,0,0.0
C3742,U447,I198,This is worth discussing further. Reference 3742,2026-07-30 02:44:31.833552,this is worth discussing further reference 3742,0.0,0,1,0,0.0
C3743,U185,I62,This is worth discussing further. Reference 3743,2026-08-08 02:20:31.833566,this is worth discussing further reference 3743,0.0,0,1,0,0.0
C3744,U867,I35,I have a different opinion about gaming. Reference 3744,2026-06-22 21:47:31.833580,i have a different opinion about gaming reference 3744,0.0,0,1,0,0.0
C3745,U548,I137,I learned something useful about gaming here. Reference 3745,2026-06-05 04:49:31.833593,i learned something useful about gaming here reference 3745,0.0,0,1,0,0.0
C3746,U703,I216,The explanation of technology was very clear. Reference 3746,2026-06-12 17:32:31.833609,the explanation of technology was very clear reference 3746,0.0,0,1,0,0.0
C3747,U580,I30,Click here for amazing deals,2026-07-12 02:28:31.833623,click here for amazing deals,0.5,1,53,1,72.50000000000001
C3748,U639,I368,I have a different opinion about movies. Reference 3748,2026-07-03 17:03:31.833637,i have a different opinion about movies reference 3748,0.0,0,1,0,0.0
C3749,U246,I118,The explanation of movies was very clear. Reference 3749,2026-06-22 12:46:31.833651,the explanation of movies was very clear reference 3749,0.0,0,1,0,0.0
C3750,U362,I430,The explanation of education was very clear. Reference 3750,2026-08-09 17:50:31.833665,the explanation of education was very clear reference 3750,0.0,0,1,0,0.0
C3751,U566,I299,This is worth discussing further. Reference 3751,2026-07-27 04:35:31.833678,this is worth discussing further reference 3751,0.0,0,1,0,0.0
C3752,U825,I494,The information presented here is useful. Reference 3752,2026-06-23 12:35:31.833692,the information presented here is useful reference 3752,0.0,0,1,0,0.0
C3753,U631,I8,I learned something useful about gaming here. Reference 3753,2026-06-20 20:05:31.833706,i learned something useful about gaming here reference 3753,0.0,0,1,0,0.0
C3754,U758,I314,I have a different opinion about food. Reference 3754,2026-07-31 11:52:31.833722,i have a different opinion about food reference 3754,0.0,0,1,0,0.0
C3755,U97,I126,Amazing product buy now,2026-07-20 19:16:31.833738,amazing product buy now,1.0,1,69,1,100.0
C3756,U470,I312,I learned something useful about education here. Reference 3756,2026-07-22 18:38:31.833754,i learned something useful about education here reference 3756,0.0,0,1,0,0.0
C3757,U286,I54,I really enjoyed this post about sports. Reference 3757,2026-06-11 17:48:31.833768,i really enjoyed this post about sports reference 3757,0.0,0,1,0,0.0
C3758,U315,I222,Thanks for sharing this information. Reference 3758,2026-07-02 05:19:31.833781,thanks for sharing this information reference 3758,0.0,0,1,0,0.0
C3759,U218,I118,This is an interesting perspective on gaming. Reference 3759,2026-07-05 15:31:31.833795,this is an interesting perspective on gaming reference 3759,0.0,0,1,0,0.0
C3760,U729,I227,I think this could be improved. Reference 3760,2026-06-05 13:15:31.833809,i think this could be improved reference 3760,0.0,0,1,0,0.0
C3761,U909,I196,Thanks for sharing this information. Reference 3761,2026-08-09 17:40:31.833823,thanks for sharing this information reference 3761,0.0,0,1,0,0.0
C3762,U554,I391,I have a different opinion about sports. Reference 3762,2026-06-11 13:06:31.833836,i have a different opinion about sports reference 3762,0.0,0,1,0,0.0
C3763,U503,I223,This was a surprisingly interesting post. Reference 3763,2026-07-13 12:23:31.833850,this was a surprisingly interesting post reference 3763,0.0,0,1,0,0.0
C3764,U21,I255,This was a surprisingly interesting post. Reference 3764,2026-07-02 14:00:31.833864,this was a surprisingly interesting post reference 3764,0.0,0,1,0,0.0
C3765,U621,I105,This is worth discussing further. Reference 3765,2026-06-08 19:15:31.833877,this is worth discussing further reference 3765,0.0,0,1,0,0.0
C3766,U79,I307,The information presented here is useful. Reference 3766,2026-07-06 01:25:31.833891,the information presented here is useful reference 3766,0.0,0,1,0,0.0
C3767,U212,I111,This is worth discussing further. Reference 3767,2026-07-05 23:01:31.833904,this is worth discussing further reference 3767,0.0,0,1,0,0.0
C3768,U280,I127,I have a different opinion about sports. Reference 3768,2026-07-08 07:04:31.833920,i have a different opinion about sports reference 3768,0.0,0,1,0,0.0
C3769,U614,I449,I think this could be improved. Reference 3769,2026-06-10 08:19:31.833934,i think this could be improved reference 3769,0.0,0,1,0,0.0
C3770,U957,I288,The explanation of gaming was very clear. Reference 3770,2026-07-01 16:02:31.833948,the explanation of gaming was very clear reference 3770,0.0,0,1,0,0.0
C3771,U730,I409,I really enjoyed this post about fashion. Reference 3771,2026-06-20 19:10:31.833962,i really enjoyed this post about fashion reference 3771,0.0,0,1,0,0.0
C3772,U353,I184,The information presented here is useful. Reference 3772,2026-06-28 03:28:31.833975,the information presented here is useful reference 3772,0.0,0,1,0,0.0
C3773,U446,I370,I think this could be improved. Reference 3773,2026-08-03 16:33:31.833989,i think this could be improved reference 3773,0.0,0,1,0,0.0
C3774,U447,I130,This is worth discussing further. Reference 3774,2026-07-18 08:04:31.834004,this is worth discussing further reference 3774,0.0,0,1,0,0.0
C3775,U375,I466,I have a different opinion about food. Reference 3775,2026-07-28 10:36:31.834018,i have a different opinion about food reference 3775,0.0,0,1,0,0.0
C3776,U172,I112,Thanks for sharing this information. Reference 3776,2026-08-08 12:41:31.834032,thanks for sharing this information reference 3776,0.0,0,1,0,0.0
C3777,U390,I186,I really enjoyed this post about sports. Reference 3777,2026-08-03 15:26:31.834046,i really enjoyed this post about sports reference 3777,0.0,0,1,0,0.0
C3778,U724,I468,I learned something useful about gaming here. Reference 3778,2026-06-16 19:30:31.834059,i learned something useful about gaming here reference 3778,0.0,0,1,0,0.0
C3779,U712,I283,I really enjoyed this post about movies. Reference 3779,2026-08-04 14:50:31.834073,i really enjoyed this post about movies reference 3779,0.0,0,1,0,0.0
C3780,U537,I477,Click here for amazing deals,2026-07-29 06:25:31.834087,click here for amazing deals,0.5,1,53,1,72.50000000000001
C3781,U300,I72,The information presented here is useful. Reference 3781,2026-07-25 21:36:31.834100,the information presented here is useful reference 3781,0.0,0,1,0,0.0
C3782,U234,I209,I have a different opinion about education. Reference 3782,2026-06-25 10:54:31.834114,i have a different opinion about education reference 3782,0.0,0,1,0,0.0
C3783,U68,I118,This is an interesting perspective on technology. Reference 3783,2026-06-20 17:05:31.834130,this is an interesting perspective on technology reference 3783,0.0,0,1,0,0.0
C3784,U670,I400,I learned something useful about movies here. Reference 3784,2026-06-22 22:59:31.834144,i learned something useful about movies here reference 3784,0.0,0,1,0,0.0
C3785,U481,I482,The information presented here is useful. Reference 3785,2026-07-21 07:53:31.834157,the information presented here is useful reference 3785,0.0,0,1,0,0.0
C3786,U17,I413,The explanation of gaming was very clear. Reference 3786,2026-08-05 16:47:31.834173,the explanation of gaming was very clear reference 3786,0.0,0,1,0,0.0
C3787,U791,I51,I have a different opinion about education. Reference 3787,2026-06-24 05:32:31.834187,i have a different opinion about education reference 3787,0.0,0,1,0,0.0
C3788,U127,I398,I think this could be improved. Reference 3788,2026-06-07 00:06:31.834200,i think this could be improved reference 3788,0.0,0,1,0,0.0
C3789,U183,I78,This was a surprisingly interesting post. Reference 3789,2026-07-20 11:21:31.834213,this was a surprisingly interesting post reference 3789,0.0,0,1,0,0.0
C3790,U805,I4,This is worth discussing further. Reference 3790,2026-07-18 01:03:31.834227,this is worth discussing further reference 3790,0.0,0,1,0,0.0
C3791,U525,I416,I really enjoyed this post about technology. Reference 3791,2026-07-06 23:42:31.834240,i really enjoyed this post about technology reference 3791,0.0,0,1,0,0.0
C3792,U138,I85,I really enjoyed this post about food. Reference 3792,2026-07-28 15:23:31.834254,i really enjoyed this post about food reference 3792,0.0,0,1,0,0.0
C3793,U866,I67,The explanation of music was very clear. Reference 3793,2026-06-20 14:21:31.834268,the explanation of music was very clear reference 3793,0.0,0,1,0,0.0
C3794,U801,I142,I think this could be improved. Reference 3794,2026-07-01 10:08:31.834281,i think this could be improved reference 3794,0.0,0,1,0,0.0
C3795,U179,I363,Best product ever buy now,2026-07-28 01:53:31.834295,best product ever buy now,0.5,1,75,1,72.50000000000001
C3796,U655,I310,I really enjoyed this post about gaming. Reference 3796,2026-07-08 11:29:31.834308,i really enjoyed this post about gaming reference 3796,0.0,0,1,0,0.0
C3797,U139,I0,I have a different opinion about food. Reference 3797,2026-06-24 16:35:31.834322,i have a different opinion about food reference 3797,0.0,0,1,0,0.0
C3798,U818,I250,The information presented here is useful. Reference 3798,2026-06-25 00:59:31.834336,the information presented here is useful reference 3798,0.0,0,1,0,0.0
C3799,U477,I492,This was a surprisingly interesting post. Reference 3799,2026-06-17 17:12:31.834350,this was a surprisingly interesting post reference 3799,0.0,0,1,0,0.0
C3800,U591,I367,The information presented here is useful. Reference 3800,2026-06-25 04:26:31.834363,the information presented here is useful reference 3800,0.0,0,1,0,0.0
C3801,U959,I208,I learned something useful about food here. Reference 3801,2026-07-31 08:12:31.834377,i learned something useful about food here reference 3801,0.0,0,1,0,0.0
C3802,U824,I18,The explanation of gaming was very clear. Reference 3802,2026-06-18 05:42:31.834393,the explanation of gaming was very clear reference 3802,0.0,0,1,0,0.0
C3803,U376,I431,I have a different opinion about gaming. Reference 3803,2026-06-17 19:39:31.834407,i have a different opinion about gaming reference 3803,0.0,0,1,0,0.0
C3804,U925,I211,The information presented here is useful. Reference 3804,2026-07-15 13:40:31.834420,the information presented here is useful reference 3804,0.0,0,1,0,0.0
C3805,U382,I12,This is worth discussing further. Reference 3805,2026-07-24 17:54:31.834433,this is worth discussing further reference 3805,0.0,0,1,0,0.0
C3806,U768,I8,Amazing product buy now,2026-06-14 17:15:31.834447,amazing product buy now,1.0,1,69,1,100.0
C3807,U768,I75,I think this could be improved. Reference 3807,2026-06-13 18:03:31.834462,i think this could be improved reference 3807,0.0,0,1,0,0.0
C3808,U812,I154,The information presented here is useful. Reference 3808,2026-07-29 21:05:31.834475,the information presented here is useful reference 3808,0.0,0,1,0,0.0
C3809,U16,I461,The explanation of food was very clear. Reference 3809,2026-07-19 19:28:31.834489,the explanation of food was very clear reference 3809,0.0,0,1,0,0.0
C3810,U498,I204,I think this could be improved. Reference 3810,2026-07-09 00:16:31.834502,i think this could be improved reference 3810,0.0,0,1,0,0.0
C3811,U903,I104,I think this could be improved. Reference 3811,2026-07-04 23:39:31.834516,i think this could be improved reference 3811,0.0,0,1,0,0.0
C3812,U982,I26,The explanation of education was very clear. Reference 3812,2026-06-14 13:49:31.834532,the explanation of education was very clear reference 3812,0.0,0,1,0,0.0
C3813,U944,I51,I have a different opinion about music. Reference 3813,2026-08-06 23:56:31.834546,i have a different opinion about music reference 3813,0.0,0,1,0,0.0
C3814,U358,I238,The information presented here is useful. Reference 3814,2026-08-04 17:19:31.834562,the information presented here is useful reference 3814,0.0,0,1,0,0.0
C3815,U612,I150,Click here for amazing deals,2026-08-08 03:27:31.834575,click here for amazing deals,0.5,1,53,1,72.50000000000001
C3816,U956,I444,I think this could be improved. Reference 3816,2026-07-10 17:58:31.834589,i think this could be improved reference 3816,0.0,0,1,0,0.0
C3817,U339,I99,I have a different opinion about education. Reference 3817,2026-08-10 19:49:31.834602,i have a different opinion about education reference 3817,0.0,0,1,0,0.0
C3818,U103,I74,This was a surprisingly interesting post. Reference 3818,2026-08-06 09:09:31.834619,this was a surprisingly interesting post reference 3818,0.0,0,1,0,0.0
C3819,U25,I260,The explanation of music was very clear. Reference 3819,2026-08-09 15:14:31.834633,the explanation of music was very clear reference 3819,0.0,0,1,0,0.0
C3820,U459,I206,This is worth discussing further. Reference 3820,2026-07-11 06:06:31.834646,this is worth discussing further reference 3820,0.0,0,1,0,0.0
C3821,U636,I167,I have a different opinion about music. Reference 3821,2026-08-07 04:45:31.834660,i have a different opinion about music reference 3821,0.0,0,1,0,0.0
C3822,U820,I264,Thanks for sharing this information. Reference 3822,2026-07-02 22:17:31.834673,thanks for sharing this information reference 3822,0.0,0,1,0,0.0
C3823,U776,I249,The information presented here is useful. Reference 3823,2026-06-12 04:23:31.834686,the information presented here is useful reference 3823,0.0,0,1,0,0.0
C3824,U798,I280,Thanks for sharing this information. Reference 3824,2026-07-28 21:01:31.834700,thanks for sharing this information reference 3824,0.0,0,1,0,0.0
C3825,U955,I422,The information presented here is useful. Reference 3825,2026-06-12 16:50:31.834713,the information presented here is useful reference 3825,0.0,0,1,0,0.0
C3826,U731,I225,I have a different opinion about education. Reference 3826,2026-07-29 21:19:31.834728,i have a different opinion about education reference 3826,0.0,0,1,0,0.0
C3827,U780,I468,The explanation of gaming was very clear. Reference 3827,2026-06-16 16:24:31.834741,the explanation of gaming was very clear reference 3827,0.0,0,1,0,0.0
C3828,U393,I141,The information presented here is useful. Reference 3828,2026-08-08 00:28:31.834755,the information presented here is useful reference 3828,0.0,0,1,0,0.0
C3829,U45,I155,I really enjoyed this post about education. Reference 3829,2026-07-25 03:06:31.834771,i really enjoyed this post about education reference 3829,0.0,0,1,0,0.0
C3830,U428,I291,The explanation of fashion was very clear. Reference 3830,2026-07-29 00:42:31.834784,the explanation of fashion was very clear reference 3830,0.0,0,1,0,0.0
C3831,U437,I280,Thanks for sharing this information. Reference 3831,2026-07-23 15:53:31.834801,thanks for sharing this information reference 3831,0.0,0,1,0,0.0
C3832,U0,I33,I learned something useful about technology here. Reference 3832,2026-07-18 15:58:31.834818,i learned something useful about technology here reference 3832,0.0,0,1,0,0.0
C3833,U744,I247,This is an interesting perspective on sports. Reference 3833,2026-06-30 04:57:31.834832,this is an interesting perspective on sports reference 3833,0.0,0,1,0,0.0
C3834,U937,I84,I think this could be improved. Reference 3834,2026-08-04 13:17:31.834846,i think this could be improved reference 3834,0.0,0,1,0,0.0
C3835,U685,I235,This is worth discussing further. Reference 3835,2026-06-30 03:35:31.834859,this is worth discussing further reference 3835,0.0,0,1,0,0.0
C3836,U978,I489,I have a different opinion about music. Reference 3836,2026-06-15 08:23:31.834874,i have a different opinion about music reference 3836,0.0,0,1,0,0.0
C3837,U680,I167,You must buy this product,2026-06-12 01:15:31.834888,you must buy this product,0.0,0,51,1,45.0
C3838,U698,I427,Thanks for sharing this information. Reference 3838,2026-06-18 18:41:31.834901,thanks for sharing this information reference 3838,0.0,0,1,0,0.0
C3839,U796,I459,The explanation of sports was very clear. Reference 3839,2026-08-09 19:25:31.834915,the explanation of sports was very clear reference 3839,0.0,0,1,0,0.0
C3840,U444,I247,I have a different opinion about music. Reference 3840,2026-06-26 12:24:31.834932,i have a different opinion about music reference 3840,0.0,0,1,0,0.0
C3841,U307,I255,The information presented here is useful. Reference 3841,2026-06-18 23:24:31.834945,the information presented here is useful reference 3841,0.0,0,1,0,0.0
C3842,U307,I410,I have a different opinion about gaming. Reference 3842,2026-07-29 08:44:31.834959,i have a different opinion about gaming reference 3842,0.0,0,1,0,0.0
C3843,U568,I114,The explanation of sports was very clear. Reference 3843,2026-06-30 13:36:31.834973,the explanation of sports was very clear reference 3843,0.0,0,1,0,0.0
C3844,U926,I78,This is an interesting perspective on music. Reference 3844,2026-07-05 06:32:31.834988,this is an interesting perspective on music reference 3844,0.0,0,1,0,0.0
C3845,U760,I204,The information presented here is useful. Reference 3845,2026-07-15 14:37:31.835001,the information presented here is useful reference 3845,0.0,0,1,0,0.0
C3846,U83,I124,I learned something useful about food here. Reference 3846,2026-06-12 11:53:31.835015,i learned something useful about food here reference 3846,0.0,0,1,0,0.0
C3847,U67,I396,This is worth discussing further. Reference 3847,2026-07-03 04:20:31.835029,this is worth discussing further reference 3847,0.0,0,1,0,0.0
C3848,U415,I417,The information presented here is useful. Reference 3848,2026-07-05 03:05:31.835043,the information presented here is useful reference 3848,0.0,0,1,0,0.0
C3849,U484,I15,This is worth discussing further. Reference 3849,2026-08-01 01:42:31.835058,this is worth discussing further reference 3849,0.0,0,1,0,0.0
C3850,U315,I120,I think this could be improved. Reference 3850,2026-07-06 18:09:31.835072,i think this could be improved reference 3850,0.0,0,1,0,0.0
C3851,U602,I109,The information presented here is useful. Reference 3851,2026-07-21 10:22:31.835085,the information presented here is useful reference 3851,0.0,0,1,0,0.0
C3852,U293,I124,Thanks for sharing this information. Reference 3852,2026-07-12 05:44:31.835099,thanks for sharing this information reference 3852,0.0,0,1,0,0.0
C3853,U163,I306,This is worth discussing further. Reference 3853,2026-08-04 06:55:31.835112,this is worth discussing further reference 3853,0.0,0,1,0,0.0
C3854,U103,I42,This is an interesting perspective on technology. Reference 3854,2026-07-29 04:12:31.835126,this is an interesting perspective on technology reference 3854,0.0,0,1,0,0.0
C3855,U553,I219,I think this could be improved. Reference 3855,2026-06-09 08:31:31.835140,i think this could be improved reference 3855,0.0,0,1,0,0.0
C3856,U663,I77,I really enjoyed this post about technology. Reference 3856,2026-06-29 22:36:31.835154,i really enjoyed this post about technology reference 3856,0.0,0,1,0,0.0
C3857,U181,I16,I learned something useful about movies here. Reference 3857,2026-07-09 10:46:31.835167,i learned something useful about movies here reference 3857,0.0,0,1,0,0.0
C3858,U695,I351,Best deal available now,2026-08-08 03:39:31.835182,best deal available now,0.5,1,52,1,72.50000000000001
C3859,U169,I457,I have a different opinion about music. Reference 3859,2026-08-02 17:35:31.835197,i have a different opinion about music reference 3859,0.0,0,1,0,0.0
C3860,U39,I298,This is an interesting perspective on technology. Reference 3860,2026-06-16 21:53:31.835212,this is an interesting perspective on technology reference 3860,0.0,0,1,0,0.0
C3861,U0,I420,The explanation of education was very clear. Reference 3861,2026-07-07 06:07:31.835226,the explanation of education was very clear reference 3861,0.0,0,1,0,0.0
C3862,U843,I251,This is an interesting perspective on movies. Reference 3862,2026-06-18 19:44:31.835239,this is an interesting perspective on movies reference 3862,0.0,0,1,0,0.0
C3863,U298,I315,This was a surprisingly interesting post. Reference 3863,2026-06-17 01:26:31.835253,this was a surprisingly interesting post reference 3863,0.0,0,1,0,0.0
C3864,U291,I70,This is an interesting perspective on food. Reference 3864,2026-06-17 15:47:31.835267,this is an interesting perspective on food reference 3864,0.0,0,1,0,0.0
C3865,U872,I133,I learned something useful about gaming here. Reference 3865,2026-06-27 15:32:31.835281,i learned something useful about gaming here reference 3865,0.0,0,1,0,0.0
C3866,U621,I114,I have a different opinion about technology. Reference 3866,2026-07-07 00:36:31.835294,i have a different opinion about technology reference 3866,0.0,0,1,0,0.0
C3867,U872,I173,I learned something useful about food here. Reference 3867,2026-07-01 15:27:31.835308,i learned something useful about food here reference 3867,0.0,0,1,0,0.0
C3868,U367,I487,This was a surprisingly interesting post. Reference 3868,2026-07-16 02:29:31.835326,this was a surprisingly interesting post reference 3868,0.0,0,1,0,0.0
C3869,U669,I361,The information presented here is useful. Reference 3869,2026-07-21 10:20:31.835340,the information presented here is useful reference 3869,0.0,0,1,0,0.0
C3870,U813,I433,I have a different opinion about music. Reference 3870,2026-07-23 16:02:31.835360,i have a different opinion about music reference 3870,0.0,0,1,0,0.0
C3871,U246,I236,I learned something useful about education here. Reference 3871,2026-08-08 11:35:31.835374,i learned something useful about education here reference 3871,0.0,0,1,0,0.0
C3872,U81,I30,Thanks for sharing this information. Reference 3872,2026-07-29 09:22:31.835387,thanks for sharing this information reference 3872,0.0,0,1,0,0.0
C3873,U110,I229,I learned something useful about education here. Reference 3873,2026-06-07 01:04:31.835401,i learned something useful about education here reference 3873,0.0,0,1,0,0.0
C3874,U75,I144,This is worth discussing further. Reference 3874,2026-06-20 02:32:31.835415,this is worth discussing further reference 3874,0.0,0,1,0,0.0
C3875,U244,I367,I think this could be improved. Reference 3875,2026-07-05 12:35:31.835429,i think this could be improved reference 3875,0.0,0,1,0,0.0
C3876,U125,I476,This was a surprisingly interesting post. Reference 3876,2026-06-08 06:54:31.835442,this was a surprisingly interesting post reference 3876,0.0,0,1,0,0.0
C3877,U214,I458,I think this could be improved. Reference 3877,2026-07-09 16:21:31.835456,i think this could be improved reference 3877,0.0,0,1,0,0.0
C3878,U160,I200,The explanation of music was very clear. Reference 3878,2026-08-05 19:40:31.835470,the explanation of music was very clear reference 3878,0.0,0,1,0,0.0
C3879,U50,I16,I have a different opinion about fashion. Reference 3879,2026-07-25 20:25:31.835484,i have a different opinion about fashion reference 3879,0.0,0,1,0,0.0
C3880,U832,I254,I think this could be improved. Reference 3880,2026-06-08 06:50:31.835498,i think this could be improved reference 3880,0.0,0,1,0,0.0
C3881,U883,I165,I think this could be improved. Reference 3881,2026-07-13 01:50:31.835514,i think this could be improved reference 3881,0.0,0,1,0,0.0
C3882,U763,I494,The information presented here is useful. Reference 3882,2026-06-04 10:16:31.835528,the information presented here is useful reference 3882,0.0,0,1,0,0.0
C3883,U580,I444,I learned something useful about technology here. Reference 3883,2026-07-27 21:19:31.835542,i learned something useful about technology here reference 3883,0.0,0,1,0,0.0
C3884,U977,I128,The information presented here is useful. Reference 3884,2026-06-28 12:20:31.835556,the information presented here is useful reference 3884,0.0,0,1,0,0.0
C3885,U896,I171,I learned something useful about technology here. Reference 3885,2026-07-30 01:24:31.835570,i learned something useful about technology here reference 3885,0.0,0,1,0,0.0
C3886,U245,I262,Thanks for sharing this information. Reference 3886,2026-07-17 12:59:31.835583,thanks for sharing this information reference 3886,0.0,0,1,0,0.0
C3887,U929,I103,I learned something useful about fashion here. Reference 3887,2026-08-08 07:59:31.835597,i learned something useful about fashion here reference 3887,0.0,0,1,0,0.0
C3888,U789,I4,This is worth discussing further. Reference 3888,2026-06-16 20:45:31.835613,this is worth discussing further reference 3888,0.0,0,1,0,0.0
C3889,U381,I172,I really enjoyed this post about gaming. Reference 3889,2026-06-28 21:17:31.835627,i really enjoyed this post about gaming reference 3889,0.0,0,1,0,0.0
C3890,U790,I422,This was a surprisingly interesting post. Reference 3890,2026-07-23 14:54:31.835641,this was a surprisingly interesting post reference 3890,0.0,0,1,0,0.0
C3891,U151,I170,This was a surprisingly interesting post. Reference 3891,2026-06-24 12:16:31.835657,this was a surprisingly interesting post reference 3891,0.0,0,1,0,0.0
C3892,U400,I455,This was a surprisingly interesting post. Reference 3892,2026-07-03 05:50:31.835671,this was a surprisingly interesting post reference 3892,0.0,0,1,0,0.0
C3893,U788,I486,I really enjoyed this post about food. Reference 3893,2026-06-07 09:04:31.835685,i really enjoyed this post about food reference 3893,0.0,0,1,0,0.0
C3894,U605,I280,I have a different opinion about food. Reference 3894,2026-08-07 18:44:31.835699,i have a different opinion about food reference 3894,0.0,0,1,0,0.0
C3895,U291,I170,I really enjoyed this post about fashion. Reference 3895,2026-06-19 04:35:31.835715,i really enjoyed this post about fashion reference 3895,0.0,0,1,0,0.0
C3896,U642,I494,This is an interesting perspective on food. Reference 3896,2026-07-04 20:29:31.835731,this is an interesting perspective on food reference 3896,0.0,0,1,0,0.0
C3897,U951,I237,Thanks for sharing this information. Reference 3897,2026-07-14 03:27:31.835745,thanks for sharing this information reference 3897,0.0,0,1,0,0.0
C3898,U854,I302,The explanation of food was very clear. Reference 3898,2026-07-18 17:44:31.835759,the explanation of food was very clear reference 3898,0.0,0,1,0,0.0
C3899,U307,I456,I really enjoyed this post about sports. Reference 3899,2026-06-11 23:46:31.835773,i really enjoyed this post about sports reference 3899,0.0,0,1,0,0.0
C3900,U926,I296,I have a different opinion about fashion. Reference 3900,2026-07-18 16:16:31.835787,i have a different opinion about fashion reference 3900,0.0,0,1,0,0.0
C3901,U4,I271,The explanation of technology was very clear. Reference 3901,2026-07-22 15:27:31.835801,the explanation of technology was very clear reference 3901,0.0,0,1,0,0.0
C3902,U974,I420,I think this could be improved. Reference 3902,2026-07-06 16:46:31.835814,i think this could be improved reference 3902,0.0,0,1,0,0.0
C3903,U2,I220,I really enjoyed this post about gaming. Reference 3903,2026-07-17 22:13:31.835827,i really enjoyed this post about gaming reference 3903,0.0,0,1,0,0.0
C3904,U548,I416,This was a surprisingly interesting post. Reference 3904,2026-08-10 08:16:31.835842,this was a surprisingly interesting post reference 3904,0.0,0,1,0,0.0
C3905,U513,I444,I have a different opinion about technology. Reference 3905,2026-06-27 15:03:31.835856,i have a different opinion about technology reference 3905,0.0,0,1,0,0.0
C3906,U594,I109,This was a surprisingly interesting post. Reference 3906,2026-08-01 06:51:31.835870,this was a surprisingly interesting post reference 3906,0.0,0,1,0,0.0
C3907,U875,I120,The information presented here is useful. Reference 3907,2026-07-26 16:48:31.835884,the information presented here is useful reference 3907,0.0,0,1,0,0.0
C3908,U558,I335,The explanation of technology was very clear. Reference 3908,2026-06-10 11:23:31.835898,the explanation of technology was very clear reference 3908,0.0,0,1,0,0.0
C3909,U439,I40,This is worth discussing further. Reference 3909,2026-06-29 03:42:31.835911,this is worth discussing further reference 3909,0.0,0,1,0,0.0
C3910,U21,I50,I learned something useful about movies here. Reference 3910,2026-07-27 10:44:31.835925,i learned something useful about movies here reference 3910,0.0,0,1,0,0.0
C3911,U673,I149,I have a different opinion about fashion. Reference 3911,2026-07-28 02:23:31.835939,i have a different opinion about fashion reference 3911,0.0,0,1,0,0.0
C3912,U927,I218,The explanation of education was very clear. Reference 3912,2026-07-09 22:25:31.835953,the explanation of education was very clear reference 3912,0.0,0,1,0,0.0
C3913,U99,I391,I have a different opinion about movies. Reference 3913,2026-06-23 11:16:31.835969,i have a different opinion about movies reference 3913,0.0,0,1,0,0.0
C3914,U708,I280,This is an interesting perspective on gaming. Reference 3914,2026-07-28 16:08:31.835983,this is an interesting perspective on gaming reference 3914,0.0,0,1,0,0.0
C3915,U894,I62,I really enjoyed this post about sports. Reference 3915,2026-08-05 19:50:31.835997,i really enjoyed this post about sports reference 3915,0.0,0,1,0,0.0
C3916,U797,I394,I have a different opinion about education. Reference 3916,2026-08-01 12:19:31.836015,i have a different opinion about education reference 3916,0.0,0,1,0,0.0
C3917,U783,I231,This is worth discussing further. Reference 3917,2026-06-27 06:42:31.836028,this is worth discussing further reference 3917,0.0,0,1,0,0.0
C3918,U784,I427,This was a surprisingly interesting post. Reference 3918,2026-06-26 08:10:31.836041,this was a surprisingly interesting post reference 3918,0.0,0,1,0,0.0
C3919,U125,I246,Thanks for sharing this information. Reference 3919,2026-08-04 06:04:31.836055,thanks for sharing this information reference 3919,0.0,0,1,0,0.0
C3920,U364,I403,This is an interesting perspective on music. Reference 3920,2026-07-26 18:38:31.836069,this is an interesting perspective on music reference 3920,0.0,0,1,0,0.0
C3921,U397,I412,The explanation of movies was very clear. Reference 3921,2026-06-06 19:30:31.836083,the explanation of movies was very clear reference 3921,0.0,0,1,0,0.0
C3922,U18,I466,Thanks for sharing this information. Reference 3922,2026-08-06 01:24:31.836097,thanks for sharing this information reference 3922,0.0,0,1,0,0.0
C3923,U166,I74,This is worth discussing further. Reference 3923,2026-06-25 07:28:31.836111,this is worth discussing further reference 3923,0.0,0,1,0,0.0
C3924,U834,I353,This was a surprisingly interesting post. Reference 3924,2026-06-29 06:16:31.836124,this was a surprisingly interesting post reference 3924,0.0,0,1,0,0.0
C3925,U946,I387,This is worth discussing further. Reference 3925,2026-07-11 20:50:31.836140,this is worth discussing further reference 3925,0.0,0,1,0,0.0
C3926,U873,I199,The information presented here is useful. Reference 3926,2026-06-26 04:35:31.836153,the information presented here is useful reference 3926,0.0,0,1,0,0.0
C3927,U794,I415,The information presented here is useful. Reference 3927,2026-07-27 14:01:31.836167,the information presented here is useful reference 3927,0.0,0,1,0,0.0
C3928,U194,I317,I think this could be improved. Reference 3928,2026-06-05 01:16:31.836180,i think this could be improved reference 3928,0.0,0,1,0,0.0
C3929,U232,I427,I think this could be improved. Reference 3929,2026-07-07 13:58:31.836194,i think this could be improved reference 3929,0.0,0,1,0,0.0
C3930,U329,I328,This is worth discussing further. Reference 3930,2026-08-08 00:18:31.836208,this is worth discussing further reference 3930,0.0,0,1,0,0.0
C3931,U37,I231,The explanation of technology was very clear. Reference 3931,2026-06-20 20:44:31.836221,the explanation of technology was very clear reference 3931,0.0,0,1,0,0.0
C3932,U363,I8,This is worth discussing further. Reference 3932,2026-07-05 00:14:31.836235,this is worth discussing further reference 3932,0.0,0,1,0,0.0
C3933,U767,I428,I really enjoyed this post about music. Reference 3933,2026-06-30 15:29:31.836249,i really enjoyed this post about music reference 3933,0.0,0,1,0,0.0
C3934,U87,I68,This is an interesting perspective on gaming. Reference 3934,2026-06-18 20:48:31.836263,this is an interesting perspective on gaming reference 3934,0.0,0,1,0,0.0
C3935,U139,I242,I think this could be improved. Reference 3935,2026-07-31 22:22:31.836277,i think this could be improved reference 3935,0.0,0,1,0,0.0
C3936,U639,I415,I really enjoyed this post about music. Reference 3936,2026-07-20 10:30:31.836290,i really enjoyed this post about music reference 3936,0.0,0,1,0,0.0
C3937,U319,I274,The information presented here is useful. Reference 3937,2026-08-08 06:55:31.836304,the information presented here is useful reference 3937,0.0,0,1,0,0.0
C3938,U879,I54,I really enjoyed this post about movies. Reference 3938,2026-06-12 07:39:31.836318,i really enjoyed this post about movies reference 3938,0.0,0,1,0,0.0
C3939,U987,I70,I have a different opinion about fashion. Reference 3939,2026-07-28 21:40:31.836332,i have a different opinion about fashion reference 3939,0.0,0,1,0,0.0
C3940,U287,I174,The information presented here is useful. Reference 3940,2026-06-24 12:04:31.836346,the information presented here is useful reference 3940,0.0,0,1,0,0.0
C3941,U372,I38,I think this could be improved. Reference 3941,2026-06-05 14:25:31.836359,i think this could be improved reference 3941,0.0,0,1,0,0.0
C3942,U307,I208,I really enjoyed this post about technology. Reference 3942,2026-07-16 21:03:31.836373,i really enjoyed this post about technology reference 3942,0.0,0,1,0,0.0
C3943,U335,I94,This is an interesting perspective on education. Reference 3943,2026-06-25 01:12:31.836387,this is an interesting perspective on education reference 3943,0.0,0,1,0,0.0
C3944,U617,I306,This is an interesting perspective on music. Reference 3944,2026-08-01 12:18:31.836402,this is an interesting perspective on music reference 3944,0.0,0,1,0,0.0
C3945,U97,I499,I have a different opinion about music. Reference 3945,2026-07-13 20:37:31.836418,i have a different opinion about music reference 3945,0.0,0,1,0,0.0
C3946,U909,I63,I learned something useful about sports here. Reference 3946,2026-06-19 20:05:31.836432,i learned something useful about sports here reference 3946,0.0,0,1,0,0.0
C3947,U819,I40,The explanation of technology was very clear. Reference 3947,2026-07-17 15:55:31.836445,the explanation of technology was very clear reference 3947,0.0,0,1,0,0.0
C3948,U318,I430,This was a surprisingly interesting post. Reference 3948,2026-06-07 22:49:31.836459,this was a surprisingly interesting post reference 3948,0.0,0,1,0,0.0
C3949,U562,I478,Thanks for sharing this information. Reference 3949,2026-06-22 13:19:31.836473,thanks for sharing this information reference 3949,0.0,0,1,0,0.0
C3950,U673,I152,This is an interesting perspective on fashion. Reference 3950,2026-06-04 08:33:31.836487,this is an interesting perspective on fashion reference 3950,0.0,0,1,0,0.0
C3951,U953,I20,I have a different opinion about fashion. Reference 3951,2026-08-03 08:53:31.836501,i have a different opinion about fashion reference 3951,0.0,0,1,0,0.0
C3952,U673,I170,I have a different opinion about technology. Reference 3952,2026-07-30 08:56:31.836514,i have a different opinion about technology reference 3952,0.0,0,1,0,0.0
C3953,U70,I48,Thanks for sharing this information. Reference 3953,2026-08-02 02:36:31.836532,thanks for sharing this information reference 3953,0.0,0,1,0,0.0
C3954,U912,I244,I really enjoyed this post about food. Reference 3954,2026-07-09 23:05:31.836545,i really enjoyed this post about food reference 3954,0.0,0,1,0,0.0
C3955,U415,I277,This is an interesting perspective on movies. Reference 3955,2026-07-28 09:03:31.836559,this is an interesting perspective on movies reference 3955,0.0,0,1,0,0.0
C3956,U605,I481,This was a surprisingly interesting post. Reference 3956,2026-08-04 08:49:31.836573,this was a surprisingly interesting post reference 3956,0.0,0,1,0,0.0
C3957,U342,I86,I learned something useful about gaming here. Reference 3957,2026-06-15 09:53:31.836587,i learned something useful about gaming here reference 3957,0.0,0,1,0,0.0
C3958,U831,I8,I think this could be improved. Reference 3958,2026-06-06 12:00:31.836600,i think this could be improved reference 3958,0.0,0,1,0,0.0
C3959,U725,I64,I learned something useful about sports here. Reference 3959,2026-07-05 16:53:31.836616,i learned something useful about sports here reference 3959,0.0,0,1,0,0.0
C3960,U5,I348,This was a surprisingly interesting post. Reference 3960,2026-06-20 08:10:31.836630,this was a surprisingly interesting post reference 3960,0.0,0,1,0,0.0
C3961,U813,I373,The explanation of food was very clear. Reference 3961,2026-06-22 23:48:31.836644,the explanation of food was very clear reference 3961,0.0,0,1,0,0.0
C3962,U243,I30,The information presented here is useful. Reference 3962,2026-06-17 00:18:31.836657,the information presented here is useful reference 3962,0.0,0,1,0,0.0
C3963,U682,I198,The explanation of movies was very clear. Reference 3963,2026-07-11 11:55:31.836671,the explanation of movies was very clear reference 3963,0.0,0,1,0,0.0
C3964,U139,I207,Thanks for sharing this information. Reference 3964,2026-06-20 04:35:31.836685,thanks for sharing this information reference 3964,0.0,0,1,0,0.0
C3965,U294,I137,The explanation of gaming was very clear. Reference 3965,2026-06-08 11:43:31.836699,the explanation of gaming was very clear reference 3965,0.0,0,1,0,0.0
C3966,U430,I130,Thanks for sharing this information. Reference 3966,2026-08-11 16:48:31.836712,thanks for sharing this information reference 3966,0.0,0,1,0,0.0
C3967,U117,I207,Thanks for sharing this information. Reference 3967,2026-06-04 20:36:31.836726,thanks for sharing this information reference 3967,0.0,0,1,0,0.0
C3968,U259,I353,I learned something useful about education here. Reference 3968,2026-06-14 12:05:31.836740,i learned something useful about education here reference 3968,0.0,0,1,0,0.0
C3969,U594,I61,The explanation of education was very clear. Reference 3969,2026-06-08 02:37:31.836754,the explanation of education was very clear reference 3969,0.0,0,1,0,0.0
C3970,U41,I118,Click here for amazing deals,2026-06-06 06:32:31.836767,click here for amazing deals,0.5,1,53,1,72.50000000000001
C3971,U73,I350,The information presented here is useful. Reference 3971,2026-07-22 23:27:31.836780,the information presented here is useful reference 3971,0.0,0,1,0,0.0
C3972,U283,I491,This is an interesting perspective on technology. Reference 3972,2026-06-13 11:59:31.836796,this is an interesting perspective on technology reference 3972,0.0,0,1,0,0.0
C3973,U215,I367,This is an interesting perspective on technology. Reference 3973,2026-07-05 04:59:31.836810,this is an interesting perspective on technology reference 3973,0.0,0,1,0,0.0
C3974,U109,I174,The explanation of food was very clear. Reference 3974,2026-07-29 16:34:31.836824,the explanation of food was very clear reference 3974,0.0,0,1,0,0.0
C3975,U150,I370,This is an interesting perspective on music. Reference 3975,2026-07-13 05:45:31.836837,this is an interesting perspective on music reference 3975,0.0,0,1,0,0.0
C3976,U420,I193,This was a surprisingly interesting post. Reference 3976,2026-07-02 11:20:31.836853,this was a surprisingly interesting post reference 3976,0.0,0,1,0,0.0
C3977,U679,I103,I learned something useful about sports here. Reference 3977,2026-07-07 09:44:31.836867,i learned something useful about sports here reference 3977,0.0,0,1,0,0.0
C3978,U361,I96,The explanation of food was very clear. Reference 3978,2026-06-28 07:56:31.836881,the explanation of food was very clear reference 3978,0.0,0,1,0,0.0
C3979,U971,I140,The information presented here is useful. Reference 3979,2026-07-19 21:14:31.836895,the information presented here is useful reference 3979,0.0,0,1,0,0.0
C3980,U3,I221,I think this could be improved. Reference 3980,2026-08-06 05:50:31.836908,i think this could be improved reference 3980,0.0,0,1,0,0.0
C3981,U800,I455,I really enjoyed this post about food. Reference 3981,2026-06-25 02:40:31.836924,i really enjoyed this post about food reference 3981,0.0,0,1,0,0.0
C3982,U296,I104,The information presented here is useful. Reference 3982,2026-07-16 16:33:31.836937,the information presented here is useful reference 3982,0.0,0,1,0,0.0
C3983,U144,I145,I have a different opinion about education. Reference 3983,2026-07-04 01:02:31.836952,i have a different opinion about education reference 3983,0.0,0,1,0,0.0
C3984,U787,I7,I think this could be improved. Reference 3984,2026-06-19 10:47:31.836965,i think this could be improved reference 3984,0.0,0,1,0,0.0
C3985,U465,I178,I have a different opinion about sports. Reference 3985,2026-07-01 22:22:31.836979,i have a different opinion about sports reference 3985,0.0,0,1,0,0.0
C3986,U205,I352,I have a different opinion about food. Reference 3986,2026-07-07 06:42:31.836993,i have a different opinion about food reference 3986,0.0,0,1,0,0.0
C3987,U276,I82,I think this could be improved. Reference 3987,2026-07-02 22:52:31.837006,i think this could be improved reference 3987,0.0,0,1,0,0.0
C3988,U926,I68,I really enjoyed this post about sports. Reference 3988,2026-06-14 02:28:31.837020,i really enjoyed this post about sports reference 3988,0.0,0,1,0,0.0
C3989,U497,I196,The explanation of education was very clear. Reference 3989,2026-08-01 20:04:31.837034,the explanation of education was very clear reference 3989,0.0,0,1,0,0.0
C3990,U274,I369,This is worth discussing further. Reference 3990,2026-06-10 00:51:31.837047,this is worth discussing further reference 3990,0.0,0,1,0,0.0
C3991,U101,I139,You must buy this product,2026-06-04 21:26:31.837061,you must buy this product,0.0,0,51,1,45.0
C3992,U413,I10,This is an interesting perspective on gaming. Reference 3992,2026-07-20 21:01:31.837075,this is an interesting perspective on gaming reference 3992,0.0,0,1,0,0.0
C3993,U920,I144,I have a different opinion about sports. Reference 3993,2026-06-03 20:40:31.837088,i have a different opinion about sports reference 3993,0.0,0,1,0,0.0
C3994,U980,I342,This was a surprisingly interesting post. Reference 3994,2026-06-15 17:08:31.837102,this was a surprisingly interesting post reference 3994,0.0,0,1,0,0.0
C3995,U508,I270,I really enjoyed this post about education. Reference 3995,2026-08-10 01:13:31.837116,i really enjoyed this post about education reference 3995,0.0,0,1,0,0.0
C3996,U335,I393,This was a surprisingly interesting post. Reference 3996,2026-06-21 03:16:31.837130,this was a surprisingly interesting post reference 3996,0.0,0,1,0,0.0
C3997,U349,I0,I think this could be improved. Reference 3997,2026-07-25 18:39:31.837143,i think this could be improved reference 3997,0.0,0,1,0,0.0
C3998,U111,I375,I have a different opinion about fashion. Reference 3998,2026-07-19 23:17:31.837157,i have a different opinion about fashion reference 3998,0.0,0,1,0,0.0
C3999,U712,I411,I have a different opinion about sports. Reference 3999,2026-06-15 14:14:31.837171,i have a different opinion about sports reference 3999,0.0,0,1,0,0.0
C4000,U411,I342,Thanks for sharing this information. Reference 4000,2026-08-03 02:04:31.837184,thanks for sharing this information reference 4000,0.0,0,1,0,0.0
C4001,U389,I241,Thanks for sharing this information. Reference 4001,2026-07-20 13:01:31.837200,thanks for sharing this information reference 4001,0.0,0,1,0,0.0
C4002,U332,I23,This is worth discussing further. Reference 4002,2026-06-29 22:13:31.837214,this is worth discussing further reference 4002,0.0,0,1,0,0.0
C4003,U777,I123,This was a surprisingly interesting post. Reference 4003,2026-06-27 22:40:31.837227,this was a surprisingly interesting post reference 4003,0.0,0,1,0,0.0
C4004,U233,I220,This was a surprisingly interesting post. Reference 4004,2026-06-10 01:14:31.837240,this was a surprisingly interesting post reference 4004,0.0,0,1,0,0.0
C4005,U78,I52,Thanks for sharing this information. Reference 4005,2026-07-21 18:41:31.837254,thanks for sharing this information reference 4005,0.0,0,1,0,0.0
C4006,U420,I443,I really enjoyed this post about sports. Reference 4006,2026-06-30 07:37:31.837267,i really enjoyed this post about sports reference 4006,0.0,0,1,0,0.0
C4007,U422,I273,This is an interesting perspective on gaming. Reference 4007,2026-06-10 20:24:31.837281,this is an interesting perspective on gaming reference 4007,0.0,0,1,0,0.0
C4008,U999,I280,I think this could be improved. Reference 4008,2026-07-22 17:47:31.837297,i think this could be improved reference 4008,0.0,0,1,0,0.0
C4009,U755,I109,The explanation of music was very clear. Reference 4009,2026-08-03 00:23:31.837312,the explanation of music was very clear reference 4009,0.0,0,1,0,0.0
C4010,U37,I131,I really enjoyed this post about fashion. Reference 4010,2026-07-31 21:13:31.837328,i really enjoyed this post about fashion reference 4010,0.0,0,1,0,0.0
C4011,U287,I329,Thanks for sharing this information. Reference 4011,2026-07-23 19:13:31.837342,thanks for sharing this information reference 4011,0.0,0,1,0,0.0
C4012,U95,I174,The explanation of gaming was very clear. Reference 4012,2026-08-03 07:42:31.837356,the explanation of gaming was very clear reference 4012,0.0,0,1,0,0.0
C4013,U824,I128,Thanks for sharing this information. Reference 4013,2026-08-07 19:29:31.837375,thanks for sharing this information reference 4013,0.0,0,1,0,0.0
C4014,U487,I352,I have a different opinion about education. Reference 4014,2026-06-13 00:05:31.837389,i have a different opinion about education reference 4014,0.0,0,1,0,0.0
C4015,U775,I356,I really enjoyed this post about food. Reference 4015,2026-07-23 03:20:31.837403,i really enjoyed this post about food reference 4015,0.0,0,1,0,0.0
C4016,U814,I210,This is worth discussing further. Reference 4016,2026-08-03 18:11:31.837417,this is worth discussing further reference 4016,0.0,0,1,0,0.0
C4017,U515,I298,The explanation of movies was very clear. Reference 4017,2026-08-11 19:46:31.837431,the explanation of movies was very clear reference 4017,0.0,0,1,0,0.0
C4018,U437,I356,This is worth discussing further. Reference 4018,2026-06-04 06:18:31.837445,this is worth discussing further reference 4018,0.0,0,1,0,0.0
C4019,U463,I284,I learned something useful about technology here. Reference 4019,2026-06-05 13:49:31.837459,i learned something useful about technology here reference 4019,0.0,0,1,0,0.0
C4020,U99,I321,Thanks for sharing this information. Reference 4020,2026-06-12 02:14:31.837474,thanks for sharing this information reference 4020,0.0,0,1,0,0.0
C4021,U281,I98,I learned something useful about education here. Reference 4021,2026-07-21 12:19:31.837488,i learned something useful about education here reference 4021,0.0,0,1,0,0.0
C4022,U755,I23,I learned something useful about sports here. Reference 4022,2026-07-23 19:15:31.837501,i learned something useful about sports here reference 4022,0.0,0,1,0,0.0
C4023,U202,I67,I have a different opinion about food. Reference 4023,2026-08-06 06:07:31.837520,i have a different opinion about food reference 4023,0.0,0,1,0,0.0
C4024,U677,I230,The explanation of education was very clear. Reference 4024,2026-08-08 23:11:31.837534,the explanation of education was very clear reference 4024,0.0,0,1,0,0.0
C4025,U120,I371,The explanation of music was very clear. Reference 4025,2026-06-15 17:59:31.837548,the explanation of music was very clear reference 4025,0.0,0,1,0,0.0
C4026,U774,I450,I have a different opinion about fashion. Reference 4026,2026-07-28 19:43:31.837562,i have a different opinion about fashion reference 4026,0.0,0,1,0,0.0
C4027,U704,I32,I learned something useful about food here. Reference 4027,2026-07-08 10:02:31.837576,i learned something useful about food here reference 4027,0.0,0,1,0,0.0
C4028,U7,I87,This is worth discussing further. Reference 4028,2026-06-24 07:33:31.837589,this is worth discussing further reference 4028,0.0,0,1,0,0.0
C4029,U179,I350,The information presented here is useful. Reference 4029,2026-08-04 02:40:31.837605,the information presented here is useful reference 4029,0.0,0,1,0,0.0
C4030,U782,I80,The explanation of gaming was very clear. Reference 4030,2026-07-28 20:08:31.837619,the explanation of gaming was very clear reference 4030,0.0,0,1,0,0.0
C4031,U425,I55,The information presented here is useful. Reference 4031,2026-06-09 03:29:31.837632,the information presented here is useful reference 4031,0.0,0,1,0,0.0
C4032,U832,I85,I have a different opinion about music. Reference 4032,2026-07-01 14:16:31.837647,i have a different opinion about music reference 4032,0.0,0,1,0,0.0
C4033,U161,I424,Thanks for sharing this information. Reference 4033,2026-07-01 22:59:31.837661,thanks for sharing this information reference 4033,0.0,0,1,0,0.0
C4034,U435,I88,Thanks for sharing this information. Reference 4034,2026-07-17 10:06:31.837675,thanks for sharing this information reference 4034,0.0,0,1,0,0.0
C4035,U323,I133,Thanks for sharing this information. Reference 4035,2026-06-06 01:48:31.837688,thanks for sharing this information reference 4035,0.0,0,1,0,0.0
C4036,U817,I395,I really enjoyed this post about sports. Reference 4036,2026-07-05 21:27:31.837702,i really enjoyed this post about sports reference 4036,0.0,0,1,0,0.0
C4037,U302,I192,This was a surprisingly interesting post. Reference 4037,2026-08-03 13:08:31.837715,this was a surprisingly interesting post reference 4037,0.0,0,1,0,0.0
C4038,U895,I297,This is an interesting perspective on education. Reference 4038,2026-08-06 22:28:31.837732,this is an interesting perspective on education reference 4038,0.0,0,1,0,0.0
C4039,U235,I377,This was a surprisingly interesting post. Reference 4039,2026-06-21 20:30:31.837746,this was a surprisingly interesting post reference 4039,0.0,0,1,0,0.0
C4040,U490,I202,Thanks for sharing this information. Reference 4040,2026-08-07 00:34:31.837761,thanks for sharing this information reference 4040,0.0,0,1,0,0.0
C4041,U530,I92,This was a surprisingly interesting post. Reference 4041,2026-07-31 07:47:31.837775,this was a surprisingly interesting post reference 4041,0.0,0,1,0,0.0
C4042,U246,I464,I really enjoyed this post about gaming. Reference 4042,2026-07-20 20:25:31.837789,i really enjoyed this post about gaming reference 4042,0.0,0,1,0,0.0
C4043,U551,I282,This is an interesting perspective on music. Reference 4043,2026-06-25 00:56:31.837803,this is an interesting perspective on music reference 4043,0.0,0,1,0,0.0
C4044,U550,I47,I have a different opinion about movies. Reference 4044,2026-07-12 14:33:31.837816,i have a different opinion about movies reference 4044,0.0,0,1,0,0.0
C4045,U562,I69,I learned something useful about technology here. Reference 4045,2026-07-03 21:36:31.837830,i learned something useful about technology here reference 4045,0.0,0,1,0,0.0
C4046,U502,I435,Amazing product buy now,2026-07-22 18:16:31.837844,amazing product buy now,1.0,1,69,1,100.0
C4047,U715,I325,This is an interesting perspective on education. Reference 4047,2026-06-15 22:59:31.837858,this is an interesting perspective on education reference 4047,0.0,0,1,0,0.0
C4048,U452,I36,The information presented here is useful. Reference 4048,2026-06-05 16:21:31.837871,the information presented here is useful reference 4048,0.0,0,1,0,0.0
C4049,U778,I164,I think this could be improved. Reference 4049,2026-06-10 19:34:31.837885,i think this could be improved reference 4049,0.0,0,1,0,0.0
C4050,U282,I433,This is worth discussing further. Reference 4050,2026-08-08 19:39:31.837898,this is worth discussing further reference 4050,0.0,0,1,0,0.0
C4051,U783,I5,I really enjoyed this post about technology. Reference 4051,2026-06-07 00:22:31.837912,i really enjoyed this post about technology reference 4051,0.0,0,1,0,0.0
C4052,U31,I42,This is worth discussing further. Reference 4052,2026-06-03 21:04:31.837926,this is worth discussing further reference 4052,0.0,0,1,0,0.0
C4053,U760,I413,Thanks for sharing this information. Reference 4053,2026-08-04 07:28:31.837939,thanks for sharing this information reference 4053,0.0,0,1,0,0.0
C4054,U704,I97,I think this could be improved. Reference 4054,2026-07-02 21:01:31.837953,i think this could be improved reference 4054,0.0,0,1,0,0.0
C4055,U802,I457,This was a surprisingly interesting post. Reference 4055,2026-08-06 14:55:31.837966,this was a surprisingly interesting post reference 4055,0.0,0,1,0,0.0
C4056,U806,I322,Click here for amazing deals,2026-06-07 08:48:31.837979,click here for amazing deals,0.5,1,53,1,72.50000000000001
C4057,U153,I180,This is worth discussing further. Reference 4057,2026-06-11 15:35:31.837996,this is worth discussing further reference 4057,0.0,0,1,0,0.0
C4058,U117,I406,This was a surprisingly interesting post. Reference 4058,2026-06-04 08:03:31.838010,this was a surprisingly interesting post reference 4058,0.0,0,1,0,0.0
C4059,U299,I133,I learned something useful about gaming here. Reference 4059,2026-06-23 03:43:31.838024,i learned something useful about gaming here reference 4059,0.0,0,1,0,0.0
C4060,U832,I75,Thanks for sharing this information. Reference 4060,2026-07-16 16:37:31.838038,thanks for sharing this information reference 4060,0.0,0,1,0,0.0
C4061,U502,I267,This is an interesting perspective on education. Reference 4061,2026-07-26 20:06:31.838051,this is an interesting perspective on education reference 4061,0.0,0,1,0,0.0
C4062,U844,I390,I have a different opinion about technology. Reference 4062,2026-07-14 05:47:31.838065,i have a different opinion about technology reference 4062,0.0,0,1,0,0.0
C4063,U388,I240,I really enjoyed this post about fashion. Reference 4063,2026-06-30 07:07:31.838079,i really enjoyed this post about fashion reference 4063,0.0,0,1,0,0.0
C4064,U26,I22,Thanks for sharing this information. Reference 4064,2026-08-11 13:52:31.838092,thanks for sharing this information reference 4064,0.0,0,1,0,0.0
C4065,U677,I133,The explanation of fashion was very clear. Reference 4065,2026-07-11 09:33:31.838106,the explanation of fashion was very clear reference 4065,0.0,0,1,0,0.0
C4066,U651,I174,This is an interesting perspective on music. Reference 4066,2026-06-06 22:36:31.838121,this is an interesting perspective on music reference 4066,0.0,0,1,0,0.0
C4067,U528,I140,This was a surprisingly interesting post. Reference 4067,2026-07-05 22:50:31.838134,this was a surprisingly interesting post reference 4067,0.0,0,1,0,0.0
C4068,U386,I288,This is an interesting perspective on sports. Reference 4068,2026-07-05 05:49:31.838148,this is an interesting perspective on sports reference 4068,0.0,0,1,0,0.0
C4069,U152,I408,I have a different opinion about sports. Reference 4069,2026-07-13 13:20:31.838162,i have a different opinion about sports reference 4069,0.0,0,1,0,0.0
C4070,U378,I338,I really enjoyed this post about music. Reference 4070,2026-07-14 14:30:31.838175,i really enjoyed this post about music reference 4070,0.0,0,1,0,0.0
C4071,U841,I87,Thanks for sharing this information. Reference 4071,2026-06-06 10:08:31.838189,thanks for sharing this information reference 4071,0.0,0,1,0,0.0
C4072,U42,I282,I really enjoyed this post about food. Reference 4072,2026-08-07 00:07:31.838205,i really enjoyed this post about food reference 4072,0.0,0,1,0,0.0
C4073,U416,I106,The explanation of fashion was very clear. Reference 4073,2026-06-18 00:40:31.838219,the explanation of fashion was very clear reference 4073,0.0,0,1,0,0.0
C4074,U876,I314,This was a surprisingly interesting post. Reference 4074,2026-06-16 13:44:31.838233,this was a surprisingly interesting post reference 4074,0.0,0,1,0,0.0
C4075,U363,I402,I really enjoyed this post about education. Reference 4075,2026-07-31 09:14:31.838248,i really enjoyed this post about education reference 4075,0.0,0,1,0,0.0
C4076,U66,I31,I have a different opinion about technology. Reference 4076,2026-07-31 16:34:31.838262,i have a different opinion about technology reference 4076,0.0,0,1,0,0.0
C4077,U886,I200,I have a different opinion about gaming. Reference 4077,2026-06-22 05:50:31.838275,i have a different opinion about gaming reference 4077,0.0,0,1,0,0.0
C4078,U937,I270,You must buy this product,2026-06-15 21:23:31.838289,you must buy this product,0.0,0,51,1,45.0
C4079,U750,I132,You must buy this product,2026-06-27 11:06:31.838303,you must buy this product,0.0,0,51,1,45.0
C4080,U901,I476,The explanation of sports was very clear. Reference 4080,2026-07-08 10:02:31.838317,the explanation of sports was very clear reference 4080,0.0,0,1,0,0.0
C4081,U735,I391,The explanation of gaming was very clear. Reference 4081,2026-07-06 10:48:31.838331,the explanation of gaming was very clear reference 4081,0.0,0,1,0,0.0
C4082,U274,I124,I learned something useful about gaming here. Reference 4082,2026-07-29 22:52:31.838345,i learned something useful about gaming here reference 4082,0.0,0,1,0,0.0
C4083,U713,I204,Thanks for sharing this information. Reference 4083,2026-06-06 18:02:31.838359,thanks for sharing this information reference 4083,0.0,0,1,0,0.0
C4084,U174,I267,Thanks for sharing this information. Reference 4084,2026-07-05 17:28:31.838374,thanks for sharing this information reference 4084,0.0,0,1,0,0.0
C4085,U304,I81,I really enjoyed this post about sports. Reference 4085,2026-07-04 14:55:31.838388,i really enjoyed this post about sports reference 4085,0.0,0,1,0,0.0
C4086,U774,I367,I learned something useful about music here. Reference 4086,2026-06-07 02:12:31.838404,i learned something useful about music here reference 4086,0.0,0,1,0,0.0
C4087,U742,I432,This was a surprisingly interesting post. Reference 4087,2026-07-23 08:46:31.838420,this was a surprisingly interesting post reference 4087,0.0,0,1,0,0.0
C4088,U106,I158,I have a different opinion about gaming. Reference 4088,2026-06-30 18:48:31.838437,i have a different opinion about gaming reference 4088,0.0,0,1,0,0.0
C4089,U894,I20,The information presented here is useful. Reference 4089,2026-06-15 08:09:31.838451,the information presented here is useful reference 4089,0.0,0,1,0,0.0
C4090,U399,I80,This is worth discussing further. Reference 4090,2026-06-03 20:51:31.838464,this is worth discussing further reference 4090,0.0,0,1,0,0.0
C4091,U297,I443,I really enjoyed this post about education. Reference 4091,2026-07-06 03:00:31.838478,i really enjoyed this post about education reference 4091,0.0,0,1,0,0.0
C4092,U807,I117,This is worth discussing further. Reference 4092,2026-06-23 08:45:31.838492,this is worth discussing further reference 4092,0.0,0,1,0,0.0
C4093,U699,I95,I have a different opinion about sports. Reference 4093,2026-06-06 10:55:31.838506,i have a different opinion about sports reference 4093,0.0,0,1,0,0.0
C4094,U23,I342,This is an interesting perspective on food. Reference 4094,2026-07-08 11:49:31.838522,this is an interesting perspective on food reference 4094,0.0,0,1,0,0.0
C4095,U315,I210,I have a different opinion about movies. Reference 4095,2026-06-26 03:21:31.838536,i have a different opinion about movies reference 4095,0.0,0,1,0,0.0
C4096,U589,I491,This was a surprisingly interesting post. Reference 4096,2026-07-22 06:34:31.838550,this was a surprisingly interesting post reference 4096,0.0,0,1,0,0.0
C4097,U748,I55,This is worth discussing further. Reference 4097,2026-06-22 05:11:31.838563,this is worth discussing further reference 4097,0.0,0,1,0,0.0
C4098,U714,I256,This was a surprisingly interesting post. Reference 4098,2026-07-17 18:17:31.838577,this was a surprisingly interesting post reference 4098,0.0,0,1,0,0.0
C4099,U339,I371,I learned something useful about food here. Reference 4099,2026-06-17 07:12:31.838591,i learned something useful about food here reference 4099,0.0,0,1,0,0.0
C4100,U851,I356,I really enjoyed this post about music. Reference 4100,2026-08-08 09:58:31.838604,i really enjoyed this post about music reference 4100,0.0,0,1,0,0.0
C4101,U296,I351,I really enjoyed this post about movies. Reference 4101,2026-07-21 02:16:31.838620,i really enjoyed this post about movies reference 4101,0.0,0,1,0,0.0
C4102,U209,I469,The explanation of sports was very clear. Reference 4102,2026-07-10 12:20:31.838634,the explanation of sports was very clear reference 4102,0.0,0,1,0,0.0
C4103,U198,I424,This was a surprisingly interesting post. Reference 4103,2026-06-19 09:23:31.838650,this was a surprisingly interesting post reference 4103,0.0,0,1,0,0.0
C4104,U322,I452,This is an interesting perspective on fashion. Reference 4104,2026-06-06 12:39:31.838664,this is an interesting perspective on fashion reference 4104,0.0,0,1,0,0.0
C4105,U227,I413,I learned something useful about gaming here. Reference 4105,2026-08-03 15:14:31.838677,i learned something useful about gaming here reference 4105,0.0,0,1,0,0.0
C4106,U96,I364,Thanks for sharing this information. Reference 4106,2026-06-24 22:27:31.838691,thanks for sharing this information reference 4106,0.0,0,1,0,0.0
C4107,U477,I369,This is an interesting perspective on technology. Reference 4107,2026-06-17 15:09:31.838705,this is an interesting perspective on technology reference 4107,0.0,0,1,0,0.0
C4108,U999,I101,The explanation of gaming was very clear. Reference 4108,2026-06-15 09:49:31.838718,the explanation of gaming was very clear reference 4108,0.0,0,1,0,0.0
C4109,U695,I101,Best deal available now,2026-07-30 13:42:31.838732,best deal available now,0.5,1,52,1,72.50000000000001
C4110,U414,I329,This is worth discussing further. Reference 4110,2026-08-08 06:19:31.838745,this is worth discussing further reference 4110,0.0,0,1,0,0.0
C4111,U903,I208,I really enjoyed this post about gaming. Reference 4111,2026-08-04 04:46:31.838758,i really enjoyed this post about gaming reference 4111,0.0,0,1,0,0.0
C4112,U940,I384,Thanks for sharing this information. Reference 4112,2026-06-03 19:14:31.838772,thanks for sharing this information reference 4112,0.0,0,1,0,0.0
C4113,U984,I167,The information presented here is useful. Reference 4113,2026-06-30 19:21:31.838786,the information presented here is useful reference 4113,0.0,0,1,0,0.0
C4114,U983,I256,The information presented here is useful. Reference 4114,2026-08-10 20:40:31.838802,the information presented here is useful reference 4114,0.0,0,1,0,0.0
C4115,U933,I94,The explanation of technology was very clear. Reference 4115,2026-08-09 03:45:31.838816,the explanation of technology was very clear reference 4115,0.0,0,1,0,0.0
C4116,U600,I54,This is worth discussing further. Reference 4116,2026-08-01 15:17:31.838829,this is worth discussing further reference 4116,0.0,0,1,0,0.0
C4117,U562,I65,Thanks for sharing this information. Reference 4117,2026-07-20 14:06:31.838843,thanks for sharing this information reference 4117,0.0,0,1,0,0.0
C4118,U704,I193,This is worth discussing further. Reference 4118,2026-06-14 20:47:31.838856,this is worth discussing further reference 4118,0.0,0,1,0,0.0
C4119,U719,I254,I have a different opinion about movies. Reference 4119,2026-06-18 13:50:31.838870,i have a different opinion about movies reference 4119,0.0,0,1,0,0.0
C4120,U122,I491,The information presented here is useful. Reference 4120,2026-06-16 07:15:31.838883,the information presented here is useful reference 4120,0.0,0,1,0,0.0
C4121,U696,I109,The information presented here is useful. Reference 4121,2026-06-17 07:58:31.838896,the information presented here is useful reference 4121,0.0,0,1,0,0.0
C4122,U811,I177,I learned something useful about technology here. Reference 4122,2026-08-04 21:24:31.838912,i learned something useful about technology here reference 4122,0.0,0,1,0,0.0
C4123,U318,I309,This is an interesting perspective on gaming. Reference 4123,2026-06-24 23:00:31.838926,this is an interesting perspective on gaming reference 4123,0.0,0,1,0,0.0
C4124,U654,I395,Thanks for sharing this information. Reference 4124,2026-08-01 22:11:31.838940,thanks for sharing this information reference 4124,0.0,0,1,0,0.0
C4125,U552,I149,The explanation of sports was very clear. Reference 4125,2026-07-06 16:43:31.838954,the explanation of sports was very clear reference 4125,0.0,0,1,0,0.0
C4126,U542,I244,This is worth discussing further. Reference 4126,2026-06-19 10:37:31.838967,this is worth discussing further reference 4126,0.0,0,1,0,0.0
C4127,U142,I387,The information presented here is useful. Reference 4127,2026-07-27 07:18:31.838981,the information presented here is useful reference 4127,0.0,0,1,0,0.0
C4128,U834,I370,I learned something useful about sports here. Reference 4128,2026-06-17 14:54:31.838994,i learned something useful about sports here reference 4128,0.0,0,1,0,0.0
C4129,U616,I258,I learned something useful about gaming here. Reference 4129,2026-07-20 23:23:31.839008,i learned something useful about gaming here reference 4129,0.0,0,1,0,0.0
C4130,U462,I140,This is worth discussing further. Reference 4130,2026-07-04 18:15:31.839021,this is worth discussing further reference 4130,0.0,0,1,0,0.0
C4131,U78,I47,I have a different opinion about technology. Reference 4131,2026-06-09 12:49:31.839035,i have a different opinion about technology reference 4131,0.0,0,1,0,0.0
C4132,U763,I438,I have a different opinion about education. Reference 4132,2026-06-25 12:43:31.839049,i have a different opinion about education reference 4132,0.0,0,1,0,0.0
C4133,U548,I208,I really enjoyed this post about music. Reference 4133,2026-06-15 10:40:31.839062,i really enjoyed this post about music reference 4133,0.0,0,1,0,0.0
C4134,U21,I398,This is worth discussing further. Reference 4134,2026-06-28 00:22:31.839076,this is worth discussing further reference 4134,0.0,0,1,0,0.0
C4135,U958,I202,The information presented here is useful. Reference 4135,2026-06-05 03:13:31.839091,the information presented here is useful reference 4135,0.0,0,1,0,0.0
C4136,U47,I265,This is an interesting perspective on gaming. Reference 4136,2026-06-04 21:34:31.839105,this is an interesting perspective on gaming reference 4136,0.0,0,1,0,0.0
C4137,U131,I218,I really enjoyed this post about technology. Reference 4137,2026-07-25 06:30:31.839119,i really enjoyed this post about technology reference 4137,0.0,0,1,0,0.0
C4138,U895,I28,This was a surprisingly interesting post. Reference 4138,2026-07-09 22:39:31.839132,this was a surprisingly interesting post reference 4138,0.0,0,1,0,0.0
C4139,U399,I203,Thanks for sharing this information. Reference 4139,2026-06-03 09:45:31.839146,thanks for sharing this information reference 4139,0.0,0,1,0,0.0
C4140,U27,I197,I learned something useful about food here. Reference 4140,2026-08-05 05:12:31.839160,i learned something useful about food here reference 4140,0.0,0,1,0,0.0
C4141,U328,I481,The explanation of gaming was very clear. Reference 4141,2026-07-26 20:34:31.839173,the explanation of gaming was very clear reference 4141,0.0,0,1,0,0.0
C4142,U786,I111,Click here for amazing deals,2026-07-10 10:44:31.839189,click here for amazing deals,0.5,1,53,1,72.50000000000001
C4143,U53,I418,Amazing product buy now,2026-07-03 03:00:31.839202,amazing product buy now,1.0,1,69,1,100.0
C4144,U585,I55,I think this could be improved. Reference 4144,2026-07-04 04:42:31.839216,i think this could be improved reference 4144,0.0,0,1,0,0.0
C4145,U781,I287,I learned something useful about sports here. Reference 4145,2026-06-25 02:12:31.839229,i learned something useful about sports here reference 4145,0.0,0,1,0,0.0
C4146,U851,I135,I have a different opinion about technology. Reference 4146,2026-08-01 06:57:31.839243,i have a different opinion about technology reference 4146,0.0,0,1,0,0.0
C4147,U247,I155,This was a surprisingly interesting post. Reference 4147,2026-06-24 18:57:31.839257,this was a surprisingly interesting post reference 4147,0.0,0,1,0,0.0
C4148,U458,I399,The explanation of music was very clear. Reference 4148,2026-07-15 16:01:31.839270,the explanation of music was very clear reference 4148,0.0,0,1,0,0.0
C4149,U243,I244,This was a surprisingly interesting post. Reference 4149,2026-07-05 17:52:31.839284,this was a surprisingly interesting post reference 4149,0.0,0,1,0,0.0
C4150,U47,I108,The explanation of music was very clear. Reference 4150,2026-06-16 21:34:31.839302,the explanation of music was very clear reference 4150,0.0,0,1,0,0.0
C4151,U741,I63,I really enjoyed this post about gaming. Reference 4151,2026-06-12 02:50:31.839318,i really enjoyed this post about gaming reference 4151,0.0,0,1,0,0.0
C4152,U379,I231,I really enjoyed this post about technology. Reference 4152,2026-06-26 15:33:31.839332,i really enjoyed this post about technology reference 4152,0.0,0,1,0,0.0
C4153,U377,I289,Thanks for sharing this information. Reference 4153,2026-07-16 11:53:31.839346,thanks for sharing this information reference 4153,0.0,0,1,0,0.0
C4154,U292,I293,Best product ever buy now,2026-06-07 18:48:31.839364,best product ever buy now,0.5,1,75,1,72.50000000000001
C4155,U463,I130,Thanks for sharing this information. Reference 4155,2026-07-06 03:55:31.839378,thanks for sharing this information reference 4155,0.0,0,1,0,0.0
C4156,U774,I306,Thanks for sharing this information. Reference 4156,2026-06-15 23:46:31.839392,thanks for sharing this information reference 4156,0.0,0,1,0,0.0
C4157,U586,I413,The information presented here is useful. Reference 4157,2026-06-22 12:35:31.839406,the information presented here is useful reference 4157,0.0,0,1,0,0.0
C4158,U657,I309,Thanks for sharing this information. Reference 4158,2026-08-03 16:07:31.839420,thanks for sharing this information reference 4158,0.0,0,1,0,0.0
C4159,U910,I267,I have a different opinion about education. Reference 4159,2026-06-24 02:40:31.839434,i have a different opinion about education reference 4159,0.0,0,1,0,0.0
C4160,U802,I187,Thanks for sharing this information. Reference 4160,2026-06-14 20:55:31.839447,thanks for sharing this information reference 4160,0.0,0,1,0,0.0
C4161,U974,I291,The explanation of education was very clear. Reference 4161,2026-07-12 18:18:31.839461,the explanation of education was very clear reference 4161,0.0,0,1,0,0.0
C4162,U578,I52,I have a different opinion about technology. Reference 4162,2026-06-27 06:45:31.839475,i have a different opinion about technology reference 4162,0.0,0,1,0,0.0
C4163,U908,I158,Thanks for sharing this information. Reference 4163,2026-07-26 21:25:31.839490,thanks for sharing this information reference 4163,0.0,0,1,0,0.0
C4164,U911,I97,This is an interesting perspective on education. Reference 4164,2026-07-22 12:46:31.839504,this is an interesting perspective on education reference 4164,0.0,0,1,0,0.0
C4165,U301,I399,I learned something useful about fashion here. Reference 4165,2026-07-06 00:58:31.839518,i learned something useful about fashion here reference 4165,0.0,0,1,0,0.0
C4166,U577,I286,Best deal available now,2026-06-16 04:43:31.839532,best deal available now,0.5,1,52,1,72.50000000000001
C4167,U716,I11,This was a surprisingly interesting post. Reference 4167,2026-07-28 17:22:31.839547,this was a surprisingly interesting post reference 4167,0.0,0,1,0,0.0
C4168,U407,I327,This is an interesting perspective on food. Reference 4168,2026-07-04 19:29:31.839561,this is an interesting perspective on food reference 4168,0.0,0,1,0,0.0
C4169,U995,I456,I really enjoyed this post about food. Reference 4169,2026-07-27 00:03:31.839575,i really enjoyed this post about food reference 4169,0.0,0,1,0,0.0
C4170,U767,I110,I have a different opinion about sports. Reference 4170,2026-06-25 12:02:31.839589,i have a different opinion about sports reference 4170,0.0,0,1,0,0.0
C4171,U621,I112,This is worth discussing further. Reference 4171,2026-06-13 15:37:31.839605,this is worth discussing further reference 4171,0.0,0,1,0,0.0
C4172,U249,I460,This was a surprisingly interesting post. Reference 4172,2026-06-13 00:10:31.839618,this was a surprisingly interesting post reference 4172,0.0,0,1,0,0.0
C4173,U918,I287,I really enjoyed this post about movies. Reference 4173,2026-08-11 13:16:31.839632,i really enjoyed this post about movies reference 4173,0.0,0,1,0,0.0
C4174,U918,I176,The information presented here is useful. Reference 4174,2026-07-29 20:46:31.839645,the information presented here is useful reference 4174,0.0,0,1,0,0.0
C4175,U923,I355,Thanks for sharing this information. Reference 4175,2026-07-11 18:18:31.839659,thanks for sharing this information reference 4175,0.0,0,1,0,0.0
C4176,U30,I281,I learned something useful about fashion here. Reference 4176,2026-06-19 01:59:31.839673,i learned something useful about fashion here reference 4176,0.0,0,1,0,0.0
C4177,U781,I183,This was a surprisingly interesting post. Reference 4177,2026-07-03 07:34:31.839686,this was a surprisingly interesting post reference 4177,0.0,0,1,0,0.0
C4178,U676,I136,This is an interesting perspective on fashion. Reference 4178,2026-06-20 16:26:31.839700,this is an interesting perspective on fashion reference 4178,0.0,0,1,0,0.0
C4179,U387,I176,The information presented here is useful. Reference 4179,2026-07-23 02:44:31.839715,the information presented here is useful reference 4179,0.0,0,1,0,0.0
C4180,U15,I287,I think this could be improved. Reference 4180,2026-08-02 21:20:31.839729,i think this could be improved reference 4180,0.0,0,1,0,0.0
C4181,U688,I425,I learned something useful about sports here. Reference 4181,2026-06-24 17:26:31.839743,i learned something useful about sports here reference 4181,0.0,0,1,0,0.0
C4182,U321,I292,This is worth discussing further. Reference 4182,2026-07-19 21:37:31.839757,this is worth discussing further reference 4182,0.0,0,1,0,0.0
C4183,U863,I98,I have a different opinion about fashion. Reference 4183,2026-06-23 13:07:31.839771,i have a different opinion about fashion reference 4183,0.0,0,1,0,0.0
C4184,U152,I123,Thanks for sharing this information. Reference 4184,2026-06-26 11:59:31.839784,thanks for sharing this information reference 4184,0.0,0,1,0,0.0
C4185,U278,I320,I really enjoyed this post about technology. Reference 4185,2026-07-27 21:11:31.839798,i really enjoyed this post about technology reference 4185,0.0,0,1,0,0.0
C4186,U489,I385,Best deal available now,2026-08-11 05:45:31.839812,best deal available now,0.5,1,52,1,72.50000000000001
C4187,U683,I436,This was a surprisingly interesting post. Reference 4187,2026-06-18 04:24:31.839825,this was a surprisingly interesting post reference 4187,0.0,0,1,0,0.0
C4188,U400,I464,The information presented here is useful. Reference 4188,2026-08-06 19:30:31.839839,the information presented here is useful reference 4188,0.0,0,1,0,0.0
C4189,U119,I426,Amazing product buy now,2026-08-05 00:01:31.839853,amazing product buy now,1.0,1,69,1,100.0
C4190,U83,I342,The explanation of music was very clear. Reference 4190,2026-08-09 12:18:31.839866,the explanation of music was very clear reference 4190,0.0,0,1,0,0.0
C4191,U49,I484,This is an interesting perspective on fashion. Reference 4191,2026-06-24 18:57:31.839881,this is an interesting perspective on fashion reference 4191,0.0,0,1,0,0.0
C4192,U57,I313,I have a different opinion about gaming. Reference 4192,2026-07-16 03:50:31.839894,i have a different opinion about gaming reference 4192,0.0,0,1,0,0.0
C4193,U644,I310,This is an interesting perspective on music. Reference 4193,2026-08-06 21:18:31.839908,this is an interesting perspective on music reference 4193,0.0,0,1,0,0.0
C4194,U464,I208,I learned something useful about sports here. Reference 4194,2026-06-19 19:34:31.839922,i learned something useful about sports here reference 4194,0.0,0,1,0,0.0
C4195,U972,I226,The information presented here is useful. Reference 4195,2026-08-07 06:06:31.839936,the information presented here is useful reference 4195,0.0,0,1,0,0.0
C4196,U747,I188,The explanation of movies was very clear. Reference 4196,2026-07-18 05:53:31.839949,the explanation of movies was very clear reference 4196,0.0,0,1,0,0.0
C4197,U17,I458,I think this could be improved. Reference 4197,2026-07-02 12:54:31.839963,i think this could be improved reference 4197,0.0,0,1,0,0.0
C4198,U613,I144,The information presented here is useful. Reference 4198,2026-08-06 12:52:31.839976,the information presented here is useful reference 4198,0.0,0,1,0,0.0
C4199,U731,I482,I think this could be improved. Reference 4199,2026-06-06 17:57:31.839994,i think this could be improved reference 4199,0.0,0,1,0,0.0
C4200,U412,I390,The information presented here is useful. Reference 4200,2026-06-18 13:19:31.840008,the information presented here is useful reference 4200,0.0,0,1,0,0.0
C4201,U140,I176,I really enjoyed this post about gaming. Reference 4201,2026-06-04 22:37:31.840022,i really enjoyed this post about gaming reference 4201,0.0,0,1,0,0.0
C4202,U893,I251,I think this could be improved. Reference 4202,2026-08-07 11:47:31.840035,i think this could be improved reference 4202,0.0,0,1,0,0.0
C4203,U164,I289,Thanks for sharing this information. Reference 4203,2026-07-18 20:15:31.840049,thanks for sharing this information reference 4203,0.0,0,1,0,0.0
C4204,U23,I203,This was a surprisingly interesting post. Reference 4204,2026-08-05 17:16:31.840064,this was a surprisingly interesting post reference 4204,0.0,0,1,0,0.0
C4205,U993,I99,The explanation of sports was very clear. Reference 4205,2026-07-01 12:29:31.840078,the explanation of sports was very clear reference 4205,0.0,0,1,0,0.0
C4206,U237,I45,Amazing product buy now,2026-07-10 06:11:31.840092,amazing product buy now,1.0,1,69,1,100.0
C4207,U732,I476,I learned something useful about sports here. Reference 4207,2026-07-11 10:53:31.840108,i learned something useful about sports here reference 4207,0.0,0,1,0,0.0
C4208,U937,I492,The information presented here is useful. Reference 4208,2026-06-30 07:23:31.840121,the information presented here is useful reference 4208,0.0,0,1,0,0.0
C4209,U557,I474,This is an interesting perspective on food. Reference 4209,2026-08-10 20:44:31.840136,this is an interesting perspective on food reference 4209,0.0,0,1,0,0.0
C4210,U209,I434,I learned something useful about gaming here. Reference 4210,2026-08-04 16:17:31.840150,i learned something useful about gaming here reference 4210,0.0,0,1,0,0.0
C4211,U617,I83,I really enjoyed this post about fashion. Reference 4211,2026-08-01 13:57:31.840164,i really enjoyed this post about fashion reference 4211,0.0,0,1,0,0.0
C4212,U224,I384,The information presented here is useful. Reference 4212,2026-06-26 02:40:31.840177,the information presented here is useful reference 4212,0.0,0,1,0,0.0
C4213,U685,I162,Amazing product buy now,2026-06-27 17:00:31.840191,amazing product buy now,1.0,1,69,1,100.0
C4214,U559,I293,This is worth discussing further. Reference 4214,2026-07-31 19:04:31.840206,this is worth discussing further reference 4214,0.0,0,1,0,0.0
C4215,U194,I111,I think this could be improved. Reference 4215,2026-06-12 00:59:31.840220,i think this could be improved reference 4215,0.0,0,1,0,0.0
C4216,U558,I151,I have a different opinion about movies. Reference 4216,2026-06-18 21:31:31.840233,i have a different opinion about movies reference 4216,0.0,0,1,0,0.0
C4217,U50,I371,I learned something useful about music here. Reference 4217,2026-08-07 11:35:31.840247,i learned something useful about music here reference 4217,0.0,0,1,0,0.0
C4218,U144,I442,The information presented here is useful. Reference 4218,2026-06-26 09:17:31.840261,the information presented here is useful reference 4218,0.0,0,1,0,0.0
C4219,U44,I498,This is an interesting perspective on fashion. Reference 4219,2026-07-17 18:22:31.840274,this is an interesting perspective on fashion reference 4219,0.0,0,1,0,0.0
C4220,U291,I27,The explanation of food was very clear. Reference 4220,2026-07-24 04:23:31.840289,the explanation of food was very clear reference 4220,0.0,0,1,0,0.0
C4221,U698,I128,This is an interesting perspective on fashion. Reference 4221,2026-06-30 00:22:31.840302,this is an interesting perspective on fashion reference 4221,0.0,0,1,0,0.0
C4222,U547,I55,I learned something useful about food here. Reference 4222,2026-06-05 09:25:31.840316,i learned something useful about food here reference 4222,0.0,0,1,0,0.0
C4223,U809,I255,This was a surprisingly interesting post. Reference 4223,2026-07-25 20:14:31.840330,this was a surprisingly interesting post reference 4223,0.0,0,1,0,0.0
C4224,U76,I7,I learned something useful about gaming here. Reference 4224,2026-06-28 02:07:31.840344,i learned something useful about gaming here reference 4224,0.0,0,1,0,0.0
C4225,U915,I420,Thanks for sharing this information. Reference 4225,2026-08-02 12:25:31.840452,thanks for sharing this information reference 4225,0.0,0,1,0,0.0
C4226,U643,I99,I have a different opinion about fashion. Reference 4226,2026-07-27 05:04:31.840470,i have a different opinion about fashion reference 4226,0.0,0,1,0,0.0
C4227,U586,I279,This is worth discussing further. Reference 4227,2026-06-06 06:35:31.840484,this is worth discussing further reference 4227,0.0,0,1,0,0.0
C4228,U703,I310,I think this could be improved. Reference 4228,2026-06-03 20:22:31.840500,i think this could be improved reference 4228,0.0,0,1,0,0.0
C4229,U436,I443,The explanation of sports was very clear. Reference 4229,2026-08-01 08:47:31.840514,the explanation of sports was very clear reference 4229,0.0,0,1,0,0.0
C4230,U868,I263,I learned something useful about music here. Reference 4230,2026-07-05 15:45:31.840530,i learned something useful about music here reference 4230,0.0,0,1,0,0.0
C4231,U29,I173,The explanation of food was very clear. Reference 4231,2026-06-05 14:04:31.840545,the explanation of food was very clear reference 4231,0.0,0,1,0,0.0
C4232,U23,I252,Thanks for sharing this information. Reference 4232,2026-07-06 04:05:31.840559,thanks for sharing this information reference 4232,0.0,0,1,0,0.0
C4233,U697,I474,This is an interesting perspective on food. Reference 4233,2026-06-29 07:04:31.840572,this is an interesting perspective on food reference 4233,0.0,0,1,0,0.0
C4234,U716,I31,The information presented here is useful. Reference 4234,2026-07-21 08:32:31.840586,the information presented here is useful reference 4234,0.0,0,1,0,0.0
C4235,U921,I207,This was a surprisingly interesting post. Reference 4235,2026-08-10 10:12:31.840601,this was a surprisingly interesting post reference 4235,0.0,0,1,0,0.0
C4236,U373,I391,I really enjoyed this post about fashion. Reference 4236,2026-06-23 14:58:31.840615,i really enjoyed this post about fashion reference 4236,0.0,0,1,0,0.0
C4237,U147,I43,I learned something useful about education here. Reference 4237,2026-07-22 10:50:31.840629,i learned something useful about education here reference 4237,0.0,0,1,0,0.0
C4238,U644,I178,This is worth discussing further. Reference 4238,2026-08-03 23:42:31.840643,this is worth discussing further reference 4238,0.0,0,1,0,0.0
C4239,U402,I347,This is worth discussing further. Reference 4239,2026-07-12 08:03:31.840657,this is worth discussing further reference 4239,0.0,0,1,0,0.0
C4240,U552,I229,This is an interesting perspective on movies. Reference 4240,2026-07-05 23:23:31.840671,this is an interesting perspective on movies reference 4240,0.0,0,1,0,0.0
C4241,U583,I76,This is an interesting perspective on education. Reference 4241,2026-08-05 05:03:31.840685,this is an interesting perspective on education reference 4241,0.0,0,1,0,0.0
C4242,U584,I71,This is worth discussing further. Reference 4242,2026-07-01 06:15:31.840698,this is worth discussing further reference 4242,0.0,0,1,0,0.0
C4243,U773,I304,I really enjoyed this post about movies. Reference 4243,2026-07-21 10:08:31.840713,i really enjoyed this post about movies reference 4243,0.0,0,1,0,0.0
C4244,U440,I319,Thanks for sharing this information. Reference 4244,2026-06-23 01:38:31.840726,thanks for sharing this information reference 4244,0.0,0,1,0,0.0
C4245,U888,I8,I learned something useful about education here. Reference 4245,2026-08-08 09:26:31.840740,i learned something useful about education here reference 4245,0.0,0,1,0,0.0
C4246,U871,I169,I really enjoyed this post about sports. Reference 4246,2026-06-12 13:08:31.840755,i really enjoyed this post about sports reference 4246,0.0,0,1,0,0.0
C4247,U861,I277,The information presented here is useful. Reference 4247,2026-06-26 15:38:31.840768,the information presented here is useful reference 4247,0.0,0,1,0,0.0
C4248,U992,I149,You must buy this product,2026-06-17 17:02:31.840782,you must buy this product,0.0,0,51,1,45.0
C4249,U345,I433,Thanks for sharing this information. Reference 4249,2026-06-13 21:59:31.840797,thanks for sharing this information reference 4249,0.0,0,1,0,0.0
C4250,U86,I145,This is worth discussing further. Reference 4250,2026-06-15 20:19:31.840810,this is worth discussing further reference 4250,0.0,0,1,0,0.0
C4251,U558,I259,I think this could be improved. Reference 4251,2026-06-09 13:07:31.840824,i think this could be improved reference 4251,0.0,0,1,0,0.0
C4252,U670,I225,This is an interesting perspective on music. Reference 4252,2026-07-26 12:51:31.840838,this is an interesting perspective on music reference 4252,0.0,0,1,0,0.0
C4253,U240,I458,This was a surprisingly interesting post. Reference 4253,2026-07-02 02:13:31.840852,this was a surprisingly interesting post reference 4253,0.0,0,1,0,0.0
C4254,U399,I244,The explanation of education was very clear. Reference 4254,2026-08-09 10:42:31.840866,the explanation of education was very clear reference 4254,0.0,0,1,0,0.0
C4255,U956,I315,I think this could be improved. Reference 4255,2026-07-08 04:52:31.840880,i think this could be improved reference 4255,0.0,0,1,0,0.0
C4256,U798,I39,Thanks for sharing this information. Reference 4256,2026-06-07 08:24:31.840896,thanks for sharing this information reference 4256,0.0,0,1,0,0.0
C4257,U642,I339,I think this could be improved. Reference 4257,2026-06-17 06:28:31.840909,i think this could be improved reference 4257,0.0,0,1,0,0.0
C4258,U544,I252,The information presented here is useful. Reference 4258,2026-06-16 01:37:31.840923,the information presented here is useful reference 4258,0.0,0,1,0,0.0
C4259,U588,I468,The information presented here is useful. Reference 4259,2026-06-07 10:18:31.840936,the information presented here is useful reference 4259,0.0,0,1,0,0.0
C4260,U865,I78,I learned something useful about music here. Reference 4260,2026-06-25 20:30:31.840950,i learned something useful about music here reference 4260,0.0,0,1,0,0.0
C4261,U590,I100,I think this could be improved. Reference 4261,2026-06-14 06:39:31.840964,i think this could be improved reference 4261,0.0,0,1,0,0.0
C4262,U544,I162,Best product ever buy now,2026-07-06 13:14:31.840979,best product ever buy now,0.5,1,75,1,72.50000000000001
C4263,U658,I95,The explanation of music was very clear. Reference 4263,2026-08-07 02:40:31.840993,the explanation of music was very clear reference 4263,0.0,0,1,0,0.0
C4264,U712,I137,I really enjoyed this post about music. Reference 4264,2026-06-04 01:25:31.841010,i really enjoyed this post about music reference 4264,0.0,0,1,0,0.0
C4265,U399,I195,Thanks for sharing this information. Reference 4265,2026-06-10 10:14:31.841024,thanks for sharing this information reference 4265,0.0,0,1,0,0.0
C4266,U467,I291,Click here for amazing deals,2026-06-11 13:46:31.841037,click here for amazing deals,0.5,1,53,1,72.50000000000001
C4267,U127,I85,I have a different opinion about education. Reference 4267,2026-06-04 21:17:31.841051,i have a different opinion about education reference 4267,0.0,0,1,0,0.0
C4268,U350,I436,This is worth discussing further. Reference 4268,2026-07-19 23:12:31.841065,this is worth discussing further reference 4268,0.0,0,1,0,0.0
C4269,U186,I478,This was a surprisingly interesting post. Reference 4269,2026-06-30 21:35:31.841078,this was a surprisingly interesting post reference 4269,0.0,0,1,0,0.0
C4270,U607,I201,The explanation of education was very clear. Reference 4270,2026-07-10 16:47:31.841092,the explanation of education was very clear reference 4270,0.0,0,1,0,0.0
C4271,U846,I417,Thanks for sharing this information. Reference 4271,2026-07-25 22:20:31.841106,thanks for sharing this information reference 4271,0.0,0,1,0,0.0
C4272,U653,I126,I learned something useful about movies here. Reference 4272,2026-07-07 04:59:31.841120,i learned something useful about movies here reference 4272,0.0,0,1,0,0.0
C4273,U850,I443,The explanation of sports was very clear. Reference 4273,2026-06-23 02:49:31.841136,the explanation of sports was very clear reference 4273,0.0,0,1,0,0.0
C4274,U983,I461,Thanks for sharing this information. Reference 4274,2026-07-11 20:50:31.841150,thanks for sharing this information reference 4274,0.0,0,1,0,0.0
C4275,U414,I84,I have a different opinion about gaming. Reference 4275,2026-06-10 12:44:31.841163,i have a different opinion about gaming reference 4275,0.0,0,1,0,0.0
C4276,U696,I468,This is worth discussing further. Reference 4276,2026-06-24 07:32:31.841177,this is worth discussing further reference 4276,0.0,0,1,0,0.0
C4277,U779,I172,I think this could be improved. Reference 4277,2026-07-11 13:55:31.841190,i think this could be improved reference 4277,0.0,0,1,0,0.0
C4278,U398,I85,Thanks for sharing this information. Reference 4278,2026-07-06 02:11:31.841206,thanks for sharing this information reference 4278,0.0,0,1,0,0.0
C4279,U968,I301,The explanation of sports was very clear. Reference 4279,2026-07-11 13:58:31.841220,the explanation of sports was very clear reference 4279,0.0,0,1,0,0.0
C4280,U542,I311,This is worth discussing further. Reference 4280,2026-07-22 11:37:31.841233,this is worth discussing further reference 4280,0.0,0,1,0,0.0
C4281,U881,I481,This was a surprisingly interesting post. Reference 4281,2026-06-21 20:47:31.841247,this was a surprisingly interesting post reference 4281,0.0,0,1,0,0.0
C4282,U727,I200,This is worth discussing further. Reference 4282,2026-08-09 11:55:31.841260,this is worth discussing further reference 4282,0.0,0,1,0,0.0
C4283,U974,I330,I think this could be improved. Reference 4283,2026-07-07 16:08:31.841274,i think this could be improved reference 4283,0.0,0,1,0,0.0
C4284,U972,I435,This was a surprisingly interesting post. Reference 4284,2026-08-10 09:50:31.841289,this was a surprisingly interesting post reference 4284,0.0,0,1,0,0.0
C4285,U624,I164,I think this could be improved. Reference 4285,2026-07-19 00:16:31.841303,i think this could be improved reference 4285,0.0,0,1,0,0.0
C4286,U229,I3,The explanation of movies was very clear. Reference 4286,2026-06-15 15:49:31.841316,the explanation of movies was very clear reference 4286,0.0,0,1,0,0.0
C4287,U638,I61,This was a surprisingly interesting post. Reference 4287,2026-08-01 12:42:31.841330,this was a surprisingly interesting post reference 4287,0.0,0,1,0,0.0
C4288,U935,I246,Thanks for sharing this information. Reference 4288,2026-07-27 19:56:31.841344,thanks for sharing this information reference 4288,0.0,0,1,0,0.0
C4289,U48,I101,This was a surprisingly interesting post. Reference 4289,2026-06-19 20:38:31.841357,this was a surprisingly interesting post reference 4289,0.0,0,1,0,0.0
C4290,U241,I137,I really enjoyed this post about gaming. Reference 4290,2026-07-09 16:19:31.841377,i really enjoyed this post about gaming reference 4290,0.0,0,1,0,0.0
C4291,U215,I201,I have a different opinion about gaming. Reference 4291,2026-07-13 05:28:31.841391,i have a different opinion about gaming reference 4291,0.0,0,1,0,0.0
C4292,U300,I232,This is an interesting perspective on music. Reference 4292,2026-07-12 23:58:31.841407,this is an interesting perspective on music reference 4292,0.0,0,1,0,0.0
C4293,U207,I54,The explanation of education was very clear. Reference 4293,2026-07-09 12:12:31.841421,the explanation of education was very clear reference 4293,0.0,0,1,0,0.0
C4294,U634,I453,The explanation of fashion was very clear. Reference 4294,2026-06-29 12:27:31.841437,the explanation of fashion was very clear reference 4294,0.0,0,1,0,0.0
C4295,U745,I433,This was a surprisingly interesting post. Reference 4295,2026-07-21 03:44:31.841451,this was a surprisingly interesting post reference 4295,0.0,0,1,0,0.0
C4296,U817,I218,You must buy this product,2026-08-07 15:56:31.841464,you must buy this product,0.0,0,51,1,45.0
C4297,U16,I491,Thanks for sharing this information. Reference 4297,2026-07-29 04:59:31.841477,thanks for sharing this information reference 4297,0.0,0,1,0,0.0
C4298,U713,I442,This is an interesting perspective on movies. Reference 4298,2026-08-03 21:37:31.841491,this is an interesting perspective on movies reference 4298,0.0,0,1,0,0.0
C4299,U36,I397,This is worth discussing further. Reference 4299,2026-07-01 06:27:31.841505,this is worth discussing further reference 4299,0.0,0,1,0,0.0
C4300,U392,I315,This was a surprisingly interesting post. Reference 4300,2026-06-09 11:22:31.841519,this was a surprisingly interesting post reference 4300,0.0,0,1,0,0.0
C4301,U605,I268,I think this could be improved. Reference 4301,2026-06-17 18:11:31.841532,i think this could be improved reference 4301,0.0,0,1,0,0.0
C4302,U750,I427,I learned something useful about food here. Reference 4302,2026-08-11 05:17:31.841549,i learned something useful about food here reference 4302,0.0,0,1,0,0.0
C4303,U278,I184,I learned something useful about sports here. Reference 4303,2026-06-26 00:34:31.841563,i learned something useful about sports here reference 4303,0.0,0,1,0,0.0
C4304,U539,I285,This is worth discussing further. Reference 4304,2026-07-28 00:21:31.841577,this is worth discussing further reference 4304,0.0,0,1,0,0.0
C4305,U911,I70,This is worth discussing further. Reference 4305,2026-07-04 23:02:31.841591,this is worth discussing further reference 4305,0.0,0,1,0,0.0
C4306,U59,I489,This is worth discussing further. Reference 4306,2026-06-04 04:12:31.841605,this is worth discussing further reference 4306,0.0,0,1,0,0.0
C4307,U460,I275,I think this could be improved. Reference 4307,2026-07-15 15:34:31.841618,i think this could be improved reference 4307,0.0,0,1,0,0.0
C4308,U883,I85,I learned something useful about food here. Reference 4308,2026-06-08 13:28:31.841632,i learned something useful about food here reference 4308,0.0,0,1,0,0.0
C4309,U345,I261,This is worth discussing further. Reference 4309,2026-06-23 13:23:31.841645,this is worth discussing further reference 4309,0.0,0,1,0,0.0
C4310,U647,I173,Thanks for sharing this information. Reference 4310,2026-07-09 17:26:31.841658,thanks for sharing this information reference 4310,0.0,0,1,0,0.0
C4311,U815,I443,This is worth discussing further. Reference 4311,2026-07-26 15:37:31.841672,this is worth discussing further reference 4311,0.0,0,1,0,0.0
C4312,U514,I65,I have a different opinion about gaming. Reference 4312,2026-08-04 06:42:31.841688,i have a different opinion about gaming reference 4312,0.0,0,1,0,0.0
C4313,U831,I354,The information presented here is useful. Reference 4313,2026-08-09 12:30:31.841701,the information presented here is useful reference 4313,0.0,0,1,0,0.0
C4314,U139,I477,I really enjoyed this post about technology. Reference 4314,2026-08-07 22:19:31.841715,i really enjoyed this post about technology reference 4314,0.0,0,1,0,0.0
C4315,U159,I410,Amazing product buy now,2026-06-14 15:42:31.841729,amazing product buy now,1.0,1,69,1,100.0
C4316,U235,I300,The explanation of gaming was very clear. Reference 4316,2026-07-21 07:30:31.841743,the explanation of gaming was very clear reference 4316,0.0,0,1,0,0.0
C4317,U134,I329,This is an interesting perspective on music. Reference 4317,2026-07-13 22:39:31.841757,this is an interesting perspective on music reference 4317,0.0,0,1,0,0.0
C4318,U70,I106,I really enjoyed this post about music. Reference 4318,2026-07-11 21:23:31.841771,i really enjoyed this post about music reference 4318,0.0,0,1,0,0.0
C4319,U492,I17,This was a surprisingly interesting post. Reference 4319,2026-06-15 04:15:31.841784,this was a surprisingly interesting post reference 4319,0.0,0,1,0,0.0
C4320,U648,I217,This was a surprisingly interesting post. Reference 4320,2026-06-10 18:08:31.841800,this was a surprisingly interesting post reference 4320,0.0,0,1,0,0.0
C4321,U102,I145,I have a different opinion about movies. Reference 4321,2026-06-25 12:26:31.841814,i have a different opinion about movies reference 4321,0.0,0,1,0,0.0
C4322,U537,I315,The information presented here is useful. Reference 4322,2026-06-19 10:53:31.841827,the information presented here is useful reference 4322,0.0,0,1,0,0.0
C4323,U634,I366,I think this could be improved. Reference 4323,2026-06-27 08:37:31.841841,i think this could be improved reference 4323,0.0,0,1,0,0.0
C4324,U986,I435,The explanation of fashion was very clear. Reference 4324,2026-07-01 23:07:31.841855,the explanation of fashion was very clear reference 4324,0.0,0,1,0,0.0
C4325,U920,I326,I think this could be improved. Reference 4325,2026-06-14 07:00:31.841869,i think this could be improved reference 4325,0.0,0,1,0,0.0
C4326,U423,I76,I really enjoyed this post about education. Reference 4326,2026-07-09 11:48:31.841885,i really enjoyed this post about education reference 4326,0.0,0,1,0,0.0
C4327,U866,I263,I learned something useful about music here. Reference 4327,2026-07-16 15:01:31.841899,i learned something useful about music here reference 4327,0.0,0,1,0,0.0
C4328,U214,I486,This is an interesting perspective on sports. Reference 4328,2026-07-27 02:20:31.841913,this is an interesting perspective on sports reference 4328,0.0,0,1,0,0.0
C4329,U724,I278,This is an interesting perspective on education. Reference 4329,2026-07-25 11:59:31.841927,this is an interesting perspective on education reference 4329,0.0,0,1,0,0.0
C4330,U856,I32,I learned something useful about sports here. Reference 4330,2026-06-17 14:53:31.841941,i learned something useful about sports here reference 4330,0.0,0,1,0,0.0
C4331,U146,I449,Best deal available now,2026-06-16 00:41:31.841955,best deal available now,0.5,1,52,1,72.50000000000001
C4332,U94,I30,The information presented here is useful. Reference 4332,2026-08-03 15:42:31.841969,the information presented here is useful reference 4332,0.0,0,1,0,0.0
C4333,U532,I125,The information presented here is useful. Reference 4333,2026-06-28 06:34:31.841983,the information presented here is useful reference 4333,0.0,0,1,0,0.0
C4334,U163,I104,This was a surprisingly interesting post. Reference 4334,2026-07-11 10:18:31.841996,this was a surprisingly interesting post reference 4334,0.0,0,1,0,0.0
C4335,U24,I272,I learned something useful about food here. Reference 4335,2026-07-06 01:22:31.842010,i learned something useful about food here reference 4335,0.0,0,1,0,0.0
C4336,U531,I361,This is an interesting perspective on food. Reference 4336,2026-07-26 17:26:31.842024,this is an interesting perspective on food reference 4336,0.0,0,1,0,0.0
C4337,U805,I92,This is worth discussing further. Reference 4337,2026-06-30 13:47:31.842037,this is worth discussing further reference 4337,0.0,0,1,0,0.0
C4338,U328,I133,This is worth discussing further. Reference 4338,2026-06-28 19:01:31.842051,this is worth discussing further reference 4338,0.0,0,1,0,0.0
C4339,U138,I194,I learned something useful about technology here. Reference 4339,2026-07-13 05:03:31.842065,i learned something useful about technology here reference 4339,0.0,0,1,0,0.0
C4340,U145,I316,This is an interesting perspective on food. Reference 4340,2026-07-08 00:35:31.842080,this is an interesting perspective on food reference 4340,0.0,0,1,0,0.0
C4341,U921,I336,This was a surprisingly interesting post. Reference 4341,2026-06-06 10:14:31.842097,this was a surprisingly interesting post reference 4341,0.0,0,1,0,0.0
C4342,U104,I200,I really enjoyed this post about education. Reference 4342,2026-06-07 10:51:31.842115,i really enjoyed this post about education reference 4342,0.0,0,1,0,0.0
C4343,U450,I491,This is an interesting perspective on food. Reference 4343,2026-07-26 20:29:31.842129,this is an interesting perspective on food reference 4343,0.0,0,1,0,0.0
C4344,U64,I234,The explanation of sports was very clear. Reference 4344,2026-07-02 12:27:31.842143,the explanation of sports was very clear reference 4344,0.0,0,1,0,0.0
C4345,U806,I367,The explanation of education was very clear. Reference 4345,2026-08-09 04:02:31.842157,the explanation of education was very clear reference 4345,0.0,0,1,0,0.0
C4346,U333,I93,I learned something useful about education here. Reference 4346,2026-06-20 08:16:31.842171,i learned something useful about education here reference 4346,0.0,0,1,0,0.0
C4347,U978,I290,Thanks for sharing this information. Reference 4347,2026-06-05 09:15:31.842184,thanks for sharing this information reference 4347,0.0,0,1,0,0.0
C4348,U421,I451,Click here for amazing deals,2026-06-06 03:08:31.842200,click here for amazing deals,0.5,1,53,1,72.50000000000001
C4349,U437,I409,You must buy this product,2026-06-14 13:06:31.842214,you must buy this product,0.0,0,51,1,45.0
C4350,U310,I120,This was a surprisingly interesting post. Reference 4350,2026-07-21 07:26:31.842227,this was a surprisingly interesting post reference 4350,0.0,0,1,0,0.0
C4351,U918,I85,This is worth discussing further. Reference 4351,2026-06-08 21:24:31.842241,this is worth discussing further reference 4351,0.0,0,1,0,0.0
C4352,U987,I125,Thanks for sharing this information. Reference 4352,2026-07-13 16:29:31.842254,thanks for sharing this information reference 4352,0.0,0,1,0,0.0
C4353,U569,I481,I have a different opinion about movies. Reference 4353,2026-07-04 19:07:31.842268,i have a different opinion about movies reference 4353,0.0,0,1,0,0.0
C4354,U125,I250,I think this could be improved. Reference 4354,2026-07-22 21:51:31.842281,i think this could be improved reference 4354,0.0,0,1,0,0.0
C4355,U165,I413,The information presented here is useful. Reference 4355,2026-07-20 08:06:31.842295,the information presented here is useful reference 4355,0.0,0,1,0,0.0
C4356,U964,I10,Thanks for sharing this information. Reference 4356,2026-07-19 01:44:31.842308,thanks for sharing this information reference 4356,0.0,0,1,0,0.0
C4357,U886,I129,Thanks for sharing this information. Reference 4357,2026-06-17 04:46:31.842323,thanks for sharing this information reference 4357,0.0,0,1,0,0.0
C4358,U732,I371,This is an interesting perspective on education. Reference 4358,2026-07-02 03:52:31.842337,this is an interesting perspective on education reference 4358,0.0,0,1,0,0.0
C4359,U618,I422,Thanks for sharing this information. Reference 4359,2026-08-11 14:06:31.842351,thanks for sharing this information reference 4359,0.0,0,1,0,0.0
C4360,U191,I292,I learned something useful about food here. Reference 4360,2026-08-05 11:19:31.842364,i learned something useful about food here reference 4360,0.0,0,1,0,0.0
C4361,U165,I28,This is worth discussing further. Reference 4361,2026-06-12 03:30:31.842378,this is worth discussing further reference 4361,0.0,0,1,0,0.0
C4362,U922,I305,I think this could be improved. Reference 4362,2026-06-07 09:49:31.842391,i think this could be improved reference 4362,0.0,0,1,0,0.0
C4363,U115,I109,I think this could be improved. Reference 4363,2026-07-30 05:54:31.842405,i think this could be improved reference 4363,0.0,0,1,0,0.0
C4364,U593,I487,This was a surprisingly interesting post. Reference 4364,2026-07-30 22:32:31.842418,this was a surprisingly interesting post reference 4364,0.0,0,1,0,0.0
C4365,U152,I14,This is an interesting perspective on education. Reference 4365,2026-07-09 16:08:31.842432,this is an interesting perspective on education reference 4365,0.0,0,1,0,0.0
C4366,U406,I373,I really enjoyed this post about sports. Reference 4366,2026-07-27 01:28:31.842447,i really enjoyed this post about sports reference 4366,0.0,0,1,0,0.0
C4367,U38,I452,I really enjoyed this post about movies. Reference 4367,2026-06-03 13:33:31.842460,i really enjoyed this post about movies reference 4367,0.0,0,1,0,0.0
C4368,U567,I250,Thanks for sharing this information. Reference 4368,2026-06-25 15:01:31.842474,thanks for sharing this information reference 4368,0.0,0,1,0,0.0
C4369,U515,I259,Thanks for sharing this information. Reference 4369,2026-07-11 00:53:31.842489,thanks for sharing this information reference 4369,0.0,0,1,0,0.0
C4370,U700,I107,This is worth discussing further. Reference 4370,2026-07-26 00:35:31.842503,this is worth discussing further reference 4370,0.0,0,1,0,0.0
C4371,U242,I326,This was a surprisingly interesting post. Reference 4371,2026-08-06 06:59:31.842517,this was a surprisingly interesting post reference 4371,0.0,0,1,0,0.0
C4372,U817,I428,I really enjoyed this post about sports. Reference 4372,2026-08-10 06:06:31.842531,i really enjoyed this post about sports reference 4372,0.0,0,1,0,0.0
C4373,U284,I154,The explanation of fashion was very clear. Reference 4373,2026-06-14 02:04:31.842545,the explanation of fashion was very clear reference 4373,0.0,0,1,0,0.0
C4374,U83,I417,You must buy this product,2026-08-01 20:49:31.842558,you must buy this product,0.0,0,51,1,45.0
C4375,U471,I34,This is worth discussing further. Reference 4375,2026-07-23 17:07:31.842572,this is worth discussing further reference 4375,0.0,0,1,0,0.0
C4376,U892,I372,Thanks for sharing this information. Reference 4376,2026-08-09 18:05:31.842586,thanks for sharing this information reference 4376,0.0,0,1,0,0.0
C4377,U797,I76,Thanks for sharing this information. Reference 4377,2026-06-06 09:47:31.842602,thanks for sharing this information reference 4377,0.0,0,1,0,0.0
C4378,U964,I300,Best product ever buy now,2026-08-03 09:58:31.842616,best product ever buy now,0.5,1,75,1,72.50000000000001
C4379,U310,I101,I think this could be improved. Reference 4379,2026-06-13 07:50:31.842629,i think this could be improved reference 4379,0.0,0,1,0,0.0
C4380,U888,I376,This was a surprisingly interesting post. Reference 4380,2026-08-06 16:08:31.842643,this was a surprisingly interesting post reference 4380,0.0,0,1,0,0.0
C4381,U626,I421,The explanation of technology was very clear. Reference 4381,2026-06-20 08:29:31.842656,the explanation of technology was very clear reference 4381,0.0,0,1,0,0.0
C4382,U425,I240,This is an interesting perspective on sports. Reference 4382,2026-06-10 07:42:31.842670,this is an interesting perspective on sports reference 4382,0.0,0,1,0,0.0
C4383,U607,I255,This is an interesting perspective on gaming. Reference 4383,2026-07-29 14:49:31.842684,this is an interesting perspective on gaming reference 4383,0.0,0,1,0,0.0
C4384,U407,I24,I learned something useful about education here. Reference 4384,2026-08-01 07:32:31.842698,i learned something useful about education here reference 4384,0.0,0,1,0,0.0
C4385,U212,I80,This is an interesting perspective on food. Reference 4385,2026-07-05 12:04:31.842712,this is an interesting perspective on food reference 4385,0.0,0,1,0,0.0
C4386,U477,I385,I learned something useful about technology here. Reference 4386,2026-08-01 08:23:31.842726,i learned something useful about technology here reference 4386,0.0,0,1,0,0.0
C4387,U620,I394,This is an interesting perspective on gaming. Reference 4387,2026-08-01 13:45:31.842739,this is an interesting perspective on gaming reference 4387,0.0,0,1,0,0.0
C4388,U391,I206,This is an interesting perspective on education. Reference 4388,2026-07-26 09:13:31.842753,this is an interesting perspective on education reference 4388,0.0,0,1,0,0.0
C4389,U42,I61,You must buy this product,2026-07-02 04:36:31.842769,you must buy this product,0.0,0,51,1,45.0
C4390,U139,I370,This is worth discussing further. Reference 4390,2026-07-20 04:44:31.842782,this is worth discussing further reference 4390,0.0,0,1,0,0.0
C4391,U202,I473,Thanks for sharing this information. Reference 4391,2026-08-08 11:06:31.842796,thanks for sharing this information reference 4391,0.0,0,1,0,0.0
C4392,U300,I292,The explanation of fashion was very clear. Reference 4392,2026-07-08 05:14:31.842812,the explanation of fashion was very clear reference 4392,0.0,0,1,0,0.0
C4393,U345,I106,This was a surprisingly interesting post. Reference 4393,2026-06-12 17:27:31.842825,this was a surprisingly interesting post reference 4393,0.0,0,1,0,0.0
C4394,U183,I233,I have a different opinion about gaming. Reference 4394,2026-07-29 05:06:31.842839,i have a different opinion about gaming reference 4394,0.0,0,1,0,0.0
C4395,U782,I401,Click here for amazing deals,2026-08-02 16:31:31.842853,click here for amazing deals,0.5,1,53,1,72.50000000000001
C4396,U92,I145,I really enjoyed this post about fashion. Reference 4396,2026-06-15 21:53:31.842867,i really enjoyed this post about fashion reference 4396,0.0,0,1,0,0.0
C4397,U537,I71,You must buy this product,2026-06-20 08:45:31.842883,you must buy this product,0.0,0,51,1,45.0
C4398,U680,I167,I learned something useful about education here. Reference 4398,2026-06-18 13:17:31.842897,i learned something useful about education here reference 4398,0.0,0,1,0,0.0
C4399,U293,I192,I learned something useful about technology here. Reference 4399,2026-06-19 00:02:31.842910,i learned something useful about technology here reference 4399,0.0,0,1,0,0.0
C4400,U198,I358,This is worth discussing further. Reference 4400,2026-06-07 03:40:31.842924,this is worth discussing further reference 4400,0.0,0,1,0,0.0
C4401,U389,I429,Amazing product buy now,2026-07-23 07:08:31.842939,amazing product buy now,1.0,1,69,1,100.0
C4402,U732,I341,Thanks for sharing this information. Reference 4402,2026-07-31 03:55:31.842952,thanks for sharing this information reference 4402,0.0,0,1,0,0.0
C4403,U797,I355,Thanks for sharing this information. Reference 4403,2026-08-10 06:39:31.842966,thanks for sharing this information reference 4403,0.0,0,1,0,0.0
C4404,U794,I49,The explanation of food was very clear. Reference 4404,2026-08-01 00:47:31.842979,the explanation of food was very clear reference 4404,0.0,0,1,0,0.0
C4405,U145,I141,The explanation of fashion was very clear. Reference 4405,2026-07-10 03:42:31.842997,the explanation of fashion was very clear reference 4405,0.0,0,1,0,0.0
C4406,U562,I167,This was a surprisingly interesting post. Reference 4406,2026-07-07 13:45:31.843010,this was a surprisingly interesting post reference 4406,0.0,0,1,0,0.0
C4407,U314,I390,I learned something useful about sports here. Reference 4407,2026-08-09 08:54:31.843024,i learned something useful about sports here reference 4407,0.0,0,1,0,0.0
C4408,U265,I482,This is an interesting perspective on education. Reference 4408,2026-08-09 11:57:31.843038,this is an interesting perspective on education reference 4408,0.0,0,1,0,0.0
C4409,U144,I246,I really enjoyed this post about fashion. Reference 4409,2026-07-31 15:02:31.843052,i really enjoyed this post about fashion reference 4409,0.0,0,1,0,0.0
C4410,U370,I314,I learned something useful about food here. Reference 4410,2026-07-21 19:46:31.843068,i learned something useful about food here reference 4410,0.0,0,1,0,0.0
C4411,U570,I253,I have a different opinion about technology. Reference 4411,2026-07-27 16:34:31.843081,i have a different opinion about technology reference 4411,0.0,0,1,0,0.0
C4412,U613,I317,I really enjoyed this post about food. Reference 4412,2026-06-07 09:39:31.843095,i really enjoyed this post about food reference 4412,0.0,0,1,0,0.0
C4413,U738,I493,This is an interesting perspective on fashion. Reference 4413,2026-07-04 00:56:31.843109,this is an interesting perspective on fashion reference 4413,0.0,0,1,0,0.0
C4414,U882,I302,I really enjoyed this post about fashion. Reference 4414,2026-07-22 01:28:31.843122,i really enjoyed this post about fashion reference 4414,0.0,0,1,0,0.0
C4415,U133,I64,I have a different opinion about gaming. Reference 4415,2026-07-11 16:01:31.843136,i have a different opinion about gaming reference 4415,0.0,0,1,0,0.0
C4416,U327,I133,I learned something useful about technology here. Reference 4416,2026-07-22 15:22:31.843151,i learned something useful about technology here reference 4416,0.0,0,1,0,0.0
C4417,U718,I363,I have a different opinion about technology. Reference 4417,2026-07-20 02:30:31.843164,i have a different opinion about technology reference 4417,0.0,0,1,0,0.0
C4418,U60,I63,I really enjoyed this post about music. Reference 4418,2026-07-05 22:04:31.843178,i really enjoyed this post about music reference 4418,0.0,0,1,0,0.0
C4419,U979,I254,Thanks for sharing this information. Reference 4419,2026-07-09 06:50:31.843192,thanks for sharing this information reference 4419,0.0,0,1,0,0.0
C4420,U433,I457,Best product ever buy now,2026-07-09 01:45:31.843206,best product ever buy now,0.5,1,75,1,72.50000000000001
C4421,U453,I302,This is worth discussing further. Reference 4421,2026-07-16 21:17:31.843221,this is worth discussing further reference 4421,0.0,0,1,0,0.0
C4422,U435,I431,I learned something useful about sports here. Reference 4422,2026-07-19 23:03:31.843235,i learned something useful about sports here reference 4422,0.0,0,1,0,0.0
C4423,U491,I430,This is an interesting perspective on education. Reference 4423,2026-07-19 23:26:31.843249,this is an interesting perspective on education reference 4423,0.0,0,1,0,0.0
C4424,U472,I222,I really enjoyed this post about gaming. Reference 4424,2026-08-07 19:35:31.843262,i really enjoyed this post about gaming reference 4424,0.0,0,1,0,0.0
C4425,U568,I30,Click here for amazing deals,2026-08-08 07:22:31.843276,click here for amazing deals,0.5,1,53,1,72.50000000000001
C4426,U212,I13,The information presented here is useful. Reference 4426,2026-08-02 16:42:31.843292,the information presented here is useful reference 4426,0.0,0,1,0,0.0
C4427,U460,I204,I have a different opinion about gaming. Reference 4427,2026-06-28 07:46:31.843307,i have a different opinion about gaming reference 4427,0.0,0,1,0,0.0
C4428,U165,I216,This was a surprisingly interesting post. Reference 4428,2026-06-23 06:46:31.843320,this was a surprisingly interesting post reference 4428,0.0,0,1,0,0.0
C4429,U13,I264,This is an interesting perspective on music. Reference 4429,2026-07-02 01:50:31.843334,this is an interesting perspective on music reference 4429,0.0,0,1,0,0.0
C4430,U109,I75,Thanks for sharing this information. Reference 4430,2026-06-07 07:34:31.843347,thanks for sharing this information reference 4430,0.0,0,1,0,0.0
C4431,U110,I498,This is worth discussing further. Reference 4431,2026-06-30 15:32:31.843360,this is worth discussing further reference 4431,0.0,0,1,0,0.0
C4432,U86,I100,This was a surprisingly interesting post. Reference 4432,2026-07-05 15:24:31.843379,this was a surprisingly interesting post reference 4432,0.0,0,1,0,0.0
C4433,U463,I52,The explanation of technology was very clear. Reference 4433,2026-06-30 18:50:31.843395,the explanation of technology was very clear reference 4433,0.0,0,1,0,0.0
C4434,U729,I117,This is worth discussing further. Reference 4434,2026-08-07 11:33:31.843409,this is worth discussing further reference 4434,0.0,0,1,0,0.0
C4435,U832,I445,I have a different opinion about music. Reference 4435,2026-06-24 12:39:31.843423,i have a different opinion about music reference 4435,0.0,0,1,0,0.0
C4436,U976,I141,Best product ever buy now,2026-07-24 16:10:31.843436,best product ever buy now,0.5,1,75,1,72.50000000000001
C4437,U820,I205,I learned something useful about gaming here. Reference 4437,2026-06-08 17:55:31.843450,i learned something useful about gaming here reference 4437,0.0,0,1,0,0.0
C4438,U201,I12,I really enjoyed this post about fashion. Reference 4438,2026-07-26 06:59:31.843464,i really enjoyed this post about fashion reference 4438,0.0,0,1,0,0.0
C4439,U357,I272,This was a surprisingly interesting post. Reference 4439,2026-07-02 03:53:31.843477,this was a surprisingly interesting post reference 4439,0.0,0,1,0,0.0
C4440,U436,I360,The information presented here is useful. Reference 4440,2026-06-27 16:04:31.843491,the information presented here is useful reference 4440,0.0,0,1,0,0.0
C4441,U30,I104,This is an interesting perspective on technology. Reference 4441,2026-07-12 10:52:31.843505,this is an interesting perspective on technology reference 4441,0.0,0,1,0,0.0
C4442,U203,I343,The explanation of fashion was very clear. Reference 4442,2026-07-28 13:55:31.843520,the explanation of fashion was very clear reference 4442,0.0,0,1,0,0.0
C4443,U842,I414,I think this could be improved. Reference 4443,2026-07-03 00:18:31.843533,i think this could be improved reference 4443,0.0,0,1,0,0.0
C4444,U910,I201,The information presented here is useful. Reference 4444,2026-08-04 15:33:31.843547,the information presented here is useful reference 4444,0.0,0,1,0,0.0
C4445,U361,I299,This is an interesting perspective on sports. Reference 4445,2026-07-30 06:01:31.843561,this is an interesting perspective on sports reference 4445,0.0,0,1,0,0.0
C4446,U716,I437,I think this could be improved. Reference 4446,2026-08-08 21:53:31.843575,i think this could be improved reference 4446,0.0,0,1,0,0.0
C4447,U58,I136,The information presented here is useful. Reference 4447,2026-07-04 02:19:31.843588,the information presented here is useful reference 4447,0.0,0,1,0,0.0
C4448,U102,I159,This is worth discussing further. Reference 4448,2026-06-04 02:27:31.843602,this is worth discussing further reference 4448,0.0,0,1,0,0.0
C4449,U69,I407,This is an interesting perspective on technology. Reference 4449,2026-07-02 03:38:31.843615,this is an interesting perspective on technology reference 4449,0.0,0,1,0,0.0
C4450,U602,I248,I think this could be improved. Reference 4450,2026-07-19 20:47:31.843629,i think this could be improved reference 4450,0.0,0,1,0,0.0
C4451,U38,I10,You must buy this product,2026-06-23 07:51:31.843643,you must buy this product,0.0,0,51,1,45.0
C4452,U786,I482,This was a surprisingly interesting post. Reference 4452,2026-06-07 18:15:31.843656,this was a surprisingly interesting post reference 4452,0.0,0,1,0,0.0
C4453,U576,I387,I have a different opinion about technology. Reference 4453,2026-07-14 03:45:31.843673,i have a different opinion about technology reference 4453,0.0,0,1,0,0.0
C4454,U255,I341,This is an interesting perspective on music. Reference 4454,2026-07-27 03:58:31.843689,this is an interesting perspective on music reference 4454,0.0,0,1,0,0.0
C4455,U43,I130,Thanks for sharing this information. Reference 4455,2026-06-19 03:52:31.843702,thanks for sharing this information reference 4455,0.0,0,1,0,0.0
C4456,U304,I331,You must buy this product,2026-07-06 21:05:31.843716,you must buy this product,0.0,0,51,1,45.0
C4457,U802,I310,This was a surprisingly interesting post. Reference 4457,2026-06-14 16:19:31.843730,this was a surprisingly interesting post reference 4457,0.0,0,1,0,0.0
C4458,U229,I331,This is an interesting perspective on sports. Reference 4458,2026-06-30 16:00:31.843744,this is an interesting perspective on sports reference 4458,0.0,0,1,0,0.0
C4459,U604,I224,This is an interesting perspective on fashion. Reference 4459,2026-07-08 01:00:31.843758,this is an interesting perspective on fashion reference 4459,0.0,0,1,0,0.0
C4460,U617,I284,I have a different opinion about gaming. Reference 4460,2026-07-05 10:23:31.843772,i have a different opinion about gaming reference 4460,0.0,0,1,0,0.0
C4461,U929,I195,This is an interesting perspective on education. Reference 4461,2026-07-23 03:30:31.843788,this is an interesting perspective on education reference 4461,0.0,0,1,0,0.0
C4462,U496,I146,I really enjoyed this post about food. Reference 4462,2026-06-29 03:38:31.843801,i really enjoyed this post about food reference 4462,0.0,0,1,0,0.0
C4463,U584,I136,The explanation of sports was very clear. Reference 4463,2026-07-26 23:26:31.843815,the explanation of sports was very clear reference 4463,0.0,0,1,0,0.0
C4464,U780,I165,The information presented here is useful. Reference 4464,2026-07-23 15:11:31.843829,the information presented here is useful reference 4464,0.0,0,1,0,0.0
C4465,U754,I352,This was a surprisingly interesting post. Reference 4465,2026-06-19 18:41:31.843843,this was a surprisingly interesting post reference 4465,0.0,0,1,0,0.0
C4466,U582,I466,This is an interesting perspective on food. Reference 4466,2026-08-10 11:57:31.843857,this is an interesting perspective on food reference 4466,0.0,0,1,0,0.0
C4467,U68,I364,I have a different opinion about education. Reference 4467,2026-07-03 14:54:31.843871,i have a different opinion about education reference 4467,0.0,0,1,0,0.0
C4468,U868,I489,I learned something useful about technology here. Reference 4468,2026-07-23 07:44:31.843887,i learned something useful about technology here reference 4468,0.0,0,1,0,0.0
C4469,U478,I26,This was a surprisingly interesting post. Reference 4469,2026-06-23 15:07:31.843903,this was a surprisingly interesting post reference 4469,0.0,0,1,0,0.0
C4470,U864,I87,This is an interesting perspective on gaming. Reference 4470,2026-07-05 10:42:31.843917,this is an interesting perspective on gaming reference 4470,0.0,0,1,0,0.0
C4471,U56,I430,I learned something useful about technology here. Reference 4471,2026-06-15 09:55:31.843931,i learned something useful about technology here reference 4471,0.0,0,1,0,0.0
C4472,U822,I338,I have a different opinion about gaming. Reference 4472,2026-06-23 03:46:31.843944,i have a different opinion about gaming reference 4472,0.0,0,1,0,0.0
C4473,U966,I498,This is an interesting perspective on sports. Reference 4473,2026-07-09 05:04:31.843958,this is an interesting perspective on sports reference 4473,0.0,0,1,0,0.0
C4474,U700,I359,Thanks for sharing this information. Reference 4474,2026-07-29 11:43:31.843973,thanks for sharing this information reference 4474,0.0,0,1,0,0.0
C4475,U918,I57,This is an interesting perspective on food. Reference 4475,2026-08-09 19:01:31.843987,this is an interesting perspective on food reference 4475,0.0,0,1,0,0.0
C4476,U748,I428,You must buy this product,2026-06-12 14:56:31.844001,you must buy this product,0.0,0,51,1,45.0
C4477,U520,I15,This is an interesting perspective on fashion. Reference 4477,2026-07-19 03:55:31.844015,this is an interesting perspective on fashion reference 4477,0.0,0,1,0,0.0
C4478,U311,I273,I learned something useful about education here. Reference 4478,2026-06-03 20:28:31.844029,i learned something useful about education here reference 4478,0.0,0,1,0,0.0
C4479,U123,I231,This is worth discussing further. Reference 4479,2026-06-20 20:25:31.844043,this is worth discussing further reference 4479,0.0,0,1,0,0.0
C4480,U450,I497,This was a surprisingly interesting post. Reference 4480,2026-07-02 23:53:31.844056,this was a surprisingly interesting post reference 4480,0.0,0,1,0,0.0
C4481,U954,I5,This was a surprisingly interesting post. Reference 4481,2026-08-06 05:09:31.844070,this was a surprisingly interesting post reference 4481,0.0,0,1,0,0.0
C4482,U831,I13,I have a different opinion about technology. Reference 4482,2026-07-04 17:07:31.844085,i have a different opinion about technology reference 4482,0.0,0,1,0,0.0
C4483,U485,I163,I think this could be improved. Reference 4483,2026-07-26 11:08:31.844099,i think this could be improved reference 4483,0.0,0,1,0,0.0
C4484,U862,I96,The information presented here is useful. Reference 4484,2026-07-15 13:35:31.844115,the information presented here is useful reference 4484,0.0,0,1,0,0.0
C4485,U609,I206,This is an interesting perspective on gaming. Reference 4485,2026-07-28 11:11:31.844128,this is an interesting perspective on gaming reference 4485,0.0,0,1,0,0.0
C4486,U523,I456,I think this could be improved. Reference 4486,2026-07-27 18:46:31.844142,i think this could be improved reference 4486,0.0,0,1,0,0.0
C4487,U614,I343,The information presented here is useful. Reference 4487,2026-06-30 15:45:31.844156,the information presented here is useful reference 4487,0.0,0,1,0,0.0
C4488,U743,I385,The information presented here is useful. Reference 4488,2026-06-12 08:10:31.844170,the information presented here is useful reference 4488,0.0,0,1,0,0.0
C4489,U650,I25,I have a different opinion about technology. Reference 4489,2026-06-19 05:38:31.844184,i have a different opinion about technology reference 4489,0.0,0,1,0,0.0
C4490,U363,I117,This is an interesting perspective on movies. Reference 4490,2026-08-03 18:47:31.844200,this is an interesting perspective on movies reference 4490,0.0,0,1,0,0.0
C4491,U809,I297,The information presented here is useful. Reference 4491,2026-07-10 13:19:31.844214,the information presented here is useful reference 4491,0.0,0,1,0,0.0
C4492,U437,I22,I think this could be improved. Reference 4492,2026-07-26 17:15:31.844228,i think this could be improved reference 4492,0.0,0,1,0,0.0
C4493,U499,I145,This was a surprisingly interesting post. Reference 4493,2026-07-12 11:51:31.844242,this was a surprisingly interesting post reference 4493,0.0,0,1,0,0.0
C4494,U740,I193,This is worth discussing further. Reference 4494,2026-06-30 22:34:31.844255,this is worth discussing further reference 4494,0.0,0,1,0,0.0
C4495,U594,I408,The information presented here is useful. Reference 4495,2026-07-16 04:14:31.844269,the information presented here is useful reference 4495,0.0,0,1,0,0.0
C4496,U655,I23,Thanks for sharing this information. Reference 4496,2026-06-08 22:25:31.844283,thanks for sharing this information reference 4496,0.0,0,1,0,0.0
C4497,U655,I144,Thanks for sharing this information. Reference 4497,2026-07-07 21:42:31.844296,thanks for sharing this information reference 4497,0.0,0,1,0,0.0
C4498,U559,I127,I have a different opinion about fashion. Reference 4498,2026-08-09 12:00:31.844310,i have a different opinion about fashion reference 4498,0.0,0,1,0,0.0
C4499,U272,I231,This was a surprisingly interesting post. Reference 4499,2026-07-29 00:36:31.844324,this was a surprisingly interesting post reference 4499,0.0,0,1,0,0.0
C4500,U66,I227,I really enjoyed this post about education. Reference 4500,2026-06-21 18:49:31.844337,i really enjoyed this post about education reference 4500,0.0,0,1,0,0.0
C4501,U346,I52,Amazing product buy now,2026-07-28 06:52:31.844351,amazing product buy now,1.0,1,69,1,100.0
C4502,U955,I182,Thanks for sharing this information. Reference 4502,2026-06-15 11:02:31.844364,thanks for sharing this information reference 4502,0.0,0,1,0,0.0
C4503,U416,I140,This was a surprisingly interesting post. Reference 4503,2026-08-11 19:14:31.844378,this was a surprisingly interesting post reference 4503,0.0,0,1,0,0.0
C4504,U514,I495,Thanks for sharing this information. Reference 4504,2026-07-18 15:04:31.844391,thanks for sharing this information reference 4504,0.0,0,1,0,0.0
C4505,U547,I204,This was a surprisingly interesting post. Reference 4505,2026-06-16 22:30:31.844405,this was a surprisingly interesting post reference 4505,0.0,0,1,0,0.0
C4506,U42,I450,The information presented here is useful. Reference 4506,2026-07-19 07:12:31.844418,the information presented here is useful reference 4506,0.0,0,1,0,0.0
C4507,U404,I245,I learned something useful about food here. Reference 4507,2026-06-18 01:01:31.844432,i learned something useful about food here reference 4507,0.0,0,1,0,0.0
C4508,U589,I34,The information presented here is useful. Reference 4508,2026-06-16 02:29:31.844445,the information presented here is useful reference 4508,0.0,0,1,0,0.0
C4509,U853,I32,This is an interesting perspective on movies. Reference 4509,2026-08-05 02:38:31.844459,this is an interesting perspective on movies reference 4509,0.0,0,1,0,0.0
C4510,U219,I424,This is an interesting perspective on sports. Reference 4510,2026-07-10 06:28:31.844473,this is an interesting perspective on sports reference 4510,0.0,0,1,0,0.0
C4511,U677,I386,Click here for amazing deals,2026-07-24 05:05:31.844489,click here for amazing deals,0.5,1,53,1,72.50000000000001
C4512,U731,I208,This is an interesting perspective on sports. Reference 4512,2026-07-23 09:55:31.844503,this is an interesting perspective on sports reference 4512,0.0,0,1,0,0.0
C4513,U486,I368,The information presented here is useful. Reference 4513,2026-07-11 17:27:31.844516,the information presented here is useful reference 4513,0.0,0,1,0,0.0
C4514,U191,I127,I really enjoyed this post about movies. Reference 4514,2026-07-13 14:16:31.844531,i really enjoyed this post about movies reference 4514,0.0,0,1,0,0.0
C4515,U569,I261,Click here for amazing deals,2026-07-12 13:44:31.844545,click here for amazing deals,0.5,1,53,1,72.50000000000001
C4516,U798,I424,I really enjoyed this post about education. Reference 4516,2026-07-10 00:51:31.844561,i really enjoyed this post about education reference 4516,0.0,0,1,0,0.0
C4517,U928,I489,I have a different opinion about movies. Reference 4517,2026-06-27 17:20:31.844574,i have a different opinion about movies reference 4517,0.0,0,1,0,0.0
C4518,U148,I134,This is an interesting perspective on gaming. Reference 4518,2026-07-03 18:59:31.844592,this is an interesting perspective on gaming reference 4518,0.0,0,1,0,0.0
C4519,U325,I332,I really enjoyed this post about sports. Reference 4519,2026-06-09 09:19:31.844608,i really enjoyed this post about sports reference 4519,0.0,0,1,0,0.0
C4520,U296,I140,I really enjoyed this post about fashion. Reference 4520,2026-07-06 05:39:31.844622,i really enjoyed this post about fashion reference 4520,0.0,0,1,0,0.0
C4521,U865,I32,I think this could be improved. Reference 4521,2026-06-04 18:59:31.844635,i think this could be improved reference 4521,0.0,0,1,0,0.0
C4522,U66,I395,This was a surprisingly interesting post. Reference 4522,2026-06-09 02:23:31.844649,this was a surprisingly interesting post reference 4522,0.0,0,1,0,0.0
C4523,U264,I304,Click here for amazing deals,2026-06-23 01:41:31.844663,click here for amazing deals,0.5,1,53,1,72.50000000000001
C4524,U554,I489,I really enjoyed this post about fashion. Reference 4524,2026-06-30 19:19:31.844677,i really enjoyed this post about fashion reference 4524,0.0,0,1,0,0.0
C4525,U853,I282,I learned something useful about gaming here. Reference 4525,2026-07-18 02:53:31.844690,i learned something useful about gaming here reference 4525,0.0,0,1,0,0.0
C4526,U81,I226,Click here for amazing deals,2026-06-25 18:38:31.844704,click here for amazing deals,0.5,1,53,1,72.50000000000001
C4527,U868,I53,The explanation of music was very clear. Reference 4527,2026-06-16 04:00:31.844718,the explanation of music was very clear reference 4527,0.0,0,1,0,0.0
C4528,U189,I470,You must buy this product,2026-07-18 17:01:31.844731,you must buy this product,0.0,0,51,1,45.0
C4529,U559,I216,Thanks for sharing this information. Reference 4529,2026-06-09 05:15:31.844746,thanks for sharing this information reference 4529,0.0,0,1,0,0.0
C4530,U998,I297,The information presented here is useful. Reference 4530,2026-07-14 11:14:31.844759,the information presented here is useful reference 4530,0.0,0,1,0,0.0
C4531,U952,I259,Best product ever buy now,2026-06-10 03:31:31.844773,best product ever buy now,0.5,1,75,1,72.50000000000001
C4532,U913,I443,This is an interesting perspective on music. Reference 4532,2026-07-11 20:37:31.844786,this is an interesting perspective on music reference 4532,0.0,0,1,0,0.0
C4533,U602,I133,This is worth discussing further. Reference 4533,2026-08-01 18:16:31.844802,this is worth discussing further reference 4533,0.0,0,1,0,0.0
C4534,U127,I314,I learned something useful about education here. Reference 4534,2026-08-06 11:59:31.844816,i learned something useful about education here reference 4534,0.0,0,1,0,0.0
C4535,U865,I351,I think this could be improved. Reference 4535,2026-07-20 09:43:31.844829,i think this could be improved reference 4535,0.0,0,1,0,0.0
C4536,U713,I475,The information presented here is useful. Reference 4536,2026-07-10 20:38:31.844842,the information presented here is useful reference 4536,0.0,0,1,0,0.0
C4537,U116,I36,I think this could be improved. Reference 4537,2026-07-04 09:03:31.844856,i think this could be improved reference 4537,0.0,0,1,0,0.0
C4538,U699,I372,I really enjoyed this post about sports. Reference 4538,2026-06-18 13:59:31.844869,i really enjoyed this post about sports reference 4538,0.0,0,1,0,0.0
C4539,U550,I385,This was a surprisingly interesting post. Reference 4539,2026-07-23 23:28:31.844885,this was a surprisingly interesting post reference 4539,0.0,0,1,0,0.0
C4540,U431,I160,The explanation of fashion was very clear. Reference 4540,2026-06-08 06:22:31.844899,the explanation of fashion was very clear reference 4540,0.0,0,1,0,0.0
C4541,U663,I64,This is an interesting perspective on movies. Reference 4541,2026-07-13 00:12:31.844913,this is an interesting perspective on movies reference 4541,0.0,0,1,0,0.0
C4542,U381,I306,I really enjoyed this post about fashion. Reference 4542,2026-06-28 15:22:31.844926,i really enjoyed this post about fashion reference 4542,0.0,0,1,0,0.0
C4543,U7,I25,I really enjoyed this post about movies. Reference 4543,2026-07-30 11:08:31.844941,i really enjoyed this post about movies reference 4543,0.0,0,1,0,0.0
C4544,U305,I271,Thanks for sharing this information. Reference 4544,2026-07-26 13:06:31.844954,thanks for sharing this information reference 4544,0.0,0,1,0,0.0
C4545,U48,I150,The information presented here is useful. Reference 4545,2026-06-10 17:14:31.844968,the information presented here is useful reference 4545,0.0,0,1,0,0.0
C4546,U885,I140,This was a surprisingly interesting post. Reference 4546,2026-07-03 13:42:31.844984,this was a surprisingly interesting post reference 4546,0.0,0,1,0,0.0
C4547,U509,I210,I really enjoyed this post about music. Reference 4547,2026-07-03 03:57:31.844997,i really enjoyed this post about music reference 4547,0.0,0,1,0,0.0
C4548,U268,I82,I really enjoyed this post about movies. Reference 4548,2026-07-14 04:24:31.845014,i really enjoyed this post about movies reference 4548,0.0,0,1,0,0.0
C4549,U433,I442,This is worth discussing further. Reference 4549,2026-06-03 23:53:31.845027,this is worth discussing further reference 4549,0.0,0,1,0,0.0
C4550,U453,I174,This was a surprisingly interesting post. Reference 4550,2026-06-20 20:09:31.845041,this was a surprisingly interesting post reference 4550,0.0,0,1,0,0.0
C4551,U461,I400,I have a different opinion about music. Reference 4551,2026-07-22 17:47:31.845055,i have a different opinion about music reference 4551,0.0,0,1,0,0.0
C4552,U196,I400,This was a surprisingly interesting post. Reference 4552,2026-07-04 03:13:31.845069,this was a surprisingly interesting post reference 4552,0.0,0,1,0,0.0
C4553,U133,I124,Best product ever buy now,2026-07-06 00:28:31.845082,best product ever buy now,0.5,1,75,1,72.50000000000001
C4554,U896,I195,I learned something useful about education here. Reference 4554,2026-07-04 17:14:31.845096,i learned something useful about education here reference 4554,0.0,0,1,0,0.0
C4555,U344,I358,I have a different opinion about technology. Reference 4555,2026-08-01 23:10:31.845110,i have a different opinion about technology reference 4555,0.0,0,1,0,0.0
C4556,U406,I323,This is worth discussing further. Reference 4556,2026-07-21 23:56:31.845124,this is worth discussing further reference 4556,0.0,0,1,0,0.0
C4557,U947,I27,I really enjoyed this post about fashion. Reference 4557,2026-07-28 05:52:31.845138,i really enjoyed this post about fashion reference 4557,0.0,0,1,0,0.0
C4558,U876,I95,This is an interesting perspective on education. Reference 4558,2026-07-28 23:35:31.845152,this is an interesting perspective on education reference 4558,0.0,0,1,0,0.0
C4559,U301,I92,I think this could be improved. Reference 4559,2026-06-29 06:58:31.845165,i think this could be improved reference 4559,0.0,0,1,0,0.0
C4560,U710,I336,I think this could be improved. Reference 4560,2026-07-06 07:28:31.845179,i think this could be improved reference 4560,0.0,0,1,0,0.0
C4561,U137,I391,This is worth discussing further. Reference 4561,2026-07-07 07:42:31.845193,this is worth discussing further reference 4561,0.0,0,1,0,0.0
C4562,U28,I53,This is an interesting perspective on education. Reference 4562,2026-07-17 06:16:31.845207,this is an interesting perspective on education reference 4562,0.0,0,1,0,0.0
C4563,U726,I51,This is an interesting perspective on music. Reference 4563,2026-06-27 00:22:31.845221,this is an interesting perspective on music reference 4563,0.0,0,1,0,0.0
C4564,U834,I489,I have a different opinion about fashion. Reference 4564,2026-08-06 08:58:31.845236,i have a different opinion about fashion reference 4564,0.0,0,1,0,0.0
C4565,U6,I389,This was a surprisingly interesting post. Reference 4565,2026-08-01 23:17:31.845250,this was a surprisingly interesting post reference 4565,0.0,0,1,0,0.0
C4566,U485,I301,This was a surprisingly interesting post. Reference 4566,2026-06-29 00:47:31.845263,this was a surprisingly interesting post reference 4566,0.0,0,1,0,0.0
C4567,U728,I253,You must buy this product,2026-07-25 00:04:31.845276,you must buy this product,0.0,0,51,1,45.0
C4568,U895,I40,I learned something useful about music here. Reference 4568,2026-07-02 09:51:31.845293,i learned something useful about music here reference 4568,0.0,0,1,0,0.0
C4569,U953,I402,I really enjoyed this post about movies. Reference 4569,2026-07-02 05:25:31.845307,i really enjoyed this post about movies reference 4569,0.0,0,1,0,0.0
C4570,U138,I367,The information presented here is useful. Reference 4570,2026-07-27 21:28:31.845321,the information presented here is useful reference 4570,0.0,0,1,0,0.0
C4571,U653,I415,The information presented here is useful. Reference 4571,2026-07-29 10:15:31.845334,the information presented here is useful reference 4571,0.0,0,1,0,0.0
C4572,U747,I56,I learned something useful about technology here. Reference 4572,2026-07-24 06:34:31.845348,i learned something useful about technology here reference 4572,0.0,0,1,0,0.0
C4573,U541,I128,The explanation of food was very clear. Reference 4573,2026-07-11 16:32:31.845362,the explanation of food was very clear reference 4573,0.0,0,1,0,0.0
C4574,U233,I220,This is worth discussing further. Reference 4574,2026-06-04 07:59:31.845384,this is worth discussing further reference 4574,0.0,0,1,0,0.0
C4575,U545,I24,I think this could be improved. Reference 4575,2026-06-14 23:35:31.845398,i think this could be improved reference 4575,0.0,0,1,0,0.0
C4576,U172,I188,I have a different opinion about education. Reference 4576,2026-07-14 15:17:31.845413,i have a different opinion about education reference 4576,0.0,0,1,0,0.0
C4577,U130,I63,This was a surprisingly interesting post. Reference 4577,2026-06-27 00:09:31.845427,this was a surprisingly interesting post reference 4577,0.0,0,1,0,0.0
C4578,U332,I449,I have a different opinion about music. Reference 4578,2026-06-04 08:17:31.845443,i have a different opinion about music reference 4578,0.0,0,1,0,0.0
C4579,U972,I137,I really enjoyed this post about technology. Reference 4579,2026-06-11 07:37:31.845457,i really enjoyed this post about technology reference 4579,0.0,0,1,0,0.0
C4580,U967,I219,I have a different opinion about movies. Reference 4580,2026-06-13 09:52:31.845472,i have a different opinion about movies reference 4580,0.0,0,1,0,0.0
C4581,U376,I146,I think this could be improved. Reference 4581,2026-06-05 11:56:31.845488,i think this could be improved reference 4581,0.0,0,1,0,0.0
C4582,U149,I445,The explanation of gaming was very clear. Reference 4582,2026-08-01 16:37:31.845502,the explanation of gaming was very clear reference 4582,0.0,0,1,0,0.0
C4583,U143,I483,The explanation of education was very clear. Reference 4583,2026-06-07 22:34:31.845516,the explanation of education was very clear reference 4583,0.0,0,1,0,0.0
C4584,U458,I146,This was a surprisingly interesting post. Reference 4584,2026-06-10 17:45:31.845530,this was a surprisingly interesting post reference 4584,0.0,0,1,0,0.0
C4585,U962,I317,This is an interesting perspective on food. Reference 4585,2026-07-02 22:18:31.845544,this is an interesting perspective on food reference 4585,0.0,0,1,0,0.0
C4586,U922,I396,The information presented here is useful. Reference 4586,2026-07-20 17:22:31.845558,the information presented here is useful reference 4586,0.0,0,1,0,0.0
C4587,U680,I150,I learned something useful about food here. Reference 4587,2026-07-27 09:13:31.845572,i learned something useful about food here reference 4587,0.0,0,1,0,0.0
C4588,U31,I98,This was a surprisingly interesting post. Reference 4588,2026-06-10 11:23:31.845585,this was a surprisingly interesting post reference 4588,0.0,0,1,0,0.0
C4589,U173,I419,This is an interesting perspective on food. Reference 4589,2026-07-10 15:27:31.845600,this is an interesting perspective on food reference 4589,0.0,0,1,0,0.0
C4590,U731,I6,This was a surprisingly interesting post. Reference 4590,2026-08-05 17:01:31.845624,this was a surprisingly interesting post reference 4590,0.0,0,1,0,0.0
C4591,U621,I401,The information presented here is useful. Reference 4591,2026-08-08 00:52:31.845647,the information presented here is useful reference 4591,0.0,0,1,0,0.0
C4592,U261,I168,The explanation of technology was very clear. Reference 4592,2026-07-07 15:24:31.846268,the explanation of technology was very clear reference 4592,0.0,0,1,0,0.0
C4593,U623,I405,The explanation of music was very clear. Reference 4593,2026-06-07 08:53:31.846353,the explanation of music was very clear reference 4593,0.0,0,1,0,0.0
C4594,U558,I257,I learned something useful about movies here. Reference 4594,2026-06-16 00:33:31.846392,i learned something useful about movies here reference 4594,0.0,0,1,0,0.0
C4595,U915,I117,This is worth discussing further. Reference 4595,2026-07-15 00:25:31.846422,this is worth discussing further reference 4595,0.0,0,1,0,0.0
C4596,U12,I18,This is an interesting perspective on gaming. Reference 4596,2026-06-07 17:42:31.846460,this is an interesting perspective on gaming reference 4596,0.0,0,1,0,0.0
C4597,U893,I202,I think this could be improved. Reference 4597,2026-06-26 20:27:31.846494,i think this could be improved reference 4597,0.0,0,1,0,0.0
C4598,U293,I263,This is an interesting perspective on fashion. Reference 4598,2026-07-11 09:34:31.846524,this is an interesting perspective on fashion reference 4598,0.0,0,1,0,0.0
C4599,U176,I142,I have a different opinion about movies. Reference 4599,2026-06-11 20:17:31.846551,i have a different opinion about movies reference 4599,0.0,0,1,0,0.0
C4600,U978,I184,I have a different opinion about movies. Reference 4600,2026-07-03 22:06:31.846576,i have a different opinion about movies reference 4600,0.0,0,1,0,0.0
C4601,U54,I422,This was a surprisingly interesting post. Reference 4601,2026-06-24 03:04:31.846601,this was a surprisingly interesting post reference 4601,0.0,0,1,0,0.0
C4602,U900,I185,This is an interesting perspective on food. Reference 4602,2026-06-17 23:13:31.846626,this is an interesting perspective on food reference 4602,0.0,0,1,0,0.0
C4603,U634,I111,I think this could be improved. Reference 4603,2026-08-10 09:58:31.846664,i think this could be improved reference 4603,0.0,0,1,0,0.0
C4604,U657,I351,This is worth discussing further. Reference 4604,2026-06-14 05:54:31.846723,this is worth discussing further reference 4604,0.0,0,1,0,0.0
C4605,U610,I63,I learned something useful about food here. Reference 4605,2026-06-27 02:36:31.851413,i learned something useful about food here reference 4605,0.0,0,1,0,0.0
C4606,U524,I338,I have a different opinion about fashion. Reference 4606,2026-06-16 04:59:31.851502,i have a different opinion about fashion reference 4606,0.0,0,1,0,0.0
C4607,U581,I296,The information presented here is useful. Reference 4607,2026-06-09 23:20:31.851524,the information presented here is useful reference 4607,0.0,0,1,0,0.0
C4608,U613,I31,I have a different opinion about music. Reference 4608,2026-06-29 00:41:31.851541,i have a different opinion about music reference 4608,0.0,0,1,0,0.0
C4609,U592,I359,I learned something useful about food here. Reference 4609,2026-08-02 07:21:31.851556,i learned something useful about food here reference 4609,0.0,0,1,0,0.0
C4610,U280,I429,I think this could be improved. Reference 4610,2026-07-19 17:33:31.851570,i think this could be improved reference 4610,0.0,0,1,0,0.0
C4611,U385,I119,I really enjoyed this post about gaming. Reference 4611,2026-06-06 11:40:31.851591,i really enjoyed this post about gaming reference 4611,0.0,0,1,0,0.0
C4612,U612,I276,The information presented here is useful. Reference 4612,2026-07-26 21:37:31.851607,the information presented here is useful reference 4612,0.0,0,1,0,0.0
C4613,U274,I67,The explanation of sports was very clear. Reference 4613,2026-06-18 21:52:31.851621,the explanation of sports was very clear reference 4613,0.0,0,1,0,0.0
C4614,U460,I83,This was a surprisingly interesting post. Reference 4614,2026-07-21 03:28:31.851636,this was a surprisingly interesting post reference 4614,0.0,0,1,0,0.0
C4615,U581,I405,This is an interesting perspective on education. Reference 4615,2026-08-01 13:43:31.851651,this is an interesting perspective on education reference 4615,0.0,0,1,0,0.0
C4616,U661,I337,This was a surprisingly interesting post. Reference 4616,2026-08-09 02:15:31.851665,this was a surprisingly interesting post reference 4616,0.0,0,1,0,0.0
C4617,U401,I471,I learned something useful about sports here. Reference 4617,2026-07-27 03:21:31.851711,i learned something useful about sports here reference 4617,0.0,0,1,0,0.0
C4618,U529,I443,This was a surprisingly interesting post. Reference 4618,2026-06-08 01:16:31.851769,this was a surprisingly interesting post reference 4618,0.0,0,1,0,0.0
C4619,U591,I285,The explanation of education was very clear. Reference 4619,2026-07-29 13:41:31.851938,the explanation of education was very clear reference 4619,0.0,0,1,0,0.0
C4620,U124,I22,This is an interesting perspective on technology. Reference 4620,2026-07-25 23:35:31.851958,this is an interesting perspective on technology reference 4620,0.0,0,1,0,0.0
C4621,U235,I89,I really enjoyed this post about technology. Reference 4621,2026-08-06 02:17:31.851973,i really enjoyed this post about technology reference 4621,0.0,0,1,0,0.0
C4622,U708,I267,The information presented here is useful. Reference 4622,2026-07-03 07:57:31.851988,the information presented here is useful reference 4622,0.0,0,1,0,0.0
C4623,U388,I58,I really enjoyed this post about technology. Reference 4623,2026-06-26 14:24:31.852002,i really enjoyed this post about technology reference 4623,0.0,0,1,0,0.0
C4624,U861,I323,Thanks for sharing this information. Reference 4624,2026-06-07 18:20:31.852041,thanks for sharing this information reference 4624,0.0,0,1,0,0.0
C4625,U395,I62,I really enjoyed this post about gaming. Reference 4625,2026-07-15 22:30:31.852069,i really enjoyed this post about gaming reference 4625,0.0,0,1,0,0.0
C4626,U193,I190,The information presented here is useful. Reference 4626,2026-07-16 13:10:31.852084,the information presented here is useful reference 4626,0.0,0,1,0,0.0
C4627,U63,I469,The explanation of movies was very clear. Reference 4627,2026-07-13 18:24:31.852098,the explanation of movies was very clear reference 4627,0.0,0,1,0,0.0
C4628,U665,I124,This is an interesting perspective on technology. Reference 4628,2026-06-28 21:45:31.852112,this is an interesting perspective on technology reference 4628,0.0,0,1,0,0.0
C4629,U282,I215,This was a surprisingly interesting post. Reference 4629,2026-07-25 02:01:31.852129,this was a surprisingly interesting post reference 4629,0.0,0,1,0,0.0
C4630,U322,I158,The information presented here is useful. Reference 4630,2026-06-11 06:37:31.852143,the information presented here is useful reference 4630,0.0,0,1,0,0.0
C4631,U809,I50,I really enjoyed this post about technology. Reference 4631,2026-07-24 18:13:31.852159,i really enjoyed this post about technology reference 4631,0.0,0,1,0,0.0
C4632,U750,I395,I really enjoyed this post about food. Reference 4632,2026-06-04 10:05:31.852174,i really enjoyed this post about food reference 4632,0.0,0,1,0,0.0
C4633,U413,I468,I learned something useful about technology here. Reference 4633,2026-07-09 03:34:31.852188,i learned something useful about technology here reference 4633,0.0,0,1,0,0.0
C4634,U836,I417,I have a different opinion about music. Reference 4634,2026-06-05 06:38:31.852202,i have a different opinion about music reference 4634,0.0,0,1,0,0.0
C4635,U602,I194,I think this could be improved. Reference 4635,2026-07-12 16:00:31.852216,i think this could be improved reference 4635,0.0,0,1,0,0.0
C4636,U20,I462,I really enjoyed this post about fashion. Reference 4636,2026-07-03 10:24:31.852230,i really enjoyed this post about fashion reference 4636,0.0,0,1,0,0.0
C4637,U995,I459,The information presented here is useful. Reference 4637,2026-07-18 09:03:31.852244,the information presented here is useful reference 4637,0.0,0,1,0,0.0
C4638,U94,I37,I really enjoyed this post about fashion. Reference 4638,2026-07-09 01:35:31.852258,i really enjoyed this post about fashion reference 4638,0.0,0,1,0,0.0
C4639,U306,I444,This is an interesting perspective on gaming. Reference 4639,2026-06-08 17:53:31.852272,this is an interesting perspective on gaming reference 4639,0.0,0,1,0,0.0
C4640,U860,I456,The explanation of movies was very clear. Reference 4640,2026-08-11 16:31:31.852287,the explanation of movies was very clear reference 4640,0.0,0,1,0,0.0
C4641,U827,I228,This was a surprisingly interesting post. Reference 4641,2026-08-02 16:16:31.852303,this was a surprisingly interesting post reference 4641,0.0,0,1,0,0.0
C4642,U408,I314,Thanks for sharing this information. Reference 4642,2026-06-16 12:36:31.852317,thanks for sharing this information reference 4642,0.0,0,1,0,0.0
C4643,U480,I21,This was a surprisingly interesting post. Reference 4643,2026-07-09 09:38:31.852335,this was a surprisingly interesting post reference 4643,0.0,0,1,0,0.0
C4644,U791,I287,The explanation of fashion was very clear. Reference 4644,2026-07-04 15:09:31.852350,the explanation of fashion was very clear reference 4644,0.0,0,1,0,0.0
C4645,U561,I103,I have a different opinion about education. Reference 4645,2026-07-08 10:24:31.852368,i have a different opinion about education reference 4645,0.0,0,1,0,0.0
C4646,U547,I371,Best product ever buy now,2026-07-28 07:58:31.852383,best product ever buy now,0.5,1,75,1,72.50000000000001
C4647,U397,I310,I think this could be improved. Reference 4647,2026-06-24 18:38:31.852397,i think this could be improved reference 4647,0.0,0,1,0,0.0
C4648,U239,I276,The information presented here is useful. Reference 4648,2026-06-29 19:50:31.852411,the information presented here is useful reference 4648,0.0,0,1,0,0.0
C4649,U541,I349,I think this could be improved. Reference 4649,2026-07-09 16:37:31.852426,i think this could be improved reference 4649,0.0,0,1,0,0.0
C4650,U31,I189,Thanks for sharing this information. Reference 4650,2026-07-26 09:26:31.852441,thanks for sharing this information reference 4650,0.0,0,1,0,0.0
C4651,U371,I232,This is an interesting perspective on food. Reference 4651,2026-07-08 12:17:31.852455,this is an interesting perspective on food reference 4651,0.0,0,1,0,0.0
C4652,U23,I354,Thanks for sharing this information. Reference 4652,2026-07-31 07:37:31.852471,thanks for sharing this information reference 4652,0.0,0,1,0,0.0
C4653,U22,I482,This is an interesting perspective on education. Reference 4653,2026-07-03 13:06:31.852485,this is an interesting perspective on education reference 4653,0.0,0,1,0,0.0
C4654,U902,I359,This is worth discussing further. Reference 4654,2026-06-15 09:24:31.852499,this is worth discussing further reference 4654,0.0,0,1,0,0.0
C4655,U534,I295,This was a surprisingly interesting post. Reference 4655,2026-07-08 05:33:31.852513,this was a surprisingly interesting post reference 4655,0.0,0,1,0,0.0
C4656,U15,I154,This is an interesting perspective on technology. Reference 4656,2026-06-03 13:26:31.852528,this is an interesting perspective on technology reference 4656,0.0,0,1,0,0.0
C4657,U966,I459,Thanks for sharing this information. Reference 4657,2026-07-30 03:53:31.852542,thanks for sharing this information reference 4657,0.0,0,1,0,0.0
C4658,U963,I37,I think this could be improved. Reference 4658,2026-07-12 06:49:31.852556,i think this could be improved reference 4658,0.0,0,1,0,0.0
C4659,U522,I160,This is an interesting perspective on food. Reference 4659,2026-06-28 12:51:31.852573,this is an interesting perspective on food reference 4659,0.0,0,1,0,0.0
C4660,U467,I148,This is an interesting perspective on education. Reference 4660,2026-06-28 09:19:31.852589,this is an interesting perspective on education reference 4660,0.0,0,1,0,0.0
C4661,U303,I197,Thanks for sharing this information. Reference 4661,2026-08-05 00:57:31.852603,thanks for sharing this information reference 4661,0.0,0,1,0,0.0
C4662,U98,I277,This was a surprisingly interesting post. Reference 4662,2026-07-17 07:35:31.852617,this was a surprisingly interesting post reference 4662,0.0,0,1,0,0.0
C4663,U94,I311,Thanks for sharing this information. Reference 4663,2026-07-30 07:01:31.852631,thanks for sharing this information reference 4663,0.0,0,1,0,0.0
C4664,U446,I136,I learned something useful about education here. Reference 4664,2026-07-30 00:09:31.852645,i learned something useful about education here reference 4664,0.0,0,1,0,0.0
C4665,U617,I482,I think this could be improved. Reference 4665,2026-06-26 05:00:31.852659,i think this could be improved reference 4665,0.0,0,1,0,0.0
C4666,U601,I38,I think this could be improved. Reference 4666,2026-06-08 11:13:31.852673,i think this could be improved reference 4666,0.0,0,1,0,0.0
C4667,U902,I467,I have a different opinion about music. Reference 4667,2026-07-18 14:01:31.852687,i have a different opinion about music reference 4667,0.0,0,1,0,0.0
C4668,U938,I67,This is an interesting perspective on music. Reference 4668,2026-06-10 20:16:31.852701,this is an interesting perspective on music reference 4668,0.0,0,1,0,0.0
C4669,U300,I190,Best deal available now,2026-07-13 19:12:31.852715,best deal available now,0.5,1,52,1,72.50000000000001
C4670,U445,I399,This was a surprisingly interesting post. Reference 4670,2026-08-11 13:40:31.852729,this was a surprisingly interesting post reference 4670,0.0,0,1,0,0.0
C4671,U865,I295,I learned something useful about education here. Reference 4671,2026-07-09 09:53:31.852743,i learned something useful about education here reference 4671,0.0,0,1,0,0.0
C4672,U508,I425,I really enjoyed this post about technology. Reference 4672,2026-06-05 23:50:31.852757,i really enjoyed this post about technology reference 4672,0.0,0,1,0,0.0
C4673,U50,I32,The information presented here is useful. Reference 4673,2026-06-08 17:47:31.852771,the information presented here is useful reference 4673,0.0,0,1,0,0.0
C4674,U920,I175,The information presented here is useful. Reference 4674,2026-08-07 00:33:31.852785,the information presented here is useful reference 4674,0.0,0,1,0,0.0
C4675,U470,I87,The explanation of education was very clear. Reference 4675,2026-07-17 11:42:31.852802,the explanation of education was very clear reference 4675,0.0,0,1,0,0.0
C4676,U867,I442,I think this could be improved. Reference 4676,2026-06-27 00:56:31.852815,i think this could be improved reference 4676,0.0,0,1,0,0.0
C4677,U166,I470,This was a surprisingly interesting post. Reference 4677,2026-06-07 04:40:31.852829,this was a surprisingly interesting post reference 4677,0.0,0,1,0,0.0
C4678,U906,I403,I have a different opinion about technology. Reference 4678,2026-08-06 12:22:31.852843,i have a different opinion about technology reference 4678,0.0,0,1,0,0.0
C4679,U91,I248,This was a surprisingly interesting post. Reference 4679,2026-07-28 04:27:31.852857,this was a surprisingly interesting post reference 4679,0.0,0,1,0,0.0
C4680,U705,I134,I think this could be improved. Reference 4680,2026-08-03 15:10:31.852871,i think this could be improved reference 4680,0.0,0,1,0,0.0
C4681,U139,I214,This is an interesting perspective on fashion. Reference 4681,2026-06-23 11:25:31.852887,this is an interesting perspective on fashion reference 4681,0.0,0,1,0,0.0
C4682,U946,I476,This is worth discussing further. Reference 4682,2026-06-29 00:11:31.852903,this is worth discussing further reference 4682,0.0,0,1,0,0.0
C4683,U67,I30,This is worth discussing further. Reference 4683,2026-08-03 12:10:31.852918,this is worth discussing further reference 4683,0.0,0,1,0,0.0
C4684,U118,I294,This is worth discussing further. Reference 4684,2026-06-17 06:30:31.852932,this is worth discussing further reference 4684,0.0,0,1,0,0.0
C4685,U182,I432,I think this could be improved. Reference 4685,2026-06-13 00:52:31.852945,i think this could be improved reference 4685,0.0,0,1,0,0.0
C4686,U88,I161,I learned something useful about fashion here. Reference 4686,2026-08-04 11:19:31.852959,i learned something useful about fashion here reference 4686,0.0,0,1,0,0.0
C4687,U765,I450,I really enjoyed this post about music. Reference 4687,2026-07-22 03:11:31.852976,i really enjoyed this post about music reference 4687,0.0,0,1,0,0.0
C4688,U969,I418,I think this could be improved. Reference 4688,2026-06-20 23:51:31.852990,i think this could be improved reference 4688,0.0,0,1,0,0.0
C4689,U139,I102,I really enjoyed this post about technology. Reference 4689,2026-06-30 17:54:31.853004,i really enjoyed this post about technology reference 4689,0.0,0,1,0,0.0
C4690,U72,I414,The information presented here is useful. Reference 4690,2026-06-10 21:26:31.853018,the information presented here is useful reference 4690,0.0,0,1,0,0.0
C4691,U15,I2,Best product ever buy now,2026-06-09 01:21:31.853034,best product ever buy now,0.5,1,75,1,72.50000000000001
C4692,U849,I334,This is an interesting perspective on movies. Reference 4692,2026-06-21 16:46:31.853049,this is an interesting perspective on movies reference 4692,0.0,0,1,0,0.0
C4693,U728,I167,I have a different opinion about sports. Reference 4693,2026-06-14 01:04:31.853063,i have a different opinion about sports reference 4693,0.0,0,1,0,0.0
C4694,U144,I408,Thanks for sharing this information. Reference 4694,2026-07-05 05:19:31.853077,thanks for sharing this information reference 4694,0.0,0,1,0,0.0
C4695,U607,I284,Thanks for sharing this information. Reference 4695,2026-07-05 07:40:31.853090,thanks for sharing this information reference 4695,0.0,0,1,0,0.0
C4696,U352,I67,Thanks for sharing this information. Reference 4696,2026-07-17 10:26:31.853104,thanks for sharing this information reference 4696,0.0,0,1,0,0.0
C4697,U979,I241,This is an interesting perspective on fashion. Reference 4697,2026-06-06 03:22:31.853118,this is an interesting perspective on fashion reference 4697,0.0,0,1,0,0.0
C4698,U90,I491,Thanks for sharing this information. Reference 4698,2026-06-29 16:13:31.853132,thanks for sharing this information reference 4698,0.0,0,1,0,0.0
C4699,U207,I412,Best deal available now,2026-07-23 10:12:31.853146,best deal available now,0.5,1,52,1,72.50000000000001
C4700,U923,I394,This is an interesting perspective on technology. Reference 4700,2026-07-19 08:46:31.853160,this is an interesting perspective on technology reference 4700,0.0,0,1,0,0.0
C4701,U340,I23,I learned something useful about music here. Reference 4701,2026-06-21 17:24:31.853174,i learned something useful about music here reference 4701,0.0,0,1,0,0.0
C4702,U679,I312,The information presented here is useful. Reference 4702,2026-06-10 12:26:31.853187,the information presented here is useful reference 4702,0.0,0,1,0,0.0
C4703,U187,I35,I think this could be improved. Reference 4703,2026-07-23 09:56:31.853201,i think this could be improved reference 4703,0.0,0,1,0,0.0
C4704,U994,I451,This is worth discussing further. Reference 4704,2026-07-19 12:40:31.853215,this is worth discussing further reference 4704,0.0,0,1,0,0.0
C4705,U536,I391,The explanation of music was very clear. Reference 4705,2026-07-29 01:16:31.853229,the explanation of music was very clear reference 4705,0.0,0,1,0,0.0
C4706,U430,I271,I really enjoyed this post about fashion. Reference 4706,2026-07-17 23:35:31.853243,i really enjoyed this post about fashion reference 4706,0.0,0,1,0,0.0
C4707,U558,I222,I really enjoyed this post about fashion. Reference 4707,2026-07-02 01:44:31.853260,i really enjoyed this post about fashion reference 4707,0.0,0,1,0,0.0
C4708,U198,I301,This was a surprisingly interesting post. Reference 4708,2026-06-07 12:02:31.853274,this was a surprisingly interesting post reference 4708,0.0,0,1,0,0.0
C4709,U257,I456,I have a different opinion about sports. Reference 4709,2026-06-23 00:41:31.853290,i have a different opinion about sports reference 4709,0.0,0,1,0,0.0
C4710,U310,I495,I learned something useful about music here. Reference 4710,2026-07-22 02:14:31.853305,i learned something useful about music here reference 4710,0.0,0,1,0,0.0
C4711,U391,I471,I have a different opinion about fashion. Reference 4711,2026-07-30 06:44:31.853319,i have a different opinion about fashion reference 4711,0.0,0,1,0,0.0
C4712,U553,I24,This is worth discussing further. Reference 4712,2026-08-07 00:02:31.853333,this is worth discussing further reference 4712,0.0,0,1,0,0.0
C4713,U456,I417,I think this could be improved. Reference 4713,2026-06-08 16:34:31.853347,i think this could be improved reference 4713,0.0,0,1,0,0.0
C4714,U51,I201,This is worth discussing further. Reference 4714,2026-06-16 09:50:31.853360,this is worth discussing further reference 4714,0.0,0,1,0,0.0
C4715,U343,I180,This is an interesting perspective on music. Reference 4715,2026-07-06 16:34:31.853374,this is an interesting perspective on music reference 4715,0.0,0,1,0,0.0
C4716,U163,I105,Thanks for sharing this information. Reference 4716,2026-06-06 11:03:31.853391,thanks for sharing this information reference 4716,0.0,0,1,0,0.0
C4717,U844,I4,Thanks for sharing this information. Reference 4717,2026-06-23 14:29:31.853405,thanks for sharing this information reference 4717,0.0,0,1,0,0.0
C4718,U959,I170,This is worth discussing further. Reference 4718,2026-08-07 23:07:31.853419,this is worth discussing further reference 4718,0.0,0,1,0,0.0
C4719,U505,I322,I have a different opinion about technology. Reference 4719,2026-06-12 04:54:31.853433,i have a different opinion about technology reference 4719,0.0,0,1,0,0.0
C4720,U614,I52,The explanation of gaming was very clear. Reference 4720,2026-08-04 05:56:31.853446,the explanation of gaming was very clear reference 4720,0.0,0,1,0,0.0
C4721,U102,I236,This was a surprisingly interesting post. Reference 4721,2026-08-03 04:59:31.853460,this was a surprisingly interesting post reference 4721,0.0,0,1,0,0.0
C4722,U615,I351,I really enjoyed this post about education. Reference 4722,2026-07-12 22:17:31.853484,i really enjoyed this post about education reference 4722,0.0,0,1,0,0.0
C4723,U824,I151,I think this could be improved. Reference 4723,2026-08-06 22:03:31.853498,i think this could be improved reference 4723,0.0,0,1,0,0.0
C4724,U703,I359,I learned something useful about education here. Reference 4724,2026-06-15 03:19:31.853514,i learned something useful about education here reference 4724,0.0,0,1,0,0.0
C4725,U24,I207,Thanks for sharing this information. Reference 4725,2026-07-21 13:13:31.853528,thanks for sharing this information reference 4725,0.0,0,1,0,0.0
C4726,U322,I418,I have a different opinion about gaming. Reference 4726,2026-06-10 16:50:31.853542,i have a different opinion about gaming reference 4726,0.0,0,1,0,0.0
C4727,U181,I0,This is an interesting perspective on education. Reference 4727,2026-07-26 05:52:31.853556,this is an interesting perspective on education reference 4727,0.0,0,1,0,0.0
C4728,U448,I461,This is worth discussing further. Reference 4728,2026-08-06 09:57:31.853570,this is worth discussing further reference 4728,0.0,0,1,0,0.0
C4729,U10,I80,The information presented here is useful. Reference 4729,2026-08-04 15:32:31.853587,the information presented here is useful reference 4729,0.0,0,1,0,0.0
C4730,U327,I56,This is worth discussing further. Reference 4730,2026-06-07 08:16:31.853600,this is worth discussing further reference 4730,0.0,0,1,0,0.0
C4731,U952,I93,This is worth discussing further. Reference 4731,2026-07-02 18:27:31.853615,this is worth discussing further reference 4731,0.0,0,1,0,0.0
C4732,U648,I455,Thanks for sharing this information. Reference 4732,2026-08-08 22:05:31.853628,thanks for sharing this information reference 4732,0.0,0,1,0,0.0
C4733,U448,I144,I really enjoyed this post about food. Reference 4733,2026-08-02 17:45:31.853642,i really enjoyed this post about food reference 4733,0.0,0,1,0,0.0
C4734,U783,I226,The explanation of education was very clear. Reference 4734,2026-06-30 15:01:31.853656,the explanation of education was very clear reference 4734,0.0,0,1,0,0.0
C4735,U609,I281,I really enjoyed this post about music. Reference 4735,2026-06-08 08:41:31.853670,i really enjoyed this post about music reference 4735,0.0,0,1,0,0.0
C4736,U760,I302,This is worth discussing further. Reference 4736,2026-07-21 20:13:31.853684,this is worth discussing further reference 4736,0.0,0,1,0,0.0
C4737,U682,I384,This is an interesting perspective on technology. Reference 4737,2026-08-10 22:44:31.853699,this is an interesting perspective on technology reference 4737,0.0,0,1,0,0.0
C4738,U402,I147,Thanks for sharing this information. Reference 4738,2026-07-15 03:44:31.853716,thanks for sharing this information reference 4738,0.0,0,1,0,0.0
C4739,U791,I369,I really enjoyed this post about sports. Reference 4739,2026-06-10 00:35:31.853729,i really enjoyed this post about sports reference 4739,0.0,0,1,0,0.0
C4740,U918,I296,This is an interesting perspective on technology. Reference 4740,2026-07-17 13:55:31.853743,this is an interesting perspective on technology reference 4740,0.0,0,1,0,0.0
C4741,U356,I64,I really enjoyed this post about sports. Reference 4741,2026-07-03 20:06:31.853757,i really enjoyed this post about sports reference 4741,0.0,0,1,0,0.0
C4742,U46,I259,Thanks for sharing this information. Reference 4742,2026-08-05 23:16:31.853770,thanks for sharing this information reference 4742,0.0,0,1,0,0.0
C4743,U73,I277,I have a different opinion about gaming. Reference 4743,2026-07-22 16:22:31.853784,i have a different opinion about gaming reference 4743,0.0,0,1,0,0.0
C4744,U669,I172,Thanks for sharing this information. Reference 4744,2026-06-23 04:26:31.853800,thanks for sharing this information reference 4744,0.0,0,1,0,0.0
C4745,U367,I177,The explanation of music was very clear. Reference 4745,2026-06-10 09:20:31.853814,the explanation of music was very clear reference 4745,0.0,0,1,0,0.0
C4746,U580,I174,I learned something useful about technology here. Reference 4746,2026-07-09 22:36:31.853828,i learned something useful about technology here reference 4746,0.0,0,1,0,0.0
C4747,U397,I36,I really enjoyed this post about technology. Reference 4747,2026-07-05 17:39:31.853841,i really enjoyed this post about technology reference 4747,0.0,0,1,0,0.0
C4748,U986,I249,Thanks for sharing this information. Reference 4748,2026-06-14 04:52:31.853855,thanks for sharing this information reference 4748,0.0,0,1,0,0.0
C4749,U19,I203,Thanks for sharing this information. Reference 4749,2026-06-22 23:57:31.853869,thanks for sharing this information reference 4749,0.0,0,1,0,0.0
C4750,U60,I37,This was a surprisingly interesting post. Reference 4750,2026-06-07 13:23:31.853882,this was a surprisingly interesting post reference 4750,0.0,0,1,0,0.0
C4751,U449,I244,I have a different opinion about technology. Reference 4751,2026-06-09 12:44:31.853896,i have a different opinion about technology reference 4751,0.0,0,1,0,0.0
C4752,U916,I123,Click here for amazing deals,2026-06-09 15:04:31.853910,click here for amazing deals,0.5,1,53,1,72.50000000000001
C4753,U696,I64,The explanation of sports was very clear. Reference 4753,2026-06-20 22:11:31.853924,the explanation of sports was very clear reference 4753,0.0,0,1,0,0.0
C4754,U868,I147,I have a different opinion about music. Reference 4754,2026-07-22 08:24:31.853938,i have a different opinion about music reference 4754,0.0,0,1,0,0.0
C4755,U21,I1,The information presented here is useful. Reference 4755,2026-07-01 02:25:31.853951,the information presented here is useful reference 4755,0.0,0,1,0,0.0
C4756,U386,I388,I learned something useful about music here. Reference 4756,2026-07-12 23:15:31.853966,i learned something useful about music here reference 4756,0.0,0,1,0,0.0
C4757,U8,I111,I learned something useful about music here. Reference 4757,2026-08-10 19:50:31.853980,i learned something useful about music here reference 4757,0.0,0,1,0,0.0
C4758,U74,I252,The explanation of fashion was very clear. Reference 4758,2026-07-14 07:59:31.853993,the explanation of fashion was very clear reference 4758,0.0,0,1,0,0.0
C4759,U261,I66,The information presented here is useful. Reference 4759,2026-07-16 19:29:31.854007,the information presented here is useful reference 4759,0.0,0,1,0,0.0
C4760,U108,I235,This was a surprisingly interesting post. Reference 4760,2026-07-26 02:31:31.854021,this was a surprisingly interesting post reference 4760,0.0,0,1,0,0.0
C4761,U596,I31,I learned something useful about education here. Reference 4761,2026-07-22 21:55:31.854035,i learned something useful about education here reference 4761,0.0,0,1,0,0.0
C4762,U808,I113,I have a different opinion about music. Reference 4762,2026-08-03 03:54:31.854049,i have a different opinion about music reference 4762,0.0,0,1,0,0.0
C4763,U71,I7,Amazing product buy now,2026-06-14 06:59:31.854063,amazing product buy now,1.0,1,69,1,100.0
C4764,U916,I456,The information presented here is useful. Reference 4764,2026-07-10 09:55:31.854076,the information presented here is useful reference 4764,0.0,0,1,0,0.0
C4765,U250,I2,Best deal available now,2026-06-26 08:55:31.854090,best deal available now,0.5,1,52,1,72.50000000000001
C4766,U259,I124,I really enjoyed this post about education. Reference 4766,2026-08-01 05:09:31.854106,i really enjoyed this post about education reference 4766,0.0,0,1,0,0.0
C4767,U90,I196,The information presented here is useful. Reference 4767,2026-07-22 19:30:31.854121,the information presented here is useful reference 4767,0.0,0,1,0,0.0
C4768,U813,I69,Thanks for sharing this information. Reference 4768,2026-07-17 04:50:31.854135,thanks for sharing this information reference 4768,0.0,0,1,0,0.0
C4769,U917,I347,This is worth discussing further. Reference 4769,2026-07-12 10:10:31.854149,this is worth discussing further reference 4769,0.0,0,1,0,0.0
C4770,U772,I448,Thanks for sharing this information. Reference 4770,2026-07-13 09:46:31.854164,thanks for sharing this information reference 4770,0.0,0,1,0,0.0
C4771,U877,I289,I learned something useful about gaming here. Reference 4771,2026-07-27 06:26:31.854178,i learned something useful about gaming here reference 4771,0.0,0,1,0,0.0
C4772,U607,I377,Amazing product buy now,2026-07-14 11:05:31.854194,amazing product buy now,1.0,1,69,1,100.0
C4773,U171,I202,I really enjoyed this post about sports. Reference 4773,2026-07-20 23:06:31.854208,i really enjoyed this post about sports reference 4773,0.0,0,1,0,0.0
C4774,U429,I343,Amazing product buy now,2026-06-09 15:26:31.854222,amazing product buy now,1.0,1,69,1,100.0
C4775,U144,I234,This is worth discussing further. Reference 4775,2026-06-25 10:34:31.854236,this is worth discussing further reference 4775,0.0,0,1,0,0.0
C4776,U191,I39,I have a different opinion about food. Reference 4776,2026-06-30 15:44:31.854250,i have a different opinion about food reference 4776,0.0,0,1,0,0.0
C4777,U911,I12,Thanks for sharing this information. Reference 4777,2026-08-11 17:35:31.854263,thanks for sharing this information reference 4777,0.0,0,1,0,0.0
C4778,U929,I227,This is an interesting perspective on gaming. Reference 4778,2026-07-11 11:57:31.854279,this is an interesting perspective on gaming reference 4778,0.0,0,1,0,0.0
C4779,U862,I82,The explanation of technology was very clear. Reference 4779,2026-07-26 08:43:31.854293,the explanation of technology was very clear reference 4779,0.0,0,1,0,0.0
C4780,U193,I220,I learned something useful about gaming here. Reference 4780,2026-06-13 22:30:31.854307,i learned something useful about gaming here reference 4780,0.0,0,1,0,0.0
C4781,U814,I311,I learned something useful about gaming here. Reference 4781,2026-07-10 17:46:31.854321,i learned something useful about gaming here reference 4781,0.0,0,1,0,0.0
C4782,U928,I466,This was a surprisingly interesting post. Reference 4782,2026-06-25 07:06:31.854335,this was a surprisingly interesting post reference 4782,0.0,0,1,0,0.0
C4783,U586,I465,I think this could be improved. Reference 4783,2026-06-10 08:31:31.854348,i think this could be improved reference 4783,0.0,0,1,0,0.0
C4784,U374,I289,This is an interesting perspective on fashion. Reference 4784,2026-08-02 03:30:31.854362,this is an interesting perspective on fashion reference 4784,0.0,0,1,0,0.0
C4785,U791,I57,This was a surprisingly interesting post. Reference 4785,2026-07-23 14:05:31.854376,this was a surprisingly interesting post reference 4785,0.0,0,1,0,0.0
C4786,U548,I190,This is worth discussing further. Reference 4786,2026-06-06 08:33:31.854389,this is worth discussing further reference 4786,0.0,0,1,0,0.0
C4787,U602,I450,This is worth discussing further. Reference 4787,2026-06-10 00:04:31.854402,this is worth discussing further reference 4787,0.0,0,1,0,0.0
C4788,U996,I240,I learned something useful about gaming here. Reference 4788,2026-07-08 02:06:31.854418,i learned something useful about gaming here reference 4788,0.0,0,1,0,0.0
C4789,U569,I264,I really enjoyed this post about technology. Reference 4789,2026-06-04 12:40:31.854432,i really enjoyed this post about technology reference 4789,0.0,0,1,0,0.0
C4790,U791,I173,The explanation of food was very clear. Reference 4790,2026-06-24 03:18:31.854446,the explanation of food was very clear reference 4790,0.0,0,1,0,0.0
C4791,U783,I413,Thanks for sharing this information. Reference 4791,2026-08-05 17:15:31.854460,thanks for sharing this information reference 4791,0.0,0,1,0,0.0
C4792,U560,I192,Thanks for sharing this information. Reference 4792,2026-06-26 13:06:31.854473,thanks for sharing this information reference 4792,0.0,0,1,0,0.0
C4793,U930,I297,I think this could be improved. Reference 4793,2026-06-26 11:54:31.854487,i think this could be improved reference 4793,0.0,0,1,0,0.0
C4794,U282,I169,I have a different opinion about technology. Reference 4794,2026-06-12 23:57:31.854502,i have a different opinion about technology reference 4794,0.0,0,1,0,0.0
C4795,U98,I263,I learned something useful about education here. Reference 4795,2026-06-07 01:54:31.854517,i learned something useful about education here reference 4795,0.0,0,1,0,0.0
C4796,U772,I244,I learned something useful about technology here. Reference 4796,2026-08-06 22:04:31.854530,i learned something useful about technology here reference 4796,0.0,0,1,0,0.0
C4797,U181,I282,The explanation of movies was very clear. Reference 4797,2026-06-23 23:38:31.854544,the explanation of movies was very clear reference 4797,0.0,0,1,0,0.0
C4798,U130,I320,The explanation of education was very clear. Reference 4798,2026-06-12 12:45:31.854558,the explanation of education was very clear reference 4798,0.0,0,1,0,0.0
C4799,U968,I79,I really enjoyed this post about movies. Reference 4799,2026-08-03 18:15:31.854571,i really enjoyed this post about movies reference 4799,0.0,0,1,0,0.0
C4800,U284,I142,I think this could be improved. Reference 4800,2026-06-13 05:28:31.854587,i think this could be improved reference 4800,0.0,0,1,0,0.0
C4801,U216,I374,I learned something useful about gaming here. Reference 4801,2026-08-05 19:43:31.854601,i learned something useful about gaming here reference 4801,0.0,0,1,0,0.0
C4802,U431,I498,This is worth discussing further. Reference 4802,2026-06-09 00:24:31.854617,this is worth discussing further reference 4802,0.0,0,1,0,0.0
C4803,U10,I344,I learned something useful about technology here. Reference 4803,2026-07-31 05:16:31.854631,i learned something useful about technology here reference 4803,0.0,0,1,0,0.0
C4804,U36,I324,The explanation of technology was very clear. Reference 4804,2026-07-17 14:52:31.854645,the explanation of technology was very clear reference 4804,0.0,0,1,0,0.0
C4805,U959,I365,I learned something useful about sports here. Reference 4805,2026-07-30 21:22:31.854658,i learned something useful about sports here reference 4805,0.0,0,1,0,0.0
C4806,U133,I367,I think this could be improved. Reference 4806,2026-07-10 03:21:31.854672,i think this could be improved reference 4806,0.0,0,1,0,0.0
C4807,U870,I476,I learned something useful about gaming here. Reference 4807,2026-07-20 15:36:31.854686,i learned something useful about gaming here reference 4807,0.0,0,1,0,0.0
C4808,U381,I367,The explanation of technology was very clear. Reference 4808,2026-06-03 17:15:31.854699,the explanation of technology was very clear reference 4808,0.0,0,1,0,0.0
C4809,U133,I257,This is an interesting perspective on fashion. Reference 4809,2026-07-12 07:08:31.854713,this is an interesting perspective on fashion reference 4809,0.0,0,1,0,0.0
C4810,U907,I24,The information presented here is useful. Reference 4810,2026-07-06 19:11:31.854727,the information presented here is useful reference 4810,0.0,0,1,0,0.0
C4811,U201,I1,I really enjoyed this post about music. Reference 4811,2026-06-07 17:30:31.854741,i really enjoyed this post about music reference 4811,0.0,0,1,0,0.0
C4812,U812,I304,The explanation of food was very clear. Reference 4812,2026-07-01 05:49:31.854755,the explanation of food was very clear reference 4812,0.0,0,1,0,0.0
C4813,U470,I182,The information presented here is useful. Reference 4813,2026-06-17 05:00:31.854768,the information presented here is useful reference 4813,0.0,0,1,0,0.0
C4814,U550,I114,Best deal available now,2026-06-10 14:13:31.854782,best deal available now,0.5,1,52,1,72.50000000000001
C4815,U23,I333,I learned something useful about gaming here. Reference 4815,2026-07-04 23:50:31.854796,i learned something useful about gaming here reference 4815,0.0,0,1,0,0.0
C4816,U699,I452,This is an interesting perspective on food. Reference 4816,2026-07-15 15:49:31.854810,this is an interesting perspective on food reference 4816,0.0,0,1,0,0.0
C4817,U387,I442,Thanks for sharing this information. Reference 4817,2026-07-28 08:22:31.854823,thanks for sharing this information reference 4817,0.0,0,1,0,0.0
C4818,U596,I383,This was a surprisingly interesting post. Reference 4818,2026-07-31 23:17:31.854837,this was a surprisingly interesting post reference 4818,0.0,0,1,0,0.0
C4819,U966,I402,I really enjoyed this post about movies. Reference 4819,2026-07-20 06:20:31.854851,i really enjoyed this post about movies reference 4819,0.0,0,1,0,0.0
C4820,U862,I494,This was a surprisingly interesting post. Reference 4820,2026-08-05 17:52:31.854864,this was a surprisingly interesting post reference 4820,0.0,0,1,0,0.0
C4821,U634,I198,The information presented here is useful. Reference 4821,2026-07-29 02:28:31.854878,the information presented here is useful reference 4821,0.0,0,1,0,0.0
C4822,U581,I41,The explanation of gaming was very clear. Reference 4822,2026-07-04 14:55:31.854893,the explanation of gaming was very clear reference 4822,0.0,0,1,0,0.0
C4823,U498,I7,This was a surprisingly interesting post. Reference 4823,2026-07-09 10:29:31.854907,this was a surprisingly interesting post reference 4823,0.0,0,1,0,0.0
C4824,U415,I285,This is worth discussing further. Reference 4824,2026-07-07 00:54:31.854921,this is worth discussing further reference 4824,0.0,0,1,0,0.0
C4825,U471,I488,I really enjoyed this post about fashion. Reference 4825,2026-07-21 13:05:31.854935,i really enjoyed this post about fashion reference 4825,0.0,0,1,0,0.0
C4826,U717,I201,I learned something useful about gaming here. Reference 4826,2026-06-20 22:04:31.854948,i learned something useful about gaming here reference 4826,0.0,0,1,0,0.0
C4827,U524,I411,The information presented here is useful. Reference 4827,2026-07-09 21:54:31.854964,the information presented here is useful reference 4827,0.0,0,1,0,0.0
C4828,U61,I155,Thanks for sharing this information. Reference 4828,2026-07-19 15:30:31.854978,thanks for sharing this information reference 4828,0.0,0,1,0,0.0
C4829,U307,I335,I really enjoyed this post about food. Reference 4829,2026-07-03 13:23:31.855004,i really enjoyed this post about food reference 4829,0.0,0,1,0,0.0
C4830,U400,I100,I have a different opinion about sports. Reference 4830,2026-06-07 13:03:31.855019,i have a different opinion about sports reference 4830,0.0,0,1,0,0.0
C4831,U230,I290,The information presented here is useful. Reference 4831,2026-08-11 01:20:31.855036,the information presented here is useful reference 4831,0.0,0,1,0,0.0
C4832,U309,I331,Thanks for sharing this information. Reference 4832,2026-07-27 14:33:31.855050,thanks for sharing this information reference 4832,0.0,0,1,0,0.0
C4833,U464,I97,I learned something useful about education here. Reference 4833,2026-07-07 18:11:31.855064,i learned something useful about education here reference 4833,0.0,0,1,0,0.0
C4834,U137,I222,This is an interesting perspective on gaming. Reference 4834,2026-07-15 22:24:31.855080,this is an interesting perspective on gaming reference 4834,0.0,0,1,0,0.0
C4835,U991,I75,I have a different opinion about sports. Reference 4835,2026-07-05 10:16:31.855094,i have a different opinion about sports reference 4835,0.0,0,1,0,0.0
C4836,U681,I70,This is worth discussing further. Reference 4836,2026-07-18 13:41:31.855108,this is worth discussing further reference 4836,0.0,0,1,0,0.0
C4837,U689,I77,This is an interesting perspective on technology. Reference 4837,2026-06-24 05:52:31.855123,this is an interesting perspective on technology reference 4837,0.0,0,1,0,0.0
C4838,U752,I252,Thanks for sharing this information. Reference 4838,2026-06-05 11:38:31.855137,thanks for sharing this information reference 4838,0.0,0,1,0,0.0
C4839,U637,I476,The information presented here is useful. Reference 4839,2026-06-14 15:02:31.855150,the information presented here is useful reference 4839,0.0,0,1,0,0.0
C4840,U245,I370,I have a different opinion about gaming. Reference 4840,2026-06-12 22:31:31.855164,i have a different opinion about gaming reference 4840,0.0,0,1,0,0.0
C4841,U615,I292,The information presented here is useful. Reference 4841,2026-07-22 18:04:31.855177,the information presented here is useful reference 4841,0.0,0,1,0,0.0
C4842,U205,I286,This is worth discussing further. Reference 4842,2026-07-30 15:18:31.855191,this is worth discussing further reference 4842,0.0,0,1,0,0.0
C4843,U737,I494,I have a different opinion about food. Reference 4843,2026-07-25 20:13:31.855205,i have a different opinion about food reference 4843,0.0,0,1,0,0.0
C4844,U910,I187,Click here for amazing deals,2026-06-24 10:37:31.855219,click here for amazing deals,0.5,1,53,1,72.50000000000001
C4845,U241,I115,The explanation of movies was very clear. Reference 4845,2026-07-24 10:02:31.855233,the explanation of movies was very clear reference 4845,0.0,0,1,0,0.0
C4846,U972,I417,I really enjoyed this post about sports. Reference 4846,2026-08-04 18:34:31.855246,i really enjoyed this post about sports reference 4846,0.0,0,1,0,0.0
C4847,U80,I361,This is worth discussing further. Reference 4847,2026-07-05 21:47:31.855260,this is worth discussing further reference 4847,0.0,0,1,0,0.0
C4848,U28,I191,I have a different opinion about music. Reference 4848,2026-06-30 08:00:31.855274,i have a different opinion about music reference 4848,0.0,0,1,0,0.0
C4849,U797,I372,The information presented here is useful. Reference 4849,2026-06-27 09:04:31.855288,the information presented here is useful reference 4849,0.0,0,1,0,0.0
C4850,U338,I407,I think this could be improved. Reference 4850,2026-06-19 10:02:31.855301,i think this could be improved reference 4850,0.0,0,1,0,0.0
C4851,U729,I458,I have a different opinion about music. Reference 4851,2026-07-24 16:27:31.855319,i have a different opinion about music reference 4851,0.0,0,1,0,0.0
C4852,U369,I495,The explanation of fashion was very clear. Reference 4852,2026-07-09 02:08:31.855336,the explanation of fashion was very clear reference 4852,0.0,0,1,0,0.0
C4853,U577,I241,I have a different opinion about fashion. Reference 4853,2026-07-07 15:18:31.855350,i have a different opinion about fashion reference 4853,0.0,0,1,0,0.0
C4854,U953,I372,Thanks for sharing this information. Reference 4854,2026-08-06 01:05:31.855364,thanks for sharing this information reference 4854,0.0,0,1,0,0.0
C4855,U441,I106,I have a different opinion about education. Reference 4855,2026-08-04 15:14:31.855378,i have a different opinion about education reference 4855,0.0,0,1,0,0.0
C4856,U181,I175,I have a different opinion about music. Reference 4856,2026-08-09 19:38:31.855392,i have a different opinion about music reference 4856,0.0,0,1,0,0.0
C4857,U548,I357,I really enjoyed this post about music. Reference 4857,2026-06-16 13:13:31.855408,i really enjoyed this post about music reference 4857,0.0,0,1,0,0.0
C4858,U939,I481,I have a different opinion about gaming. Reference 4858,2026-07-11 17:32:31.855422,i have a different opinion about gaming reference 4858,0.0,0,1,0,0.0
C4859,U189,I389,The information presented here is useful. Reference 4859,2026-07-13 10:10:31.855435,the information presented here is useful reference 4859,0.0,0,1,0,0.0
C4860,U805,I481,This is worth discussing further. Reference 4860,2026-07-06 16:33:31.855449,this is worth discussing further reference 4860,0.0,0,1,0,0.0
C4861,U309,I432,I think this could be improved. Reference 4861,2026-08-01 13:28:31.855462,i think this could be improved reference 4861,0.0,0,1,0,0.0
C4862,U873,I472,The explanation of technology was very clear. Reference 4862,2026-07-01 13:57:31.855481,the explanation of technology was very clear reference 4862,0.0,0,1,0,0.0
C4863,U890,I141,I learned something useful about sports here. Reference 4863,2026-07-09 08:12:31.855496,i learned something useful about sports here reference 4863,0.0,0,1,0,0.0
C4864,U795,I367,Thanks for sharing this information. Reference 4864,2026-07-18 15:33:31.855509,thanks for sharing this information reference 4864,0.0,0,1,0,0.0
C4865,U185,I197,This is an interesting perspective on movies. Reference 4865,2026-08-07 00:59:31.855525,this is an interesting perspective on movies reference 4865,0.0,0,1,0,0.0
C4866,U683,I488,I have a different opinion about sports. Reference 4866,2026-07-20 06:37:31.855539,i have a different opinion about sports reference 4866,0.0,0,1,0,0.0
C4867,U811,I459,I learned something useful about fashion here. Reference 4867,2026-08-01 05:49:31.855553,i learned something useful about fashion here reference 4867,0.0,0,1,0,0.0
C4868,U308,I397,This is worth discussing further. Reference 4868,2026-07-23 09:36:31.855567,this is worth discussing further reference 4868,0.0,0,1,0,0.0
C4869,U735,I414,I really enjoyed this post about food. Reference 4869,2026-06-21 06:17:31.855581,i really enjoyed this post about food reference 4869,0.0,0,1,0,0.0
C4870,U422,I112,I think this could be improved. Reference 4870,2026-08-02 08:14:31.855595,i think this could be improved reference 4870,0.0,0,1,0,0.0
C4871,U984,I464,I really enjoyed this post about technology. Reference 4871,2026-06-24 05:05:31.855608,i really enjoyed this post about technology reference 4871,0.0,0,1,0,0.0
C4872,U661,I351,This is an interesting perspective on food. Reference 4872,2026-06-24 12:22:31.855622,this is an interesting perspective on food reference 4872,0.0,0,1,0,0.0
C4873,U841,I182,I learned something useful about education here. Reference 4873,2026-07-31 21:17:31.855636,i learned something useful about education here reference 4873,0.0,0,1,0,0.0
C4874,U81,I188,This was a surprisingly interesting post. Reference 4874,2026-08-03 10:10:31.855650,this was a surprisingly interesting post reference 4874,0.0,0,1,0,0.0
C4875,U938,I477,This was a surprisingly interesting post. Reference 4875,2026-07-13 20:34:31.855663,this was a surprisingly interesting post reference 4875,0.0,0,1,0,0.0
C4876,U160,I107,This is worth discussing further. Reference 4876,2026-06-05 13:20:31.855677,this is worth discussing further reference 4876,0.0,0,1,0,0.0
C4877,U917,I90,The information presented here is useful. Reference 4877,2026-07-19 04:31:31.855690,the information presented here is useful reference 4877,0.0,0,1,0,0.0
C4878,U273,I432,I think this could be improved. Reference 4878,2026-08-01 14:22:31.855704,i think this could be improved reference 4878,0.0,0,1,0,0.0
C4879,U509,I99,I learned something useful about technology here. Reference 4879,2026-06-09 21:22:31.855721,i learned something useful about technology here reference 4879,0.0,0,1,0,0.0
C4880,U541,I210,You must buy this product,2026-07-22 13:47:31.855734,you must buy this product,0.0,0,51,1,45.0
C4881,U926,I227,I think this could be improved. Reference 4881,2026-07-30 19:30:31.855748,i think this could be improved reference 4881,0.0,0,1,0,0.0
C4882,U591,I220,The information presented here is useful. Reference 4882,2026-07-05 19:27:31.855761,the information presented here is useful reference 4882,0.0,0,1,0,0.0
C4883,U192,I99,I think this could be improved. Reference 4883,2026-08-01 16:27:31.855775,i think this could be improved reference 4883,0.0,0,1,0,0.0
C4884,U285,I466,I really enjoyed this post about technology. Reference 4884,2026-06-15 13:15:31.855788,i really enjoyed this post about technology reference 4884,0.0,0,1,0,0.0
C4885,U717,I182,I learned something useful about food here. Reference 4885,2026-06-23 22:52:31.855805,i learned something useful about food here reference 4885,0.0,0,1,0,0.0
C4886,U64,I12,This is worth discussing further. Reference 4886,2026-06-13 18:03:31.855818,this is worth discussing further reference 4886,0.0,0,1,0,0.0
C4887,U531,I337,I really enjoyed this post about technology. Reference 4887,2026-08-09 12:40:31.855832,i really enjoyed this post about technology reference 4887,0.0,0,1,0,0.0
C4888,U942,I77,I think this could be improved. Reference 4888,2026-06-06 10:23:31.855845,i think this could be improved reference 4888,0.0,0,1,0,0.0
C4889,U131,I33,I have a different opinion about education. Reference 4889,2026-07-13 17:23:31.855859,i have a different opinion about education reference 4889,0.0,0,1,0,0.0
C4890,U474,I339,The explanation of gaming was very clear. Reference 4890,2026-07-04 02:38:31.855873,the explanation of gaming was very clear reference 4890,0.0,0,1,0,0.0
C4891,U27,I309,I have a different opinion about sports. Reference 4891,2026-06-20 14:47:31.855887,i have a different opinion about sports reference 4891,0.0,0,1,0,0.0
C4892,U708,I405,This is an interesting perspective on sports. Reference 4892,2026-07-06 14:32:31.855901,this is an interesting perspective on sports reference 4892,0.0,0,1,0,0.0
C4893,U541,I412,This is an interesting perspective on food. Reference 4893,2026-07-27 20:40:31.855915,this is an interesting perspective on food reference 4893,0.0,0,1,0,0.0
C4894,U930,I17,The explanation of gaming was very clear. Reference 4894,2026-07-24 19:11:31.855929,the explanation of gaming was very clear reference 4894,0.0,0,1,0,0.0
C4895,U387,I318,This is worth discussing further. Reference 4895,2026-06-08 06:44:31.855942,this is worth discussing further reference 4895,0.0,0,1,0,0.0
C4896,U157,I265,The information presented here is useful. Reference 4896,2026-06-07 05:16:31.855956,the information presented here is useful reference 4896,0.0,0,1,0,0.0
C4897,U27,I307,I learned something useful about food here. Reference 4897,2026-07-20 10:18:31.855972,i learned something useful about food here reference 4897,0.0,0,1,0,0.0
C4898,U352,I65,This is worth discussing further. Reference 4898,2026-06-12 19:46:31.855986,this is worth discussing further reference 4898,0.0,0,1,0,0.0
C4899,U699,I109,The explanation of education was very clear. Reference 4899,2026-07-27 10:50:31.856000,the explanation of education was very clear reference 4899,0.0,0,1,0,0.0
C4900,U154,I327,Best product ever buy now,2026-06-09 04:18:31.856016,best product ever buy now,0.5,1,75,1,72.50000000000001
C4901,U630,I97,This was a surprisingly interesting post. Reference 4901,2026-08-11 16:52:31.856029,this was a surprisingly interesting post reference 4901,0.0,0,1,0,0.0
C4902,U294,I186,I think this could be improved. Reference 4902,2026-07-10 14:34:31.856043,i think this could be improved reference 4902,0.0,0,1,0,0.0
C4903,U230,I66,The explanation of fashion was very clear. Reference 4903,2026-07-03 23:34:31.856057,the explanation of fashion was very clear reference 4903,0.0,0,1,0,0.0
C4904,U89,I259,This is worth discussing further. Reference 4904,2026-06-30 02:15:31.856071,this is worth discussing further reference 4904,0.0,0,1,0,0.0
C4905,U406,I46,I really enjoyed this post about food. Reference 4905,2026-08-07 16:27:31.856084,i really enjoyed this post about food reference 4905,0.0,0,1,0,0.0
C4906,U523,I95,The information presented here is useful. Reference 4906,2026-07-31 20:06:31.856098,the information presented here is useful reference 4906,0.0,0,1,0,0.0
C4907,U782,I258,I learned something useful about sports here. Reference 4907,2026-07-08 03:23:31.856112,i learned something useful about sports here reference 4907,0.0,0,1,0,0.0
C4908,U39,I50,I really enjoyed this post about food. Reference 4908,2026-07-31 11:36:31.856128,i really enjoyed this post about food reference 4908,0.0,0,1,0,0.0
C4909,U159,I202,This is an interesting perspective on music. Reference 4909,2026-06-14 03:22:31.856142,this is an interesting perspective on music reference 4909,0.0,0,1,0,0.0
C4910,U865,I487,This was a surprisingly interesting post. Reference 4910,2026-06-22 00:24:31.856156,this was a surprisingly interesting post reference 4910,0.0,0,1,0,0.0
C4911,U694,I286,I learned something useful about gaming here. Reference 4911,2026-06-27 23:01:31.856169,i learned something useful about gaming here reference 4911,0.0,0,1,0,0.0
C4912,U682,I406,The information presented here is useful. Reference 4912,2026-06-24 05:09:31.856183,the information presented here is useful reference 4912,0.0,0,1,0,0.0
C4913,U880,I132,The information presented here is useful. Reference 4913,2026-07-24 14:24:31.856199,the information presented here is useful reference 4913,0.0,0,1,0,0.0
C4914,U332,I226,I have a different opinion about education. Reference 4914,2026-07-29 14:54:31.856212,i have a different opinion about education reference 4914,0.0,0,1,0,0.0
C4915,U214,I496,The explanation of education was very clear. Reference 4915,2026-07-29 22:34:31.856229,the explanation of education was very clear reference 4915,0.0,0,1,0,0.0
C4916,U975,I82,This was a surprisingly interesting post. Reference 4916,2026-06-15 01:22:31.856242,this was a surprisingly interesting post reference 4916,0.0,0,1,0,0.0
C4917,U108,I386,Thanks for sharing this information. Reference 4917,2026-07-19 17:38:31.856255,thanks for sharing this information reference 4917,0.0,0,1,0,0.0
C4918,U157,I177,This was a surprisingly interesting post. Reference 4918,2026-06-07 12:53:31.856271,this was a surprisingly interesting post reference 4918,0.0,0,1,0,0.0
C4919,U835,I340,I learned something useful about education here. Reference 4919,2026-06-05 23:59:31.856285,i learned something useful about education here reference 4919,0.0,0,1,0,0.0
C4920,U981,I181,The information presented here is useful. Reference 4920,2026-07-08 12:21:31.856298,the information presented here is useful reference 4920,0.0,0,1,0,0.0
C4921,U187,I420,Best product ever buy now,2026-07-23 14:54:31.856312,best product ever buy now,0.5,1,75,1,72.50000000000001
C4922,U380,I335,I really enjoyed this post about fashion. Reference 4922,2026-07-20 18:47:31.856326,i really enjoyed this post about fashion reference 4922,0.0,0,1,0,0.0
C4923,U853,I459,I think this could be improved. Reference 4923,2026-08-05 18:20:31.856339,i think this could be improved reference 4923,0.0,0,1,0,0.0
C4924,U875,I331,This is an interesting perspective on technology. Reference 4924,2026-07-18 02:45:31.856353,this is an interesting perspective on technology reference 4924,0.0,0,1,0,0.0
C4925,U406,I350,I think this could be improved. Reference 4925,2026-08-02 07:36:31.856367,i think this could be improved reference 4925,0.0,0,1,0,0.0
C4926,U847,I120,I really enjoyed this post about food. Reference 4926,2026-06-11 22:31:31.856381,i really enjoyed this post about food reference 4926,0.0,0,1,0,0.0
C4927,U322,I117,This was a surprisingly interesting post. Reference 4927,2026-07-31 17:24:31.856394,this was a surprisingly interesting post reference 4927,0.0,0,1,0,0.0
C4928,U668,I287,This is worth discussing further. Reference 4928,2026-08-10 14:22:31.856408,this is worth discussing further reference 4928,0.0,0,1,0,0.0
C4929,U909,I337,This is an interesting perspective on sports. Reference 4929,2026-07-07 18:08:31.856424,this is an interesting perspective on sports reference 4929,0.0,0,1,0,0.0
C4930,U178,I205,I really enjoyed this post about movies. Reference 4930,2026-06-12 09:31:31.856438,i really enjoyed this post about movies reference 4930,0.0,0,1,0,0.0
C4931,U408,I117,Thanks for sharing this information. Reference 4931,2026-06-13 01:04:31.856452,thanks for sharing this information reference 4931,0.0,0,1,0,0.0
C4932,U374,I197,This is an interesting perspective on music. Reference 4932,2026-06-06 08:11:31.856465,this is an interesting perspective on music reference 4932,0.0,0,1,0,0.0
C4933,U283,I404,I think this could be improved. Reference 4933,2026-07-09 22:12:31.856478,i think this could be improved reference 4933,0.0,0,1,0,0.0
C4934,U326,I128,Thanks for sharing this information. Reference 4934,2026-07-26 23:15:31.856491,thanks for sharing this information reference 4934,0.0,0,1,0,0.0
C4935,U959,I320,This is an interesting perspective on music. Reference 4935,2026-08-03 23:04:31.856505,this is an interesting perspective on music reference 4935,0.0,0,1,0,0.0
C4936,U438,I368,I have a different opinion about gaming. Reference 4936,2026-08-04 18:41:31.856521,i have a different opinion about gaming reference 4936,0.0,0,1,0,0.0
C4937,U579,I392,This is worth discussing further. Reference 4937,2026-07-03 20:25:31.856535,this is worth discussing further reference 4937,0.0,0,1,0,0.0
C4938,U278,I8,Thanks for sharing this information. Reference 4938,2026-06-20 09:11:31.856548,thanks for sharing this information reference 4938,0.0,0,1,0,0.0
C4939,U738,I192,Thanks for sharing this information. Reference 4939,2026-06-19 01:04:31.856562,thanks for sharing this information reference 4939,0.0,0,1,0,0.0
C4940,U328,I230,This was a surprisingly interesting post. Reference 4940,2026-07-10 06:27:31.856575,this was a surprisingly interesting post reference 4940,0.0,0,1,0,0.0
C4941,U824,I94,I really enjoyed this post about food. Reference 4941,2026-08-11 18:49:31.856589,i really enjoyed this post about food reference 4941,0.0,0,1,0,0.0
C4942,U830,I70,I really enjoyed this post about movies. Reference 4942,2026-07-27 11:23:31.856605,i really enjoyed this post about movies reference 4942,0.0,0,1,0,0.0
C4943,U445,I499,I learned something useful about technology here. Reference 4943,2026-08-05 08:37:31.856619,i learned something useful about technology here reference 4943,0.0,0,1,0,0.0
C4944,U637,I443,I think this could be improved. Reference 4944,2026-07-30 10:59:31.856634,i think this could be improved reference 4944,0.0,0,1,0,0.0
C4945,U746,I338,This is an interesting perspective on education. Reference 4945,2026-07-14 20:16:31.856648,this is an interesting perspective on education reference 4945,0.0,0,1,0,0.0
C4946,U75,I481,The explanation of sports was very clear. Reference 4946,2026-06-04 09:26:31.856662,the explanation of sports was very clear reference 4946,0.0,0,1,0,0.0
C4947,U733,I220,Thanks for sharing this information. Reference 4947,2026-06-30 17:04:31.856676,thanks for sharing this information reference 4947,0.0,0,1,0,0.0
C4948,U544,I290,I think this could be improved. Reference 4948,2026-08-08 12:36:31.856690,i think this could be improved reference 4948,0.0,0,1,0,0.0
C4949,U579,I488,This was a surprisingly interesting post. Reference 4949,2026-07-23 04:57:31.856703,this was a surprisingly interesting post reference 4949,0.0,0,1,0,0.0
C4950,U75,I84,The information presented here is useful. Reference 4950,2026-06-28 18:56:31.856717,the information presented here is useful reference 4950,0.0,0,1,0,0.0
C4951,U236,I40,Thanks for sharing this information. Reference 4951,2026-07-30 19:56:31.856731,thanks for sharing this information reference 4951,0.0,0,1,0,0.0
C4952,U448,I333,Best product ever buy now,2026-06-30 22:15:31.856745,best product ever buy now,0.5,1,75,1,72.50000000000001
C4953,U982,I173,Thanks for sharing this information. Reference 4953,2026-06-13 18:46:31.856759,thanks for sharing this information reference 4953,0.0,0,1,0,0.0
C4954,U557,I215,This is worth discussing further. Reference 4954,2026-06-14 19:33:31.856772,this is worth discussing further reference 4954,0.0,0,1,0,0.0
C4955,U958,I106,Thanks for sharing this information. Reference 4955,2026-07-24 08:29:31.856787,thanks for sharing this information reference 4955,0.0,0,1,0,0.0
C4956,U118,I308,This is an interesting perspective on fashion. Reference 4956,2026-07-12 21:40:31.856801,this is an interesting perspective on fashion reference 4956,0.0,0,1,0,0.0
C4957,U316,I96,I really enjoyed this post about music. Reference 4957,2026-07-26 07:04:31.856815,i really enjoyed this post about music reference 4957,0.0,0,1,0,0.0
C4958,U238,I63,I learned something useful about technology here. Reference 4958,2026-07-28 09:38:31.856829,i learned something useful about technology here reference 4958,0.0,0,1,0,0.0
C4959,U123,I300,This is an interesting perspective on music. Reference 4959,2026-08-09 16:36:31.856843,this is an interesting perspective on music reference 4959,0.0,0,1,0,0.0
C4960,U793,I178,I think this could be improved. Reference 4960,2026-07-18 01:09:31.856857,i think this could be improved reference 4960,0.0,0,1,0,0.0
C4961,U289,I288,I think this could be improved. Reference 4961,2026-06-29 03:32:31.856873,i think this could be improved reference 4961,0.0,0,1,0,0.0
C4962,U7,I364,I really enjoyed this post about technology. Reference 4962,2026-07-30 01:32:31.856888,i really enjoyed this post about technology reference 4962,0.0,0,1,0,0.0
C4963,U430,I495,This was a surprisingly interesting post. Reference 4963,2026-07-06 19:41:31.856901,this was a surprisingly interesting post reference 4963,0.0,0,1,0,0.0
C4964,U313,I158,This was a surprisingly interesting post. Reference 4964,2026-06-27 15:33:31.856917,this was a surprisingly interesting post reference 4964,0.0,0,1,0,0.0
C4965,U410,I152,Thanks for sharing this information. Reference 4965,2026-06-18 20:22:31.856930,thanks for sharing this information reference 4965,0.0,0,1,0,0.0
C4966,U460,I472,I have a different opinion about gaming. Reference 4966,2026-07-04 14:56:31.856944,i have a different opinion about gaming reference 4966,0.0,0,1,0,0.0
C4967,U835,I103,The information presented here is useful. Reference 4967,2026-07-03 23:59:31.856957,the information presented here is useful reference 4967,0.0,0,1,0,0.0
C4968,U707,I17,I have a different opinion about music. Reference 4968,2026-08-08 19:50:31.856972,i have a different opinion about music reference 4968,0.0,0,1,0,0.0
C4969,U23,I208,The explanation of music was very clear. Reference 4969,2026-07-14 04:26:31.856986,the explanation of music was very clear reference 4969,0.0,0,1,0,0.0
C4970,U715,I112,I think this could be improved. Reference 4970,2026-08-08 09:46:31.857001,i think this could be improved reference 4970,0.0,0,1,0,0.0
C4971,U602,I378,The information presented here is useful. Reference 4971,2026-06-21 09:37:31.857015,the information presented here is useful reference 4971,0.0,0,1,0,0.0
C4972,U436,I315,I learned something useful about food here. Reference 4972,2026-07-02 15:46:31.857031,i learned something useful about food here reference 4972,0.0,0,1,0,0.0
C4973,U80,I56,Thanks for sharing this information. Reference 4973,2026-07-30 07:55:31.857044,thanks for sharing this information reference 4973,0.0,0,1,0,0.0
C4974,U582,I356,The information presented here is useful. Reference 4974,2026-07-13 14:32:31.857058,the information presented here is useful reference 4974,0.0,0,1,0,0.0
C4975,U210,I25,This is worth discussing further. Reference 4975,2026-06-07 09:16:31.857071,this is worth discussing further reference 4975,0.0,0,1,0,0.0
C4976,U8,I91,This is worth discussing further. Reference 4976,2026-08-01 19:25:31.857085,this is worth discussing further reference 4976,0.0,0,1,0,0.0
C4977,U165,I270,I learned something useful about food here. Reference 4977,2026-07-05 04:37:31.857098,i learned something useful about food here reference 4977,0.0,0,1,0,0.0
C4978,U690,I105,The information presented here is useful. Reference 4978,2026-07-21 11:07:31.857112,the information presented here is useful reference 4978,0.0,0,1,0,0.0
C4979,U80,I436,This is worth discussing further. Reference 4979,2026-06-25 02:09:31.857127,this is worth discussing further reference 4979,0.0,0,1,0,0.0
C4980,U635,I435,This was a surprisingly interesting post. Reference 4980,2026-06-17 03:39:31.857141,this was a surprisingly interesting post reference 4980,0.0,0,1,0,0.0
C4981,U402,I178,I have a different opinion about fashion. Reference 4981,2026-06-12 23:44:31.857155,i have a different opinion about fashion reference 4981,0.0,0,1,0,0.0
C4982,U445,I126,I have a different opinion about music. Reference 4982,2026-06-04 05:27:31.857169,i have a different opinion about music reference 4982,0.0,0,1,0,0.0
C4983,U268,I447,I have a different opinion about sports. Reference 4983,2026-07-14 20:28:31.857183,i have a different opinion about sports reference 4983,0.0,0,1,0,0.0
C4984,U726,I131,This is an interesting perspective on movies. Reference 4984,2026-06-17 03:04:31.857197,this is an interesting perspective on movies reference 4984,0.0,0,1,0,0.0
C4985,U124,I202,Thanks for sharing this information. Reference 4985,2026-06-04 07:04:31.857210,thanks for sharing this information reference 4985,0.0,0,1,0,0.0
C4986,U622,I124,I have a different opinion about movies. Reference 4986,2026-06-20 04:37:31.857225,i have a different opinion about movies reference 4986,0.0,0,1,0,0.0
C4987,U461,I145,The explanation of movies was very clear. Reference 4987,2026-07-05 12:30:31.857238,the explanation of movies was very clear reference 4987,0.0,0,1,0,0.0
C4988,U270,I8,This was a surprisingly interesting post. Reference 4988,2026-07-29 12:48:31.857253,this was a surprisingly interesting post reference 4988,0.0,0,1,0,0.0
C4989,U229,I24,Thanks for sharing this information. Reference 4989,2026-06-27 06:36:31.857266,thanks for sharing this information reference 4989,0.0,0,1,0,0.0
C4990,U430,I65,Thanks for sharing this information. Reference 4990,2026-06-06 23:22:31.857280,thanks for sharing this information reference 4990,0.0,0,1,0,0.0
C4991,U957,I111,Thanks for sharing this information. Reference 4991,2026-08-02 18:03:31.857294,thanks for sharing this information reference 4991,0.0,0,1,0,0.0
C4992,U255,I80,Best deal available now,2026-06-03 15:11:31.857312,best deal available now,0.5,1,52,1,72.50000000000001
C4993,U584,I228,Click here for amazing deals,2026-06-09 21:52:31.857327,click here for amazing deals,0.5,1,53,1,72.50000000000001
C4994,U177,I58,Best deal available now,2026-06-29 05:44:31.857340,best deal available now,0.5,1,52,1,72.50000000000001
C4995,U334,I154,This was a surprisingly interesting post. Reference 4995,2026-07-25 06:59:31.857356,this was a surprisingly interesting post reference 4995,0.0,0,1,0,0.0
C4996,U293,I322,The information presented here is useful. Reference 4996,2026-07-12 04:29:31.857370,the information presented here is useful reference 4996,0.0,0,1,0,0.0
C4997,U483,I409,Thanks for sharing this information. Reference 4997,2026-07-31 09:28:31.857383,thanks for sharing this information reference 4997,0.0,0,1,0,0.0
C4998,U38,I125,I really enjoyed this post about technology. Reference 4998,2026-07-15 08:45:31.857399,i really enjoyed this post about technology reference 4998,0.0,0,1,0,0.0
C4999,U284,I290,The information presented here is useful. Reference 4999,2026-07-08 02:34:31.857413,the information presented here is useful reference 4999,0.0,0,1,0,0.0
ATTACK_C0,U801,I42,Amazing product buy now,2026-08-11 19:58:31.857902,amazing product buy now,1.0,1,69,1,100.0
ATTACK_C1,U802,I42,Amazing product buy now,2026-08-11 19:58:51.857902,amazing product buy now,1.0,1,69,1,100.0
ATTACK_C2,U803,I42,Amazing product buy now,2026-08-11 19:59:11.857902,amazing product buy now,1.0,1,69,1,100.0
ATTACK_C3,U804,I42,Amazing product buy now,2026-08-11 19:59:31.857902,amazing product buy now,1.0,1,69,1,100.0
ATTACK_C4,U805,I42,Amazing product buy now,2026-08-11 19:59:51.857902,amazing product buy now,1.0,1,69,1,100.0
ATTACK_C5,U806,I42,Amazing product buy now,2026-08-11 20:00:11.857902,amazing product buy now,1.0,1,69,1,100.0
ATTACK_C6,U807,I42,Amazing product buy now,2026-08-11 20:00:31.857902,amazing product buy now,1.0,1,69,1,100.0
ATTACK_C7,U808,I42,Amazing product buy now,2026-08-11 20:00:51.857902,amazing product buy now,1.0,1,69,1,100.0
