user_id,item_id,type,timestamp
U548,I80,comment,2026-07-29 14:29:31.944029
U880,I347,like,2026-06-25 22:28:31.944087
U891,I70,comment,2026-07-17 20:21:31.944110
U872,I67,view,2026-07-10 12:23:31.944126
U888,I489,like,2026-06-26 22:00:31.944141
U351,I94,comment,2026-07-09 14:20:31.944156
U662,I239,view,2026-07-04 17:05:31.944169
U792,I270,view,2026-06-12 15:10:31.944187
U741,I40,comment,2026-07-12 00:37:31.944201
U605,I21,like,2026-08-06 22:48:31.944217
U959,I262,like,2026-06-20 11:28:31.944231
U433,I372,view,2026-06-16 08:18:31.944245
U336,I432,comment,2026-07-19 00:04:31.944258
U759,I256,comment,2026-07-07 13:04:31.944271
U105,I345,comment,2026-08-10 11:26:31.944284
U844,I362,comment,2026-06-26 04:24:31.944297
U567,I144,view,2026-06-05 12:37:31.944311
U117,I453,view,2026-07-13 05:16:31.944324
U754,I15,view,2026-06-20 18:11:31.944339
U139,I335,comment,2026-07-16 14:36:31.944352
U416,I364,comment,2026-08-08 02:15:31.944366
U243,I469,comment,2026-08-09 09:31:31.944379
U454,I477,comment,2026-06-18 14:44:31.944392
U952,I184,comment,2026-07-10 18:22:31.944405
U615,I357,like,2026-07-09 07:29:31.944418
U881,I170,view,2026-06-26 08:10:31.944432
U79,I439,like,2026-06-26 14:42:31.944445
U774,I364,like,2026-06-12 09:21:31.944458
U156,I228,comment,2026-07-12 19:39:31.944471
U307,I228,comment,2026-06-15 17:00:31.944484
U508,I478,comment,2026-07-18 02:51:31.944496
U381,I294,like,2026-07-09 03:50:31.944509
U290,I450,view,2026-08-01 03:21:31.944522
U129,I111,view,2026-07-02 02:40:31.944535
U151,I435,comment,2026-06-05 18:43:31.944547
U600,I415,like,2026-06-28 21:53:31.944560
U610,I240,view,2026-08-08 07:47:31.944572
U17,I252,like,2026-06-08 03:26:31.944587
U291,I447,comment,2026-07-09 16:24:31.944602
U614,I145,view,2026-07-14 13:35:31.944615
U582,I352,view,2026-07-04 23:05:31.944628
U472,I458,comment,2026-06-07 07:55:31.944640
U865,I457,like,2026-07-03 02:42:31.944653
U436,I67,like,2026-06-11 03:25:31.944665
U577,I174,comment,2026-06-12 20:23:31.944677
U865,I250,like,2026-07-28 19:28:31.944690
U337,I186,view,2026-07-22 17:12:31.944704
U351,I461,like,2026-07-27 11:19:31.944717
U795,I230,comment,2026-07-02 04:02:31.944729
U269,I319,view,2026-08-09 22:29:31.944742
U384,I154,like,2026-07-28 17:40:31.944754
U933,I397,like,2026-06-28 03:46:31.944767
U151,I347,comment,2026-07-06 16:03:31.944779
U369,I101,like,2026-07-17 01:42:31.944792
U836,I188,like,2026-06-09 17:09:31.944805
U642,I103,comment,2026-08-02 10:29:31.944817
U508,I464,view,2026-08-07 08:00:31.944830
U57,I173,comment,2026-07-09 15:38:31.944842
U344,I284,like,2026-07-16 10:55:31.944855
U361,I182,view,2026-07-12 05:31:31.944868
U909,I425,comment,2026-07-03 05:24:31.944882
U820,I95,like,2026-07-04 05:49:31.944895
U571,I489,view,2026-07-23 06:59:31.944907
U208,I190,view,2026-06-28 19:25:31.944920
U716,I496,comment,2026-07-05 01:55:31.944933
U521,I27,view,2026-06-17 01:23:31.944949
U364,I388,like,2026-07-15 09:17:31.944962
U822,I380,view,2026-08-03 11:45:31.944974
U30,I257,comment,2026-06-03 17:38:31.944987
U734,I26,comment,2026-07-24 13:03:31.944999
U81,I242,like,2026-07-09 02:29:31.945014
U932,I168,view,2026-06-29 21:52:31.945026
U572,I164,like,2026-08-03 07:45:31.945039
U640,I367,view,2026-07-01 06:06:31.945051
U597,I118,like,2026-07-07 05:53:31.945064
U569,I196,like,2026-06-16 18:10:31.945076
U698,I494,like,2026-08-05 14:11:31.945089
U684,I348,comment,2026-08-08 13:14:31.945103
U536,I294,view,2026-06-26 18:12:31.945116
U559,I179,view,2026-06-11 00:12:31.945128
U25,I45,like,2026-07-09 06:51:31.945141
U380,I404,view,2026-07-24 21:50:31.945153
U611,I40,like,2026-08-01 23:59:31.945166
U378,I430,like,2026-07-27 01:35:31.945178
U44,I82,comment,2026-07-16 21:18:31.945190
U49,I16,view,2026-06-08 08:58:31.945203
U194,I351,view,2026-06-06 01:28:31.945215
U243,I362,like,2026-06-20 21:20:31.945228
U443,I124,comment,2026-06-19 08:42:31.945240
U43,I94,like,2026-06-12 05:45:31.945253
U685,I455,like,2026-06-23 09:01:31.945265
U573,I325,comment,2026-06-25 14:44:31.945278
U173,I483,view,2026-08-06 02:49:31.945291
U573,I272,view,2026-07-23 14:29:31.945307
U540,I152,comment,2026-07-01 21:23:31.945320
U532,I50,comment,2026-07-01 14:48:31.945333
U442,I206,like,2026-06-04 18:32:31.945345
U903,I139,like,2026-06-05 13:17:31.945358
U8,I278,like,2026-07-15 14:51:31.945371
U524,I358,like,2026-07-25 22:32:31.945383
U301,I95,view,2026-07-05 23:46:31.945396
U445,I149,comment,2026-07-17 12:28:31.945409
U152,I372,comment,2026-07-14 21:25:31.945430
U281,I434,like,2026-07-19 09:07:31.945443
U474,I331,view,2026-07-25 03:54:31.945456
U784,I350,like,2026-06-03 12:11:31.945469
U506,I306,comment,2026-07-05 20:02:31.945481
U245,I226,view,2026-06-13 13:24:31.945494
U335,I265,like,2026-06-10 15:43:31.945507
U709,I281,comment,2026-07-02 10:51:31.945520
U844,I437,comment,2026-07-18 00:25:31.945535
U624,I290,like,2026-07-14 12:22:31.945548
U397,I269,comment,2026-06-12 09:59:31.945561
U90,I156,comment,2026-07-07 21:04:31.945574
U835,I312,like,2026-06-21 00:54:31.945586
U631,I360,comment,2026-07-20 03:19:31.945599
U94,I414,comment,2026-07-12 18:28:31.945611
U827,I223,comment,2026-07-14 12:41:31.945624
U669,I73,like,2026-06-16 20:23:31.945637
U285,I5,like,2026-06-15 19:08:31.945649
U387,I405,view,2026-06-03 17:54:31.945662
U11,I433,view,2026-06-21 08:57:31.945674
U824,I192,comment,2026-06-19 04:57:31.945689
U397,I199,comment,2026-06-12 01:25:31.945702
U827,I265,like,2026-07-31 18:02:31.945714
U677,I275,like,2026-07-30 04:06:31.945727
U590,I400,like,2026-07-20 17:09:31.945740
U680,I395,view,2026-06-15 11:24:31.945752
U998,I451,view,2026-07-30 10:00:31.945764
U272,I196,view,2026-06-28 04:09:31.945778
U140,I95,like,2026-07-22 05:03:31.945790
U478,I106,like,2026-06-28 14:21:31.945802
U723,I285,comment,2026-08-06 23:41:31.945815
U396,I345,view,2026-08-05 23:28:31.945839
U208,I263,comment,2026-06-28 01:19:31.945854
U941,I154,view,2026-06-25 10:13:31.945867
U986,I167,comment,2026-06-27 04:33:31.945880
U250,I26,comment,2026-07-12 19:44:31.945892
U335,I299,comment,2026-06-10 08:19:31.945905
U819,I467,comment,2026-06-11 07:43:31.945917
U794,I230,view,2026-07-06 11:29:31.945930
U667,I419,view,2026-07-08 23:41:31.946041
U845,I410,comment,2026-06-27 02:26:31.946056
U394,I287,view,2026-08-11 15:19:31.946069
U55,I453,comment,2026-07-12 03:05:31.946082
U68,I435,view,2026-07-30 20:08:31.946096
U938,I202,view,2026-06-04 16:37:31.946109
U490,I333,comment,2026-07-19 01:31:31.946121
U654,I130,view,2026-07-18 19:20:31.946134
U219,I495,comment,2026-07-22 10:13:31.946147
U169,I239,like,2026-07-09 08:51:31.946162
U420,I54,comment,2026-07-03 07:02:31.946175
U363,I98,comment,2026-07-19 18:52:31.946188
U181,I21,like,2026-07-16 06:27:31.946201
U154,I44,view,2026-06-26 09:38:31.946214
U441,I226,comment,2026-07-01 08:01:31.946226
U732,I51,comment,2026-07-30 08:04:31.946238
U51,I127,comment,2026-08-04 07:03:31.946251
U646,I294,like,2026-06-20 19:11:31.946264
U994,I270,comment,2026-06-11 18:52:31.946276
U966,I336,like,2026-07-11 20:31:31.946289
U418,I191,view,2026-08-02 14:43:31.946301
U241,I114,comment,2026-06-23 00:19:31.946313
U327,I25,view,2026-08-03 20:38:31.946326
U640,I134,like,2026-07-25 22:28:31.946339
U852,I95,view,2026-06-21 14:50:31.946353
U512,I444,comment,2026-07-04 07:14:31.946413
U420,I363,like,2026-07-25 21:17:31.946427
U874,I250,view,2026-06-19 00:49:31.946440
U708,I366,like,2026-07-17 10:10:31.946452
U131,I106,like,2026-06-22 22:55:31.946465
U98,I0,comment,2026-08-08 03:23:31.946478
U942,I380,view,2026-06-16 19:10:31.946491
U993,I39,view,2026-06-28 03:14:31.946512
U44,I19,comment,2026-07-29 01:53:31.946525
U129,I308,like,2026-06-24 16:55:31.946538
U273,I178,comment,2026-06-13 06:36:31.946550
U797,I426,comment,2026-06-20 00:07:31.946563
U851,I392,comment,2026-07-09 21:30:31.946577
U632,I306,like,2026-07-12 10:53:31.946590
U867,I67,comment,2026-08-10 02:35:31.946603
U720,I92,comment,2026-06-16 17:23:31.946615
U635,I219,like,2026-08-01 12:59:31.946628
U821,I148,like,2026-07-14 00:30:31.946641
U925,I257,like,2026-08-07 18:13:31.946653
U319,I482,like,2026-06-15 17:09:31.946666
U495,I245,view,2026-06-05 07:01:31.946678
U736,I187,like,2026-07-22 17:34:31.946691
U41,I219,like,2026-08-10 20:18:31.946706
U609,I384,like,2026-07-30 02:17:31.946719
U111,I205,view,2026-06-19 08:11:31.946731
U466,I147,comment,2026-07-24 12:31:31.946744
U842,I235,like,2026-07-17 02:49:31.946757
U457,I122,like,2026-08-07 20:27:31.946769
U290,I125,like,2026-06-17 08:18:31.946781
U129,I227,comment,2026-07-20 04:13:31.946794
U819,I44,like,2026-07-05 04:05:31.946806
U435,I210,comment,2026-07-06 14:13:31.946821
U876,I22,like,2026-07-22 15:45:31.946834
U206,I205,like,2026-07-05 03:58:31.946846
U991,I182,comment,2026-06-26 09:27:31.946859
U22,I214,like,2026-07-20 00:39:31.946872
U464,I166,comment,2026-07-12 00:47:31.946885
U153,I215,comment,2026-07-30 04:40:31.946897
U915,I27,view,2026-07-20 19:25:31.946910
U414,I322,comment,2026-06-04 19:17:31.946922
U58,I73,comment,2026-06-06 22:19:31.946937
U321,I57,like,2026-08-11 03:09:31.946950
U910,I491,comment,2026-06-04 17:14:31.946963
U865,I431,view,2026-07-03 02:09:31.946975
U563,I249,like,2026-07-04 00:47:31.946988
U592,I1,comment,2026-06-30 17:56:31.947001
U979,I38,like,2026-07-26 15:30:31.947014
U85,I357,view,2026-08-03 12:30:31.947026
U869,I196,comment,2026-06-10 04:41:31.947039
U613,I103,like,2026-07-20 21:40:31.947052
U373,I409,like,2026-06-20 13:17:31.947065
U822,I117,view,2026-07-21 18:35:31.947077
U17,I322,comment,2026-07-18 00:23:31.947090
U542,I144,view,2026-06-19 18:55:31.947102
U717,I163,like,2026-07-04 17:31:31.947124
U338,I242,like,2026-07-02 13:37:31.947144
U595,I151,like,2026-07-29 14:36:31.947173
U881,I55,view,2026-06-24 18:31:31.947191
U232,I16,like,2026-07-18 03:04:31.947226
U180,I202,view,2026-07-18 16:56:31.947272
U422,I383,view,2026-07-12 09:37:31.947299
U643,I475,view,2026-07-12 17:04:31.947325
U756,I56,view,2026-08-09 14:21:31.947349
U146,I369,like,2026-07-15 02:36:31.947384
U70,I438,view,2026-08-05 22:26:31.947439
U330,I363,comment,2026-06-23 06:46:31.947466
U516,I16,comment,2026-08-02 20:44:31.947489
U51,I310,like,2026-07-25 12:07:31.947511
U291,I200,comment,2026-06-06 23:40:31.947557
U253,I114,comment,2026-07-24 08:20:31.947597
U782,I121,like,2026-07-14 02:18:31.947624
U493,I362,comment,2026-06-09 03:01:31.947654
U309,I99,comment,2026-06-09 01:35:31.947677
U891,I27,like,2026-06-20 06:06:31.947702
U839,I276,comment,2026-07-31 22:53:31.947723
U415,I394,comment,2026-07-21 14:21:31.947736
U461,I475,comment,2026-08-08 19:52:31.947754
U655,I331,like,2026-08-03 02:30:31.947777
U805,I236,like,2026-06-04 20:48:31.947792
U276,I225,like,2026-08-01 16:48:31.947805
U838,I94,comment,2026-06-08 18:35:31.947817
U716,I447,view,2026-07-27 09:26:31.947840
U565,I460,view,2026-07-22 10:42:31.947854
U883,I108,view,2026-06-21 08:51:31.947867
U762,I240,like,2026-07-01 22:57:31.947984
U657,I430,view,2026-07-08 18:43:31.948131
U389,I270,like,2026-07-01 12:10:31.948177
U387,I309,comment,2026-07-08 16:50:31.948200
U37,I181,view,2026-08-03 05:46:31.948219
U505,I487,view,2026-07-21 06:47:31.948238
U991,I352,view,2026-07-21 01:55:31.948257
U31,I390,view,2026-08-05 12:50:31.948276
U58,I351,comment,2026-06-07 04:41:31.948295
U371,I456,view,2026-08-04 04:33:31.948314
U793,I193,view,2026-06-22 22:25:31.948332
U193,I126,view,2026-06-13 15:01:31.948359
U75,I249,view,2026-07-23 13:07:31.948378
U910,I192,comment,2026-06-14 06:03:31.948400
U511,I14,view,2026-06-18 00:32:31.948418
U730,I418,comment,2026-06-07 01:15:31.948437
U307,I22,comment,2026-07-10 22:33:31.948456
U721,I367,view,2026-07-15 21:19:31.948475
U950,I445,comment,2026-07-29 05:57:31.948493
U757,I171,view,2026-07-24 09:19:31.948514
U953,I430,comment,2026-06-30 07:37:31.948593
U21,I339,comment,2026-07-08 01:03:31.948629
U885,I188,like,2026-06-20 08:29:31.948653
U267,I200,like,2026-08-10 17:00:31.948668
U480,I275,view,2026-07-13 16:11:31.948682
U435,I75,view,2026-06-07 04:24:31.948695
U186,I230,like,2026-06-19 22:50:31.948709
U677,I419,like,2026-07-05 10:51:31.948721
U26,I389,like,2026-06-15 08:16:31.948734
U673,I196,view,2026-08-05 22:18:31.948747
U124,I287,comment,2026-06-26 04:20:31.948760
U881,I442,like,2026-06-05 12:30:31.948772
U120,I13,view,2026-07-22 18:46:31.948785
U446,I429,like,2026-06-19 08:16:31.948798
U664,I34,view,2026-07-17 11:56:31.948811
U864,I292,like,2026-06-22 05:56:31.948824
U68,I334,comment,2026-08-07 09:01:31.948837
U50,I446,like,2026-07-30 11:01:31.948850
U511,I353,comment,2026-06-12 03:23:31.948863
U172,I270,like,2026-07-11 10:55:31.948875
U951,I432,view,2026-06-12 02:56:31.948889
U706,I268,comment,2026-06-30 12:18:31.948905
U843,I251,comment,2026-08-07 07:17:31.948921
U86,I142,view,2026-06-19 06:00:31.948934
U475,I68,view,2026-07-07 17:24:31.948947
U518,I66,like,2026-08-02 06:12:31.948960
U576,I171,comment,2026-06-13 21:32:31.948972
U671,I395,view,2026-06-18 05:29:31.948985
U930,I205,comment,2026-07-03 07:51:31.948998
U28,I493,comment,2026-07-01 21:49:31.949012
U207,I325,comment,2026-06-18 17:00:31.949025
U370,I199,view,2026-06-21 14:14:31.949046
U702,I57,view,2026-07-27 14:38:31.949061
U152,I18,comment,2026-07-31 21:33:31.949075
U994,I104,comment,2026-07-06 07:23:31.949088
U245,I438,view,2026-06-21 01:07:31.949101
U956,I378,view,2026-07-01 00:03:31.949113
U816,I144,view,2026-06-24 12:46:31.949126
U801,I343,view,2026-07-26 22:19:31.949138
U360,I22,like,2026-06-27 16:28:31.949156
U365,I54,comment,2026-06-30 07:51:31.949181
U764,I136,view,2026-06-25 01:13:31.949205
U426,I327,comment,2026-07-25 14:48:31.949227
U371,I277,like,2026-06-22 16:18:31.949242
U133,I374,like,2026-06-28 05:25:31.949255
U744,I254,comment,2026-06-26 10:45:31.949270
U460,I483,comment,2026-06-27 09:37:31.949283
U461,I310,like,2026-07-08 19:22:31.949296
U884,I314,view,2026-06-12 03:37:31.949309
U694,I483,comment,2026-06-13 05:58:31.949323
U563,I157,like,2026-06-23 22:47:31.949336
U240,I190,comment,2026-06-17 19:37:31.949348
U592,I302,comment,2026-06-04 09:48:31.949361
U127,I90,comment,2026-07-29 16:06:31.949373
U791,I18,like,2026-06-17 03:50:31.949388
U204,I31,view,2026-07-08 05:56:31.949401
U913,I130,comment,2026-06-14 12:58:31.949413
U591,I63,like,2026-07-08 02:31:31.949432
U829,I251,like,2026-06-20 06:47:31.949452
U91,I291,comment,2026-06-19 13:26:31.949465
U589,I96,like,2026-07-09 04:39:31.949477
U244,I347,like,2026-07-23 10:55:31.949490
U642,I39,like,2026-06-22 07:19:31.949502
U489,I285,like,2026-08-08 05:27:31.949515
U328,I328,comment,2026-06-24 13:22:31.949527
U135,I263,view,2026-06-06 23:02:31.949539
U801,I244,comment,2026-07-21 16:51:31.949552
U241,I168,comment,2026-07-26 15:16:31.949564
U433,I353,like,2026-08-06 23:37:31.949576
U139,I306,view,2026-07-17 15:22:31.949589
U794,I281,comment,2026-07-19 18:01:31.949602
U491,I258,like,2026-08-01 11:31:31.949614
U190,I285,like,2026-07-06 03:06:31.949626
U605,I437,view,2026-06-19 04:46:31.949638
U201,I148,view,2026-07-09 07:13:31.949651
U125,I231,like,2026-06-20 21:31:31.949663
U996,I84,like,2026-07-30 07:43:31.949675
U592,I113,like,2026-07-02 17:42:31.949688
U660,I235,view,2026-07-03 13:21:31.949703
U343,I463,like,2026-07-20 14:18:31.949729
U581,I333,comment,2026-06-10 10:08:31.949743
U738,I415,comment,2026-07-08 20:00:31.949756
U856,I388,view,2026-06-13 19:35:31.949768
U56,I161,comment,2026-06-28 22:15:31.949782
U709,I338,comment,2026-06-06 20:41:31.949795
U494,I399,view,2026-08-04 15:40:31.949807
U469,I153,like,2026-08-05 01:58:31.949822
U936,I64,view,2026-07-15 09:51:31.949834
U216,I154,view,2026-07-13 18:32:31.949849
U211,I179,like,2026-06-27 01:22:31.949861
U947,I356,like,2026-08-05 13:53:31.949873
U706,I169,comment,2026-07-10 19:38:31.949886
U32,I438,view,2026-07-30 00:34:31.949898
U921,I495,comment,2026-07-28 10:59:31.949911
U51,I316,comment,2026-06-25 21:42:31.949924
U35,I375,like,2026-07-08 04:41:31.949939
U605,I359,comment,2026-07-01 19:23:31.949952
U659,I180,comment,2026-07-25 20:40:31.949965
U903,I313,comment,2026-07-24 21:27:31.949977
U204,I295,like,2026-07-05 19:00:31.949993
U548,I193,comment,2026-08-11 09:34:31.950006
U825,I266,view,2026-07-14 02:55:31.950019
U332,I8,comment,2026-06-20 17:03:31.950031
U777,I139,like,2026-06-20 02:40:31.950043
U658,I468,comment,2026-07-18 14:50:31.950056
U821,I54,like,2026-06-07 13:59:31.950068
U69,I8,comment,2026-07-29 13:14:31.950083
U878,I249,view,2026-06-18 20:32:31.950096
U485,I133,view,2026-07-25 06:28:31.950108
U357,I142,view,2026-07-29 03:44:31.950120
U117,I471,like,2026-08-02 02:39:31.950133
U871,I268,like,2026-06-26 20:56:31.950145
U558,I449,view,2026-06-16 20:35:31.950157
U425,I312,view,2026-06-14 10:36:31.950170
U116,I109,like,2026-06-03 09:55:31.950182
U867,I441,view,2026-06-19 11:21:31.950194
U251,I189,comment,2026-07-13 14:50:31.950207
U215,I270,comment,2026-06-27 01:36:31.950220
U909,I324,like,2026-08-02 15:54:31.950235
U91,I166,view,2026-06-27 08:50:31.950247
U38,I437,like,2026-07-15 13:34:31.950260
U469,I189,comment,2026-08-06 23:44:31.950272
U658,I47,comment,2026-07-16 18:34:31.950284
U861,I477,view,2026-07-28 03:27:31.950297
U393,I95,comment,2026-07-12 09:38:31.950309
U930,I165,comment,2026-07-04 22:43:31.950322
U166,I1,like,2026-07-31 14:19:31.950334
U850,I118,comment,2026-06-08 07:02:31.950347
U256,I406,comment,2026-06-16 03:03:31.950359
U726,I356,like,2026-07-29 17:13:31.950371
U679,I127,view,2026-07-16 22:30:31.950386
U4,I250,like,2026-06-04 11:56:31.950400
U455,I126,view,2026-07-15 23:19:31.950412
U234,I141,comment,2026-07-07 23:15:31.950425
U934,I31,view,2026-07-11 20:06:31.950439
U853,I474,comment,2026-06-29 20:15:31.950452
U701,I25,view,2026-06-12 13:50:31.950464
U51,I213,like,2026-07-20 02:12:31.950476
U948,I292,view,2026-08-04 19:47:31.950489
U52,I226,view,2026-07-10 07:04:31.950501
U110,I200,like,2026-07-12 03:08:31.950513
U136,I38,comment,2026-06-15 06:28:31.950525
U780,I377,like,2026-06-05 10:57:31.950538
U181,I0,like,2026-07-27 18:32:31.950550
U298,I324,like,2026-06-28 10:47:31.950562
U346,I204,like,2026-07-07 23:22:31.950575
U526,I21,view,2026-07-12 02:50:31.950587
U446,I129,view,2026-08-04 00:20:31.950599
U541,I374,comment,2026-07-18 06:34:31.950612
U124,I98,like,2026-06-11 11:21:31.950626
U201,I222,comment,2026-07-10 02:18:31.950640
U748,I411,like,2026-07-30 01:06:31.950652
U530,I174,view,2026-08-05 16:52:31.950665
U336,I463,comment,2026-06-09 10:08:31.950677
U777,I450,comment,2026-06-22 14:17:31.950689
U119,I224,view,2026-06-17 01:41:31.950702
U101,I341,comment,2026-06-06 15:46:31.950714
U484,I280,like,2026-06-21 07:55:31.950726
U60,I360,comment,2026-07-26 15:50:31.950740
U755,I411,comment,2026-06-18 21:19:31.950752
U182,I87,like,2026-06-19 14:15:31.950765
U883,I59,view,2026-06-10 10:19:31.950777
U105,I333,comment,2026-07-28 06:23:31.950792
U584,I298,view,2026-07-18 05:25:31.950805
U515,I57,comment,2026-08-01 19:20:31.950817
U291,I3,like,2026-07-23 03:15:31.950830
U835,I262,comment,2026-06-09 17:17:31.950842
U720,I203,view,2026-06-19 22:35:31.950854
U194,I297,like,2026-07-16 22:27:31.950867
U875,I86,comment,2026-07-13 13:46:31.950879
U157,I2,like,2026-07-28 01:27:31.950891
U840,I363,like,2026-08-01 23:53:31.950903
U461,I154,like,2026-07-28 23:36:31.950918
U52,I317,view,2026-06-13 23:27:31.950930
U309,I359,comment,2026-07-03 03:52:31.950942
U633,I257,view,2026-06-25 10:46:31.950955
U400,I206,comment,2026-06-16 00:18:31.950967
U304,I278,like,2026-06-09 22:24:31.950979
U555,I75,comment,2026-07-25 20:18:31.950991
U962,I409,view,2026-07-31 11:44:31.951003
U253,I338,comment,2026-07-01 05:30:31.951015
U908,I342,comment,2026-06-17 14:41:31.951029
U974,I52,comment,2026-07-14 10:02:31.951042
U979,I139,view,2026-06-14 15:29:31.951054
U590,I63,comment,2026-07-25 09:53:31.951067
U814,I76,view,2026-08-01 11:38:31.951079
U573,I335,like,2026-08-03 04:13:31.951091
U100,I97,like,2026-06-25 17:44:31.951104
U322,I451,like,2026-07-23 00:20:31.951117
U104,I183,comment,2026-06-24 06:16:31.951129
U785,I87,like,2026-07-16 10:51:31.951142
U187,I278,comment,2026-06-07 17:27:31.951156
U996,I6,view,2026-07-31 10:04:31.951169
U151,I451,view,2026-06-05 22:50:31.951181
U943,I128,comment,2026-07-26 23:32:31.951193
U965,I201,comment,2026-08-04 09:33:31.951205
U644,I124,like,2026-08-10 22:04:31.951218
U142,I160,like,2026-06-03 21:02:31.951230
U902,I129,like,2026-07-20 19:53:31.951243
U549,I217,comment,2026-08-08 06:00:31.951255
U833,I229,comment,2026-07-07 19:13:31.951267
U30,I159,like,2026-06-16 11:35:31.951279
U940,I374,like,2026-06-13 12:04:31.951291
U649,I478,view,2026-06-12 16:42:31.951303
U604,I384,view,2026-06-27 21:55:31.951316
U655,I361,comment,2026-06-08 08:36:31.951328
U404,I465,comment,2026-07-15 07:24:31.951340
U53,I497,view,2026-06-09 01:03:31.951352
U897,I458,comment,2026-06-28 12:33:31.951364
U883,I68,like,2026-08-08 05:13:31.951376
U459,I332,comment,2026-07-26 14:05:31.951389
U812,I149,view,2026-08-07 02:54:31.951400
U20,I123,like,2026-06-09 05:05:31.951413
U36,I451,comment,2026-08-05 04:25:31.951427
U19,I352,view,2026-06-04 04:07:31.951439
U612,I365,comment,2026-07-29 16:00:31.951454
U290,I408,comment,2026-07-30 07:27:31.951466
U352,I141,like,2026-07-03 11:41:31.951478
U354,I148,like,2026-07-03 01:37:31.951491
U762,I415,view,2026-06-24 10:08:31.951505
U606,I343,like,2026-06-18 19:24:31.951517
U182,I248,comment,2026-06-04 08:13:31.951530
U741,I488,view,2026-06-07 21:44:31.951544
U239,I297,view,2026-07-13 18:58:31.951556
U716,I94,like,2026-06-22 06:21:31.951569
U673,I52,view,2026-07-27 10:13:31.951581
U814,I475,view,2026-06-20 08:28:31.951593
U195,I464,comment,2026-06-13 20:10:31.951605
U196,I496,view,2026-06-15 19:14:31.951617
U170,I397,comment,2026-06-22 20:03:31.951630
U666,I218,view,2026-08-09 21:21:31.951642
U489,I452,view,2026-08-08 05:11:31.951654
U280,I92,view,2026-07-21 16:37:31.951668
U360,I462,comment,2026-06-13 15:04:31.951681
U236,I40,view,2026-06-16 22:15:31.951693
U616,I188,view,2026-07-21 10:02:31.951705
U72,I420,like,2026-06-06 19:10:31.951718
U436,I349,view,2026-06-18 20:10:31.951737
U191,I345,like,2026-06-13 14:17:31.951749
U195,I163,like,2026-07-14 09:24:31.951761
U724,I239,view,2026-08-06 15:24:31.951774
U354,I3,comment,2026-06-13 04:08:31.951786
U3,I253,comment,2026-07-08 16:52:31.951799
U6,I370,view,2026-06-22 15:02:31.951811
U940,I396,comment,2026-06-21 06:47:31.951823
U289,I337,view,2026-06-17 08:40:31.951838
U626,I405,comment,2026-07-24 19:50:31.951850
U801,I177,comment,2026-07-08 10:28:31.951864
U516,I213,view,2026-07-05 02:16:31.951877
U128,I393,like,2026-07-21 04:45:31.951890
U559,I478,like,2026-07-13 05:14:31.951902
U933,I296,comment,2026-08-05 04:36:31.951916
U625,I399,comment,2026-06-22 13:08:31.951928
U286,I378,comment,2026-07-17 12:53:31.951941
U766,I87,like,2026-07-09 01:59:31.951953
U596,I170,comment,2026-08-02 15:44:31.951965
U200,I418,like,2026-06-08 09:22:31.951978
U35,I380,comment,2026-06-17 02:19:31.951990
U68,I179,comment,2026-08-03 01:41:31.952005
U595,I211,like,2026-06-12 19:23:31.952018
U705,I181,like,2026-06-04 18:41:31.952030
U720,I473,like,2026-08-09 11:22:31.952043
U610,I210,comment,2026-07-14 17:47:31.952055
U350,I54,view,2026-07-21 20:40:31.952067
U881,I413,comment,2026-07-21 22:53:31.952080
U411,I387,comment,2026-06-06 00:14:31.952093
U619,I5,comment,2026-06-06 00:35:31.952105
U31,I128,like,2026-06-28 02:51:31.952118
U243,I254,like,2026-07-30 00:41:31.952131
U242,I133,like,2026-07-04 14:53:31.952143
U886,I359,comment,2026-06-27 02:37:31.952155
U805,I414,comment,2026-08-08 05:36:31.952168
U726,I101,view,2026-07-27 03:10:31.952181
U221,I324,view,2026-08-01 15:14:31.952193
U143,I264,like,2026-07-02 15:50:31.952205
U64,I454,view,2026-06-16 05:00:31.952220
U669,I371,view,2026-06-04 13:19:31.952235
U235,I180,comment,2026-06-11 09:58:31.952247
U453,I379,view,2026-06-04 15:29:31.952259
U327,I449,like,2026-07-31 21:49:31.952272
U72,I462,like,2026-07-02 16:05:31.952284
U767,I162,view,2026-07-04 07:40:31.952297
U250,I387,comment,2026-07-23 00:56:31.952309
U72,I44,comment,2026-06-17 15:26:31.952322
U861,I488,like,2026-07-21 02:44:31.952334
U107,I459,like,2026-06-24 03:10:31.952347
U515,I206,like,2026-07-20 22:05:31.952361
U55,I418,comment,2026-06-06 04:53:31.952373
U785,I171,view,2026-07-19 05:16:31.952386
U689,I425,like,2026-08-09 09:32:31.952398
U240,I416,view,2026-08-03 03:18:31.952410
U521,I410,like,2026-07-20 16:08:31.952422
U721,I213,comment,2026-06-23 00:44:31.952435
U974,I190,view,2026-08-03 09:31:31.952447
U693,I19,like,2026-07-31 02:12:31.952459
U69,I256,like,2026-07-15 02:40:31.952471
U77,I361,comment,2026-08-09 16:07:31.952484
U557,I44,comment,2026-08-07 16:29:31.952496
U137,I265,comment,2026-07-04 08:40:31.952508
U64,I217,view,2026-06-22 18:09:31.952520
U481,I272,comment,2026-06-14 10:32:31.952534
U811,I323,like,2026-07-26 02:38:31.952547
U777,I32,comment,2026-06-21 03:26:31.952559
U621,I293,comment,2026-08-10 20:30:31.952571
U214,I340,like,2026-08-09 22:58:31.952585
U286,I96,view,2026-07-14 11:44:31.952598
U680,I253,comment,2026-07-23 10:34:31.952610
U741,I104,comment,2026-07-15 00:44:31.952622
U132,I53,like,2026-07-05 09:21:31.952637
U369,I33,like,2026-08-09 22:31:31.952649
U301,I431,comment,2026-08-11 15:44:31.952661
U67,I6,view,2026-07-16 05:27:31.952674
U113,I102,like,2026-07-21 11:54:31.952687
U344,I187,comment,2026-06-05 00:04:31.952699
U466,I292,comment,2026-07-30 17:05:31.952711
U48,I369,comment,2026-06-03 16:05:31.952724
U999,I75,view,2026-06-10 20:24:31.952736
U130,I347,like,2026-06-18 12:15:31.952749
U983,I182,comment,2026-06-04 02:36:31.952761
U881,I354,comment,2026-07-30 22:57:31.952773
U672,I43,comment,2026-07-08 10:43:31.952785
U813,I399,like,2026-06-08 03:16:31.952797
U535,I409,view,2026-06-03 19:00:31.952810
U572,I481,view,2026-06-22 09:03:31.952823
U508,I366,view,2026-07-01 12:18:31.952835
U502,I216,comment,2026-06-05 21:08:31.952848
U448,I469,comment,2026-08-06 01:07:31.952860
U222,I256,comment,2026-06-30 12:47:31.952872
U672,I39,like,2026-07-23 10:29:31.952884
U621,I274,like,2026-06-24 07:33:31.952897
U994,I293,like,2026-06-16 21:05:31.952909
U467,I329,view,2026-07-28 04:50:31.952921
U42,I142,view,2026-06-29 10:56:31.952936
U230,I19,comment,2026-07-09 22:49:31.952948
U119,I300,comment,2026-07-13 18:55:31.952960
U349,I378,view,2026-07-05 12:34:31.952972
U951,I261,like,2026-06-14 02:31:31.952984
U754,I404,comment,2026-06-06 21:57:31.952997
U228,I143,like,2026-06-23 19:30:31.953009
U568,I460,view,2026-08-09 01:05:31.953021
U510,I492,view,2026-06-13 00:02:31.953035
U412,I398,comment,2026-06-06 13:49:31.953047
U693,I20,like,2026-06-15 19:38:31.953061
U648,I407,like,2026-07-11 04:07:31.953074
U897,I248,comment,2026-06-26 09:52:31.953086
U339,I317,like,2026-06-21 01:34:31.953098
U108,I392,view,2026-06-14 19:12:31.953110
U333,I122,view,2026-07-07 05:10:31.953122
U737,I71,like,2026-07-09 21:50:31.953135
U922,I142,comment,2026-06-18 03:11:31.953147
U195,I392,like,2026-06-19 17:14:31.953162
U187,I229,like,2026-06-11 11:00:31.953174
U577,I161,comment,2026-08-09 00:03:31.953187
U965,I210,like,2026-06-25 19:32:31.953199
U321,I433,comment,2026-07-01 07:38:31.953211
U8,I71,like,2026-06-05 13:52:31.953223
U479,I493,view,2026-08-05 00:47:31.953235
U786,I181,like,2026-07-01 02:04:31.953247
U572,I336,comment,2026-07-25 21:51:31.953259
U56,I351,comment,2026-07-10 03:38:31.953271
U698,I332,comment,2026-06-07 09:19:31.953285
U344,I386,like,2026-06-11 12:06:31.953298
U327,I136,comment,2026-06-03 17:13:31.953310
U869,I18,comment,2026-06-03 18:15:31.953322
U961,I470,view,2026-06-08 08:52:31.953334
U607,I346,comment,2026-07-01 07:45:31.953346
U479,I357,view,2026-06-24 23:43:31.953359
U550,I497,view,2026-07-27 20:05:31.953371
U659,I366,view,2026-07-30 12:08:31.953383
U998,I498,like,2026-06-03 10:44:31.953395
U947,I16,view,2026-08-08 07:26:31.953408
U466,I399,like,2026-06-11 00:23:31.953420
U682,I4,comment,2026-08-09 20:39:31.953434
U787,I387,view,2026-07-14 14:00:31.953446
U506,I389,like,2026-07-31 11:21:31.953458
U801,I88,comment,2026-07-06 04:38:31.953471
U108,I352,comment,2026-07-09 10:07:31.953483
U684,I251,view,2026-06-09 18:25:31.953495
U15,I456,comment,2026-08-03 04:56:31.953507
U965,I454,like,2026-06-09 15:47:31.953519
U318,I282,comment,2026-07-05 14:49:31.953531
U495,I41,view,2026-07-04 17:53:31.953543
U263,I486,comment,2026-07-29 06:37:31.953556
U982,I221,like,2026-07-16 05:20:31.953568
U307,I421,comment,2026-08-06 10:27:31.953580
U712,I132,view,2026-06-22 21:31:31.953595
U424,I240,like,2026-08-01 08:48:31.953607
U824,I8,like,2026-06-27 03:10:31.953619
U474,I238,like,2026-07-21 19:30:31.953633
U248,I80,comment,2026-06-30 16:00:31.953645
U795,I24,view,2026-07-16 20:48:31.953658
U675,I150,like,2026-06-04 03:16:31.953670
U29,I237,like,2026-07-30 13:56:31.953682
U315,I430,comment,2026-06-12 19:29:31.953694
U433,I395,view,2026-06-21 06:53:31.953706
U628,I447,comment,2026-06-13 00:09:31.953718
U913,I131,view,2026-06-10 23:59:31.953736
U61,I386,like,2026-06-14 15:52:31.953749
U794,I29,comment,2026-07-22 02:49:31.953761
U525,I51,comment,2026-07-02 13:44:31.953774
U639,I304,view,2026-06-27 07:15:31.953786
U955,I302,view,2026-07-29 20:10:31.953798
U267,I206,view,2026-07-28 04:36:31.953811
U290,I239,like,2026-07-17 02:49:31.953827
U875,I270,like,2026-08-02 05:59:31.953839
U951,I478,view,2026-07-25 09:19:31.953851
U60,I47,view,2026-07-04 01:21:31.953863
U786,I147,like,2026-07-30 11:06:31.953876
U253,I42,comment,2026-07-10 07:30:31.953888
U705,I194,comment,2026-08-03 00:18:31.953901
U522,I403,like,2026-07-27 17:14:31.953913
U474,I188,view,2026-08-04 11:44:31.953925
U919,I418,comment,2026-08-06 15:45:31.953937
U22,I125,comment,2026-07-20 19:15:31.953951
U925,I388,comment,2026-07-18 04:23:31.953963
U202,I373,like,2026-07-10 14:26:31.953976
U909,I195,view,2026-06-30 03:26:31.953988
U303,I14,view,2026-07-12 17:46:31.954004
U215,I194,like,2026-07-14 03:24:31.954016
U93,I448,view,2026-06-11 16:30:31.954029
U158,I105,like,2026-08-05 04:25:31.954041
U841,I172,comment,2026-08-01 21:23:31.954053
U652,I34,like,2026-06-18 23:01:31.954065
U856,I471,like,2026-06-14 13:42:31.954077
U140,I14,comment,2026-08-10 18:41:31.954089
U500,I52,like,2026-06-05 17:58:31.954101
U411,I332,view,2026-07-24 06:33:31.954114
U54,I401,like,2026-07-10 00:30:31.954126
U892,I65,like,2026-08-04 23:17:31.954140
U691,I158,comment,2026-07-27 21:49:31.954153
U662,I442,comment,2026-07-02 23:43:31.954165
U669,I484,like,2026-06-04 17:22:31.954178
U772,I187,like,2026-06-21 19:28:31.954190
U271,I342,like,2026-07-14 01:45:31.954202
U793,I217,like,2026-07-31 13:46:31.954214
U852,I209,like,2026-06-10 10:39:31.954228
U320,I342,view,2026-06-20 20:53:31.954241
U732,I312,comment,2026-07-18 05:51:31.954253
U752,I72,comment,2026-06-08 22:55:31.954265
U87,I273,comment,2026-07-12 20:17:31.954277
U322,I107,comment,2026-07-14 00:04:31.954289
U548,I497,like,2026-07-06 06:56:31.954302
U542,I65,view,2026-06-14 11:21:31.954314
U639,I188,like,2026-06-24 05:45:31.954326
U109,I138,view,2026-06-19 23:47:31.954338
U836,I436,view,2026-07-14 12:42:31.954352
U990,I16,like,2026-07-25 09:38:31.954365
U136,I99,comment,2026-06-22 07:13:31.954377
U379,I303,like,2026-07-11 04:10:31.954389
U523,I28,view,2026-07-24 01:24:31.954401
U971,I342,view,2026-06-15 14:49:31.954413
U341,I448,view,2026-07-27 05:33:31.954425
U520,I265,like,2026-07-12 05:50:31.954438
U28,I474,comment,2026-07-14 01:20:31.954450
U46,I446,comment,2026-06-07 15:42:31.954463
U681,I260,like,2026-06-19 12:02:31.954475
U702,I451,view,2026-07-01 18:37:31.954487
U827,I108,comment,2026-07-19 05:38:31.954499
U807,I404,comment,2026-07-30 20:41:31.954511
U366,I92,comment,2026-06-08 18:37:31.954523
U718,I242,comment,2026-06-28 08:29:31.954536
U494,I129,comment,2026-07-17 22:34:31.954548
U579,I199,comment,2026-06-19 09:00:31.954560
U251,I17,comment,2026-07-03 22:53:31.954573
U289,I413,like,2026-08-07 09:21:31.954585
U445,I4,comment,2026-06-21 02:30:31.954597
U544,I447,view,2026-07-30 11:30:31.954609
U399,I152,view,2026-07-03 07:02:31.954624
U128,I491,view,2026-06-11 16:51:31.954636
U468,I186,comment,2026-07-23 21:50:31.954648
U508,I236,view,2026-07-22 02:11:31.954663
U804,I453,view,2026-07-10 19:49:31.954675
U924,I333,comment,2026-06-13 08:59:31.954687
U823,I194,like,2026-06-19 18:48:31.954701
U103,I71,like,2026-08-09 19:37:31.954714
U907,I433,comment,2026-08-09 14:46:31.954726
U479,I80,comment,2026-07-19 18:40:31.954738
U829,I181,view,2026-07-24 19:11:31.954753
U617,I222,like,2026-08-03 09:44:31.954765
U773,I222,like,2026-06-20 15:08:31.954777
U853,I314,like,2026-07-29 23:13:31.954790
U862,I323,view,2026-07-19 19:34:31.954802
U479,I15,comment,2026-06-21 12:38:31.954814
U146,I203,like,2026-07-10 00:18:31.954826
U684,I480,like,2026-06-08 12:15:31.954838
U488,I151,like,2026-07-31 12:16:31.954851
U702,I201,like,2026-07-23 00:36:31.954863
U134,I190,like,2026-06-13 18:02:31.954875
U845,I118,view,2026-06-10 21:37:31.954887
U709,I397,view,2026-07-15 18:51:31.954899
U252,I345,view,2026-06-18 10:45:31.954911
U520,I478,view,2026-07-19 06:56:31.954925
U970,I136,like,2026-06-30 23:15:31.954937
U570,I293,comment,2026-07-28 16:44:31.954958
U702,I473,like,2026-07-03 22:21:31.954981
U92,I402,comment,2026-06-18 23:45:31.954997
U932,I135,view,2026-07-05 03:16:31.955010
U743,I134,comment,2026-07-14 22:52:31.955022
U619,I357,view,2026-07-10 13:54:31.955035
U728,I319,comment,2026-07-01 06:55:31.955050
U750,I259,like,2026-07-27 01:24:31.955063
U459,I371,like,2026-06-06 18:46:31.955078
U111,I252,view,2026-07-16 15:03:31.955090
U697,I372,view,2026-07-29 18:00:31.955103
U449,I373,like,2026-06-24 16:10:31.955115
U234,I67,like,2026-06-10 16:26:31.955127
U286,I461,like,2026-07-28 03:23:31.955140
U218,I307,like,2026-07-06 22:58:31.955152
U883,I340,like,2026-06-29 12:35:31.955164
U396,I52,comment,2026-07-05 15:15:31.955177
U940,I417,comment,2026-06-08 03:53:31.955189
U31,I392,view,2026-07-17 15:21:31.955201
U41,I142,view,2026-07-07 09:14:31.955215
U344,I339,comment,2026-08-02 19:03:31.955228
U82,I83,view,2026-07-08 10:43:31.955240
U236,I258,like,2026-07-31 15:47:31.955252
U987,I8,comment,2026-08-11 05:40:31.955265
U960,I69,view,2026-07-30 21:14:31.955277
U544,I367,view,2026-07-28 02:13:31.955290
U38,I244,view,2026-07-16 06:12:31.955303
U695,I325,comment,2026-06-19 08:12:31.955315
U365,I86,view,2026-06-07 11:07:31.955328
U970,I69,comment,2026-07-04 14:28:31.955340
U502,I246,comment,2026-07-26 05:10:31.955353
U211,I319,like,2026-07-13 20:32:31.955365
U715,I135,like,2026-06-04 09:11:31.955378
U234,I419,view,2026-07-01 06:04:31.955390
U198,I374,like,2026-06-07 17:03:31.955404
U451,I266,like,2026-06-17 11:58:31.955416
U428,I394,view,2026-06-20 04:18:31.955429
U191,I40,comment,2026-07-31 22:30:31.955446
U42,I6,like,2026-07-08 07:16:31.955459
U1,I250,comment,2026-06-03 23:11:31.955471
U169,I34,comment,2026-07-25 04:49:31.955483
U915,I321,view,2026-07-19 22:49:31.955496
U976,I356,view,2026-07-07 18:08:31.955508
U979,I449,view,2026-06-12 04:01:31.955521
U806,I195,comment,2026-07-23 02:51:31.955533
U895,I254,like,2026-07-09 22:56:31.955545
U924,I182,comment,2026-07-20 04:51:31.955558
U114,I496,like,2026-07-10 10:04:31.955570
U185,I2,view,2026-06-21 03:37:31.955584
U572,I99,like,2026-06-22 05:08:31.955597
U464,I113,like,2026-06-12 06:41:31.955609
U829,I290,comment,2026-08-07 02:57:31.955621
U487,I318,like,2026-07-21 15:07:31.955633
U478,I230,like,2026-08-02 05:37:31.955646
U133,I313,comment,2026-07-25 06:52:31.955658
U910,I484,comment,2026-08-04 00:54:31.955670
U759,I159,view,2026-07-11 21:29:31.955684
U52,I457,like,2026-06-10 12:58:31.955696
U706,I232,view,2026-07-08 20:53:31.955708
U621,I327,view,2026-08-09 09:26:31.955720
U538,I76,comment,2026-06-23 07:21:31.955738
U733,I9,like,2026-06-17 12:53:31.955751
U60,I241,like,2026-07-27 02:26:31.955765
U28,I287,view,2026-06-15 15:32:31.955777
U489,I43,like,2026-06-04 06:38:31.955790
U124,I267,view,2026-06-04 07:56:31.955804
U998,I142,comment,2026-07-26 10:47:31.955817
U251,I305,view,2026-06-09 03:31:31.955829
U331,I291,comment,2026-08-08 09:24:31.955841
U134,I120,like,2026-08-04 23:17:31.955856
U832,I167,view,2026-06-16 01:11:31.955868
U528,I369,comment,2026-07-10 21:41:31.955881
U117,I235,comment,2026-07-02 06:49:31.955893
U808,I317,like,2026-07-24 20:05:31.955905
U171,I100,like,2026-06-22 16:44:31.955917
U538,I275,like,2026-07-03 08:00:31.955929
U884,I1,view,2026-07-17 01:44:31.955941
U961,I34,comment,2026-07-12 05:29:31.955953
U12,I86,view,2026-07-17 09:01:31.955965
U124,I484,like,2026-08-09 15:30:31.955977
U48,I227,view,2026-06-15 22:03:31.955990
U559,I216,comment,2026-06-13 16:51:31.956002
U357,I264,view,2026-06-28 17:22:31.956014
U332,I174,view,2026-06-23 13:41:31.956026
U346,I486,like,2026-06-19 08:07:31.956038
U346,I294,like,2026-07-15 04:37:31.956051
U343,I22,comment,2026-06-16 12:36:31.956063
U848,I465,comment,2026-07-26 19:33:31.956075
U922,I127,comment,2026-07-05 07:17:31.956087
U636,I149,view,2026-07-07 00:42:31.956099
U131,I228,like,2026-06-27 03:59:31.956112
U439,I489,comment,2026-08-02 07:57:31.956124
U553,I466,like,2026-07-16 14:45:31.956136
U785,I353,like,2026-08-08 05:59:31.956150
U315,I406,like,2026-06-13 13:11:31.956162
U566,I138,view,2026-07-13 08:17:31.956175
U935,I23,view,2026-06-10 03:19:31.956187
U265,I464,comment,2026-07-29 12:31:31.956199
U108,I249,comment,2026-07-19 02:16:31.956213
U678,I99,comment,2026-06-17 18:50:31.956226
U890,I103,view,2026-07-16 18:02:31.956238
U109,I217,view,2026-06-04 08:52:31.956253
U907,I193,comment,2026-07-19 11:50:31.956265
U991,I17,comment,2026-06-22 05:34:31.956277
U915,I347,view,2026-06-11 15:56:31.956290
U898,I355,comment,2026-06-21 12:41:31.956304
U523,I376,view,2026-07-10 01:45:31.956317
U545,I161,comment,2026-07-18 04:33:31.956329
U635,I38,like,2026-08-06 20:42:31.956342
U404,I330,comment,2026-07-01 04:03:31.956354
U656,I77,comment,2026-07-16 11:07:31.956367
U972,I46,view,2026-07-02 02:11:31.956379
U639,I120,view,2026-06-20 02:59:31.956394
U460,I275,view,2026-07-13 23:25:31.956407
U221,I232,comment,2026-08-07 01:32:31.956419
U74,I495,like,2026-07-17 11:04:31.956432
U588,I108,like,2026-07-03 14:05:31.956444
U758,I136,comment,2026-06-11 07:42:31.956456
U686,I305,view,2026-07-29 10:22:31.956469
U948,I457,comment,2026-07-20 08:44:31.956481
U958,I224,view,2026-08-10 12:06:31.956493
U276,I225,like,2026-07-16 04:30:31.956507
U40,I247,view,2026-06-19 04:53:31.956520
U205,I199,comment,2026-08-05 14:50:31.956532
U821,I260,comment,2026-07-08 20:33:31.956544
U403,I402,view,2026-07-26 14:11:31.956556
U442,I460,view,2026-06-19 04:13:31.956568
U142,I387,like,2026-07-22 18:07:31.956581
U684,I496,view,2026-07-28 08:33:31.956593
U480,I487,like,2026-07-11 16:14:31.956606
U794,I254,like,2026-07-30 00:00:31.956618
U372,I199,comment,2026-07-26 00:44:31.956630
U74,I79,like,2026-08-11 09:22:31.956643
U27,I282,comment,2026-07-01 03:49:31.956657
U675,I259,view,2026-07-11 01:44:31.956670
U806,I300,like,2026-07-09 09:21:31.956682
U239,I72,view,2026-07-15 01:50:31.956694
U185,I174,comment,2026-07-08 04:25:31.956707
U20,I3,view,2026-06-23 17:05:31.956719
U803,I370,like,2026-07-12 11:07:31.956731
U938,I251,view,2026-07-23 10:59:31.956744
U417,I334,view,2026-08-07 15:06:31.956756
U714,I488,like,2026-08-09 00:38:31.956768
U207,I461,comment,2026-08-05 04:07:31.956780
U840,I466,like,2026-06-14 20:42:31.956792
U415,I173,view,2026-07-25 15:00:31.956805
U128,I301,view,2026-07-13 09:59:31.956817
U444,I374,view,2026-07-18 12:47:31.956831
U631,I455,view,2026-06-18 00:45:31.956844
U879,I227,view,2026-07-02 16:11:31.956856
U835,I494,like,2026-06-05 19:21:31.956870
U510,I410,like,2026-07-04 00:57:31.956883
U45,I12,comment,2026-07-18 01:00:31.956895
U961,I193,like,2026-07-17 12:41:31.956907
U806,I122,like,2026-07-02 07:33:31.956920
U32,I26,comment,2026-06-06 02:09:31.956932
U605,I40,view,2026-06-12 17:09:31.956944
U499,I158,comment,2026-07-24 21:41:31.956957
U396,I286,comment,2026-08-04 07:52:31.956969
U676,I372,view,2026-07-08 02:24:31.956981
U244,I257,view,2026-07-01 02:31:31.956994
U447,I95,like,2026-07-10 06:23:31.957006
U913,I244,view,2026-06-28 06:00:31.957019
U819,I154,like,2026-06-05 13:29:31.957031
U332,I130,comment,2026-06-27 04:14:31.957045
U447,I219,like,2026-06-25 04:19:31.957057
U152,I148,view,2026-06-06 21:26:31.957070
U511,I157,like,2026-07-17 21:18:31.957082
U174,I250,view,2026-07-09 22:10:31.957094
U903,I119,view,2026-08-06 01:13:31.957106
U256,I55,view,2026-06-06 00:30:31.957118
U618,I257,view,2026-06-30 00:58:31.957130
U177,I214,like,2026-06-08 07:34:31.957142
U264,I351,view,2026-07-27 04:11:31.957154
U84,I324,like,2026-07-30 10:06:31.957167
U209,I365,like,2026-06-20 09:09:31.957181
U890,I299,view,2026-07-28 08:10:31.957193
U125,I160,view,2026-08-09 15:58:31.957206
U14,I236,view,2026-07-31 15:27:31.957220
U216,I440,like,2026-06-12 14:13:31.957233
U712,I3,comment,2026-06-07 10:40:31.957245
U279,I485,view,2026-07-19 07:08:31.957257
U945,I399,comment,2026-07-04 14:40:31.957270
U464,I472,comment,2026-08-05 08:43:31.957282
U372,I424,view,2026-07-18 15:04:31.957295
U113,I375,comment,2026-06-13 16:14:31.957307
U712,I194,comment,2026-08-11 04:32:31.957320
U303,I161,comment,2026-06-22 22:44:31.957332
U603,I428,like,2026-06-20 08:05:31.957344
U86,I456,like,2026-07-06 06:05:31.957358
U702,I419,view,2026-07-14 14:31:31.957370
U379,I225,view,2026-07-06 08:42:31.957382
U503,I471,view,2026-07-01 20:40:31.957394
U769,I417,comment,2026-07-08 22:22:31.957407
U836,I242,view,2026-07-03 10:01:31.957419
U394,I205,comment,2026-06-29 01:58:31.957431
U996,I201,like,2026-06-21 15:58:31.957445
U361,I64,like,2026-06-27 07:25:31.957457
U687,I377,comment,2026-06-14 12:13:31.957470
U143,I300,comment,2026-07-14 12:55:31.957482
U337,I450,comment,2026-07-25 23:44:31.957494
U72,I251,comment,2026-08-06 04:29:31.957506
U294,I293,view,2026-06-23 22:15:31.957518
U531,I253,view,2026-07-30 14:28:31.957530
U607,I285,view,2026-06-28 10:41:31.957543
U147,I239,comment,2026-07-15 14:37:31.957555
U758,I141,like,2026-07-27 16:00:31.957569
U5,I220,like,2026-06-10 07:20:31.957582
U716,I283,comment,2026-06-09 19:32:31.957594
U41,I212,view,2026-07-27 08:14:31.957607
U609,I423,view,2026-06-30 06:54:31.957620
U802,I347,like,2026-06-14 02:11:31.957632
U538,I221,view,2026-07-17 17:51:31.957645
U35,I31,comment,2026-06-29 05:41:31.957657
U143,I156,comment,2026-07-03 12:43:31.957669
U207,I299,like,2026-07-20 11:07:31.957682
U166,I409,like,2026-07-19 10:40:31.957694
U253,I28,like,2026-08-03 17:38:31.957706
U557,I356,like,2026-06-21 06:04:31.957718
U840,I459,like,2026-07-20 19:43:31.957730
U840,I10,like,2026-08-01 22:58:31.957748
U943,I57,view,2026-07-18 21:47:31.957761
U684,I10,comment,2026-07-10 15:26:31.957773
U257,I256,view,2026-07-13 09:32:31.957785
U351,I267,comment,2026-07-13 17:24:31.957797
U380,I68,view,2026-07-16 11:27:31.957809
U364,I78,view,2026-07-07 02:07:31.957821
U106,I175,like,2026-07-17 16:00:31.957834
U197,I210,view,2026-07-01 04:38:31.957848
U958,I129,comment,2026-07-01 10:24:31.957860
U724,I488,view,2026-07-23 14:46:31.957872
U324,I37,comment,2026-06-20 18:42:31.957885
U900,I279,like,2026-06-13 15:40:31.957900
U513,I233,view,2026-08-03 17:34:31.957912
U672,I123,comment,2026-07-11 01:22:31.957926
U992,I203,comment,2026-06-16 14:45:31.957939
U442,I498,like,2026-06-13 00:38:31.957951
U208,I413,view,2026-06-08 00:29:31.957964
U824,I294,comment,2026-06-08 03:40:31.957975
U906,I381,view,2026-07-03 00:32:31.957990
U680,I128,like,2026-06-30 14:24:31.958002
U669,I273,like,2026-07-13 01:35:31.958015
U967,I349,comment,2026-08-07 15:41:31.958027
U709,I62,view,2026-06-16 21:05:31.958039
U767,I298,like,2026-06-05 22:25:31.958051
U442,I66,comment,2026-07-04 04:29:31.958064
U956,I308,comment,2026-06-15 03:22:31.958076
U481,I215,view,2026-07-27 12:43:31.958088
U606,I100,comment,2026-06-10 13:45:31.958100
U958,I274,comment,2026-07-30 07:51:31.958113
U441,I268,comment,2026-08-01 04:33:31.958126
U496,I494,view,2026-07-01 04:23:31.958139
U195,I222,comment,2026-06-21 10:37:31.958151
U744,I429,view,2026-08-07 09:47:31.958163
U92,I416,like,2026-07-30 21:33:31.958176
U670,I476,comment,2026-08-04 19:36:31.958189
U621,I388,like,2026-06-10 23:12:31.958201
U805,I317,comment,2026-06-07 06:28:31.958213
U758,I346,like,2026-08-11 00:15:31.958226
U192,I276,view,2026-07-01 11:46:31.958238
U162,I51,like,2026-07-31 12:39:31.958256
U794,I440,comment,2026-06-14 20:33:31.958269
U77,I292,like,2026-06-15 03:10:31.958281
U280,I460,comment,2026-06-06 07:04:31.958296
U815,I195,like,2026-07-15 02:15:31.958309
U835,I370,comment,2026-07-04 20:52:31.958321
U705,I93,like,2026-08-08 14:06:31.958333
U96,I200,comment,2026-07-04 03:30:31.958346
U417,I111,view,2026-07-21 08:49:31.958358
U616,I108,view,2026-07-10 17:15:31.958370
U37,I267,like,2026-07-16 14:56:31.958383
U193,I374,like,2026-07-07 22:44:31.958395
U131,I165,like,2026-06-11 12:29:31.958407
U551,I46,comment,2026-08-10 12:19:31.958419
U240,I27,view,2026-06-27 19:41:31.958432
U321,I160,view,2026-06-03 22:54:31.958446
U539,I429,comment,2026-08-05 20:47:31.958459
U688,I140,like,2026-08-06 06:05:31.958472
U144,I452,comment,2026-06-24 15:53:31.958484
U304,I97,comment,2026-08-07 08:21:31.958496
U499,I143,comment,2026-08-10 12:20:31.958508
U778,I488,view,2026-06-18 04:43:31.958520
U217,I377,like,2026-07-26 01:49:31.958533
U527,I27,view,2026-06-14 14:38:31.958545
U962,I451,view,2026-06-17 11:33:31.958557
U810,I238,like,2026-07-30 02:46:31.958569
U271,I138,like,2026-07-15 07:38:31.958582
U950,I403,like,2026-08-04 00:01:31.958594
U24,I464,view,2026-08-10 17:42:31.958606
U479,I247,like,2026-06-11 21:55:31.958619
U570,I89,like,2026-06-11 03:34:31.958631
U336,I359,view,2026-07-20 20:21:31.958647
U961,I475,like,2026-06-03 23:24:31.958660
U890,I250,comment,2026-06-15 12:36:31.958672
U658,I112,comment,2026-07-03 03:09:31.958685
U363,I175,comment,2026-07-02 16:57:31.958697
U407,I33,comment,2026-07-31 05:56:31.958709
U454,I182,comment,2026-07-22 07:56:31.958722
U345,I164,comment,2026-06-22 02:17:31.958734
U948,I54,comment,2026-06-30 05:17:31.958746
U960,I49,like,2026-07-07 08:48:31.958758
U416,I219,like,2026-07-11 22:08:31.958771
U912,I349,like,2026-06-20 00:44:31.958783
U222,I408,view,2026-06-05 00:33:31.958797
U890,I65,view,2026-07-18 14:20:31.958810
U183,I236,view,2026-08-07 04:33:31.958822
U852,I71,like,2026-07-11 08:41:31.958834
U60,I478,view,2026-08-02 21:24:31.958846
U212,I452,comment,2026-07-22 13:44:31.958858
U651,I127,view,2026-08-07 05:34:31.958870
U447,I80,comment,2026-06-16 12:20:31.958882
U875,I379,view,2026-06-17 00:47:31.958895
U659,I453,comment,2026-06-26 22:26:31.958907
U185,I456,comment,2026-07-02 04:40:31.958919
U484,I96,like,2026-06-08 16:12:31.958931
U905,I426,view,2026-08-05 11:20:31.958943
U851,I67,view,2026-06-17 21:14:31.958955
U885,I22,like,2026-07-01 21:06:31.958970
U941,I57,view,2026-06-18 04:08:31.958988
U112,I75,comment,2026-07-11 06:44:31.959011
U613,I124,view,2026-06-09 09:45:31.959024
U806,I185,comment,2026-06-30 18:49:31.959038
U683,I471,like,2026-07-16 15:13:31.959050
U821,I92,like,2026-06-05 12:44:31.959065
U91,I215,view,2026-07-25 19:32:31.959077
U181,I17,view,2026-07-07 04:31:31.959090
U876,I334,view,2026-06-11 13:50:31.959102
U333,I306,like,2026-08-07 15:48:31.959115
U3,I367,comment,2026-07-19 22:43:31.959127
U194,I201,comment,2026-07-23 05:01:31.959139
U401,I136,comment,2026-07-19 23:42:31.959151
U215,I421,like,2026-06-04 16:19:31.959164
U796,I288,comment,2026-06-19 06:57:31.959176
U95,I129,like,2026-07-28 14:31:31.959188
U706,I389,view,2026-08-11 03:41:31.959201
U646,I28,comment,2026-06-15 13:21:31.959213
U153,I84,comment,2026-07-06 14:35:31.959225
U735,I256,like,2026-07-13 18:48:31.959237
U160,I236,view,2026-08-07 13:24:31.959251
U867,I321,view,2026-07-02 05:35:31.959264
U943,I279,comment,2026-06-11 23:17:31.959276
U493,I54,like,2026-06-18 01:48:31.959289
U937,I111,like,2026-06-23 15:26:31.959301
U768,I190,like,2026-08-08 05:42:31.959313
U14,I22,view,2026-08-07 21:12:31.959326
U921,I30,view,2026-07-04 07:56:31.959338
U216,I324,like,2026-07-11 16:38:31.959350
U526,I374,comment,2026-06-14 02:06:31.959365
U980,I243,comment,2026-07-12 17:32:31.959377
U290,I206,comment,2026-06-22 15:09:31.959390
U423,I61,comment,2026-07-27 18:00:31.959402
U566,I336,comment,2026-06-30 17:35:31.959415
U669,I14,like,2026-07-16 12:00:31.959427
U280,I411,comment,2026-06-14 18:51:31.959439
U221,I112,like,2026-06-08 01:10:31.959451
U293,I419,comment,2026-07-10 15:17:31.959466
U664,I403,view,2026-07-05 05:31:31.959479
U876,I442,view,2026-07-16 21:17:31.959491
U960,I421,like,2026-07-12 09:56:31.959503
U303,I383,comment,2026-06-05 22:41:31.959517
U205,I170,like,2026-06-30 10:59:31.959529
U320,I253,like,2026-07-14 06:57:31.959542
U996,I387,like,2026-06-25 23:39:31.959554
U375,I55,view,2026-06-27 08:22:31.959567
U405,I291,view,2026-07-07 15:25:31.959579
U367,I360,view,2026-07-09 23:31:31.959592
U935,I296,comment,2026-07-13 01:11:31.959604
U808,I210,like,2026-08-08 00:43:31.959619
U804,I475,view,2026-07-22 00:27:31.959631
U722,I112,comment,2026-06-05 02:47:31.959644
U322,I78,like,2026-06-21 00:10:31.959656
U863,I202,view,2026-07-18 01:41:31.959668
U528,I131,view,2026-07-30 02:51:31.959680
U90,I4,view,2026-07-28 06:59:31.959692
U188,I497,like,2026-07-13 03:40:31.959704
U94,I374,comment,2026-07-12 00:29:31.959717
U361,I245,view,2026-06-15 03:12:31.959731
U377,I429,view,2026-07-24 19:31:31.959842
U464,I328,like,2026-07-21 21:51:31.959857
U496,I203,comment,2026-08-07 17:31:31.959869
U279,I35,comment,2026-07-29 17:34:31.959882
U958,I219,comment,2026-07-23 08:29:31.959894
U58,I94,view,2026-06-29 21:10:31.959906
U47,I279,like,2026-07-22 17:54:31.959919
U809,I249,like,2026-07-26 13:05:31.959931
U604,I286,like,2026-07-31 17:46:31.959943
U16,I317,like,2026-07-09 21:49:31.959955
U653,I387,like,2026-07-14 11:43:31.959970
U913,I343,like,2026-06-17 15:54:31.959983
U156,I85,view,2026-06-14 18:20:31.959995
U378,I16,like,2026-06-07 15:12:31.960007
U689,I341,comment,2026-06-21 03:40:31.960020
U403,I459,like,2026-06-22 03:12:31.960032
U266,I13,comment,2026-07-03 11:08:31.960044
U693,I330,view,2026-06-18 23:30:31.960057
U829,I168,like,2026-06-17 21:42:31.960069
U55,I471,view,2026-06-30 05:58:31.960081
U551,I478,like,2026-06-12 19:52:31.960093
U672,I150,comment,2026-07-06 03:53:31.960106
U468,I351,view,2026-08-09 15:27:31.960118
U51,I486,comment,2026-06-26 19:05:31.960130
U159,I159,comment,2026-07-06 11:49:31.960143
U441,I200,comment,2026-06-17 12:44:31.960157
U316,I352,view,2026-07-22 15:03:31.960169
U441,I475,view,2026-08-11 09:20:31.960183
U696,I495,view,2026-06-15 03:27:31.960196
U316,I107,view,2026-07-05 15:39:31.960208
U517,I81,view,2026-06-05 03:59:31.960220
U364,I463,view,2026-08-10 08:09:31.960232
U542,I167,comment,2026-06-20 02:31:31.960245
U185,I171,view,2026-07-03 22:48:31.960257
U169,I292,comment,2026-07-26 01:14:31.960269
U386,I194,view,2026-06-04 11:52:31.960281
U870,I74,like,2026-07-29 20:08:31.960293
U335,I229,view,2026-07-28 08:59:31.960306
U499,I125,view,2026-07-15 03:30:31.960318
U735,I423,comment,2026-06-23 15:41:31.960331
U839,I367,view,2026-06-08 01:27:31.960343
U169,I242,like,2026-06-06 14:23:31.960358
U698,I138,comment,2026-07-26 17:40:31.960371
U197,I399,view,2026-06-10 22:38:31.960383
U246,I129,view,2026-07-19 22:46:31.960395
U896,I449,comment,2026-07-04 22:48:31.960408
U407,I53,like,2026-07-10 15:53:31.960420
U102,I479,comment,2026-06-18 06:21:31.960432
U746,I380,comment,2026-08-03 22:04:31.960444
U559,I24,comment,2026-06-26 02:52:31.960457
U405,I86,view,2026-06-22 20:53:31.960469
U395,I387,view,2026-06-04 21:51:31.960481
U532,I356,view,2026-06-29 23:20:31.960494
U965,I315,like,2026-07-18 02:08:31.960508
U995,I128,view,2026-07-19 15:19:31.960520
U910,I9,like,2026-06-10 22:06:31.960535
U957,I407,view,2026-06-11 07:35:31.960548
U930,I318,comment,2026-08-04 05:49:31.960560
U532,I490,comment,2026-06-16 06:06:31.960572
U724,I165,comment,2026-08-03 22:37:31.960585
U235,I341,comment,2026-07-17 23:26:31.960597
U48,I435,view,2026-06-23 15:49:31.960609
U233,I356,view,2026-07-21 09:53:31.960621
U889,I51,view,2026-07-20 07:08:31.960633
U557,I14,like,2026-07-06 21:00:31.960646
U593,I379,like,2026-07-18 10:50:31.960658
U480,I215,view,2026-08-05 15:10:31.960670
U823,I69,view,2026-07-24 07:27:31.960682
U505,I494,comment,2026-06-17 23:52:31.960697
U992,I401,like,2026-06-15 08:08:31.960710
U993,I312,view,2026-08-11 14:49:31.960722
U93,I397,view,2026-07-28 11:22:31.960734
U163,I476,like,2026-08-04 20:15:31.960747
U394,I110,like,2026-06-27 05:09:31.960762
U782,I187,like,2026-08-09 00:05:31.960775
U6,I321,like,2026-07-20 22:41:31.960787
U593,I50,comment,2026-07-29 00:08:31.960799
U221,I37,like,2026-07-20 18:31:31.960811
U833,I422,comment,2026-06-14 20:05:31.960823
U778,I351,like,2026-06-11 00:55:31.960836
U68,I149,like,2026-06-18 19:08:31.960849
U566,I90,like,2026-07-27 13:03:31.960861
U496,I23,like,2026-07-20 14:04:31.960873
U125,I281,view,2026-07-04 00:23:31.960887
U495,I95,like,2026-08-01 14:26:31.960900
U187,I318,comment,2026-06-17 19:39:31.960912
U18,I459,like,2026-08-02 22:35:31.960925
U679,I395,comment,2026-06-28 14:23:31.960937
U650,I163,comment,2026-06-20 11:13:31.960950
U714,I352,like,2026-08-11 02:56:31.960962
U715,I2,view,2026-08-02 06:10:31.960974
U671,I297,view,2026-06-04 09:36:31.960987
U766,I40,comment,2026-07-08 14:07:31.960999
U889,I175,like,2026-06-03 20:37:31.961012
U178,I480,comment,2026-07-14 17:09:31.961025
U542,I122,comment,2026-07-22 22:11:31.961038
U802,I442,view,2026-06-29 01:18:31.961050
U116,I190,like,2026-07-14 09:03:31.961063
U291,I368,comment,2026-07-15 02:54:31.961082
U445,I316,like,2026-08-01 11:53:31.961104
U476,I499,view,2026-08-06 12:00:31.961125
U919,I366,view,2026-06-22 13:08:31.961145
U463,I5,like,2026-06-28 21:39:31.961164
U144,I272,like,2026-08-08 19:30:31.961177
U864,I130,like,2026-08-07 14:12:31.961189
U638,I121,view,2026-06-06 03:12:31.961206
U736,I266,like,2026-06-23 04:43:31.961218
U955,I372,like,2026-07-17 01:41:31.961231
U642,I365,view,2026-06-14 10:34:31.961243
U116,I91,like,2026-07-27 13:34:31.961255
U115,I194,view,2026-06-10 19:44:31.961269
U12,I12,comment,2026-06-18 04:36:31.961282
U891,I363,like,2026-07-26 15:14:31.961296
U271,I357,like,2026-06-23 02:23:31.961309
U239,I71,view,2026-06-05 20:06:31.961321
U772,I179,like,2026-06-08 01:54:31.961333
U461,I196,like,2026-07-09 23:29:31.961345
U151,I335,like,2026-07-27 21:39:31.961360
U90,I112,like,2026-08-02 20:18:31.961373
U447,I239,view,2026-07-11 07:25:31.961385
U742,I148,like,2026-06-24 16:04:31.961397
U977,I463,view,2026-07-23 06:04:31.961409
U171,I455,comment,2026-06-27 20:35:31.961421
U695,I13,like,2026-06-04 15:06:31.961433
U775,I42,comment,2026-07-02 05:49:31.961445
U517,I56,like,2026-07-03 10:03:31.961458
U945,I239,view,2026-06-23 22:51:31.961470
U421,I377,like,2026-06-18 10:03:31.961482
U7,I91,comment,2026-08-03 02:35:31.961495
U341,I96,view,2026-07-06 16:46:31.961507
U895,I131,like,2026-07-03 11:35:31.961519
U453,I119,like,2026-07-27 07:13:31.961531
U175,I20,view,2026-06-20 15:25:31.961544
U306,I42,comment,2026-06-10 09:53:31.961556
U826,I476,comment,2026-07-23 20:02:31.961568
U656,I438,like,2026-07-17 01:56:31.961581
U968,I344,like,2026-07-09 23:20:31.961593
U810,I101,like,2026-06-17 11:03:31.961608
U534,I143,like,2026-08-06 07:29:31.961620
U680,I175,like,2026-07-02 02:42:31.961632
U330,I407,comment,2026-08-11 14:14:31.961646
U540,I132,view,2026-07-13 17:07:31.961658
U167,I280,comment,2026-07-05 06:04:31.961671
U951,I250,comment,2026-08-06 03:55:31.961683
U238,I400,comment,2026-06-26 22:31:31.961695
U256,I223,comment,2026-06-17 07:28:31.961707
U503,I25,view,2026-08-11 04:49:31.961720
U572,I335,view,2026-07-22 03:36:31.961732
U24,I333,comment,2026-07-07 02:06:31.961754
U279,I337,comment,2026-08-08 03:51:31.961766
U347,I478,view,2026-07-21 16:31:31.961779
U329,I167,view,2026-08-11 02:59:31.961791
U86,I254,like,2026-07-02 14:42:31.961805
U171,I232,view,2026-06-18 16:18:31.961817
U453,I124,view,2026-07-30 07:30:31.961830
U561,I95,view,2026-08-09 11:37:31.961842
U120,I433,view,2026-06-23 00:43:31.961854
U929,I120,like,2026-08-10 20:12:31.961867
U369,I55,like,2026-06-04 10:30:31.961879
U161,I32,like,2026-07-19 13:34:31.961891
U28,I218,like,2026-07-07 22:32:31.961903
U546,I15,like,2026-06-16 14:02:31.961915
U610,I20,comment,2026-08-09 03:36:31.961928
U183,I155,like,2026-07-06 07:29:31.961940
U322,I32,like,2026-06-11 10:42:31.961952
U480,I326,view,2026-07-17 23:14:31.961964
U876,I486,comment,2026-08-04 18:22:31.961976
U736,I45,comment,2026-08-07 08:53:31.961988
U684,I201,comment,2026-06-23 14:39:31.962004
U360,I480,comment,2026-06-21 05:55:31.962017
U446,I467,view,2026-06-22 05:03:31.962030
U415,I487,like,2026-06-15 10:04:31.962042
U673,I45,like,2026-07-19 15:45:31.962054
U849,I28,comment,2026-06-05 15:11:31.962066
U676,I309,like,2026-07-14 19:21:31.962078
U649,I152,view,2026-06-10 12:08:31.962091
U82,I481,like,2026-06-23 11:04:31.962103
U673,I266,like,2026-06-20 06:18:31.962115
U63,I467,like,2026-08-02 17:58:31.962127
U771,I485,comment,2026-07-12 07:34:31.962139
U715,I208,comment,2026-06-09 13:17:31.962151
U411,I237,comment,2026-07-04 23:00:31.962167
U923,I36,view,2026-07-12 00:53:31.962179
U132,I137,view,2026-07-06 12:07:31.962191
U755,I14,like,2026-06-28 18:48:31.962204
U39,I290,like,2026-08-03 05:25:31.962216
U460,I216,comment,2026-07-12 16:40:31.962228
U76,I477,comment,2026-06-30 08:27:31.962240
U776,I408,like,2026-07-31 02:19:31.962253
U905,I78,view,2026-07-24 02:45:31.962265
U568,I2,comment,2026-06-08 18:08:31.962277
U358,I490,like,2026-07-15 00:58:31.962289
U462,I258,like,2026-07-02 17:51:31.962301
U471,I336,like,2026-07-13 11:15:31.962313
U882,I97,view,2026-07-29 06:59:31.962326
U60,I316,comment,2026-06-14 22:22:31.962340
U602,I329,view,2026-07-26 05:07:31.962354
U544,I137,view,2026-06-21 11:50:31.962367
U568,I242,like,2026-07-09 23:53:31.962379
U725,I257,comment,2026-07-26 22:27:31.962391
U469,I490,like,2026-06-16 10:53:31.962406
U622,I448,like,2026-07-23 06:23:31.962418
U643,I371,comment,2026-06-09 01:31:31.962430
U483,I456,view,2026-06-15 18:14:31.962442
U16,I83,view,2026-07-19 15:04:31.962454
U30,I457,view,2026-07-20 17:50:31.962467
U589,I257,comment,2026-06-12 05:07:31.962479
U433,I100,view,2026-06-17 15:13:31.962491
U819,I270,comment,2026-07-07 20:51:31.962503
U293,I273,comment,2026-07-18 13:39:31.962516
U138,I346,comment,2026-07-20 05:12:31.962528
U599,I285,like,2026-07-13 18:54:31.962540
U740,I388,comment,2026-06-11 04:58:31.962552
U355,I67,view,2026-07-21 00:14:31.962564
U617,I39,view,2026-06-06 02:37:31.962577
U566,I213,view,2026-07-01 12:15:31.962589
U414,I85,like,2026-06-29 17:59:31.962602
U254,I170,like,2026-07-21 11:19:31.962615
U877,I159,like,2026-07-07 07:04:31.962627
U645,I80,like,2026-08-02 08:00:31.962639
U420,I217,like,2026-07-20 10:55:31.962652
U276,I399,like,2026-08-01 05:04:31.962664
U268,I353,like,2026-08-03 11:17:31.962676
U383,I203,view,2026-07-24 23:16:31.962688
U261,I451,view,2026-07-11 13:52:31.962701
U181,I497,comment,2026-07-23 13:20:31.962726
U410,I87,view,2026-06-22 04:03:31.962739
U429,I93,like,2026-07-25 02:05:31.962752
U373,I235,like,2026-07-17 01:04:31.962764
U282,I136,comment,2026-07-09 18:50:31.962776
U818,I366,like,2026-06-05 10:59:31.962789
U929,I452,view,2026-07-14 22:27:31.962801
U208,I138,comment,2026-07-29 10:12:31.962816
U86,I39,like,2026-06-30 07:23:31.962828
U347,I135,view,2026-07-18 17:07:31.962840
U300,I290,comment,2026-06-29 07:39:31.962853
U656,I147,like,2026-08-04 10:55:31.962865
U646,I283,view,2026-06-07 10:11:31.962878
U306,I91,view,2026-07-15 12:03:31.962893
U387,I121,view,2026-08-01 20:25:31.962906
U920,I187,like,2026-07-28 03:21:31.962918
U639,I56,like,2026-07-05 16:58:31.962930
U279,I385,comment,2026-06-14 10:12:31.962943
U625,I88,comment,2026-06-12 16:49:31.962955
U396,I147,like,2026-06-19 10:27:31.962967
U610,I449,view,2026-07-02 14:04:31.962982
U177,I129,comment,2026-06-06 12:40:31.962996
U209,I165,like,2026-06-13 12:04:31.963019
U929,I318,view,2026-06-24 17:52:31.963039
U903,I253,comment,2026-06-14 02:38:31.963060
U583,I415,like,2026-07-10 01:15:31.963262
U245,I437,like,2026-08-06 06:23:31.963291
U475,I161,like,2026-07-19 01:37:31.963310
U377,I483,view,2026-08-04 23:30:31.963333
U816,I270,like,2026-07-17 12:46:31.963351
U491,I452,view,2026-07-26 16:23:31.963369
U939,I351,like,2026-08-07 09:33:31.963439
U347,I490,comment,2026-06-22 01:39:31.963567
U175,I133,comment,2026-06-05 11:06:31.963626
U201,I39,like,2026-06-06 21:54:31.963671
U515,I46,like,2026-07-19 23:40:31.963711
U414,I153,like,2026-06-05 05:20:31.963751
U489,I273,view,2026-06-10 21:17:31.963789
U845,I196,like,2026-07-14 17:58:31.963829
U210,I381,like,2026-06-14 23:17:31.963881
U72,I471,comment,2026-06-15 07:34:31.963927
U425,I6,comment,2026-07-04 12:54:31.963958
U754,I380,view,2026-07-07 09:38:31.963979
U116,I371,like,2026-07-08 11:03:31.964003
U828,I442,view,2026-06-15 19:02:31.964025
U423,I124,view,2026-07-02 05:57:31.964038
U935,I158,view,2026-08-02 12:12:31.964050
U902,I415,like,2026-08-06 00:28:31.964063
U531,I467,comment,2026-06-18 10:14:31.964076
U978,I358,view,2026-08-08 11:12:31.964088
U395,I173,like,2026-07-04 04:07:31.964101
U79,I434,comment,2026-07-02 23:39:31.964114
U85,I179,view,2026-08-11 00:20:31.964126
U104,I55,like,2026-07-13 20:22:31.964138
U2,I71,view,2026-07-25 10:42:31.964151
U83,I212,like,2026-08-11 16:23:31.964167
U931,I130,like,2026-07-25 18:56:31.964183
U932,I246,like,2026-06-22 01:11:31.964196
U950,I415,view,2026-06-23 13:51:31.964208
U425,I404,view,2026-07-22 04:27:31.964220
U654,I68,like,2026-07-27 02:49:31.964233
U61,I283,comment,2026-08-04 13:20:31.964245
U270,I382,view,2026-06-16 15:54:31.964257
U561,I151,like,2026-07-08 23:29:31.964270
U37,I435,comment,2026-06-16 12:53:31.964282
U404,I390,comment,2026-06-16 14:11:31.964295
U619,I416,view,2026-06-04 08:13:31.964307
U988,I231,view,2026-07-19 01:14:31.964320
U167,I16,like,2026-06-13 21:51:31.964332
U69,I146,like,2026-07-17 12:06:31.964344
U858,I138,like,2026-07-19 09:42:31.964359
U401,I7,view,2026-06-29 12:49:31.964371
U228,I431,comment,2026-07-27 09:31:31.964383
U252,I361,view,2026-07-04 07:37:31.964396
U69,I367,comment,2026-06-20 03:32:31.964409
U377,I86,view,2026-06-08 16:41:31.964421
U948,I431,comment,2026-06-05 11:43:31.964433
U613,I362,view,2026-07-17 23:02:31.964445
U467,I499,comment,2026-06-12 18:51:31.964457
U481,I357,comment,2026-07-23 09:56:31.964469
U916,I385,comment,2026-06-08 21:43:31.964482
U783,I311,view,2026-07-27 07:39:31.964494
U607,I117,like,2026-07-11 21:12:31.964506
U321,I255,comment,2026-06-20 12:21:31.964520
U480,I337,view,2026-06-14 11:00:31.964535
U547,I434,like,2026-07-07 08:07:31.964670
U454,I222,like,2026-06-30 03:20:31.964791
U319,I368,view,2026-08-02 18:10:31.964828
U41,I188,view,2026-07-22 22:50:31.964850
U619,I139,view,2026-06-11 14:33:31.964870
U548,I52,comment,2026-08-11 10:16:31.964893
U790,I143,like,2026-06-20 23:14:31.964917
U57,I499,like,2026-07-11 19:03:31.964940
U996,I413,comment,2026-06-05 06:53:31.964963
U26,I447,like,2026-06-24 12:33:31.964988
U364,I392,view,2026-06-15 05:53:31.965039
U419,I316,view,2026-07-07 23:09:31.965061
U435,I366,like,2026-06-16 15:14:31.965080
U429,I108,comment,2026-07-14 20:46:31.965093
U692,I239,comment,2026-08-10 06:38:31.965106
U928,I248,comment,2026-08-04 09:05:31.965118
U816,I87,like,2026-08-06 15:35:31.965131
U90,I256,comment,2026-07-31 01:01:31.965146
U398,I84,view,2026-07-30 09:11:31.965158
U388,I159,view,2026-07-16 19:50:31.965170
U936,I53,view,2026-08-09 16:59:31.965183
U897,I401,like,2026-07-17 13:56:31.965195
U353,I298,comment,2026-08-06 06:58:31.965207
U513,I178,view,2026-06-15 04:43:31.965220
U239,I164,comment,2026-07-08 20:03:31.965232
U246,I172,like,2026-07-17 16:08:31.965244
U656,I125,comment,2026-07-01 14:02:31.965257
U782,I373,view,2026-07-12 17:13:31.965269
U38,I421,comment,2026-06-07 01:08:31.965289
U915,I213,view,2026-07-09 20:02:31.965303
U792,I396,comment,2026-07-01 01:50:31.965316
U917,I114,comment,2026-07-19 21:27:31.965328
U573,I415,view,2026-06-06 16:22:31.965341
U361,I372,view,2026-07-28 18:00:31.965353
U338,I38,like,2026-07-27 07:26:31.965365
U965,I169,view,2026-06-22 16:43:31.965378
U849,I148,comment,2026-07-01 03:32:31.965390
U812,I303,view,2026-08-07 03:44:31.965402
U84,I337,comment,2026-07-13 06:50:31.965415
U791,I86,like,2026-06-29 02:45:31.965427
U603,I384,view,2026-07-26 21:20:31.965440
U636,I140,view,2026-06-10 10:09:31.965452
U779,I433,comment,2026-07-12 23:59:31.965465
U898,I82,like,2026-06-16 00:27:31.965477
U406,I254,comment,2026-06-11 01:27:31.965489
U894,I299,view,2026-06-16 17:05:31.965501
U54,I72,like,2026-07-22 10:29:31.965513
U680,I264,comment,2026-07-18 07:53:31.965526
U38,I224,like,2026-08-06 11:25:31.965538
U573,I134,like,2026-07-11 15:48:31.965552
U584,I365,like,2026-07-31 02:23:31.965564
U289,I73,comment,2026-06-21 11:23:31.965576
U757,I163,comment,2026-07-13 16:34:31.965588
U226,I428,view,2026-06-23 09:00:31.965600
U348,I35,view,2026-07-24 11:19:31.965612
U691,I482,view,2026-06-28 22:52:31.965627
U384,I361,like,2026-07-12 10:59:31.965641
U164,I314,comment,2026-07-04 20:31:31.965654
U72,I159,like,2026-06-07 00:31:31.965666
U444,I382,like,2026-08-09 20:26:31.965678
U277,I30,view,2026-07-10 14:17:31.965690
U144,I11,comment,2026-07-20 10:26:31.965702
U209,I134,comment,2026-08-04 21:27:31.965717
U70,I269,view,2026-06-27 11:41:31.965729
U538,I253,like,2026-07-01 23:30:31.965741
U147,I266,like,2026-06-13 14:29:31.965753
U391,I461,comment,2026-06-17 22:12:31.965765
U914,I425,like,2026-06-12 20:21:31.965778
U223,I354,view,2026-08-08 02:16:31.965790
U293,I52,view,2026-06-17 00:55:31.965802
U67,I246,like,2026-07-07 19:49:31.965815
U49,I125,like,2026-06-05 15:49:31.965827
U822,I346,like,2026-08-06 06:23:31.965839
U516,I417,comment,2026-07-16 06:22:31.965851
U288,I44,view,2026-06-13 15:48:31.965864
U308,I127,comment,2026-06-13 10:09:31.965876
U823,I442,comment,2026-08-06 21:32:31.965888
U680,I92,view,2026-08-10 09:15:31.965900
U645,I309,like,2026-08-03 21:34:31.965912
U227,I241,view,2026-06-23 15:42:31.965924
U49,I374,like,2026-06-10 13:25:31.965936
U930,I34,like,2026-06-20 00:11:31.965950
U246,I476,comment,2026-06-28 15:20:31.965962
U742,I499,view,2026-07-05 05:20:31.965975
U510,I481,comment,2026-06-30 14:50:31.965989
U465,I122,comment,2026-07-11 16:43:31.966001
U783,I488,comment,2026-07-08 11:22:31.966014
U318,I182,comment,2026-07-15 15:15:31.966026
U338,I316,like,2026-07-23 21:32:31.966038
U256,I460,view,2026-08-01 17:52:31.966050
U628,I169,view,2026-07-20 01:35:31.966062
U206,I183,view,2026-06-07 02:55:31.966074
U113,I55,like,2026-07-30 02:46:31.966086
U390,I319,like,2026-06-20 13:37:31.966098
U322,I190,like,2026-07-21 10:31:31.966110
U842,I25,view,2026-06-16 13:21:31.966122
U749,I384,like,2026-07-25 08:14:31.966134
U707,I127,like,2026-06-13 09:55:31.966146
U968,I449,like,2026-07-24 02:27:31.966160
U373,I347,view,2026-08-05 11:25:31.966173
U318,I498,view,2026-06-25 11:58:31.966185
U322,I172,view,2026-08-09 05:44:31.966197
U475,I11,like,2026-07-08 13:28:31.966209
U256,I8,comment,2026-07-30 05:10:31.966221
U819,I407,comment,2026-08-10 12:57:31.966233
U394,I225,comment,2026-06-07 13:00:31.966245
U108,I163,view,2026-07-31 14:38:31.966257
U764,I422,comment,2026-07-15 00:09:31.966269
U834,I259,comment,2026-07-03 01:23:31.966281
U160,I54,comment,2026-07-16 19:58:31.966293
U575,I125,view,2026-07-19 14:58:31.966306
U676,I69,comment,2026-06-09 08:47:31.966318
U899,I427,view,2026-07-01 13:03:31.966335
U255,I27,like,2026-06-19 18:06:31.966347
U288,I27,comment,2026-06-21 05:49:31.966360
U335,I422,comment,2026-07-27 11:04:31.966372
U353,I85,view,2026-08-08 18:37:31.966384
U161,I117,view,2026-07-09 22:52:31.966407
U519,I317,like,2026-07-01 12:18:31.966420
U473,I393,like,2026-07-28 04:41:31.966432
U383,I279,like,2026-06-23 22:51:31.966444
U270,I271,view,2026-06-17 23:36:31.966456
U915,I43,view,2026-06-11 20:34:31.966469
U911,I423,view,2026-06-19 04:16:31.966481
U976,I491,comment,2026-06-17 21:56:31.966493
U366,I487,like,2026-07-07 20:55:31.966505
U694,I371,comment,2026-06-15 22:46:31.966519
U596,I34,view,2026-06-08 11:48:31.966531
U717,I298,comment,2026-07-14 06:59:31.966543
U856,I418,comment,2026-06-13 01:09:31.966555
U300,I152,comment,2026-07-19 22:44:31.966567
U785,I164,like,2026-07-21 03:30:31.966579
U844,I299,like,2026-08-09 02:04:31.966591
U264,I37,comment,2026-07-27 08:53:31.966603
U310,I446,like,2026-06-05 17:04:31.966615
U538,I192,comment,2026-06-23 19:57:31.966630
U374,I169,comment,2026-06-27 21:27:31.966643
U911,I4,like,2026-06-27 03:06:31.966655
U602,I240,comment,2026-06-18 07:11:31.966667
U703,I177,like,2026-07-31 11:03:31.966679
U914,I350,comment,2026-07-08 15:08:31.966693
U462,I480,like,2026-06-04 16:37:31.966709
U955,I315,view,2026-06-04 06:06:31.966721
U233,I216,comment,2026-07-29 19:02:31.966733
U776,I328,comment,2026-08-07 18:51:31.966747
U760,I65,view,2026-06-09 07:52:31.966760
U28,I29,view,2026-07-14 15:40:31.966771
U682,I39,comment,2026-06-28 19:38:31.966784
U921,I364,like,2026-06-15 00:16:31.966796
U507,I123,comment,2026-06-09 00:30:31.966808
U871,I216,like,2026-06-11 13:57:31.966820
U254,I54,comment,2026-08-02 22:27:31.966832
U226,I339,comment,2026-08-10 16:30:31.966844
U764,I249,view,2026-06-16 13:45:31.966856
U130,I410,view,2026-06-04 22:51:31.966868
U89,I197,comment,2026-07-10 23:17:31.966880
U492,I165,like,2026-06-28 10:22:31.966892
U353,I147,view,2026-07-26 12:33:31.966904
U734,I257,view,2026-06-12 03:41:31.966916
U894,I103,like,2026-06-03 15:07:31.966928
U575,I386,comment,2026-06-28 05:48:31.966940
U703,I460,view,2026-07-12 00:37:31.966952
U942,I46,comment,2026-06-10 22:22:31.966964
U53,I216,comment,2026-06-25 09:41:31.966976
U957,I260,like,2026-07-11 04:48:31.966988
U367,I380,comment,2026-08-01 20:05:31.967000
U709,I166,comment,2026-07-04 23:28:31.967011
U693,I213,like,2026-07-04 11:29:31.967024
U424,I286,view,2026-07-15 09:18:31.967036
U44,I289,like,2026-07-04 13:13:31.967050
U956,I382,like,2026-07-07 12:21:31.967063
U256,I208,view,2026-08-10 13:04:31.967075
U349,I291,comment,2026-07-14 06:56:31.967087
U122,I356,comment,2026-08-01 05:20:31.967099
U884,I464,like,2026-07-22 21:23:31.967111
U212,I300,comment,2026-07-05 00:41:31.967123
U192,I95,like,2026-07-19 02:15:31.967138
U928,I190,like,2026-06-26 08:12:31.967150
U152,I191,comment,2026-06-17 13:59:31.967162
U413,I34,view,2026-07-31 02:55:31.967174
U83,I485,like,2026-06-14 11:10:31.967186
U726,I219,view,2026-07-01 18:39:31.967198
U865,I378,comment,2026-06-22 00:55:31.967212
U859,I389,view,2026-07-07 12:44:31.967224
U593,I248,view,2026-07-15 03:30:31.967236
U538,I246,view,2026-06-04 05:34:31.967248
U847,I259,view,2026-06-17 15:01:31.967260
U418,I378,like,2026-08-04 01:41:31.967272
U585,I217,like,2026-08-06 12:17:31.967285
U355,I82,comment,2026-06-15 18:20:31.967297
U52,I133,view,2026-07-24 04:26:31.967312
U398,I292,like,2026-07-26 09:49:31.967324
U780,I177,view,2026-06-06 05:23:31.967336
U80,I216,comment,2026-07-30 17:07:31.967348
U240,I2,like,2026-07-30 14:56:31.967360
U494,I144,comment,2026-06-19 10:57:31.967372
U938,I367,like,2026-08-01 18:22:31.967384
U499,I199,like,2026-08-02 00:13:31.967398
U771,I310,like,2026-06-20 21:20:31.967410
U845,I257,comment,2026-07-20 15:34:31.967422
U477,I349,view,2026-08-10 06:53:31.967434
U856,I268,comment,2026-06-12 02:07:31.967446
U354,I115,comment,2026-08-11 10:18:31.967459
U430,I403,like,2026-07-27 00:21:31.967471
U197,I6,comment,2026-07-25 16:03:31.967483
U356,I213,comment,2026-07-24 01:47:31.967495
U656,I377,comment,2026-06-28 04:50:31.967507
U465,I191,comment,2026-06-16 08:49:31.967519
U748,I148,like,2026-06-17 11:49:31.967533
U533,I158,like,2026-08-11 15:54:31.967545
U818,I152,like,2026-06-08 05:06:31.967558
U36,I111,view,2026-07-28 07:53:31.967571
U480,I104,like,2026-07-22 23:45:31.967583
U770,I65,comment,2026-06-25 03:48:31.967595
U178,I363,comment,2026-07-15 02:33:31.967607
U885,I355,comment,2026-07-23 23:44:31.967619
U766,I406,comment,2026-07-31 05:50:31.967631
U699,I371,like,2026-07-11 17:52:31.967643
U859,I211,like,2026-08-01 06:43:31.967655
U570,I263,view,2026-06-04 07:28:31.967667
U154,I6,like,2026-06-23 16:14:31.967679
U3,I351,comment,2026-06-11 14:40:31.967692
U720,I368,view,2026-07-12 20:08:31.967704
U517,I341,comment,2026-07-30 04:54:31.967716
U677,I34,view,2026-07-12 08:30:31.967728
U204,I470,view,2026-06-12 08:05:31.967744
U895,I32,view,2026-08-02 11:01:31.967757
U96,I335,like,2026-06-27 02:13:31.967769
U780,I40,comment,2026-06-28 17:44:31.967781
U814,I308,like,2026-07-23 19:12:31.967793
U652,I200,comment,2026-07-07 19:04:31.967806
U402,I117,comment,2026-06-13 14:00:31.967818
U737,I480,view,2026-07-15 04:30:31.967830
U491,I89,view,2026-08-05 03:07:31.967841
U665,I126,like,2026-07-05 03:16:31.967853
U974,I434,comment,2026-06-19 21:38:31.967865
U527,I143,comment,2026-08-10 21:45:31.967877
U197,I102,view,2026-06-28 02:38:31.967889
U625,I25,view,2026-07-27 01:59:31.967902
U683,I339,view,2026-07-17 12:30:31.967915
U31,I426,like,2026-06-28 04:19:31.967928
U369,I111,comment,2026-06-15 05:18:31.967940
U705,I101,view,2026-06-05 06:28:31.967952
U110,I337,like,2026-07-28 16:43:31.967964
U727,I128,view,2026-07-11 14:47:31.967976
U129,I432,view,2026-07-02 00:50:31.967988
U975,I352,comment,2026-07-05 02:22:31.968001
U462,I425,like,2026-06-19 20:28:31.968013
U646,I175,like,2026-06-06 05:49:31.968025
U255,I27,comment,2026-07-06 04:02:31.968037
U513,I232,view,2026-08-06 05:26:31.968049
U467,I404,like,2026-07-31 09:09:31.968061
U717,I439,comment,2026-07-12 19:36:31.968073
U155,I145,view,2026-07-16 05:51:31.968088
U814,I277,view,2026-08-05 06:09:31.968102
U512,I182,like,2026-06-07 00:04:31.968114
U613,I489,view,2026-07-21 04:09:31.968126
U519,I257,like,2026-08-11 11:17:31.968139
U928,I365,like,2026-07-12 23:26:31.968151
U123,I141,view,2026-06-30 08:13:31.968163
U452,I254,comment,2026-07-18 09:59:31.968175
U588,I45,like,2026-07-06 10:15:31.968187
U743,I43,comment,2026-07-10 18:55:31.968199
U451,I211,comment,2026-07-30 07:14:31.968211
U520,I461,like,2026-07-30 15:31:31.968223
U720,I484,comment,2026-08-01 22:54:31.968235
U859,I290,view,2026-07-12 23:54:31.968247
U672,I137,view,2026-06-21 12:52:31.968259
U682,I417,like,2026-07-30 21:43:31.968273
U576,I156,view,2026-07-18 20:16:31.968286
U594,I398,comment,2026-07-25 13:33:31.968298
U687,I436,view,2026-07-19 12:41:31.968312
U758,I439,comment,2026-07-01 03:25:31.968324
U491,I426,comment,2026-07-06 20:54:31.968336
U78,I369,like,2026-06-23 11:14:31.968348
U548,I432,comment,2026-07-11 14:07:31.968360
U640,I174,like,2026-06-05 18:25:31.968372
U979,I451,like,2026-06-08 11:26:31.968385
U916,I298,like,2026-06-09 08:24:31.968397
U376,I304,comment,2026-06-07 06:32:31.968414
U409,I381,comment,2026-06-25 21:42:31.968427
U192,I72,like,2026-06-21 11:12:31.968439
U713,I333,view,2026-07-09 15:30:31.968453
U982,I479,view,2026-06-03 23:07:31.968466
U192,I196,like,2026-08-01 04:20:31.968478
U593,I399,comment,2026-08-03 22:00:31.968490
U157,I326,comment,2026-08-09 00:56:31.968502
U425,I196,like,2026-06-21 16:26:31.968514
U793,I167,view,2026-07-21 22:06:31.968527
U419,I17,view,2026-06-24 11:52:31.968539
U504,I273,like,2026-07-02 22:24:31.968551
U139,I0,view,2026-07-30 02:27:31.968563
U29,I462,like,2026-06-15 03:14:31.968575
U729,I109,view,2026-06-22 20:23:31.968588
U102,I483,like,2026-07-28 10:57:31.968600
U11,I388,view,2026-06-16 14:22:31.968612
U437,I202,comment,2026-07-03 19:40:31.968624
U225,I226,like,2026-08-10 05:51:31.968636
U204,I331,comment,2026-07-22 11:38:31.968649
U302,I396,comment,2026-06-27 00:32:31.968661
U229,I458,comment,2026-07-09 22:03:31.968673
U430,I247,like,2026-06-30 23:05:31.968685
U655,I51,view,2026-06-15 14:04:31.968697
U713,I1,comment,2026-07-05 21:52:31.968711
U675,I438,comment,2026-06-28 04:43:31.968723
U824,I146,like,2026-06-19 05:23:31.968735
U417,I250,comment,2026-08-08 17:46:31.968747
U325,I133,comment,2026-07-01 19:39:31.968759
U206,I307,like,2026-08-04 22:11:31.968771
U401,I128,view,2026-06-18 11:50:31.968784
U5,I302,view,2026-07-11 17:29:31.968801
U277,I217,view,2026-06-13 07:43:31.968813
U545,I253,view,2026-07-20 21:19:31.968825
U735,I338,like,2026-06-04 02:32:31.968837
U362,I264,view,2026-07-03 19:21:31.968849
U546,I63,like,2026-07-28 04:38:31.968861
U338,I108,like,2026-07-30 09:34:31.968873
U990,I301,like,2026-07-04 09:11:31.968887
U859,I451,comment,2026-07-31 04:50:31.968900
U323,I139,comment,2026-06-26 13:23:31.968912
U916,I24,view,2026-08-08 20:37:31.968924
U577,I167,view,2026-08-07 02:56:31.968936
U313,I7,like,2026-07-16 01:59:31.968948
U395,I62,comment,2026-06-17 10:55:31.968960
U806,I239,view,2026-08-10 15:35:31.968972
U41,I13,like,2026-06-20 01:09:31.968984
U687,I28,like,2026-07-01 19:18:31.968996
U214,I265,view,2026-07-13 16:26:31.969008
U263,I200,comment,2026-06-03 19:30:31.969020
U726,I118,view,2026-07-14 16:53:31.969032
U745,I254,comment,2026-07-20 14:55:31.969044
U864,I205,view,2026-07-21 17:13:31.969056
U839,I293,view,2026-08-08 21:07:31.969068
U567,I309,comment,2026-08-02 07:24:31.969080
U215,I54,view,2026-06-24 11:42:31.969092
U325,I484,view,2026-07-08 10:18:31.969106
U509,I34,view,2026-07-22 21:29:31.969119
U146,I55,like,2026-08-10 14:59:31.969131
U358,I150,like,2026-06-12 17:32:31.969145
U554,I326,comment,2026-06-13 05:40:31.969159
U811,I363,like,2026-07-10 04:54:31.969172
U645,I34,like,2026-08-03 22:49:31.969184
U989,I462,view,2026-06-13 02:27:31.969196
U42,I100,comment,2026-06-18 02:43:31.969208
U307,I440,view,2026-08-10 12:31:31.969221
U591,I150,like,2026-06-12 14:11:31.969233
U591,I144,like,2026-07-26 07:37:31.969245
U321,I289,comment,2026-06-16 06:24:31.969257
U639,I378,view,2026-08-08 12:34:31.969269
U746,I349,like,2026-06-03 15:00:31.969281
U790,I71,like,2026-06-22 01:24:31.969293
U555,I363,comment,2026-06-10 23:51:31.969306
U428,I239,comment,2026-07-03 16:11:31.969319
U37,I323,comment,2026-07-27 18:50:31.969332
U861,I372,view,2026-06-20 06:59:31.969344
U960,I163,like,2026-07-24 10:40:31.969356
U799,I485,comment,2026-08-10 07:30:31.969369
U663,I108,view,2026-06-17 03:16:31.969381
U837,I498,comment,2026-06-22 18:14:31.969393
U223,I273,comment,2026-07-16 17:31:31.969405
U297,I342,view,2026-06-13 10:37:31.969417
U199,I10,view,2026-08-02 17:42:31.969429
U522,I100,comment,2026-07-21 02:16:31.969441
U164,I353,view,2026-06-12 08:20:31.969453
U209,I324,view,2026-06-10 13:34:31.969465
U838,I229,view,2026-08-11 01:21:31.969477
U184,I197,comment,2026-07-20 18:32:31.969491
U522,I85,like,2026-06-29 21:03:31.969506
U125,I178,comment,2026-06-21 22:18:31.969518
U81,I282,comment,2026-08-01 03:54:31.969530
U227,I114,like,2026-08-04 18:17:31.969543
U832,I240,view,2026-07-05 01:29:31.969556
U57,I174,comment,2026-07-01 22:57:31.969568
U415,I431,comment,2026-06-27 22:22:31.969580
U73,I303,like,2026-06-08 17:19:31.969592
U801,I447,view,2026-06-21 23:31:31.969605
U565,I310,like,2026-08-08 19:05:31.969617
U895,I116,like,2026-07-28 15:00:31.969629
U543,I496,comment,2026-07-13 17:49:31.969642
U823,I224,comment,2026-08-08 18:48:31.969654
U366,I257,view,2026-06-04 08:20:31.969666
U929,I95,like,2026-06-10 23:25:31.969680
U856,I6,like,2026-07-04 19:37:31.969692
U13,I193,comment,2026-06-28 08:10:31.969704
U542,I246,like,2026-06-18 16:59:31.969716
U892,I329,like,2026-07-18 14:16:31.969728
U777,I305,comment,2026-06-12 12:58:31.969740
U951,I89,comment,2026-07-13 09:00:31.969752
U349,I384,comment,2026-08-05 23:51:31.969765
U193,I472,comment,2026-07-17 04:22:31.969776
U590,I430,comment,2026-06-29 10:46:31.969788
U970,I132,view,2026-07-09 17:55:31.969800
U97,I355,view,2026-07-14 16:34:31.969812
U323,I117,comment,2026-07-10 09:25:31.969824
U783,I90,comment,2026-07-02 11:21:31.969836
U736,I153,comment,2026-06-11 03:02:31.969853
U830,I485,view,2026-06-24 10:09:31.969866
U149,I438,comment,2026-07-30 03:14:31.969878
U737,I214,view,2026-06-17 21:31:31.969892
U587,I495,like,2026-06-08 11:05:31.969905
U115,I417,view,2026-07-09 13:58:31.969917
U971,I53,like,2026-08-01 14:50:31.969929
U322,I376,comment,2026-06-29 11:26:31.969941
U914,I127,like,2026-06-23 08:48:31.969953
U885,I176,like,2026-07-13 17:26:31.969965
U470,I219,comment,2026-06-05 20:06:31.969977
U430,I253,like,2026-06-13 18:12:31.969989
U377,I30,view,2026-07-05 04:13:31.970000
U768,I443,view,2026-08-10 23:47:31.970012
U993,I311,view,2026-07-24 10:06:31.970025
U516,I376,like,2026-08-05 16:03:31.970037
U880,I298,like,2026-07-19 05:48:31.970049
U444,I165,view,2026-08-06 07:44:31.970061
U181,I388,comment,2026-07-13 16:50:31.970073
U521,I487,comment,2026-08-07 03:12:31.970085
U254,I471,view,2026-07-15 14:22:31.970097
U764,I381,comment,2026-07-08 12:48:31.970109
U207,I352,like,2026-07-24 00:43:31.970121
U796,I276,view,2026-07-29 02:42:31.970133
U250,I153,view,2026-07-10 02:30:31.970145
U141,I142,comment,2026-07-01 16:25:31.970158
U54,I173,like,2026-07-13 23:56:31.970170
U884,I450,comment,2026-06-07 01:43:31.970182
U481,I436,view,2026-06-14 18:19:31.970197
U136,I206,like,2026-06-24 02:21:31.970209
U556,I3,view,2026-07-24 09:33:31.970221
U823,I85,comment,2026-06-11 04:32:31.970233
U756,I447,like,2026-06-30 14:23:31.970246
U90,I193,like,2026-06-12 07:03:31.970258
U537,I382,view,2026-07-07 08:42:31.970269
U791,I82,view,2026-06-10 04:58:31.970286
U523,I465,view,2026-07-08 10:35:31.970298
U593,I478,comment,2026-06-05 20:31:31.970310
U256,I246,comment,2026-06-06 23:49:31.970322
U824,I92,like,2026-06-15 06:03:31.970334
U480,I12,like,2026-06-10 12:36:31.970346
U569,I176,view,2026-07-17 10:15:31.970358
U480,I286,comment,2026-06-04 08:59:31.970371
U891,I355,like,2026-07-05 05:18:31.970385
U539,I49,view,2026-07-25 14:38:31.970397
U940,I62,view,2026-07-28 17:20:31.970416
U183,I370,view,2026-07-17 07:10:31.970428
U92,I395,view,2026-07-26 20:09:31.970442
U955,I492,view,2026-07-22 13:00:31.970454
U142,I261,view,2026-08-11 17:51:31.970466
U887,I480,comment,2026-07-25 22:54:31.970481
U356,I123,view,2026-06-20 01:27:31.970494
U256,I444,view,2026-08-03 04:54:31.970506
U933,I256,comment,2026-07-17 20:09:31.970518
U349,I188,comment,2026-08-05 23:14:31.970530
U863,I276,view,2026-07-27 21:18:31.970542
U325,I275,view,2026-07-21 01:48:31.970556
U87,I133,like,2026-08-07 04:12:31.970569
U911,I118,comment,2026-07-06 05:03:31.970581
U230,I14,like,2026-07-28 09:42:31.970593
U517,I77,comment,2026-06-29 14:40:31.970605
U195,I167,view,2026-07-15 06:35:31.970617
U891,I313,like,2026-07-14 18:22:31.970629
U457,I296,view,2026-07-08 05:11:31.970642
U368,I226,like,2026-07-03 23:59:31.970654
U848,I406,view,2026-06-19 15:44:31.970666
U730,I223,view,2026-07-30 03:43:31.970678
U94,I99,like,2026-06-05 13:17:31.970693
U812,I187,like,2026-06-25 02:10:31.970705
U427,I88,view,2026-07-05 17:10:31.970717
U928,I274,comment,2026-07-07 16:53:31.970729
U299,I491,view,2026-07-23 16:31:31.970741
U305,I224,comment,2026-08-07 05:34:31.970753
U701,I348,view,2026-06-23 20:07:31.970766
U179,I107,like,2026-06-20 08:20:31.970778
U174,I435,comment,2026-06-23 06:46:31.970790
U449,I90,view,2026-06-18 09:39:31.970802
U810,I333,view,2026-07-16 11:36:31.970814
U404,I239,view,2026-07-23 09:39:31.970826
U402,I107,like,2026-07-06 17:32:31.970838
U207,I124,like,2026-06-22 09:30:31.970850
U300,I198,like,2026-08-02 10:41:31.970862
U480,I80,view,2026-07-06 22:59:31.970874
U990,I456,like,2026-06-26 00:48:31.970886
U787,I7,like,2026-07-23 22:43:31.970898
U717,I455,comment,2026-07-14 11:17:31.970915
U623,I25,view,2026-07-16 23:36:31.970927
U801,I453,view,2026-06-27 08:34:31.970939
U288,I292,like,2026-06-15 08:02:31.970951
U92,I221,like,2026-07-19 16:50:31.970964
U873,I333,view,2026-07-22 13:46:31.970975
U879,I348,like,2026-07-22 00:17:31.970987
U965,I48,like,2026-06-07 21:41:31.971000
U973,I353,like,2026-07-07 11:58:31.971012
U421,I120,comment,2026-07-03 13:17:31.971024
U183,I384,like,2026-06-25 02:56:31.971036
U280,I185,comment,2026-07-14 23:27:31.971048
U74,I148,like,2026-06-24 06:42:31.971060
U650,I169,comment,2026-06-16 19:47:31.971074
U935,I474,comment,2026-07-28 23:21:31.971086
U166,I458,view,2026-07-10 19:02:31.971098
U77,I391,like,2026-06-15 03:18:31.971111
U1,I261,comment,2026-06-24 20:37:31.971123
U437,I40,like,2026-07-08 00:04:31.971135
U748,I396,comment,2026-06-04 19:08:31.971147
U44,I378,view,2026-08-06 08:37:31.971160
U187,I443,comment,2026-08-11 06:35:31.971172
U303,I214,view,2026-08-10 05:33:31.971184
U652,I53,comment,2026-07-18 23:58:31.971196
U627,I337,comment,2026-07-24 16:42:31.971208
U523,I424,view,2026-06-16 00:16:31.971220
U108,I465,view,2026-07-08 06:26:31.971233
U912,I420,like,2026-07-14 09:49:31.971245
U284,I37,like,2026-07-04 22:18:31.971263
U398,I320,comment,2026-06-23 03:54:31.971275
U557,I147,comment,2026-06-29 23:51:31.971287
U894,I476,like,2026-07-29 09:45:31.971299
U930,I38,comment,2026-07-11 01:15:31.971312
U57,I447,like,2026-06-10 15:18:31.971324
U280,I78,like,2026-06-25 01:28:31.971336
U585,I99,comment,2026-07-18 14:43:31.971348
U760,I130,like,2026-06-30 21:05:31.971360
U78,I409,like,2026-06-14 08:59:31.971372
U947,I7,view,2026-06-30 14:14:31.971384
U774,I87,view,2026-06-25 21:10:31.971396
U383,I12,like,2026-07-20 15:12:31.971408
U677,I337,like,2026-07-11 08:00:31.971420
U654,I476,view,2026-08-09 01:30:31.971434
U860,I217,comment,2026-07-02 08:56:31.971446
U96,I129,view,2026-07-11 21:38:31.971459
U239,I476,like,2026-06-13 00:37:31.971473
U203,I397,like,2026-06-27 08:33:31.971485
U782,I41,comment,2026-07-01 09:50:31.971497
U588,I389,comment,2026-07-10 08:28:31.971509
U261,I376,like,2026-07-27 07:04:31.971521
U576,I470,view,2026-06-09 13:43:31.971533
U169,I149,view,2026-07-26 15:37:31.971546
U160,I2,like,2026-06-26 15:00:31.971558
U981,I343,view,2026-08-05 06:12:31.971570
U365,I402,view,2026-07-26 08:35:31.971582
U48,I260,view,2026-06-10 22:21:31.971594
U362,I71,like,2026-07-02 17:43:31.971609
U893,I200,view,2026-08-11 12:09:31.971621
U123,I497,like,2026-07-04 20:54:31.971633
U621,I220,like,2026-07-12 09:59:31.971645
U988,I23,comment,2026-06-03 17:23:31.971658
U58,I244,view,2026-07-22 01:58:31.971670
U729,I69,comment,2026-06-04 13:56:31.971682
U940,I307,like,2026-07-21 17:51:31.971694
U908,I307,comment,2026-07-21 02:43:31.971706
U55,I126,view,2026-06-04 12:42:31.971718
U172,I187,like,2026-06-05 07:20:31.971730
U773,I86,comment,2026-07-20 00:32:31.971742
U614,I203,like,2026-07-21 00:19:31.971754
U574,I117,view,2026-07-17 04:34:31.971766
U302,I24,view,2026-07-21 17:14:31.971779
U493,I328,comment,2026-07-10 12:57:31.971791
U263,I107,view,2026-06-19 16:08:31.971803
U606,I136,like,2026-06-06 06:20:31.971815
U575,I387,comment,2026-06-05 17:09:31.971827
U537,I9,like,2026-07-22 08:58:31.971839
U26,I267,comment,2026-06-14 12:38:31.971852
U260,I420,like,2026-07-16 15:58:31.971866
U569,I210,view,2026-07-20 11:02:31.971878
U849,I65,view,2026-06-13 18:32:31.971890
U47,I263,comment,2026-08-09 23:31:31.971902
U340,I498,like,2026-06-04 04:57:31.971915
U849,I139,view,2026-06-26 07:20:31.971928
U875,I253,view,2026-08-02 04:50:31.971940
U342,I299,like,2026-07-14 03:57:31.971954
U120,I285,like,2026-07-23 14:09:31.971969
U477,I249,like,2026-08-02 07:06:31.971981
U60,I314,like,2026-06-28 20:11:31.971997
U259,I147,comment,2026-06-30 00:06:31.972009
U586,I353,like,2026-06-21 03:10:31.972021
U109,I354,like,2026-06-29 21:36:31.972033
U127,I248,comment,2026-06-07 19:39:31.972046
U10,I15,like,2026-06-08 04:54:31.972061
U262,I182,comment,2026-06-24 18:49:31.972073
U695,I455,view,2026-06-10 05:26:31.972085
U283,I468,view,2026-07-06 18:37:31.972097
U337,I345,comment,2026-06-04 04:09:31.972111
U213,I245,comment,2026-07-17 12:23:31.972123
U613,I193,comment,2026-07-08 12:19:31.972135
U968,I2,comment,2026-07-30 12:51:31.972147
U224,I201,comment,2026-06-06 10:07:31.972160
U59,I392,comment,2026-06-30 01:19:31.972172
U269,I53,like,2026-08-11 05:23:31.972184
U571,I54,view,2026-08-11 16:32:31.972196
U197,I223,view,2026-06-18 17:54:31.972209
U215,I256,view,2026-07-28 19:53:31.972221
U364,I430,like,2026-06-24 06:34:31.972234
U694,I483,view,2026-06-15 22:19:31.972248
U288,I2,comment,2026-07-23 04:14:31.972260
U594,I126,comment,2026-08-01 04:27:31.972274
U411,I9,like,2026-07-06 19:04:31.972287
U622,I396,view,2026-07-12 22:07:31.972299
U494,I498,comment,2026-07-08 20:07:31.972311
U135,I353,comment,2026-07-04 17:14:31.972325
U574,I148,view,2026-08-07 03:52:31.972337
U222,I341,view,2026-08-02 20:29:31.972350
U437,I100,comment,2026-06-30 01:30:31.972362
U535,I35,comment,2026-07-14 03:38:31.972374
U153,I133,view,2026-06-22 10:53:31.972386
U68,I127,comment,2026-07-20 14:43:31.972398
U499,I197,comment,2026-07-28 13:35:31.972415
U624,I424,view,2026-07-21 21:27:31.972428
U774,I313,like,2026-08-10 19:01:31.972440
U214,I489,view,2026-06-03 09:27:31.972452
U366,I123,view,2026-07-09 10:55:31.972464
U138,I379,view,2026-07-06 16:26:31.972476
U42,I267,view,2026-06-23 22:14:31.972488
U354,I96,like,2026-06-18 05:04:31.972501
U825,I286,comment,2026-07-21 06:49:31.972515
U297,I360,like,2026-08-03 08:50:31.972527
U86,I130,view,2026-06-17 23:59:31.972539
U500,I427,view,2026-07-15 02:37:31.972552
U466,I168,comment,2026-06-06 14:42:31.972564
U501,I103,view,2026-06-13 06:51:31.972576
U460,I438,comment,2026-08-08 11:17:31.972588
U282,I389,view,2026-06-16 18:24:31.972600
U40,I294,comment,2026-07-01 01:40:31.972612
U546,I34,view,2026-07-14 14:42:31.972624
U373,I421,comment,2026-07-12 05:07:31.972636
U588,I245,comment,2026-07-21 14:57:31.972649
U624,I197,like,2026-08-08 23:33:31.972663
U679,I102,view,2026-07-20 00:03:31.972677
U21,I175,comment,2026-07-24 02:51:31.972690
U930,I459,comment,2026-06-23 13:12:31.972702
U925,I434,view,2026-06-19 23:44:31.972714
U98,I472,like,2026-06-25 14:27:31.972726
U886,I381,like,2026-07-16 03:10:31.972738
U829,I56,view,2026-06-11 10:40:31.972750
U508,I494,comment,2026-07-03 18:07:31.972762
U639,I327,comment,2026-07-23 07:13:31.972774
U32,I242,view,2026-07-28 03:04:31.972786
U824,I53,view,2026-06-27 01:28:31.972798
U676,I406,view,2026-07-01 07:08:31.972810
U677,I232,like,2026-06-11 04:06:31.972822
U736,I217,view,2026-06-19 07:03:31.972835
U103,I198,comment,2026-06-26 17:57:31.972847
U473,I92,like,2026-07-05 11:55:31.972860
U253,I157,like,2026-08-01 00:38:31.972873
U32,I135,view,2026-07-12 15:07:31.972885
U450,I284,view,2026-07-04 15:23:31.972897
U460,I477,like,2026-07-29 14:22:31.972909
U394,I167,comment,2026-06-09 15:23:31.972922
U163,I281,like,2026-06-22 11:26:31.972934
U992,I73,view,2026-08-01 02:55:31.972946
U170,I434,comment,2026-06-03 19:48:31.972959
U575,I319,view,2026-06-24 05:22:31.972971
U521,I187,view,2026-07-27 20:23:31.972983
U264,I295,view,2026-06-19 19:29:31.972995
U65,I319,comment,2026-08-09 11:33:31.973007
U653,I271,comment,2026-08-02 17:42:31.973021
U736,I356,comment,2026-06-11 04:12:31.973036
U573,I398,comment,2026-07-09 08:16:31.973048
U197,I238,view,2026-07-22 04:17:31.973063
U63,I361,comment,2026-07-23 07:23:31.973075
U466,I460,comment,2026-07-24 08:04:31.973087
U126,I271,comment,2026-07-09 07:10:31.973100
U579,I206,comment,2026-08-09 20:21:31.973112
U504,I420,like,2026-07-03 05:15:31.973124
U769,I318,comment,2026-07-19 14:20:31.973136
U560,I363,like,2026-07-18 04:00:31.973149
U767,I156,like,2026-08-11 09:32:31.973161
U60,I382,view,2026-07-18 02:22:31.973173
U37,I401,comment,2026-07-09 04:35:31.973185
U420,I23,like,2026-07-21 03:05:31.973197
U792,I441,like,2026-08-07 04:45:31.973209
U744,I216,comment,2026-08-08 03:50:31.973221
U455,I393,view,2026-06-28 13:42:31.973234
U162,I299,comment,2026-06-25 03:10:31.973246
U758,I82,like,2026-06-06 02:46:31.973258
U575,I257,view,2026-07-12 18:40:31.973270
U767,I405,comment,2026-07-28 19:51:31.973282
U464,I473,like,2026-06-05 05:39:31.973294
U273,I132,view,2026-06-08 02:22:31.973306
U497,I294,view,2026-06-18 06:59:31.973319
U152,I458,comment,2026-08-01 08:57:31.973331
U816,I436,view,2026-06-18 12:46:31.973343
U491,I353,like,2026-07-05 10:02:31.973355
U417,I323,comment,2026-07-17 17:21:31.973369
U456,I375,comment,2026-06-26 12:38:31.973382
U922,I427,comment,2026-06-21 20:00:31.973394
U719,I481,view,2026-06-06 15:44:31.973406
U249,I488,view,2026-06-28 17:58:31.973419
U931,I34,like,2026-06-09 00:56:31.973431
U330,I96,view,2026-06-05 00:49:31.973444
U712,I73,comment,2026-06-13 21:22:31.973458
U731,I302,like,2026-07-03 16:16:31.973470
U709,I412,comment,2026-06-30 23:59:31.973482
U123,I285,comment,2026-07-25 01:54:31.973495
U731,I205,like,2026-06-15 00:24:31.973507
U109,I243,comment,2026-07-22 09:46:31.973613
U717,I10,comment,2026-08-06 06:08:31.973628
U986,I473,like,2026-07-10 22:58:31.973640
U386,I488,like,2026-08-07 13:52:31.973655
U300,I61,like,2026-08-02 18:23:31.973667
U418,I349,comment,2026-06-27 20:22:31.973679
U476,I180,like,2026-06-29 02:45:31.973692
U795,I0,comment,2026-08-01 18:35:31.973704
U159,I451,comment,2026-06-20 10:26:31.973717
U723,I376,view,2026-06-30 04:03:31.973729
U105,I224,comment,2026-07-23 10:41:31.973741
U759,I490,comment,2026-08-10 23:43:31.973756
U420,I447,comment,2026-07-26 14:09:31.973769
U713,I234,like,2026-06-20 23:57:31.973781
U737,I311,like,2026-06-10 05:59:31.973793
U301,I107,view,2026-06-22 23:23:31.973805
U644,I51,comment,2026-06-07 08:40:31.973817
U416,I236,comment,2026-07-30 11:59:31.973832
U955,I442,like,2026-07-02 22:16:31.973844
U35,I73,view,2026-07-11 04:19:31.973857
U319,I126,like,2026-07-06 18:19:31.973870
U655,I118,view,2026-08-05 18:10:31.973882
U326,I261,comment,2026-07-04 12:16:31.973894
U279,I453,comment,2026-07-31 08:29:31.973906
U343,I214,like,2026-07-17 02:17:31.973918
U393,I413,comment,2026-06-26 04:41:31.973930
U161,I334,like,2026-06-10 18:00:31.973943
U209,I223,view,2026-08-09 21:08:31.973958
U400,I355,like,2026-07-13 16:20:31.973970
U727,I407,view,2026-07-10 21:23:31.973982
U33,I339,like,2026-07-07 01:44:31.973995
U932,I33,like,2026-07-19 09:45:31.974007
U30,I359,view,2026-06-29 22:29:31.974019
U231,I47,like,2026-07-28 17:58:31.974031
U811,I394,view,2026-08-06 18:54:31.974043
U835,I416,view,2026-07-03 12:21:31.974055
U393,I224,comment,2026-07-05 21:10:31.974067
U993,I165,comment,2026-06-13 02:57:31.974079
U4,I166,like,2026-06-05 20:25:31.974091
U650,I91,comment,2026-07-28 13:30:31.974103
U642,I497,view,2026-08-01 11:07:31.974115
U708,I441,comment,2026-06-21 09:17:31.974127
U284,I113,comment,2026-07-22 11:22:31.974140
U718,I85,view,2026-06-04 23:36:31.974152
U444,I467,like,2026-06-30 09:12:31.974164
U563,I340,like,2026-07-09 13:06:31.974178
U567,I455,like,2026-07-21 00:13:31.974194
U999,I495,view,2026-08-08 22:01:31.974206
U976,I170,comment,2026-07-22 09:52:31.974219
U191,I59,like,2026-07-08 09:52:31.974230
U794,I412,comment,2026-06-22 01:11:31.974243
U775,I478,view,2026-06-21 20:26:31.974255
U394,I151,comment,2026-07-12 14:10:31.974267
U852,I190,like,2026-07-05 15:01:31.974280
U112,I161,like,2026-08-09 02:04:31.974292
U451,I5,view,2026-07-11 04:14:31.974304
U681,I187,comment,2026-08-11 01:38:31.974316
U372,I493,like,2026-06-16 03:14:31.974329
U968,I191,like,2026-06-21 15:59:31.974343
U408,I272,comment,2026-07-18 12:51:31.974355
U296,I47,like,2026-07-25 10:50:31.974367
U351,I475,view,2026-06-19 10:21:31.974380
U596,I428,view,2026-06-23 02:52:31.974392
U603,I222,view,2026-07-27 01:19:31.974404
U955,I478,comment,2026-06-21 17:46:31.974422
U406,I305,like,2026-07-06 11:59:31.974434
U252,I160,comment,2026-08-09 13:28:31.974446
U35,I196,view,2026-07-25 19:17:31.974458
U342,I340,comment,2026-08-06 02:33:31.974470
U374,I44,comment,2026-06-03 12:45:31.974483
U974,I300,comment,2026-06-09 14:11:31.974495
U974,I185,like,2026-06-19 13:57:31.974507
U205,I243,view,2026-07-20 00:50:31.974520
U602,I171,like,2026-08-05 17:48:31.974534
U855,I88,comment,2026-07-24 19:41:31.974549
U273,I391,comment,2026-07-12 09:50:31.974561
U542,I330,like,2026-06-11 22:26:31.974574
U67,I319,comment,2026-07-04 07:41:31.974586
U704,I81,like,2026-07-24 20:50:31.974598
U960,I137,comment,2026-08-03 17:10:31.974610
U406,I141,view,2026-07-08 13:03:31.974622
U78,I163,like,2026-06-09 03:00:31.974634
U823,I468,comment,2026-07-12 07:19:31.974646
U254,I77,like,2026-07-31 05:26:31.974658
U867,I345,comment,2026-07-01 21:42:31.974670
U40,I379,view,2026-06-26 09:44:31.974683
U97,I1,like,2026-07-18 06:39:31.974695
U540,I353,like,2026-07-27 13:22:31.974707
U596,I368,comment,2026-08-05 06:02:31.974719
U630,I285,view,2026-07-18 00:45:31.974734
U44,I396,view,2026-06-18 02:52:31.974749
U900,I495,view,2026-07-19 23:30:31.974761
U252,I229,comment,2026-06-22 10:10:31.974774
U682,I391,view,2026-06-06 14:56:31.974786
U838,I375,like,2026-07-30 11:24:31.974798
U915,I205,view,2026-08-01 19:45:31.974810
U499,I386,view,2026-07-20 02:25:31.974822
U8,I372,like,2026-06-25 09:24:31.974834
U872,I9,comment,2026-06-25 22:58:31.974846
U554,I412,view,2026-06-17 11:43:31.974858
U893,I6,comment,2026-06-13 06:27:31.974871
U930,I260,like,2026-06-23 02:07:31.974885
U123,I137,like,2026-07-25 07:15:31.974897
U221,I144,view,2026-08-09 13:00:31.974910
U348,I17,view,2026-06-05 09:04:31.974922
U115,I355,view,2026-08-07 10:38:31.974934
U347,I192,view,2026-07-22 16:25:31.974946
U349,I490,view,2026-06-25 15:55:31.974958
U737,I421,view,2026-07-03 12:00:31.974971
U829,I410,view,2026-06-19 02:27:31.974983
U38,I324,like,2026-08-02 05:09:31.974995
U796,I120,like,2026-08-02 23:37:31.975007
U420,I359,comment,2026-06-21 02:18:31.975019
U310,I214,like,2026-07-30 08:29:31.975031
U983,I325,like,2026-07-28 04:47:31.975044
U934,I489,comment,2026-07-03 16:16:31.975056
U985,I229,comment,2026-07-19 07:45:31.975068
U147,I258,like,2026-07-29 06:25:31.975080
U722,I350,view,2026-06-06 15:19:31.975092
U355,I289,view,2026-07-25 12:36:31.975105
U406,I397,like,2026-08-07 03:19:31.975117
U468,I418,comment,2026-06-16 05:26:31.975129
U521,I421,view,2026-07-18 20:26:31.975143
U598,I461,view,2026-06-06 21:32:31.975155
U328,I306,like,2026-07-27 03:53:31.975167
U398,I2,view,2026-07-29 07:17:31.975179
U0,I125,like,2026-08-04 15:19:31.975191
U741,I431,comment,2026-06-05 00:18:31.975203
U443,I189,comment,2026-06-10 07:32:31.975216
U362,I253,view,2026-07-31 21:52:31.975228
U777,I214,comment,2026-07-10 13:44:31.975242
U502,I435,view,2026-06-15 07:58:31.975257
U98,I108,like,2026-07-16 20:29:31.975269
U588,I319,comment,2026-08-06 14:43:31.975282
U310,I120,view,2026-06-20 23:12:31.975295
U691,I385,comment,2026-07-16 08:56:31.975307
U664,I51,comment,2026-07-18 04:41:31.975319
U360,I20,view,2026-07-07 17:35:31.975331
U147,I448,view,2026-06-08 12:44:31.975346
U954,I288,comment,2026-07-25 12:51:31.975358
U813,I454,like,2026-07-31 06:22:31.975370
U867,I115,like,2026-06-29 21:23:31.975383
U151,I138,view,2026-06-22 12:50:31.975395
U939,I250,comment,2026-07-19 15:38:31.975408
U96,I469,like,2026-07-05 05:17:31.975420
U101,I457,like,2026-06-11 21:26:31.975433
U887,I291,comment,2026-07-09 18:54:31.975445
U501,I128,comment,2026-06-23 07:24:31.975457
U406,I60,view,2026-06-04 22:36:31.975469
U13,I352,comment,2026-06-26 22:58:31.975482
U204,I295,like,2026-07-14 09:46:31.975495
U905,I493,like,2026-06-25 16:13:31.975508
U224,I188,comment,2026-06-15 04:06:31.975520
U835,I473,comment,2026-07-30 00:29:31.975532
U691,I327,comment,2026-06-25 23:02:31.975547
U543,I180,view,2026-06-23 03:49:31.975559
U950,I261,like,2026-06-19 04:10:31.975571
U176,I7,comment,2026-06-17 03:14:31.975583
U392,I190,comment,2026-06-17 00:22:31.975598
U200,I91,comment,2026-06-12 08:47:31.975610
U937,I306,comment,2026-07-29 21:37:31.975622
U974,I234,comment,2026-06-10 04:16:31.975634
U167,I71,like,2026-07-05 02:53:31.975646
U551,I120,like,2026-07-26 23:50:31.975659
U481,I174,like,2026-07-19 16:25:31.975671
U125,I272,like,2026-06-17 00:48:31.975683
U757,I310,view,2026-06-04 07:55:31.975695
U352,I494,comment,2026-06-15 01:17:31.975707
U481,I427,view,2026-06-04 17:04:31.975720
U797,I486,like,2026-07-28 04:16:31.975732
U926,I492,like,2026-06-26 01:18:31.975745
U18,I45,comment,2026-06-27 13:58:31.975757
U82,I347,like,2026-07-04 13:23:31.975770
U133,I288,comment,2026-07-09 19:18:31.975783
U888,I468,like,2026-07-30 16:18:31.975796
U766,I197,view,2026-06-03 19:13:31.975808
U585,I146,comment,2026-07-01 10:23:31.975820
U228,I397,comment,2026-06-12 03:01:31.975832
U218,I142,like,2026-06-14 08:20:31.975844
U288,I356,like,2026-06-16 06:45:31.975856
U74,I15,view,2026-07-23 02:01:31.975868
U190,I486,like,2026-06-05 20:15:31.975881
U717,I63,view,2026-07-03 14:02:31.975893
U858,I339,view,2026-07-03 23:17:31.975905
U989,I239,view,2026-06-14 20:06:31.975917
U51,I454,comment,2026-07-04 10:02:31.975931
U655,I249,view,2026-07-19 10:32:31.975946
U481,I246,view,2026-06-15 01:21:31.975958
U139,I384,like,2026-06-07 23:39:31.975971
U948,I49,like,2026-06-12 14:06:31.975983
U893,I31,comment,2026-08-11 16:37:31.975995
U564,I117,view,2026-07-20 01:08:31.976007
U252,I379,comment,2026-06-22 01:25:31.976019
U177,I201,like,2026-08-04 02:26:31.976031
U657,I279,comment,2026-06-30 03:55:31.976043
U728,I243,view,2026-06-04 07:10:31.976055
U354,I329,like,2026-07-25 16:26:31.976067
U887,I477,view,2026-07-17 02:50:31.976079
U145,I68,comment,2026-07-23 13:25:31.976092
U605,I115,view,2026-07-31 00:42:31.976104
U137,I135,like,2026-07-10 01:22:31.976116
U906,I391,comment,2026-06-29 10:11:31.976128
U461,I394,like,2026-07-01 07:51:31.976142
U467,I129,comment,2026-07-02 05:53:31.976154
U690,I173,like,2026-07-27 19:51:31.976166
U109,I337,view,2026-06-24 23:55:31.976178
U898,I176,like,2026-08-03 08:18:31.976190
U102,I479,comment,2026-06-24 22:11:31.976202
U316,I221,like,2026-07-22 03:29:31.976214
U728,I193,like,2026-06-24 11:27:31.976226
U235,I298,comment,2026-06-08 01:40:31.976238
U784,I273,comment,2026-06-23 11:55:31.976250
U852,I258,comment,2026-07-26 18:44:31.976262
U830,I401,like,2026-06-03 19:50:31.976275
U766,I407,view,2026-07-16 20:36:31.976289
U473,I169,view,2026-06-15 20:47:31.976301
U708,I452,view,2026-06-21 19:40:31.976315
U252,I188,view,2026-06-27 01:13:31.976332
U810,I304,comment,2026-07-02 03:20:31.976344
U770,I243,like,2026-07-07 22:36:31.976357
U590,I359,view,2026-07-20 13:59:31.976369
U698,I301,like,2026-06-24 22:25:31.976381
U348,I123,like,2026-06-14 02:29:31.976394
U654,I27,like,2026-07-13 22:58:31.976406
U317,I208,like,2026-07-04 15:09:31.976423
U729,I340,view,2026-06-14 02:04:31.976436
U485,I303,comment,2026-07-05 09:01:31.976448
U764,I227,view,2026-07-01 16:00:31.976460
U537,I340,like,2026-06-25 12:25:31.976472
U779,I291,view,2026-07-03 06:45:31.976484
U220,I367,comment,2026-06-04 21:40:31.976496
U941,I40,like,2026-06-20 13:38:31.976509
U333,I316,view,2026-07-16 09:12:31.976521
U798,I326,comment,2026-06-19 12:20:31.976533
U138,I360,like,2026-08-01 09:16:31.976546
U729,I286,comment,2026-06-04 17:14:31.976558
U448,I88,like,2026-06-15 06:08:31.976570
U340,I492,view,2026-08-07 03:07:31.976582
U89,I316,comment,2026-06-30 21:43:31.976594
U218,I253,comment,2026-06-20 20:43:31.976606
U432,I70,comment,2026-06-11 10:06:31.976619
U201,I258,view,2026-07-08 07:53:31.976631
U904,I425,comment,2026-07-16 05:58:31.976643
U784,I491,view,2026-06-16 04:35:31.976658
U898,I252,view,2026-06-30 12:41:31.976670
U583,I43,view,2026-06-29 06:16:31.976682
U567,I321,view,2026-07-28 20:13:31.976694
U829,I442,like,2026-08-09 23:34:31.976707
U45,I281,view,2026-06-14 03:23:31.976719
U126,I11,like,2026-08-02 23:10:31.976733
U760,I130,like,2026-06-26 21:38:31.976745
U836,I208,view,2026-07-04 22:44:31.976757
U610,I29,comment,2026-07-26 05:57:31.976769
U327,I43,comment,2026-06-28 08:57:31.976781
U331,I300,comment,2026-08-02 00:45:31.976793
U259,I443,view,2026-06-04 03:11:31.976805
U779,I21,view,2026-06-09 04:22:31.976817
U407,I227,like,2026-06-15 06:20:31.976829
U714,I401,view,2026-08-10 13:21:31.976841
U679,I261,like,2026-08-11 16:33:31.976856
U730,I135,view,2026-07-10 16:45:31.976868
U527,I355,comment,2026-07-26 03:21:31.976880
U279,I80,view,2026-07-26 22:47:31.976892
U495,I439,view,2026-06-14 11:27:31.976905
U300,I448,view,2026-06-09 19:42:31.976917
U603,I490,comment,2026-07-04 06:44:31.976929
U357,I360,view,2026-07-31 03:15:31.976943
U634,I152,view,2026-07-24 18:37:31.976956
U873,I22,comment,2026-08-01 08:50:31.976968
U467,I63,view,2026-06-30 12:43:31.976980
U159,I380,comment,2026-08-06 00:17:31.976992
U184,I334,like,2026-07-19 12:42:31.977006
U210,I388,like,2026-07-13 00:26:31.977019
U237,I483,comment,2026-06-30 15:53:31.977032
U382,I345,comment,2026-06-10 22:50:31.977044
U495,I254,comment,2026-07-23 11:23:31.977056
U256,I462,view,2026-07-30 23:49:31.977068
U397,I409,comment,2026-06-24 09:44:31.977080
U874,I246,comment,2026-08-07 10:55:31.977092
U211,I340,like,2026-08-11 00:09:31.977104
U306,I362,view,2026-06-19 02:28:31.977117
U448,I306,like,2026-07-19 11:04:31.977131
U1,I240,comment,2026-08-05 00:06:31.977143
U644,I458,view,2026-06-15 16:38:31.977155
U186,I444,view,2026-08-09 02:47:31.977167
U978,I403,comment,2026-08-04 01:33:31.977180
U962,I338,view,2026-06-18 13:16:31.977192
U36,I246,comment,2026-07-06 22:33:31.977205
U402,I454,view,2026-07-05 07:17:31.977217
U618,I390,comment,2026-06-11 23:36:31.977229
U279,I242,like,2026-06-04 13:37:31.977241
U92,I235,like,2026-06-04 12:03:31.977254
U958,I87,comment,2026-07-21 20:57:31.977266
U377,I199,comment,2026-06-27 06:43:31.977278
U672,I414,like,2026-06-05 21:35:31.977290
U51,I111,like,2026-07-11 03:11:31.977303
U775,I100,comment,2026-06-20 16:38:31.977315
U380,I366,like,2026-07-09 20:17:31.977327
U333,I272,comment,2026-06-06 14:24:31.977340
U753,I455,comment,2026-06-28 06:23:31.977354
U211,I163,view,2026-08-10 21:00:31.977366
U485,I496,view,2026-06-03 17:19:31.977381
U95,I382,like,2026-06-12 15:35:31.977393
U511,I90,view,2026-06-10 03:46:31.977405
U229,I334,view,2026-07-15 18:00:31.977417
U831,I236,comment,2026-07-18 10:27:31.977429
U970,I371,comment,2026-06-04 15:24:31.977441
U694,I494,like,2026-07-26 03:18:31.977453
U696,I193,like,2026-07-19 03:19:31.977465
U624,I357,view,2026-06-17 12:53:31.977477
U209,I336,comment,2026-06-11 19:57:31.977490
U954,I121,like,2026-06-20 16:00:31.977502
U404,I90,comment,2026-07-12 10:54:31.977516
U403,I357,comment,2026-07-19 13:28:31.977528
U228,I297,like,2026-06-19 18:15:31.977540
U326,I32,view,2026-06-17 18:00:31.977552
U856,I172,comment,2026-07-06 08:12:31.977564
U222,I8,like,2026-06-13 11:47:31.977577
U403,I102,comment,2026-07-29 15:01:31.977588
U728,I473,like,2026-08-06 22:25:31.977600
U367,I347,like,2026-07-07 10:32:31.977613
U265,I28,comment,2026-06-26 08:57:31.977625
U473,I445,view,2026-06-07 23:55:31.977637
U867,I331,like,2026-07-15 11:37:31.977649
U859,I465,view,2026-08-01 23:50:31.977662
U92,I104,view,2026-06-13 07:13:31.977674
U372,I391,like,2026-06-10 05:24:31.977686
U746,I243,view,2026-06-15 07:48:31.977700
U686,I323,like,2026-06-17 19:45:31.977712
U425,I186,like,2026-06-28 21:26:31.977727
U944,I321,like,2026-06-18 14:39:31.977739
U324,I297,view,2026-06-23 07:19:31.977751
U401,I225,comment,2026-06-30 03:50:31.977763
U713,I31,comment,2026-07-10 00:22:31.977776
U305,I264,view,2026-06-19 14:31:31.977788
U731,I394,like,2026-06-29 16:04:31.977800
U91,I93,view,2026-06-19 07:52:31.977812
U942,I309,comment,2026-06-17 09:38:31.977824
U783,I307,like,2026-07-13 04:34:31.977837
U299,I360,view,2026-07-26 04:02:31.977849
U997,I420,comment,2026-08-10 23:18:31.977861
U50,I336,like,2026-06-20 14:19:31.977874
U253,I111,view,2026-08-02 06:53:31.977886
U217,I65,comment,2026-06-26 11:22:31.977900
U585,I99,comment,2026-07-19 00:01:31.977914
U430,I10,like,2026-08-05 23:26:31.977927
U255,I222,view,2026-06-24 01:37:31.977939
U294,I38,comment,2026-06-27 08:19:31.977951
U493,I42,view,2026-07-30 12:10:31.977963
U759,I311,like,2026-06-24 22:15:31.977975
U272,I88,view,2026-06-15 21:46:31.977987
U661,I191,like,2026-06-07 01:48:31.977999
U604,I180,comment,2026-06-04 07:16:31.978011
U87,I242,comment,2026-06-12 04:08:31.978023
U928,I186,comment,2026-06-22 01:04:31.978035
U614,I80,like,2026-07-22 19:08:31.978048
U709,I188,comment,2026-07-31 00:46:31.978062
U707,I279,comment,2026-06-22 04:34:31.978074
U502,I342,like,2026-07-03 00:57:31.978087
U199,I2,view,2026-07-29 01:19:31.978099
U786,I75,view,2026-06-07 21:19:31.978111
U181,I311,like,2026-07-21 09:26:31.978124
U365,I486,like,2026-06-23 09:24:31.978136
U874,I224,view,2026-06-17 02:01:31.978148
U509,I53,comment,2026-06-06 17:34:31.978160
U915,I99,comment,2026-06-18 08:15:31.978172
U664,I209,comment,2026-06-28 17:44:31.978184
U965,I80,comment,2026-06-24 22:22:31.978196
U680,I158,view,2026-06-27 10:15:31.978208
U272,I211,comment,2026-06-11 07:28:31.978220
U368,I164,like,2026-07-01 10:20:31.978232
U700,I77,view,2026-07-20 11:55:31.978244
U105,I388,like,2026-07-31 15:29:31.978256
U563,I485,comment,2026-06-06 18:04:31.978268
U700,I25,view,2026-06-23 02:30:31.978280
U50,I478,view,2026-06-29 03:00:31.978292
U323,I206,view,2026-07-14 13:41:31.978306
U838,I479,comment,2026-06-04 13:13:31.978318
U26,I382,view,2026-07-12 00:41:31.978330
U555,I56,view,2026-08-10 17:49:31.978342
U327,I271,like,2026-08-01 22:08:31.978354
U1,I287,view,2026-06-22 05:15:31.978367
U911,I348,comment,2026-06-28 13:14:31.978379
U608,I251,comment,2026-07-19 17:54:31.978391
U511,I222,like,2026-06-19 06:53:31.978405
U217,I228,view,2026-06-06 09:33:31.978422
U561,I488,comment,2026-07-08 12:34:31.978437
U198,I424,comment,2026-06-15 02:59:31.978449
U302,I198,comment,2026-07-20 18:48:31.978462
U958,I112,like,2026-07-15 11:51:31.978474
U836,I227,comment,2026-07-17 15:57:31.978486
U761,I293,comment,2026-07-22 00:00:31.978498
U203,I487,comment,2026-06-20 07:09:31.978510
U915,I440,like,2026-07-28 14:43:31.978525
U812,I443,view,2026-07-03 15:45:31.978537
U941,I456,like,2026-06-27 03:21:31.978549
U117,I315,like,2026-07-11 10:28:31.978561
U0,I92,like,2026-06-28 16:39:31.978573
U297,I105,view,2026-06-14 16:27:31.978585
U510,I125,comment,2026-07-14 07:44:31.978597
U51,I165,like,2026-08-01 08:05:31.978609
U614,I148,like,2026-07-13 18:02:31.978622
U930,I324,like,2026-07-19 20:23:31.978634
U484,I66,comment,2026-08-09 10:15:31.978646
U639,I244,view,2026-06-21 12:37:31.978658
U437,I83,view,2026-08-04 21:52:31.978670
U276,I181,view,2026-06-28 12:31:31.978682
U461,I120,comment,2026-07-08 10:59:31.978695
U16,I292,view,2026-06-04 11:14:31.978709
U759,I479,comment,2026-06-19 23:38:31.978721
U117,I310,view,2026-08-03 08:31:31.978734
U449,I384,comment,2026-06-28 17:09:31.978746
U737,I118,comment,2026-07-03 03:52:31.978760
U373,I104,view,2026-07-02 16:07:31.978772
U661,I270,view,2026-07-10 23:14:31.978784
U536,I230,comment,2026-06-26 18:41:31.978796
U765,I304,view,2026-06-10 22:33:31.978809
U354,I462,view,2026-07-09 20:43:31.978820
U463,I59,like,2026-08-01 12:37:31.978832
U818,I323,view,2026-06-24 02:46:31.978846
U259,I491,comment,2026-07-18 19:23:31.978858
U981,I405,view,2026-06-18 03:14:31.978870
U955,I199,like,2026-07-03 05:24:31.978883
U248,I432,view,2026-07-13 16:38:31.978895
U185,I173,comment,2026-07-19 23:43:31.978907
U488,I244,comment,2026-07-17 13:24:31.978919
U242,I224,view,2026-07-28 11:14:31.978932
U81,I72,like,2026-06-26 15:08:31.978944
U280,I263,comment,2026-07-02 09:13:31.978956
U378,I196,like,2026-06-16 07:43:31.978970
U83,I475,view,2026-06-04 00:34:31.978983
U576,I426,view,2026-06-30 03:16:31.978995
U340,I191,comment,2026-06-18 21:22:31.979007
U891,I342,view,2026-07-22 17:19:31.979022
U129,I374,like,2026-06-18 16:57:31.979043
U41,I327,like,2026-08-06 09:29:31.979065
U331,I301,like,2026-07-13 17:36:31.979221
U293,I179,view,2026-08-01 12:27:31.979276
U448,I117,comment,2026-07-13 12:22:31.979343
U563,I186,comment,2026-08-08 21:10:31.979386
U330,I373,view,2026-08-05 17:16:31.979415
U585,I114,comment,2026-07-15 06:15:31.979439
U947,I94,comment,2026-07-05 15:03:31.979462
U128,I440,view,2026-06-05 12:46:31.979485
U890,I240,like,2026-07-30 13:39:31.979506
U192,I312,like,2026-07-20 08:29:31.979527
U960,I452,like,2026-07-05 20:08:31.979574
U344,I121,like,2026-07-08 23:38:31.979600
U898,I405,like,2026-06-07 20:55:31.979619
U377,I313,comment,2026-07-14 06:32:31.979638
U955,I464,view,2026-06-11 19:09:31.979656
U554,I10,view,2026-07-06 19:00:31.979677
U830,I80,view,2026-07-25 21:52:31.979697
U747,I360,like,2026-06-18 17:28:31.979710
U413,I469,like,2026-06-25 00:20:31.979722
U501,I286,comment,2026-06-15 13:27:31.979734
U333,I324,comment,2026-06-26 22:26:31.979747
U667,I440,view,2026-07-29 12:23:31.979764
U796,I359,comment,2026-07-25 12:10:31.979776
U476,I436,comment,2026-07-20 07:12:31.979789
U48,I301,comment,2026-07-01 08:35:31.979801
U224,I297,view,2026-06-25 21:55:31.979814
U742,I126,comment,2026-07-07 19:19:31.979826
U421,I13,view,2026-06-27 08:46:31.979838
U673,I291,comment,2026-06-27 00:37:31.979851
U829,I166,comment,2026-08-10 19:39:31.979863
U809,I450,like,2026-06-10 09:08:31.979875
U658,I149,comment,2026-07-09 17:15:31.979888
U677,I23,comment,2026-06-08 17:30:31.979901
U143,I307,comment,2026-07-28 12:50:31.979916
U967,I312,view,2026-06-05 10:31:31.979930
U27,I351,like,2026-08-10 06:22:31.979949
U951,I226,view,2026-07-21 18:39:31.979961
U727,I93,view,2026-07-29 09:37:31.979974
U414,I182,like,2026-07-01 23:54:31.979986
U529,I81,comment,2026-07-16 11:14:31.979999
U395,I121,like,2026-07-12 13:28:31.980011
U636,I155,view,2026-08-04 16:41:31.980023
U755,I179,comment,2026-06-27 07:59:31.980035
U123,I34,comment,2026-07-02 14:15:31.980047
U327,I104,view,2026-06-22 15:59:31.980059
U860,I394,view,2026-07-02 13:45:31.980071
U168,I142,view,2026-07-14 02:15:31.980084
U566,I46,view,2026-06-19 02:25:31.980096
U805,I433,view,2026-06-30 22:19:31.980108
U686,I17,view,2026-06-11 17:36:31.980120
U512,I155,like,2026-06-27 18:58:31.980132
U337,I364,comment,2026-07-24 14:01:31.980145
U707,I281,like,2026-07-09 15:34:31.980157
U200,I379,comment,2026-07-12 00:00:31.980169
U633,I320,comment,2026-07-29 21:55:31.980181
U447,I267,like,2026-06-16 11:17:31.980194
U968,I189,like,2026-07-01 13:25:31.980206
U758,I357,like,2026-07-11 01:08:31.980218
U84,I408,like,2026-08-07 16:42:31.980231
U418,I310,comment,2026-07-02 00:21:31.980243
U186,I33,like,2026-06-24 03:50:31.980256
U109,I162,comment,2026-06-22 23:55:31.980270
U248,I283,comment,2026-08-09 06:36:31.980282
U847,I476,like,2026-06-28 19:45:31.980295
U885,I483,view,2026-07-12 11:13:31.980307
U229,I230,view,2026-06-22 03:45:31.980320
U789,I79,like,2026-07-16 13:07:31.980332
U983,I371,view,2026-07-27 07:11:31.980347
U317,I43,like,2026-06-29 18:24:31.980359
U105,I245,like,2026-08-11 14:28:31.980372
U891,I453,comment,2026-06-10 03:57:31.980384
U196,I289,like,2026-06-24 15:58:31.980396
U380,I271,like,2026-08-08 19:09:31.980408
U417,I286,comment,2026-06-10 14:55:31.980421
U943,I256,like,2026-07-04 03:26:31.980434
U797,I477,view,2026-07-31 13:55:31.980446
U433,I226,like,2026-07-24 17:22:31.980458
U548,I202,comment,2026-07-12 06:02:31.980472
U682,I211,like,2026-07-06 12:09:31.980484
U486,I246,comment,2026-07-10 23:37:31.980496
U577,I182,comment,2026-07-20 16:01:31.980508
U752,I467,comment,2026-07-16 09:08:31.980521
U102,I415,like,2026-07-13 20:18:31.980533
U966,I381,view,2026-06-11 22:20:31.980545
U909,I226,comment,2026-06-12 20:30:31.980558
U133,I181,like,2026-07-16 02:27:31.980573
U40,I91,comment,2026-06-10 04:03:31.980586
U844,I411,view,2026-06-24 07:12:31.980598
U666,I314,view,2026-06-27 02:55:31.980610
U561,I33,like,2026-06-15 15:41:31.980625
U553,I466,comment,2026-07-13 05:16:31.980637
U541,I229,like,2026-07-23 14:32:31.980650
U350,I248,view,2026-07-16 06:11:31.980662
U774,I184,comment,2026-06-15 13:17:31.980674
U152,I23,view,2026-08-09 21:29:31.980686
U156,I147,like,2026-08-10 08:07:31.980698
U812,I146,like,2026-07-09 04:02:31.980710
U60,I404,comment,2026-06-05 22:02:31.980722
U972,I479,comment,2026-06-20 01:16:31.980734
U250,I59,comment,2026-07-08 08:05:31.980749
U14,I267,view,2026-08-01 00:16:31.980761
U438,I392,view,2026-08-01 09:40:31.980774
U88,I175,view,2026-07-09 10:51:31.980786
U644,I195,comment,2026-08-03 16:50:31.980798
U236,I331,comment,2026-08-10 07:37:31.980810
U721,I141,comment,2026-06-12 10:24:31.980822
U670,I182,like,2026-08-08 00:01:31.980835
U42,I446,comment,2026-07-12 06:36:31.980847
U565,I154,like,2026-06-14 12:18:31.980859
U567,I300,like,2026-07-30 23:43:31.980872
U641,I244,like,2026-07-05 20:45:31.980884
U895,I456,view,2026-06-16 03:05:31.980896
U698,I19,view,2026-07-07 20:11:31.980908
U317,I310,comment,2026-06-16 01:14:31.980920
U247,I170,comment,2026-06-13 17:56:31.980933
U356,I378,view,2026-06-13 17:10:31.980945
U844,I259,like,2026-06-11 03:25:31.980957
U230,I403,view,2026-07-06 23:50:31.980972
U216,I287,like,2026-07-06 02:38:31.980985
U299,I249,like,2026-07-27 20:05:31.980997
U311,I185,comment,2026-06-26 09:53:31.981012
U938,I380,like,2026-06-28 17:32:31.981024
U39,I268,view,2026-07-22 17:21:31.981048
U241,I178,like,2026-07-15 19:38:31.981061
U892,I329,view,2026-07-26 02:04:31.981073
U266,I139,view,2026-06-14 22:30:31.981085
U892,I401,view,2026-06-15 10:15:31.981098
U849,I363,comment,2026-07-06 07:09:31.981110
U719,I126,view,2026-06-17 12:56:31.981122
U36,I394,like,2026-06-06 10:04:31.981135
U35,I133,comment,2026-07-23 13:28:31.981149
U605,I464,view,2026-06-22 21:10:31.981162
U18,I139,view,2026-06-06 21:47:31.981174
U563,I444,view,2026-06-05 18:45:31.981186
U427,I253,view,2026-07-27 17:58:31.981199
U862,I161,like,2026-07-15 09:08:31.981211
U10,I351,view,2026-07-08 13:33:31.981223
U112,I378,comment,2026-08-07 04:43:31.981236
U578,I296,view,2026-07-02 01:42:31.981248
U215,I37,comment,2026-08-10 13:35:31.981260
U975,I302,view,2026-08-01 07:13:31.981273
U908,I203,comment,2026-06-24 06:57:31.981285
U932,I287,like,2026-07-22 13:05:31.981297
U914,I9,like,2026-06-15 18:55:31.981311
U558,I150,comment,2026-06-17 23:16:31.981333
U111,I347,like,2026-06-22 19:32:31.981356
U98,I186,like,2026-08-02 15:01:31.981446
U390,I129,comment,2026-07-19 01:34:31.981477
U949,I209,comment,2026-07-28 20:44:31.981502
U378,I224,like,2026-08-01 15:57:31.981523
U158,I443,comment,2026-07-22 21:29:31.981544
U431,I55,like,2026-07-02 15:47:31.981639
U412,I303,view,2026-07-01 15:38:31.981679
U404,I88,like,2026-06-04 00:39:31.981701
U966,I453,view,2026-07-10 13:13:31.981715
U950,I255,view,2026-06-14 16:20:31.981728
U598,I482,comment,2026-06-28 09:18:31.981740
U286,I186,like,2026-06-22 06:45:31.981752
U61,I323,view,2026-06-13 21:21:31.981765
U517,I315,comment,2026-07-31 22:25:31.981777
U477,I462,like,2026-06-13 11:36:31.981790
U225,I45,comment,2026-06-27 16:22:31.981802
U96,I477,comment,2026-08-08 11:32:31.981819
U915,I142,like,2026-07-08 00:03:31.981835
U960,I483,like,2026-07-18 16:57:31.981848
U854,I465,comment,2026-07-02 01:45:31.981861
U89,I459,comment,2026-07-12 12:36:31.981873
U37,I434,comment,2026-07-18 22:33:31.981886
U784,I53,comment,2026-07-25 23:04:31.981898
U440,I133,comment,2026-07-11 10:18:31.981911
U698,I337,view,2026-06-05 11:44:31.981923
U648,I73,view,2026-07-05 03:23:31.981935
U756,I305,comment,2026-06-06 12:46:31.981947
U377,I131,like,2026-06-12 18:29:31.981960
U689,I429,view,2026-08-01 09:50:31.981974
U855,I112,view,2026-06-30 16:44:31.981987
U571,I22,comment,2026-06-18 16:19:31.981999
U518,I248,comment,2026-07-30 12:59:31.982011
U21,I308,like,2026-06-22 23:46:31.982023
U827,I98,comment,2026-07-20 09:25:31.982035
U608,I200,comment,2026-06-05 20:17:31.982047
U168,I159,like,2026-06-29 13:50:31.982060
U686,I213,like,2026-06-08 15:48:31.982072
U820,I248,comment,2026-06-12 18:25:31.982084
U692,I61,comment,2026-07-03 02:18:31.982096
U267,I432,comment,2026-08-11 12:33:31.982108
U815,I87,comment,2026-06-09 16:22:31.982121
U126,I97,comment,2026-07-25 10:07:31.982133
U289,I79,comment,2026-07-10 16:21:31.982145
U349,I197,like,2026-06-22 03:13:31.982157
U202,I73,comment,2026-06-07 07:23:31.982169
U156,I425,like,2026-07-23 21:59:31.982181
U546,I130,like,2026-06-10 05:10:31.982194
U368,I176,like,2026-08-11 00:33:31.982206
U589,I341,comment,2026-07-17 23:14:31.982221
U952,I67,view,2026-07-09 21:07:31.982233
U791,I72,comment,2026-07-11 22:50:31.982245
U6,I188,comment,2026-06-23 13:47:31.982258
U515,I326,like,2026-06-26 08:39:31.982270
U926,I140,view,2026-06-24 23:48:31.982282
U944,I88,view,2026-08-10 15:03:31.982294
U449,I80,comment,2026-08-05 07:05:31.982307
U154,I200,like,2026-07-24 03:00:31.982321
U314,I16,view,2026-06-12 09:32:31.982333
U188,I336,view,2026-07-23 13:05:31.982345
U500,I271,like,2026-06-06 02:03:31.982360
U801,I127,like,2026-07-05 19:30:31.982373
U481,I81,comment,2026-07-20 07:24:31.982385
U249,I79,comment,2026-07-31 10:05:31.982397
U459,I228,view,2026-07-03 17:37:31.982409
U449,I149,comment,2026-06-16 21:47:31.982421
U343,I466,view,2026-06-26 12:42:31.982433
U880,I63,view,2026-06-15 01:46:31.982448
U864,I149,comment,2026-06-23 21:57:31.982460
U992,I228,view,2026-06-08 12:52:31.982472
U468,I385,comment,2026-06-19 17:09:31.982484
U702,I77,view,2026-07-16 11:29:31.982496
U274,I310,view,2026-07-25 04:26:31.982508
U806,I37,like,2026-07-04 20:51:31.982520
U500,I177,view,2026-06-27 18:50:31.982532
U160,I443,view,2026-06-04 13:00:31.982544
U905,I206,comment,2026-06-26 21:35:31.982556
U266,I363,view,2026-08-11 09:59:31.982568
U931,I351,comment,2026-07-21 21:44:31.982581
U414,I332,comment,2026-07-02 20:40:31.982593
U661,I256,like,2026-07-25 20:04:31.982605
U32,I97,like,2026-07-06 17:05:31.982619
U126,I461,view,2026-06-08 02:15:31.982632
U795,I105,like,2026-06-28 19:24:31.982644
U460,I305,like,2026-07-11 17:52:31.982656
U249,I154,like,2026-07-23 22:58:31.982671
U567,I348,view,2026-07-22 15:52:31.982683
U193,I102,like,2026-06-13 06:53:31.982695
U326,I407,view,2026-06-06 13:27:31.982708
U98,I262,like,2026-08-02 05:43:31.982720
U407,I206,comment,2026-06-23 15:07:31.982732
U837,I5,like,2026-07-20 02:52:31.982744
U433,I69,view,2026-08-06 12:34:31.982756
U889,I61,view,2026-07-22 14:50:31.982768
U512,I270,view,2026-06-05 16:39:31.982781
U936,I314,view,2026-07-09 13:49:31.982793
U977,I99,like,2026-08-01 18:55:31.982805
U362,I141,view,2026-07-20 21:34:31.982817
U576,I247,view,2026-08-03 06:05:31.982829
U368,I248,like,2026-07-19 03:48:31.982842
U828,I44,comment,2026-06-20 01:23:31.982854
U822,I43,like,2026-06-11 12:09:31.982866
U386,I396,comment,2026-08-10 17:05:31.982880
U512,I215,like,2026-07-21 09:07:31.982892
U732,I194,comment,2026-08-06 09:46:31.982904
U296,I203,like,2026-07-29 23:38:31.982916
U420,I467,view,2026-07-26 22:35:31.982929
U829,I73,comment,2026-06-27 19:49:31.982942
U565,I327,view,2026-07-30 20:00:31.982955
U148,I477,comment,2026-08-02 07:07:31.982967
U653,I400,view,2026-06-09 10:52:31.982979
U149,I444,comment,2026-06-14 11:12:31.982992
U101,I482,like,2026-07-12 03:01:31.983006
U44,I489,comment,2026-07-31 10:06:31.983019
U66,I30,view,2026-07-16 12:27:31.983035
U33,I39,comment,2026-06-29 03:15:31.983060
U864,I314,view,2026-06-27 15:32:31.983072
U945,I333,like,2026-07-06 21:47:31.983085
U139,I363,view,2026-06-25 04:28:31.983097
U65,I19,view,2026-06-17 03:30:31.983109
U489,I328,comment,2026-07-26 02:10:31.983121
U888,I489,comment,2026-06-24 12:03:31.983134
U405,I214,comment,2026-08-07 07:35:31.983146
U546,I109,comment,2026-06-22 13:22:31.983159
U95,I390,comment,2026-06-22 02:51:31.983171
U952,I414,view,2026-07-27 21:48:31.983183
U116,I148,like,2026-07-02 13:16:31.983196
U976,I115,comment,2026-07-24 23:53:31.983208
U55,I269,view,2026-07-01 13:33:31.983220
U84,I472,comment,2026-06-04 03:54:31.983232
U202,I296,like,2026-07-25 01:58:31.983245
U633,I5,view,2026-07-28 17:15:31.983259
U26,I467,like,2026-07-11 18:25:31.983272
U865,I404,view,2026-06-12 07:21:31.983284
U400,I90,comment,2026-08-08 05:33:31.983296
U493,I3,view,2026-07-26 16:43:31.983308
U667,I479,comment,2026-06-28 00:14:31.983321
U292,I262,comment,2026-06-13 08:52:31.983333
U459,I319,view,2026-06-07 15:16:31.983345
U547,I431,view,2026-06-16 18:12:31.983358
U175,I32,like,2026-07-27 12:27:31.983370
U472,I116,view,2026-08-01 03:56:31.983382
U911,I169,like,2026-07-28 22:27:31.983396
U610,I401,like,2026-07-27 02:13:31.983408
U138,I294,comment,2026-06-11 18:59:31.983422
U695,I89,comment,2026-07-19 12:54:31.983437
U38,I57,comment,2026-06-18 21:18:31.983449
U686,I436,view,2026-07-20 04:25:31.983461
U563,I350,comment,2026-06-28 07:05:31.983473
U789,I452,comment,2026-07-16 06:53:31.983485
U240,I328,like,2026-06-26 18:54:31.983497
U549,I205,comment,2026-07-09 23:21:31.983509
U614,I137,comment,2026-06-23 03:03:31.983521
U53,I29,comment,2026-06-15 13:31:31.983533
U851,I425,view,2026-07-27 00:31:31.983545
U754,I138,comment,2026-07-23 02:37:31.983558
U409,I210,view,2026-06-25 04:56:31.983570
U247,I244,comment,2026-07-10 02:41:31.983582
U653,I332,comment,2026-06-13 19:41:31.983594
U17,I143,comment,2026-06-23 07:15:31.983606
U249,I276,comment,2026-07-09 23:39:31.983618
U39,I6,view,2026-06-27 08:09:31.983630
U765,I237,like,2026-06-16 15:58:31.983642
U595,I27,view,2026-07-25 16:40:31.983654
U118,I227,like,2026-08-03 04:28:31.983666
U645,I449,like,2026-07-22 04:02:31.983685
U784,I185,view,2026-06-08 12:21:31.983697
U512,I1,comment,2026-07-25 06:29:31.983709
U214,I121,like,2026-06-03 21:29:31.983721
U383,I344,comment,2026-06-19 23:27:31.983733
U430,I135,like,2026-08-01 07:36:31.983747
U49,I42,comment,2026-07-05 21:42:31.983759
U31,I46,view,2026-06-11 04:39:31.983771
U204,I471,like,2026-07-13 01:54:31.983784
U190,I3,comment,2026-07-27 16:31:31.983796
U178,I414,comment,2026-08-06 20:47:31.983808
U703,I290,like,2026-08-04 19:12:31.983823
U397,I380,comment,2026-07-30 23:00:31.983835
U778,I197,comment,2026-07-22 04:42:31.983848
U236,I59,comment,2026-08-03 05:33:31.983860
U299,I26,view,2026-07-28 14:50:31.983872
U194,I53,like,2026-08-06 00:35:31.983884
U486,I43,view,2026-07-01 23:23:31.983896
U123,I308,view,2026-07-15 23:19:31.983908
U324,I238,view,2026-07-20 01:44:31.983921
U47,I171,like,2026-06-17 21:07:31.983933
U681,I326,view,2026-07-09 21:13:31.983945
U29,I283,like,2026-06-18 09:35:31.983957
U917,I363,like,2026-08-11 07:34:31.983972
U861,I424,comment,2026-07-05 05:37:31.983984
U789,I225,like,2026-06-14 18:56:31.983997
U366,I80,comment,2026-07-22 06:38:31.984009
U373,I306,comment,2026-08-03 21:52:31.984021
U483,I409,comment,2026-07-21 02:41:31.984033
U370,I93,comment,2026-08-01 20:56:31.984046
U245,I333,like,2026-07-29 04:08:31.984061
U721,I95,view,2026-06-03 22:04:31.984073
U385,I245,like,2026-08-06 21:18:31.984086
U406,I212,comment,2026-06-05 05:59:31.984100
U433,I11,like,2026-07-15 23:52:31.984112
U595,I85,like,2026-07-09 11:43:31.984124
U904,I228,comment,2026-07-02 10:29:31.984136
U294,I41,view,2026-07-15 10:24:31.984148
U593,I22,comment,2026-06-29 23:27:31.984160
U87,I255,comment,2026-07-25 09:19:31.984172
U154,I65,view,2026-06-27 16:28:31.984184
U884,I349,view,2026-06-16 13:38:31.984196
U867,I427,comment,2026-06-09 15:42:31.984208
U811,I346,comment,2026-07-27 23:26:31.984224
U403,I62,comment,2026-06-24 20:54:31.984237
U475,I483,view,2026-06-15 23:51:31.984249
U720,I465,view,2026-06-18 16:40:31.984262
U826,I365,like,2026-07-06 07:53:31.984274
U835,I373,view,2026-07-20 03:26:31.984286
U101,I244,like,2026-07-13 22:56:31.984298
U886,I490,like,2026-08-03 07:28:31.984310
U68,I132,like,2026-06-06 23:52:31.984322
U269,I59,like,2026-07-16 04:26:31.984334
U718,I412,view,2026-07-14 10:56:31.984347
U373,I454,comment,2026-07-04 22:11:31.984359
U450,I111,like,2026-06-11 14:14:31.984371
U957,I104,comment,2026-08-05 01:33:31.984384
U945,I379,comment,2026-06-07 20:19:31.984396
U270,I47,view,2026-08-11 18:47:31.984408
U698,I209,comment,2026-06-18 11:34:31.984422
U328,I158,comment,2026-06-13 05:52:31.984435
U54,I277,comment,2026-06-29 13:02:31.984448
U758,I416,like,2026-07-25 08:25:31.984462
U260,I3,like,2026-06-13 17:03:31.984474
U814,I46,comment,2026-07-06 02:55:31.984487
U904,I464,like,2026-06-30 19:48:31.984502
U29,I198,like,2026-07-24 01:19:31.984514
U665,I448,like,2026-08-01 12:21:31.984526
U106,I344,like,2026-07-01 16:42:31.984538
U218,I272,like,2026-08-03 14:20:31.984550
U680,I487,view,2026-06-15 08:31:31.984563
U848,I332,like,2026-07-01 09:51:31.984575
U166,I15,like,2026-07-13 21:31:31.984587
U481,I300,comment,2026-07-10 06:40:31.984600
U977,I429,comment,2026-07-19 05:02:31.984615
U12,I15,like,2026-06-20 23:22:31.984627
U65,I340,view,2026-06-05 20:31:31.984639
U932,I162,comment,2026-07-31 00:15:31.984651
U799,I204,view,2026-08-06 14:55:31.984664
U726,I457,comment,2026-06-22 12:02:31.984676
U839,I491,like,2026-07-16 08:29:31.984688
U76,I62,comment,2026-07-17 07:57:31.984700
U210,I138,view,2026-07-27 03:05:31.984713
U310,I491,view,2026-06-08 10:43:31.984725
U862,I35,like,2026-07-19 18:15:31.984737
U899,I242,comment,2026-07-16 06:52:31.984750
U674,I202,comment,2026-07-29 16:19:31.984762
U281,I465,view,2026-07-29 13:21:31.984774
U129,I117,like,2026-06-14 04:39:31.984786
U435,I458,comment,2026-07-31 08:05:31.984799
U760,I37,like,2026-07-04 08:31:31.984813
U942,I261,comment,2026-07-06 09:26:31.984826
U56,I114,view,2026-06-18 10:30:31.984838
U828,I178,like,2026-06-15 16:17:31.984853
U718,I173,view,2026-07-29 06:54:31.984865
U243,I142,view,2026-07-04 08:51:31.984877
U400,I163,like,2026-08-05 22:47:31.984889
U865,I385,comment,2026-07-16 17:50:31.984901
U434,I131,comment,2026-07-25 16:34:31.984913
U779,I473,like,2026-08-02 20:41:31.984926
U969,I221,comment,2026-06-19 23:53:31.984938
U811,I161,like,2026-07-03 16:18:31.984950
U34,I398,comment,2026-06-14 01:42:31.984962
U841,I147,like,2026-08-03 01:59:31.984974
U707,I451,like,2026-06-29 12:34:31.984986
U950,I334,like,2026-07-22 11:09:31.984999
U657,I345,comment,2026-06-14 12:12:31.985013
U435,I380,like,2026-06-15 05:44:31.985027
U107,I387,view,2026-08-10 18:01:31.985039
U969,I254,view,2026-06-18 08:16:31.985058
U868,I350,like,2026-06-14 16:07:31.985070
U495,I274,comment,2026-06-20 08:22:31.985083
U855,I350,view,2026-07-13 14:14:31.985095
U463,I382,comment,2026-08-06 23:04:31.985107
U114,I285,view,2026-07-22 03:10:31.985120
U14,I140,like,2026-06-09 12:38:31.985132
U689,I165,view,2026-07-17 12:00:31.985144
U654,I145,comment,2026-07-14 22:33:31.985157
U857,I255,like,2026-07-21 03:48:31.985171
U273,I359,like,2026-07-09 01:15:31.985183
U670,I424,view,2026-06-17 10:14:31.985196
U480,I127,comment,2026-06-03 17:47:31.985208
U617,I244,like,2026-08-03 07:07:31.985220
U680,I218,view,2026-07-10 01:00:31.985232
U159,I428,comment,2026-07-20 20:35:31.985244
U78,I340,view,2026-06-28 19:21:31.985257
U816,I441,comment,2026-08-07 09:25:31.985269
U260,I2,view,2026-07-23 07:54:31.985281
U485,I9,like,2026-06-04 18:45:31.985293
U118,I265,comment,2026-06-16 06:33:31.985305
U407,I285,view,2026-06-09 10:23:31.985318
U458,I137,view,2026-08-10 04:59:31.985330
U755,I317,comment,2026-07-27 10:27:31.985342
U578,I10,comment,2026-06-06 21:48:31.985354
U806,I336,comment,2026-08-08 20:57:31.985366
U613,I179,comment,2026-06-20 21:40:31.985378
U156,I257,like,2026-06-24 12:47:31.985390
U273,I228,view,2026-07-28 21:03:31.985402
U399,I203,view,2026-08-07 07:34:31.985416
U406,I484,like,2026-06-05 09:13:31.985429
U899,I310,view,2026-06-15 00:34:31.985441
U913,I88,comment,2026-08-04 19:51:31.985453
U436,I481,view,2026-08-03 04:46:31.985465
U92,I305,comment,2026-07-18 07:27:31.985477
U36,I415,view,2026-06-07 04:48:31.985489
U741,I472,view,2026-07-08 03:10:31.985502
U181,I378,comment,2026-06-26 03:45:31.985517
U661,I456,view,2026-08-09 11:20:31.985529
U522,I272,view,2026-06-05 00:13:31.985541
U671,I27,comment,2026-06-27 02:41:31.985553
U818,I103,like,2026-06-03 11:04:31.985567
U125,I76,view,2026-08-01 02:45:31.985580
U471,I479,view,2026-07-12 14:12:31.985592
U617,I71,view,2026-07-29 07:32:31.985604
U797,I422,like,2026-07-23 17:57:31.985616
U247,I489,like,2026-07-25 23:01:31.985628
U337,I199,comment,2026-06-27 11:16:31.985641
U140,I177,like,2026-06-10 00:22:31.985655
U725,I426,like,2026-06-25 13:59:31.985667
U871,I176,comment,2026-07-31 14:39:31.985679
U434,I89,view,2026-06-30 22:01:31.985691
U716,I59,comment,2026-08-03 11:09:31.985703
U194,I142,like,2026-06-27 14:41:31.985715
U668,I362,comment,2026-07-25 15:55:31.985728
U147,I103,comment,2026-06-13 14:49:31.985740
U503,I119,view,2026-06-28 05:23:31.985752
U883,I130,like,2026-08-02 14:50:31.985764
U692,I458,comment,2026-06-07 01:48:31.985776
U154,I6,view,2026-07-19 20:06:31.985788
U189,I17,comment,2026-06-18 18:32:31.985800
U244,I458,comment,2026-07-19 02:01:31.985815
U114,I189,view,2026-06-26 13:50:31.985827
U466,I33,view,2026-06-08 07:20:31.985839
U631,I147,like,2026-07-11 16:02:31.985851
U51,I440,view,2026-07-12 20:38:31.985863
U580,I69,view,2026-07-12 19:04:31.985877
U231,I487,view,2026-08-11 15:12:31.985890
U884,I392,view,2026-07-09 16:30:31.985903
U367,I352,view,2026-06-10 14:02:31.985915
U560,I251,comment,2026-06-17 12:14:31.985927
U819,I495,view,2026-06-17 14:14:31.985939
U229,I202,comment,2026-06-11 17:16:31.985951
U802,I93,comment,2026-07-23 15:21:31.985963
U471,I299,comment,2026-07-01 12:34:31.985976
U152,I113,view,2026-06-07 03:29:31.985988
U641,I50,comment,2026-06-10 20:16:31.986000
U803,I463,like,2026-07-31 05:06:31.986013
U596,I76,like,2026-07-21 01:06:31.986025
U328,I53,like,2026-06-12 18:50:31.986037
U909,I325,like,2026-07-21 01:03:31.986049
U671,I106,like,2026-08-02 02:26:31.986061
U30,I243,comment,2026-07-25 17:53:31.986073
U381,I484,view,2026-08-07 19:05:31.986085
U182,I444,comment,2026-07-05 23:14:31.986100
U997,I295,comment,2026-06-25 00:30:31.986112
U852,I397,comment,2026-06-08 01:45:31.986124
U749,I448,like,2026-07-27 07:27:31.986136
U216,I71,view,2026-07-31 08:30:31.986148
U185,I116,like,2026-08-08 19:03:31.986161
U571,I247,like,2026-06-25 03:53:31.986173
U770,I164,view,2026-06-29 15:23:31.986185
U60,I481,view,2026-06-20 10:44:31.986200
U311,I106,view,2026-08-02 06:59:31.986212
U254,I245,like,2026-06-24 21:11:31.986226
U998,I180,view,2026-07-02 19:38:31.986238
U981,I265,like,2026-06-29 04:00:31.986251
U632,I86,like,2026-07-22 08:02:31.986263
U972,I57,comment,2026-06-05 10:06:31.986275
U567,I95,like,2026-07-08 15:04:31.986288
U665,I27,view,2026-08-11 05:43:31.986299
U632,I414,view,2026-07-23 19:06:31.986312
U457,I34,comment,2026-08-02 02:52:31.986324
U639,I118,like,2026-07-01 22:49:31.986336
U862,I278,comment,2026-07-18 06:15:31.986348
U731,I306,view,2026-06-21 22:35:31.986360
U805,I395,like,2026-06-23 15:39:31.986372
U3,I101,comment,2026-06-14 18:21:31.986384
U284,I332,comment,2026-06-05 10:29:31.986396
U823,I118,view,2026-07-31 14:37:31.986408
U98,I114,like,2026-07-02 07:01:31.986421
U62,I343,comment,2026-06-20 12:10:31.986433
U272,I202,like,2026-07-14 23:04:31.986447
U862,I187,comment,2026-07-14 17:51:31.986459
U31,I225,comment,2026-08-10 10:39:31.986471
U15,I164,like,2026-07-10 10:07:31.986483
U329,I332,view,2026-06-25 14:40:31.986495
U133,I437,like,2026-07-18 19:42:31.986507
U565,I370,like,2026-06-12 02:36:31.986519
U127,I398,view,2026-08-09 08:03:31.986532
U683,I284,like,2026-06-21 10:29:31.986544
U667,I381,like,2026-06-25 17:32:31.986556
U329,I29,like,2026-06-06 11:06:31.986570
U932,I273,comment,2026-06-28 00:51:31.986583
U492,I302,view,2026-07-27 17:24:31.986597
U984,I174,view,2026-06-28 13:35:31.986609
U753,I181,like,2026-06-30 13:16:31.986623
U71,I190,comment,2026-07-16 00:00:31.986636
U102,I164,like,2026-07-23 03:19:31.986648
U761,I17,comment,2026-08-10 08:43:31.986660
U390,I210,comment,2026-06-10 20:10:31.986672
U913,I252,like,2026-06-14 03:45:31.986684
U911,I339,view,2026-07-06 06:41:31.986696
U218,I391,like,2026-08-03 14:02:31.986709
U102,I293,like,2026-06-07 10:06:31.986721
U441,I356,like,2026-08-02 08:01:31.986733
U986,I302,comment,2026-07-12 03:53:31.986746
U761,I112,like,2026-06-18 16:15:31.986758
U250,I250,like,2026-06-06 17:08:31.986770
U116,I430,like,2026-07-19 13:32:31.986782
U701,I29,like,2026-06-28 10:39:31.986794
U504,I318,like,2026-06-30 08:52:31.986807
U8,I396,like,2026-06-28 15:04:31.986819
U585,I323,view,2026-07-23 14:35:31.986831
U28,I212,like,2026-06-23 19:42:31.986935
U594,I70,like,2026-08-10 12:09:31.986950
U293,I470,comment,2026-06-25 17:47:31.986963
U132,I23,comment,2026-07-29 17:40:31.986975
U825,I49,comment,2026-07-26 05:16:31.986987
U848,I138,comment,2026-06-09 18:35:31.987000
U305,I65,comment,2026-07-03 13:08:31.987014
U572,I138,comment,2026-07-20 15:19:31.987026
U150,I184,comment,2026-08-06 07:33:31.987039
U786,I217,comment,2026-07-30 14:22:31.987058
U589,I338,view,2026-08-09 15:23:31.987071
U343,I366,like,2026-07-07 19:50:31.987083
U826,I468,comment,2026-06-16 00:14:31.987097
U650,I61,like,2026-08-09 15:03:31.987110
U833,I230,like,2026-06-04 17:52:31.987122
U745,I17,view,2026-07-11 09:02:31.987135
U488,I280,view,2026-06-17 17:35:31.987147
U23,I433,like,2026-07-14 06:31:31.987159
U712,I499,view,2026-07-13 15:08:31.987171
U11,I471,view,2026-08-02 20:20:31.987183
U582,I309,comment,2026-06-23 17:11:31.987196
U880,I409,view,2026-07-18 21:20:31.987208
U284,I164,comment,2026-07-13 02:25:31.987220
U974,I360,comment,2026-06-05 02:26:31.987232
U713,I368,view,2026-08-04 14:26:31.987246
U844,I373,comment,2026-07-18 20:16:31.987259
U301,I94,like,2026-07-14 04:44:31.987271
U266,I28,view,2026-07-09 22:08:31.987283
U925,I43,comment,2026-06-09 23:32:31.987296
U681,I166,comment,2026-06-28 17:54:31.987308
U816,I143,like,2026-06-21 11:57:31.987320
U805,I89,like,2026-08-01 04:17:31.987332
U746,I201,view,2026-06-27 11:10:31.987347
U818,I161,view,2026-06-05 19:27:31.987359
U611,I347,like,2026-08-08 14:34:31.987372
U946,I12,like,2026-07-22 10:28:31.987386
U905,I131,view,2026-08-04 16:37:31.987399
U310,I447,like,2026-07-11 01:19:31.987411
U755,I322,view,2026-08-07 02:01:31.987423
U396,I322,comment,2026-08-10 02:14:31.987435
U584,I36,comment,2026-07-18 02:17:31.987447
U976,I221,comment,2026-07-14 16:14:31.987460
U531,I131,like,2026-08-07 08:53:31.987472
U13,I20,comment,2026-08-08 10:15:31.987484
U23,I149,view,2026-07-05 07:12:31.987499
U260,I434,comment,2026-07-19 21:39:31.987511
U638,I236,comment,2026-06-24 17:37:31.987523
U810,I108,comment,2026-06-06 05:20:31.987535
U990,I274,comment,2026-07-10 21:11:31.987548
U174,I184,comment,2026-08-10 02:38:31.987560
U288,I458,view,2026-06-19 22:51:31.987572
U619,I72,comment,2026-07-06 18:13:31.987584
U435,I68,comment,2026-07-02 11:10:31.987596
U432,I30,like,2026-07-25 07:38:31.987608
U543,I20,view,2026-06-30 00:07:31.987621
U616,I169,view,2026-08-04 15:08:31.987633
U91,I259,like,2026-07-27 07:13:31.987645
U683,I456,like,2026-07-07 20:59:31.987657
U361,I90,view,2026-06-12 22:49:31.987669
U381,I30,view,2026-06-11 09:20:31.987681
U120,I188,view,2026-07-12 19:18:31.987693
U616,I11,comment,2026-07-20 23:07:31.987705
U111,I173,like,2026-07-02 20:33:31.987717
U888,I429,like,2026-06-27 13:42:31.987732
U262,I36,view,2026-07-03 10:26:31.987744
U700,I140,comment,2026-06-28 18:14:31.987756
U877,I392,view,2026-06-12 15:20:31.987769
U396,I449,like,2026-08-02 14:12:31.987783
U640,I20,view,2026-07-22 00:22:31.987796
U795,I421,like,2026-06-09 01:31:31.987808
U253,I62,view,2026-07-01 02:13:31.987820
U411,I241,like,2026-07-28 01:44:31.987832
U370,I157,comment,2026-08-02 18:18:31.987844
U423,I261,comment,2026-07-16 04:57:31.987856
U284,I194,view,2026-07-04 15:44:31.987868
U289,I187,view,2026-06-26 20:37:31.987882
U621,I462,like,2026-07-19 23:01:31.987895
U699,I157,like,2026-06-12 08:50:31.987907
U555,I116,like,2026-06-26 13:10:31.987919
U916,I395,like,2026-08-03 19:42:31.987931
U876,I409,like,2026-07-02 10:11:31.987943
U647,I65,comment,2026-06-04 22:34:31.987956
U699,I348,comment,2026-06-27 22:45:31.987968
U955,I364,view,2026-06-08 04:26:31.987981
U160,I399,view,2026-07-01 04:25:31.987993
U766,I367,comment,2026-06-20 12:32:31.988005
U94,I367,comment,2026-07-15 14:04:31.988018
U994,I271,view,2026-07-15 00:03:31.988030
U20,I455,like,2026-06-20 13:06:31.988043
U676,I158,comment,2026-07-11 21:46:31.988055
U871,I389,view,2026-07-19 14:46:31.988067
U918,I207,like,2026-06-20 00:52:31.988082
U158,I329,view,2026-07-16 12:13:31.988095
U573,I379,view,2026-06-27 20:05:31.988107
U573,I9,view,2026-06-29 10:51:31.988119
U769,I124,comment,2026-07-06 16:04:31.988133
U682,I326,view,2026-06-29 09:12:31.988146
U428,I411,comment,2026-06-20 18:03:31.988158
U481,I473,like,2026-07-01 14:54:31.988171
U543,I23,comment,2026-07-20 05:42:31.988183
U280,I438,like,2026-07-10 22:03:31.988195
U114,I288,like,2026-06-23 20:39:31.988207
U465,I62,comment,2026-07-31 06:59:31.988219
U867,I275,view,2026-07-02 04:52:31.988231
U313,I226,comment,2026-07-01 04:03:31.988243
U442,I217,view,2026-07-06 09:33:31.988255
U771,I29,view,2026-06-17 06:04:31.988267
U83,I301,like,2026-06-18 02:13:31.988281
U194,I457,comment,2026-07-27 22:24:31.988294
U389,I429,comment,2026-07-31 08:20:31.988306
U350,I295,view,2026-06-13 19:00:31.988320
U625,I107,like,2026-07-02 00:36:31.988334
U445,I442,view,2026-06-27 15:58:31.988346
U865,I475,like,2026-06-24 12:06:31.988358
U812,I181,comment,2026-06-04 09:09:31.988370
U877,I229,comment,2026-06-20 11:31:31.988382
U119,I13,view,2026-07-08 17:17:31.988394
U866,I334,comment,2026-06-06 01:16:31.988406
U805,I108,view,2026-06-19 00:27:31.988419
U667,I343,comment,2026-06-28 16:37:31.988433
U47,I338,comment,2026-07-17 13:50:31.988446
U803,I228,comment,2026-06-29 00:31:31.988458
U938,I422,like,2026-07-18 02:27:31.988470
U34,I181,comment,2026-06-30 05:28:31.988483
U967,I473,like,2026-07-30 13:34:31.988495
U992,I186,view,2026-08-10 04:04:31.988507
U713,I43,comment,2026-07-09 06:55:31.988519
U985,I144,comment,2026-06-16 14:35:31.988532
U288,I18,view,2026-06-16 07:35:31.988544
U708,I318,view,2026-07-13 15:23:31.988556
U469,I415,comment,2026-07-30 19:13:31.988568
U379,I199,view,2026-07-23 03:05:31.988581
U502,I132,comment,2026-06-04 21:37:31.988593
U562,I137,comment,2026-07-12 04:35:31.988605
U750,I172,view,2026-06-11 22:18:31.988617
U670,I242,comment,2026-06-04 07:23:31.988629
U689,I209,like,2026-07-20 19:16:31.988641
U847,I173,view,2026-07-18 02:54:31.988653
U994,I94,like,2026-06-08 08:03:31.988665
U926,I170,like,2026-06-21 09:04:31.988679
U920,I174,like,2026-08-10 22:26:31.988692
U702,I230,like,2026-06-30 00:19:31.988705
U950,I375,comment,2026-07-30 22:22:31.988718
U540,I320,view,2026-06-09 12:35:31.988730
U793,I73,comment,2026-07-07 10:02:31.988743
U585,I167,view,2026-06-26 15:18:31.988755
U901,I284,comment,2026-08-06 08:29:31.988767
U969,I367,view,2026-06-19 22:37:31.988779
U279,I430,like,2026-06-05 21:31:31.988794
U902,I330,comment,2026-07-06 03:26:31.988806
U23,I120,comment,2026-07-04 06:27:31.988819
U830,I312,view,2026-08-09 00:00:31.988831
U806,I325,like,2026-06-30 12:51:31.988846
U445,I348,comment,2026-07-18 18:49:31.988858
U553,I88,view,2026-06-18 05:07:31.988871
U985,I421,comment,2026-07-24 22:37:31.988883
U708,I184,like,2026-08-06 16:16:31.988895
U983,I246,view,2026-07-06 14:18:31.988908
U821,I52,comment,2026-07-10 12:43:31.988920
U229,I244,comment,2026-06-30 07:43:31.988934
U697,I269,comment,2026-07-30 03:05:31.988947
U284,I251,like,2026-07-04 14:18:31.988959
U294,I288,like,2026-06-19 10:55:31.988971
U114,I199,like,2026-06-10 21:43:31.988983
U438,I297,comment,2026-08-09 20:33:31.988996
U875,I428,view,2026-06-29 23:38:31.989008
U822,I88,comment,2026-06-17 13:07:31.989020
U180,I176,like,2026-08-02 19:28:31.989033
U397,I310,like,2026-07-11 02:16:31.989045
U437,I313,comment,2026-06-24 13:49:31.989063
U63,I245,view,2026-06-26 10:41:31.989075
U145,I106,like,2026-06-29 07:13:31.989090
U685,I23,like,2026-06-25 03:32:31.989102
U64,I100,like,2026-06-04 04:22:31.989114
U870,I383,comment,2026-06-05 18:04:31.989126
U593,I9,like,2026-07-23 20:30:31.989138
U969,I394,comment,2026-07-15 13:23:31.989152
U237,I91,comment,2026-06-20 13:35:31.989165
U881,I366,like,2026-06-03 20:20:31.989177
U798,I142,view,2026-07-17 05:14:31.989189
U100,I282,like,2026-08-03 14:44:31.989201
U713,I194,view,2026-06-20 07:01:31.989213
U654,I180,view,2026-06-17 00:29:31.989225
U120,I60,view,2026-06-09 15:20:31.989237
U178,I293,comment,2026-07-04 13:19:31.989250
U922,I134,like,2026-07-20 07:47:31.989262
U69,I54,view,2026-07-28 15:52:31.989274
U566,I236,view,2026-08-03 05:41:31.989286
U269,I222,comment,2026-06-19 02:50:31.989298
U357,I49,like,2026-06-13 08:20:31.989311
U148,I14,like,2026-07-21 20:28:31.989323
U576,I416,view,2026-08-06 09:52:31.989336
U376,I308,comment,2026-07-03 11:46:31.989348
U696,I221,view,2026-06-20 01:41:31.989361
U259,I78,like,2026-06-20 14:09:31.989375
U970,I474,comment,2026-07-25 15:21:31.989387
U571,I345,like,2026-06-07 04:54:31.989400
U493,I182,view,2026-06-04 22:38:31.989412
U906,I146,like,2026-06-24 14:23:31.989425
U512,I153,comment,2026-07-20 18:35:31.989437
U485,I368,comment,2026-07-20 20:48:31.989449
U313,I321,view,2026-06-15 11:54:31.989461
U796,I166,like,2026-06-05 22:06:31.989475
U249,I4,view,2026-07-26 12:16:31.989488
U895,I229,comment,2026-07-30 09:29:31.989502
U700,I405,like,2026-07-01 12:19:31.989514
U589,I104,like,2026-07-06 07:55:31.989527
U162,I183,like,2026-07-12 19:04:31.989539
U360,I101,like,2026-07-04 04:36:31.989551
U454,I316,view,2026-07-29 13:43:31.989564
U284,I441,view,2026-06-15 03:40:31.989576
U312,I345,view,2026-06-26 07:37:31.989588
U251,I353,comment,2026-07-29 18:19:31.989601
U404,I488,view,2026-06-07 09:58:31.989614
U472,I390,view,2026-06-28 11:12:31.989626
U603,I453,like,2026-06-06 00:58:31.989638
U522,I450,view,2026-06-24 21:49:31.989650
U583,I426,comment,2026-06-18 17:14:31.989662
U81,I410,like,2026-06-24 21:40:31.989675
U990,I223,comment,2026-07-27 17:54:31.989687
U518,I249,comment,2026-07-19 10:18:31.989699
U509,I403,view,2026-07-07 22:06:31.989712
U941,I315,like,2026-08-07 02:22:31.989724
U301,I9,comment,2026-07-08 07:10:31.989738
U721,I446,like,2026-06-18 12:14:31.989750
U386,I443,view,2026-07-08 03:53:31.989762
U321,I93,view,2026-07-17 04:36:31.989775
U102,I380,comment,2026-06-28 14:07:31.989787
U225,I38,view,2026-06-26 01:35:31.989799
U51,I72,like,2026-07-16 19:56:31.989811
U20,I135,like,2026-06-08 17:16:31.989823
U917,I4,comment,2026-08-02 12:32:31.989835
U580,I35,like,2026-06-18 15:52:31.989849
U794,I411,comment,2026-07-20 03:15:31.989861
U805,I352,like,2026-07-01 06:58:31.989876
U57,I474,like,2026-07-04 09:22:31.989888
U373,I224,view,2026-08-02 18:12:31.989901
U298,I317,comment,2026-07-22 14:58:31.989915
U819,I183,comment,2026-08-09 02:31:31.989927
U80,I298,like,2026-07-09 03:38:31.989939
U214,I462,like,2026-06-12 14:25:31.989951
U81,I15,like,2026-06-07 08:42:31.989963
U331,I261,comment,2026-07-09 05:03:31.989975
U405,I226,like,2026-08-03 11:49:31.989988
U832,I112,comment,2026-08-06 14:17:31.990000
U711,I23,view,2026-06-09 08:35:31.990012
U733,I33,view,2026-06-09 17:58:31.990024
U472,I140,view,2026-07-25 11:42:31.990036
U94,I463,comment,2026-07-10 02:43:31.990048
U424,I487,like,2026-06-27 08:26:31.990060
U238,I3,like,2026-08-02 09:32:31.990072
U722,I477,view,2026-07-02 07:12:31.990084
U218,I232,like,2026-07-21 08:19:31.990097
U853,I304,comment,2026-06-15 03:49:31.990109
U674,I22,like,2026-08-11 07:32:31.990121
U100,I338,comment,2026-06-21 08:14:31.990134
U175,I211,like,2026-08-04 20:19:31.990146
U846,I409,view,2026-06-16 17:02:31.990158
U873,I80,like,2026-06-06 18:04:31.990170
U693,I458,comment,2026-08-10 10:00:31.990182
U0,I212,like,2026-07-23 20:02:31.990195
U536,I195,comment,2026-07-18 06:19:31.990210
U866,I354,view,2026-07-04 00:35:31.990222
U948,I206,like,2026-07-27 06:16:31.990234
U937,I332,comment,2026-08-04 02:16:31.990246
U999,I486,comment,2026-07-20 02:49:31.990259
U349,I277,view,2026-08-08 01:29:31.990273
U854,I141,comment,2026-08-04 05:39:31.990285
U65,I424,view,2026-06-08 02:17:31.990297
U873,I15,like,2026-07-15 06:26:31.990309
U347,I26,like,2026-07-14 02:02:31.990322
U764,I124,like,2026-06-08 09:55:31.990334
U115,I292,comment,2026-06-17 04:41:31.990346
U990,I466,view,2026-07-05 20:05:31.990358
U59,I425,like,2026-06-28 23:12:31.990370
U415,I307,like,2026-06-08 20:43:31.990383
U883,I140,comment,2026-06-28 17:03:31.990395
U621,I223,comment,2026-08-07 07:26:31.990408
U867,I167,comment,2026-06-27 02:25:31.990420
U862,I456,comment,2026-07-08 14:32:31.990432
U153,I162,comment,2026-07-10 23:31:31.990447
U8,I428,comment,2026-07-27 10:29:31.990459
U183,I158,comment,2026-07-19 01:57:31.990471
U775,I29,comment,2026-06-19 01:39:31.990483
U897,I134,view,2026-06-04 21:58:31.990495
U708,I256,comment,2026-06-03 22:34:31.990508
U112,I399,view,2026-06-03 15:33:31.990520
U503,I172,comment,2026-08-02 04:39:31.990535
U756,I265,like,2026-06-27 10:40:31.990547
U795,I255,like,2026-08-01 06:59:31.990561
U307,I287,view,2026-08-02 23:47:31.990574
U391,I28,comment,2026-06-22 04:38:31.990586
U21,I484,like,2026-06-21 04:12:31.990598
U511,I343,comment,2026-07-10 14:23:31.990611
U932,I250,like,2026-06-22 03:56:31.990623
U174,I205,comment,2026-06-05 15:45:31.990635
U561,I195,comment,2026-08-07 14:06:31.990647
U268,I138,view,2026-07-16 11:08:31.990660
U93,I461,comment,2026-07-17 10:30:31.990675
U764,I70,view,2026-07-19 02:44:31.990688
U784,I74,view,2026-07-06 00:32:31.990700
U505,I404,view,2026-08-10 02:57:31.990712
U542,I275,like,2026-06-09 02:51:31.990724
U354,I434,like,2026-08-05 22:25:31.990736
U336,I419,like,2026-07-22 03:22:31.990749
U448,I342,view,2026-06-12 22:43:31.990761
U425,I394,like,2026-07-05 10:46:31.990773
U522,I129,view,2026-07-02 09:30:31.990785
U44,I150,like,2026-07-19 15:23:31.990798
U64,I210,view,2026-06-21 13:07:31.990810
U681,I258,like,2026-07-15 23:57:31.990822
U153,I447,like,2026-07-02 07:14:31.990835
U999,I195,view,2026-06-23 18:34:31.990847
U80,I224,view,2026-08-10 20:48:31.990860
U45,I219,view,2026-08-04 18:00:31.990872
U923,I135,like,2026-07-04 01:30:31.990884
U368,I295,comment,2026-07-28 19:12:31.990896
U687,I477,like,2026-06-18 14:04:31.990910
U766,I333,comment,2026-07-07 04:52:31.990923
U420,I377,like,2026-06-10 15:34:31.990935
U48,I160,comment,2026-07-31 18:33:31.990947
U886,I235,like,2026-07-13 11:35:31.990959
U38,I14,comment,2026-07-03 11:20:31.990974
U14,I41,view,2026-07-01 05:18:31.990986
U356,I387,like,2026-06-08 04:10:31.990999
U760,I274,like,2026-08-11 08:05:31.991011
U920,I229,comment,2026-06-22 10:37:31.991023
U256,I91,view,2026-07-16 23:41:31.991035
U997,I188,comment,2026-07-01 06:37:31.991048
U447,I52,view,2026-06-15 22:21:31.991068
U438,I471,comment,2026-06-28 22:33:31.991080
U818,I23,comment,2026-07-03 21:17:31.991092
U499,I67,view,2026-08-03 10:15:31.991105
U618,I371,like,2026-07-26 17:35:31.991117
U566,I388,like,2026-07-15 13:56:31.991129
U600,I442,like,2026-07-19 06:18:31.991141
U210,I5,view,2026-06-18 23:01:31.991154
U814,I77,like,2026-07-09 20:21:31.991166
U162,I231,like,2026-06-04 23:48:31.991178
U372,I318,comment,2026-06-24 03:50:31.991191
U227,I100,comment,2026-06-30 14:39:31.991203
U933,I498,comment,2026-06-10 04:46:31.991216
U55,I458,view,2026-06-11 03:09:31.991228
U590,I52,like,2026-06-10 07:15:31.991241
U788,I23,comment,2026-06-18 20:32:31.991253
U598,I413,comment,2026-07-16 17:57:31.991269
U704,I238,view,2026-07-07 05:39:31.991281
U605,I376,view,2026-06-23 17:25:31.991294
U29,I46,like,2026-06-11 17:47:31.991306
U792,I84,comment,2026-06-04 01:54:31.991318
U414,I408,like,2026-08-06 07:06:31.991333
U544,I110,comment,2026-08-03 02:11:31.991345
U760,I7,view,2026-06-23 16:57:31.991357
U39,I76,comment,2026-06-28 03:37:31.991369
U843,I336,like,2026-08-05 11:21:31.991381
U870,I206,view,2026-07-27 12:06:31.991393
U734,I24,view,2026-06-13 07:47:31.991406
U407,I367,like,2026-07-01 04:10:31.991417
U63,I115,comment,2026-07-12 03:41:31.991430
U633,I180,view,2026-08-02 05:16:31.991442
U325,I63,comment,2026-07-02 22:54:31.991454
U920,I193,like,2026-07-03 04:24:31.991468
U722,I211,like,2026-06-20 17:14:31.991480
U415,I448,comment,2026-06-23 12:38:31.991492
U880,I203,view,2026-07-25 06:40:31.991506
U395,I438,like,2026-07-30 17:58:31.991519
U799,I184,like,2026-07-08 15:13:31.991531
U525,I249,like,2026-07-29 16:46:31.991543
U828,I31,view,2026-07-29 08:17:31.991555
U182,I167,comment,2026-07-10 02:27:31.991567
U47,I412,view,2026-08-10 01:07:31.991580
U396,I314,comment,2026-08-10 03:54:31.991592
U627,I224,view,2026-06-30 16:21:31.991604
U839,I104,view,2026-06-21 23:09:31.991617
U509,I466,like,2026-06-24 01:28:31.991631
U936,I102,view,2026-07-16 15:54:31.991643
U913,I60,like,2026-08-07 04:48:31.991656
U655,I2,comment,2026-07-07 09:05:31.991668
U330,I276,comment,2026-06-25 22:20:31.991680
U294,I491,like,2026-06-08 01:40:31.991692
U773,I414,view,2026-07-21 18:23:31.991705
U977,I13,like,2026-07-17 15:37:31.991717
U440,I31,like,2026-06-08 23:23:31.991729
U831,I160,view,2026-06-07 18:59:31.991741
U424,I0,view,2026-06-24 06:08:31.991753
U623,I356,view,2026-06-27 15:21:31.991766
U908,I19,comment,2026-07-17 17:13:31.991778
U578,I441,view,2026-07-20 12:49:31.991790
U481,I190,view,2026-08-11 08:22:31.991802
U291,I144,comment,2026-06-17 06:06:31.991814
U52,I325,comment,2026-06-04 18:52:31.991827
U567,I420,like,2026-08-06 13:58:31.991839
U269,I240,like,2026-07-31 07:39:31.991851
U500,I335,view,2026-06-20 07:37:31.991865
U24,I81,comment,2026-07-04 02:34:31.991878
U269,I188,like,2026-07-25 17:07:31.991890
U4,I351,like,2026-07-13 15:31:31.991902
U943,I322,like,2026-08-01 01:37:31.991914
U916,I319,view,2026-07-12 23:57:31.991927
U937,I251,comment,2026-07-15 15:17:31.991939
U493,I107,view,2026-06-26 14:21:31.991951
U793,I0,view,2026-07-17 02:18:31.991963
U184,I248,comment,2026-08-09 14:45:31.991977
U391,I81,view,2026-07-27 20:23:31.991989
U513,I166,like,2026-07-02 09:08:31.992002
U167,I176,comment,2026-07-22 11:18:31.992014
U188,I6,comment,2026-06-09 17:04:31.992026
U143,I492,view,2026-07-09 23:57:31.992040
U74,I163,comment,2026-08-06 17:27:31.992052
U119,I96,comment,2026-07-28 13:00:31.992064
U258,I239,like,2026-08-03 11:17:31.992076
U820,I224,view,2026-06-26 09:33:31.992088
U485,I344,comment,2026-08-10 14:34:31.992100
U736,I185,like,2026-07-23 21:01:31.992113
U886,I318,view,2026-06-09 21:06:31.992127
U123,I449,view,2026-06-15 00:34:31.992140
U273,I44,view,2026-08-09 14:26:31.992152
U367,I383,like,2026-07-16 11:34:31.992164
U104,I65,like,2026-06-07 22:00:31.992176
U958,I422,like,2026-06-27 23:51:31.992188
U264,I323,like,2026-07-17 19:34:31.992201
U752,I191,like,2026-07-12 16:25:31.992213
U438,I297,view,2026-07-23 11:01:31.992225
U221,I410,like,2026-06-29 19:05:31.992238
U416,I358,view,2026-07-29 14:21:31.992250
U803,I396,comment,2026-06-21 16:48:31.992264
U585,I457,view,2026-07-18 16:34:31.992277
U458,I115,view,2026-06-30 11:09:31.992289
U857,I313,like,2026-08-08 00:08:31.992301
U580,I479,like,2026-06-11 10:45:31.992313
U378,I91,like,2026-06-17 23:17:31.992327
U49,I192,like,2026-07-09 10:19:31.992340
U422,I101,comment,2026-08-07 16:52:31.992352
U449,I41,like,2026-07-15 08:58:31.992364
U849,I416,like,2026-07-24 07:14:31.992377
U488,I105,view,2026-07-15 19:00:31.992389
U630,I44,like,2026-06-14 02:33:31.992401
U320,I274,like,2026-06-21 04:16:31.992413
U227,I457,comment,2026-07-07 09:23:31.992426
U592,I147,like,2026-07-03 15:09:31.992438
U304,I106,comment,2026-07-10 23:31:31.992450
U694,I354,like,2026-08-04 04:23:31.992462
U673,I156,view,2026-07-14 03:35:31.992475
U709,I496,view,2026-07-17 08:25:31.992487
U381,I487,comment,2026-06-22 14:17:31.992499
U778,I60,comment,2026-08-08 22:40:31.992511
U772,I278,view,2026-07-13 17:46:31.992523
U111,I469,comment,2026-07-08 02:38:31.992535
U718,I119,view,2026-08-02 00:30:31.992547
U546,I229,view,2026-06-22 17:11:31.992560
U592,I245,comment,2026-07-22 01:19:31.992574
U245,I499,view,2026-06-03 16:29:31.992586
U47,I65,like,2026-08-11 02:52:31.992598
U287,I79,like,2026-07-20 22:13:31.992611
U832,I113,view,2026-06-25 16:04:31.992623
U537,I323,like,2026-08-02 09:34:31.992635
U677,I291,comment,2026-08-11 11:05:31.992649
U786,I74,comment,2026-08-09 08:47:31.992661
U625,I371,view,2026-06-12 20:27:31.992676
U157,I253,like,2026-07-19 07:16:31.992688
U5,I12,comment,2026-07-20 12:25:31.992700
U793,I427,view,2026-07-03 04:34:31.992712
U951,I194,comment,2026-06-25 22:44:31.992724
U310,I239,like,2026-06-27 08:29:31.992736
U667,I78,comment,2026-08-07 22:25:31.992749
U755,I82,comment,2026-07-14 04:59:31.992761
U488,I375,view,2026-06-17 16:12:31.992773
U428,I487,comment,2026-07-24 09:32:31.992784
U423,I257,like,2026-07-10 08:16:31.992796
U210,I497,comment,2026-07-25 05:12:31.992809
U542,I29,view,2026-06-24 23:13:31.992821
U999,I492,like,2026-07-24 12:21:31.992833
U194,I452,like,2026-06-21 11:22:31.992845
U471,I15,like,2026-06-17 10:14:31.992857
U816,I297,view,2026-07-27 09:12:31.992871
U301,I237,comment,2026-08-07 05:56:31.992883
U646,I351,comment,2026-07-09 21:19:31.992895
U101,I268,view,2026-07-06 18:31:31.992907
U141,I53,like,2026-06-21 13:07:31.992921
U519,I338,view,2026-06-13 02:37:31.992934
U849,I461,comment,2026-07-25 17:01:31.992946
U413,I235,view,2026-06-10 10:16:31.992958
U178,I258,view,2026-06-13 15:39:31.992970
U69,I450,comment,2026-06-23 06:37:31.992982
U970,I293,comment,2026-08-10 19:21:31.992995
U14,I193,comment,2026-06-26 22:32:31.993007
U697,I464,view,2026-08-06 01:42:31.993019
U896,I464,like,2026-06-28 13:32:31.993034
U602,I24,comment,2026-06-06 16:01:31.993048
U886,I83,comment,2026-07-27 04:33:31.993106
U557,I344,comment,2026-07-08 11:28:31.993121
U330,I257,like,2026-07-04 09:28:31.993133
U559,I397,like,2026-06-11 03:42:31.993148
U460,I305,like,2026-07-28 13:29:31.993161
U646,I146,like,2026-06-12 05:27:31.993174
U625,I312,comment,2026-06-17 19:25:31.993186
U453,I4,like,2026-07-31 14:36:31.993198
U42,I285,like,2026-06-24 11:37:31.993211
U217,I135,view,2026-06-06 20:27:31.993223
U4,I316,view,2026-07-11 08:41:31.993235
U906,I371,comment,2026-07-19 09:39:31.993247
U930,I271,comment,2026-06-22 16:20:31.993260
U587,I22,comment,2026-06-24 05:28:31.993272
U252,I98,comment,2026-07-04 22:10:31.993284
U921,I407,comment,2026-06-23 18:06:31.993296
U386,I469,view,2026-07-01 03:45:31.993308
U937,I376,view,2026-07-30 11:59:31.993321
U396,I30,like,2026-08-02 17:37:31.993333
U221,I35,view,2026-06-26 22:12:31.993345
U704,I15,comment,2026-06-08 19:44:31.993357
U432,I382,view,2026-07-05 01:21:31.993369
U304,I28,comment,2026-06-14 13:57:31.993381
U620,I452,view,2026-06-29 10:58:31.993394
U650,I350,comment,2026-07-22 13:46:31.993406
U655,I12,view,2026-06-27 10:33:31.993418
U742,I284,like,2026-06-08 20:53:31.993432
U216,I227,view,2026-07-27 02:06:31.993444
U944,I499,view,2026-07-12 09:24:31.993456
U722,I472,like,2026-07-02 21:22:31.993469
U109,I64,comment,2026-06-05 22:27:31.993481
U897,I447,view,2026-06-24 19:38:31.993495
U508,I11,comment,2026-08-04 12:34:31.993507
U341,I402,comment,2026-06-28 12:57:31.993520
U553,I486,view,2026-08-02 20:57:31.993533
U240,I323,view,2026-07-02 19:38:31.993546
U205,I365,like,2026-07-17 00:13:31.993557
U838,I85,like,2026-06-29 07:43:31.993570
U684,I173,comment,2026-07-30 07:33:31.993582
U276,I246,view,2026-06-18 00:15:31.993595
U282,I494,view,2026-07-19 21:24:31.993607
U252,I100,like,2026-06-27 14:44:31.993619
U999,I278,like,2026-07-01 21:51:31.993631
U231,I369,like,2026-07-10 19:20:31.993643
U664,I442,view,2026-06-29 08:39:31.993656
U418,I222,like,2026-08-08 22:01:31.993670
U540,I158,like,2026-07-02 17:37:31.993683
U533,I140,view,2026-07-06 08:02:31.993695
U259,I459,like,2026-08-01 08:54:31.993707
U340,I226,comment,2026-07-16 01:04:31.993720
U416,I496,comment,2026-07-30 04:31:31.993732
U119,I307,view,2026-06-09 07:14:31.993745
U497,I261,view,2026-07-14 00:20:31.993757
U862,I218,comment,2026-06-15 09:15:31.993772
U128,I161,comment,2026-06-12 09:28:31.993786
U874,I153,like,2026-07-18 21:18:31.993799
U342,I287,comment,2026-07-06 06:01:31.993811
U465,I89,view,2026-07-26 13:42:31.993823
U586,I310,like,2026-06-30 16:03:31.993835
U165,I69,view,2026-07-04 14:25:31.993847
U483,I315,comment,2026-08-07 20:34:31.993859
U443,I341,like,2026-08-02 19:56:31.993872
U321,I396,comment,2026-08-02 08:19:31.993884
U233,I264,like,2026-07-02 22:31:31.993900
U734,I473,like,2026-06-22 02:59:31.993913
U416,I343,view,2026-06-24 23:45:31.993925
U223,I121,view,2026-07-30 13:09:31.993937
U822,I103,view,2026-06-12 04:11:31.993949
U768,I310,view,2026-07-07 07:24:31.993961
U141,I79,comment,2026-06-13 22:48:31.993973
U902,I129,comment,2026-06-13 17:49:31.993985
U513,I378,comment,2026-07-25 20:05:31.993997
U576,I211,comment,2026-08-03 22:11:31.994009
U61,I116,comment,2026-07-06 07:00:31.994022
U381,I254,comment,2026-06-14 10:46:31.994034
U567,I26,view,2026-07-14 10:04:31.994047
U205,I251,view,2026-08-04 14:57:31.994059
U722,I156,view,2026-07-28 04:25:31.994072
U420,I74,comment,2026-07-21 17:34:31.994084
U641,I187,like,2026-06-13 21:26:31.994096
U408,I16,like,2026-06-06 09:49:31.994108
U79,I76,comment,2026-07-05 06:39:31.994120
U882,I146,comment,2026-06-14 21:05:31.994134
U847,I18,view,2026-07-03 08:01:31.994147
U77,I145,view,2026-08-08 12:46:31.994159
U580,I464,like,2026-08-11 06:06:31.994172
U48,I305,like,2026-07-03 17:18:31.994184
U401,I182,view,2026-06-18 20:49:31.994196
U893,I165,comment,2026-07-11 21:38:31.994210
U965,I159,view,2026-07-20 04:52:31.994223
U39,I27,like,2026-06-29 15:16:31.994235
U906,I265,comment,2026-07-06 09:52:31.994247
U133,I335,view,2026-06-28 03:33:31.994260
U744,I152,view,2026-06-09 22:43:31.994272
U160,I411,like,2026-06-13 23:13:31.994287
U322,I92,view,2026-07-30 22:49:31.994300
U348,I340,view,2026-06-22 18:39:31.994312
U584,I259,comment,2026-06-10 08:15:31.994325
U952,I422,like,2026-08-06 16:33:31.994337
U511,I396,like,2026-07-28 11:09:31.994349
U111,I210,comment,2026-07-08 20:01:31.994362
U840,I396,comment,2026-06-20 23:46:31.994374
U907,I54,like,2026-06-04 14:42:31.994386
U458,I30,view,2026-06-24 09:20:31.994399
U695,I341,comment,2026-06-04 11:22:31.994411
U929,I33,like,2026-06-27 19:19:31.994424
U95,I109,view,2026-07-19 19:40:31.994436
U0,I327,like,2026-07-10 06:47:31.994448
U34,I486,like,2026-07-05 18:33:31.994460
U276,I90,like,2026-07-01 02:37:31.994472
U430,I464,comment,2026-07-20 12:20:31.994485
U317,I426,view,2026-06-13 23:59:31.994508
U313,I390,view,2026-07-05 03:48:31.994521
U346,I71,comment,2026-06-11 12:15:31.994534
U702,I468,comment,2026-08-06 07:00:31.994546
U867,I163,like,2026-07-16 22:35:31.994559
U511,I455,comment,2026-06-11 16:10:31.994574
U870,I134,like,2026-08-04 09:31:31.994586
U421,I7,like,2026-06-26 13:29:31.994598
U382,I358,view,2026-07-10 18:14:31.994611
U196,I367,view,2026-06-23 21:49:31.994624
U738,I255,comment,2026-07-10 03:24:31.994636
U613,I327,view,2026-06-27 21:49:31.994648
U945,I162,view,2026-06-05 14:06:31.994661
U191,I30,comment,2026-06-06 23:10:31.994673
U71,I344,comment,2026-07-13 10:03:31.994685
U167,I492,view,2026-06-05 16:19:31.994700
U803,I430,like,2026-06-03 09:50:31.994712
U233,I25,like,2026-07-06 11:33:31.994724
U945,I482,comment,2026-06-06 12:28:31.994736
U236,I10,view,2026-07-20 10:22:31.994749
U642,I494,like,2026-06-17 22:30:31.994764
U982,I253,comment,2026-06-08 16:05:31.994776
U285,I150,view,2026-07-16 16:26:31.994788
U232,I116,view,2026-07-29 14:10:31.994801
U607,I359,comment,2026-07-11 10:12:31.995131
U695,I233,view,2026-07-03 19:43:31.995173
U971,I470,comment,2026-06-09 17:36:31.995200
U658,I374,comment,2026-06-08 10:42:31.995223
U55,I151,comment,2026-07-01 11:17:31.995248
U132,I134,view,2026-06-14 21:37:31.995272
U782,I201,view,2026-07-17 21:32:31.995311
U935,I317,comment,2026-07-29 03:33:31.995335
U805,I444,view,2026-06-26 10:00:31.995354
U216,I338,comment,2026-08-02 11:28:31.995385
U576,I407,like,2026-07-05 12:10:31.995429
U461,I321,view,2026-08-05 01:17:31.995454
U22,I16,view,2026-06-20 17:45:31.995479
U452,I286,comment,2026-07-16 07:02:31.995504
U177,I314,view,2026-07-27 19:26:31.995527
U592,I291,like,2026-08-05 19:44:31.995550
U388,I325,comment,2026-07-30 21:30:31.995574
U124,I65,view,2026-07-31 07:19:31.995597
U433,I182,view,2026-07-11 02:20:31.995619
U983,I309,comment,2026-08-07 06:04:31.995641
U990,I470,like,2026-07-16 23:10:31.995664
U528,I303,like,2026-08-11 16:07:31.995685
U350,I329,comment,2026-06-30 02:11:31.995707
U577,I293,view,2026-08-03 18:26:31.995735
U370,I392,view,2026-06-05 04:02:31.995757
U267,I117,comment,2026-06-11 01:40:31.995779
U359,I456,comment,2026-07-10 22:47:31.995801
U984,I59,view,2026-07-29 10:00:31.995824
U789,I114,comment,2026-07-24 05:04:31.995846
U941,I135,comment,2026-08-06 17:55:31.995882
U733,I445,comment,2026-06-09 20:46:31.995924
U27,I263,like,2026-07-05 02:42:31.995949
U873,I333,like,2026-08-05 08:37:31.995978
U962,I375,like,2026-06-19 01:05:31.996001
U336,I312,view,2026-07-16 05:05:31.996024
U244,I165,comment,2026-06-23 16:36:31.996046
U767,I401,view,2026-07-18 07:17:31.996068
U877,I166,view,2026-08-09 23:05:31.996091
U760,I241,like,2026-06-09 22:32:31.996119
U745,I426,like,2026-07-28 15:05:31.996143
U535,I83,like,2026-06-14 20:03:31.996166
U103,I406,like,2026-07-26 05:19:31.996189
U402,I157,view,2026-07-28 23:31:31.996212
U96,I497,view,2026-06-26 07:58:31.996227
U80,I163,comment,2026-07-18 22:22:31.996239
U786,I253,view,2026-06-26 20:18:31.996256
U597,I111,comment,2026-06-14 23:23:31.996268
U994,I233,like,2026-06-28 10:49:31.996281
U59,I189,like,2026-07-02 10:09:31.996294
U25,I318,comment,2026-06-14 02:16:31.996306
U738,I10,view,2026-07-06 05:24:31.996323
U955,I66,comment,2026-06-11 23:07:31.996343
U222,I94,comment,2026-07-05 23:58:31.996357
U183,I477,comment,2026-06-07 20:40:31.996369
U672,I447,like,2026-07-30 23:59:31.996390
U437,I171,comment,2026-07-28 21:55:31.996418
U3,I490,comment,2026-06-17 15:21:31.996441
U537,I26,comment,2026-06-05 14:14:31.996462
U502,I20,comment,2026-06-26 02:23:31.996485
U636,I405,view,2026-06-14 12:09:31.996507
U247,I225,view,2026-06-25 18:19:31.996534
U510,I253,view,2026-07-12 21:41:31.996558
U166,I358,view,2026-07-25 11:08:31.996601
U635,I301,view,2026-07-03 06:27:31.996627
U855,I427,like,2026-07-07 10:37:31.996648
U579,I412,like,2026-06-25 13:49:31.996662
U307,I185,comment,2026-07-18 11:10:31.996675
U110,I443,view,2026-06-19 11:20:31.996687
U558,I344,like,2026-06-26 16:33:31.996700
U936,I185,comment,2026-06-07 11:01:31.996720
U911,I291,like,2026-06-24 20:03:31.996736
U169,I204,like,2026-06-05 06:15:31.996749
U619,I9,like,2026-07-04 15:46:31.996762
U822,I469,comment,2026-08-02 07:21:31.996774
U323,I308,view,2026-06-20 06:52:31.996786
U321,I84,comment,2026-07-16 23:26:31.996799
U457,I436,view,2026-06-05 09:16:31.996811
U505,I490,like,2026-07-09 23:06:31.996824
U658,I169,view,2026-07-22 10:54:31.996837
U197,I492,like,2026-08-05 09:35:31.996849
U999,I331,comment,2026-06-20 13:46:31.996868
U963,I396,like,2026-08-05 08:22:31.996880
U812,I340,like,2026-06-14 11:22:31.996893
U305,I418,comment,2026-07-12 20:14:31.996905
U918,I196,like,2026-06-16 17:44:31.996918
U851,I216,view,2026-08-03 04:57:31.996930
U879,I237,comment,2026-07-09 23:51:31.996946
U645,I25,like,2026-08-01 14:05:31.996959
U821,I10,like,2026-08-07 21:18:31.996971
U175,I255,view,2026-07-04 05:24:31.996986
U315,I339,view,2026-06-21 13:58:31.996998
U365,I454,view,2026-06-11 19:38:31.997011
U937,I386,comment,2026-08-06 16:46:31.997023
U786,I2,comment,2026-07-31 20:28:31.997036
U651,I64,comment,2026-07-22 03:25:31.997049
U525,I459,view,2026-08-06 23:18:31.997062
U895,I332,comment,2026-07-25 05:45:31.997074
U97,I314,view,2026-08-11 13:52:31.997087
U338,I460,like,2026-06-27 16:34:31.997100
U854,I459,comment,2026-06-18 09:27:31.997113
U213,I87,view,2026-06-22 04:45:31.997126
U478,I324,view,2026-06-10 14:29:31.997138
U171,I362,comment,2026-07-16 17:03:31.997159
U691,I431,comment,2026-07-25 18:48:31.997182
U183,I202,view,2026-06-11 06:31:31.997206
U625,I243,comment,2026-07-25 03:14:31.997229
U90,I39,view,2026-07-11 03:57:31.997252
U167,I342,comment,2026-06-03 16:29:31.997272
U812,I105,view,2026-06-28 01:11:31.997292
U137,I439,view,2026-08-09 10:33:31.997318
U455,I166,comment,2026-06-17 23:36:31.997342
U197,I375,like,2026-07-14 13:43:31.997364
U881,I333,comment,2026-07-19 23:27:31.997387
U669,I311,comment,2026-08-01 08:40:31.997433
U607,I361,view,2026-07-08 15:27:31.997467
U675,I138,comment,2026-06-11 01:42:31.997492
U588,I497,view,2026-07-07 20:19:31.997531
U180,I324,comment,2026-06-11 22:14:31.997581
U207,I283,comment,2026-08-11 06:07:31.997615
U989,I294,view,2026-07-29 23:43:31.997640
U785,I252,comment,2026-06-12 07:37:31.997672
U76,I432,comment,2026-07-01 19:55:31.997702
U874,I472,like,2026-06-12 05:36:31.997770
U651,I211,view,2026-07-12 16:00:31.997830
U5,I331,comment,2026-08-06 11:33:31.997850
U328,I345,like,2026-06-23 12:45:31.997867
U159,I178,like,2026-06-14 00:05:31.997887
U929,I60,like,2026-07-25 09:39:31.997909
U91,I334,view,2026-07-03 06:40:31.997931
U463,I66,like,2026-06-29 10:15:31.997950
U363,I296,like,2026-07-17 21:39:31.997969
U284,I424,view,2026-07-08 20:31:31.997988
U424,I219,like,2026-06-16 11:13:31.998011
U417,I412,comment,2026-06-06 13:12:31.998059
U470,I351,comment,2026-08-10 23:06:31.998405
U991,I47,view,2026-07-12 12:45:31.998449
U55,I366,comment,2026-07-21 11:30:31.998471
U278,I0,like,2026-08-11 17:46:31.998491
U189,I200,view,2026-07-08 23:15:31.998510
U350,I232,comment,2026-06-09 15:04:31.998529
U311,I236,comment,2026-07-04 16:06:31.998547
U864,I328,comment,2026-07-09 19:32:31.998565
U763,I234,like,2026-06-06 19:56:31.998584
U142,I301,view,2026-06-29 10:49:31.998605
U491,I498,comment,2026-08-04 05:22:31.998623
U782,I30,comment,2026-08-11 14:03:31.998648
U443,I266,comment,2026-06-16 22:00:31.998667
U21,I405,view,2026-07-29 00:10:31.998684
U247,I124,like,2026-06-17 03:08:31.998703
U802,I152,comment,2026-06-03 14:05:31.998722
U719,I95,like,2026-07-14 13:25:31.998745
U719,I248,view,2026-08-09 16:48:31.998763
U884,I214,like,2026-07-08 16:19:31.998781
U973,I426,comment,2026-07-22 18:43:31.998799
U870,I428,comment,2026-07-22 19:58:31.998817
U856,I427,like,2026-07-13 12:36:31.998835
U208,I397,comment,2026-07-27 19:43:31.998853
U556,I305,like,2026-06-28 03:56:31.998871
U726,I270,like,2026-06-15 00:55:31.998981
U912,I426,comment,2026-07-29 06:38:31.999006
U592,I103,like,2026-06-20 10:46:31.999024
U822,I332,comment,2026-08-01 16:33:31.999042
U360,I444,like,2026-06-29 05:35:31.999060
U114,I439,like,2026-07-03 12:38:31.999078
U407,I62,comment,2026-06-17 20:44:31.999095
U55,I112,comment,2026-06-30 23:53:31.999113
U59,I169,view,2026-08-06 11:57:31.999137
U275,I60,like,2026-06-30 22:49:31.999156
U672,I430,view,2026-06-14 14:21:31.999174
U875,I348,comment,2026-07-02 12:05:31.999191
U623,I220,view,2026-07-24 09:06:31.999209
U106,I304,view,2026-07-16 21:11:31.999228
U422,I226,like,2026-06-21 03:47:31.999246
U952,I318,comment,2026-06-11 13:34:31.999269
U49,I281,comment,2026-07-18 03:39:31.999288
U630,I215,like,2026-07-29 07:06:31.999306
U153,I309,view,2026-07-22 21:35:31.999325
U18,I262,view,2026-06-04 11:29:31.999343
U501,I277,view,2026-07-14 12:39:31.999361
U729,I240,comment,2026-06-21 13:41:31.999379
U552,I260,view,2026-07-28 21:27:31.999397
U262,I398,like,2026-07-01 09:25:31.999415
U356,I318,comment,2026-06-24 11:55:31.999435
U758,I200,view,2026-06-10 08:10:31.999453
U441,I90,comment,2026-07-19 17:54:31.999472
U942,I257,like,2026-06-09 11:29:31.999489
U239,I6,like,2026-06-20 23:03:31.999508
U730,I225,like,2026-07-13 07:12:31.999526
U263,I249,comment,2026-06-19 02:12:31.999545
U363,I8,like,2026-07-25 03:18:31.999562
U872,I389,like,2026-07-07 19:42:31.999581
U463,I439,like,2026-06-06 16:12:31.999599
U673,I44,like,2026-07-13 00:29:31.999617
U391,I228,view,2026-06-25 07:54:31.999635
U990,I33,comment,2026-08-10 05:10:31.999653
U548,I81,view,2026-07-26 05:16:31.999671
U970,I150,comment,2026-07-14 17:52:31.999689
U960,I311,view,2026-07-31 23:58:31.999707
U656,I122,comment,2026-08-04 13:48:31.999726
U430,I405,comment,2026-08-06 17:47:31.999744
U581,I142,view,2026-06-14 14:09:31.999761
U171,I339,like,2026-06-12 16:44:31.999779
U108,I191,view,2026-07-05 16:00:31.999801
U654,I120,comment,2026-06-23 19:12:31.999819
U87,I407,like,2026-08-01 01:51:31.999837
U903,I334,view,2026-08-06 02:56:31.999855
U373,I54,view,2026-06-06 15:33:31.999873
U76,I363,like,2026-07-08 03:13:31.999890
U826,I297,like,2026-08-09 10:27:31.999911
U282,I462,comment,2026-06-18 18:03:31.999929
U49,I155,comment,2026-06-06 01:16:31.999947
U312,I144,view,2026-07-19 00:14:31.999964
U61,I394,comment,2026-06-10 17:21:31.999982
U824,I279,like,2026-07-12 22:07:32.000002
U100,I309,like,2026-06-16 17:48:32.000021
U261,I464,like,2026-06-27 19:42:32.000039
U573,I289,like,2026-06-08 19:33:32.000057
U640,I37,view,2026-06-10 10:05:32.000075
U164,I222,view,2026-06-18 12:51:32.000093
U55,I10,view,2026-06-27 06:33:32.000110
U864,I218,view,2026-08-07 06:47:32.000129
U655,I216,view,2026-08-05 05:21:32.000151
U913,I492,comment,2026-07-14 18:29:32.000201
U880,I41,comment,2026-06-14 16:45:32.000221
U436,I445,view,2026-07-07 10:46:32.000240
U98,I52,comment,2026-06-03 17:23:32.000258
U477,I350,like,2026-06-17 08:54:32.000279
U284,I83,like,2026-07-05 14:00:32.000297
U909,I443,comment,2026-08-07 06:25:32.000315
U570,I496,like,2026-07-11 16:14:32.000333
U758,I265,view,2026-07-11 11:06:32.000356
U567,I78,comment,2026-06-11 02:07:32.000376
U11,I130,view,2026-06-13 21:25:32.000395
U491,I248,view,2026-06-10 13:24:32.000414
U603,I499,view,2026-07-13 11:54:32.000434
U718,I247,like,2026-07-16 21:40:32.000454
U6,I17,like,2026-08-06 11:42:32.000480
U202,I42,comment,2026-08-05 23:04:32.000500
U764,I402,view,2026-07-05 04:24:32.000520
U94,I229,comment,2026-06-19 04:14:32.000539
U571,I311,comment,2026-07-26 14:58:32.000559
U791,I77,view,2026-07-14 14:31:32.000578
U625,I155,view,2026-06-30 05:05:32.000598
U429,I135,view,2026-08-02 16:20:32.000618
U624,I138,view,2026-07-11 07:37:32.000639
U884,I259,like,2026-07-26 08:15:32.000663
U371,I38,view,2026-06-20 17:08:32.000684
U38,I42,like,2026-07-30 10:15:32.000704
U881,I440,comment,2026-07-21 16:17:32.000724
U217,I134,view,2026-07-30 15:29:32.000744
U148,I226,comment,2026-06-09 08:34:32.000766
U778,I242,like,2026-06-24 10:53:32.000784
U335,I295,comment,2026-06-11 00:41:32.000803
U169,I216,view,2026-07-27 03:34:32.000822
U240,I315,view,2026-06-05 03:42:32.000840
U369,I379,comment,2026-07-18 19:26:32.000858
U203,I355,comment,2026-07-19 12:35:32.000876
U551,I403,like,2026-08-03 12:18:32.000894
U246,I267,view,2026-08-11 10:50:32.000928
U120,I61,comment,2026-06-13 20:30:32.000947
U878,I173,comment,2026-07-05 22:22:32.000965
U616,I141,like,2026-06-11 15:32:32.000983
U988,I189,like,2026-07-23 15:39:32.001001
U637,I279,comment,2026-07-09 07:10:32.001020
U825,I499,like,2026-07-28 12:48:32.001038
U927,I478,like,2026-06-30 00:02:32.001055
U370,I7,view,2026-06-03 19:54:32.001073
U220,I312,comment,2026-07-20 18:51:32.001091
U120,I236,comment,2026-07-27 15:31:32.001109
U835,I163,like,2026-06-10 19:22:32.001127
U734,I112,like,2026-07-17 11:01:32.001146
U240,I128,view,2026-07-29 15:46:32.001164
U98,I378,like,2026-06-21 01:07:32.001182
U357,I408,view,2026-06-28 21:49:32.001201
U810,I294,comment,2026-07-13 04:03:32.001219
U965,I223,like,2026-06-22 14:45:32.001237
U6,I251,like,2026-07-22 13:30:32.001255
U382,I9,like,2026-07-04 13:47:32.001276
U726,I132,view,2026-07-13 04:29:32.001294
U789,I166,view,2026-06-25 05:01:32.001312
U45,I457,comment,2026-06-25 15:15:32.001330
U174,I313,comment,2026-08-08 00:57:32.001348
U487,I439,view,2026-06-23 14:01:32.001366
U163,I265,comment,2026-07-25 19:04:32.001384
U374,I376,comment,2026-06-25 08:36:32.001402
U451,I383,like,2026-06-20 08:30:32.001420
U193,I444,view,2026-06-04 15:25:32.001440
U462,I11,comment,2026-06-04 07:44:32.001458
U161,I322,view,2026-07-09 22:55:32.001476
U889,I259,comment,2026-06-06 22:29:32.001494
U222,I194,like,2026-06-25 04:12:32.001512
U61,I188,comment,2026-06-23 19:37:32.001530
U136,I423,view,2026-07-30 11:08:32.001548
U428,I73,like,2026-06-08 12:06:32.001568
U680,I42,comment,2026-06-30 22:41:32.001586
U382,I434,like,2026-08-06 01:13:32.001604
U86,I189,like,2026-07-30 11:35:32.001622
U651,I481,comment,2026-06-04 19:33:32.001640
U25,I397,like,2026-07-15 11:00:32.001658
U785,I48,comment,2026-07-02 10:25:32.001676
U488,I473,comment,2026-06-03 22:01:32.001696
U388,I435,view,2026-06-23 05:48:32.001714
U521,I356,view,2026-07-04 11:21:32.001732
U216,I376,comment,2026-08-03 15:55:32.001750
U242,I225,view,2026-06-19 07:48:32.001768
U550,I241,like,2026-06-25 01:04:32.001786
U31,I441,view,2026-07-12 13:02:32.001804
U254,I259,like,2026-06-23 17:09:32.001822
U957,I298,view,2026-06-05 14:28:32.001840
U77,I408,like,2026-06-08 17:04:32.001862
U153,I335,like,2026-06-12 20:27:32.001880
U889,I313,comment,2026-07-12 18:52:32.001899
U463,I352,view,2026-07-09 17:19:32.001917
U865,I99,view,2026-06-28 12:43:32.001935
U811,I388,comment,2026-07-18 06:31:32.001953
U825,I147,comment,2026-08-01 11:26:32.001974
U162,I320,comment,2026-07-07 22:19:32.001999
U158,I480,like,2026-07-28 21:19:32.002019
U12,I277,view,2026-07-24 03:02:32.002036
U803,I143,comment,2026-07-19 11:53:32.002054
U692,I137,like,2026-06-19 07:17:32.002074
U579,I351,view,2026-07-07 15:20:32.002096
U124,I107,view,2026-08-06 15:43:32.002118
U458,I38,view,2026-06-11 03:21:32.002136
U903,I482,comment,2026-08-07 19:04:32.002153
U937,I373,comment,2026-06-20 22:08:32.002172
U606,I408,view,2026-07-24 09:47:32.002190
U619,I306,comment,2026-07-11 21:31:32.002209
U76,I18,comment,2026-06-12 22:30:32.002229
U869,I270,like,2026-06-25 14:52:32.002247
U737,I77,view,2026-07-30 00:12:32.002266
U72,I195,like,2026-06-19 20:06:32.002286
U528,I374,comment,2026-08-10 11:50:32.002307
U313,I355,like,2026-06-28 17:02:32.002327
U519,I191,view,2026-06-27 17:50:32.002346
U814,I408,like,2026-06-04 13:08:32.002366
U58,I125,comment,2026-06-13 14:00:32.002391
U195,I324,like,2026-07-10 00:54:32.002411
U385,I306,comment,2026-06-13 13:06:32.002432
U976,I333,comment,2026-07-26 19:03:32.002452
U323,I320,like,2026-06-10 08:07:32.002474
U595,I196,view,2026-07-15 12:26:32.002493
U75,I71,like,2026-07-13 18:53:32.002512
U172,I280,view,2026-06-23 02:34:32.002535
U629,I298,view,2026-08-11 16:19:32.002555
U693,I494,view,2026-06-26 00:12:32.002575
U777,I390,view,2026-07-07 21:59:32.002593
U780,I15,view,2026-08-05 14:08:32.002613
U93,I452,like,2026-06-30 22:14:32.002633
U101,I144,view,2026-06-05 01:29:32.002652
U178,I468,like,2026-06-08 18:05:32.002670
U409,I13,like,2026-07-05 03:35:32.002688
U523,I15,view,2026-06-13 15:42:32.002707
U341,I285,view,2026-06-26 19:30:32.002725
U293,I133,comment,2026-07-23 18:29:32.002743
U821,I426,comment,2026-07-30 14:31:32.002761
U798,I57,like,2026-07-27 00:20:32.002779
U441,I439,view,2026-06-08 03:07:32.002797
U506,I253,comment,2026-07-23 11:57:32.002816
U884,I286,like,2026-08-05 05:15:32.002835
U732,I300,like,2026-06-10 13:52:32.002853
U944,I258,like,2026-07-15 02:56:32.002871
U238,I262,comment,2026-06-09 06:14:32.002889
U246,I23,view,2026-06-30 03:29:32.002926
U583,I495,comment,2026-07-12 20:17:32.002950
U981,I394,comment,2026-06-26 04:09:32.002968
U733,I402,comment,2026-07-26 18:14:32.002986
U120,I284,like,2026-06-22 05:04:32.003004
U777,I491,like,2026-08-05 20:26:32.003022
U830,I269,view,2026-06-29 19:44:32.003039
U285,I236,like,2026-06-18 08:47:32.003058
U93,I365,view,2026-07-22 01:02:32.003078
U107,I62,like,2026-07-07 15:46:32.003098
U365,I316,view,2026-07-02 17:07:32.003116
U316,I198,like,2026-07-23 01:29:32.003134
U58,I67,view,2026-07-23 11:44:32.003288
U109,I68,like,2026-06-28 07:02:32.003312
U540,I58,comment,2026-06-04 10:58:32.003330
U17,I157,like,2026-06-08 19:42:32.003352
U250,I444,like,2026-06-27 20:58:32.003370
U876,I161,view,2026-06-23 06:37:32.003388
U564,I47,like,2026-06-24 07:29:32.003405
U325,I312,like,2026-08-09 15:10:32.003425
U424,I111,like,2026-07-19 00:15:32.003443
U119,I195,comment,2026-07-30 23:21:32.003460
U886,I232,like,2026-07-06 18:22:32.003478
U91,I283,view,2026-08-02 11:08:32.003496
U9,I294,comment,2026-07-22 07:55:32.003514
U99,I478,like,2026-08-10 03:20:32.003532
U996,I460,like,2026-06-30 23:47:32.003550
U616,I337,like,2026-06-03 20:40:32.003569
U331,I32,like,2026-07-06 16:49:32.003586
U888,I326,like,2026-07-28 14:58:32.003604
U199,I278,view,2026-08-10 04:39:32.003622
U76,I110,view,2026-07-01 23:36:32.003640
U977,I16,like,2026-08-09 02:40:32.003658
U870,I289,view,2026-06-21 20:35:32.003676
U908,I433,like,2026-06-18 12:21:32.003694
U319,I2,like,2026-06-04 01:25:32.003712
U283,I198,view,2026-07-07 13:26:32.003734
U84,I443,view,2026-07-21 07:57:32.003752
U835,I206,like,2026-06-30 11:14:32.003769
U507,I73,comment,2026-07-28 13:37:32.003788
U37,I323,view,2026-07-17 03:12:32.003806
U373,I24,view,2026-06-07 22:24:32.003827
U585,I489,view,2026-08-11 04:15:32.003845
U444,I376,like,2026-06-10 00:53:32.003863
U701,I454,comment,2026-07-22 00:24:32.003881
U246,I491,like,2026-07-09 20:15:32.003899
U27,I57,comment,2026-06-08 04:24:32.003917
U191,I215,like,2026-07-13 05:00:32.003937
U997,I34,like,2026-07-14 09:44:32.003962
U863,I426,view,2026-07-18 01:33:32.003979
U386,I480,like,2026-06-28 15:43:32.003996
U250,I18,comment,2026-06-12 06:05:32.004015
U76,I414,view,2026-07-12 01:46:32.004034
U102,I105,like,2026-06-12 23:35:32.004053
U128,I15,view,2026-07-06 19:19:32.004070
U453,I103,like,2026-06-19 10:46:32.004088
U854,I479,like,2026-07-16 03:00:32.004107
U998,I0,comment,2026-07-14 16:05:32.004128
U95,I326,like,2026-07-12 01:40:32.004148
U580,I323,view,2026-07-04 15:20:32.004167
U424,I172,like,2026-07-21 07:20:32.004186
U576,I25,like,2026-07-07 21:21:32.004205
U230,I338,view,2026-07-09 21:23:32.004224
U492,I142,like,2026-07-22 16:34:32.004245
U619,I51,view,2026-07-13 16:44:32.004265
U894,I258,like,2026-06-08 21:11:32.004289
U11,I14,view,2026-07-15 16:01:32.004311
U104,I200,like,2026-06-10 18:51:32.004331
U386,I249,comment,2026-08-07 20:18:32.004351
U94,I365,comment,2026-07-03 15:29:32.004371
U531,I123,view,2026-07-31 19:02:32.004390
U274,I200,comment,2026-08-11 08:06:32.004409
U988,I425,like,2026-07-22 08:08:32.004428
U591,I130,view,2026-07-09 03:20:32.004451
U888,I431,comment,2026-06-26 07:58:32.004471
U733,I345,view,2026-06-07 10:15:32.004489
U973,I148,comment,2026-06-05 05:06:32.004510
U294,I329,like,2026-08-06 11:51:32.004528
U100,I257,like,2026-06-03 09:40:32.004547
U661,I468,view,2026-08-09 21:32:32.004566
U143,I109,like,2026-08-11 15:11:32.004585
U97,I192,comment,2026-08-02 06:15:32.004604
U614,I267,view,2026-06-17 20:31:32.004625
U7,I207,view,2026-08-10 09:25:32.004646
U863,I304,like,2026-06-28 12:58:32.004665
U784,I178,like,2026-07-01 06:52:32.004685
U992,I175,like,2026-06-05 04:55:32.004704
U592,I473,like,2026-07-07 08:16:32.004723
U834,I462,comment,2026-06-29 18:20:32.004743
U649,I181,like,2026-07-17 07:04:32.004762
U410,I48,comment,2026-06-13 21:29:32.004780
U163,I338,like,2026-06-11 12:23:32.004798
U652,I464,view,2026-06-15 17:38:32.004816
U968,I145,like,2026-06-06 01:54:32.004838
U618,I345,comment,2026-07-11 08:37:32.004857
U435,I275,view,2026-06-14 21:37:32.004875
U571,I425,view,2026-06-27 09:49:32.004893
U803,I489,like,2026-08-10 21:47:32.004922
U145,I454,like,2026-07-19 10:21:32.004940
U865,I496,view,2026-06-28 13:55:32.004959
U82,I455,like,2026-07-22 03:17:32.004980
U392,I400,view,2026-07-11 22:38:32.004998
U232,I145,comment,2026-07-08 13:17:32.005016
U770,I151,like,2026-07-19 20:20:32.005034
U298,I402,like,2026-06-07 01:28:32.005054
U986,I363,view,2026-06-30 03:24:32.005072
U117,I351,view,2026-07-02 23:30:32.005090
U960,I151,comment,2026-07-23 00:00:32.005109
U65,I442,comment,2026-07-09 18:16:32.005126
U594,I188,comment,2026-08-10 10:30:32.005144
U980,I286,like,2026-08-07 07:19:32.005162
U148,I321,view,2026-08-10 03:38:32.005181
U436,I368,view,2026-07-10 23:11:32.005199
U312,I240,like,2026-07-14 03:33:32.005217
U434,I466,comment,2026-07-30 12:33:32.005234
U830,I229,view,2026-07-30 04:20:32.005252
U607,I130,like,2026-07-05 06:08:32.005270
U644,I47,like,2026-06-17 06:58:32.005288
U25,I289,view,2026-07-28 07:34:32.005306
U267,I165,like,2026-06-14 03:00:32.005324
U534,I59,comment,2026-06-08 05:28:32.005342
U440,I340,comment,2026-07-02 14:31:32.005362
U42,I77,like,2026-07-04 18:06:32.005380
U6,I225,comment,2026-08-01 14:33:32.005398
U503,I30,comment,2026-08-10 16:07:32.005416
U171,I88,comment,2026-07-27 09:03:32.005434
U343,I165,like,2026-06-12 16:34:32.005451
U674,I41,like,2026-07-19 15:47:32.005469
U760,I47,comment,2026-07-04 11:43:32.005490
U190,I95,view,2026-08-09 06:27:32.005508
U929,I294,comment,2026-07-15 14:26:32.005526
U948,I35,comment,2026-07-09 03:45:32.005543
U272,I347,like,2026-08-03 01:47:32.005561
U397,I126,comment,2026-06-16 22:33:32.005579
U37,I179,view,2026-07-18 10:10:32.005598
U567,I84,view,2026-08-01 11:47:32.005615
U456,I96,view,2026-07-24 05:58:32.005636
U216,I386,view,2026-06-05 05:06:32.005654
U415,I316,view,2026-08-02 10:16:32.005672
U26,I389,view,2026-07-27 22:31:32.005691
U820,I299,comment,2026-06-13 12:16:32.005709
U676,I499,comment,2026-07-03 07:44:32.005727
U975,I55,like,2026-08-06 06:55:32.005745
U800,I430,comment,2026-07-16 21:37:32.005767
U395,I142,view,2026-07-05 14:57:32.005785
U856,I482,comment,2026-07-08 14:32:32.005803
U265,I237,view,2026-07-10 11:09:32.005822
U391,I86,comment,2026-08-07 11:41:32.005840
U568,I133,comment,2026-08-06 13:20:32.005858
U762,I348,like,2026-06-13 18:43:32.005883
U887,I453,comment,2026-07-20 06:37:32.005902
U813,I424,view,2026-06-20 00:11:32.005920
U578,I79,comment,2026-06-30 04:30:32.005939
U903,I7,view,2026-06-20 03:14:32.005957
U905,I87,view,2026-07-03 12:25:32.005976
U122,I4,like,2026-06-25 09:54:32.005995
U352,I321,comment,2026-08-02 02:05:32.006013
U256,I122,view,2026-06-11 06:50:32.006032
U878,I78,comment,2026-06-10 14:54:32.006059
U341,I72,like,2026-07-20 10:20:32.006076
U190,I480,view,2026-06-06 20:11:32.006093
U554,I389,comment,2026-07-12 03:02:32.006111
U852,I288,like,2026-06-23 23:29:32.006129
U780,I493,like,2026-06-21 14:31:32.006148
U810,I437,view,2026-08-08 14:49:32.006165
U797,I178,like,2026-06-24 13:59:32.006184
U876,I105,view,2026-08-07 22:41:32.006202
U870,I440,comment,2026-07-25 02:31:32.006221
U15,I497,comment,2026-06-28 07:46:32.006243
U224,I455,like,2026-06-06 00:38:32.006262
U686,I277,like,2026-08-07 00:01:32.006281
U232,I287,view,2026-07-16 11:32:32.006300
U19,I53,view,2026-07-03 14:57:32.006320
U652,I243,comment,2026-07-06 06:07:32.006340
U606,I72,view,2026-06-10 03:38:32.006361
U891,I33,view,2026-06-13 23:15:32.006381
U125,I376,like,2026-07-12 22:37:32.006401
U13,I432,comment,2026-08-02 14:08:32.006420
U592,I234,like,2026-06-18 01:09:32.006444
U362,I248,comment,2026-06-03 16:47:32.006463
U313,I178,view,2026-07-17 14:06:32.006483
U25,I435,comment,2026-06-19 00:42:32.006502
U966,I59,comment,2026-07-20 07:53:32.006521
U522,I232,comment,2026-06-29 23:27:32.006540
U212,I282,view,2026-07-15 01:17:32.006559
U251,I59,view,2026-06-15 03:33:32.006582
U325,I381,comment,2026-07-05 05:26:32.006601
U507,I217,view,2026-07-14 05:01:32.006621
U613,I468,comment,2026-06-15 22:47:32.006640
U167,I288,comment,2026-07-26 10:38:32.006659
U754,I209,like,2026-07-27 21:34:32.006679
U733,I243,like,2026-07-27 14:17:32.006698
U986,I135,like,2026-06-28 07:41:32.006721
U774,I21,like,2026-06-11 06:23:32.006741
U882,I324,view,2026-08-04 15:44:32.006761
U584,I341,like,2026-07-13 02:48:32.006781
U418,I207,comment,2026-06-10 15:25:32.006800
U825,I499,like,2026-07-18 15:51:32.006820
U64,I350,like,2026-07-14 18:43:32.006839
U195,I10,comment,2026-07-06 16:20:32.006859
U530,I333,like,2026-07-29 03:37:32.006883
U972,I295,view,2026-07-02 10:08:32.006904
U393,I415,view,2026-06-23 00:22:32.006969
U87,I328,view,2026-06-04 16:46:32.006991
U441,I17,comment,2026-06-07 04:59:32.007011
U642,I44,view,2026-08-02 10:22:32.007031
U482,I405,like,2026-07-28 06:08:32.007054
U697,I137,like,2026-07-21 04:37:32.007073
U438,I383,like,2026-07-02 15:39:32.007091
U256,I373,view,2026-07-23 06:15:32.007109
U473,I127,view,2026-08-07 17:06:32.007127
U68,I111,like,2026-06-24 23:56:32.007146
U269,I98,comment,2026-08-04 23:59:32.007164
U192,I176,view,2026-06-29 00:01:32.007182
U732,I61,comment,2026-06-04 14:25:32.007200
U575,I73,comment,2026-07-31 12:22:32.007218
U66,I55,view,2026-07-16 17:07:32.007236
U472,I195,like,2026-08-09 12:59:32.007255
U455,I104,comment,2026-06-30 20:20:32.007273
U551,I246,like,2026-06-06 02:45:32.007291
U352,I159,like,2026-07-17 07:04:32.007310
U844,I493,comment,2026-07-11 01:36:32.007327
U812,I478,comment,2026-07-15 01:00:32.007345
U462,I462,like,2026-08-05 23:42:32.007363
U667,I50,comment,2026-06-26 05:49:32.007382
U546,I167,view,2026-07-26 19:14:32.007400
U414,I206,like,2026-06-29 17:47:32.007418
U652,I371,like,2026-08-10 13:50:32.007439
U558,I444,view,2026-06-25 06:09:32.007457
U909,I309,comment,2026-07-22 11:32:32.007475
U561,I99,like,2026-07-31 11:50:32.007493
U305,I280,view,2026-07-09 12:38:32.007514
U485,I259,view,2026-08-02 08:41:32.007532
U414,I191,comment,2026-08-10 22:37:32.007550
U531,I271,like,2026-06-11 03:15:32.007571
U811,I483,comment,2026-08-05 14:16:32.007589
U520,I350,view,2026-08-08 09:31:32.007607
U769,I486,view,2026-07-31 00:18:32.007625
U288,I145,comment,2026-06-07 16:43:32.007643
U189,I284,view,2026-07-27 07:34:32.007661
U442,I33,comment,2026-07-24 03:39:32.007679
U268,I354,comment,2026-08-08 17:44:32.007697
U949,I480,view,2026-07-01 04:32:32.007715
U222,I391,comment,2026-07-24 11:32:32.007733
U80,I134,view,2026-07-25 01:40:32.007751
U706,I47,view,2026-08-04 01:27:32.007769
U194,I231,like,2026-07-29 00:34:32.007787
U603,I377,like,2026-06-25 11:48:32.007805
U762,I3,comment,2026-07-11 22:38:32.007823
U6,I332,like,2026-08-11 12:48:32.007841
U794,I459,view,2026-06-25 01:51:32.007860
U806,I378,like,2026-07-17 14:27:32.007878
U581,I57,view,2026-08-04 11:14:32.007895
U411,I146,comment,2026-07-05 07:02:32.007913
U261,I297,like,2026-06-06 19:25:32.007931
U488,I101,view,2026-06-09 23:41:32.007949
U997,I208,view,2026-08-03 02:47:32.007970
U208,I449,like,2026-06-06 13:30:32.007988
U486,I332,like,2026-06-09 05:45:32.008006
U165,I325,comment,2026-06-09 12:26:32.008024
U799,I285,like,2026-06-22 00:25:32.008042
U76,I186,comment,2026-07-23 22:35:32.008060
U674,I296,like,2026-07-09 14:31:32.008081
U704,I257,view,2026-07-20 03:52:32.008106
U34,I477,like,2026-08-03 18:55:32.008125
U204,I203,comment,2026-08-06 01:21:32.008143
U417,I26,view,2026-07-21 02:55:32.008161
U250,I257,comment,2026-08-05 05:13:32.008179
U935,I371,comment,2026-06-03 17:25:32.008197
U533,I232,comment,2026-08-10 14:50:32.008215
U158,I261,comment,2026-07-14 15:16:32.008235
U612,I7,comment,2026-07-28 06:45:32.008253
U423,I467,view,2026-06-10 10:01:32.008272
U256,I271,view,2026-08-05 08:58:32.008295
U3,I173,view,2026-08-09 01:49:32.008312
U254,I300,like,2026-07-04 20:03:32.008329
U492,I274,like,2026-07-27 00:40:32.008347
U543,I261,view,2026-07-20 16:23:32.008365
U454,I312,view,2026-07-22 16:20:32.008383
U616,I331,view,2026-07-12 21:24:32.008401
U927,I324,view,2026-07-22 12:11:32.008419
U964,I387,like,2026-06-22 05:02:32.008437
U914,I79,like,2026-07-02 01:13:32.008455
U661,I488,view,2026-08-03 01:22:32.008474
U280,I217,view,2026-07-11 02:57:32.008493
U255,I303,comment,2026-07-20 12:35:32.008512
U847,I396,comment,2026-06-19 02:58:32.008531
U528,I373,like,2026-07-20 17:12:32.008550
U969,I494,like,2026-08-07 22:37:32.008569
U449,I85,view,2026-07-15 11:30:32.008590
U833,I261,comment,2026-08-02 19:25:32.008612
U880,I347,like,2026-07-11 19:47:32.008637
U442,I409,view,2026-06-04 08:14:32.008657
U163,I118,like,2026-06-09 13:41:32.008678
U398,I255,view,2026-08-09 03:50:32.008697
U66,I347,view,2026-07-17 09:32:32.008720
U394,I251,like,2026-08-04 03:03:32.008739
U283,I360,like,2026-07-29 03:23:32.008759
U574,I454,like,2026-07-19 14:13:32.008778
U301,I224,like,2026-07-28 09:49:32.008797
U38,I287,like,2026-06-03 21:40:32.008817
U429,I65,comment,2026-06-22 21:46:32.008836
U457,I157,view,2026-07-12 19:41:32.008855
U412,I95,like,2026-07-01 23:50:32.008873
U557,I331,view,2026-07-04 01:57:32.008892
U719,I35,comment,2026-07-22 16:24:32.008911
U822,I410,like,2026-07-01 16:21:32.008941
U470,I496,comment,2026-08-09 12:38:32.008961
U720,I212,like,2026-06-17 04:45:32.008980
U897,I332,view,2026-07-12 15:06:32.008999
U655,I33,view,2026-07-20 23:18:32.009018
U417,I285,view,2026-06-19 20:18:32.009038
U50,I218,comment,2026-06-29 15:23:32.009057
U298,I38,view,2026-07-05 06:01:32.009080
U607,I280,comment,2026-06-14 04:14:32.009099
U224,I490,comment,2026-07-05 23:58:32.009119
U953,I362,like,2026-06-11 08:25:32.009138
U252,I243,view,2026-07-09 00:21:32.009157
U426,I399,like,2026-06-26 15:59:32.009177
U278,I181,like,2026-07-11 15:26:32.009200
U493,I231,comment,2026-06-07 19:11:32.009222
U507,I455,view,2026-07-09 20:45:32.009243
U576,I70,view,2026-06-17 08:45:32.009262
U283,I493,comment,2026-06-26 20:34:32.009282
U239,I211,like,2026-06-24 01:40:32.009301
U996,I348,view,2026-06-09 07:29:32.009320
U196,I225,comment,2026-07-14 10:17:32.009340
U554,I448,view,2026-07-27 16:55:32.009362
U194,I388,view,2026-07-08 11:41:32.009381
U38,I144,like,2026-07-18 09:03:32.009401
U273,I166,like,2026-07-26 05:29:32.009420
U359,I426,comment,2026-06-27 15:17:32.009440
U655,I31,like,2026-07-31 20:39:32.009459
U490,I415,view,2026-07-27 01:55:32.009477
U632,I170,view,2026-06-22 06:42:32.009496
U559,I467,like,2026-07-06 14:37:32.009514
U777,I55,view,2026-08-11 12:37:32.009533
U985,I119,comment,2026-06-07 05:26:32.009551
U420,I106,like,2026-06-19 05:04:32.009569
U298,I1,like,2026-06-26 14:23:32.009588
U839,I371,like,2026-07-15 03:50:32.009606
U219,I251,comment,2026-08-03 15:18:32.009625
U640,I80,comment,2026-06-17 05:21:32.009643
U913,I420,view,2026-08-10 22:59:32.009660
U524,I374,comment,2026-07-13 19:30:32.009678
U326,I439,like,2026-08-10 10:49:32.009697
U536,I211,like,2026-06-16 21:06:32.009715
U845,I303,comment,2026-08-11 13:15:32.009736
U887,I253,view,2026-06-04 21:41:32.009754
U514,I105,view,2026-07-24 00:36:32.009773
U694,I40,like,2026-07-31 04:34:32.009791
U637,I155,like,2026-07-27 16:19:32.009809
U692,I241,comment,2026-06-19 07:21:32.009827
U297,I92,comment,2026-08-07 22:28:32.009845
U67,I454,comment,2026-07-08 20:06:32.009864
U459,I186,comment,2026-07-13 18:22:32.009884
U486,I154,view,2026-07-08 10:10:32.009902
U217,I324,like,2026-06-22 07:02:32.009921
U72,I497,like,2026-06-10 10:30:32.009941
U928,I341,comment,2026-06-11 21:08:32.009960
U766,I386,like,2026-07-11 19:19:32.009977
U403,I30,comment,2026-07-14 04:50:32.009996
U490,I107,view,2026-06-07 13:30:32.010014
U640,I390,comment,2026-08-01 07:01:32.010033
U52,I292,comment,2026-08-11 05:30:32.010051
U797,I14,view,2026-07-03 13:09:32.010069
U950,I194,like,2026-07-05 16:38:32.010087
U899,I498,view,2026-08-05 17:58:32.010105
U675,I175,like,2026-08-04 14:46:32.010123
U451,I193,comment,2026-08-09 22:26:32.010141
U823,I354,like,2026-07-16 03:17:32.010159
U298,I355,comment,2026-07-08 13:16:32.010178
U615,I237,view,2026-06-19 03:23:32.010196
U93,I261,like,2026-07-16 03:08:32.010214
U218,I117,view,2026-07-07 14:25:32.010232
U887,I317,comment,2026-07-12 23:08:32.010254
U469,I170,comment,2026-07-18 21:45:32.010272
U402,I402,like,2026-07-07 20:01:32.010290
U569,I97,comment,2026-07-26 09:19:32.010308
U427,I10,comment,2026-07-25 03:24:32.010327
U241,I445,view,2026-06-23 02:01:32.010345
U161,I416,view,2026-07-14 14:07:32.010363
U622,I360,view,2026-07-03 05:11:32.010381
U602,I204,comment,2026-06-06 18:09:32.010402
U51,I279,view,2026-06-06 18:15:32.010420
U832,I350,like,2026-06-26 01:21:32.010439
U477,I387,comment,2026-06-25 17:25:32.010456
U569,I18,comment,2026-08-02 00:05:32.010475
U296,I327,like,2026-07-25 06:26:32.010493
U429,I114,comment,2026-06-24 21:57:32.010512
U455,I133,comment,2026-08-02 05:57:32.010532
U141,I410,view,2026-07-07 07:16:32.010550
U123,I464,view,2026-07-20 21:13:32.010568
U887,I230,view,2026-08-06 16:30:32.010596
U886,I84,like,2026-06-13 05:12:32.010613
U760,I457,view,2026-07-23 20:58:32.010632
U900,I11,view,2026-06-13 23:32:32.010651
U704,I149,comment,2026-07-23 05:19:32.010673
U966,I481,like,2026-06-10 08:17:32.011180
U167,I43,like,2026-07-17 19:56:32.011218
U870,I365,comment,2026-07-12 18:18:32.011365
U851,I225,view,2026-06-17 05:36:32.011397
U610,I15,like,2026-06-29 13:19:32.011418
U189,I175,comment,2026-07-07 13:46:32.011438
U800,I436,view,2026-06-28 16:14:32.011466
U134,I480,like,2026-08-06 14:35:32.011487
U390,I328,like,2026-07-04 16:27:32.011506
U356,I228,view,2026-07-24 19:15:32.011525
U452,I357,like,2026-06-13 21:49:32.011544
U697,I189,like,2026-08-07 01:03:32.011564
U291,I50,like,2026-07-06 12:29:32.011584
U497,I233,comment,2026-07-08 06:38:32.011604
U498,I310,comment,2026-06-20 00:55:32.011624
U672,I354,view,2026-07-24 11:18:32.011644
U761,I65,view,2026-07-30 18:18:32.011664
U277,I445,view,2026-07-07 23:14:32.011683
U490,I111,comment,2026-08-04 14:10:32.011703
U603,I215,comment,2026-07-14 06:53:32.011722
U336,I399,comment,2026-06-19 19:13:32.011740
U121,I414,like,2026-08-09 02:12:32.011759
U857,I309,comment,2026-07-12 09:17:32.011778
U270,I343,like,2026-07-27 23:23:32.011797
U551,I360,view,2026-06-10 05:34:32.011823
U284,I461,comment,2026-07-24 07:41:32.011843
U573,I473,view,2026-06-24 17:50:32.011868
U141,I193,view,2026-07-02 03:46:32.011932
U413,I292,comment,2026-07-31 19:28:32.012019
U241,I345,comment,2026-07-07 14:49:32.012113
U498,I138,view,2026-06-25 10:02:32.012204
U436,I430,view,2026-06-17 19:47:32.012292
U597,I200,view,2026-08-11 02:09:32.012379
U531,I392,comment,2026-06-25 15:55:32.012469
U434,I118,view,2026-08-04 16:01:32.012569
U977,I152,like,2026-06-23 18:00:32.012662
U709,I122,comment,2026-06-19 16:01:32.013160
U39,I381,view,2026-06-16 02:31:32.013200
U292,I312,like,2026-06-10 07:12:32.013222
U288,I404,comment,2026-07-19 03:06:32.013254
U477,I142,like,2026-07-01 03:22:32.013276
U54,I231,like,2026-07-09 20:31:32.013297
U307,I139,comment,2026-06-06 17:15:32.013321
U154,I245,view,2026-07-05 08:01:32.013340
U65,I31,view,2026-07-12 10:14:32.013358
U258,I235,view,2026-07-27 23:39:32.013376
U562,I243,comment,2026-08-06 20:14:32.013394
U467,I162,like,2026-06-16 23:27:32.013413
U251,I312,like,2026-07-19 20:16:32.013431
U390,I408,like,2026-07-21 01:22:32.013452
U459,I279,like,2026-06-21 23:09:32.013470
U963,I451,like,2026-07-22 01:03:32.013488
U321,I211,view,2026-06-18 08:54:32.013507
U623,I352,like,2026-06-11 07:18:32.013525
U925,I9,view,2026-06-13 11:17:32.013677
U662,I190,view,2026-06-27 19:03:32.013697
U491,I235,like,2026-06-07 08:02:32.013720
U480,I183,like,2026-08-02 03:44:32.013739
U195,I294,view,2026-06-11 15:13:32.013758
U639,I110,view,2026-06-15 16:15:32.013778
U177,I165,comment,2026-07-01 16:54:32.013797
U857,I313,comment,2026-06-09 21:07:32.013816
U790,I155,view,2026-07-06 22:22:32.013837
U834,I125,like,2026-06-29 05:09:32.013856
U796,I246,like,2026-06-25 14:42:32.013876
U412,I92,comment,2026-07-05 20:13:32.013894
U748,I225,view,2026-06-24 19:35:32.013913
U421,I35,comment,2026-07-21 16:13:32.013931
U814,I115,view,2026-07-07 02:55:32.013949
U212,I405,view,2026-07-31 23:11:32.013968
U247,I5,like,2026-07-29 20:52:32.013987
U762,I409,comment,2026-07-31 00:22:32.014006
U310,I350,view,2026-06-25 21:23:32.014025
U431,I155,like,2026-06-17 07:19:32.014043
U258,I206,comment,2026-07-09 11:51:32.014061
U828,I422,comment,2026-06-21 05:18:32.014080
U498,I231,like,2026-07-14 08:39:32.014099
U230,I201,comment,2026-07-18 08:17:32.014118
U986,I489,like,2026-07-19 11:11:32.014136
U988,I288,view,2026-07-12 04:55:32.014155
U294,I52,like,2026-08-01 22:00:32.014173
U668,I238,comment,2026-07-27 07:46:32.014192
U49,I463,view,2026-06-13 11:20:32.014210
U32,I434,like,2026-06-09 01:25:32.014228
U180,I442,view,2026-06-16 18:52:32.014246
U255,I459,comment,2026-06-26 14:56:32.014270
U167,I272,like,2026-08-09 16:29:32.014289
U808,I345,view,2026-07-28 00:07:32.014310
U842,I9,comment,2026-07-20 10:22:32.014330
U879,I197,comment,2026-08-09 11:26:32.014348
U295,I324,comment,2026-07-06 11:30:32.014370
U537,I218,view,2026-07-04 17:10:32.014388
U613,I20,like,2026-08-04 14:01:32.014407
U615,I86,like,2026-07-25 16:58:32.014426
U91,I402,comment,2026-07-30 17:22:32.014444
U825,I153,like,2026-07-18 00:57:32.014462
U913,I487,like,2026-07-14 07:39:32.014481
U652,I233,comment,2026-06-26 01:04:32.014499
U706,I136,view,2026-07-29 14:22:32.014518
U473,I216,view,2026-07-04 20:30:32.014536
U999,I432,like,2026-06-13 12:25:32.015131
U830,I89,comment,2026-07-01 22:59:32.015241
U833,I469,view,2026-06-20 21:26:32.015290
U760,I435,like,2026-07-20 20:23:32.015313
U231,I122,comment,2026-07-03 03:46:32.015334
U961,I430,view,2026-07-14 13:13:32.015354
U926,I79,like,2026-08-03 07:20:32.015374
U564,I137,comment,2026-07-13 15:52:32.015394
U458,I201,comment,2026-08-04 04:32:32.015414
U424,I444,view,2026-06-11 23:39:32.015433
U967,I89,view,2026-06-07 18:14:32.015452
U789,I186,like,2026-06-06 06:18:32.015471
U424,I144,like,2026-08-10 13:38:32.015490
U218,I39,view,2026-07-14 21:30:32.015516
U64,I325,view,2026-06-28 12:28:32.015535
U909,I125,view,2026-07-26 09:27:32.015554
U653,I208,comment,2026-07-30 00:56:32.015572
U217,I130,view,2026-07-03 20:56:32.015591
U378,I358,comment,2026-07-17 05:09:32.015612
U439,I382,like,2026-07-31 05:30:32.015636
U837,I337,like,2026-07-22 18:33:32.015656
U779,I388,view,2026-07-17 07:20:32.015674
U755,I210,comment,2026-06-11 08:30:32.015731
U177,I223,comment,2026-07-15 06:41:32.015749
U691,I26,like,2026-06-18 00:54:32.015767
U966,I420,view,2026-06-16 14:42:32.015785
U177,I361,view,2026-06-18 01:44:32.015804
U117,I457,comment,2026-06-10 23:16:32.015831
U215,I423,comment,2026-07-23 12:49:32.015850
U347,I448,view,2026-07-18 23:18:32.015869
U845,I92,comment,2026-06-15 12:37:32.015888
U732,I493,comment,2026-07-31 10:06:32.015906
U849,I272,view,2026-07-04 08:17:32.015925
U825,I382,view,2026-08-11 14:53:32.015943
U508,I355,view,2026-08-04 03:02:32.015962
U855,I388,like,2026-06-26 16:53:32.015981
U290,I496,view,2026-07-01 10:51:32.016000
U814,I170,like,2026-07-20 13:04:32.016018
U756,I391,comment,2026-08-07 21:14:32.016037
U474,I344,comment,2026-06-16 12:59:32.016055
U90,I257,view,2026-07-13 22:50:32.016074
U18,I191,view,2026-06-24 01:46:32.016092
U905,I495,like,2026-06-11 20:36:32.016111
U266,I26,comment,2026-06-11 16:48:32.016130
U956,I161,comment,2026-07-04 19:34:32.016149
U729,I179,like,2026-07-30 21:30:32.016168
U60,I205,view,2026-08-09 17:33:32.016187
U677,I321,view,2026-07-03 14:58:32.016209
U111,I49,view,2026-06-07 02:42:32.016229
U357,I394,view,2026-07-01 11:28:32.016247
U223,I327,comment,2026-07-28 16:12:32.016267
U336,I122,like,2026-07-21 17:05:32.016288
U121,I161,view,2026-07-17 23:53:32.016308
U387,I158,like,2026-06-18 14:08:32.016327
U801,I128,comment,2026-06-03 19:07:32.016346
U130,I280,like,2026-06-10 05:07:32.016365
U328,I130,view,2026-08-10 07:08:32.016384
U62,I299,like,2026-06-06 06:20:32.016405
U772,I107,like,2026-06-20 11:53:32.016424
U363,I478,like,2026-06-29 20:30:32.016443
U573,I254,like,2026-08-10 11:00:32.016462
U901,I436,comment,2026-06-10 12:34:32.016480
U193,I297,like,2026-08-08 09:05:32.016500
U245,I388,comment,2026-06-15 02:56:32.016519
U748,I390,view,2026-07-23 19:02:32.016538
U968,I95,view,2026-06-16 03:33:32.016557
U162,I450,comment,2026-07-29 21:22:32.016575
U25,I457,comment,2026-06-10 19:32:32.016594
U373,I393,view,2026-07-09 08:45:32.016614
U723,I177,view,2026-07-08 00:14:32.016638
U838,I75,view,2026-07-15 09:16:32.016658
U621,I254,comment,2026-07-07 19:53:32.016677
U815,I176,view,2026-07-02 13:10:32.016696
U559,I354,like,2026-07-21 22:46:32.016715
U608,I124,view,2026-06-19 23:58:32.016734
U791,I148,like,2026-08-05 07:28:32.016756
U30,I296,view,2026-07-10 20:59:32.016775
U81,I497,view,2026-06-26 21:42:32.016797
U520,I180,comment,2026-06-23 01:09:32.016818
U450,I271,like,2026-06-24 15:36:32.016837
U962,I437,like,2026-06-11 01:00:32.016856
U866,I289,comment,2026-06-28 22:23:32.016875
U184,I371,view,2026-07-20 18:46:32.016894
U618,I228,view,2026-07-24 18:11:32.016917
U12,I349,like,2026-06-21 18:46:32.016935
U616,I287,comment,2026-07-09 22:34:32.016954
U646,I329,view,2026-06-10 21:35:32.016974
U535,I149,comment,2026-06-04 00:45:32.016994
U812,I325,view,2026-06-06 06:33:32.017013
U18,I426,comment,2026-06-04 05:32:32.017031
U299,I174,comment,2026-07-28 12:12:32.017050
U685,I163,view,2026-06-04 21:22:32.017069
U386,I327,comment,2026-08-11 12:14:32.017088
U917,I107,like,2026-07-02 02:23:32.017108
U101,I480,view,2026-06-14 16:21:32.017126
U519,I228,comment,2026-06-25 11:08:32.017145
U462,I421,comment,2026-08-06 23:12:32.017163
U813,I296,view,2026-08-08 22:22:32.017181
U680,I67,like,2026-06-28 15:05:32.017200
U349,I453,view,2026-07-31 06:49:32.017219
U46,I129,comment,2026-06-19 13:06:32.017238
U933,I24,comment,2026-07-16 15:51:32.017256
U213,I297,like,2026-06-15 05:38:32.017289
U408,I422,comment,2026-06-24 07:41:32.017313
U257,I245,comment,2026-07-25 12:36:32.017332
U628,I85,like,2026-07-29 06:23:32.017350
U305,I322,comment,2026-07-18 08:31:32.017368
U13,I349,comment,2026-07-21 09:28:32.017387
U650,I51,view,2026-06-28 19:08:32.017405
U82,I465,view,2026-06-13 10:05:32.017423
U639,I383,view,2026-08-11 19:04:32.017441
U123,I34,like,2026-08-06 13:26:32.017459
U775,I100,comment,2026-06-28 09:16:32.017480
U931,I92,view,2026-06-10 20:01:32.017498
U993,I332,like,2026-06-05 22:24:32.017518
U404,I316,view,2026-07-19 20:00:32.017537
U950,I64,comment,2026-08-04 07:38:32.017554
U653,I397,comment,2026-07-05 01:09:32.017572
U678,I215,comment,2026-06-28 19:56:32.017590
U67,I14,comment,2026-06-09 15:05:32.017608
U586,I112,comment,2026-07-26 04:19:32.017626
U453,I174,comment,2026-07-09 10:58:32.017644
U138,I358,view,2026-08-09 13:30:32.017662
U556,I126,like,2026-06-10 12:15:32.017680
U922,I458,like,2026-08-10 19:00:32.017698
U667,I2,like,2026-06-05 19:03:32.017716
U395,I40,view,2026-06-25 01:20:32.017734
U226,I91,like,2026-07-12 17:55:32.017753
U162,I291,like,2026-08-06 10:11:32.017771
U859,I488,comment,2026-07-15 23:05:32.017789
U71,I413,view,2026-07-07 22:54:32.017807
U897,I193,view,2026-06-09 12:07:32.017824
U274,I107,like,2026-06-22 18:50:32.017845
U386,I12,comment,2026-07-29 07:52:32.017863
U569,I438,view,2026-07-21 10:18:32.017881
U98,I203,comment,2026-07-30 01:30:32.017899
U217,I66,comment,2026-07-08 01:31:32.017917
U856,I378,comment,2026-07-17 06:37:32.017934
U485,I59,like,2026-07-08 04:09:32.017952
U49,I404,comment,2026-08-06 06:03:32.017969
U440,I232,view,2026-07-21 06:28:32.017990
U503,I464,comment,2026-06-24 17:45:32.018007
U544,I453,view,2026-07-27 20:34:32.018026
U74,I130,like,2026-06-23 08:56:32.018044
U120,I20,like,2026-07-01 00:59:32.018062
U164,I412,view,2026-08-09 12:26:32.018079
U515,I338,comment,2026-06-29 23:14:32.018100
U635,I414,view,2026-06-07 07:07:32.018118
U47,I371,like,2026-06-13 04:27:32.018136
U97,I233,like,2026-06-05 22:40:32.018154
U353,I392,comment,2026-07-18 03:02:32.018171
U476,I326,view,2026-07-03 19:46:32.018189
U757,I169,view,2026-06-15 12:10:32.018207
U379,I232,comment,2026-07-01 21:14:32.018225
U606,I10,like,2026-06-06 05:59:32.018242
U230,I204,view,2026-06-30 20:32:32.018264
U891,I372,comment,2026-06-15 04:40:32.018281
U603,I384,view,2026-07-17 09:23:32.018317
U786,I250,view,2026-08-04 06:24:32.018359
U853,I498,like,2026-06-19 18:09:32.018379
U779,I316,view,2026-06-16 12:02:32.018402
U597,I429,view,2026-07-23 00:58:32.018422
U760,I422,comment,2026-06-24 15:48:32.018442
U289,I276,view,2026-07-06 05:19:32.018459
U322,I83,like,2026-08-07 22:05:32.018477
U550,I2,comment,2026-07-14 02:04:32.018495
U859,I109,like,2026-07-18 18:02:32.018513
U898,I108,like,2026-07-18 19:50:32.018531
U626,I418,view,2026-07-26 23:39:32.018549
U26,I403,comment,2026-08-08 21:28:32.018567
U2,I12,like,2026-07-07 02:13:32.018586
U975,I393,comment,2026-07-11 00:27:32.018605
U345,I134,comment,2026-07-11 05:28:32.018624
U207,I415,view,2026-06-16 18:10:32.018643
U444,I412,comment,2026-06-08 01:51:32.018662
U91,I485,comment,2026-07-23 15:26:32.018682
U541,I71,comment,2026-08-04 11:45:32.018703
U106,I241,like,2026-06-15 01:33:32.018723
U207,I26,like,2026-07-11 01:40:32.018746
U519,I83,like,2026-06-29 14:59:32.018765
U820,I490,like,2026-07-07 11:45:32.018785
U979,I115,view,2026-07-20 05:47:32.018804
U886,I14,view,2026-08-07 00:21:32.018823
U801,I484,view,2026-07-19 07:51:32.018842
U566,I477,view,2026-06-14 18:49:32.018862
U13,I274,view,2026-06-25 21:48:32.018881
U730,I219,view,2026-08-04 15:14:32.018900
U109,I85,comment,2026-06-27 03:05:32.018920
U21,I154,comment,2026-06-08 22:14:32.018943
U900,I118,like,2026-07-06 14:57:32.018961
U326,I348,comment,2026-06-28 19:18:32.018982
U129,I47,like,2026-07-30 16:15:32.019000
U455,I54,view,2026-07-05 23:58:32.019020
U528,I54,like,2026-06-21 10:26:32.019039
U543,I460,like,2026-06-12 19:16:32.019057
U893,I232,comment,2026-07-03 19:00:32.019076
U997,I119,comment,2026-07-31 02:50:32.019096
U87,I170,like,2026-07-04 18:22:32.019118
U495,I103,view,2026-07-01 17:26:32.019137
U117,I37,like,2026-07-01 16:34:32.019156
U783,I3,comment,2026-06-24 05:09:32.019175
U420,I269,view,2026-07-03 09:45:32.019193
U280,I214,view,2026-07-14 21:01:32.019212
U103,I148,comment,2026-07-21 10:07:32.019232
U358,I447,view,2026-07-14 12:53:32.019254
U437,I281,view,2026-07-12 06:40:32.019286
U196,I325,comment,2026-07-16 06:29:32.019309
U190,I175,like,2026-07-13 22:22:32.019329
U470,I227,comment,2026-06-23 19:53:32.019349
U596,I427,view,2026-06-14 13:42:32.019368
U711,I251,view,2026-06-28 22:11:32.019393
U830,I385,like,2026-06-10 21:22:32.019414
U849,I293,comment,2026-08-03 18:47:32.019434
U397,I320,comment,2026-08-08 17:41:32.019452
U229,I371,like,2026-06-12 00:33:32.019471
U666,I127,view,2026-06-29 02:29:32.019490
U757,I424,like,2026-08-02 17:51:32.019512
U271,I346,view,2026-08-10 06:54:32.019532
U903,I314,comment,2026-06-07 23:32:32.019551
U661,I494,like,2026-06-11 00:56:32.019570
U450,I407,view,2026-08-04 20:28:32.019589
U359,I329,like,2026-06-16 07:25:32.019607
U624,I484,comment,2026-06-06 12:46:32.019626
U683,I323,view,2026-07-22 13:55:32.019644
U144,I114,like,2026-06-13 14:56:32.019662
U314,I249,comment,2026-07-29 02:14:32.019681
U344,I367,view,2026-07-04 17:36:32.019700
U77,I359,like,2026-07-09 22:29:32.019718
U653,I493,view,2026-06-17 10:23:32.019737
U722,I176,view,2026-06-10 12:10:32.019755
U644,I439,like,2026-07-21 21:18:32.019773
U823,I398,view,2026-07-16 07:49:32.019792
U93,I201,like,2026-06-03 22:48:32.019811
U699,I417,view,2026-06-10 14:53:32.019830
U995,I465,like,2026-07-03 07:00:32.019849
U189,I280,view,2026-06-26 12:22:32.019868
U89,I164,view,2026-06-09 12:26:32.019887
U746,I209,comment,2026-08-06 22:57:32.019906
U677,I424,like,2026-08-09 09:37:32.019924
U993,I476,view,2026-06-24 02:56:32.019946
U59,I179,like,2026-06-14 16:16:32.019965
U534,I110,comment,2026-07-24 15:00:32.019987
U280,I417,view,2026-07-24 04:31:32.020006
U417,I127,comment,2026-07-03 05:27:32.020024
U540,I31,view,2026-06-25 06:59:32.020043
U510,I226,view,2026-06-15 13:55:32.020066
U941,I387,like,2026-07-16 22:45:32.020084
U498,I74,comment,2026-06-09 00:00:32.020103
U266,I48,view,2026-07-04 04:51:32.020122
U474,I198,like,2026-08-03 05:53:32.020140
U819,I274,comment,2026-06-05 00:05:32.020158
U297,I123,like,2026-06-16 15:36:32.020176
U416,I146,comment,2026-07-15 09:31:32.020194
U133,I308,view,2026-07-24 12:48:32.020213
U143,I200,view,2026-07-21 07:52:32.020233
U746,I154,view,2026-06-28 20:48:32.020252
U24,I309,view,2026-06-14 17:23:32.020271
U176,I298,comment,2026-08-02 08:15:32.020289
U430,I344,like,2026-06-21 20:18:32.020308
U726,I301,like,2026-06-22 04:19:32.020328
U319,I178,comment,2026-06-24 22:27:32.020346
U808,I79,comment,2026-07-30 02:27:32.020365
U448,I244,like,2026-07-22 12:17:32.020384
U104,I441,like,2026-07-12 02:26:32.020403
U533,I49,like,2026-06-11 19:27:32.020422
U786,I486,view,2026-06-30 12:15:32.020441
U402,I206,like,2026-07-18 15:00:32.020459
U7,I131,like,2026-06-16 03:17:32.020479
U452,I499,view,2026-07-19 20:48:32.020502
U267,I471,comment,2026-07-04 02:50:32.020521
U349,I366,like,2026-07-31 02:03:32.020539
U310,I205,view,2026-07-06 07:44:32.020557
U528,I408,comment,2026-06-03 10:11:32.020575
U117,I211,view,2026-07-26 15:10:32.020597
U68,I244,comment,2026-08-05 06:22:32.020616
U472,I53,like,2026-07-09 00:17:32.020633
U704,I336,like,2026-06-15 13:56:32.020651
U566,I152,comment,2026-07-19 02:48:32.020670
U657,I232,like,2026-06-08 01:16:32.020687
U641,I427,comment,2026-08-11 04:27:32.020705
U640,I11,comment,2026-07-02 19:36:32.020723
U266,I349,comment,2026-06-08 06:39:32.020741
U539,I488,like,2026-06-28 17:08:32.020762
U425,I214,comment,2026-06-24 03:57:32.020779
U470,I265,comment,2026-08-01 08:41:32.020797
U231,I279,view,2026-07-20 02:27:32.020815
U121,I91,comment,2026-07-03 04:09:32.020832
U47,I253,view,2026-07-21 10:53:32.020850
U201,I179,view,2026-07-16 18:52:32.020868
U553,I90,view,2026-07-31 05:21:32.020886
U942,I131,comment,2026-07-31 06:59:32.020904
U293,I422,view,2026-06-23 23:25:32.020922
U121,I198,like,2026-06-12 10:51:32.020940
U193,I450,comment,2026-07-20 05:31:32.020958
U316,I55,comment,2026-07-04 05:55:32.020976
U716,I424,comment,2026-07-14 11:42:32.020994
U417,I54,comment,2026-08-02 20:21:32.021012
U105,I330,view,2026-06-13 03:23:32.021029
U111,I16,view,2026-08-02 17:55:32.021047
U299,I344,comment,2026-07-22 14:10:32.021065
U581,I328,view,2026-06-10 21:22:32.021083
U908,I40,view,2026-07-27 09:52:32.021104
U848,I295,view,2026-06-13 11:04:32.021122
U240,I481,comment,2026-06-25 12:30:32.021140
U256,I144,view,2026-06-08 04:53:32.021158
U8,I345,like,2026-07-30 13:47:32.021178
U469,I243,like,2026-07-30 12:03:32.021196
U907,I226,comment,2026-06-09 08:41:32.021214
U107,I468,comment,2026-07-07 18:33:32.021232
U662,I256,comment,2026-07-25 02:47:32.021250
U847,I426,view,2026-08-11 10:09:32.021267
U853,I302,like,2026-06-10 19:59:32.021298
U461,I144,comment,2026-06-28 11:07:32.021318
U583,I465,comment,2026-08-10 13:22:32.021336
U934,I269,like,2026-06-13 00:42:32.021354
U196,I14,view,2026-06-18 15:57:32.021375
U751,I81,like,2026-06-21 07:09:32.021397
U650,I22,comment,2026-07-19 00:53:32.021413
U847,I49,view,2026-06-16 14:33:32.021430
U782,I199,comment,2026-06-22 05:42:32.021448
U766,I151,like,2026-07-28 18:21:32.021467
U711,I289,like,2026-06-30 13:05:32.021486
U430,I128,comment,2026-07-31 07:05:32.021505
U841,I212,view,2026-07-13 19:08:32.021522
U568,I231,like,2026-06-25 01:48:32.021540
U14,I475,like,2026-07-21 04:03:32.021565
U563,I449,comment,2026-07-13 16:23:32.021583
U429,I91,comment,2026-08-07 20:24:32.021602
U13,I283,like,2026-07-09 14:30:32.021621
U593,I278,like,2026-06-11 22:15:32.021643
U889,I61,view,2026-06-22 14:45:32.021663
U523,I6,like,2026-06-09 04:59:32.021682
U253,I0,like,2026-07-12 14:19:32.021706
U950,I99,comment,2026-06-23 20:31:32.021728
U157,I279,comment,2026-06-25 03:31:32.021748
U753,I245,view,2026-07-28 05:54:32.021767
U804,I370,view,2026-06-15 18:02:32.021787
U158,I26,like,2026-08-10 21:57:32.021810
U465,I36,like,2026-06-23 11:06:32.021830
U64,I460,comment,2026-06-20 20:23:32.021850
U755,I87,like,2026-07-24 04:00:32.021869
U894,I362,view,2026-06-30 06:58:32.021888
U387,I483,view,2026-07-07 04:32:32.021907
U171,I57,comment,2026-07-18 08:05:32.021926
U70,I178,view,2026-08-05 15:57:32.021945
U998,I296,view,2026-08-06 09:59:32.021963
U456,I1,view,2026-07-31 06:47:32.021982
U465,I375,like,2026-06-16 10:20:32.022000
U679,I85,view,2026-06-18 17:36:32.022020
U315,I434,like,2026-06-12 13:22:32.022038
U572,I209,like,2026-07-12 14:25:32.022057
U550,I393,like,2026-07-14 22:44:32.022077
U597,I85,view,2026-07-07 07:02:32.022095
U205,I286,view,2026-06-14 20:53:32.022113
U839,I276,comment,2026-06-14 03:15:32.022133
U670,I137,view,2026-07-13 08:37:32.022152
U359,I311,like,2026-08-07 00:10:32.022170
U624,I72,view,2026-07-21 22:11:32.022190
U962,I122,comment,2026-07-09 18:28:32.022212
U869,I268,view,2026-07-11 02:48:32.022232
U466,I432,like,2026-06-25 21:56:32.022251
U665,I113,comment,2026-07-06 10:09:32.022270
U670,I110,view,2026-06-25 21:33:32.022290
U835,I311,like,2026-07-03 06:25:32.022309
U83,I339,view,2026-08-09 09:33:32.022328
U358,I164,view,2026-06-28 09:23:32.022348
U374,I106,like,2026-06-09 06:44:32.022366
U651,I76,view,2026-07-05 13:40:32.022389
U88,I139,view,2026-06-19 13:37:32.022411
U615,I342,like,2026-06-11 06:07:32.022430
U878,I421,view,2026-07-15 17:44:32.022449
U66,I219,comment,2026-06-21 06:52:32.022468
U335,I321,view,2026-07-28 13:23:32.022487
U667,I21,like,2026-06-30 13:55:32.022506
U610,I399,view,2026-06-16 20:11:32.022525
U698,I374,view,2026-08-03 02:31:32.022544
U281,I168,comment,2026-06-23 13:15:32.022563
U82,I414,like,2026-06-21 15:20:32.022582
U975,I315,like,2026-06-29 18:14:32.022601
U641,I82,view,2026-07-17 09:16:32.022620
U345,I400,view,2026-07-15 10:45:32.022638
U548,I378,comment,2026-07-18 05:10:32.022657
U600,I131,like,2026-08-07 19:37:32.022675
U590,I444,like,2026-07-04 12:32:32.022695
U188,I282,view,2026-07-06 14:54:32.022713
U354,I376,view,2026-08-09 19:39:32.022731
U906,I252,view,2026-07-25 22:58:32.022753
U21,I424,like,2026-06-22 02:13:32.022772
U653,I338,like,2026-07-10 11:23:32.022792
U467,I410,like,2026-08-04 12:29:32.022810
U583,I462,comment,2026-07-16 20:54:32.022829
U884,I107,view,2026-06-12 08:36:32.022848
U329,I228,comment,2026-06-10 10:14:32.022867
U150,I336,view,2026-07-31 02:30:32.022885
U338,I176,view,2026-06-03 17:04:32.022905
U382,I447,view,2026-07-04 10:50:32.022927
U512,I12,view,2026-06-10 05:57:32.022946
U560,I137,comment,2026-06-18 05:43:32.022965
U746,I6,like,2026-08-02 08:55:32.022983
U347,I355,view,2026-06-21 16:00:32.023002
U113,I65,like,2026-07-08 05:28:32.023024
U877,I78,comment,2026-06-08 18:41:32.023043
U191,I150,view,2026-06-14 01:49:32.023062
U699,I146,comment,2026-06-11 02:01:32.023080
U38,I2,like,2026-07-11 10:25:32.023099
U118,I292,view,2026-08-08 05:04:32.023117
U402,I458,view,2026-07-02 00:16:32.023135
U925,I71,comment,2026-06-09 15:01:32.023153
U275,I399,comment,2026-08-07 05:24:32.023172
U636,I480,comment,2026-06-29 18:36:32.023193
U705,I248,like,2026-07-16 16:26:32.023214
U545,I245,comment,2026-07-16 12:59:32.023233
U469,I197,like,2026-08-06 21:13:32.023252
U966,I351,view,2026-07-23 11:29:32.023271
U341,I225,like,2026-06-11 21:44:32.023305
U549,I308,like,2026-06-16 14:00:32.023326
U96,I439,view,2026-08-06 15:55:32.023346
U37,I366,view,2026-07-04 19:47:32.023365
U255,I136,view,2026-06-30 22:39:32.023384
U314,I321,view,2026-08-04 12:07:32.023404
U517,I7,comment,2026-07-30 13:54:32.023423
U46,I347,like,2026-07-28 13:15:32.023443
U199,I7,comment,2026-06-21 12:37:32.023462
U488,I448,comment,2026-07-01 06:20:32.023481
U255,I109,comment,2026-06-22 06:59:32.023500
U793,I334,like,2026-06-27 04:59:32.023519
U869,I245,comment,2026-07-11 12:01:32.023538
U980,I230,comment,2026-06-06 14:22:32.023557
U365,I177,like,2026-07-12 15:01:32.023575
U521,I211,view,2026-07-13 08:41:32.023593
U963,I196,view,2026-07-10 01:21:32.023612
U25,I371,comment,2026-06-03 10:55:32.023631
U393,I136,view,2026-06-29 10:03:32.023654
U537,I85,view,2026-07-06 08:17:32.023673
U317,I447,view,2026-06-29 18:45:32.023691
U114,I114,like,2026-08-07 03:58:32.023709
U55,I89,comment,2026-07-10 18:15:32.023727
U267,I207,view,2026-07-18 17:02:32.023745
U348,I434,like,2026-07-21 02:36:32.023762
U292,I227,view,2026-06-26 10:29:32.023780
U357,I69,view,2026-07-18 15:58:32.023798
U650,I320,view,2026-07-16 18:51:32.023815
U294,I233,like,2026-07-16 17:47:32.023836
U837,I60,view,2026-06-09 04:40:32.023854
U318,I190,like,2026-07-12 21:24:32.023872
U682,I381,comment,2026-07-23 12:50:32.023890
U783,I100,comment,2026-08-08 03:47:32.023908
U437,I308,comment,2026-06-13 18:44:32.023926
U108,I436,like,2026-06-25 06:24:32.023944
U106,I302,comment,2026-06-13 19:40:32.023962
U123,I101,view,2026-06-14 03:05:32.023980
U451,I438,comment,2026-06-13 05:12:32.023997
U631,I178,comment,2026-06-21 12:14:32.024018
U286,I83,like,2026-06-20 12:10:32.024035
U537,I480,like,2026-06-12 06:53:32.024053
U195,I126,view,2026-07-29 00:27:32.024071
U295,I39,view,2026-06-12 01:17:32.024088
U629,I235,comment,2026-06-07 09:44:32.024108
U89,I41,view,2026-08-11 07:17:32.024126
U881,I55,view,2026-06-09 16:54:32.024146
U386,I226,view,2026-06-30 21:23:32.024164
U301,I481,like,2026-07-08 08:00:32.024182
U52,I424,comment,2026-06-23 04:18:32.024200
U638,I497,like,2026-06-18 20:16:32.024218
U532,I169,view,2026-07-28 16:50:32.024239
U449,I50,comment,2026-07-22 12:03:32.024257
U700,I212,view,2026-07-18 03:18:32.024275
U481,I129,view,2026-07-24 03:04:32.024293
U992,I325,comment,2026-06-29 03:29:32.024310
U399,I356,view,2026-06-24 07:09:32.024328
U596,I108,view,2026-06-26 19:23:32.024346
U427,I41,comment,2026-06-15 07:40:32.024367
U755,I46,view,2026-06-24 21:56:32.024385
U681,I246,comment,2026-07-07 23:05:32.024403
U314,I495,view,2026-07-14 00:49:32.024421
U536,I345,like,2026-06-23 17:03:32.024439
U299,I96,like,2026-06-16 13:15:32.024457
U424,I324,comment,2026-07-28 00:51:32.024482
U743,I34,view,2026-07-02 03:26:32.024500
U857,I288,view,2026-08-08 12:43:32.024516
U655,I403,like,2026-07-13 14:07:32.024534
U198,I339,like,2026-07-30 14:53:32.024553
U429,I10,comment,2026-07-13 20:05:32.024571
U713,I433,comment,2026-07-15 14:23:32.024588
U63,I71,view,2026-06-24 10:51:32.024607
U770,I475,comment,2026-07-12 05:57:32.024625
U636,I188,view,2026-06-03 10:14:32.024643
U991,I482,comment,2026-07-04 06:55:32.024661
U586,I164,comment,2026-06-21 09:06:32.024678
U891,I430,like,2026-06-14 13:02:32.024696
U174,I212,view,2026-08-03 14:21:32.024715
U232,I17,comment,2026-06-25 15:27:32.024734
U247,I230,like,2026-08-01 21:26:32.024753
U800,I266,view,2026-06-10 01:07:32.024771
U247,I178,view,2026-07-14 21:13:32.024790
U111,I87,view,2026-07-21 08:33:32.024818
U783,I380,comment,2026-07-12 23:55:32.024839
U596,I367,like,2026-07-24 11:05:32.024860
U180,I415,comment,2026-06-09 18:01:32.024878
U528,I28,view,2026-07-26 08:18:32.024900
U295,I177,comment,2026-06-27 07:50:32.024919
U79,I469,like,2026-07-07 22:50:32.024939
U183,I415,view,2026-06-30 11:40:32.024958
U276,I394,like,2026-07-12 12:39:32.024977
U105,I466,comment,2026-06-18 11:58:32.024996
U128,I263,comment,2026-07-24 12:32:32.025015
U137,I253,view,2026-08-06 20:28:32.025034
U157,I105,like,2026-06-30 12:53:32.025053
U262,I324,like,2026-07-31 00:37:32.025072
U537,I380,like,2026-08-07 18:50:32.025090
U985,I194,like,2026-06-15 08:50:32.025109
U873,I248,comment,2026-07-21 16:15:32.025127
U850,I151,comment,2026-07-23 21:57:32.025147
U212,I143,view,2026-07-05 01:08:32.025323
U2,I92,view,2026-06-04 19:27:32.025353
U384,I496,like,2026-07-20 11:22:32.025373
U741,I187,comment,2026-07-17 13:16:32.025392
U75,I363,comment,2026-06-14 17:33:32.025411
U183,I303,view,2026-06-12 09:31:32.025429
U965,I253,like,2026-07-27 06:18:32.025448
U338,I77,like,2026-07-10 01:34:32.025466
U738,I369,like,2026-07-18 08:22:32.025485
U694,I327,view,2026-07-22 02:25:32.025504
U969,I179,like,2026-06-29 14:39:32.025527
U133,I332,like,2026-06-11 23:30:32.025547
U390,I472,view,2026-07-09 12:45:32.025565
U44,I134,view,2026-06-05 01:43:32.025584
U813,I337,comment,2026-06-24 01:06:32.025608
U372,I86,comment,2026-08-07 03:56:32.025627
U648,I452,like,2026-06-07 01:49:32.025646
U251,I170,comment,2026-06-13 04:48:32.025666
U481,I78,like,2026-07-19 11:42:32.025685
U36,I456,comment,2026-06-06 21:46:32.025703
U955,I184,like,2026-08-07 16:40:32.025723
U782,I207,like,2026-08-01 06:44:32.025741
U231,I313,like,2026-08-11 10:39:32.025761
U272,I187,view,2026-06-24 12:22:32.025779
U934,I309,like,2026-06-29 18:06:32.025801
U372,I432,view,2026-07-27 19:15:32.025820
U201,I137,like,2026-06-26 17:20:32.025839
U503,I18,comment,2026-07-04 17:02:32.025857
U575,I406,view,2026-07-22 07:26:32.025875
U224,I171,comment,2026-07-10 06:33:32.025893
U411,I122,view,2026-07-09 02:19:32.025912
U604,I284,like,2026-06-24 23:19:32.025931
U788,I78,view,2026-07-19 02:37:32.025951
U904,I107,view,2026-06-21 12:16:32.025969
U796,I224,comment,2026-06-24 14:27:32.025987
U809,I199,view,2026-06-21 19:27:32.026006
U43,I22,comment,2026-06-07 14:36:32.026025
U368,I250,view,2026-07-23 20:30:32.026043
U845,I442,like,2026-06-25 01:55:32.026062
U3,I235,view,2026-06-05 23:41:32.026082
U992,I64,comment,2026-06-15 12:27:32.026100
U397,I0,view,2026-06-11 12:03:32.026119
U295,I5,comment,2026-07-19 21:46:32.026140
U466,I452,comment,2026-08-09 10:41:32.026159
U105,I232,comment,2026-08-10 10:04:32.026178
U341,I211,view,2026-07-07 04:20:32.026198
U355,I400,comment,2026-06-25 21:08:32.026219
U609,I391,view,2026-06-15 03:21:32.026238
U989,I382,like,2026-06-14 01:48:32.026256
U407,I165,view,2026-07-06 16:55:32.026275
U888,I302,comment,2026-06-04 16:21:32.026293
U728,I364,like,2026-07-27 22:08:32.026311
U206,I86,comment,2026-07-26 07:05:32.026328
U43,I129,like,2026-08-10 04:20:32.026347
U62,I204,like,2026-06-10 00:13:32.026638
U65,I293,like,2026-08-08 10:45:32.026713
U846,I219,view,2026-06-30 02:42:32.026744
U858,I433,like,2026-06-05 13:38:32.026766
U868,I126,comment,2026-06-03 18:21:32.026785
U247,I174,view,2026-08-04 16:25:32.026806
U780,I343,like,2026-07-15 09:57:32.026824
U735,I75,like,2026-07-28 19:35:32.026851
U560,I203,like,2026-07-30 16:10:32.026874
U835,I73,like,2026-07-28 11:26:32.026892
U567,I210,view,2026-06-03 15:10:32.026911
U123,I138,like,2026-06-07 16:21:32.026930
U789,I67,view,2026-07-16 15:47:32.026956
U952,I168,comment,2026-07-30 10:05:32.026975
U149,I133,view,2026-06-18 17:00:32.026994
U159,I87,comment,2026-07-21 00:00:32.027013
U22,I76,like,2026-06-09 21:42:32.027032
U134,I396,view,2026-08-06 18:14:32.027056
U15,I13,like,2026-07-25 11:26:32.027077
U132,I229,view,2026-06-17 21:23:32.027096
U175,I278,view,2026-06-11 15:48:32.027119
U164,I135,view,2026-07-21 08:52:32.027138
U340,I31,view,2026-06-19 11:44:32.027157
U856,I250,view,2026-08-03 02:31:32.027176
U731,I477,like,2026-07-12 06:44:32.027198
U235,I388,like,2026-06-17 20:09:32.027219
U330,I498,comment,2026-08-01 05:19:32.027238
U651,I481,comment,2026-07-05 10:28:32.027257
U188,I301,comment,2026-06-05 19:02:32.027276
U713,I265,comment,2026-07-05 16:54:32.027294
U752,I249,comment,2026-07-16 19:28:32.027312
U57,I460,view,2026-06-04 05:40:32.027329
U989,I459,view,2026-07-01 11:32:32.027348
U469,I296,comment,2026-07-23 05:08:32.027366
U384,I35,comment,2026-08-11 12:23:32.027383
U565,I96,like,2026-06-14 09:38:32.027402
U476,I20,view,2026-08-06 22:33:32.027420
U401,I125,like,2026-07-08 13:01:32.027437
U56,I65,comment,2026-07-25 17:58:32.027455
U931,I62,view,2026-07-12 09:33:32.027477
U433,I240,view,2026-07-27 22:00:32.027495
U431,I35,comment,2026-06-04 22:34:32.027513
U954,I468,like,2026-07-03 18:06:32.027531
U191,I300,like,2026-07-16 07:14:32.027549
U328,I415,view,2026-06-11 23:35:32.027567
U558,I292,comment,2026-06-08 10:00:32.027588
U461,I442,comment,2026-07-25 00:56:32.027606
U556,I371,view,2026-07-26 05:43:32.027624
U707,I153,like,2026-06-27 02:21:32.027642
U159,I32,comment,2026-07-03 11:52:32.027659
U170,I304,like,2026-07-27 17:53:32.027677
U190,I82,view,2026-07-22 12:38:32.027695
U201,I267,view,2026-08-04 07:17:32.027713
U201,I256,comment,2026-07-26 18:11:32.027732
U739,I83,like,2026-07-12 01:56:32.027750
U615,I14,comment,2026-07-29 16:12:32.027777
U496,I348,like,2026-06-19 22:58:32.027795
U882,I361,comment,2026-08-07 23:25:32.027813
U898,I368,view,2026-08-03 02:29:32.027832
U284,I153,like,2026-07-27 04:44:32.027850
U318,I173,like,2026-07-25 22:41:32.027868
U604,I79,comment,2026-07-09 04:24:32.027886
U397,I226,view,2026-08-09 10:34:32.027903
U534,I340,view,2026-06-21 04:41:32.027921
U225,I294,view,2026-07-22 04:45:32.027939
U926,I447,view,2026-06-14 04:53:32.027957
U356,I17,comment,2026-07-05 01:26:32.027975
U930,I80,view,2026-06-16 23:32:32.027993
U708,I96,like,2026-06-14 07:56:32.028011
U977,I235,comment,2026-08-01 13:16:32.028032
U360,I472,like,2026-07-11 16:51:32.028057
U566,I419,view,2026-07-21 12:10:32.028075
U212,I366,view,2026-07-02 03:58:32.028092
U520,I329,view,2026-07-09 14:10:32.028114
U806,I319,like,2026-06-06 06:17:32.028133
U927,I412,view,2026-08-09 20:43:32.028152
U348,I124,like,2026-06-20 02:28:32.028170
U654,I381,comment,2026-07-11 20:38:32.028188
U574,I246,comment,2026-06-20 21:57:32.028206
U353,I30,view,2026-06-09 04:18:32.028224
U189,I176,comment,2026-07-31 01:56:32.028242
U230,I93,view,2026-06-09 06:52:32.028260
U697,I97,like,2026-08-11 07:34:32.028278
U493,I2,view,2026-07-04 11:29:32.028300
U894,I454,like,2026-06-22 01:59:32.028319
U446,I308,comment,2026-06-27 01:15:32.028352
U845,I152,comment,2026-06-10 19:43:32.028372
U467,I145,comment,2026-06-07 09:05:32.028394
U645,I385,comment,2026-07-27 12:34:32.028415
U760,I317,like,2026-07-18 08:36:32.028436
U560,I127,view,2026-07-09 10:50:32.028456
U977,I330,comment,2026-07-09 18:52:32.028474
U42,I284,view,2026-07-08 03:41:32.028494
U585,I69,view,2026-07-30 03:27:32.028514
U469,I432,view,2026-08-11 18:30:32.028533
U764,I88,comment,2026-07-30 23:35:32.028552
U693,I349,comment,2026-06-15 00:29:32.028571
U684,I361,comment,2026-06-15 20:40:32.028591
U105,I407,like,2026-06-04 22:19:32.028614
U683,I31,comment,2026-07-10 12:17:32.028633
U756,I210,like,2026-06-13 08:43:32.028653
U310,I36,like,2026-07-04 08:19:32.028674
U675,I208,comment,2026-07-04 12:33:32.028693
U917,I330,view,2026-08-09 10:48:32.028711
U804,I331,view,2026-07-18 16:24:32.028733
U972,I25,view,2026-07-14 08:03:32.028753
U582,I205,comment,2026-06-28 18:56:32.028773
U36,I127,like,2026-07-04 05:05:32.028793
U841,I136,like,2026-07-16 12:31:32.028812
U862,I392,comment,2026-06-03 16:19:32.028835
U203,I366,like,2026-08-09 16:43:32.028854
U440,I163,comment,2026-06-06 16:59:32.028872
U750,I115,like,2026-07-05 16:44:32.028891
U649,I34,comment,2026-07-22 17:57:32.028910
U305,I444,like,2026-06-09 12:39:32.028929
U681,I463,like,2026-06-29 06:46:32.028948
U72,I176,like,2026-06-08 02:12:32.028967
U272,I97,like,2026-08-07 22:01:32.028986
U623,I33,comment,2026-06-11 07:37:32.029006
U863,I479,comment,2026-06-24 06:32:32.029028
U253,I333,like,2026-06-16 11:32:32.029047
U935,I457,view,2026-07-09 14:17:32.029066
U246,I372,like,2026-06-04 19:10:32.029084
U190,I83,comment,2026-07-27 22:57:32.029104
U755,I440,comment,2026-07-17 17:50:32.029122
U600,I227,comment,2026-07-02 23:05:32.029141
U562,I237,like,2026-07-03 06:00:32.029160
U448,I333,view,2026-06-12 00:44:32.029178
U390,I148,comment,2026-07-27 23:11:32.029197
U518,I211,view,2026-07-21 15:31:32.029216
U37,I238,view,2026-06-05 17:52:32.029238
U30,I235,view,2026-08-04 14:40:32.029257
U752,I20,view,2026-08-05 12:50:32.029275
U750,I18,like,2026-07-30 12:37:32.029294
U301,I429,comment,2026-06-25 03:55:32.029313
U789,I4,comment,2026-07-07 04:14:32.029332
U620,I327,comment,2026-07-31 02:31:32.029351
U107,I57,view,2026-06-26 11:28:32.029370
U493,I157,view,2026-06-19 10:56:32.029389
U668,I10,like,2026-07-17 09:28:32.029409
U262,I299,like,2026-08-06 20:36:32.029435
U673,I496,view,2026-08-06 05:07:32.029454
U449,I86,view,2026-07-25 07:48:32.029473
U704,I36,view,2026-07-16 02:57:32.029491
U939,I291,like,2026-08-09 00:46:32.029509
U290,I291,view,2026-07-23 21:35:32.029529
U16,I365,comment,2026-07-16 12:17:32.029548
U57,I454,comment,2026-08-04 00:59:32.029569
U133,I37,like,2026-07-01 02:32:32.029587
U41,I343,comment,2026-06-10 11:27:32.029605
U990,I105,like,2026-08-09 04:08:32.029623
U819,I178,comment,2026-08-10 23:35:32.029649
U222,I45,comment,2026-06-06 13:46:32.029669
U534,I262,comment,2026-06-22 19:17:32.029688
U324,I19,comment,2026-07-05 00:50:32.029707
U15,I394,comment,2026-07-02 08:08:32.029726
U989,I414,comment,2026-06-13 21:32:32.029745
U118,I136,like,2026-07-18 17:20:32.029766
U534,I116,comment,2026-08-05 06:45:32.029786
U340,I206,like,2026-06-21 05:46:32.029805
U359,I61,comment,2026-06-07 08:28:32.029824
U134,I476,comment,2026-06-29 16:13:32.029842
U52,I350,like,2026-08-05 21:54:32.029861
U350,I398,like,2026-06-23 16:35:32.029880
U397,I58,like,2026-07-12 08:15:32.029898
U125,I60,like,2026-06-08 06:22:32.029916
U444,I89,view,2026-06-29 23:19:32.029935
U866,I49,comment,2026-07-23 22:01:32.029954
U769,I189,view,2026-07-25 06:47:32.029973
U269,I57,like,2026-07-07 01:42:32.029991
U107,I331,comment,2026-07-13 04:39:32.030010
U10,I323,comment,2026-06-09 08:14:32.030028
U894,I255,like,2026-07-13 22:10:32.030046
U356,I110,like,2026-06-09 05:30:32.030064
U36,I254,like,2026-06-27 09:19:32.030082
U918,I38,like,2026-07-29 13:51:32.030100
U7,I224,like,2026-07-13 12:45:32.030118
U751,I16,view,2026-06-13 20:30:32.030136
U313,I164,view,2026-06-04 18:47:32.030155
U181,I153,like,2026-06-22 21:07:32.030175
U529,I223,view,2026-08-08 16:39:32.030194
U757,I312,comment,2026-06-11 11:03:32.030212
U607,I65,comment,2026-07-21 21:01:32.030236
U832,I120,comment,2026-08-08 06:50:32.030255
U101,I344,like,2026-06-19 19:53:32.030273
U753,I335,view,2026-06-20 11:40:32.030292
U243,I400,like,2026-06-19 01:24:32.030313
U100,I483,view,2026-07-18 08:35:32.030332
U791,I30,like,2026-06-18 16:00:32.030526
U625,I349,view,2026-08-01 10:22:32.030575
U168,I427,view,2026-06-16 00:06:32.030605
U462,I482,view,2026-08-01 18:22:32.030631
U810,I300,like,2026-06-12 14:20:32.030656
U717,I432,view,2026-07-26 00:25:32.030679
U528,I266,comment,2026-07-14 23:43:32.030702
U750,I39,comment,2026-06-08 05:00:32.030725
U605,I442,comment,2026-06-16 03:50:32.030748
U153,I409,comment,2026-07-18 17:45:32.030770
U651,I98,comment,2026-06-08 10:00:32.030792
U338,I420,like,2026-07-29 07:15:32.030814
U414,I218,comment,2026-06-14 03:27:32.030837
U177,I245,like,2026-06-24 08:37:32.030859
U959,I363,comment,2026-06-15 21:52:32.030882
U609,I437,comment,2026-07-03 00:35:32.031009
U915,I142,view,2026-08-06 03:20:32.031034
U899,I42,like,2026-07-12 09:44:32.031056
U71,I487,like,2026-06-21 08:34:32.031079
U655,I373,like,2026-06-09 05:20:32.031101
U899,I239,like,2026-07-18 03:46:32.031124
U193,I9,view,2026-07-04 01:13:32.031146
U504,I241,comment,2026-06-16 14:58:32.031169
U529,I119,view,2026-07-07 18:02:32.031197
U466,I234,view,2026-08-05 18:23:32.031210
U11,I252,like,2026-06-26 08:23:32.031224
U707,I456,like,2026-07-19 22:41:32.031242
U983,I27,view,2026-06-17 08:07:32.031255
U811,I114,view,2026-07-10 04:48:32.031268
U85,I366,view,2026-07-22 21:36:32.031282
U195,I380,like,2026-07-10 11:27:32.031296
U465,I295,like,2026-08-06 20:21:32.031309
U575,I92,view,2026-07-20 04:08:32.031321
U810,I221,comment,2026-08-04 04:42:32.031334
U848,I363,comment,2026-06-14 07:28:32.031346
U167,I8,like,2026-07-02 05:12:32.031359
U846,I498,like,2026-06-19 03:54:32.031371
U831,I495,comment,2026-06-06 01:37:32.031387
U119,I347,like,2026-07-08 02:53:32.031401
U659,I431,comment,2026-08-06 13:23:32.031414
U902,I349,view,2026-07-04 17:48:32.031427
U973,I300,comment,2026-08-01 18:54:32.031440
U89,I435,like,2026-06-22 08:16:32.031454
U277,I0,view,2026-07-21 01:04:32.031467
U639,I13,view,2026-06-21 03:11:32.031481
U184,I337,view,2026-06-11 16:49:32.031494
U968,I244,comment,2026-06-28 19:57:32.031507
U221,I387,comment,2026-08-09 22:53:32.031520
U793,I270,comment,2026-07-22 00:45:32.031533
U909,I411,like,2026-07-22 22:34:32.031546
U835,I298,view,2026-06-13 20:01:32.031559
U993,I177,like,2026-07-07 05:33:32.031572
U400,I359,comment,2026-06-14 07:50:32.031584
U505,I219,like,2026-06-07 15:50:32.031598
U348,I181,like,2026-06-24 22:38:32.031611
U661,I13,view,2026-08-08 11:20:32.031628
U347,I425,like,2026-06-11 01:10:32.031643
U623,I27,view,2026-07-22 23:30:32.031656
U44,I213,view,2026-06-16 05:25:32.031671
U191,I184,like,2026-06-09 20:37:32.031683
U726,I302,view,2026-08-08 14:06:32.031696
U359,I499,comment,2026-07-03 14:16:32.031709
U950,I151,comment,2026-08-04 17:57:32.031721
U599,I293,view,2026-07-16 15:00:32.031734
U793,I34,like,2026-07-19 01:16:32.031747
U216,I213,like,2026-07-07 02:41:32.031759
U49,I190,like,2026-06-09 04:37:32.031772
U184,I305,view,2026-06-04 10:06:32.031785
U975,I299,view,2026-08-07 23:33:32.031840
U450,I204,like,2026-06-19 22:11:32.031885
U120,I390,view,2026-06-26 21:19:32.031903
U112,I379,comment,2026-06-17 04:34:32.031916
U898,I274,like,2026-07-05 05:38:32.031929
U505,I267,comment,2026-06-17 07:36:32.031957
U14,I121,like,2026-08-03 07:20:32.031976
U460,I226,comment,2026-06-21 13:01:32.031989
U853,I489,view,2026-08-03 07:33:32.032001
U997,I60,comment,2026-07-03 04:43:32.032014
U449,I170,comment,2026-08-09 17:06:32.032027
U992,I354,view,2026-08-08 03:11:32.032040
U285,I96,comment,2026-07-11 23:26:32.032066
U657,I445,like,2026-06-05 16:12:32.032079
U895,I53,comment,2026-07-02 06:10:32.032092
U362,I330,view,2026-07-30 19:01:32.032107
U914,I90,view,2026-07-13 12:02:32.032120
U53,I366,view,2026-07-20 06:40:32.032132
U843,I286,comment,2026-08-08 13:49:32.032145
U928,I101,view,2026-08-06 11:20:32.032160
U218,I217,comment,2026-07-16 07:59:32.032173
U568,I219,comment,2026-07-10 01:24:32.032185
U903,I202,comment,2026-07-09 09:46:32.032200
U873,I104,comment,2026-08-05 00:07:32.032213
U909,I161,like,2026-07-19 06:49:32.032226
U677,I357,comment,2026-07-16 22:34:32.032239
U206,I306,like,2026-06-27 15:25:32.032251
U1,I265,like,2026-07-27 06:54:32.032264
U58,I234,view,2026-08-07 18:11:32.032276
U780,I423,view,2026-08-09 11:41:32.032289
U212,I252,view,2026-08-03 17:33:32.032301
U876,I1,like,2026-08-11 13:18:32.032314
U255,I324,like,2026-08-11 07:55:32.032326
U514,I77,like,2026-07-19 10:22:32.032344
U928,I49,comment,2026-08-10 22:56:32.032356
U611,I350,view,2026-08-09 14:16:32.032368
U590,I237,comment,2026-06-28 07:36:32.032385
U721,I266,view,2026-07-10 15:38:32.032401
U116,I453,comment,2026-07-06 13:15:32.032414
U86,I288,like,2026-06-27 10:35:32.032427
U901,I202,comment,2026-07-14 09:28:32.032440
U272,I458,view,2026-08-07 11:10:32.032452
U287,I114,view,2026-07-16 12:48:32.032465
U762,I343,view,2026-07-06 13:03:32.032479
U734,I38,comment,2026-06-13 22:54:32.032492
U144,I64,view,2026-07-27 11:00:32.032504
U477,I353,comment,2026-07-30 19:06:32.032517
U441,I53,like,2026-07-11 20:11:32.032529
U275,I399,view,2026-08-08 09:50:32.032541
U173,I370,comment,2026-08-10 01:45:32.032554
U763,I434,like,2026-06-25 04:59:32.032567
U665,I154,comment,2026-07-10 10:56:32.032579
U738,I169,view,2026-07-29 21:31:32.032591
U924,I46,view,2026-06-24 13:18:32.032606
U601,I162,comment,2026-06-23 14:18:32.032620
U519,I413,comment,2026-07-20 01:28:32.032633
U894,I319,view,2026-07-23 01:27:32.032646
U870,I98,view,2026-06-19 14:03:32.032658
U460,I140,comment,2026-07-25 12:30:32.032670
U897,I310,like,2026-06-24 09:17:32.032683
U43,I90,like,2026-06-23 13:56:32.032695
U301,I284,comment,2026-07-05 10:58:32.032708
U86,I401,view,2026-07-15 04:28:32.032720
U310,I130,like,2026-06-06 05:05:32.032733
U733,I433,like,2026-06-11 21:09:32.032745
U692,I393,comment,2026-07-21 17:30:32.032757
U386,I394,view,2026-06-14 00:52:32.032769
U37,I317,like,2026-06-26 05:18:32.032782
U337,I224,comment,2026-07-22 13:26:32.032794
U796,I377,comment,2026-06-17 23:02:32.032806
U313,I226,comment,2026-06-04 05:22:32.032819
U221,I53,view,2026-06-07 17:19:32.032834
U223,I334,comment,2026-07-26 11:22:32.032846
U727,I293,like,2026-08-10 15:31:32.032858
U162,I146,view,2026-07-27 17:28:32.032871
U657,I249,view,2026-07-11 17:06:32.032883
U160,I433,like,2026-07-15 22:39:32.032895
U409,I370,view,2026-08-04 16:40:32.032918
U324,I35,like,2026-08-01 16:42:32.032931
U773,I416,comment,2026-06-28 01:19:32.032943
U412,I376,like,2026-06-25 05:22:32.032955
U953,I311,comment,2026-08-07 19:22:32.032967
U90,I10,comment,2026-07-03 22:45:32.032982
U894,I162,view,2026-06-16 05:53:32.032994
U456,I257,view,2026-07-28 06:18:32.033007
U722,I158,like,2026-06-05 22:14:32.033021
U378,I433,comment,2026-07-10 00:23:32.033034
U565,I66,view,2026-07-22 22:35:32.033046
U570,I418,comment,2026-07-20 00:39:32.033059
U719,I326,like,2026-06-15 16:11:32.033071
U674,I153,view,2026-07-16 00:27:32.033083
U641,I172,like,2026-06-10 01:55:32.033095
U238,I451,view,2026-06-22 17:19:32.033108
U408,I99,view,2026-07-24 18:22:32.033120
U764,I129,comment,2026-07-07 07:53:32.033133
U617,I386,like,2026-06-25 05:05:32.033146
U122,I131,comment,2026-06-17 13:37:32.033160
U543,I200,like,2026-07-30 07:43:32.033173
U619,I364,comment,2026-07-12 17:28:32.033185
U230,I93,view,2026-06-22 05:36:32.033198
U726,I456,like,2026-08-04 20:22:32.033212
U352,I339,like,2026-08-09 19:34:32.033225
U490,I8,comment,2026-06-18 03:14:32.033238
U817,I53,view,2026-08-07 23:15:32.033250
U815,I149,view,2026-06-24 21:02:32.033263
U712,I254,view,2026-07-04 03:55:32.033275
U966,I11,like,2026-07-10 03:55:32.033287
U63,I263,view,2026-06-14 19:49:32.033299
U820,I115,like,2026-07-17 14:32:32.033312
U828,I163,like,2026-07-26 12:11:32.033324
U620,I270,like,2026-06-17 22:55:32.033337
U661,I380,comment,2026-07-11 05:48:32.033349
U279,I385,like,2026-06-26 14:20:32.033362
U213,I102,comment,2026-06-21 20:29:32.033374
U533,I55,comment,2026-06-13 14:42:32.033387
U503,I385,view,2026-07-14 20:05:32.033399
U148,I452,comment,2026-08-09 16:21:32.033412
U468,I411,comment,2026-07-22 14:12:32.033426
U538,I432,like,2026-08-07 15:52:32.033438
U840,I102,view,2026-07-10 11:16:32.033451
U845,I344,like,2026-06-13 15:14:32.033463
U728,I410,like,2026-07-02 11:36:32.033475
U520,I219,comment,2026-07-02 04:40:32.033488
U887,I170,comment,2026-08-11 18:42:32.033500
U35,I397,comment,2026-07-25 12:40:32.033513
U995,I383,comment,2026-06-28 18:18:32.033525
U814,I464,view,2026-06-15 06:43:32.033538
U914,I419,comment,2026-06-07 22:27:32.033550
U61,I333,like,2026-07-07 02:38:32.033564
U879,I231,like,2026-07-23 01:20:32.033576
U398,I34,comment,2026-07-26 09:05:32.033589
U995,I129,comment,2026-07-17 06:28:32.033601
U86,I182,like,2026-07-03 06:41:32.033614
U752,I114,like,2026-06-16 18:42:32.033626
U323,I223,comment,2026-06-08 07:37:32.033638
U65,I328,comment,2026-06-26 13:34:32.033650
U902,I393,view,2026-07-28 14:37:32.033662
U983,I358,comment,2026-06-13 10:23:32.033675
U247,I213,comment,2026-06-23 03:56:32.033687
U350,I38,comment,2026-06-24 19:39:32.033702
U165,I356,comment,2026-06-10 19:54:32.033715
U370,I381,comment,2026-06-29 16:21:32.033727
U207,I30,comment,2026-08-05 14:44:32.033739
U266,I445,comment,2026-08-09 03:34:32.033751
U81,I252,view,2026-07-19 15:06:32.033764
U784,I44,view,2026-07-08 10:33:32.033776
U313,I13,view,2026-08-06 08:29:32.033790
U62,I422,view,2026-06-19 07:06:32.033803
U158,I167,comment,2026-06-11 05:55:32.033815
U523,I404,like,2026-06-11 05:21:32.033829
U337,I474,view,2026-06-13 05:36:32.033842
U942,I218,like,2026-07-02 05:26:32.033855
U532,I127,view,2026-06-22 03:30:32.033868
U485,I244,comment,2026-07-08 00:33:32.033880
U336,I133,like,2026-07-30 15:06:32.033892
U229,I152,comment,2026-06-03 11:34:32.033905
U124,I144,comment,2026-08-01 09:53:32.033919
U907,I98,comment,2026-07-18 00:35:32.033931
U674,I449,like,2026-07-31 04:59:32.033944
U544,I331,like,2026-07-04 18:31:32.033957
U838,I182,view,2026-07-03 13:16:32.033969
U987,I175,like,2026-06-20 22:38:32.033981
U228,I467,view,2026-07-08 13:40:32.033994
U490,I185,comment,2026-07-26 13:30:32.034006
U465,I189,comment,2026-07-11 18:56:32.034018
U690,I422,comment,2026-08-10 13:40:32.034030
U239,I398,comment,2026-06-19 15:53:32.034043
U649,I495,view,2026-06-04 00:30:32.034055
U993,I293,like,2026-06-17 18:13:32.034068
U459,I184,view,2026-07-10 05:51:32.034080
U337,I121,comment,2026-06-13 01:23:32.034092
U305,I321,like,2026-07-26 08:08:32.034105
U702,I25,view,2026-07-18 23:37:32.034118
U448,I17,comment,2026-07-19 10:28:32.034130
U906,I133,comment,2026-07-06 15:09:32.034142
U366,I258,view,2026-06-09 06:31:32.034154
U205,I312,view,2026-06-08 09:30:32.034167
U874,I494,like,2026-08-05 15:17:32.034179
U967,I287,view,2026-06-13 04:59:32.034191
U479,I197,view,2026-06-17 14:40:32.034204
U168,I427,comment,2026-08-06 03:35:32.034218
U279,I439,like,2026-06-26 06:43:32.034231
U553,I169,view,2026-07-29 11:24:32.034246
U886,I445,view,2026-07-01 19:19:32.034259
U64,I435,comment,2026-06-10 01:30:32.034274
U530,I119,comment,2026-06-13 12:53:32.034287
U995,I332,comment,2026-07-22 09:05:32.034300
U25,I67,view,2026-06-16 09:50:32.034312
U705,I339,comment,2026-06-07 14:05:32.034324
U245,I281,comment,2026-07-14 13:10:32.034336
U276,I446,like,2026-07-17 07:39:32.034349
U62,I79,view,2026-07-19 05:01:32.034361
U839,I454,view,2026-08-11 03:47:32.034374
U308,I357,comment,2026-06-25 21:43:32.034386
U537,I197,view,2026-06-06 22:21:32.034399
U911,I321,view,2026-06-08 02:14:32.034411
U980,I285,view,2026-06-16 05:36:32.034424
U47,I276,view,2026-07-01 17:55:32.034436
U410,I102,comment,2026-06-13 00:22:32.034449
U178,I249,like,2026-07-14 20:35:32.034462
U449,I412,comment,2026-08-02 09:39:32.034474
U114,I179,comment,2026-06-22 18:46:32.034486
U467,I99,comment,2026-06-23 22:51:32.034498
U87,I174,comment,2026-07-31 16:10:32.034511
U859,I452,comment,2026-07-28 13:19:32.034523
U66,I379,comment,2026-07-23 13:40:32.034535
U387,I477,comment,2026-08-04 00:32:32.034547
U240,I379,view,2026-06-07 01:40:32.034560
U507,I101,like,2026-07-16 06:36:32.034572
U20,I357,view,2026-07-23 05:12:32.034584
U927,I38,view,2026-06-09 22:49:32.034599
U863,I60,comment,2026-07-04 03:12:32.034611
U425,I443,view,2026-07-31 21:12:32.034626
U434,I86,comment,2026-06-04 20:43:32.034641
U690,I338,comment,2026-06-16 15:24:32.034653
U741,I279,view,2026-06-07 00:36:32.034666
U591,I329,view,2026-07-03 13:10:32.034678
U491,I450,comment,2026-07-27 03:36:32.034691
U958,I377,like,2026-06-27 02:53:32.034703
U141,I92,comment,2026-06-30 13:23:32.034716
U583,I498,view,2026-06-15 11:44:32.034728
U185,I64,comment,2026-06-27 20:44:32.034740
U414,I333,view,2026-07-04 06:35:32.034753
U450,I21,view,2026-07-01 08:10:32.034765
U104,I200,comment,2026-08-03 11:00:32.034780
U653,I137,view,2026-06-12 05:58:32.034792
U584,I183,comment,2026-06-17 08:06:32.034804
U144,I170,comment,2026-06-23 23:22:32.034817
U379,I354,like,2026-07-25 07:56:32.034829
U979,I161,like,2026-06-18 10:23:32.034841
U514,I28,like,2026-06-16 09:04:32.034854
U193,I149,like,2026-07-22 13:28:32.034866
U795,I226,like,2026-07-19 23:22:32.034878
U349,I137,like,2026-07-16 19:18:32.034891
U489,I426,like,2026-08-05 20:55:32.034903
U354,I448,comment,2026-06-25 16:37:32.034924
U190,I439,like,2026-08-05 19:20:32.034937
U570,I57,view,2026-07-12 11:59:32.034949
U86,I227,like,2026-06-17 21:15:32.034962
U991,I0,comment,2026-08-09 11:09:32.034974
U445,I233,comment,2026-06-13 09:08:32.034987
U437,I499,view,2026-06-17 16:45:32.035001
U202,I423,like,2026-07-23 18:15:32.035014
U99,I406,comment,2026-07-15 17:34:32.035026
U320,I124,view,2026-07-24 22:50:32.035040
U197,I204,comment,2026-07-28 03:30:32.035053
U357,I165,like,2026-07-22 13:02:32.035066
U984,I184,like,2026-07-20 16:58:32.035078
U711,I470,view,2026-06-04 19:22:32.035090
U741,I494,like,2026-06-06 03:13:32.035103
U90,I16,like,2026-07-28 05:22:32.035115
U345,I485,comment,2026-06-09 06:56:32.035127
U413,I230,comment,2026-06-18 14:31:32.035140
U70,I149,view,2026-06-19 05:48:32.035152
U684,I309,comment,2026-06-20 20:57:32.035165
U781,I436,comment,2026-06-29 22:34:32.035178
U43,I119,like,2026-06-08 20:30:32.035190
U824,I245,like,2026-07-10 00:43:32.035202
U438,I272,view,2026-06-06 18:59:32.035215
U128,I189,view,2026-07-24 23:25:32.035227
U191,I21,like,2026-07-18 15:26:32.035240
U820,I472,like,2026-07-12 19:37:32.035252
U313,I189,comment,2026-07-25 06:25:32.035264
U804,I202,comment,2026-06-16 18:08:32.035276
U522,I263,view,2026-07-21 20:33:32.035289
U447,I256,comment,2026-07-21 10:01:32.035301
U429,I323,comment,2026-06-11 22:24:32.035316
U319,I368,comment,2026-06-20 01:56:32.035328
U519,I448,like,2026-08-09 01:39:32.035340
U677,I206,like,2026-06-04 10:06:32.035355
U135,I401,comment,2026-07-02 00:17:32.035368
U779,I98,view,2026-07-30 02:59:32.035380
U648,I13,comment,2026-06-08 05:37:32.035392
U803,I11,comment,2026-07-30 00:49:32.035405
U888,I297,comment,2026-07-29 11:14:32.035420
U630,I312,like,2026-06-03 23:43:32.035432
U78,I45,view,2026-07-26 21:51:32.035447
U272,I228,comment,2026-07-23 11:49:32.035459
U657,I389,view,2026-07-11 18:37:32.035472
U51,I220,view,2026-06-12 10:06:32.035484
U494,I277,like,2026-08-06 09:26:32.035496
U589,I296,view,2026-07-23 23:40:32.035508
U514,I245,like,2026-08-01 00:45:32.035521
U96,I70,like,2026-07-23 05:08:32.035534
U523,I77,view,2026-06-18 22:38:32.035547
U629,I258,like,2026-06-19 08:31:32.035559
U774,I420,view,2026-08-08 02:33:32.035572
U107,I188,like,2026-06-12 04:03:32.035585
U973,I399,view,2026-07-09 09:03:32.035597
U636,I178,comment,2026-06-28 05:24:32.035610
U436,I40,comment,2026-06-21 23:14:32.035622
U770,I31,view,2026-06-15 15:56:32.035635
U397,I262,like,2026-07-21 05:11:32.035648
U39,I158,view,2026-08-09 00:41:32.035661
U6,I442,comment,2026-06-10 17:47:32.035674
U713,I138,comment,2026-06-25 10:15:32.035686
U17,I40,view,2026-07-24 13:50:32.035698
U121,I419,comment,2026-07-23 14:33:32.035714
U939,I123,comment,2026-08-11 17:51:32.035727
U937,I183,comment,2026-07-18 23:39:32.035740
U200,I95,like,2026-06-05 21:32:32.035753
U903,I55,like,2026-07-11 12:25:32.035767
U272,I294,comment,2026-06-16 10:46:32.035779
U646,I378,view,2026-06-13 23:24:32.035792
U638,I66,view,2026-08-04 08:50:32.035804
U776,I349,comment,2026-06-18 15:40:32.035817
U753,I495,like,2026-06-18 13:18:32.035830
U388,I431,view,2026-06-12 22:40:32.035844
U48,I308,like,2026-07-21 10:44:32.035857
U388,I149,like,2026-06-28 05:19:32.035871
U658,I213,comment,2026-06-09 04:12:32.035883
U582,I65,like,2026-07-09 06:43:32.035895
U587,I154,view,2026-06-15 01:56:32.035908
U208,I402,comment,2026-08-09 13:14:32.035920
U922,I291,like,2026-08-05 01:10:32.035932
U430,I422,view,2026-08-10 14:17:32.035945
U109,I387,like,2026-07-11 20:31:32.035957
U915,I421,view,2026-07-23 02:37:32.035969
U759,I213,like,2026-06-16 00:41:32.035981
U394,I149,like,2026-06-17 10:46:32.035993
U306,I186,view,2026-07-25 00:39:32.036005
U670,I136,view,2026-06-27 23:13:32.036018
U212,I64,like,2026-08-11 13:28:32.036030
U870,I298,comment,2026-08-08 19:04:32.036042
U968,I59,comment,2026-07-24 22:50:32.036055
U342,I103,view,2026-08-09 04:41:32.036067
U367,I112,like,2026-07-11 12:44:32.036082
U988,I221,view,2026-07-27 02:31:32.036095
U949,I157,view,2026-06-21 19:21:32.036107
U559,I379,view,2026-06-13 22:53:32.036120
U989,I352,view,2026-08-10 05:53:32.036132
U884,I409,comment,2026-06-18 14:08:32.036144
U507,I22,comment,2026-07-05 08:23:32.036156
U282,I282,view,2026-07-12 18:04:32.036169
U330,I182,like,2026-06-10 15:36:32.036181
U414,I291,view,2026-07-23 16:32:32.036193
U166,I367,comment,2026-08-08 22:58:32.036205
U863,I170,view,2026-07-01 19:55:32.036220
U774,I405,view,2026-07-16 12:12:32.036232
U102,I41,view,2026-06-21 08:05:32.036248
U209,I189,like,2026-06-21 05:46:32.036260
U100,I320,like,2026-07-21 11:49:32.036272
U525,I329,view,2026-08-05 03:12:32.036284
U710,I202,comment,2026-06-27 12:55:32.036296
U451,I351,like,2026-06-15 23:48:32.036308
U888,I347,comment,2026-07-28 17:00:32.036320
U74,I259,comment,2026-06-11 06:15:32.036341
U516,I435,comment,2026-06-24 12:46:32.036361
U896,I366,like,2026-07-19 01:28:32.036375
U711,I96,view,2026-07-19 03:04:32.036387
U147,I302,like,2026-08-08 20:31:32.036400
U811,I263,view,2026-06-12 17:30:32.036413
U543,I300,like,2026-07-13 02:35:32.036429
U792,I466,view,2026-06-15 02:03:32.036442
U332,I247,view,2026-07-24 15:18:32.036461
U623,I366,view,2026-08-07 17:29:32.036474
U196,I244,like,2026-07-23 07:43:32.036487
U463,I241,like,2026-06-04 10:15:32.036500
U84,I78,like,2026-07-09 07:35:32.036512
U990,I282,view,2026-07-05 13:23:32.036524
U580,I328,view,2026-07-14 23:48:32.036536
U531,I181,like,2026-06-09 20:29:32.036548
U63,I233,comment,2026-06-25 10:55:32.036561
U469,I485,view,2026-08-04 18:22:32.036573
U823,I96,comment,2026-08-09 19:00:32.036585
U740,I303,comment,2026-06-09 21:40:32.036598
U669,I60,comment,2026-08-10 12:50:32.036610
U327,I29,view,2026-08-05 06:55:32.036622
U566,I51,like,2026-06-08 04:03:32.036635
U864,I363,comment,2026-08-05 00:13:32.036647
U506,I449,like,2026-08-11 14:50:32.036659
U38,I495,comment,2026-06-25 23:35:32.036674
U839,I183,comment,2026-06-06 13:18:32.036686
U672,I55,view,2026-06-05 09:11:32.036698
U138,I349,like,2026-06-12 06:18:32.036711
U256,I259,like,2026-08-11 01:38:32.036723
U895,I371,view,2026-07-16 22:39:32.036736
U694,I166,like,2026-07-13 20:35:32.036748
U334,I452,like,2026-06-09 03:25:32.036760
U585,I197,like,2026-07-13 09:57:32.036773
U862,I184,comment,2026-08-04 16:53:32.036785
U278,I137,like,2026-07-28 16:34:32.036797
U679,I492,view,2026-06-09 19:27:32.036813
U798,I375,view,2026-06-23 11:48:32.036825
U456,I31,like,2026-08-06 12:03:32.036838
U626,I97,view,2026-07-31 01:44:32.036850
U124,I170,like,2026-06-19 05:42:32.036862
U261,I55,comment,2026-07-03 13:45:32.036874
U112,I56,like,2026-07-14 19:21:32.036887
U527,I496,like,2026-07-28 11:48:32.036899
U256,I384,view,2026-08-08 09:26:32.036912
U613,I207,view,2026-07-11 15:09:32.036931
U950,I387,like,2026-06-11 05:34:32.036944
U421,I416,like,2026-07-30 20:14:32.036956
U126,I198,comment,2026-06-07 19:27:32.036971
U577,I152,view,2026-08-03 19:39:32.036984
U938,I359,view,2026-08-06 08:09:32.036996
U1,I39,like,2026-07-27 20:11:32.037008
U726,I106,like,2026-06-09 11:33:32.037021
U23,I62,comment,2026-07-01 10:33:32.037033
U593,I422,comment,2026-07-12 03:13:32.037045
U377,I320,comment,2026-06-13 14:51:32.037060
U475,I463,like,2026-07-25 20:00:32.037073
U226,I280,view,2026-06-13 22:17:32.037089
U817,I98,comment,2026-06-26 20:55:32.037101
U314,I50,comment,2026-07-20 21:50:32.037114
U314,I144,comment,2026-07-27 08:54:32.037126
U179,I410,view,2026-08-09 18:33:32.037138
U767,I249,comment,2026-06-12 12:49:32.037151
U617,I329,like,2026-07-14 06:30:32.037163
U204,I262,view,2026-06-06 08:25:32.037177
U585,I398,view,2026-08-10 14:14:32.037190
U350,I373,view,2026-07-09 09:47:32.037203
U7,I314,view,2026-07-18 05:26:32.037216
U165,I268,view,2026-08-05 13:55:32.037228
U446,I278,like,2026-07-06 16:10:32.037240
U156,I169,comment,2026-06-28 01:33:32.037253
U183,I43,like,2026-06-09 02:29:32.037265
U513,I251,like,2026-06-30 08:06:32.037277
U293,I488,like,2026-08-07 05:51:32.037289
U852,I480,comment,2026-06-19 18:23:32.037302
U81,I469,comment,2026-06-05 08:54:32.037314
U471,I463,view,2026-06-26 12:11:32.037327
U765,I428,view,2026-08-04 04:18:32.037339
U382,I173,comment,2026-08-03 13:01:32.037352
U565,I159,view,2026-07-10 07:28:32.037364
U735,I499,comment,2026-07-27 14:08:32.037377
U637,I217,comment,2026-07-20 08:48:32.037389
U641,I162,like,2026-07-30 07:06:32.037401
U98,I247,like,2026-07-31 03:53:32.037413
U564,I156,like,2026-07-18 18:11:32.037426
U795,I268,comment,2026-06-14 07:05:32.037438
U686,I87,view,2026-06-24 03:49:32.037451
U61,I339,like,2026-08-09 18:50:32.037464
U912,I79,view,2026-08-04 21:48:32.037479
U658,I475,comment,2026-07-27 03:30:32.037492
U393,I160,like,2026-06-13 07:47:32.037506
U663,I124,view,2026-07-18 22:06:32.037519
U149,I16,comment,2026-06-15 22:23:32.037531
U343,I430,comment,2026-06-25 21:25:32.037546
U771,I56,like,2026-08-02 02:54:32.037558
U297,I185,comment,2026-07-30 08:17:32.037571
U738,I190,like,2026-08-06 07:41:32.037583
U223,I30,like,2026-07-17 06:56:32.037599
U870,I33,like,2026-08-10 09:46:32.037611
U15,I59,like,2026-07-23 15:11:32.037623
U67,I144,comment,2026-07-15 07:27:32.037636
U852,I157,like,2026-08-04 05:14:32.037648
U288,I127,comment,2026-06-14 09:05:32.037660
U489,I257,view,2026-06-11 05:08:32.037673
U28,I493,comment,2026-07-12 06:22:32.037685
U679,I465,view,2026-07-30 06:18:32.037697
U756,I68,comment,2026-06-29 15:57:32.037710
U24,I482,view,2026-07-31 06:47:32.037722
U437,I27,view,2026-07-15 00:00:32.037734
U576,I238,comment,2026-06-16 03:07:32.037746
U957,I333,comment,2026-06-17 01:47:32.037758
U597,I376,view,2026-07-01 21:12:32.037771
U712,I94,comment,2026-07-06 03:57:32.037783
U687,I302,comment,2026-06-13 20:28:32.037795
U798,I156,like,2026-08-06 00:57:32.037807
U216,I178,like,2026-07-02 01:40:32.037820
U707,I222,comment,2026-06-16 13:39:32.037832
U637,I194,comment,2026-07-27 13:12:32.037845
U717,I228,view,2026-07-06 03:52:32.037857
U194,I111,view,2026-07-05 10:24:32.037871
U518,I13,like,2026-07-02 12:28:32.037886
U115,I466,like,2026-06-16 18:24:32.037900
U884,I144,comment,2026-07-14 05:39:32.037912
U48,I336,comment,2026-06-15 00:48:32.037925
U188,I65,like,2026-08-03 04:07:32.037937
U67,I73,comment,2026-08-11 02:02:32.037950
U749,I144,like,2026-07-31 03:04:32.037962
U979,I358,comment,2026-06-20 22:58:32.037975
U742,I114,like,2026-06-13 18:20:32.037987
U734,I465,like,2026-07-23 16:43:32.037999
U782,I282,like,2026-07-15 02:42:32.038011
U237,I108,like,2026-07-05 20:26:32.038023
U916,I486,like,2026-07-03 13:37:32.038036
U415,I378,view,2026-06-12 08:25:32.038050
U482,I157,view,2026-07-14 20:27:32.038063
U933,I449,comment,2026-06-19 20:06:32.038075
U498,I20,comment,2026-08-01 09:54:32.038087
U114,I309,view,2026-06-07 12:23:32.038099
U593,I169,like,2026-08-01 19:48:32.038112
U120,I189,comment,2026-06-23 05:04:32.038124
U924,I232,like,2026-07-20 23:57:32.038137
U596,I30,like,2026-06-27 19:15:32.038149
U120,I164,view,2026-07-09 06:00:32.038161
U958,I472,view,2026-07-06 08:44:32.038174
U10,I93,comment,2026-07-15 09:30:32.038186
U133,I107,comment,2026-07-26 15:41:32.038198
U741,I430,comment,2026-07-11 23:36:32.038211
U816,I260,view,2026-06-07 04:15:32.038223
U292,I364,comment,2026-06-05 09:45:32.038235
U594,I435,like,2026-07-02 05:43:32.038250
U70,I415,comment,2026-06-30 19:24:32.038262
U662,I282,comment,2026-07-11 07:16:32.038274
U885,I13,view,2026-06-11 20:13:32.038288
U23,I182,view,2026-06-09 16:32:32.038301
U470,I321,like,2026-08-05 16:31:32.038313
U910,I499,comment,2026-06-24 17:12:32.038326
U264,I323,comment,2026-07-17 10:17:32.038338
U50,I30,like,2026-06-06 02:04:32.038350
U499,I422,comment,2026-06-26 12:08:32.038362
U616,I130,like,2026-07-17 16:39:32.038375
U314,I479,like,2026-07-02 15:22:32.038387
U622,I422,like,2026-07-05 21:01:32.038399
U399,I219,like,2026-07-16 17:54:32.038411
U316,I275,comment,2026-06-05 23:10:32.038424
U469,I59,like,2026-06-23 19:28:32.038437
U536,I38,comment,2026-08-05 15:45:32.038449
U538,I86,view,2026-06-28 06:02:32.038461
U734,I225,view,2026-07-22 18:49:32.038473
U302,I421,comment,2026-06-30 15:07:32.038486
U295,I301,comment,2026-07-02 22:49:32.038498
U995,I265,view,2026-07-16 06:47:32.038511
U383,I358,like,2026-06-30 16:57:32.038523
U917,I120,view,2026-07-20 18:33:32.038536
U657,I324,view,2026-08-02 12:24:32.038548
U655,I264,view,2026-08-02 07:34:32.038560
U325,I212,comment,2026-07-13 01:26:32.038573
U875,I145,like,2026-07-23 09:19:32.038588
U810,I171,comment,2026-06-15 16:22:32.038603
U785,I447,view,2026-07-10 19:14:32.038615
U351,I338,comment,2026-06-18 11:26:32.038628
U467,I326,like,2026-06-06 22:38:32.038640
U471,I307,view,2026-08-06 06:39:32.038653
U487,I457,comment,2026-06-14 09:39:32.038665
U56,I426,comment,2026-06-15 09:44:32.038680
U655,I191,comment,2026-07-23 16:11:32.038693
U27,I10,like,2026-06-28 16:37:32.038708
U200,I53,comment,2026-08-02 08:04:32.038720
U154,I241,like,2026-07-10 20:14:32.038732
U601,I89,like,2026-06-14 17:33:32.038745
U187,I294,view,2026-06-22 09:16:32.038757
U365,I195,comment,2026-06-09 23:13:32.038769
U130,I132,like,2026-07-09 10:51:32.038782
U374,I175,view,2026-06-15 19:25:32.038795
U166,I167,like,2026-06-27 11:56:32.038807
U480,I147,view,2026-06-24 10:16:32.038820
U363,I220,comment,2026-07-28 15:10:32.038832
U945,I332,comment,2026-07-14 19:04:32.038845
U934,I79,view,2026-07-18 06:53:32.038857
U221,I224,comment,2026-07-28 18:34:32.038869
U517,I381,like,2026-07-28 19:43:32.038881
U24,I94,like,2026-08-07 03:56:32.038894
U281,I37,like,2026-07-04 17:59:32.038906
U299,I463,view,2026-07-05 21:27:32.038926
U42,I234,like,2026-07-08 14:37:32.038939
U348,I80,view,2026-08-06 05:11:32.038951
U976,I424,view,2026-08-02 02:33:32.038963
U741,I142,view,2026-06-30 20:11:32.038978
U429,I24,view,2026-07-05 09:42:32.038991
U462,I486,like,2026-07-02 20:42:32.039003
U174,I191,like,2026-08-06 19:57:32.039016
U587,I122,like,2026-08-01 03:55:32.039028
U752,I293,comment,2026-07-07 08:37:32.039040
U737,I429,view,2026-07-25 01:43:32.039052
U808,I91,like,2026-07-08 17:54:32.039065
U750,I0,comment,2026-06-06 13:00:32.039077
U355,I21,comment,2026-06-21 02:27:32.039092
U397,I466,view,2026-08-01 12:00:32.039104
U689,I369,comment,2026-06-23 14:07:32.039116
U532,I129,comment,2026-06-11 21:33:32.039131
U359,I64,like,2026-07-06 16:53:32.039144
U256,I297,comment,2026-08-05 06:16:32.039156
U105,I463,view,2026-08-09 08:26:32.039169
U819,I17,view,2026-07-27 07:12:32.039181
U33,I275,view,2026-07-08 16:08:32.039194
U503,I206,view,2026-08-08 17:30:32.039206
U304,I29,comment,2026-07-29 17:53:32.039219
U250,I484,like,2026-08-03 00:58:32.039231
U856,I185,like,2026-06-09 10:23:32.039244
U986,I425,comment,2026-07-14 03:45:32.039256
U127,I308,comment,2026-06-29 19:11:32.039268
U604,I405,like,2026-06-20 08:25:32.039281
U417,I14,comment,2026-06-25 05:26:32.039293
U440,I181,like,2026-08-04 11:52:32.039306
U972,I138,view,2026-07-23 13:18:32.039318
U276,I460,like,2026-07-26 11:52:32.039333
U33,I253,like,2026-07-16 17:27:32.039346
U222,I40,view,2026-08-07 17:07:32.039358
U954,I233,comment,2026-07-27 12:10:32.039371
U169,I73,view,2026-06-30 08:16:32.039383
U259,I316,view,2026-07-12 13:40:32.039395
U934,I259,view,2026-07-25 07:30:32.039407
U751,I204,comment,2026-07-16 03:47:32.039420
U168,I276,view,2026-07-06 15:37:32.039432
U33,I42,comment,2026-07-07 03:54:32.039444
U907,I353,view,2026-06-29 22:41:32.039457
U683,I443,view,2026-07-01 20:28:32.039469
U978,I109,view,2026-06-25 20:54:32.039484
U58,I60,like,2026-08-06 00:44:32.039499
U825,I105,like,2026-06-13 09:40:32.039511
U358,I88,view,2026-06-19 23:47:32.039523
U154,I483,like,2026-06-24 14:59:32.039536
U227,I186,like,2026-07-29 08:47:32.039548
U215,I238,comment,2026-07-12 07:14:32.039560
U45,I138,comment,2026-06-25 02:40:32.039573
U821,I15,comment,2026-06-13 09:30:32.039585
U247,I322,like,2026-07-18 19:23:32.039597
U285,I281,view,2026-06-17 08:35:32.039609
U408,I281,comment,2026-07-05 12:50:32.039622
U35,I142,like,2026-06-07 22:36:32.039634
U173,I214,like,2026-07-06 18:52:32.039646
U741,I380,comment,2026-07-13 06:16:32.039660
U646,I159,like,2026-06-30 07:37:32.039672
U599,I126,like,2026-06-12 21:03:32.039686
U602,I292,comment,2026-08-06 18:19:32.039699
U135,I61,comment,2026-06-11 19:36:32.039711
U390,I39,view,2026-07-07 17:47:32.039723
U627,I424,view,2026-06-03 20:22:32.039736
U35,I159,comment,2026-06-11 21:40:32.039748
U389,I37,like,2026-07-29 06:53:32.039760
U988,I312,comment,2026-06-12 13:49:32.039772
U776,I332,view,2026-07-09 10:49:32.039784
U269,I150,like,2026-06-19 09:39:32.039797
U766,I22,comment,2026-07-24 18:33:32.039809
U501,I238,like,2026-07-27 15:15:32.039821
U632,I338,comment,2026-07-01 02:35:32.039833
U946,I449,like,2026-07-12 18:45:32.039846
U10,I105,comment,2026-07-05 04:33:32.039858
U797,I423,like,2026-07-21 04:47:32.039870
U972,I230,like,2026-06-04 07:00:32.039883
U280,I203,view,2026-07-18 09:23:32.039897
U790,I166,comment,2026-08-10 22:59:32.039909
U301,I275,comment,2026-08-03 23:11:32.039922
U87,I299,view,2026-08-08 23:27:32.039934
U933,I207,comment,2026-06-04 07:36:32.039946
U402,I374,like,2026-07-26 19:37:32.039959
U882,I95,view,2026-07-06 00:51:32.039971
U496,I309,like,2026-06-03 14:37:32.039983
U118,I39,comment,2026-06-26 12:45:32.039996
U344,I58,like,2026-07-11 04:33:32.040009
U617,I364,like,2026-06-10 19:04:32.040021
U465,I91,view,2026-08-04 19:23:32.040037
U415,I305,comment,2026-07-30 02:59:32.040051
U781,I74,like,2026-06-17 14:07:32.040063
U145,I473,comment,2026-07-20 08:55:32.040076
U559,I131,like,2026-06-22 14:12:32.040088
U453,I169,comment,2026-07-07 07:26:32.040101
U88,I250,comment,2026-07-08 18:09:32.040114
U695,I248,like,2026-07-28 06:43:32.040126
U685,I132,comment,2026-06-25 10:16:32.040138
U919,I418,view,2026-07-21 09:24:32.040151
U446,I221,like,2026-06-27 08:28:32.040164
U599,I286,like,2026-07-21 10:50:32.040176
U678,I144,like,2026-06-26 01:37:32.040189
U205,I375,like,2026-06-29 21:05:32.040204
U523,I111,comment,2026-06-14 23:41:32.040217
U115,I180,view,2026-06-20 09:01:32.040229
U186,I436,comment,2026-07-05 02:10:32.040242
U534,I207,comment,2026-06-14 04:09:32.040254
U530,I12,view,2026-08-09 19:38:32.040266
U492,I301,comment,2026-07-04 20:51:32.040279
U343,I122,like,2026-08-09 12:50:32.040294
U50,I95,like,2026-06-28 17:29:32.040309
U373,I6,view,2026-07-24 11:20:32.040321
U708,I209,view,2026-08-10 09:33:32.040333
U287,I240,like,2026-06-16 12:12:32.040346
U159,I286,like,2026-07-21 10:55:32.040358
U916,I113,comment,2026-08-03 21:56:32.040370
U271,I72,view,2026-08-01 16:29:32.040382
U221,I411,comment,2026-07-16 13:20:32.040395
U460,I421,like,2026-06-27 10:17:32.040409
U847,I291,like,2026-06-20 03:36:32.040421
U179,I323,like,2026-06-10 11:03:32.040434
U417,I370,view,2026-06-27 00:30:32.040446
U637,I142,view,2026-07-13 00:02:32.040459
U266,I80,comment,2026-07-04 21:56:32.040471
U759,I448,like,2026-06-17 05:47:32.040483
U252,I373,view,2026-06-03 13:52:32.040495
U252,I481,comment,2026-06-06 07:10:32.040508
U587,I446,view,2026-07-23 07:54:32.040520
U144,I385,comment,2026-08-09 02:55:32.040532
U695,I241,like,2026-06-25 22:48:32.040544
U87,I400,view,2026-07-11 08:57:32.040556
U626,I257,like,2026-06-15 10:21:32.040569
U931,I341,comment,2026-08-04 23:28:32.040581
U680,I256,like,2026-06-19 04:08:32.040593
U818,I259,like,2026-06-18 05:42:32.040606
U547,I287,view,2026-08-06 03:40:32.040618
U269,I9,view,2026-07-23 21:54:32.040636
U236,I201,view,2026-07-26 17:19:32.040657
U448,I75,comment,2026-07-15 07:57:32.040671
U337,I424,like,2026-07-25 22:21:32.040683
U495,I184,view,2026-07-19 06:12:32.040696
U139,I199,comment,2026-07-21 15:55:32.040712
U816,I68,view,2026-06-08 18:38:32.040846
U727,I361,comment,2026-07-26 11:58:32.040862
U189,I458,like,2026-08-02 13:21:32.040874
U819,I161,comment,2026-07-21 03:49:32.040907
U149,I163,like,2026-08-03 01:32:32.040922
U401,I316,view,2026-07-25 18:10:32.040944
U795,I447,like,2026-06-21 06:00:32.040957
U954,I464,comment,2026-07-19 17:58:32.040969
U370,I49,like,2026-06-08 16:42:32.040982
U681,I202,comment,2026-06-08 21:45:32.040994
U799,I400,like,2026-07-04 09:55:32.041006
U4,I279,comment,2026-07-27 00:59:32.041019
U793,I491,comment,2026-06-18 20:47:32.041032
U802,I166,like,2026-07-22 09:02:32.041044
U204,I297,comment,2026-07-04 01:09:32.041058
U832,I369,like,2026-06-05 21:22:32.041071
U973,I174,comment,2026-07-13 08:50:32.041083
U864,I76,view,2026-06-20 11:57:32.041095
U415,I202,view,2026-07-15 02:04:32.041108
U928,I491,comment,2026-08-05 20:27:32.041120
U999,I348,like,2026-06-26 05:25:32.041133
U87,I108,like,2026-06-12 21:47:32.041145
U3,I232,like,2026-07-25 05:41:32.041157
U754,I293,like,2026-06-19 18:30:32.041169
U726,I44,view,2026-07-18 21:15:32.041182
U996,I204,comment,2026-07-09 14:44:32.041194
U881,I27,comment,2026-07-23 01:15:32.041207
U443,I297,view,2026-06-12 08:32:32.041219
U878,I260,comment,2026-08-06 01:35:32.041231
U993,I193,comment,2026-06-05 17:04:32.041243
U890,I215,view,2026-07-10 00:05:32.041256
U363,I317,view,2026-06-04 08:42:32.041273
U594,I38,view,2026-07-08 07:50:32.041288
U844,I211,view,2026-07-02 12:37:32.041300
U415,I31,view,2026-07-26 02:30:32.041312
U141,I101,comment,2026-07-17 19:48:32.041324
U313,I292,view,2026-06-20 15:28:32.041337
U812,I408,comment,2026-06-10 08:46:32.041350
U106,I433,comment,2026-07-21 11:43:32.041362
U461,I341,like,2026-06-05 15:54:32.041375
U275,I100,view,2026-07-19 21:36:32.041387
U997,I79,comment,2026-06-17 13:45:32.041400
U106,I436,comment,2026-07-28 16:39:32.041412
U440,I101,like,2026-06-27 13:17:32.041424
U479,I240,comment,2026-06-08 08:53:32.041437
U922,I139,like,2026-07-26 08:21:32.041451
U148,I50,like,2026-06-10 23:05:32.041464
U308,I67,view,2026-08-02 00:40:32.041476
U829,I366,view,2026-06-29 04:20:32.041489
U196,I498,view,2026-08-03 09:35:32.041501
U684,I375,view,2026-06-20 08:57:32.041514
U28,I469,like,2026-07-19 09:44:32.041526
U454,I104,like,2026-07-01 12:51:32.041538
U334,I51,like,2026-06-12 14:37:32.041550
U180,I302,comment,2026-06-23 15:21:32.041562
U242,I373,view,2026-07-13 01:47:32.041575
U15,I259,view,2026-07-24 02:25:32.041587
U240,I86,comment,2026-08-02 15:04:32.041600
U24,I152,comment,2026-07-23 23:11:32.041612
U753,I489,comment,2026-08-03 20:40:32.041624
U988,I111,comment,2026-06-13 15:37:32.041639
U436,I374,like,2026-06-11 15:48:32.041651
U725,I150,like,2026-08-05 21:01:32.041664
U713,I225,like,2026-06-17 17:22:32.041678
U689,I493,view,2026-08-05 23:03:32.041691
U915,I194,like,2026-07-25 00:41:32.041703
U777,I178,comment,2026-07-02 05:09:32.041715
U643,I43,view,2026-07-10 04:47:32.041728
U892,I133,like,2026-07-20 16:54:32.041740
U959,I327,view,2026-06-26 18:48:32.041753
U967,I460,like,2026-07-13 08:57:32.041765
U309,I55,comment,2026-07-05 11:57:32.041778
U557,I292,like,2026-06-10 02:06:32.041790
U690,I75,like,2026-07-06 14:24:32.041802
U945,I276,like,2026-06-20 23:38:32.041814
U969,I330,view,2026-06-06 18:22:32.041826
U260,I174,view,2026-06-10 05:34:32.041838
U42,I88,view,2026-07-15 04:40:32.041851
U354,I235,like,2026-06-11 10:59:32.041863
U570,I213,view,2026-06-10 07:53:32.041876
U102,I387,view,2026-06-12 09:52:32.041888
U659,I263,like,2026-07-03 22:42:32.041900
U761,I90,comment,2026-07-16 03:10:32.041913
U611,I309,like,2026-08-02 02:43:32.041925
U942,I154,comment,2026-07-20 04:27:32.041938
U747,I214,comment,2026-08-02 17:56:32.041950
U205,I111,view,2026-07-03 08:43:32.041962
U113,I402,like,2026-07-05 02:59:32.041977
U477,I354,comment,2026-07-07 16:41:32.041989
U83,I220,like,2026-07-03 18:03:32.042004
U845,I5,comment,2026-07-18 00:15:32.042016
U246,I115,comment,2026-06-10 18:14:32.042028
U20,I247,view,2026-06-09 15:11:32.042041
U851,I121,comment,2026-06-30 02:04:32.042053
U80,I65,comment,2026-06-09 01:04:32.042066
U265,I247,like,2026-07-04 19:42:32.042081
U620,I385,comment,2026-07-21 01:08:32.042096
U823,I39,like,2026-08-02 00:00:32.042109
U464,I404,view,2026-06-18 16:35:32.042121
U309,I438,like,2026-06-12 11:32:32.042133
U703,I198,view,2026-07-01 18:38:32.042146
U143,I304,comment,2026-07-02 05:00:32.042158
U144,I437,like,2026-07-17 23:55:32.042170
U91,I283,comment,2026-07-27 09:15:32.042183
U627,I100,like,2026-06-16 18:36:32.042195
U774,I54,view,2026-07-08 12:22:32.042207
U910,I227,view,2026-06-15 05:35:32.042219
U463,I160,view,2026-06-10 01:42:32.042231
U958,I285,comment,2026-06-10 00:06:32.042244
U264,I251,comment,2026-08-10 12:48:32.042256
U909,I398,like,2026-06-17 12:48:32.042269
U840,I73,view,2026-07-09 17:38:32.042281
U352,I126,like,2026-07-01 14:16:32.042294
U997,I171,comment,2026-08-11 17:20:32.042306
U266,I200,like,2026-07-03 06:53:32.042319
U114,I151,view,2026-07-21 12:51:32.042332
U554,I432,view,2026-07-18 02:06:32.042344
U50,I116,view,2026-06-30 09:51:32.042359
U128,I432,comment,2026-06-29 10:28:32.042372
U344,I144,comment,2026-07-02 18:46:32.042384
U428,I419,view,2026-06-15 06:47:32.042396
U58,I297,comment,2026-08-03 17:31:32.042409
U264,I66,comment,2026-06-12 18:01:32.042853
U770,I31,view,2026-07-10 17:38:32.042877
U401,I100,comment,2026-06-11 04:33:32.042891
U748,I28,like,2026-06-26 11:04:32.042905
U338,I330,comment,2026-07-28 05:26:32.042923
U519,I386,view,2026-07-25 21:33:32.042951
U194,I59,like,2026-07-29 07:25:32.042964
U632,I317,comment,2026-06-28 13:52:32.042977
U524,I110,comment,2026-07-24 09:14:32.042993
U955,I183,view,2026-06-09 04:22:32.043005
U699,I343,comment,2026-06-16 14:49:32.043018
U592,I55,view,2026-06-30 16:00:32.043031
U903,I396,comment,2026-07-05 13:52:32.043043
U253,I262,comment,2026-06-26 05:54:32.043056
U953,I200,view,2026-06-12 23:36:32.043068
U589,I75,like,2026-07-12 10:07:32.043081
U729,I331,view,2026-07-18 06:40:32.043093
U232,I249,view,2026-07-05 18:54:32.043106
U200,I215,comment,2026-07-26 18:07:32.043118
U514,I254,like,2026-08-04 20:09:32.043131
U472,I415,like,2026-07-03 00:51:32.043144
U379,I440,like,2026-06-14 20:36:32.043156
U350,I305,comment,2026-07-11 05:44:32.043169
U199,I310,comment,2026-07-09 05:13:32.043184
U826,I24,comment,2026-06-12 06:13:32.043196
U581,I266,view,2026-07-12 04:02:32.043209
U514,I398,view,2026-07-31 03:20:32.043221
U621,I134,view,2026-07-05 05:45:32.043235
U241,I400,like,2026-06-17 14:32:32.043247
U587,I374,comment,2026-06-08 18:20:32.043260
U154,I266,comment,2026-07-13 05:25:32.043272
U711,I321,comment,2026-07-31 18:46:32.043284
U457,I297,like,2026-06-09 01:02:32.043297
U852,I393,view,2026-07-15 14:21:32.043309
U934,I112,like,2026-07-14 09:54:32.043322
U918,I289,view,2026-08-01 00:39:32.043334
U269,I81,like,2026-07-10 09:48:32.043351
U258,I158,view,2026-08-08 19:30:32.043364
U593,I205,comment,2026-07-07 09:22:32.043377
U150,I159,like,2026-06-22 17:57:32.043390
U976,I487,comment,2026-06-27 19:27:32.043402
U267,I16,comment,2026-08-09 18:38:32.043415
U971,I398,comment,2026-07-28 08:53:32.043427
U762,I342,view,2026-06-28 16:44:32.043439
U651,I353,comment,2026-08-10 00:52:32.043451
U205,I188,comment,2026-06-30 18:59:32.043464
U441,I194,like,2026-08-07 06:46:32.043477
U987,I231,view,2026-07-02 15:22:32.043490
U584,I415,view,2026-06-28 08:50:32.043502
U328,I39,view,2026-06-14 03:28:32.043515
U0,I298,like,2026-07-06 20:35:32.043528
U720,I335,comment,2026-08-02 20:53:32.043553
U636,I435,comment,2026-08-09 17:29:32.043567
U499,I86,like,2026-07-17 07:14:32.043580
U973,I412,comment,2026-08-02 11:58:32.043593
U371,I371,like,2026-07-18 01:54:32.043606
U121,I364,view,2026-08-06 03:21:32.043618
U511,I25,view,2026-07-28 21:52:32.043631
U577,I77,like,2026-08-07 00:58:32.043644
U601,I73,comment,2026-08-03 19:39:32.043657
U775,I358,like,2026-06-16 13:32:32.043670
U29,I2,like,2026-06-19 13:43:32.043683
U704,I182,like,2026-08-06 00:07:32.043695
U801,I376,like,2026-07-15 04:12:32.043709
U451,I131,view,2026-07-02 06:11:32.043721
U180,I315,view,2026-08-06 20:14:32.043735
U725,I177,comment,2026-07-13 12:33:32.043748
U129,I123,comment,2026-06-26 22:56:32.043761
U192,I355,view,2026-08-09 07:00:32.043776
U258,I313,comment,2026-07-11 10:28:32.043789
U491,I359,comment,2026-07-14 07:33:32.043801
U385,I475,view,2026-07-17 01:19:32.043814
U290,I69,comment,2026-07-21 17:24:32.043827
U200,I107,like,2026-06-15 01:47:32.043840
U571,I278,comment,2026-06-06 08:36:32.043853
U887,I212,comment,2026-08-05 19:20:32.043866
U584,I470,like,2026-07-23 23:23:32.043878
U730,I148,view,2026-07-24 15:26:32.043891
U810,I27,view,2026-07-30 06:47:32.043904
U301,I45,like,2026-08-08 02:06:32.043917
U120,I216,like,2026-07-05 21:57:32.043932
U677,I394,comment,2026-06-12 14:57:32.043944
U878,I378,comment,2026-06-19 21:20:32.043957
U42,I103,comment,2026-06-14 16:27:32.043970
U762,I289,like,2026-07-16 09:01:32.043982
U949,I477,like,2026-06-28 15:46:32.043996
U699,I247,view,2026-06-15 22:05:32.044008
U199,I104,comment,2026-06-07 10:50:32.044021
U703,I333,like,2026-06-04 11:31:32.044035
U725,I322,like,2026-06-03 19:52:32.044048
U720,I427,comment,2026-08-01 17:25:32.044061
U560,I368,like,2026-08-02 17:48:32.044074
U640,I435,view,2026-07-28 07:19:32.044086
U94,I410,comment,2026-06-11 19:10:32.044102
U17,I452,comment,2026-06-12 06:56:32.044114
U192,I291,like,2026-07-22 19:57:32.044127
U68,I270,comment,2026-06-30 20:14:32.044140
U650,I340,view,2026-08-01 12:03:32.044153
U691,I43,view,2026-08-09 08:24:32.044165
U557,I410,like,2026-07-28 19:00:32.044178
U947,I445,like,2026-06-23 12:41:32.044195
U570,I123,comment,2026-06-20 07:05:32.044209
U696,I245,like,2026-06-11 07:47:32.044221
U143,I408,view,2026-07-10 10:33:32.044234
U460,I311,comment,2026-07-21 00:11:32.044247
U801,I183,comment,2026-07-14 15:37:32.044260
U276,I337,like,2026-08-05 12:08:32.044272
U620,I335,view,2026-07-25 14:32:32.044285
U357,I149,comment,2026-06-09 15:59:32.044301
U189,I267,comment,2026-07-20 04:00:32.044314
U606,I289,view,2026-07-07 03:19:32.044326
U166,I156,like,2026-06-12 10:24:32.044339
U160,I118,view,2026-06-08 21:35:32.044351
U268,I495,view,2026-07-29 17:38:32.044365
U58,I115,like,2026-06-29 14:34:32.044377
U648,I176,view,2026-08-04 23:28:32.044390
U267,I164,like,2026-06-17 13:31:32.044403
U45,I307,view,2026-08-09 16:29:32.044416
U670,I97,view,2026-06-11 09:40:32.044429
U373,I392,comment,2026-07-30 05:33:32.044442
U533,I458,comment,2026-06-16 18:56:32.044454
U247,I314,comment,2026-07-21 09:24:32.044467
U590,I486,view,2026-08-03 16:10:32.044479
U25,I196,view,2026-06-29 01:35:32.044492
U231,I112,like,2026-06-25 12:40:32.044504
U188,I227,comment,2026-07-13 17:01:32.044517
U839,I110,comment,2026-06-23 15:48:32.044530
U685,I26,like,2026-06-09 19:43:32.044543
U307,I295,comment,2026-07-07 05:22:32.044555
U533,I315,view,2026-06-08 17:22:32.044568
U175,I120,view,2026-07-09 20:45:32.044580
U560,I176,view,2026-07-12 16:27:32.044595
U756,I93,like,2026-08-05 03:34:32.044608
U1,I348,like,2026-06-15 01:58:32.044621
U716,I486,view,2026-06-10 22:56:32.044634
U372,I347,comment,2026-07-15 06:38:32.044649
U792,I157,view,2026-07-14 14:41:32.044663
U503,I304,like,2026-08-11 11:26:32.044677
U457,I138,like,2026-07-09 11:29:32.044689
U107,I408,view,2026-06-09 21:40:32.044702
U562,I438,comment,2026-08-10 13:34:32.044714
U996,I96,view,2026-07-30 13:47:32.044727
U174,I52,view,2026-06-13 12:16:32.044739
U462,I233,comment,2026-06-16 19:44:32.044751
U626,I27,like,2026-07-11 11:38:32.044764
U796,I128,view,2026-06-15 18:01:32.044777
U611,I480,view,2026-07-20 21:17:32.044789
U587,I38,like,2026-07-23 19:50:32.044801
U180,I3,view,2026-07-17 20:45:32.044813
U108,I370,like,2026-07-21 22:31:32.044826
U655,I249,like,2026-06-26 13:48:32.044839
U780,I34,like,2026-07-29 03:54:32.044852
U930,I385,view,2026-07-01 12:27:32.044864
U176,I304,comment,2026-07-02 01:12:32.044877
U334,I182,like,2026-07-28 15:43:32.044890
U441,I109,comment,2026-08-06 18:00:32.044903
U659,I28,comment,2026-06-03 09:59:32.044916
U621,I218,view,2026-06-05 01:13:32.044930
U216,I106,view,2026-08-09 17:31:32.044953
U815,I92,like,2026-07-11 01:41:32.044966
U105,I239,comment,2026-07-03 17:54:32.044979
U447,I427,view,2026-06-16 03:02:32.044992
U625,I89,like,2026-07-27 21:12:32.045005
U500,I146,comment,2026-07-28 05:37:32.045022
U101,I436,like,2026-07-23 08:18:32.045039
U310,I186,view,2026-06-07 13:35:32.045052
U355,I287,like,2026-06-14 16:05:32.045065
U637,I484,comment,2026-07-06 14:50:32.045078
U959,I179,comment,2026-07-28 07:17:32.045091
U65,I296,like,2026-06-18 09:47:32.045104
U957,I371,comment,2026-06-18 09:03:32.045116
U33,I298,view,2026-06-21 05:44:32.045130
U311,I447,comment,2026-08-04 23:57:32.045143
U768,I152,comment,2026-07-09 15:45:32.045156
U940,I106,comment,2026-07-03 21:53:32.045168
U866,I100,comment,2026-06-03 13:53:32.045181
U568,I464,view,2026-07-26 20:52:32.045194
U357,I492,comment,2026-07-16 05:51:32.045207
U788,I260,comment,2026-06-23 08:54:32.045221
U438,I465,comment,2026-06-27 12:43:32.045234
U447,I213,view,2026-07-10 05:41:32.045247
U920,I339,comment,2026-06-11 05:05:32.045259
U508,I248,view,2026-08-11 10:12:32.045271
U329,I60,view,2026-07-05 19:14:32.045284
U882,I187,like,2026-07-06 18:13:32.045296
U475,I306,view,2026-06-19 22:36:32.045309
U423,I472,comment,2026-07-12 03:33:32.045322
U68,I50,comment,2026-06-19 12:04:32.045335
U656,I2,comment,2026-06-16 17:46:32.045347
U140,I447,comment,2026-07-05 06:08:32.045360
U515,I233,like,2026-07-14 13:53:32.045372
U893,I84,comment,2026-07-18 22:53:32.045385
U386,I490,view,2026-06-27 08:46:32.045398
U632,I182,like,2026-06-06 10:24:32.045413
U558,I24,comment,2026-06-10 03:37:32.045426
U406,I208,like,2026-06-09 18:55:32.045441
U974,I321,comment,2026-07-22 18:34:32.045454
U519,I360,like,2026-06-26 21:49:32.045476
U380,I16,view,2026-07-15 21:54:32.045498
U104,I213,like,2026-06-30 12:51:32.045512
U338,I0,view,2026-06-14 15:35:32.045525
U166,I14,view,2026-06-16 21:29:32.045538
U161,I92,comment,2026-07-26 22:10:32.045550
U112,I94,like,2026-06-21 18:17:32.045564
U12,I89,view,2026-06-11 16:00:32.045577
U738,I144,comment,2026-06-09 02:56:32.045590
U839,I195,like,2026-06-27 23:51:32.045603
U387,I124,comment,2026-06-07 09:26:32.045616
U98,I454,comment,2026-06-26 06:36:32.045629
U475,I134,view,2026-06-29 22:25:32.045642
U645,I46,comment,2026-06-11 19:32:32.045655
U99,I67,view,2026-06-18 11:00:32.045668
U970,I168,comment,2026-07-09 04:21:32.045681
U771,I412,view,2026-06-18 08:59:32.045693
U246,I373,view,2026-07-14 07:54:32.045706
U228,I459,view,2026-07-22 03:59:32.045719
U339,I256,view,2026-07-16 03:16:32.045731
U584,I311,view,2026-06-17 22:49:32.045745
U698,I314,like,2026-07-03 09:31:32.045757
U604,I177,like,2026-07-11 03:22:32.045770
U944,I390,view,2026-06-13 20:58:32.045782
U614,I364,comment,2026-07-29 19:15:32.045801
U136,I281,view,2026-06-29 17:38:32.045813
U667,I347,comment,2026-08-04 15:02:32.045825
U132,I3,view,2026-06-09 18:05:32.045837
U45,I33,view,2026-08-03 15:46:32.045850
U508,I341,comment,2026-06-04 04:42:32.045862
U588,I234,like,2026-08-06 01:46:32.045878
U125,I40,comment,2026-06-17 13:27:32.045894
U433,I122,like,2026-07-04 06:32:32.045907
U871,I13,view,2026-06-23 10:15:32.045920
U624,I367,like,2026-08-06 22:27:32.045933
U322,I342,like,2026-07-17 04:18:32.045946
U688,I384,comment,2026-06-17 17:58:32.045959
U769,I199,view,2026-08-02 13:10:32.045971
U633,I335,comment,2026-06-13 18:34:32.045984
U985,I137,like,2026-08-09 06:49:32.045997
U867,I360,comment,2026-06-16 16:06:32.046009
U502,I187,view,2026-07-23 21:44:32.046022
U268,I466,view,2026-07-16 08:35:32.046034
U366,I307,view,2026-07-18 00:35:32.046047
U172,I45,like,2026-06-07 15:40:32.046059
U306,I83,like,2026-06-11 07:26:32.046071
U521,I463,comment,2026-08-03 15:48:32.046084
U897,I263,like,2026-06-23 04:39:32.046096
U642,I474,comment,2026-07-13 15:45:32.046109
U277,I291,like,2026-06-30 11:42:32.046122
U560,I226,like,2026-07-13 07:15:32.046134
U336,I17,view,2026-07-08 20:34:32.046147
U318,I61,comment,2026-07-31 20:05:32.046161
U620,I24,view,2026-07-24 04:01:32.046174
U468,I189,comment,2026-06-03 17:38:32.046186
U477,I1,comment,2026-06-20 02:34:32.046199
U388,I336,like,2026-06-10 18:38:32.046212
U411,I47,view,2026-07-04 06:15:32.046224
U601,I141,like,2026-07-23 14:29:32.046236
U778,I186,like,2026-07-27 04:36:32.046249
U836,I277,comment,2026-06-22 04:03:32.046262
U209,I194,view,2026-07-14 07:51:32.046277
U795,I401,comment,2026-06-19 07:32:32.046289
U849,I186,view,2026-07-28 06:11:32.046301
U496,I237,view,2026-08-06 05:26:32.046314
U709,I209,view,2026-06-16 10:55:32.046326
U866,I67,like,2026-07-04 23:31:32.046340
U613,I429,view,2026-08-01 18:46:32.046353
U840,I191,comment,2026-06-21 13:19:32.046365
U688,I343,comment,2026-06-18 09:33:32.046378
U29,I222,like,2026-06-25 03:54:32.046391
U660,I91,comment,2026-07-04 04:10:32.046404
U127,I9,like,2026-07-27 09:14:32.046416
U728,I115,comment,2026-08-04 19:52:32.046428
U673,I70,like,2026-06-16 01:01:32.046441
U781,I444,comment,2026-07-09 13:40:32.046453
U600,I362,comment,2026-06-19 17:13:32.046466
U112,I171,comment,2026-07-24 03:04:32.046478
U720,I133,view,2026-07-19 01:02:32.046491
U901,I99,view,2026-07-11 07:56:32.046503
U949,I325,view,2026-07-04 07:39:32.046518
U205,I104,comment,2026-07-10 04:46:32.046530
U580,I443,view,2026-06-09 13:45:32.046543
U738,I137,view,2026-06-09 18:44:32.046555
U87,I124,view,2026-06-23 14:59:32.046567
U753,I242,view,2026-06-24 16:55:32.046580
U509,I445,like,2026-08-01 13:08:32.046592
U574,I264,like,2026-06-15 11:59:32.046604
U802,I339,view,2026-06-08 15:52:32.046617
U697,I44,like,2026-06-07 05:14:32.046629
U236,I119,comment,2026-06-17 07:11:32.046641
U333,I449,view,2026-07-28 06:48:32.046655
U213,I103,like,2026-07-18 15:00:32.046668
U240,I85,comment,2026-08-04 09:51:32.046682
U644,I463,comment,2026-08-10 16:46:32.046697
U685,I238,like,2026-07-29 16:12:32.046709
U501,I257,comment,2026-06-18 01:33:32.046722
U426,I122,like,2026-06-04 23:01:32.046734
U522,I248,view,2026-06-14 01:02:32.046747
U41,I430,view,2026-06-06 20:57:32.046760
U70,I98,view,2026-07-27 03:52:32.046772
U176,I377,like,2026-06-26 15:21:32.046785
U960,I72,like,2026-08-06 21:37:32.046797
U312,I144,view,2026-07-16 02:17:32.046809
U674,I416,view,2026-07-21 01:23:32.046822
U882,I162,like,2026-06-17 21:07:32.046835
U502,I263,view,2026-08-02 21:41:32.046848
U425,I450,comment,2026-06-19 11:33:32.046861
U361,I243,like,2026-06-03 18:10:32.046875
U35,I410,comment,2026-07-29 23:27:32.046890
U684,I445,comment,2026-06-16 04:51:32.046903
U605,I8,like,2026-06-08 19:35:32.046916
U800,I443,view,2026-07-25 20:50:32.046928
U523,I150,like,2026-07-30 17:11:32.046940
U281,I391,like,2026-06-27 10:51:32.046964
U44,I361,like,2026-06-23 18:08:32.046978
U819,I399,view,2026-07-22 12:30:32.046990
U872,I320,like,2026-07-21 02:50:32.047003
U506,I252,view,2026-07-17 17:33:32.047016
U214,I131,like,2026-07-22 10:17:32.047029
U911,I464,like,2026-07-11 18:11:32.047041
U756,I341,comment,2026-06-20 14:07:32.047054
U174,I170,view,2026-06-14 15:48:32.047067
U93,I254,like,2026-07-22 12:54:32.047079
U251,I471,comment,2026-06-25 10:48:32.047092
U117,I119,comment,2026-06-27 05:53:32.047108
U167,I389,like,2026-08-07 13:34:32.047120
U83,I321,comment,2026-07-28 15:17:32.047133
U627,I489,view,2026-06-28 13:11:32.047146
U631,I214,view,2026-07-09 08:02:32.047159
U294,I206,like,2026-08-04 10:18:32.047171
U94,I197,comment,2026-08-11 00:59:32.047185
U649,I27,comment,2026-07-27 21:26:32.047198
U44,I263,like,2026-08-02 04:55:32.047210
U843,I67,comment,2026-08-10 22:26:32.047223
U468,I429,view,2026-07-08 11:20:32.047235
U443,I145,view,2026-06-14 21:03:32.047248
U651,I172,view,2026-07-23 10:29:32.047262
U398,I78,view,2026-07-31 04:38:32.047275
U119,I387,view,2026-07-20 12:15:32.047287
U909,I370,comment,2026-08-07 20:14:32.047300
U648,I437,like,2026-08-02 06:53:32.047313
U245,I138,comment,2026-06-17 16:43:32.047325
U386,I277,view,2026-06-20 01:01:32.047338
U334,I13,view,2026-07-30 18:20:32.047351
U839,I288,like,2026-06-24 21:31:32.047364
U292,I260,view,2026-06-18 19:30:32.047377
U262,I182,comment,2026-06-11 23:24:32.047390
U933,I369,view,2026-07-17 12:40:32.047403
U752,I304,comment,2026-07-30 00:24:32.047415
U360,I150,comment,2026-07-29 11:27:32.047427
U674,I460,like,2026-07-16 12:59:32.047443
U501,I128,comment,2026-07-31 09:42:32.047456
U695,I55,comment,2026-07-09 23:58:32.047469
U421,I118,view,2026-07-19 10:16:32.047481
U600,I0,comment,2026-07-07 20:31:32.047494
U333,I51,comment,2026-07-15 10:18:32.047507
U264,I156,comment,2026-06-09 16:25:32.047522
U820,I185,comment,2026-07-14 15:57:32.047538
U529,I34,comment,2026-06-05 13:04:32.047550
U325,I81,comment,2026-07-30 13:52:32.047563
U720,I454,view,2026-06-04 00:01:32.047575
U523,I273,view,2026-07-06 23:29:32.047588
U305,I194,comment,2026-08-10 06:27:32.047600
U906,I286,view,2026-07-21 22:59:32.047613
U916,I12,comment,2026-07-21 03:33:32.047627
U84,I243,view,2026-07-16 02:17:32.047640
U158,I39,like,2026-06-18 14:06:32.047652
U100,I114,comment,2026-06-08 20:27:32.047665
U623,I316,comment,2026-07-11 20:43:32.047677
U266,I269,like,2026-06-16 19:57:32.047690
U219,I249,comment,2026-06-28 19:17:32.047702
U916,I67,view,2026-07-02 15:57:32.047715
U755,I62,comment,2026-07-19 22:52:32.047727
U855,I77,like,2026-07-19 09:42:32.047740
U118,I84,comment,2026-06-03 10:09:32.047756
U814,I0,view,2026-07-24 07:17:32.047769
U872,I269,view,2026-07-23 15:59:32.047782
U281,I387,like,2026-07-25 21:34:32.047794
U294,I243,like,2026-07-26 09:49:32.047807
U235,I499,comment,2026-07-29 12:31:32.047820
U44,I227,comment,2026-08-05 13:36:32.047832
U613,I247,comment,2026-07-23 02:57:32.047845
U842,I244,like,2026-06-11 09:52:32.047858
U53,I438,comment,2026-07-21 07:58:32.047870
U165,I120,view,2026-06-17 20:14:32.047882
U570,I339,view,2026-06-22 06:24:32.047895
U924,I250,comment,2026-07-23 17:48:32.047908
U231,I489,comment,2026-07-28 07:59:32.047923
U99,I0,view,2026-07-11 18:01:32.047936
U938,I271,like,2026-06-14 13:32:32.047948
U471,I187,comment,2026-06-10 17:17:32.047961
U951,I279,like,2026-07-05 01:16:32.047974
U966,I115,like,2026-08-03 20:35:32.047989
U540,I309,comment,2026-07-09 04:40:32.048005
U900,I51,view,2026-08-06 06:51:32.048018
U570,I267,comment,2026-06-26 15:33:32.048031
U577,I361,view,2026-06-20 04:23:32.048044
U528,I498,view,2026-06-12 00:41:32.048057
U95,I270,like,2026-08-02 18:09:32.048070
U818,I488,view,2026-06-16 08:47:32.048084
U276,I92,view,2026-07-31 21:36:32.048097
U508,I418,view,2026-06-21 20:01:32.048111
U240,I146,like,2026-06-14 08:21:32.048124
U2,I210,comment,2026-07-25 13:34:32.048137
U205,I336,view,2026-06-05 00:03:32.048151
U671,I457,comment,2026-07-11 22:32:32.048164
U192,I415,comment,2026-07-25 00:58:32.048177
U192,I145,view,2026-06-11 04:38:32.048190
U464,I364,like,2026-06-18 14:27:32.048203
U455,I65,view,2026-08-10 16:29:32.048216
U276,I25,view,2026-06-11 09:28:32.048229
U966,I110,like,2026-07-16 08:11:32.048242
U151,I141,like,2026-06-15 19:03:32.048256
U994,I395,like,2026-08-09 14:38:32.048270
U627,I330,like,2026-06-10 20:59:32.048284
U758,I494,comment,2026-07-22 08:31:32.048297
U114,I192,like,2026-07-22 15:59:32.048310
U136,I150,view,2026-07-22 03:11:32.048323
U3,I336,view,2026-06-13 04:23:32.048336
U815,I340,comment,2026-07-27 07:04:32.048354
U313,I130,comment,2026-06-27 01:45:32.048367
U244,I429,view,2026-06-05 18:33:32.048386
U29,I472,comment,2026-08-01 00:23:32.048399
U917,I69,like,2026-07-27 15:07:32.048413
U374,I253,view,2026-06-23 17:00:32.048426
U965,I301,comment,2026-06-18 04:58:32.048439
U79,I25,like,2026-07-15 05:26:32.048541
U871,I57,view,2026-06-27 00:53:32.048628
U856,I417,view,2026-07-26 12:36:32.048649
U482,I391,like,2026-07-17 06:10:32.048665
U297,I333,view,2026-07-10 01:39:32.048678
U180,I19,comment,2026-07-07 21:20:32.048691
U584,I298,view,2026-08-04 19:34:32.048704
U364,I73,view,2026-07-23 16:07:32.048717
U87,I46,view,2026-06-30 15:25:32.048730
U504,I259,view,2026-07-10 08:27:32.048750
U109,I218,comment,2026-07-10 05:18:32.048762
U874,I468,like,2026-08-02 03:08:32.048775
U900,I273,like,2026-08-07 00:59:32.048788
U381,I141,comment,2026-08-09 22:27:32.048800
U769,I73,comment,2026-07-03 00:04:32.048814
U399,I30,like,2026-06-12 06:27:32.048826
U886,I64,like,2026-08-02 23:25:32.048839
U398,I70,comment,2026-06-29 22:18:32.048852
U376,I47,like,2026-08-08 18:31:32.048865
U19,I110,comment,2026-07-05 10:08:32.048877
U768,I275,comment,2026-06-29 22:01:32.048890
U881,I159,like,2026-06-19 12:45:32.048902
U797,I476,comment,2026-06-14 07:32:32.048914
U242,I280,comment,2026-07-01 18:41:32.048929
U994,I327,like,2026-06-05 00:18:32.048942
U709,I279,comment,2026-07-09 12:13:32.048957
U514,I38,comment,2026-07-22 04:22:32.048970
U881,I24,like,2026-08-02 01:53:32.048982
U178,I303,like,2026-06-24 01:10:32.048995
U162,I98,comment,2026-07-25 04:51:32.049008
U873,I242,like,2026-07-12 18:38:32.049022
U845,I57,like,2026-07-30 03:34:32.049036
U610,I339,view,2026-08-08 23:38:32.049048
U761,I445,like,2026-06-04 03:30:32.049060
U737,I44,like,2026-07-28 19:03:32.049073
U389,I78,like,2026-07-02 17:20:32.049085
U25,I185,like,2026-07-07 22:00:32.049098
U801,I232,view,2026-07-15 23:56:32.049111
U570,I370,like,2026-06-11 06:10:32.049124
U358,I81,like,2026-06-20 10:13:32.049136
U163,I166,comment,2026-07-07 00:46:32.049148
U344,I488,view,2026-06-11 15:05:32.049162
U285,I253,comment,2026-07-22 13:50:32.049174
U831,I39,comment,2026-06-18 01:05:32.049186
U94,I152,comment,2026-07-10 14:52:32.049199
U920,I304,like,2026-07-24 01:18:32.049211
U394,I173,like,2026-07-10 12:28:32.049223
U765,I473,comment,2026-07-28 09:36:32.049236
U853,I476,like,2026-07-02 16:40:32.049248
U163,I130,comment,2026-07-04 05:26:32.049260
U462,I443,comment,2026-06-04 23:43:32.049273
U865,I64,like,2026-07-05 13:45:32.049289
U933,I357,comment,2026-07-07 08:21:32.049302
U75,I252,comment,2026-06-14 05:06:32.049315
U450,I301,like,2026-07-17 13:47:32.049327
U824,I182,comment,2026-07-27 17:04:32.049340
U774,I73,comment,2026-06-06 22:14:32.049352
U774,I87,view,2026-08-07 21:32:32.049369
U368,I305,comment,2026-07-19 02:25:32.049383
U993,I75,comment,2026-07-16 12:42:32.049399
U618,I230,view,2026-08-07 01:04:32.049412
U384,I139,like,2026-06-28 22:24:32.049425
U85,I316,view,2026-07-06 14:11:32.049438
U40,I355,view,2026-07-25 15:00:32.049451
U297,I435,view,2026-06-16 04:24:32.049463
U497,I467,like,2026-08-05 13:02:32.049476
U111,I219,like,2026-07-31 15:35:32.049488
U356,I194,comment,2026-07-21 11:35:32.049501
U909,I452,view,2026-06-17 22:44:32.049514
U379,I94,like,2026-08-03 02:33:32.049526
U790,I379,view,2026-06-06 06:59:32.049538
U971,I349,comment,2026-07-17 08:24:32.049551
U831,I93,comment,2026-08-11 09:25:32.049563
U95,I177,like,2026-06-11 05:56:32.049576
U759,I133,like,2026-06-14 15:21:32.049589
U476,I312,like,2026-06-08 18:37:32.049601
U537,I212,view,2026-08-09 09:32:32.049614
U543,I411,view,2026-07-20 21:35:32.049626
U346,I269,view,2026-06-04 17:11:32.049638
U378,I456,comment,2026-06-27 01:54:32.049654
U660,I485,like,2026-07-03 22:50:32.049666
U267,I164,comment,2026-06-15 03:45:32.049679
U575,I229,comment,2026-06-17 01:01:32.049691
U459,I294,view,2026-06-03 13:04:32.049704
U728,I247,comment,2026-07-30 17:28:32.049716
U357,I375,comment,2026-07-28 02:02:32.049728
U647,I297,view,2026-08-06 13:39:32.049741
U748,I393,comment,2026-07-23 10:41:32.049753
U393,I271,like,2026-06-29 09:00:32.049772
U334,I206,view,2026-07-19 13:08:32.049784
U599,I253,view,2026-06-24 18:33:32.049796
U335,I31,view,2026-07-01 14:07:32.049809
U535,I441,view,2026-07-03 14:12:32.049821
U929,I410,comment,2026-07-26 07:54:32.049833
U781,I162,like,2026-08-06 16:03:32.049848
U777,I261,like,2026-07-12 11:19:32.049860
U542,I2,view,2026-07-06 01:18:32.049873
U986,I224,view,2026-06-11 10:09:32.049886
U796,I473,view,2026-07-19 00:38:32.049899
U382,I55,like,2026-06-17 23:54:32.049912
U924,I113,view,2026-07-28 09:11:32.049924
U822,I145,comment,2026-06-28 22:18:32.049937
U72,I330,view,2026-06-14 08:23:32.049949
U576,I315,view,2026-07-28 18:54:32.049962
U475,I172,like,2026-07-23 03:20:32.049974
U449,I460,like,2026-08-09 23:41:32.049987
U898,I4,view,2026-07-29 11:05:32.049999
U745,I407,view,2026-07-09 07:44:32.050011
U889,I313,view,2026-07-07 17:30:32.050026
U195,I162,like,2026-06-21 21:45:32.050039
U867,I248,comment,2026-07-01 15:42:32.050051
U56,I187,like,2026-07-26 08:17:32.050063
U42,I288,view,2026-07-20 11:16:32.050076
U385,I39,like,2026-06-10 13:45:32.050088
U646,I10,like,2026-07-16 13:43:32.050100
U319,I413,comment,2026-07-17 22:18:32.050113
U809,I494,like,2026-06-16 05:41:32.050125
U980,I246,like,2026-06-08 04:52:32.050139
U577,I425,view,2026-07-16 12:42:32.050160
U72,I336,like,2026-07-23 14:19:32.050174
U437,I252,comment,2026-06-24 12:54:32.050188
U975,I7,comment,2026-06-21 02:32:32.050200
U799,I368,like,2026-07-28 20:14:32.050215
U726,I373,view,2026-06-25 02:36:32.050228
U913,I302,comment,2026-08-08 05:01:32.050241
U72,I491,like,2026-07-01 07:42:32.050253
U79,I426,like,2026-08-08 18:00:32.050277
U768,I127,view,2026-06-28 17:29:32.050292
U28,I316,comment,2026-08-02 14:35:32.050304
U541,I135,comment,2026-07-01 01:33:32.050317
U605,I29,view,2026-06-30 11:36:32.050330
U487,I409,view,2026-07-21 12:31:32.050343
U487,I110,view,2026-08-02 05:20:32.050355
U998,I213,view,2026-07-29 19:10:32.050367
U458,I176,view,2026-07-27 09:56:32.050380
U502,I158,comment,2026-08-07 12:38:32.050393
U86,I22,like,2026-07-06 10:47:32.050408
U652,I311,view,2026-07-02 13:16:32.050423
U481,I149,like,2026-08-11 16:26:32.050436
U608,I352,comment,2026-08-06 19:43:32.050450
U64,I262,like,2026-07-30 19:02:32.050463
U379,I322,view,2026-06-10 02:42:32.050476
U801,I203,comment,2026-06-05 03:24:32.050489
U887,I36,view,2026-08-11 01:00:32.050501
U386,I48,like,2026-06-24 21:30:32.050514
U932,I173,like,2026-07-01 12:42:32.050526
U41,I3,comment,2026-08-06 03:45:32.050539
U849,I10,like,2026-08-11 06:30:32.050551
U941,I76,like,2026-07-30 18:43:32.050563
U742,I59,like,2026-06-08 21:55:32.050575
U405,I286,like,2026-06-16 22:34:32.050588
U42,I163,like,2026-06-05 00:04:32.050600
U36,I62,like,2026-06-03 12:44:32.050615
U936,I457,view,2026-08-05 15:04:32.050628
U751,I193,view,2026-07-24 23:57:32.050641
U808,I137,view,2026-06-19 07:25:32.050653
U114,I2,comment,2026-06-30 16:06:32.050666
U446,I315,view,2026-06-29 10:16:32.050678
U863,I33,like,2026-08-01 19:56:32.050691
U288,I314,comment,2026-08-04 14:37:32.050703
U83,I405,comment,2026-07-21 22:54:32.050716
U856,I91,view,2026-07-29 04:41:32.050739
U761,I77,comment,2026-08-01 15:09:32.050753
U581,I195,comment,2026-07-30 12:48:32.050766
U933,I496,view,2026-07-12 20:29:32.050781
U519,I323,comment,2026-07-31 18:28:32.050794
U443,I228,like,2026-08-01 22:51:32.050806
U64,I459,comment,2026-08-10 00:48:32.050819
U888,I400,like,2026-07-13 02:09:32.050831
U259,I437,comment,2026-06-18 16:02:32.050844
U399,I161,comment,2026-08-08 13:16:32.050856
U995,I80,view,2026-07-17 18:19:32.050869
U945,I378,like,2026-06-07 15:51:32.050881
U85,I432,view,2026-06-12 10:49:32.050894
U987,I405,like,2026-07-13 04:42:32.050907
U853,I409,comment,2026-06-14 21:29:32.050920
U537,I25,comment,2026-06-09 13:02:32.050932
U477,I485,comment,2026-06-16 14:37:32.050945
U857,I497,comment,2026-08-11 15:40:32.050957
U901,I87,comment,2026-07-29 22:32:32.050972
U991,I128,view,2026-07-30 05:49:32.050984
U428,I110,like,2026-07-08 17:13:32.050997
U183,I116,like,2026-06-12 19:21:32.051010
U474,I322,comment,2026-07-16 15:58:32.051022
U515,I226,comment,2026-07-31 11:01:32.051037
U864,I351,like,2026-07-28 20:21:32.051050
U2,I79,like,2026-07-06 08:48:32.051065
U92,I353,like,2026-06-16 19:09:32.051078
U821,I326,like,2026-08-10 12:38:32.051090
U240,I54,view,2026-07-05 00:42:32.051102
U460,I217,view,2026-06-30 18:12:32.051115
U286,I157,view,2026-07-27 14:41:32.051129
U182,I261,view,2026-06-28 07:19:32.051143
U567,I5,comment,2026-07-25 01:20:32.051156
U629,I31,like,2026-07-15 14:11:32.051169
U626,I221,like,2026-08-08 23:37:32.051182
U714,I296,comment,2026-07-04 20:07:32.051195
U400,I443,comment,2026-06-03 20:53:32.051207
U856,I223,like,2026-06-21 03:54:32.051219
U387,I16,view,2026-07-28 13:45:32.051232
U970,I405,view,2026-06-17 10:17:32.051245
U869,I222,view,2026-07-14 10:39:32.051257
U864,I312,view,2026-08-05 10:54:32.051270
U928,I326,like,2026-07-19 10:31:32.051282
U811,I365,comment,2026-07-31 15:15:32.051295
U424,I152,view,2026-07-13 00:13:32.051307
U885,I131,comment,2026-06-14 18:21:32.051320
U514,I434,comment,2026-06-06 02:55:32.051333
U311,I465,comment,2026-07-11 12:07:32.051345
U479,I236,view,2026-08-01 02:07:32.051357
U251,I352,view,2026-07-01 20:29:32.051370
U113,I176,like,2026-07-19 15:39:32.051382
U171,I238,view,2026-06-04 21:29:32.051394
U595,I108,view,2026-07-26 22:45:32.051407
U533,I465,comment,2026-07-23 06:21:32.051419
U149,I479,like,2026-06-30 04:39:32.051434
U785,I193,comment,2026-07-13 16:01:32.051447
U263,I387,view,2026-06-24 04:47:32.051460
U646,I148,like,2026-06-27 08:32:32.051472
U881,I156,view,2026-07-16 11:15:32.051485
U438,I352,comment,2026-07-11 15:12:32.051497
U643,I140,view,2026-08-06 11:57:32.051513
U193,I456,view,2026-08-09 02:17:32.051526
U737,I14,like,2026-06-14 06:53:32.051539
U102,I435,comment,2026-07-21 13:30:32.051551
U393,I212,comment,2026-06-03 22:42:32.051564
U871,I456,view,2026-07-16 01:58:32.051576
U367,I460,like,2026-06-22 09:28:32.051589
U566,I88,like,2026-07-30 09:54:32.051601
U254,I156,comment,2026-06-07 00:01:32.051614
U250,I111,comment,2026-07-07 13:15:32.051627
U427,I263,like,2026-07-30 18:31:32.051640
U792,I389,view,2026-06-18 08:10:32.051653
U986,I375,comment,2026-07-09 14:58:32.051665
U788,I247,view,2026-07-09 06:47:32.051678
U310,I309,view,2026-07-29 07:00:32.051691
U680,I2,like,2026-06-09 03:09:32.051704
U629,I280,like,2026-08-01 13:02:32.051716
U206,I119,view,2026-06-30 08:24:32.051729
U654,I203,like,2026-06-17 04:09:32.051741
U79,I460,comment,2026-06-11 15:59:32.051753
U467,I246,like,2026-08-02 19:03:32.051766
U936,I159,like,2026-08-01 08:19:32.051778
U947,I40,comment,2026-06-04 16:26:32.051791
U790,I270,like,2026-06-14 21:04:32.051803
U389,I428,like,2026-07-23 13:09:32.051815
U70,I181,like,2026-06-17 08:23:32.051828
U279,I82,view,2026-08-05 03:50:32.051843
U115,I183,view,2026-06-30 17:18:32.051855
U896,I369,comment,2026-07-12 01:52:32.051870
U39,I295,like,2026-07-08 13:47:32.051885
U206,I459,view,2026-07-02 00:14:32.051898
U901,I326,comment,2026-08-09 18:26:32.051910
U377,I454,comment,2026-06-05 06:16:32.051923
U620,I385,like,2026-07-31 20:09:32.051935
U892,I410,comment,2026-08-05 23:23:32.051948
U39,I335,view,2026-06-22 03:56:32.051960
U849,I47,like,2026-08-09 01:30:32.051973
U659,I296,comment,2026-07-15 23:45:32.051986
U226,I7,like,2026-07-30 04:01:32.051999
U470,I249,like,2026-07-30 05:48:32.052012
U768,I7,view,2026-07-08 16:37:32.052024
U343,I203,view,2026-07-16 12:26:32.052037
U149,I228,view,2026-07-05 05:37:32.052049
U643,I96,view,2026-08-11 01:22:32.052064
U854,I324,view,2026-07-27 01:46:32.052077
U391,I442,like,2026-07-27 19:37:32.052089
U892,I201,comment,2026-07-04 20:38:32.052101
U754,I115,view,2026-06-14 10:56:32.052113
U102,I44,comment,2026-07-20 09:31:32.052126
U81,I382,like,2026-07-01 01:44:32.052139
U347,I117,view,2026-06-27 01:17:32.052151
U885,I436,comment,2026-08-04 16:43:32.052163
U282,I55,comment,2026-07-25 21:46:32.052176
U442,I369,comment,2026-07-30 15:11:32.052188
U606,I113,like,2026-07-08 13:43:32.052201
U686,I410,comment,2026-06-06 08:06:32.052214
U390,I454,like,2026-07-17 05:30:32.052229
U963,I101,view,2026-06-06 01:11:32.052253
U206,I426,view,2026-06-26 18:02:32.052275
U893,I381,like,2026-07-05 05:42:32.052289
U509,I153,view,2026-06-06 21:54:32.052302
U137,I353,view,2026-06-06 17:26:32.052315
U609,I426,comment,2026-07-14 13:23:32.052328
U893,I26,comment,2026-06-24 09:09:32.052341
U291,I336,comment,2026-07-19 04:57:32.052353
U252,I285,view,2026-07-16 04:18:32.052365
U500,I449,comment,2026-07-30 16:10:32.052378
U815,I260,view,2026-06-28 17:57:32.052391
U820,I421,like,2026-06-13 12:20:32.052403
U312,I170,view,2026-07-01 02:55:32.052415
U934,I288,view,2026-06-19 03:58:32.052428
U556,I91,like,2026-07-16 15:24:32.052441
U348,I176,view,2026-07-15 23:19:32.052453
U27,I372,view,2026-07-17 09:15:32.052466
U155,I62,like,2026-08-10 23:23:32.052479
U115,I153,view,2026-06-18 23:43:32.052491
U625,I204,like,2026-08-01 20:44:32.052504
U779,I424,comment,2026-07-02 06:43:32.052516
U539,I164,comment,2026-07-08 23:51:32.052529
U213,I289,view,2026-06-13 18:25:32.052541
U32,I369,comment,2026-07-02 18:23:32.052554
U720,I317,view,2026-07-08 05:15:32.052567
U393,I477,like,2026-06-05 02:32:32.052579
U441,I304,like,2026-07-23 06:24:32.052592
U242,I290,comment,2026-07-20 20:59:32.052607
U948,I475,view,2026-08-11 01:38:32.052620
U33,I381,view,2026-06-15 14:16:32.052636
U916,I65,view,2026-07-11 07:14:32.052649
U755,I179,like,2026-06-18 16:31:32.052661
U342,I440,view,2026-07-26 03:33:32.052673
U887,I327,comment,2026-07-06 09:29:32.052689
U709,I105,comment,2026-06-28 11:02:32.052701
U684,I382,like,2026-08-02 05:29:32.052714
U179,I418,comment,2026-07-28 10:34:32.052730
U318,I185,view,2026-06-07 08:26:32.052742
U860,I250,like,2026-07-31 15:15:32.052755
U226,I48,view,2026-08-01 04:27:32.052767
U64,I227,comment,2026-07-31 17:38:32.052780
U502,I121,view,2026-07-24 01:26:32.052792
U373,I285,like,2026-07-05 09:34:32.052805
U145,I456,comment,2026-06-21 13:50:32.052817
U647,I90,like,2026-07-12 04:00:32.052830
U88,I173,comment,2026-06-20 02:49:32.052842
U316,I159,like,2026-06-22 11:30:32.052855
U507,I453,view,2026-06-29 13:01:32.052867
U71,I234,like,2026-07-21 19:23:32.052880
U331,I486,view,2026-06-17 10:32:32.052892
U220,I178,view,2026-06-11 22:25:32.052904
U525,I348,view,2026-08-04 04:51:32.052917
U934,I28,comment,2026-07-17 11:21:32.052930
U551,I459,like,2026-07-12 17:20:32.052943
U443,I81,view,2026-06-28 18:52:32.052955
U218,I312,comment,2026-07-17 06:57:32.052968
U203,I344,like,2026-07-31 11:38:32.052983
U440,I42,like,2026-08-11 19:33:32.052996
U659,I306,view,2026-07-29 23:31:32.053008
U955,I281,comment,2026-06-12 16:08:32.053021
U546,I338,view,2026-06-08 18:47:32.053033
U487,I285,comment,2026-07-28 21:22:32.053045
U682,I355,comment,2026-06-29 00:19:32.053058
U338,I52,comment,2026-07-22 14:30:32.053070
U406,I336,comment,2026-07-30 09:12:32.053084
U48,I354,view,2026-07-02 19:41:32.053097
U881,I483,view,2026-07-10 15:16:32.053110
U36,I423,comment,2026-07-08 15:41:32.053123
U630,I303,like,2026-06-10 13:36:32.053135
U955,I328,like,2026-06-06 03:07:32.053147
U559,I160,view,2026-07-06 19:22:32.053160
U530,I168,view,2026-07-17 18:36:32.053175
U298,I40,comment,2026-07-16 20:00:32.053188
U841,I292,like,2026-07-24 03:08:32.053200
U101,I392,like,2026-08-03 21:35:32.053213
U327,I195,view,2026-06-08 10:23:32.053225
U554,I162,comment,2026-08-09 05:45:32.053238
U174,I198,view,2026-07-31 10:31:32.053250
U101,I265,like,2026-07-07 01:04:32.053263
U733,I354,view,2026-08-10 22:36:32.053276
U732,I125,comment,2026-07-20 02:14:32.053288
U173,I118,view,2026-07-09 05:10:32.053301
U757,I62,view,2026-07-13 05:16:32.053313
U887,I87,like,2026-06-18 16:51:32.053326
U674,I45,comment,2026-07-10 14:25:32.053340
U408,I47,like,2026-06-09 13:10:32.053354
U916,I31,comment,2026-06-05 23:03:32.053366
U831,I123,view,2026-06-25 21:43:32.053379
U977,I224,like,2026-06-13 20:26:32.053392
U686,I148,view,2026-07-16 12:22:32.053404
U697,I164,comment,2026-07-14 19:19:32.053417
U945,I445,like,2026-08-09 03:12:32.053429
U4,I237,view,2026-07-16 05:33:32.053442
U801,I172,view,2026-07-01 19:21:32.053454
U755,I250,comment,2026-07-16 08:15:32.053468
U124,I331,comment,2026-07-04 14:14:32.053481
U841,I430,view,2026-07-11 07:24:32.053496
U888,I51,view,2026-07-23 17:18:32.053509
U99,I205,like,2026-07-24 13:40:32.053522
U775,I89,comment,2026-07-22 15:41:32.053536
U879,I402,like,2026-06-08 14:09:32.053549
U443,I100,like,2026-07-12 13:35:32.053561
U467,I376,comment,2026-06-30 15:49:32.053573
U704,I258,comment,2026-07-06 01:43:32.053586
U895,I28,comment,2026-08-06 12:30:32.053598
U191,I423,comment,2026-08-09 17:14:32.053610
U467,I368,comment,2026-07-03 21:41:32.053623
U436,I22,comment,2026-06-20 10:36:32.053635
U656,I344,comment,2026-08-10 01:51:32.053647
U527,I479,comment,2026-06-08 00:57:32.053660
U151,I218,like,2026-08-07 12:45:32.053672
U430,I262,view,2026-07-05 12:51:32.053685
U381,I177,view,2026-07-23 19:00:32.053701
U139,I197,comment,2026-06-27 15:27:32.053716
U277,I443,like,2026-06-13 19:17:32.053728
U726,I132,like,2026-07-26 09:22:32.053740
U688,I139,like,2026-06-11 10:47:32.053753
U770,I428,comment,2026-07-25 00:55:32.053765
U582,I223,view,2026-07-17 00:35:32.053777
U527,I432,like,2026-07-13 20:31:32.053790
U597,I403,comment,2026-08-07 06:34:32.053802
U7,I2,like,2026-06-22 13:44:32.053814
U675,I351,like,2026-08-11 03:05:32.053826
U923,I262,comment,2026-08-02 05:07:32.053839
U396,I323,like,2026-06-24 11:38:32.053852
U908,I282,like,2026-06-18 21:49:32.053864
U220,I363,view,2026-06-19 21:11:32.053877
U646,I328,like,2026-06-29 10:29:32.053889
U83,I289,like,2026-06-26 18:42:32.053905
U606,I294,like,2026-06-21 22:45:32.053917
U861,I438,like,2026-06-17 06:38:32.053930
U547,I244,view,2026-07-31 03:06:32.053942
U98,I211,comment,2026-08-11 14:01:32.053955
U99,I434,view,2026-08-05 02:18:32.053967
U476,I377,comment,2026-07-01 06:31:32.053980
U431,I381,like,2026-08-02 11:58:32.053992
U523,I16,view,2026-07-03 14:21:32.054005
U729,I225,view,2026-07-13 18:13:32.054017
U767,I64,like,2026-07-05 09:03:32.054030
U134,I156,view,2026-08-03 23:00:32.054042
U341,I65,view,2026-06-25 15:40:32.054057
U629,I115,like,2026-06-26 09:04:32.054070
U109,I464,comment,2026-07-03 02:28:32.054083
U345,I406,view,2026-08-04 12:17:32.054096
U499,I485,comment,2026-07-24 13:04:32.054108
U79,I105,like,2026-06-16 22:02:32.054121
U786,I411,comment,2026-07-16 11:14:32.054133
U583,I125,like,2026-07-21 01:14:32.054146
U333,I70,view,2026-06-05 03:03:32.054159
U500,I346,comment,2026-07-26 05:35:32.054171
U802,I410,comment,2026-07-11 15:22:32.054184
U631,I126,comment,2026-07-04 07:45:32.054196
U675,I189,like,2026-08-03 09:11:32.054209
U882,I265,like,2026-07-13 15:51:32.054221
U447,I385,comment,2026-06-15 20:22:32.054233
U792,I172,like,2026-07-07 22:29:32.054246
U219,I305,like,2026-07-01 08:21:32.054261
U173,I240,like,2026-07-12 19:42:32.054279
U257,I273,view,2026-07-25 03:32:32.054293
U423,I88,view,2026-08-03 08:49:32.054306
U889,I377,like,2026-07-16 16:18:32.054321
U124,I119,comment,2026-08-09 16:39:32.054334
U192,I103,comment,2026-07-06 05:15:32.054347
U12,I365,comment,2026-07-14 12:13:32.054362
U606,I212,view,2026-06-26 20:46:32.054374
U451,I166,comment,2026-07-15 09:17:32.054387
U661,I381,comment,2026-07-03 21:14:32.054399
U716,I161,comment,2026-06-08 07:27:32.054412
U259,I275,like,2026-08-01 08:58:32.054424
U527,I433,comment,2026-07-23 00:28:32.054440
U629,I285,view,2026-07-26 17:33:32.054453
U108,I388,like,2026-07-12 19:15:32.054465
U927,I166,view,2026-06-23 09:07:32.054478
U961,I250,comment,2026-07-17 09:24:32.054490
U841,I20,comment,2026-08-06 13:05:32.054503
U223,I393,like,2026-07-11 20:16:32.054621
U67,I106,comment,2026-06-12 06:31:32.054638
U388,I191,like,2026-06-23 04:24:32.054651
U721,I339,comment,2026-07-13 09:54:32.054663
U709,I214,view,2026-06-21 14:50:32.054676
U941,I219,view,2026-06-05 00:18:32.054688
U224,I279,comment,2026-07-18 13:49:32.054701
U300,I245,comment,2026-08-04 17:07:32.054713
U233,I157,like,2026-07-27 18:47:32.054725
U347,I381,like,2026-06-14 11:14:32.054738
U820,I265,view,2026-06-14 13:36:32.054750
U254,I134,like,2026-08-09 12:15:32.054763
U434,I188,comment,2026-07-30 12:19:32.054775
U625,I373,view,2026-06-16 07:53:32.054788
U966,I228,comment,2026-07-08 00:31:32.054800
U375,I215,like,2026-06-07 22:15:32.054812
U791,I21,comment,2026-06-27 10:15:32.054828
U646,I25,like,2026-06-17 14:13:32.054840
U238,I109,comment,2026-07-02 17:28:32.054853
U875,I348,comment,2026-07-01 11:53:32.054866
U262,I159,like,2026-08-08 18:51:32.054878
U883,I376,view,2026-06-21 23:31:32.054891
U257,I103,view,2026-06-30 03:10:32.054905
U923,I62,view,2026-06-03 11:33:32.054918
U114,I266,like,2026-06-08 16:43:32.054933
U56,I461,like,2026-07-23 00:06:32.054946
U687,I469,comment,2026-08-08 15:08:32.054958
U637,I376,like,2026-07-12 07:26:32.054970
U754,I386,view,2026-07-26 03:49:32.054983
U488,I376,view,2026-08-01 12:21:32.054996
U941,I451,comment,2026-07-24 19:13:32.055008
U703,I373,like,2026-08-07 00:14:32.055021
U216,I40,view,2026-08-10 20:28:32.055034
U447,I203,comment,2026-07-17 05:10:32.055046
U922,I223,view,2026-07-10 02:20:32.055059
U98,I431,view,2026-07-18 13:11:32.055071
U486,I260,view,2026-06-27 11:15:32.055083
U733,I463,view,2026-06-16 04:47:32.055096
U478,I269,view,2026-06-26 05:31:32.055108
U311,I179,view,2026-06-15 21:03:32.055121
U721,I371,comment,2026-06-16 11:16:32.055134
U750,I450,comment,2026-06-30 11:38:32.055146
U717,I297,comment,2026-08-04 01:38:32.055159
U101,I149,view,2026-08-03 22:47:32.055171
U469,I469,view,2026-07-16 02:22:32.055184
U426,I34,view,2026-06-17 02:45:32.055196
U55,I476,comment,2026-06-19 05:29:32.055209
U725,I464,like,2026-07-22 07:48:32.055221
U653,I367,view,2026-07-10 13:53:32.055236
U98,I10,view,2026-06-13 17:34:32.055249
U985,I438,view,2026-06-05 20:23:32.055263
U933,I104,like,2026-06-03 11:31:32.055276
U505,I343,view,2026-07-06 15:10:32.055291
U401,I266,comment,2026-06-23 11:58:32.055303
U994,I338,view,2026-06-20 19:57:32.055316
U537,I154,like,2026-08-10 05:13:32.055328
U21,I117,like,2026-07-07 18:21:32.055340
U961,I414,comment,2026-08-06 07:53:32.055353
U656,I116,like,2026-07-13 23:48:32.055366
U937,I71,comment,2026-08-03 07:06:32.055378
U98,I139,like,2026-08-08 06:03:32.055391
U751,I226,comment,2026-07-08 19:08:32.055403
U864,I48,like,2026-07-23 04:07:32.055415
U345,I91,view,2026-07-17 03:26:32.055428
U614,I191,comment,2026-07-03 00:48:32.055440
U54,I127,view,2026-06-15 10:45:32.055452
U771,I291,comment,2026-06-10 02:04:32.055467
U72,I15,view,2026-07-18 05:07:32.055480
U805,I498,view,2026-06-10 23:07:32.055493
U580,I84,view,2026-06-19 01:49:32.055506
U489,I27,comment,2026-07-13 22:44:32.055519
U210,I267,comment,2026-06-23 10:20:32.055532
U454,I203,like,2026-07-29 18:33:32.055544
U711,I384,view,2026-07-01 23:54:32.055558
U421,I251,comment,2026-07-28 23:11:32.055570
U116,I486,view,2026-07-24 23:27:32.055583
U343,I153,view,2026-07-13 15:02:32.055595
U413,I384,like,2026-07-17 06:41:32.055607
U738,I116,like,2026-07-11 11:31:32.055627
U758,I101,view,2026-06-26 05:15:32.055640
U641,I97,view,2026-07-15 03:30:32.055656
U571,I421,view,2026-06-20 08:51:32.055669
U888,I300,view,2026-07-09 19:42:32.055681
U250,I476,like,2026-07-26 14:35:32.055694
U891,I467,like,2026-08-08 22:19:32.055707
U532,I392,comment,2026-06-20 07:33:32.055719
U944,I21,comment,2026-08-07 11:42:32.055731
U995,I398,like,2026-07-26 20:52:32.055744
U286,I53,view,2026-07-01 18:24:32.055756
U32,I110,comment,2026-06-07 15:00:32.055769
U257,I93,like,2026-06-28 03:32:32.055781
U740,I127,like,2026-08-04 18:24:32.055794
U209,I153,view,2026-07-29 06:15:32.055806
U318,I32,comment,2026-06-15 19:51:32.055818
U450,I63,view,2026-06-20 17:40:32.055831
U920,I246,comment,2026-07-28 01:06:32.055844
U865,I38,comment,2026-06-30 03:19:32.055867
U620,I437,view,2026-06-06 01:12:32.055884
U744,I485,comment,2026-06-06 14:34:32.055897
U144,I492,view,2026-06-17 08:04:32.055910
U181,I50,like,2026-08-02 09:37:32.055923
U506,I69,comment,2026-07-18 11:28:32.055935
U554,I392,like,2026-08-04 11:14:32.055948
U725,I174,like,2026-06-29 03:05:32.055961
U785,I172,like,2026-06-06 04:49:32.055974
U955,I251,view,2026-06-21 04:24:32.055987
U431,I120,like,2026-07-22 08:39:32.056000
U147,I140,view,2026-08-06 08:06:32.056016
U678,I443,view,2026-07-17 20:27:32.056033
U600,I199,like,2026-06-16 04:30:32.056046
U921,I214,view,2026-06-14 05:25:32.056059
U997,I324,comment,2026-08-03 10:51:32.056071
U624,I202,comment,2026-07-27 04:53:32.056086
U492,I47,comment,2026-07-10 21:25:32.056099
U495,I26,comment,2026-07-14 00:45:32.056111
U948,I353,view,2026-06-10 02:20:32.056124
U443,I398,view,2026-07-03 03:47:32.056139
U166,I427,like,2026-07-02 15:04:32.056151
U523,I190,view,2026-06-04 11:53:32.056164
U459,I236,like,2026-06-11 07:02:32.056177
U905,I497,comment,2026-07-31 15:20:32.056189
U182,I33,view,2026-06-19 01:30:32.056202
U584,I495,like,2026-06-09 15:40:32.056214
U671,I446,view,2026-08-03 23:15:32.056227
U504,I194,view,2026-06-05 05:08:32.056240
U489,I0,view,2026-06-04 08:58:32.056252
U501,I326,like,2026-08-11 16:49:32.056266
U130,I87,view,2026-07-02 21:56:32.056285
U591,I441,comment,2026-07-28 04:39:32.056298
U754,I141,comment,2026-07-12 04:09:32.056311
U187,I226,view,2026-07-16 09:59:32.056323
U971,I100,like,2026-06-09 04:07:32.056336
U992,I5,like,2026-06-17 15:12:32.056349
U558,I254,view,2026-06-14 20:09:32.056361
U772,I20,comment,2026-07-16 17:22:32.056373
U433,I459,comment,2026-06-21 11:49:32.056389
U314,I377,view,2026-08-03 20:26:32.056402
U674,I390,view,2026-07-05 02:15:32.056415
U555,I330,view,2026-07-15 03:49:32.056427
U615,I333,view,2026-06-28 13:03:32.056440
U713,I139,view,2026-06-08 04:16:32.056452
U198,I357,like,2026-08-11 03:08:32.056464
U214,I369,view,2026-07-29 23:29:32.056476
U170,I193,view,2026-07-06 04:21:32.056491
U513,I241,like,2026-06-13 20:01:32.056504
U701,I105,comment,2026-07-09 10:09:32.056516
U381,I496,view,2026-06-28 03:07:32.056529
U544,I188,comment,2026-07-13 00:09:32.056542
U495,I361,view,2026-07-07 15:36:32.056554
U908,I166,like,2026-08-11 10:41:32.056566
U593,I73,comment,2026-06-04 19:36:32.056578
U976,I214,comment,2026-07-24 03:53:32.056593
U18,I466,view,2026-08-01 16:08:32.056605
U227,I66,like,2026-07-27 01:23:32.056618
U354,I235,comment,2026-08-10 02:20:32.056630
U264,I38,like,2026-07-27 22:32:32.056643
U431,I201,comment,2026-06-04 08:11:32.056656
U244,I354,comment,2026-06-06 07:15:32.056668
U778,I1,view,2026-07-17 05:35:32.056681
U858,I463,comment,2026-07-09 03:59:32.056693
U990,I378,view,2026-06-14 04:29:32.056705
U454,I118,like,2026-07-16 18:10:32.056718
U788,I291,like,2026-06-12 19:17:32.056730
U980,I217,comment,2026-07-26 16:37:32.056745
U148,I413,view,2026-07-19 18:46:32.056758
U503,I224,comment,2026-08-11 14:39:32.056770
U206,I284,like,2026-06-10 21:43:32.056783
U989,I257,like,2026-06-29 00:35:32.056796
U984,I35,like,2026-08-07 09:02:32.056808
U147,I130,comment,2026-06-24 23:45:32.056821
U791,I432,view,2026-06-24 18:09:32.056833
U693,I388,comment,2026-07-17 23:57:32.056846
U115,I322,comment,2026-06-13 04:35:32.056859
U601,I122,view,2026-06-17 22:42:32.056871
U858,I199,view,2026-06-29 07:02:32.056883
U617,I125,view,2026-06-03 22:39:32.056901
U800,I403,view,2026-07-22 10:59:32.056913
U773,I407,view,2026-07-24 08:22:32.056926
U251,I258,like,2026-06-06 21:24:32.056938
U200,I269,comment,2026-07-03 17:34:32.056953
U567,I262,like,2026-06-22 14:46:32.056965
U736,I407,comment,2026-06-25 07:38:32.056978
U594,I404,view,2026-07-29 05:03:32.056990
U353,I262,like,2026-07-02 02:35:32.057002
U215,I285,view,2026-07-03 08:35:32.057015
U989,I275,like,2026-07-08 08:16:32.057027
U356,I92,view,2026-07-29 21:40:32.057039
U255,I170,like,2026-06-28 03:02:32.057052
U827,I423,view,2026-06-17 22:15:32.057065
U853,I363,view,2026-06-16 18:58:32.057077
U241,I245,view,2026-06-28 04:29:32.057090
U238,I375,view,2026-07-10 01:44:32.057104
U136,I58,view,2026-06-17 21:19:32.057117
U535,I12,comment,2026-06-25 19:51:32.057130
U261,I472,view,2026-07-06 01:42:32.057145
U31,I341,like,2026-07-23 20:15:32.057158
U951,I148,like,2026-06-18 17:48:32.057170
U930,I428,view,2026-06-06 20:51:32.057183
U359,I29,view,2026-07-06 21:56:32.057195
U474,I78,view,2026-07-28 18:59:32.057208
U418,I339,view,2026-07-03 08:04:32.057220
U189,I273,like,2026-08-06 16:23:32.057233
U460,I206,comment,2026-07-01 05:51:32.057245
U758,I227,view,2026-07-05 05:05:32.057259
U984,I226,view,2026-06-08 00:35:32.057271
U234,I359,view,2026-06-28 22:42:32.057284
U77,I272,like,2026-06-17 10:01:32.057296
U46,I183,view,2026-06-20 09:11:32.057312
U448,I135,comment,2026-06-27 04:42:32.057325
U972,I403,view,2026-06-21 02:00:32.057337
U233,I111,like,2026-07-09 22:09:32.057350
U220,I354,comment,2026-07-17 06:56:32.057362
U43,I342,comment,2026-07-28 11:11:32.057374
U997,I131,like,2026-07-07 12:34:32.057387
U120,I28,view,2026-07-21 09:46:32.057399
U247,I77,comment,2026-06-22 05:09:32.057411
U709,I241,comment,2026-07-25 17:42:32.057424
U398,I179,like,2026-06-24 18:13:32.057436
U549,I140,view,2026-08-01 17:26:32.057449
U628,I274,comment,2026-06-04 04:12:32.057461
U402,I41,like,2026-07-29 23:27:32.057476
U594,I154,like,2026-07-06 09:41:32.057489
U243,I483,comment,2026-06-29 19:40:32.057501
U186,I135,comment,2026-07-06 03:42:32.057514
U868,I104,view,2026-06-22 16:53:32.057526
U356,I243,like,2026-07-06 17:17:32.057539
U676,I358,view,2026-07-13 10:48:32.057551
U35,I5,comment,2026-07-30 02:25:32.057564
U566,I475,view,2026-06-08 11:42:32.057576
U306,I431,like,2026-06-26 13:58:32.057588
U663,I364,view,2026-07-10 12:40:32.057600
U537,I396,like,2026-08-09 08:57:32.057613
U592,I318,view,2026-06-26 07:46:32.057626
U439,I222,view,2026-06-09 02:47:32.057639
U582,I82,view,2026-07-18 11:05:32.057652
U660,I408,comment,2026-06-10 00:28:32.057664
U16,I476,comment,2026-08-05 22:26:32.057679
U892,I136,view,2026-08-09 05:16:32.057692
U317,I257,comment,2026-06-04 18:44:32.057704
U228,I176,view,2026-06-17 13:11:32.057719
U499,I191,comment,2026-07-22 06:58:32.057732
U856,I146,comment,2026-07-21 10:56:32.057744
U390,I430,comment,2026-06-16 12:34:32.057757
U578,I200,like,2026-06-07 16:15:32.057771
U62,I249,comment,2026-06-07 03:37:32.057784
U940,I293,view,2026-06-14 22:36:32.057796
U455,I233,like,2026-07-29 05:23:32.057808
U164,I72,view,2026-07-03 18:12:32.057821
U314,I445,comment,2026-06-06 08:15:32.057835
U691,I43,comment,2026-07-20 19:24:32.057848
U242,I486,like,2026-08-10 21:05:32.057860
U151,I254,like,2026-07-30 11:17:32.057873
U471,I396,comment,2026-06-05 06:43:32.057886
U61,I438,comment,2026-07-04 15:37:32.057898
U824,I447,view,2026-06-30 00:26:32.057911
U782,I457,view,2026-07-03 01:34:32.057923
U710,I288,like,2026-06-23 21:44:32.057935
U708,I19,comment,2026-08-01 23:27:32.057948
U258,I183,like,2026-06-22 09:33:32.057962
U386,I332,view,2026-06-11 03:58:32.057981
U10,I59,comment,2026-06-25 21:22:32.057994
U912,I446,like,2026-07-28 17:30:32.058007
U779,I489,like,2026-06-27 12:10:32.058020
U350,I446,like,2026-08-06 20:34:32.058032
U25,I206,view,2026-06-16 14:25:32.058044
U700,I41,comment,2026-07-09 12:33:32.058058
U542,I452,comment,2026-06-21 02:20:32.058070
U224,I443,view,2026-06-12 14:29:32.058083
U160,I442,like,2026-07-19 07:34:32.058095
U262,I163,comment,2026-07-03 03:14:32.058107
U346,I93,like,2026-07-26 07:29:32.058122
U130,I49,comment,2026-06-05 04:43:32.058135
U995,I274,view,2026-07-14 16:39:32.058147
U286,I392,like,2026-07-25 13:56:32.058160
U636,I410,view,2026-06-20 12:45:32.058173
U382,I335,like,2026-07-02 03:00:32.058185
U411,I288,view,2026-07-24 17:05:32.058199
U213,I480,like,2026-07-21 03:02:32.058212
U564,I40,comment,2026-07-03 08:00:32.058226
U597,I167,view,2026-08-08 01:07:32.058239
U493,I6,comment,2026-06-05 15:46:32.058252
U675,I344,comment,2026-06-18 10:12:32.058265
U378,I362,like,2026-08-10 15:32:32.058434
U859,I220,like,2026-07-05 09:41:32.058473
U925,I57,view,2026-08-06 00:49:32.058502
U827,I71,view,2026-06-28 17:10:32.058526
U298,I21,view,2026-06-27 02:16:32.058551
U663,I57,like,2026-07-01 13:33:32.058575
U847,I97,like,2026-06-10 07:34:32.058626
U384,I295,view,2026-07-21 23:17:32.058655
U852,I271,like,2026-08-05 12:42:32.058679
U282,I160,like,2026-06-23 04:55:32.058701
U451,I455,view,2026-06-19 18:23:32.058722
U616,I387,view,2026-06-21 09:30:32.058745
U406,I69,view,2026-06-20 09:04:32.058764
U984,I480,like,2026-08-11 03:43:32.058787
U799,I328,like,2026-06-22 13:02:32.058804
U293,I28,comment,2026-07-29 16:18:32.058817
U76,I257,comment,2026-08-07 12:34:32.058831
U328,I196,like,2026-06-21 21:26:32.058844
U958,I97,view,2026-08-02 02:35:32.058858
U584,I49,like,2026-06-13 10:19:32.058870
U418,I27,comment,2026-06-08 23:06:32.058890
U747,I279,comment,2026-06-05 02:02:32.058902
U540,I290,comment,2026-07-13 03:56:32.058918
U269,I313,view,2026-08-05 15:31:32.058930
U561,I498,comment,2026-07-18 01:02:32.058943
U984,I7,view,2026-07-20 19:44:32.058958
U556,I483,comment,2026-07-10 16:23:32.058970
U315,I235,like,2026-06-16 04:45:32.058983
U789,I95,comment,2026-06-14 10:40:32.058995
U864,I482,like,2026-06-10 06:28:32.059007
U975,I190,comment,2026-06-26 09:06:32.059020
U468,I156,view,2026-06-29 21:02:32.059032
U37,I172,comment,2026-07-08 04:37:32.059045
U156,I115,like,2026-06-06 16:21:32.059057
U48,I426,comment,2026-07-07 02:33:32.059070
U6,I299,view,2026-07-14 17:32:32.059083
U278,I320,comment,2026-08-01 23:54:32.059095
U369,I5,like,2026-07-30 05:21:32.059108
U860,I455,view,2026-06-06 18:32:32.059120
U226,I469,comment,2026-08-07 01:00:32.059135
U427,I202,view,2026-07-08 16:50:32.059148
U880,I192,comment,2026-08-06 19:11:32.059160
U866,I424,comment,2026-08-09 04:25:32.059173
U357,I316,like,2026-06-26 06:58:32.059185
U873,I184,view,2026-07-08 21:59:32.059198
U712,I234,comment,2026-07-12 19:27:32.059214
U496,I275,view,2026-07-23 11:12:32.059226
U845,I411,comment,2026-06-20 16:23:32.059238
U716,I495,like,2026-06-19 17:00:32.059251
U98,I474,view,2026-07-14 18:18:32.059263
U499,I136,like,2026-06-30 19:27:32.059275
U155,I448,view,2026-06-18 19:17:32.059292
U42,I360,like,2026-07-13 04:41:32.059307
U890,I78,like,2026-06-09 16:07:32.059320
U809,I392,view,2026-06-06 05:03:32.059333
U950,I477,comment,2026-08-10 04:03:32.059347
U606,I63,like,2026-07-30 06:19:32.059360
U466,I216,comment,2026-06-27 14:04:32.059373
U72,I465,comment,2026-07-25 18:50:32.059385
U257,I345,view,2026-07-22 02:10:32.059398
U172,I41,like,2026-08-05 01:44:32.059410
U832,I323,view,2026-08-07 08:32:32.059422
U133,I223,view,2026-07-04 22:03:32.059435
U780,I344,like,2026-07-21 11:35:32.059447
U496,I230,like,2026-06-15 06:28:32.059460
U954,I282,like,2026-07-22 21:07:32.059473
U971,I438,like,2026-08-11 03:44:32.059486
U626,I463,view,2026-07-20 16:20:32.059499
U100,I134,comment,2026-07-28 01:02:32.059512
U255,I251,view,2026-08-10 15:26:32.059525
U212,I158,comment,2026-07-23 02:13:32.059537
U819,I100,view,2026-07-26 09:17:32.059550
U527,I226,comment,2026-06-15 05:00:32.059562
U157,I411,comment,2026-07-04 21:22:32.059574
U327,I206,view,2026-07-07 02:08:32.059587
U423,I389,view,2026-08-08 17:33:32.059599
U765,I337,comment,2026-06-22 10:11:32.059612
U41,I16,like,2026-06-07 16:53:32.059624
U368,I464,view,2026-06-20 10:11:32.059637
U673,I179,view,2026-06-04 05:34:32.059652
U220,I278,like,2026-07-13 00:16:32.059664
U480,I426,comment,2026-08-06 23:54:32.059676
U934,I47,comment,2026-07-18 07:07:32.059692
U226,I350,view,2026-06-10 04:25:32.059704
U764,I412,comment,2026-07-01 12:04:32.059719
U553,I54,view,2026-06-14 23:15:32.059732
U50,I492,comment,2026-07-01 11:59:32.059745
U635,I494,view,2026-07-17 21:59:32.059757
U634,I474,view,2026-08-02 03:03:32.059770
U818,I144,view,2026-06-25 12:51:32.059788
U892,I413,like,2026-07-11 04:44:32.059801
U685,I387,view,2026-08-01 10:37:32.059813
U978,I151,comment,2026-07-03 21:41:32.059826
U416,I47,view,2026-06-12 22:57:32.059839
U608,I174,comment,2026-08-01 18:32:32.059851
U465,I47,like,2026-08-11 11:50:32.059864
U888,I427,comment,2026-07-09 18:01:32.059876
U424,I431,like,2026-07-06 19:54:32.059889
U400,I219,view,2026-06-22 11:18:32.059901
U370,I148,comment,2026-06-12 02:47:32.059914
U340,I120,view,2026-06-10 11:37:32.059926
U408,I112,comment,2026-06-27 15:50:32.059939
U435,I221,comment,2026-06-17 19:27:32.059952
U635,I455,comment,2026-06-16 13:19:32.059964
U613,I23,like,2026-06-12 12:16:32.059976
U234,I141,comment,2026-07-30 17:55:32.059989
U238,I457,view,2026-08-02 12:32:32.060002
U854,I219,like,2026-07-26 00:49:32.060028
U390,I219,comment,2026-06-26 09:03:32.060041
U866,I158,view,2026-06-14 00:16:32.060053
U110,I269,view,2026-07-07 03:28:32.060066
U99,I159,comment,2026-07-28 06:05:32.060078
U561,I264,like,2026-07-06 01:39:32.060091
U223,I364,comment,2026-06-23 21:48:32.060104
U963,I30,view,2026-07-08 18:51:32.060116
U769,I105,like,2026-08-03 22:34:32.060130
U674,I184,like,2026-06-15 11:50:32.060142
U204,I39,view,2026-07-24 21:41:32.060154
U353,I220,like,2026-08-01 21:16:32.060166
U968,I227,like,2026-07-27 22:02:32.060179
U496,I259,comment,2026-06-29 14:43:32.060192
U192,I152,comment,2026-07-01 07:18:32.060204
U850,I295,like,2026-07-02 06:31:32.060217
U174,I383,like,2026-07-22 04:49:32.060230
U788,I317,view,2026-08-01 19:09:32.060244
U494,I390,comment,2026-08-04 21:38:32.060257
U624,I357,comment,2026-06-22 01:57:32.060269
U164,I451,like,2026-07-11 07:36:32.060282
U534,I279,comment,2026-06-12 04:28:32.060294
U969,I267,comment,2026-06-12 14:51:32.060307
U201,I61,like,2026-06-15 01:42:32.060320
U722,I384,comment,2026-06-09 11:04:32.060332
U697,I348,comment,2026-07-15 02:59:32.060345
U15,I270,comment,2026-07-14 20:21:32.060357
U457,I140,like,2026-07-01 17:23:32.060370
U199,I312,comment,2026-07-29 01:03:32.060385
U588,I321,comment,2026-08-02 08:01:32.060397
U763,I249,comment,2026-07-05 18:09:32.060410
U349,I224,comment,2026-06-19 03:36:32.060422
U585,I414,like,2026-07-07 19:13:32.060434
U127,I259,like,2026-06-05 09:44:32.060447
U296,I134,like,2026-07-12 21:42:32.060460
U127,I44,view,2026-08-08 09:53:32.060472
U611,I161,comment,2026-07-12 10:54:32.060485
U320,I39,view,2026-06-12 12:40:32.060497
U129,I148,like,2026-07-09 05:36:32.060509
U944,I66,view,2026-07-03 12:17:32.060522
U242,I159,view,2026-07-19 23:26:32.060537
U6,I34,comment,2026-08-03 21:38:32.060550
U686,I231,like,2026-06-13 15:51:32.060562
U683,I194,comment,2026-06-17 14:19:32.060575
U931,I60,comment,2026-07-14 23:39:32.060587
U333,I108,like,2026-06-28 00:38:32.060602
U705,I491,comment,2026-07-26 12:28:32.060615
U20,I49,comment,2026-07-08 03:18:32.060627
U627,I48,comment,2026-07-03 04:52:32.060639
U963,I344,like,2026-07-08 06:44:32.060651
U701,I483,comment,2026-08-04 20:39:32.060664
U359,I451,comment,2026-07-22 02:07:32.060676
U192,I243,comment,2026-06-25 17:02:32.060688
U276,I3,view,2026-06-16 11:33:32.060701
U90,I103,comment,2026-08-05 07:20:32.060714
U644,I251,view,2026-08-05 13:41:32.060726
U15,I316,like,2026-06-28 12:11:32.060738
U113,I293,comment,2026-06-28 23:12:32.060752
U657,I52,view,2026-07-15 14:36:32.060765
U925,I176,like,2026-07-14 11:13:32.060779
U596,I183,like,2026-07-17 08:48:32.060792
U596,I438,view,2026-06-13 12:44:32.060804
U367,I167,view,2026-07-25 14:10:32.060816
U555,I249,like,2026-07-07 21:51:32.060828
U562,I18,comment,2026-07-26 22:02:32.060840
U609,I201,comment,2026-06-06 16:58:32.060852
U79,I432,view,2026-08-07 07:36:32.060865
U547,I131,like,2026-06-25 11:01:32.060877
U531,I453,like,2026-07-08 00:08:32.060890
U847,I276,comment,2026-06-24 15:21:32.060902
U143,I439,comment,2026-06-07 21:16:32.060915
U173,I100,view,2026-08-09 17:18:32.060927
U842,I304,view,2026-08-08 23:15:32.060942
U466,I475,like,2026-07-14 10:59:32.060955
U740,I479,comment,2026-07-17 18:12:32.060967
U256,I174,like,2026-07-21 08:12:32.060980
U22,I339,like,2026-07-08 10:58:32.060992
U687,I1,comment,2026-07-10 06:45:32.061004
U730,I370,like,2026-06-11 11:26:32.061017
U624,I314,like,2026-06-26 06:19:32.061029
U85,I429,view,2026-06-29 04:42:32.061042
U236,I108,like,2026-08-09 05:40:32.061056
U181,I252,view,2026-07-08 11:04:32.061069
U244,I365,like,2026-07-01 05:41:32.061081
U187,I85,like,2026-06-27 15:55:32.061093
U227,I426,comment,2026-06-17 00:37:32.061109
U877,I165,like,2026-07-19 00:14:32.061122
U851,I106,like,2026-06-13 18:14:32.061135
U395,I455,like,2026-07-12 14:49:32.061148
U599,I24,comment,2026-06-30 13:38:32.061160
U239,I182,like,2026-07-13 00:49:32.061173
U863,I72,like,2026-07-04 18:08:32.061185
U775,I422,view,2026-07-09 12:19:32.061197
U266,I301,like,2026-08-07 01:27:32.061210
U988,I406,comment,2026-07-23 18:56:32.061223
U984,I490,view,2026-06-30 05:06:32.061235
U909,I97,comment,2026-07-09 05:33:32.061248
U98,I99,view,2026-06-12 21:16:32.061260
U355,I414,view,2026-06-19 08:46:32.061272
U444,I151,like,2026-07-04 12:42:32.061285
U60,I324,comment,2026-08-06 04:41:32.061297
U732,I13,view,2026-06-21 17:00:32.061309
U637,I361,comment,2026-07-28 14:27:32.061324
U478,I130,like,2026-06-09 01:22:32.061336
U321,I45,comment,2026-06-13 05:42:32.061350
U715,I124,like,2026-07-07 15:06:32.061363
U297,I46,like,2026-06-17 11:45:32.061375
U629,I437,like,2026-06-09 00:10:32.061388
U204,I222,comment,2026-07-04 14:43:32.061400
U317,I367,like,2026-06-14 11:53:32.061414
U779,I80,view,2026-07-10 00:00:32.061427
U946,I147,like,2026-07-03 20:57:32.061454
U41,I21,comment,2026-07-31 06:11:32.061469
U552,I385,view,2026-06-20 11:29:32.061484
U674,I93,like,2026-07-25 14:21:32.061497
U533,I132,like,2026-07-10 01:33:32.061510
U871,I236,view,2026-06-16 18:16:32.061522
U192,I275,view,2026-06-18 12:01:32.061534
U326,I472,view,2026-07-15 11:17:32.061546
U376,I448,view,2026-06-21 09:12:32.061559
U171,I79,comment,2026-08-06 00:37:32.061571
U656,I247,comment,2026-06-28 13:59:32.061584
U329,I90,view,2026-07-18 04:26:32.061596
U637,I227,comment,2026-07-10 11:40:32.061608
U407,I187,comment,2026-08-02 12:52:32.061621
U166,I263,view,2026-06-11 13:22:32.061634
U908,I316,view,2026-07-12 12:15:32.061646
U446,I103,view,2026-07-25 16:59:32.061658
U438,I251,comment,2026-07-04 07:00:32.061670
U355,I395,comment,2026-08-06 12:46:32.061683
U215,I41,view,2026-08-11 12:52:32.061695
U80,I85,like,2026-06-15 17:23:32.061708
U73,I125,like,2026-06-14 05:07:32.061721
U778,I477,view,2026-06-25 21:07:32.061734
U504,I182,like,2026-06-14 11:41:32.061746
U795,I348,comment,2026-07-26 13:55:32.061761
U75,I154,comment,2026-06-05 17:46:32.061774
U523,I109,comment,2026-07-16 13:41:32.061787
U692,I397,comment,2026-06-04 03:42:32.061800
U802,I232,comment,2026-06-21 12:07:32.061814
U518,I269,view,2026-06-15 14:33:32.061826
U236,I316,comment,2026-06-25 11:16:32.061840
U993,I102,view,2026-06-09 17:48:32.061853
U130,I185,like,2026-07-09 00:06:32.061866
U888,I146,like,2026-08-08 13:31:32.061878
U638,I438,like,2026-07-11 17:45:32.061893
U705,I127,comment,2026-07-27 02:19:32.061906
U987,I32,comment,2026-08-06 01:59:32.061918
U501,I100,view,2026-07-16 18:03:32.061930
U808,I194,comment,2026-08-09 21:33:32.061942
U962,I402,comment,2026-06-24 08:33:32.061955
U741,I293,view,2026-06-21 09:33:32.061968
U828,I364,view,2026-07-29 00:43:32.061980
U995,I383,comment,2026-06-30 00:46:32.061993
U104,I492,comment,2026-06-29 12:31:32.062005
U798,I164,comment,2026-08-02 05:44:32.062018
U17,I279,like,2026-06-12 08:26:32.062038
U931,I39,like,2026-07-23 09:56:32.062050
U838,I10,like,2026-07-26 11:50:32.062063
U911,I52,view,2026-07-30 02:24:32.062076
U214,I298,comment,2026-07-09 18:08:32.062089
U109,I91,like,2026-07-04 19:53:32.062101
U610,I262,like,2026-07-30 10:01:32.062115
U195,I78,view,2026-07-10 12:16:32.062127
U933,I132,like,2026-07-19 00:09:32.062140
U999,I64,like,2026-07-05 13:53:32.062152
U838,I118,view,2026-07-30 17:18:32.062164
U422,I380,view,2026-07-31 05:12:32.062180
U116,I151,comment,2026-07-13 18:10:32.062192
U207,I465,comment,2026-08-02 03:32:32.062205
U344,I330,like,2026-07-18 13:25:32.062220
U329,I63,view,2026-07-07 01:58:32.062233
U500,I278,comment,2026-06-27 21:23:32.062245
U563,I256,like,2026-08-04 16:36:32.062260
U695,I63,view,2026-07-10 16:56:32.062273
U779,I310,like,2026-07-23 21:28:32.062285
U182,I216,view,2026-07-15 15:52:32.062298
U190,I100,like,2026-06-08 13:07:32.062310
U702,I201,like,2026-07-12 02:16:32.062322
U363,I406,comment,2026-07-05 02:26:32.062335
U625,I348,like,2026-07-23 22:25:32.062347
U196,I367,comment,2026-06-05 19:57:32.062359
U576,I361,like,2026-08-03 22:54:32.062372
U35,I448,comment,2026-07-02 09:06:32.062385
U84,I290,comment,2026-07-20 07:39:32.062397
U180,I102,view,2026-06-22 22:26:32.062410
U102,I181,comment,2026-07-11 19:38:32.062422
U346,I70,comment,2026-06-21 22:25:32.062437
U747,I240,comment,2026-06-14 16:24:32.062450
U796,I82,view,2026-07-08 03:46:32.062462
U6,I450,like,2026-07-23 05:43:32.062475
U337,I219,comment,2026-08-09 20:08:32.062487
U692,I298,like,2026-08-10 12:12:32.062499
U637,I313,view,2026-06-24 05:16:32.062511
U443,I260,view,2026-08-04 16:56:32.062523
U614,I370,comment,2026-08-10 16:47:32.062536
U493,I356,view,2026-07-03 02:09:32.062548
U507,I480,view,2026-07-07 03:41:32.062561
U583,I292,view,2026-06-21 07:04:32.062575
U222,I341,view,2026-08-01 23:32:32.062590
U583,I330,like,2026-06-15 16:49:32.062603
U581,I148,view,2026-06-10 18:09:32.062615
U471,I139,comment,2026-08-01 02:50:32.062628
U177,I120,view,2026-08-04 05:38:32.062641
U612,I356,view,2026-08-11 00:48:32.062653
U36,I72,comment,2026-08-03 13:05:32.062665
U370,I172,like,2026-06-27 19:51:32.062677
U868,I467,comment,2026-06-25 12:39:32.062690
U778,I202,like,2026-07-01 14:12:32.062702
U215,I170,like,2026-07-24 09:10:32.062715
U169,I450,comment,2026-08-08 17:08:32.062727
U133,I258,view,2026-06-17 19:21:32.062740
U411,I209,comment,2026-06-27 04:10:32.062753
U443,I414,view,2026-07-09 05:56:32.062766
U832,I276,view,2026-07-18 09:15:32.062779
U217,I35,like,2026-07-07 18:28:32.062792
U165,I467,like,2026-08-06 10:16:32.062804
U729,I343,view,2026-07-05 23:01:32.062817
U363,I441,like,2026-07-15 02:21:32.062830
U717,I315,comment,2026-06-30 19:28:32.062842
U211,I402,view,2026-07-06 04:32:32.062854
U751,I186,view,2026-07-16 10:04:32.062867
U767,I102,like,2026-08-10 04:12:32.062880
U348,I181,comment,2026-06-27 18:02:32.062892
U67,I339,like,2026-07-24 04:21:32.062904
U696,I28,view,2026-07-29 17:37:32.062917
U472,I169,view,2026-07-05 02:49:32.062932
U42,I285,view,2026-06-23 03:40:32.062945
U592,I390,comment,2026-06-22 22:50:32.062958
U392,I312,comment,2026-06-17 11:59:32.062973
U193,I169,view,2026-07-15 13:56:32.062985
U208,I130,like,2026-07-25 16:32:32.063001
U102,I134,view,2026-07-17 15:52:32.063013
U787,I170,like,2026-06-05 07:31:32.063026
U103,I86,comment,2026-06-08 11:04:32.063039
U890,I494,view,2026-07-03 09:33:32.063051
U46,I217,like,2026-06-14 07:59:32.063064
U992,I389,like,2026-06-03 23:10:32.063079
U639,I458,view,2026-08-02 01:10:32.063092
U564,I22,view,2026-07-18 00:37:32.063104
U48,I334,view,2026-06-07 05:53:32.063117
U746,I372,view,2026-06-19 14:34:32.063129
U118,I162,like,2026-07-15 08:17:32.063142
U763,I53,comment,2026-08-11 15:19:32.063154
U366,I403,like,2026-06-22 00:14:32.063167
U357,I7,view,2026-08-04 14:58:32.063179
U720,I123,view,2026-07-18 14:22:32.063192
U490,I322,comment,2026-06-07 17:38:32.063204
U165,I496,view,2026-06-10 04:55:32.063216
U411,I465,like,2026-07-05 02:11:32.063229
U260,I36,like,2026-07-27 04:46:32.063244
U823,I210,comment,2026-07-01 16:03:32.063264
U138,I163,view,2026-07-18 12:50:32.063284
U705,I112,view,2026-06-20 12:06:32.063304
U757,I441,like,2026-07-16 20:33:32.063320
U348,I108,view,2026-06-06 22:36:32.063334
U407,I6,comment,2026-07-31 07:39:32.063348
U259,I13,view,2026-08-04 05:13:32.063361
U464,I144,view,2026-06-15 13:41:32.063374
U283,I70,comment,2026-06-11 14:27:32.063387
U242,I475,view,2026-06-09 04:21:32.063400
U718,I421,view,2026-07-06 09:48:32.063413
U540,I333,comment,2026-06-04 10:22:32.063429
U640,I95,comment,2026-07-03 11:09:32.063443
U515,I438,like,2026-08-10 02:07:32.063456
U582,I50,view,2026-06-13 21:27:32.063470
U562,I52,like,2026-07-28 23:01:32.063482
U314,I401,comment,2026-07-07 08:26:32.063494
U125,I479,comment,2026-07-28 07:24:32.063508
U798,I392,view,2026-08-08 06:30:32.063521
U619,I411,comment,2026-08-11 16:29:32.063533
U165,I4,view,2026-06-03 11:41:32.063546
U862,I239,view,2026-06-08 13:50:32.063561
U15,I310,comment,2026-06-11 11:26:32.063574
U252,I183,like,2026-06-10 08:45:32.063586
U325,I318,like,2026-08-05 00:34:32.063599
U480,I174,view,2026-07-23 10:11:32.063611
U241,I60,comment,2026-08-06 20:06:32.063623
U138,I343,comment,2026-07-24 06:46:32.063636
U244,I255,view,2026-06-29 16:36:32.063649
U1,I272,comment,2026-08-07 03:37:32.063662
U315,I459,view,2026-07-21 09:09:32.063674
U478,I390,comment,2026-07-11 09:02:32.063686
U563,I235,like,2026-07-09 08:31:32.063701
U203,I239,like,2026-06-28 00:26:32.063714
U141,I18,view,2026-08-01 09:03:32.063726
U331,I117,like,2026-07-22 03:44:32.063738
U25,I3,like,2026-07-25 20:52:32.063751
U344,I486,comment,2026-06-20 11:02:32.063764
U934,I413,comment,2026-07-18 02:38:32.063776
U455,I390,comment,2026-08-05 17:17:32.063789
U195,I473,like,2026-08-05 11:10:32.063801
U945,I51,comment,2026-08-03 12:13:32.063814
U609,I212,view,2026-07-22 04:31:32.063826
U624,I148,view,2026-06-04 12:21:32.063841
U808,I354,comment,2026-07-28 11:04:32.063853
U144,I211,view,2026-07-03 11:29:32.063866
U202,I44,comment,2026-07-15 06:52:32.063878
U904,I108,like,2026-06-18 20:32:32.063890
U901,I426,view,2026-08-09 03:51:32.063903
U211,I328,view,2026-07-14 12:11:32.063917
U708,I291,like,2026-07-20 08:55:32.063930
U77,I182,comment,2026-06-14 12:35:32.063943
U350,I100,view,2026-07-08 07:41:32.063955
U442,I254,like,2026-07-23 23:26:32.063968
U410,I156,comment,2026-06-08 14:02:32.063981
U200,I168,like,2026-06-04 20:22:32.063993
U950,I154,comment,2026-07-27 11:18:32.064005
U188,I263,view,2026-07-30 11:36:32.064018
U217,I71,comment,2026-06-10 07:20:32.064042
U221,I425,comment,2026-06-26 06:33:32.064055
U675,I164,view,2026-07-25 19:32:32.064070
U843,I366,view,2026-07-02 03:48:32.064082
U780,I313,view,2026-07-23 13:27:32.064094
U729,I130,view,2026-07-05 20:20:32.064107
U363,I498,comment,2026-07-01 07:40:32.064122
U322,I281,like,2026-06-14 11:01:32.064134
U226,I177,like,2026-07-31 23:24:32.064147
U685,I311,comment,2026-08-11 19:42:32.064159
U699,I198,comment,2026-08-11 05:44:32.064173
U977,I221,comment,2026-08-03 19:00:32.064185
U147,I100,view,2026-06-05 15:37:32.064198
U656,I39,comment,2026-07-17 06:22:32.064211
U41,I79,comment,2026-07-19 01:11:32.064223
U471,I257,like,2026-08-11 01:45:32.064235
U904,I484,comment,2026-07-12 10:18:32.064248
U14,I54,comment,2026-07-24 22:00:32.064263
U145,I254,view,2026-08-09 22:15:32.064276
U981,I97,view,2026-07-18 07:35:32.064288
U584,I58,comment,2026-08-02 12:42:32.064300
U886,I8,view,2026-07-11 07:35:32.064314
U128,I194,view,2026-06-15 14:55:32.064326
U406,I102,comment,2026-07-15 17:53:32.064338
U171,I237,like,2026-06-06 08:29:32.064351
U75,I95,comment,2026-07-19 00:43:32.064363
U700,I160,comment,2026-07-24 09:10:32.064376
U396,I249,comment,2026-06-26 10:35:32.064389
U663,I483,comment,2026-06-17 04:47:32.064401
U979,I221,comment,2026-06-12 20:07:32.064414
U313,I199,comment,2026-06-15 12:39:32.064429
U876,I474,like,2026-07-07 15:52:32.064441
U610,I263,comment,2026-06-08 06:35:32.064454
U199,I2,like,2026-06-09 22:38:32.064466
U238,I105,like,2026-07-30 18:19:32.064479
U499,I314,view,2026-06-05 18:44:32.064492
U821,I483,view,2026-06-22 18:09:32.064505
U971,I69,like,2026-07-01 16:07:32.064517
U1,I87,view,2026-07-04 20:57:32.064530
U682,I440,comment,2026-07-31 20:28:32.064544
U617,I290,comment,2026-08-05 09:56:32.064564
U303,I438,view,2026-07-17 01:30:32.064585
U638,I48,view,2026-07-10 19:23:32.064605
U122,I157,view,2026-06-30 23:50:32.064626
U363,I216,like,2026-07-04 23:38:32.064646
U756,I21,like,2026-06-23 06:01:32.064666
U289,I298,comment,2026-06-09 22:21:32.064688
U153,I203,like,2026-07-04 17:15:32.064708
U527,I450,like,2026-07-28 11:30:32.064726
U993,I256,comment,2026-06-21 06:51:32.064742
U320,I363,comment,2026-08-05 07:30:32.064756
U314,I398,like,2026-06-04 06:19:32.064773
U11,I289,comment,2026-07-08 00:19:32.064819
U71,I344,comment,2026-06-16 20:28:32.064852
U173,I317,like,2026-07-28 10:46:32.064898
U749,I172,comment,2026-06-24 18:55:32.064955
U613,I23,view,2026-06-26 21:29:32.064978
U343,I407,like,2026-07-04 06:42:32.065000
U582,I7,like,2026-08-06 20:10:32.065025
U833,I360,like,2026-07-16 20:04:32.065046
U753,I383,comment,2026-06-05 18:36:32.065067
U857,I418,view,2026-06-03 12:40:32.065088
U752,I36,like,2026-07-26 02:00:32.065108
U50,I70,comment,2026-07-23 11:36:32.065129
U25,I425,view,2026-07-30 04:23:32.065149
U925,I119,view,2026-06-15 21:56:32.065170
U834,I491,comment,2026-06-14 17:18:32.065190
U587,I426,comment,2026-06-08 21:56:32.065211
U893,I420,like,2026-06-09 15:24:32.065234
U703,I71,view,2026-06-15 20:11:32.065256
U157,I487,like,2026-06-30 12:50:32.065400
U156,I75,like,2026-08-07 16:07:32.065441
U808,I104,like,2026-07-09 00:00:32.065457
U753,I283,like,2026-07-22 13:43:32.065471
U229,I295,view,2026-06-16 15:29:32.065484
U691,I183,like,2026-08-02 05:22:32.065497
U715,I61,like,2026-06-15 19:25:32.065510
U782,I317,view,2026-06-27 13:59:32.065523
U781,I379,comment,2026-07-20 15:43:32.065536
U554,I421,view,2026-07-01 04:03:32.065549
U616,I80,comment,2026-06-22 15:39:32.065567
U479,I199,comment,2026-06-24 06:38:32.065579
U841,I80,like,2026-07-07 04:44:32.065592
U7,I325,view,2026-06-07 19:37:32.065605
U300,I93,like,2026-06-18 20:12:32.065617
U788,I196,comment,2026-07-12 21:11:32.065631
U106,I155,comment,2026-06-10 08:44:32.065643
U266,I407,view,2026-07-08 12:50:32.065659
U346,I235,comment,2026-07-24 19:32:32.065677
U24,I459,comment,2026-07-28 16:53:32.065691
U839,I11,comment,2026-06-24 18:54:32.065712
U66,I158,view,2026-06-11 06:42:32.065726
U996,I432,view,2026-06-14 22:41:32.065744
U305,I414,view,2026-06-16 21:47:32.065757
U641,I63,view,2026-06-26 19:10:32.065770
U719,I224,like,2026-08-07 05:58:32.065782
U177,I431,view,2026-06-26 01:16:32.065795
U81,I32,like,2026-08-10 21:55:32.065808
U777,I2,view,2026-07-18 02:28:32.065821
U243,I472,view,2026-07-22 22:46:32.065833
U599,I61,comment,2026-08-04 04:06:32.065846
U593,I361,view,2026-08-01 06:09:32.065859
U772,I38,view,2026-06-15 05:13:32.065872
U448,I302,comment,2026-07-20 03:38:32.065885
U914,I99,like,2026-06-15 21:13:32.065897
U345,I0,comment,2026-06-04 06:56:32.065910
U974,I143,view,2026-07-11 21:45:32.065923
U54,I444,comment,2026-07-17 02:02:32.065936
U244,I433,like,2026-07-02 16:33:32.065948
U99,I422,view,2026-07-27 17:09:32.065961
U584,I285,view,2026-08-11 06:56:32.065973
U145,I361,view,2026-07-17 06:11:32.065986
U999,I487,view,2026-07-18 19:55:32.066001
U780,I474,like,2026-07-05 13:43:32.066014
U88,I345,comment,2026-06-18 22:57:32.066027
U218,I350,comment,2026-07-26 13:13:32.066042
U279,I425,like,2026-06-25 12:50:32.066055
U758,I269,comment,2026-08-01 09:30:32.066068
U967,I456,view,2026-06-13 12:20:32.066080
U438,I119,like,2026-07-20 22:32:32.066095
U518,I53,like,2026-06-28 05:31:32.066108
U14,I460,view,2026-07-13 16:38:32.066121
U494,I364,view,2026-07-16 01:10:32.066133
U78,I19,like,2026-06-29 12:30:32.066145
U420,I474,like,2026-07-26 21:13:32.066158
U424,I436,view,2026-07-12 09:01:32.066170
U615,I137,like,2026-06-07 09:54:32.066182
U334,I65,comment,2026-06-24 05:18:32.066194
U215,I269,comment,2026-08-04 05:12:32.066207
U821,I220,like,2026-07-14 04:14:32.066220
U504,I264,like,2026-08-01 00:51:32.066232
U421,I144,comment,2026-06-07 19:00:32.066245
U444,I210,view,2026-07-17 19:53:32.066258
U825,I245,like,2026-07-25 12:46:32.066272
U174,I350,view,2026-08-06 11:45:32.066284
U811,I461,like,2026-08-06 11:25:32.066297
U908,I91,view,2026-06-13 18:28:32.066309
U103,I481,comment,2026-06-25 08:56:32.066321
U790,I439,view,2026-07-11 19:11:32.066334
U701,I61,like,2026-06-22 16:29:32.066346
U376,I269,like,2026-07-31 20:13:32.066358
U846,I483,like,2026-08-03 07:10:32.066371
U292,I196,like,2026-07-30 20:24:32.066383
U195,I392,view,2026-07-09 02:10:32.066397
U255,I455,comment,2026-06-15 03:19:32.066412
U804,I303,comment,2026-06-26 11:14:32.066424
U166,I261,view,2026-08-10 11:46:32.066437
U99,I401,comment,2026-08-07 10:54:32.066449
U550,I58,like,2026-06-09 17:33:32.066475
U248,I172,comment,2026-07-22 02:20:32.066488
U831,I41,comment,2026-06-27 18:14:32.066501
U836,I195,comment,2026-08-07 08:47:32.066514
U146,I231,like,2026-07-06 16:37:32.066527
U574,I298,like,2026-06-30 16:11:32.066541
U541,I458,view,2026-06-22 08:06:32.066555
U569,I140,comment,2026-06-26 04:13:32.066568
U789,I351,comment,2026-08-03 16:10:32.066581
U558,I39,view,2026-07-24 17:47:32.066594
U864,I488,view,2026-07-21 22:31:32.066607
U314,I255,view,2026-07-02 10:52:32.066619
U765,I23,comment,2026-08-03 18:10:32.066642
U12,I331,view,2026-06-07 14:35:32.066657
U261,I242,like,2026-08-11 16:19:32.066670
U642,I284,like,2026-07-26 00:22:32.066683
U529,I84,like,2026-07-23 05:03:32.066696
U116,I360,like,2026-06-09 08:49:32.066709
U305,I429,view,2026-07-27 02:42:32.066759
U318,I322,like,2026-06-05 12:38:32.066778
U308,I377,like,2026-08-09 22:18:32.066791
U280,I389,comment,2026-07-14 16:40:32.066807
U390,I290,comment,2026-06-24 08:39:32.066841
U641,I301,comment,2026-07-29 11:32:32.066868
U815,I167,view,2026-07-05 06:25:32.066892
U226,I153,view,2026-06-04 12:10:32.066913
U16,I389,like,2026-08-03 12:14:32.066929
U604,I231,comment,2026-06-24 23:01:32.066944
U737,I373,view,2026-07-22 06:06:32.066971
U252,I141,comment,2026-08-11 04:11:32.066993
U62,I132,like,2026-06-16 12:56:32.067039
U372,I45,view,2026-08-03 22:41:32.067087
U202,I322,like,2026-07-23 07:27:32.067116
U26,I226,comment,2026-07-07 07:35:32.067139
U72,I244,like,2026-07-07 14:21:32.067162
U719,I476,like,2026-07-07 12:55:32.067185
U701,I370,comment,2026-06-22 04:35:32.067209
U751,I137,comment,2026-07-14 13:00:32.067231
U815,I353,view,2026-06-11 10:43:32.067252
U933,I69,view,2026-08-09 00:21:32.067273
U953,I306,view,2026-06-28 08:17:32.067296
U129,I271,comment,2026-06-25 04:54:32.067317
U940,I426,like,2026-06-26 05:44:32.067337
U108,I273,comment,2026-06-20 13:51:32.067359
U402,I309,like,2026-07-22 05:34:32.067381
U799,I143,comment,2026-07-19 12:32:32.067402
U57,I167,comment,2026-07-02 18:56:32.067422
U145,I435,comment,2026-06-27 11:04:32.067445
U774,I236,like,2026-08-04 06:47:32.067467
U809,I113,view,2026-07-05 12:29:32.067488
U873,I100,view,2026-07-06 01:59:32.067511
U156,I13,view,2026-06-19 18:36:32.067533
U76,I208,like,2026-06-12 15:58:32.067554
U991,I139,view,2026-06-11 04:59:32.067576
U943,I150,like,2026-06-29 09:48:32.067599
U753,I358,like,2026-07-25 04:47:32.067620
U69,I457,view,2026-08-09 05:33:32.067642
U64,I224,like,2026-06-09 05:31:32.067664
U821,I199,comment,2026-06-24 20:40:32.067685
U943,I192,like,2026-07-02 23:25:32.067706
U137,I51,view,2026-06-23 04:13:32.067729
U812,I185,view,2026-06-20 09:46:32.067751
U220,I431,comment,2026-06-26 02:00:32.067771
U963,I128,view,2026-06-07 07:57:32.067794
U944,I384,view,2026-08-07 04:34:32.067817
U826,I411,comment,2026-06-29 00:17:32.067838
U40,I398,comment,2026-06-09 16:16:32.067898
U467,I45,like,2026-07-04 22:04:32.067928
U325,I198,comment,2026-07-07 20:54:32.067950
U877,I464,view,2026-07-17 12:06:32.067970
U103,I348,comment,2026-07-14 02:42:32.067993
U404,I199,comment,2026-07-01 04:26:32.068014
U97,I171,comment,2026-08-01 15:02:32.068035
U994,I42,like,2026-07-30 01:23:32.068056
U39,I479,comment,2026-08-10 04:46:32.068078
U107,I267,view,2026-06-13 00:26:32.068099
U18,I354,comment,2026-06-15 20:27:32.068121
U539,I393,view,2026-07-25 09:04:32.068143
U783,I188,view,2026-07-04 08:26:32.068164
U502,I323,view,2026-07-25 22:10:32.068185
U823,I485,comment,2026-07-26 05:28:32.068208
U370,I369,comment,2026-07-30 08:09:32.068229
U353,I235,comment,2026-08-04 17:11:32.068250
U357,I14,view,2026-06-07 23:47:32.068272
U937,I433,like,2026-07-25 18:18:32.068294
U355,I446,view,2026-06-15 15:54:32.068316
U525,I330,comment,2026-06-24 02:08:32.068337
U48,I430,view,2026-07-04 19:18:32.068360
U67,I258,comment,2026-06-11 15:19:32.068381
U778,I342,view,2026-06-14 23:15:32.068402
U528,I379,like,2026-06-04 09:33:32.068422
U10,I419,comment,2026-07-24 06:00:32.068442
U286,I488,like,2026-07-28 04:09:32.068464
U606,I308,view,2026-06-27 16:29:32.068485
U553,I191,like,2026-07-30 22:17:32.068505
U846,I444,like,2026-06-09 22:36:32.068526
U706,I1,like,2026-06-08 00:40:32.068553
U246,I112,view,2026-06-23 07:18:32.068598
U578,I423,like,2026-08-10 23:00:32.068622
U578,I7,comment,2026-08-11 03:54:32.068643
U48,I126,comment,2026-07-04 13:40:32.068666
U352,I283,comment,2026-06-05 21:33:32.068687
U941,I457,view,2026-06-21 04:48:32.068708
U677,I426,like,2026-08-02 04:20:32.068729
U913,I155,like,2026-07-11 23:06:32.068751
U443,I170,view,2026-08-11 19:05:32.068773
U151,I427,comment,2026-07-01 20:42:32.068796
U561,I250,like,2026-06-11 14:43:32.068819
U757,I418,view,2026-08-07 14:31:32.068843
U625,I166,view,2026-08-06 16:58:32.068867
U146,I349,comment,2026-06-05 21:21:32.068891
U616,I288,like,2026-07-18 03:27:32.068913
U400,I98,comment,2026-06-17 19:08:32.068935
U879,I34,view,2026-06-03 09:50:32.068958
U589,I466,like,2026-06-25 20:01:32.068980
U783,I98,view,2026-07-04 14:31:32.069003
U902,I136,view,2026-06-04 04:27:32.069025
U553,I96,comment,2026-07-30 17:15:32.069050
U418,I300,comment,2026-08-04 14:15:32.069072
U422,I358,like,2026-07-07 10:31:32.069113
U976,I227,view,2026-06-29 14:17:32.069137
U906,I34,comment,2026-06-08 06:20:32.069160
U468,I162,like,2026-06-18 10:13:32.069181
U420,I366,view,2026-06-20 21:36:32.069203
U723,I153,view,2026-07-26 10:56:32.069226
U705,I196,view,2026-08-02 19:07:32.069249
U366,I437,comment,2026-06-08 10:49:32.069271
U553,I323,view,2026-06-30 18:25:32.069318
U947,I276,view,2026-06-06 11:41:32.069350
U90,I343,view,2026-07-18 17:33:32.069372
U98,I353,like,2026-07-19 08:45:32.069393
U335,I426,like,2026-07-02 08:37:32.069416
U770,I421,comment,2026-08-08 14:32:32.069438
U370,I19,view,2026-06-29 19:50:32.069458
U345,I477,comment,2026-08-08 02:32:32.069479
U329,I220,like,2026-07-18 15:57:32.069500
U302,I431,view,2026-08-04 12:27:32.069520
U556,I380,view,2026-06-07 04:21:32.069540
U549,I272,view,2026-07-07 17:56:32.069563
U452,I264,view,2026-06-07 16:40:32.069587
U376,I442,like,2026-08-02 14:25:32.069611
U231,I454,view,2026-08-01 13:21:32.069632
U942,I295,like,2026-06-24 23:53:32.069655
U472,I31,comment,2026-07-17 11:51:32.069677
U858,I366,like,2026-07-15 15:13:32.069699
U896,I86,like,2026-08-02 14:50:32.069723
U246,I141,view,2026-06-13 02:16:32.069747
U808,I275,comment,2026-07-23 13:18:32.069769
U565,I454,view,2026-07-26 22:54:32.069799
U558,I339,like,2026-07-14 13:19:32.069823
U17,I149,comment,2026-07-26 17:32:32.069849
U319,I243,view,2026-07-03 00:19:32.069871
U703,I372,like,2026-07-10 06:32:32.069895
U860,I225,like,2026-07-23 04:51:32.070070
U420,I339,like,2026-06-29 00:04:32.070104
U937,I116,like,2026-08-07 12:23:32.070137
U513,I338,view,2026-08-10 18:50:32.070162
U247,I156,comment,2026-07-15 19:47:32.070185
U317,I203,view,2026-06-27 07:41:32.070209
U290,I411,like,2026-06-03 13:00:32.070233
U182,I427,like,2026-06-04 19:21:32.070256
U964,I21,view,2026-07-13 12:49:32.070282
U303,I490,view,2026-07-07 14:29:32.070305
U575,I214,like,2026-06-28 11:43:32.070332
U471,I410,view,2026-06-12 06:37:32.070356
U192,I29,comment,2026-06-21 06:56:32.070387
U954,I1,view,2026-06-16 08:43:32.070411
U77,I355,view,2026-06-20 20:19:32.070434
U625,I328,view,2026-06-13 11:39:32.070458
U811,I431,view,2026-07-17 10:39:32.070482
U406,I228,comment,2026-08-05 15:06:32.070506
U476,I9,view,2026-06-20 13:28:32.070530
U381,I60,like,2026-06-04 08:26:32.070552
U40,I110,view,2026-07-10 21:00:32.070571
U413,I373,like,2026-07-13 20:10:32.070592
U494,I354,comment,2026-07-30 17:27:32.070616
U70,I29,view,2026-06-15 20:49:32.070639
U609,I17,like,2026-06-24 21:26:32.070663
U26,I177,comment,2026-06-03 19:52:32.070686
U937,I440,view,2026-06-08 20:18:32.070710
U351,I191,like,2026-08-09 15:37:32.070733
U823,I28,comment,2026-07-15 17:23:32.070757
U280,I37,comment,2026-07-04 00:25:32.070780
U871,I431,comment,2026-06-10 22:40:32.070803
U243,I21,comment,2026-06-06 15:40:32.070828
U459,I458,like,2026-06-27 14:32:32.070850
U381,I222,like,2026-07-25 18:38:32.070879
U22,I83,like,2026-07-01 18:45:32.070904
U326,I276,view,2026-07-26 13:13:32.070927
U842,I471,view,2026-07-23 12:36:32.070953
U577,I358,like,2026-07-13 16:00:32.070977
U198,I235,like,2026-08-01 03:14:32.071002
U762,I116,view,2026-06-29 07:32:32.071025
U725,I200,view,2026-06-05 09:21:32.071055
U29,I494,view,2026-07-01 06:58:32.071080
U189,I2,view,2026-07-23 02:56:32.071116
U156,I456,view,2026-07-17 09:59:32.071141
U531,I311,like,2026-07-30 00:26:32.071165
U232,I331,comment,2026-06-28 23:51:32.071199
U938,I187,comment,2026-06-28 02:12:32.071224
U487,I313,comment,2026-07-08 14:50:32.071249
U397,I443,view,2026-07-13 05:36:32.071275
U209,I425,like,2026-07-17 14:14:32.071296
U119,I495,comment,2026-06-26 20:01:32.071320
U289,I79,comment,2026-06-13 17:02:32.071344
U575,I309,view,2026-06-22 17:48:32.071368
U745,I18,comment,2026-07-02 15:55:32.071391
U367,I243,view,2026-07-16 19:41:32.071415
U447,I406,comment,2026-06-24 14:55:32.071439
U346,I346,view,2026-07-02 20:59:32.071462
U562,I190,comment,2026-07-15 14:09:32.071487
U375,I44,view,2026-06-19 21:05:32.071509
U183,I141,like,2026-07-02 00:20:32.071532
U581,I123,comment,2026-07-07 16:55:32.071555
U551,I348,like,2026-06-13 10:32:32.071579
U631,I342,view,2026-07-09 18:32:32.071602
U93,I204,comment,2026-07-29 16:33:32.071626
U187,I341,view,2026-06-28 04:23:32.071649
U998,I453,like,2026-07-13 03:18:32.071677
U110,I44,view,2026-06-30 07:58:32.071700
U492,I271,comment,2026-07-20 22:32:32.071726
U265,I321,like,2026-07-17 21:59:32.071754
U291,I286,comment,2026-06-12 06:57:32.071778
U496,I225,comment,2026-07-02 07:59:32.071802
U963,I208,like,2026-06-19 15:47:32.071826
U456,I337,view,2026-08-04 19:00:32.071849
U976,I496,like,2026-07-25 05:47:32.071872
U68,I268,view,2026-07-02 21:19:32.071894
U873,I397,like,2026-06-27 13:36:32.071918
U498,I447,view,2026-07-04 18:27:32.071941
U991,I28,comment,2026-06-12 02:06:32.071964
U552,I258,view,2026-06-11 20:36:32.071987
U391,I224,view,2026-06-07 18:59:32.072010
U801,I144,view,2026-07-26 22:18:32.072032
U974,I4,comment,2026-06-10 09:17:32.072055
U719,I15,view,2026-07-13 07:18:32.072078
U481,I273,comment,2026-07-06 02:39:32.072101
U179,I73,like,2026-07-05 22:42:32.072124
U214,I134,comment,2026-07-12 18:05:32.072147
U94,I272,view,2026-07-05 23:55:32.072169
U878,I162,like,2026-07-11 07:49:32.072197
U238,I43,like,2026-08-06 00:52:32.072220
U300,I456,like,2026-06-11 05:48:32.072242
U879,I119,view,2026-06-25 09:15:32.072264
U128,I321,view,2026-06-27 03:46:32.072285
U657,I430,comment,2026-06-16 01:52:32.072308
U48,I272,view,2026-06-06 05:09:32.072330
U440,I338,view,2026-07-03 22:43:32.072352
U322,I403,like,2026-06-14 16:03:32.072374
U259,I223,comment,2026-08-07 00:03:32.072400
U802,I403,like,2026-06-27 20:30:32.072424
U14,I409,view,2026-07-10 23:32:32.072445
U580,I121,view,2026-07-05 01:52:32.072467
U474,I18,like,2026-06-10 05:38:32.072488
U342,I189,view,2026-07-27 19:37:32.072509
U188,I198,comment,2026-08-04 17:55:32.072529
U755,I68,comment,2026-07-07 17:05:32.072551
U979,I461,comment,2026-07-12 08:29:32.072572
U157,I352,view,2026-06-05 21:07:32.072592
U615,I184,view,2026-06-28 13:36:32.072613
U574,I231,like,2026-07-13 23:07:32.072636
U117,I194,view,2026-07-21 03:00:32.072656
U142,I2,like,2026-07-28 08:24:32.072676
U817,I452,comment,2026-06-07 14:32:32.072697
U127,I42,like,2026-06-13 10:33:32.072718
U82,I256,like,2026-08-06 09:12:32.072739
U146,I42,view,2026-07-17 12:38:32.072760
U615,I265,like,2026-08-08 22:21:32.072781
U737,I391,view,2026-07-19 17:04:32.072802
U453,I498,view,2026-07-14 03:45:32.072822
U835,I437,comment,2026-07-10 01:44:32.072844
U457,I350,comment,2026-07-20 09:16:32.072866
U297,I351,view,2026-07-23 02:49:32.072888
U153,I286,like,2026-07-21 23:58:32.072909
U904,I310,like,2026-07-25 16:46:32.072932
U130,I339,view,2026-08-05 19:10:32.072955
U562,I405,view,2026-07-20 21:24:32.072978
U425,I199,view,2026-06-06 17:08:32.073000
U268,I319,view,2026-07-20 04:06:32.073029
U366,I300,view,2026-06-14 11:24:32.073052
U10,I268,comment,2026-07-07 07:55:32.073075
U614,I264,comment,2026-07-24 01:16:32.073109
U141,I295,comment,2026-07-14 02:27:32.073138
U522,I139,comment,2026-07-03 23:12:32.073160
U145,I242,like,2026-06-13 20:49:32.073182
U194,I238,like,2026-06-15 22:22:32.073204
U147,I132,comment,2026-07-07 02:49:32.073227
U869,I312,view,2026-07-17 15:42:32.073247
U356,I288,view,2026-06-16 21:37:32.073268
U743,I14,view,2026-08-06 06:06:32.073290
U388,I204,like,2026-06-20 14:47:32.073319
U304,I239,view,2026-07-24 18:29:32.073345
U997,I27,comment,2026-07-29 10:45:32.073370
U944,I432,comment,2026-07-16 08:15:32.073394
U415,I368,comment,2026-06-27 03:16:32.073417
U917,I272,view,2026-06-19 02:33:32.073439
U566,I255,like,2026-07-18 11:25:32.073462
U274,I388,comment,2026-07-07 10:32:32.073501
U929,I490,like,2026-08-04 08:37:32.073534
U145,I372,view,2026-06-10 13:03:32.073549
U286,I407,like,2026-06-10 06:29:32.073562
U951,I21,view,2026-07-27 02:35:32.073575
U469,I156,view,2026-07-20 11:18:32.073588
U701,I290,like,2026-06-19 05:31:32.073600
U528,I47,view,2026-08-04 13:15:32.073612
U146,I70,like,2026-07-26 07:07:32.073625
U980,I384,like,2026-07-11 18:32:32.073642
U671,I49,like,2026-06-14 02:01:32.073655
U701,I259,comment,2026-08-04 17:00:32.073667
U215,I196,view,2026-07-17 10:44:32.073683
U32,I166,comment,2026-08-01 23:40:32.073707
U732,I198,view,2026-07-12 14:54:32.073729
U169,I117,comment,2026-08-11 02:49:32.073753
U1,I392,view,2026-07-01 16:31:32.073780
U510,I243,comment,2026-08-04 19:06:32.073803
U629,I27,like,2026-07-24 02:45:32.073826
U180,I81,view,2026-07-03 14:38:32.073849
U27,I243,like,2026-07-16 17:09:32.073872
U778,I446,comment,2026-06-26 11:00:32.073894
U764,I146,like,2026-07-28 04:47:32.073915
U436,I239,comment,2026-06-24 09:56:32.073937
U317,I216,comment,2026-06-14 23:00:32.073959
U224,I39,like,2026-07-23 19:43:32.073980
U143,I111,like,2026-06-23 05:56:32.074001
U954,I339,comment,2026-07-19 09:22:32.074222
U248,I228,view,2026-07-03 06:26:32.074258
U981,I455,comment,2026-07-21 08:10:32.074281
U56,I382,comment,2026-06-22 22:53:32.074303
U351,I275,like,2026-08-04 19:25:32.074326
U635,I216,view,2026-07-17 13:30:32.074347
U780,I174,view,2026-06-17 01:22:32.074369
U429,I279,like,2026-07-30 05:12:32.074391
U277,I105,like,2026-07-30 10:28:32.074412
U696,I340,like,2026-07-29 05:55:32.074433
U364,I487,comment,2026-06-27 04:38:32.074459
U513,I314,view,2026-07-25 01:01:32.074484
U753,I315,like,2026-06-10 02:08:32.074507
U210,I10,comment,2026-06-23 08:47:32.074528
U122,I136,like,2026-07-31 05:13:32.074550
U945,I397,comment,2026-06-30 07:00:32.074576
U21,I339,comment,2026-07-01 19:46:32.074596
U924,I29,comment,2026-06-27 11:36:32.074618
U851,I317,view,2026-06-11 10:10:32.074639
U748,I497,view,2026-06-13 11:47:32.074662
U836,I331,like,2026-07-15 12:20:32.074684
U259,I459,view,2026-07-11 13:29:32.074709
U307,I376,comment,2026-07-13 04:05:32.074730
U669,I308,comment,2026-08-05 12:22:32.074751
U105,I118,like,2026-07-08 19:15:32.074775
U827,I386,view,2026-07-05 00:55:32.074796
U819,I269,comment,2026-07-23 15:17:32.074817
U119,I344,like,2026-07-30 22:51:32.074839
U305,I80,comment,2026-07-15 22:04:32.074860
U324,I307,view,2026-07-03 18:15:32.074884
U907,I118,view,2026-07-17 08:50:32.074906
U989,I218,view,2026-07-16 17:38:32.074928
U380,I262,like,2026-06-08 07:42:32.074949
U101,I413,like,2026-06-20 17:15:32.074972
U14,I98,comment,2026-06-22 08:01:32.074996
U695,I176,view,2026-06-08 00:33:32.075017
U487,I69,comment,2026-07-25 12:02:32.075039
U697,I95,view,2026-06-29 17:30:32.075063
U358,I17,like,2026-06-28 03:38:32.075087
U649,I36,view,2026-07-28 18:13:32.075120
U398,I156,like,2026-08-01 18:42:32.075143
U763,I3,like,2026-07-21 09:53:32.075164
U562,I399,comment,2026-07-28 01:16:32.075186
U951,I437,view,2026-06-23 00:16:32.075208
U31,I250,like,2026-07-03 06:22:32.075236
U999,I212,view,2026-06-07 20:05:32.075271
U652,I157,view,2026-06-27 21:37:32.075313
U42,I193,view,2026-06-15 22:40:32.075337
U844,I160,view,2026-06-08 04:03:32.075359
U635,I1,view,2026-06-06 00:40:32.075379
U699,I322,like,2026-06-21 13:39:32.075405
U841,I207,view,2026-06-15 10:26:32.075431
U836,I136,like,2026-06-05 00:14:32.075450
U677,I364,like,2026-07-11 09:14:32.075475
U423,I73,like,2026-06-19 22:26:32.075494
U341,I403,like,2026-07-27 03:53:32.075514
U74,I455,like,2026-07-31 20:14:32.075538
U903,I478,view,2026-06-29 21:46:32.075561
U5,I351,like,2026-08-11 10:58:32.075584
U41,I275,like,2026-07-26 13:25:32.075607
U130,I28,comment,2026-07-21 08:53:32.075629
U134,I383,like,2026-08-07 23:06:32.075652
U554,I300,like,2026-06-20 09:59:32.075673
U735,I183,comment,2026-08-07 08:17:32.075698
U541,I292,view,2026-08-09 01:44:32.075723
U298,I217,comment,2026-08-05 09:08:32.075747
U869,I228,like,2026-08-10 10:06:32.075769
U885,I47,comment,2026-06-30 00:53:32.075797
U884,I274,like,2026-07-18 20:13:32.075823
U828,I238,comment,2026-06-21 09:09:32.075846
U628,I369,like,2026-07-31 17:57:32.075870
U926,I249,like,2026-06-21 03:45:32.075893
U45,I404,comment,2026-07-04 17:17:32.075920
U331,I29,view,2026-07-06 03:51:32.075943
U527,I271,view,2026-06-06 14:23:32.075969
U514,I186,comment,2026-06-07 13:44:32.075992
U439,I398,like,2026-07-26 04:37:32.076019
U476,I485,like,2026-07-31 19:23:32.076042
U434,I10,like,2026-07-11 02:55:32.076065
U54,I78,view,2026-07-15 00:53:32.076089
U921,I445,comment,2026-08-10 09:52:32.076115
U403,I421,like,2026-07-31 07:19:32.076141
U759,I237,like,2026-06-09 22:53:32.076165
U711,I344,comment,2026-07-28 18:30:32.076188
U864,I464,comment,2026-08-03 19:42:32.076211
U676,I496,comment,2026-06-17 10:52:32.076239
U833,I131,view,2026-06-05 04:29:32.076266
U321,I220,comment,2026-07-08 02:23:32.076289
U549,I212,comment,2026-06-30 08:13:32.076312
U406,I395,view,2026-06-12 17:53:32.076334
U749,I364,comment,2026-07-05 08:32:32.076358
U628,I438,like,2026-07-17 12:34:32.076380
U169,I365,view,2026-07-15 01:40:32.076403
U8,I8,like,2026-08-10 14:27:32.076433
U856,I357,like,2026-07-23 13:27:32.076457
U778,I481,comment,2026-07-18 21:14:32.076483
U195,I229,view,2026-07-18 03:29:32.076507
U500,I374,like,2026-08-10 06:19:32.076530
U776,I243,like,2026-06-26 15:01:32.076552
U831,I91,like,2026-07-26 09:47:32.076574
U150,I166,view,2026-06-12 11:35:32.076598
U701,I277,view,2026-07-22 12:47:32.076620
U228,I246,comment,2026-07-27 20:46:32.076648
U657,I373,like,2026-07-23 19:14:32.076672
U737,I120,comment,2026-07-12 20:10:32.076698
U45,I59,comment,2026-07-17 17:10:32.076721
U121,I241,comment,2026-07-05 23:32:32.076744
U377,I236,view,2026-07-04 11:06:32.076767
U834,I223,like,2026-08-07 23:34:32.076790
U715,I333,like,2026-08-08 13:54:32.076813
U19,I454,comment,2026-06-18 08:38:32.076836
U88,I436,like,2026-06-24 14:53:32.076859
U918,I195,like,2026-06-14 04:52:32.076881
U749,I137,comment,2026-06-17 10:56:32.076905
U770,I122,view,2026-07-23 05:46:32.076928
U640,I488,like,2026-07-15 09:36:32.076951
U520,I340,view,2026-08-04 01:46:32.076978
U292,I28,like,2026-07-06 21:36:32.077000
U993,I301,view,2026-06-11 09:12:32.077023
U398,I493,like,2026-08-03 23:41:32.077046
U982,I163,view,2026-07-11 04:32:32.077070
U648,I179,view,2026-06-24 23:34:32.077094
U48,I332,like,2026-06-27 00:20:32.077132
U492,I189,comment,2026-07-12 00:35:32.077159
U471,I168,like,2026-06-10 01:31:32.077182
U217,I56,view,2026-06-03 10:39:32.077205
U228,I376,view,2026-06-22 15:04:32.077228
U139,I480,like,2026-06-28 02:55:32.077251
U55,I340,view,2026-06-23 21:47:32.077276
U287,I140,comment,2026-07-07 12:01:32.077300
U548,I477,view,2026-07-13 17:37:32.077323
U16,I53,view,2026-07-24 19:21:32.077345
U646,I277,like,2026-07-20 13:44:32.077368
U518,I187,view,2026-06-11 06:32:32.077391
U305,I436,like,2026-06-22 20:19:32.077414
U963,I158,like,2026-06-16 18:00:32.077436
U231,I82,comment,2026-06-05 11:44:32.077459
U286,I165,comment,2026-08-07 15:38:32.077482
U67,I240,comment,2026-07-20 02:42:32.077505
U234,I430,comment,2026-06-12 15:46:32.077528
U38,I34,like,2026-07-04 09:35:32.077551
U370,I98,comment,2026-08-07 19:22:32.077574
U354,I150,view,2026-06-21 09:47:32.077597
U498,I42,like,2026-06-29 18:44:32.077620
U591,I119,like,2026-06-15 18:13:32.077643
U38,I273,like,2026-07-07 12:14:32.077666
U168,I331,view,2026-06-29 02:19:32.077689
U479,I160,comment,2026-06-06 15:10:32.077713
U612,I310,view,2026-06-16 22:21:32.077740
U767,I0,comment,2026-06-09 13:19:32.077767
U22,I153,like,2026-06-26 19:50:32.077790
U444,I315,comment,2026-08-10 20:38:32.077817
U625,I496,comment,2026-07-07 20:38:32.077840
U412,I442,like,2026-08-04 02:25:32.077866
U839,I377,view,2026-07-25 19:45:32.077888
U563,I295,like,2026-08-03 22:01:32.077911
U723,I8,comment,2026-07-14 07:45:32.077933
U514,I220,comment,2026-07-22 20:45:32.077959
U369,I287,like,2026-08-09 19:08:32.077981
U599,I252,comment,2026-07-22 12:22:32.078003
U202,I353,comment,2026-07-24 18:56:32.078025
U115,I490,comment,2026-06-20 04:46:32.078047
U885,I483,like,2026-06-27 04:13:32.078068
U644,I302,comment,2026-06-20 03:25:32.078090
U96,I264,view,2026-07-06 00:48:32.078113
U122,I337,comment,2026-07-13 17:26:32.078134
U662,I202,view,2026-07-03 12:18:32.078157
U223,I128,comment,2026-06-12 19:06:32.078179
U281,I408,view,2026-07-08 01:23:32.078201
U958,I143,view,2026-06-10 13:35:32.078223
U173,I88,like,2026-07-04 23:06:32.078245
U828,I423,view,2026-06-03 15:38:32.078271
U587,I340,like,2026-07-12 00:53:32.078293
U792,I175,view,2026-07-20 22:22:32.078316
U55,I5,like,2026-07-11 00:03:32.078338
U547,I30,view,2026-06-08 20:36:32.078359
U724,I282,comment,2026-07-09 07:33:32.078382
U415,I320,like,2026-07-19 17:11:32.078404
U762,I148,view,2026-08-03 00:22:32.078427
U736,I438,like,2026-06-26 16:31:32.078450
U530,I178,like,2026-07-16 09:53:32.078478
U570,I468,view,2026-07-20 23:42:32.078500
U943,I43,view,2026-06-04 04:48:32.078522
U924,I95,comment,2026-06-06 20:44:32.078544
U167,I479,comment,2026-07-02 13:21:32.078564
U518,I401,like,2026-07-16 13:37:32.078586
U48,I254,view,2026-06-10 10:17:32.078608
U641,I414,like,2026-07-30 07:12:32.078629
U962,I490,view,2026-08-04 15:24:32.078649
U961,I285,like,2026-07-07 16:30:32.078670
U678,I242,like,2026-06-28 03:12:32.078692
U462,I340,like,2026-07-31 23:34:32.078713
U6,I115,comment,2026-08-07 21:02:32.078734
U178,I27,comment,2026-07-22 22:03:32.078756
U447,I33,comment,2026-07-14 12:48:32.078777
U327,I232,comment,2026-08-02 05:32:32.078798
U485,I320,view,2026-08-05 19:02:32.078820
U514,I139,view,2026-06-24 17:32:32.078841
U5,I9,like,2026-08-09 06:13:32.078861
U769,I7,like,2026-07-22 02:38:32.078882
U244,I30,view,2026-06-14 17:50:32.078904
U172,I369,like,2026-07-17 16:25:32.078925
U844,I280,view,2026-08-10 03:43:32.078946
U261,I468,like,2026-08-04 13:53:32.078968
U95,I372,like,2026-06-14 08:20:32.078989
U584,I82,like,2026-07-10 11:58:32.079011
U676,I325,view,2026-06-06 16:47:32.079033
U900,I39,view,2026-07-29 04:18:32.079055
U477,I393,comment,2026-07-29 10:17:32.079082
U272,I147,like,2026-06-14 02:44:32.079102
U459,I363,comment,2026-07-16 12:39:32.079134
U330,I193,like,2026-06-25 17:01:32.079157
U748,I470,view,2026-07-14 14:13:32.079182
U436,I287,view,2026-08-02 20:27:32.079204
U382,I462,view,2026-06-15 00:13:32.079231
U558,I381,like,2026-07-24 01:11:32.079253
U933,I203,comment,2026-06-16 07:18:32.079275
U778,I226,comment,2026-06-28 11:16:32.079295
U905,I22,view,2026-06-19 01:54:32.079318
U106,I149,view,2026-06-30 20:04:32.079340
U759,I352,like,2026-06-17 22:08:32.079361
U189,I357,view,2026-06-17 09:39:32.079397
U771,I7,view,2026-07-22 10:08:32.079420
U228,I482,view,2026-07-30 21:08:32.079441
U863,I381,comment,2026-07-11 04:45:32.079463
U432,I62,view,2026-06-30 01:01:32.079483
U547,I325,view,2026-07-08 08:55:32.079504
U556,I454,like,2026-07-30 11:43:32.079527
U386,I206,comment,2026-06-10 14:50:32.079547
U631,I297,like,2026-07-07 18:51:32.079570
U747,I433,view,2026-06-21 06:22:32.079592
U893,I80,view,2026-06-07 13:26:32.079615
U468,I445,comment,2026-06-11 11:29:32.079638
U27,I345,view,2026-06-15 02:50:32.079660
U434,I356,comment,2026-07-10 12:16:32.079683
U466,I471,comment,2026-06-23 18:27:32.079707
U750,I217,comment,2026-06-18 11:30:32.079734
U460,I226,view,2026-07-13 17:28:32.079755
U614,I465,comment,2026-06-28 04:35:32.079777
U444,I246,like,2026-06-09 20:34:32.079799
U681,I405,view,2026-06-26 16:30:32.079820
U16,I20,comment,2026-07-13 21:04:32.079840
U34,I374,comment,2026-06-25 02:14:32.079861
U136,I98,view,2026-06-06 07:05:32.079886
U254,I399,comment,2026-07-21 10:36:32.079906
U857,I461,like,2026-06-21 07:41:32.079928
U244,I142,comment,2026-07-17 02:47:32.079949
U707,I47,view,2026-06-07 09:31:32.079970
U179,I222,comment,2026-06-21 15:25:32.079991
U512,I207,comment,2026-07-01 23:34:32.080013
U53,I228,like,2026-06-14 03:27:32.080034
U838,I278,comment,2026-07-19 00:41:32.080054
U860,I206,like,2026-06-05 02:57:32.080076
U761,I386,comment,2026-07-28 16:29:32.080097
U83,I498,comment,2026-07-23 16:59:32.080119
U138,I34,like,2026-07-23 00:04:32.080140
U3,I326,comment,2026-06-26 01:13:32.080156
U817,I224,view,2026-06-21 19:38:32.080169
U597,I85,view,2026-06-26 14:25:32.080181
U537,I454,like,2026-07-27 20:52:32.080194
U731,I397,view,2026-07-28 14:15:32.080206
U602,I336,comment,2026-07-12 11:04:32.080219
U795,I384,comment,2026-07-06 13:46:32.080235
U633,I387,like,2026-08-06 19:29:32.080256
U524,I267,view,2026-07-23 05:40:32.080281
U510,I416,view,2026-08-08 22:20:32.080304
U449,I306,view,2026-06-19 20:20:32.080327
U743,I35,view,2026-06-11 15:18:32.080349
U615,I401,view,2026-08-10 21:48:32.080372
U427,I65,like,2026-06-10 11:36:32.080394
U678,I332,like,2026-07-11 08:34:32.080415
U758,I144,like,2026-07-14 22:17:32.080437
U300,I319,like,2026-06-21 14:10:32.080459
U846,I251,comment,2026-07-01 11:55:32.080480
U3,I326,view,2026-07-16 20:48:32.080502
U554,I380,comment,2026-06-28 09:57:32.080527
U127,I57,view,2026-07-02 19:07:32.080549
U772,I394,like,2026-07-16 03:35:32.080571
U624,I270,view,2026-07-14 01:14:32.080591
U848,I299,comment,2026-07-21 00:33:32.080612
U262,I103,comment,2026-07-08 19:42:32.080634
U850,I403,view,2026-08-07 13:16:32.080655
U993,I315,comment,2026-08-02 07:59:32.080676
U427,I477,like,2026-06-15 09:14:32.080698
U712,I399,view,2026-07-07 04:05:32.080722
U987,I233,like,2026-07-18 14:54:32.080746
U11,I258,view,2026-07-08 07:05:32.080768
U167,I286,view,2026-06-28 00:08:32.080790
U58,I42,view,2026-07-20 09:17:32.080813
U146,I433,like,2026-07-08 22:55:32.080836
U895,I436,comment,2026-07-04 06:04:32.080858
U459,I31,like,2026-06-11 05:14:32.080880
U886,I317,like,2026-06-26 08:05:32.080902
U476,I60,comment,2026-08-01 17:03:32.080923
U7,I137,comment,2026-06-07 16:16:32.080939
U624,I293,view,2026-07-28 09:18:32.080951
U733,I455,like,2026-06-29 11:25:32.080964
U829,I40,view,2026-06-17 11:15:32.080976
U563,I478,view,2026-08-09 19:09:32.080993
U153,I88,like,2026-07-20 18:41:32.081017
U107,I284,view,2026-06-13 20:44:32.081039
U407,I16,comment,2026-08-08 15:38:32.081060
U195,I470,comment,2026-07-07 19:23:32.081082
U111,I444,view,2026-08-03 15:38:32.081105
U485,I121,comment,2026-08-03 15:35:32.081140
U960,I499,comment,2026-06-08 12:05:32.081163
U262,I466,like,2026-07-17 10:52:32.081184
U417,I427,comment,2026-07-09 16:20:32.081347
U307,I167,like,2026-07-26 03:34:32.081494
U981,I126,like,2026-07-11 20:39:32.081774
U372,I300,like,2026-07-05 01:20:32.081835
U812,I386,comment,2026-06-04 22:19:32.081892
U634,I44,comment,2026-06-13 03:11:32.081912
U420,I207,like,2026-08-09 16:37:32.081927
U706,I100,comment,2026-07-24 15:29:32.081940
U238,I262,comment,2026-06-07 18:04:32.081953
U315,I260,comment,2026-07-12 13:01:32.081966
U19,I27,comment,2026-07-16 00:30:32.081978
U268,I106,comment,2026-07-26 12:10:32.081991
U920,I411,comment,2026-06-13 12:49:32.082003
U1,I32,view,2026-08-03 20:32:32.082016
U423,I187,like,2026-07-06 15:22:32.082034
U265,I236,like,2026-07-07 01:49:32.082047
U666,I222,view,2026-07-03 23:10:32.082059
U864,I413,view,2026-06-11 01:25:32.082071
U491,I248,view,2026-06-15 22:30:32.082084
U101,I420,like,2026-07-18 17:38:32.082096
U66,I158,comment,2026-07-29 04:57:32.082108
U280,I485,comment,2026-06-22 23:49:32.082121
U958,I221,comment,2026-06-19 16:15:32.082133
U66,I350,comment,2026-07-23 03:57:32.082146
U354,I469,like,2026-06-20 21:10:32.082158
U17,I342,comment,2026-07-24 23:04:32.082173
U986,I179,view,2026-06-03 22:32:32.082187
U77,I426,view,2026-07-17 14:14:32.082200
U40,I485,comment,2026-07-23 20:09:32.082212
U612,I78,view,2026-06-08 02:30:32.082224
U263,I326,view,2026-07-06 01:22:32.082237
U372,I50,like,2026-07-29 15:42:32.082250
U939,I233,like,2026-08-07 08:34:32.082266
U35,I153,view,2026-06-13 04:02:32.082281
U596,I53,like,2026-07-03 18:14:32.082296
U784,I488,comment,2026-06-04 07:19:32.082309
U241,I494,view,2026-07-18 16:28:32.082321
U774,I241,view,2026-08-09 11:27:32.082334
U750,I312,view,2026-08-02 21:52:32.082347
U589,I410,like,2026-06-13 22:20:32.082360
U17,I185,like,2026-06-17 16:51:32.082372
U97,I196,like,2026-07-21 01:35:32.082389
U580,I346,view,2026-07-29 01:14:32.082404
U674,I124,comment,2026-07-31 06:22:32.082416
U325,I298,like,2026-07-30 15:02:32.082429
U892,I282,comment,2026-07-09 22:41:32.082441
U501,I382,like,2026-08-01 17:13:32.082454
U711,I441,view,2026-07-27 11:09:32.082466
U725,I150,view,2026-06-05 04:18:32.082479
U110,I71,view,2026-06-05 02:43:32.082491
U931,I395,like,2026-08-11 14:18:32.082504
U905,I13,comment,2026-07-27 01:38:32.082517
U891,I122,view,2026-08-01 13:50:32.082529
U524,I108,view,2026-06-16 03:54:32.082541
U174,I137,comment,2026-08-01 06:42:32.082553
U424,I252,view,2026-08-03 16:56:32.082566
U505,I230,comment,2026-07-31 16:42:32.082578
U698,I366,view,2026-07-03 01:58:32.082590
U8,I251,view,2026-08-04 01:27:32.082602
U97,I241,like,2026-06-17 00:59:32.082615
U971,I468,like,2026-07-21 05:55:32.082628
U233,I484,view,2026-07-13 03:14:32.082641
U578,I62,like,2026-06-06 05:39:32.082654
U214,I185,like,2026-08-04 08:09:32.082668
U927,I191,like,2026-07-10 18:32:32.082680
U442,I85,view,2026-06-04 03:59:32.082692
U556,I439,comment,2026-06-07 08:08:32.082704
U140,I367,comment,2026-07-10 14:33:32.082716
U714,I424,view,2026-08-09 19:58:32.082728
U789,I139,view,2026-06-09 20:09:32.082741
U28,I294,comment,2026-08-02 09:49:32.082755
U272,I406,comment,2026-06-12 06:59:32.082768
U508,I46,comment,2026-06-22 17:09:32.082780
U169,I272,view,2026-06-17 07:39:32.082792
U551,I88,like,2026-06-24 00:43:32.082804
U666,I65,comment,2026-07-16 20:26:32.082816
U395,I280,like,2026-08-03 00:36:32.082829
U409,I99,comment,2026-07-30 23:37:32.082890
U612,I249,like,2026-07-23 13:00:32.082946
U535,I220,view,2026-07-16 21:44:32.082971
U659,I443,view,2026-06-12 18:45:32.082986
U654,I328,comment,2026-07-21 20:02:32.082999
U144,I497,view,2026-07-28 01:15:32.083011
U222,I463,like,2026-07-30 06:08:32.083024
U258,I81,comment,2026-07-24 15:10:32.083036
U463,I445,view,2026-06-06 20:06:32.083049
U219,I201,view,2026-06-04 22:03:32.083061
U80,I81,comment,2026-07-19 22:50:32.083074
U106,I150,comment,2026-07-30 10:04:32.083087
U956,I266,comment,2026-06-23 13:03:32.083100
U286,I244,comment,2026-06-17 05:10:32.083112
U7,I142,comment,2026-06-30 10:52:32.083124
U289,I356,like,2026-07-02 12:42:32.083137
U434,I159,like,2026-07-17 23:24:32.083149
U275,I39,like,2026-07-11 12:06:32.083161
U469,I300,comment,2026-06-12 01:18:32.083181
U749,I17,comment,2026-06-09 21:36:32.083194
U329,I93,comment,2026-07-23 02:05:32.083206
U180,I296,like,2026-06-15 07:13:32.083218
U131,I137,comment,2026-07-18 09:10:32.083233
U678,I275,like,2026-07-17 13:12:32.083247
U744,I191,like,2026-06-20 08:02:32.083259
U973,I300,comment,2026-07-13 18:33:32.083271
U941,I2,view,2026-06-13 11:27:32.083283
U714,I309,comment,2026-06-28 21:14:32.083296
U325,I472,comment,2026-06-27 20:36:32.083310
U139,I367,view,2026-07-31 19:54:32.083322
U761,I164,view,2026-07-01 19:55:32.083337
U28,I466,comment,2026-07-04 06:47:32.083349
U182,I177,view,2026-08-11 18:49:32.083362
U106,I361,comment,2026-07-27 01:25:32.083375
U191,I13,comment,2026-07-25 01:35:32.083388
U675,I426,comment,2026-07-02 11:02:32.083403
U127,I132,view,2026-07-16 20:49:32.083415
U561,I474,comment,2026-07-27 19:30:32.083428
U288,I265,comment,2026-06-19 15:11:32.083440
U989,I66,comment,2026-08-01 04:03:32.083453
U356,I88,view,2026-06-03 23:33:32.083465
U701,I347,like,2026-08-11 07:17:32.083477
U330,I384,comment,2026-06-22 19:29:32.083492
U136,I372,like,2026-06-21 21:21:32.083504
U875,I24,view,2026-07-26 20:23:32.083517
U21,I370,comment,2026-06-14 10:53:32.083529
U514,I437,like,2026-06-18 18:26:32.083542
U513,I263,like,2026-07-27 06:19:32.083554
U36,I297,like,2026-07-10 09:22:32.083567
U181,I320,like,2026-08-11 11:26:32.083580
U662,I360,view,2026-07-17 21:58:32.083596
U785,I73,like,2026-06-15 00:20:32.083608
U353,I347,comment,2026-06-28 03:07:32.083621
U578,I41,like,2026-08-07 07:32:32.083633
U747,I80,comment,2026-06-19 22:40:32.083645
U133,I300,view,2026-08-10 19:26:32.083658
U171,I161,like,2026-08-09 18:17:32.083670
U15,I407,view,2026-07-27 13:21:32.083682
U173,I245,view,2026-06-21 17:31:32.083695
U946,I408,like,2026-07-09 23:06:32.083707
U857,I237,view,2026-06-20 21:25:32.083720
U848,I262,view,2026-07-20 07:01:32.083732
U340,I403,view,2026-06-09 21:48:32.083745
U828,I378,view,2026-07-20 00:26:32.083757
U950,I108,like,2026-07-03 13:59:32.083769
U808,I17,like,2026-07-26 14:40:32.083781
U860,I87,comment,2026-08-07 08:34:32.083793
U564,I2,view,2026-06-30 06:05:32.083805
U484,I328,like,2026-08-10 16:34:32.083817
U238,I246,view,2026-08-02 08:32:32.083829
U502,I54,comment,2026-08-07 08:27:32.083842
U917,I194,view,2026-07-12 23:58:32.083856
U151,I150,comment,2026-08-10 14:29:32.083868
U518,I261,view,2026-06-19 12:52:32.083880
U378,I420,view,2026-07-28 02:51:32.083894
U978,I345,like,2026-06-23 13:22:32.083908
U334,I59,comment,2026-08-04 03:54:32.083921
U799,I95,like,2026-06-14 00:31:32.083933
U880,I261,comment,2026-07-07 22:53:32.083947
U985,I23,like,2026-06-20 17:15:32.083960
U597,I319,view,2026-07-01 06:16:32.083974
U989,I353,comment,2026-06-20 05:39:32.083987
U287,I470,like,2026-08-02 11:24:32.084001
U797,I226,like,2026-07-08 20:32:32.084014
U596,I459,like,2026-07-21 11:15:32.084028
U415,I151,view,2026-06-07 05:40:32.084041
U500,I127,comment,2026-07-31 09:05:32.084055
U713,I176,view,2026-06-11 13:26:32.084067
U820,I339,like,2026-06-04 03:00:32.084079
U108,I74,comment,2026-06-18 00:27:32.084091
U589,I218,view,2026-07-17 09:52:32.084104
U533,I353,like,2026-07-18 08:11:32.084116
U778,I117,view,2026-07-30 12:23:32.084131
U577,I476,view,2026-06-10 05:39:32.084144
U452,I276,view,2026-07-04 00:31:32.084157
U643,I251,like,2026-07-12 07:42:32.084169
U319,I481,view,2026-07-26 01:44:32.084181
U828,I421,view,2026-06-21 05:23:32.084193
U706,I390,comment,2026-06-11 13:26:32.084206
U635,I472,view,2026-06-03 18:15:32.084218
U918,I165,comment,2026-08-04 09:27:32.084230
U806,I297,comment,2026-07-02 20:16:32.084242
U687,I445,view,2026-06-27 14:57:32.084254
U52,I22,comment,2026-08-03 19:05:32.084267
U614,I415,like,2026-06-05 07:41:32.084279
U659,I360,view,2026-08-07 13:07:32.084291
U237,I187,like,2026-07-22 21:41:32.084306
U411,I417,like,2026-07-11 00:51:32.084318
U639,I76,like,2026-06-15 21:31:32.084331
U955,I240,like,2026-07-24 10:43:32.084343
U272,I5,comment,2026-06-04 06:22:32.084355
U646,I44,comment,2026-07-13 15:45:32.084367
U545,I492,view,2026-06-23 09:08:32.084380
U661,I222,comment,2026-07-20 07:05:32.084394
U837,I475,like,2026-06-12 21:18:32.084456
U664,I139,view,2026-07-22 16:39:32.084480
U554,I238,like,2026-07-08 15:56:32.084502
U112,I32,comment,2026-07-15 04:06:32.084525
U149,I439,like,2026-08-01 14:23:32.084548
U864,I460,view,2026-06-25 07:48:32.084572
U778,I256,view,2026-07-12 01:36:32.084594
U626,I131,view,2026-06-08 06:07:32.084616
U915,I58,view,2026-07-29 08:47:32.084629
U742,I363,comment,2026-07-13 05:28:32.084641
U687,I297,comment,2026-08-01 03:05:32.084654
U487,I105,like,2026-07-06 23:27:32.084666
U669,I199,comment,2026-07-15 00:40:32.084678
U561,I61,comment,2026-07-22 12:46:32.084700
U90,I111,comment,2026-07-18 19:34:32.084713
U23,I391,view,2026-08-11 18:38:32.084726
U716,I47,view,2026-06-23 01:26:32.084739
U59,I455,like,2026-08-02 01:05:32.084751
U4,I459,comment,2026-07-20 06:10:32.084764
U568,I84,like,2026-07-17 22:04:32.084776
U857,I138,like,2026-07-28 08:50:32.084788
U393,I177,comment,2026-06-21 01:56:32.084803
U842,I375,comment,2026-08-04 12:34:32.084816
U682,I263,view,2026-06-15 21:49:32.084828
U672,I256,like,2026-06-14 10:05:32.084840
U593,I249,view,2026-06-13 07:27:32.084852
U679,I169,comment,2026-08-05 21:51:32.084865
U460,I306,like,2026-07-11 07:21:32.084877
U291,I446,like,2026-07-06 08:37:32.084890
U593,I285,like,2026-06-14 10:41:32.084902
U919,I109,comment,2026-07-09 09:51:32.084914
U616,I365,comment,2026-06-24 05:47:32.084929
U978,I304,like,2026-08-09 05:27:32.084941
U998,I145,view,2026-07-18 00:03:32.084954
U50,I268,like,2026-06-17 11:09:32.084966
U899,I35,like,2026-08-11 07:26:32.084978
U426,I300,comment,2026-07-06 08:34:32.085016
U627,I276,like,2026-06-17 22:58:32.085029
U548,I359,like,2026-07-25 16:50:32.085041
U956,I497,like,2026-08-04 00:38:32.085053
U407,I240,view,2026-06-03 19:24:32.085066
U172,I199,comment,2026-07-16 14:42:32.085080
U17,I390,view,2026-07-21 04:49:32.085092
U724,I24,comment,2026-07-11 05:58:32.085104
U2,I172,view,2026-06-20 12:39:32.085117
U580,I13,view,2026-07-03 15:14:32.085129
U284,I10,view,2026-08-01 08:02:32.085141
U61,I192,comment,2026-08-01 19:07:32.085160
U58,I294,like,2026-07-02 15:15:32.085182
U638,I192,comment,2026-08-02 22:00:32.085208
U18,I411,comment,2026-06-17 17:39:32.085227
U166,I424,like,2026-06-23 15:39:32.085240
U391,I168,like,2026-06-06 21:40:32.085253
U510,I148,view,2026-07-18 02:48:32.085265
U362,I353,comment,2026-06-07 22:51:32.085278
U545,I100,view,2026-07-25 16:49:32.085290
U87,I268,comment,2026-06-06 07:30:32.085314
U445,I197,view,2026-06-07 14:04:32.085332
U340,I131,view,2026-07-20 11:06:32.085345
U261,I470,comment,2026-06-26 09:46:32.085357
U108,I406,like,2026-07-05 11:37:32.085370
U529,I280,view,2026-06-06 04:43:32.085382
U127,I3,comment,2026-06-15 16:41:32.085394
U944,I408,view,2026-06-05 08:12:32.085409
U571,I447,comment,2026-06-08 15:48:32.085422
U642,I343,like,2026-07-26 19:51:32.085434
U60,I41,view,2026-06-30 13:35:32.085447
U40,I321,like,2026-08-09 18:00:32.085459
U502,I321,view,2026-07-31 20:22:32.085497
U475,I378,comment,2026-07-31 03:05:32.085509
U255,I493,view,2026-07-27 02:29:32.085522
U334,I171,view,2026-06-23 07:00:32.085534
U116,I43,view,2026-06-05 10:05:32.085546
U733,I427,view,2026-06-13 15:25:32.085559
U119,I84,view,2026-07-02 19:03:32.085571
U474,I214,like,2026-07-09 19:51:32.085583
U871,I48,view,2026-08-09 03:35:32.085595
U460,I257,comment,2026-07-14 12:27:32.085610
U129,I134,comment,2026-06-30 04:58:32.085622
U445,I400,view,2026-08-10 01:31:32.085635
U62,I130,view,2026-07-30 04:27:32.085647
U823,I176,view,2026-07-02 10:34:32.085659
U902,I210,comment,2026-06-27 14:22:32.085672
U94,I94,comment,2026-07-19 11:22:32.085684
U305,I447,comment,2026-06-23 05:16:32.085696
U308,I408,comment,2026-06-21 02:46:32.085708
U680,I408,comment,2026-08-03 20:20:32.085720
U609,I200,like,2026-07-19 16:31:32.085733
U587,I437,view,2026-08-10 05:00:32.085745
U993,I432,like,2026-06-12 19:49:32.085757
U720,I135,like,2026-06-09 18:43:32.085770
U899,I300,like,2026-07-12 08:45:32.085805
U310,I476,view,2026-07-15 11:05:32.085818
U318,I438,view,2026-07-04 08:24:32.085830
U174,I332,view,2026-07-08 18:39:32.085842
U148,I424,like,2026-07-04 12:17:32.085857
U357,I126,view,2026-06-16 20:27:32.085870
U467,I418,view,2026-07-23 01:44:32.085883
U813,I298,view,2026-08-07 10:47:32.085908
U468,I461,comment,2026-07-07 07:11:32.085922
U760,I205,comment,2026-07-10 08:55:32.085940
U718,I77,comment,2026-06-14 04:33:32.085953
U304,I93,like,2026-07-20 22:21:32.085965
U106,I428,comment,2026-06-29 01:37:32.085978
U603,I303,comment,2026-08-11 00:12:32.085990
U414,I471,comment,2026-06-22 02:17:32.086007
U67,I52,like,2026-07-17 13:52:32.086020
U377,I387,like,2026-06-29 19:08:32.086032
U448,I281,like,2026-07-03 04:29:32.086045
U229,I167,like,2026-06-11 08:05:32.086057
U816,I319,comment,2026-06-05 22:30:32.086069
U523,I24,like,2026-06-21 01:22:32.086081
U142,I74,comment,2026-07-31 22:21:32.086093
U782,I397,comment,2026-07-05 01:07:32.086106
U175,I105,view,2026-06-14 00:28:32.086118
U234,I183,like,2026-07-04 15:31:32.086130
U1,I43,comment,2026-06-15 13:23:32.086143
U981,I229,like,2026-07-04 21:46:32.086155
U351,I171,view,2026-08-05 16:53:32.086168
U857,I459,like,2026-07-31 06:10:32.086180
U811,I496,comment,2026-08-02 20:36:32.086192
U194,I171,view,2026-07-19 04:05:32.086205
U960,I69,comment,2026-08-11 08:05:32.086217
U84,I343,view,2026-07-31 04:20:32.086230
U218,I103,view,2026-07-30 18:16:32.086243
U659,I321,like,2026-08-07 03:24:32.086255
U170,I166,view,2026-07-22 13:21:32.086270
U44,I141,view,2026-07-06 12:13:32.086282
U482,I375,comment,2026-08-10 06:41:32.086295
U799,I232,like,2026-06-23 06:24:32.086307
U946,I394,view,2026-07-08 22:54:32.086320
U225,I119,like,2026-06-03 15:21:32.086332
U79,I174,comment,2026-07-15 23:30:32.086345
U713,I259,like,2026-07-13 08:44:32.086357
U870,I212,like,2026-06-05 14:55:32.086372
U568,I451,comment,2026-07-11 22:22:32.086384
U197,I351,like,2026-06-26 11:56:32.086398
U264,I277,like,2026-07-21 04:36:32.086411
U387,I147,view,2026-07-29 02:50:32.086423
U113,I176,like,2026-06-08 18:49:32.086435
U891,I478,view,2026-07-05 01:29:32.086450
U259,I186,view,2026-06-30 08:12:32.086462
U769,I32,comment,2026-07-07 21:07:32.086475
U198,I332,view,2026-07-23 18:53:32.086487
U735,I24,like,2026-07-30 18:22:32.086499
U164,I49,comment,2026-06-03 19:45:32.086511
U565,I365,view,2026-08-07 14:44:32.086524
U477,I1,like,2026-06-26 05:43:32.086536
U159,I445,like,2026-06-09 01:05:32.086548
U843,I459,comment,2026-07-12 05:30:32.086561
U501,I134,view,2026-08-03 20:35:32.086573
U919,I68,comment,2026-08-02 16:35:32.086586
U182,I53,view,2026-06-23 02:54:32.086598
U195,I492,view,2026-07-25 01:55:32.086616
U297,I7,view,2026-08-04 17:41:32.086629
U480,I294,view,2026-08-05 05:51:32.086641
U607,I461,comment,2026-07-18 14:33:32.086653
U714,I363,comment,2026-06-15 12:49:32.086666
U374,I451,comment,2026-07-03 01:23:32.086680
U754,I198,view,2026-06-04 02:12:32.086693
U728,I192,like,2026-07-11 12:53:32.086705
U206,I210,comment,2026-08-02 10:24:32.086717
U104,I248,like,2026-06-04 14:01:32.086732
U139,I22,like,2026-07-15 01:32:32.086744
U998,I187,view,2026-06-29 04:22:32.086756
U708,I137,like,2026-06-15 07:13:32.086769
U991,I227,comment,2026-07-08 04:29:32.086781
U352,I441,view,2026-06-07 04:40:32.086793
U967,I88,like,2026-08-11 07:16:32.086805
U48,I478,like,2026-07-26 00:01:32.086820
U299,I91,like,2026-07-21 19:25:32.086832
U991,I491,comment,2026-08-03 11:57:32.086845
U412,I197,comment,2026-07-22 01:55:32.086857
U222,I338,view,2026-07-25 07:12:32.086869
U753,I409,view,2026-07-10 11:10:32.086882
U938,I43,view,2026-06-16 03:57:32.086895
U635,I231,view,2026-06-05 03:20:32.086907
U163,I469,like,2026-08-05 19:40:32.086919
U70,I162,like,2026-06-16 23:32:32.086931
U165,I226,like,2026-06-16 19:21:32.086947
U953,I348,view,2026-07-23 12:10:32.086960
U742,I28,comment,2026-06-29 22:43:32.086972
U439,I322,comment,2026-07-31 09:25:32.086984
U48,I324,view,2026-06-09 06:18:32.087001
U807,I59,view,2026-08-03 07:52:32.087013
U510,I471,view,2026-07-20 11:29:32.087035
U76,I20,like,2026-08-08 04:20:32.087048
U627,I444,like,2026-08-09 00:31:32.087061
U978,I348,comment,2026-07-07 02:51:32.087074
U36,I24,comment,2026-07-25 21:47:32.087087
U663,I472,like,2026-07-14 11:51:32.087104
U599,I174,comment,2026-07-04 19:43:32.087116
U547,I415,comment,2026-06-08 04:49:32.087133
U354,I45,like,2026-07-24 14:33:32.087145
U561,I431,view,2026-07-10 05:13:32.087158
U215,I241,view,2026-06-15 05:23:32.087170
U185,I69,comment,2026-06-08 13:39:32.087182
U797,I271,like,2026-06-20 14:43:32.087194
U927,I93,view,2026-06-18 04:20:32.087207
U8,I85,comment,2026-07-23 07:28:32.087220
U185,I157,comment,2026-06-24 16:47:32.087232
U556,I278,like,2026-06-28 01:48:32.087244
U791,I209,view,2026-06-06 19:57:32.087257
U727,I223,comment,2026-06-30 17:18:32.087269
U484,I406,comment,2026-07-14 05:02:32.087282
U319,I109,view,2026-07-10 17:55:32.087294
U985,I305,like,2026-06-22 09:28:32.087307
U580,I51,comment,2026-07-04 06:23:32.087319
U241,I390,like,2026-07-27 16:56:32.087331
U894,I335,comment,2026-07-11 15:46:32.087344
U700,I121,comment,2026-07-01 13:07:32.087356
U267,I297,view,2026-06-10 21:34:32.087368
U993,I446,like,2026-08-04 21:28:32.087380
U415,I17,view,2026-06-26 11:26:32.087393
U271,I347,comment,2026-06-23 07:18:32.087405
U697,I485,like,2026-06-22 00:58:32.087417
U161,I74,like,2026-07-23 09:37:32.087430
U658,I365,comment,2026-06-11 00:37:32.087442
U277,I324,view,2026-07-16 11:23:32.087456
U285,I232,view,2026-07-15 08:05:32.087469
U548,I155,view,2026-07-10 12:15:32.087482
U804,I340,comment,2026-06-16 11:08:32.087494
U810,I446,view,2026-07-14 13:55:32.087508
U308,I496,comment,2026-08-04 12:23:32.087520
U716,I134,like,2026-08-01 02:05:32.087532
U644,I188,comment,2026-07-30 01:10:32.087545
U635,I380,view,2026-08-03 08:42:32.087559
U262,I67,comment,2026-06-07 11:42:32.087572
U56,I245,like,2026-07-22 20:39:32.087584
U207,I404,view,2026-08-04 01:36:32.087596
U276,I119,view,2026-07-31 00:45:32.087609
U451,I206,comment,2026-06-12 11:21:32.087621
U406,I59,like,2026-07-23 13:49:32.087634
U750,I307,comment,2026-07-13 11:19:32.087649
U270,I187,view,2026-06-14 19:24:32.087661
U942,I75,comment,2026-06-06 21:31:32.087674
U584,I398,like,2026-07-23 21:36:32.087686
U452,I88,like,2026-07-05 05:12:32.087699
U813,I239,comment,2026-06-14 17:03:32.087711
U881,I341,like,2026-08-06 08:18:32.087723
U966,I317,view,2026-06-30 21:13:32.087736
U575,I13,like,2026-06-17 04:03:32.087748
U626,I371,like,2026-07-19 14:12:32.087761
U409,I286,comment,2026-07-28 04:29:32.087778
U52,I365,comment,2026-07-11 13:14:32.087835
U991,I484,like,2026-06-21 13:43:32.087868
U118,I418,view,2026-08-03 21:27:32.087892
U779,I337,view,2026-06-19 20:09:32.087921
U974,I97,view,2026-07-28 10:23:32.087944
U529,I478,view,2026-06-21 10:57:32.087966
U842,I42,view,2026-06-07 04:25:32.087988
U215,I452,view,2026-07-13 15:55:32.088010
U13,I226,like,2026-06-16 04:18:32.088033
U512,I155,view,2026-06-14 17:01:32.088059
U961,I164,comment,2026-08-10 20:10:32.088081
U371,I18,comment,2026-06-26 11:06:32.088104
U121,I177,like,2026-06-10 12:15:32.088125
U88,I135,comment,2026-07-30 17:11:32.088147
U471,I496,view,2026-07-12 11:04:32.088168
U404,I394,view,2026-07-05 18:55:32.088190
U164,I36,comment,2026-06-08 13:12:32.088212
U771,I201,like,2026-06-11 09:36:32.088234
U473,I448,view,2026-07-26 16:59:32.088256
U317,I117,view,2026-07-31 15:00:32.088277
U981,I461,comment,2026-07-18 08:03:32.088299
U892,I185,comment,2026-07-10 21:24:32.088321
U85,I363,comment,2026-06-18 21:03:32.088343
U616,I231,comment,2026-07-24 07:12:32.088367
U665,I17,like,2026-07-15 21:14:32.088392
U265,I197,view,2026-07-23 11:55:32.088414
U249,I278,comment,2026-07-13 13:46:32.088435
U332,I145,comment,2026-08-11 12:46:32.088456
U91,I64,view,2026-07-29 21:10:32.088479
U143,I37,view,2026-06-10 07:46:32.088500
U818,I266,view,2026-06-27 01:37:32.088522
U304,I286,like,2026-07-24 05:18:32.088547
U80,I65,like,2026-07-10 06:09:32.088569
U897,I310,like,2026-08-06 17:50:32.088591
U566,I293,view,2026-06-16 14:44:32.088625
U729,I119,like,2026-06-21 07:48:32.088649
U718,I77,view,2026-07-25 23:07:32.088670
U155,I364,like,2026-07-27 19:42:32.088693
U734,I488,comment,2026-08-05 13:03:32.088715
U828,I255,comment,2026-07-05 17:42:32.088736
U937,I400,view,2026-07-02 21:41:32.088758
U46,I419,view,2026-07-06 01:44:32.088783
U891,I271,like,2026-06-09 09:55:32.088806
U560,I81,view,2026-07-27 20:20:32.088828
U387,I362,comment,2026-07-02 00:30:32.088850
U296,I30,view,2026-08-10 03:48:32.088872
U682,I3,view,2026-06-12 11:09:32.088894
U492,I249,like,2026-07-13 00:01:32.088916
U707,I436,comment,2026-06-20 00:13:32.088937
U674,I209,like,2026-07-09 13:52:32.088960
U681,I424,view,2026-07-10 23:18:32.088981
U605,I9,view,2026-08-01 08:12:32.089004
U144,I46,like,2026-07-09 16:16:32.089029
U340,I469,like,2026-08-07 02:49:32.089051
U121,I82,comment,2026-07-22 15:34:32.089073
U258,I350,like,2026-07-03 13:01:32.089095
U746,I132,comment,2026-07-03 17:39:32.089116
U595,I113,comment,2026-08-06 05:33:32.089138
U436,I243,view,2026-07-12 22:53:32.089159
U937,I222,comment,2026-07-16 09:26:32.089263
U23,I107,view,2026-08-03 23:26:32.089308
U274,I263,like,2026-07-26 03:10:32.089335
U122,I37,view,2026-06-06 15:32:32.089358
U266,I465,comment,2026-06-04 03:27:32.089381
U714,I252,like,2026-08-10 02:53:32.089404
U911,I440,comment,2026-07-08 16:49:32.089425
U327,I116,like,2026-08-02 15:43:32.089451
U406,I414,view,2026-06-05 17:26:32.089473
U664,I464,view,2026-07-13 07:22:32.089494
U900,I423,comment,2026-07-13 23:01:32.089516
U0,I78,comment,2026-06-18 14:27:32.089537
U291,I408,comment,2026-08-10 13:57:32.089560
U361,I495,view,2026-07-23 20:23:32.089581
U744,I200,like,2026-06-30 17:27:32.089605
U162,I76,view,2026-06-27 01:23:32.089626
U288,I400,view,2026-06-20 08:22:32.089648
U204,I491,view,2026-07-29 04:46:32.089668
U812,I373,view,2026-06-15 02:24:32.089690
U991,I286,view,2026-06-08 02:37:32.089712
U728,I208,comment,2026-06-26 19:50:32.089732
U592,I270,like,2026-08-02 21:59:32.089752
U31,I204,view,2026-06-11 01:58:32.089774
U348,I481,view,2026-07-26 10:42:32.089795
U542,I176,comment,2026-07-14 11:11:32.089815
U751,I100,like,2026-07-14 06:00:32.089837
U178,I338,like,2026-06-04 20:33:32.089858
U435,I52,comment,2026-08-03 03:08:32.090017
U442,I424,like,2026-06-13 10:20:32.090057
U455,I9,comment,2026-06-14 18:17:32.090080
U165,I254,comment,2026-06-08 14:54:32.090104
U142,I458,like,2026-08-07 17:30:32.090126
U895,I337,view,2026-07-11 00:24:32.090177
U54,I93,view,2026-06-16 08:24:32.090213
U300,I411,like,2026-07-02 13:13:32.090255
U583,I314,like,2026-06-18 00:40:32.090293
U931,I226,comment,2026-06-06 00:07:32.090319
U574,I262,like,2026-08-07 12:58:32.090346
U953,I134,view,2026-07-09 04:55:32.090370
U599,I51,comment,2026-06-18 10:34:32.090393
U25,I379,comment,2026-07-18 16:33:32.090416
U174,I451,comment,2026-06-22 05:05:32.090439
U775,I228,view,2026-07-17 02:40:32.090459
U648,I22,comment,2026-08-02 07:09:32.090481
U786,I157,comment,2026-08-02 07:47:32.090503
U266,I3,view,2026-06-26 04:59:32.090524
U880,I387,view,2026-06-30 16:39:32.090552
U499,I417,view,2026-06-03 17:03:32.090576
U357,I433,like,2026-07-13 09:47:32.090599
U714,I481,comment,2026-06-17 07:41:32.090620
U602,I425,like,2026-07-30 15:41:32.090646
U605,I58,view,2026-07-24 16:06:32.090668
U467,I323,view,2026-08-08 17:59:32.090689
U643,I32,comment,2026-06-22 08:16:32.090711
U536,I144,view,2026-08-10 13:51:32.090735
U315,I357,comment,2026-07-06 01:53:32.090756
U706,I120,like,2026-08-10 18:56:32.090778
U799,I319,view,2026-06-19 21:02:32.090807
U317,I241,view,2026-06-18 13:11:32.090829
U102,I156,like,2026-07-14 05:04:32.090851
U670,I414,view,2026-07-25 21:43:32.090874
U785,I488,view,2026-07-15 08:18:32.090895
U141,I239,comment,2026-06-28 04:50:32.090917
U841,I430,comment,2026-07-17 12:19:32.090954
U104,I221,comment,2026-07-20 19:18:32.090975
U797,I227,comment,2026-07-05 16:25:32.090996
U752,I192,comment,2026-06-22 05:47:32.091018
U351,I423,comment,2026-07-24 02:01:32.091040
U700,I226,like,2026-07-08 10:25:32.091067
U303,I121,comment,2026-08-05 15:17:32.091151
U668,I361,like,2026-08-03 05:46:32.091253
U980,I207,view,2026-07-09 05:46:32.091434
U601,I415,comment,2026-07-30 05:57:32.091616
U318,I36,comment,2026-08-01 02:55:32.091722
U440,I267,comment,2026-07-15 10:52:32.091815
U502,I280,like,2026-07-14 04:55:32.091904
U416,I326,like,2026-07-17 23:51:32.091999
U749,I378,like,2026-07-27 01:25:32.092130
U332,I44,like,2026-07-31 16:14:32.092223
U872,I41,like,2026-07-27 18:22:32.092313
U673,I473,view,2026-06-25 04:31:32.092395
U207,I355,like,2026-07-18 10:40:32.092422
U585,I341,like,2026-07-18 06:27:32.092450
U78,I27,like,2026-08-03 15:55:32.092472
U759,I66,like,2026-08-04 09:34:32.092497
U662,I232,comment,2026-06-30 06:53:32.092524
U264,I358,view,2026-08-03 08:17:32.092547
U320,I351,comment,2026-06-21 01:43:32.092569
U446,I49,view,2026-07-17 21:13:32.092592
U907,I66,like,2026-06-27 06:17:32.092617
U57,I95,view,2026-08-05 16:00:32.092639
U176,I131,comment,2026-06-09 17:04:32.092663
U551,I78,comment,2026-06-29 08:07:32.092686
U767,I4,view,2026-08-09 13:12:32.092714
U767,I255,like,2026-06-19 14:45:32.092738
U184,I236,view,2026-06-14 05:40:32.092763
U805,I185,comment,2026-07-18 07:51:32.092785
U749,I98,comment,2026-06-09 16:05:32.092808
U295,I83,comment,2026-07-17 20:18:32.092830
U182,I346,comment,2026-06-11 00:48:32.092852
U472,I31,like,2026-07-07 16:22:32.092874
U639,I449,like,2026-06-15 13:16:32.094056
U326,I421,view,2026-07-16 05:36:32.094093
U408,I207,comment,2026-06-17 14:56:32.094118
U640,I67,like,2026-06-28 19:07:32.094142
U793,I357,like,2026-06-20 19:03:32.094167
U470,I76,like,2026-06-04 05:05:32.094189
U792,I120,view,2026-08-01 06:16:32.094212
U737,I477,view,2026-06-13 20:30:32.094235
U448,I499,like,2026-06-26 12:33:32.094263
U900,I210,view,2026-07-20 21:52:32.094287
U213,I423,comment,2026-06-04 02:52:32.094310
U750,I141,comment,2026-07-21 20:16:32.094333
U596,I225,comment,2026-08-07 13:45:32.094360
U562,I88,view,2026-06-13 06:57:32.094383
U20,I352,like,2026-06-26 02:00:32.094407
U736,I164,comment,2026-06-09 01:49:32.094430
U877,I304,view,2026-08-07 15:40:32.094453
U979,I70,view,2026-07-15 05:43:32.094476
U285,I0,like,2026-07-01 19:20:32.094499
U529,I102,comment,2026-06-09 19:47:32.094521
U135,I337,comment,2026-06-22 13:43:32.094547
U992,I464,view,2026-07-17 17:13:32.094570
U632,I459,comment,2026-08-01 22:19:32.094594
U701,I448,view,2026-07-16 03:12:32.094617
U827,I499,comment,2026-06-18 06:25:32.094640
U56,I135,comment,2026-07-01 08:30:32.094663
U334,I41,comment,2026-07-21 11:50:32.094684
U917,I251,view,2026-06-17 17:02:32.094704
U170,I205,view,2026-08-10 04:53:32.094725
U856,I388,comment,2026-08-09 21:57:32.094745
U917,I276,like,2026-07-20 03:45:32.094766
U699,I264,like,2026-08-10 19:07:32.094786
U980,I349,like,2026-08-10 13:51:32.094808
U698,I325,like,2026-06-18 18:12:32.094830
U483,I274,like,2026-07-04 11:45:32.094856
U653,I246,view,2026-06-22 13:32:32.094877
U142,I320,comment,2026-07-04 10:15:32.094899
U321,I323,comment,2026-07-24 09:32:32.094919
U4,I312,like,2026-07-29 05:58:32.094940
U185,I487,like,2026-07-31 19:46:32.094975
U130,I263,view,2026-08-02 09:53:32.095002
U408,I319,like,2026-07-24 04:35:32.095043
U813,I487,comment,2026-06-23 23:55:32.095064
U838,I111,like,2026-06-07 13:54:32.095085
U917,I76,like,2026-07-27 16:26:32.095106
U506,I73,like,2026-07-15 01:45:32.095127
U265,I70,comment,2026-08-05 07:59:32.095148
U920,I393,comment,2026-08-06 13:29:32.095169
U528,I109,view,2026-06-25 01:00:32.095190
U956,I329,view,2026-08-04 09:59:32.095211
U260,I387,view,2026-06-19 15:58:32.095233
U663,I304,comment,2026-06-23 12:05:32.095253
U960,I342,like,2026-06-11 19:20:32.095273
U168,I109,view,2026-07-25 09:31:32.095295
U129,I90,view,2026-06-06 15:12:32.095318
U308,I217,comment,2026-07-31 23:00:32.095338
U616,I298,view,2026-07-02 08:30:32.095357
U83,I23,view,2026-06-08 11:03:32.095376
U96,I392,view,2026-07-06 10:07:32.095397
U201,I75,like,2026-07-20 23:56:32.095419
U658,I116,comment,2026-06-04 07:35:32.095442
U709,I162,view,2026-06-10 20:28:32.095464
U875,I91,like,2026-07-19 04:05:32.095487
U353,I338,comment,2026-07-15 08:25:32.095509
U263,I228,like,2026-07-28 18:50:32.095532
U489,I14,view,2026-08-07 03:58:32.095554
U894,I135,view,2026-06-17 06:28:32.095576
U940,I348,view,2026-06-16 13:34:32.095599
U504,I410,comment,2026-07-19 16:34:32.095621
U169,I465,like,2026-06-12 23:22:32.095649
U351,I314,view,2026-07-01 15:36:32.095674
U205,I16,like,2026-06-28 02:01:32.095698
U259,I263,comment,2026-06-13 20:56:32.095724
U53,I268,like,2026-07-02 23:16:32.095748
U859,I137,like,2026-07-29 15:05:32.095771
U751,I25,like,2026-07-06 09:49:32.095795
U674,I2,view,2026-06-22 16:52:32.095820
U252,I1,view,2026-07-01 10:50:32.095844
U499,I124,comment,2026-06-04 20:52:32.095867
U680,I195,comment,2026-06-03 14:44:32.095891
U372,I488,view,2026-07-10 10:52:32.095913
U595,I265,comment,2026-06-28 13:09:32.095936
U977,I47,view,2026-06-06 01:24:32.095958
U933,I376,comment,2026-06-30 06:02:32.095982
U860,I119,like,2026-07-21 15:50:32.096007
U340,I113,view,2026-07-23 13:08:32.096031
U510,I392,view,2026-08-08 10:33:32.096055
U188,I126,view,2026-06-06 23:45:32.096079
U952,I383,view,2026-07-16 08:14:32.096102
U800,I345,like,2026-07-13 02:41:32.096126
U447,I304,view,2026-07-16 11:40:32.096149
U695,I425,comment,2026-07-08 06:15:32.096173
U780,I53,view,2026-07-27 11:18:32.096196
U474,I480,view,2026-06-25 02:12:32.096219
U122,I78,view,2026-06-11 06:04:32.096242
U923,I22,comment,2026-06-17 17:01:32.096265
U647,I205,like,2026-07-17 08:36:32.096288
U553,I18,view,2026-06-16 23:20:32.096315
U361,I81,like,2026-07-18 23:14:32.096339
U672,I68,comment,2026-07-13 00:03:32.096362
U436,I59,comment,2026-06-07 14:28:32.096385
U251,I459,comment,2026-07-29 01:37:32.096409
U55,I40,comment,2026-06-06 16:01:32.096431
U709,I425,like,2026-08-06 00:57:32.096458
U115,I228,comment,2026-06-14 18:07:32.096481
U338,I170,view,2026-07-07 04:50:32.096505
U465,I235,comment,2026-06-29 03:35:32.096528
U253,I188,like,2026-08-07 21:45:32.096550
U911,I214,comment,2026-06-07 17:00:32.096574
U310,I443,comment,2026-07-19 03:04:32.096595
U708,I309,view,2026-06-26 14:02:32.096663
U577,I21,view,2026-06-28 03:28:32.096681
U971,I63,view,2026-07-06 13:18:32.096695
U499,I321,comment,2026-06-25 13:24:32.096708
U917,I431,view,2026-06-08 01:18:32.096721
U527,I26,like,2026-08-10 04:20:32.096734
U829,I84,comment,2026-06-04 10:50:32.096748
U589,I434,like,2026-07-22 21:19:32.096772
U690,I346,view,2026-08-11 15:45:32.096786
U941,I4,view,2026-07-23 07:36:32.096804
U229,I154,like,2026-06-24 06:39:32.096819
U491,I412,like,2026-07-13 16:36:32.096832
U723,I160,view,2026-08-10 04:06:32.096844
U828,I100,view,2026-06-15 21:48:32.096856
U198,I28,like,2026-06-26 10:50:32.096869
U965,I438,like,2026-07-25 12:06:32.096884
U769,I189,comment,2026-07-24 02:24:32.096896
U107,I423,like,2026-07-02 16:33:32.096909
U753,I112,like,2026-07-29 02:06:32.096922
U954,I364,view,2026-07-09 05:34:32.096934
U815,I355,like,2026-07-18 04:55:32.096946
U564,I460,view,2026-06-15 18:23:32.096966
U878,I498,view,2026-06-23 04:24:32.096979
U110,I394,view,2026-06-23 13:53:32.096991
U510,I359,comment,2026-06-21 09:23:32.097003
U868,I289,comment,2026-07-22 01:18:32.097018
U141,I355,like,2026-06-14 09:11:32.097030
U597,I68,comment,2026-06-25 00:42:32.097042
U39,I318,view,2026-07-29 19:02:32.097055
U928,I267,like,2026-06-09 01:36:32.097067
U678,I294,view,2026-07-06 18:40:32.097080
U215,I447,view,2026-08-03 06:19:32.097092
U644,I19,comment,2026-07-26 14:00:32.097105
U31,I141,comment,2026-06-30 23:08:32.097118
U575,I212,like,2026-08-08 03:55:32.097130
U786,I113,view,2026-08-06 01:04:32.097143
U872,I198,view,2026-08-05 16:44:32.097155
U935,I292,comment,2026-06-23 04:41:32.097170
U402,I245,like,2026-06-30 06:17:32.097182
U664,I194,view,2026-06-17 02:20:32.097195
U971,I275,view,2026-07-05 18:58:32.097207
U867,I447,comment,2026-07-18 00:33:32.097219
U845,I140,view,2026-08-05 23:36:32.097232
U122,I279,comment,2026-08-04 09:09:32.097248
U43,I54,comment,2026-07-18 22:03:32.097260
U684,I85,comment,2026-07-26 21:03:32.097273
U330,I171,comment,2026-07-22 00:41:32.097286
U15,I377,like,2026-06-26 22:45:32.097298
U764,I23,view,2026-06-27 20:06:32.097310
U138,I172,view,2026-07-15 09:30:32.097322
U179,I437,like,2026-08-10 07:56:32.097335
U134,I82,view,2026-06-06 05:29:32.097347
U486,I474,like,2026-06-28 16:55:32.097362
U707,I464,comment,2026-07-28 10:19:32.097374
U117,I351,comment,2026-07-27 12:54:32.097388
U498,I398,view,2026-06-12 03:22:32.097400
U150,I123,like,2026-07-31 20:36:32.097413
U717,I136,like,2026-07-16 16:37:32.097427
U69,I372,comment,2026-07-07 21:45:32.097440
U981,I442,like,2026-06-23 11:39:32.097452
U162,I213,comment,2026-07-02 20:41:32.097464
U775,I187,view,2026-07-02 20:35:32.097477
U135,I238,comment,2026-06-30 09:38:32.097489
U112,I334,view,2026-06-26 12:12:32.097501
U717,I140,comment,2026-08-09 09:56:32.097513
U360,I96,view,2026-07-15 09:59:32.097526
U975,I201,view,2026-07-12 16:06:32.097539
U653,I464,comment,2026-07-16 18:15:32.097551
U918,I388,like,2026-06-16 23:12:32.097563
U390,I405,view,2026-07-21 16:35:32.097576
U265,I353,view,2026-06-24 05:30:32.097588
U977,I223,view,2026-06-18 15:10:32.097600
U516,I250,like,2026-07-03 22:58:32.097615
U711,I148,comment,2026-07-28 10:11:32.097627
U628,I64,view,2026-08-03 08:02:32.097640
U781,I254,comment,2026-06-04 09:28:32.097652
U197,I199,like,2026-07-13 04:37:32.097664
U247,I387,view,2026-08-11 15:33:32.097676
U936,I470,view,2026-08-05 23:21:32.097689
U87,I400,like,2026-08-09 17:00:32.097701
U32,I246,view,2026-06-29 23:18:32.097714
U553,I121,like,2026-06-25 15:29:32.097726
U851,I80,view,2026-07-05 15:20:32.097739
U208,I244,view,2026-07-20 01:32:32.097751
U72,I300,view,2026-06-28 17:12:32.097763
U695,I381,like,2026-07-23 22:05:32.097775
U933,I93,like,2026-07-13 21:55:32.097787
U57,I375,view,2026-08-03 18:44:32.097800
U639,I101,like,2026-06-15 22:40:32.097812
U690,I76,like,2026-06-29 14:53:32.097827
U996,I447,comment,2026-06-13 19:23:32.097839
U298,I447,comment,2026-07-18 16:53:32.097851
U675,I355,comment,2026-06-06 16:58:32.097864
U991,I145,comment,2026-06-28 22:34:32.097876
U969,I82,comment,2026-06-25 14:52:32.097891
U935,I253,view,2026-06-18 05:54:32.097904
U856,I89,comment,2026-07-17 02:26:32.097916
U816,I224,view,2026-06-06 11:40:32.097929
U702,I235,like,2026-07-01 08:42:32.097941
U319,I12,comment,2026-07-07 03:47:32.097953
U571,I198,comment,2026-06-21 02:10:32.097968
U789,I295,view,2026-07-19 02:08:32.097989
U128,I444,like,2026-06-10 20:14:32.098010
U790,I192,like,2026-07-22 22:13:32.098032
U483,I219,view,2026-06-24 10:04:32.098055
U889,I84,like,2026-07-01 15:10:32.098206
U384,I43,view,2026-07-30 22:00:32.098256
U324,I368,view,2026-07-24 05:40:32.098286
U933,I15,view,2026-06-28 00:26:32.098314
U530,I440,comment,2026-06-21 12:30:32.098339
U29,I307,like,2026-07-26 17:47:32.098364
U512,I39,like,2026-08-04 07:51:32.098388
U965,I82,comment,2026-07-23 01:22:32.098412
U323,I408,view,2026-06-22 06:44:32.098436
U114,I187,comment,2026-06-29 07:13:32.098459
U76,I17,like,2026-07-07 10:41:32.098483
U175,I87,view,2026-07-13 06:48:32.098507
U774,I428,view,2026-08-02 12:47:32.098531
U622,I102,like,2026-07-13 23:39:32.098553
U429,I66,view,2026-07-16 14:32:32.098578
U297,I117,comment,2026-06-11 14:59:32.098608
U187,I408,view,2026-07-26 02:54:32.098631
U904,I467,view,2026-07-19 16:48:32.098655
U28,I370,like,2026-07-27 13:27:32.098678
U363,I453,view,2026-07-30 18:12:32.098701
U59,I22,comment,2026-07-20 11:31:32.098724
U190,I23,view,2026-08-05 12:00:32.098747
U553,I80,view,2026-06-03 11:32:32.098771
U665,I60,like,2026-07-16 06:54:32.098798
U493,I468,view,2026-07-06 15:59:32.098821
U674,I214,comment,2026-06-12 16:02:32.098843
U477,I262,like,2026-08-09 11:10:32.098867
U197,I497,like,2026-06-28 05:08:32.098889
U173,I305,view,2026-07-18 13:49:32.098912
U51,I314,view,2026-07-23 04:00:32.098934
U896,I243,comment,2026-08-04 12:24:32.098957
U218,I249,comment,2026-06-10 17:39:32.098981
U547,I484,comment,2026-06-24 13:12:32.099031
U115,I155,view,2026-06-13 09:28:32.099057
U104,I365,view,2026-06-05 19:33:32.099080
U389,I253,view,2026-06-16 21:08:32.099102
U878,I496,like,2026-06-22 04:02:32.099124
U297,I416,comment,2026-08-05 14:48:32.099146
U638,I78,like,2026-06-26 12:35:32.099167
U739,I139,view,2026-06-04 15:05:32.099189
U436,I179,like,2026-06-26 03:40:32.099211
U344,I46,view,2026-07-18 22:49:32.099233
U40,I191,comment,2026-06-23 17:16:32.099255
U296,I385,view,2026-07-11 05:58:32.099278
U649,I412,view,2026-07-23 08:15:32.099301
U710,I129,like,2026-08-02 19:12:32.099325
U48,I427,comment,2026-07-09 17:44:32.099348
U885,I89,view,2026-07-01 14:50:32.099374
U724,I416,view,2026-06-16 15:41:32.099397
U485,I84,like,2026-07-11 21:56:32.099418
U483,I402,view,2026-06-12 21:26:32.099441
U723,I164,like,2026-07-31 02:42:32.099466
U931,I89,comment,2026-06-16 16:07:32.099490
U254,I457,view,2026-08-01 02:58:32.099511
U677,I80,like,2026-06-29 14:31:32.099532
U172,I190,comment,2026-07-16 20:25:32.099554
U693,I398,view,2026-07-09 13:02:32.099576
U951,I161,view,2026-08-10 18:01:32.099600
U253,I348,like,2026-07-01 14:32:32.099622
U590,I162,view,2026-07-30 18:30:32.099661
U338,I128,comment,2026-06-30 02:31:32.099687
U989,I225,like,2026-07-21 04:40:32.099709
U633,I192,comment,2026-06-12 02:58:32.099730
U496,I266,like,2026-06-21 12:55:32.099752
U11,I491,comment,2026-07-13 18:22:32.099791
U915,I41,comment,2026-07-24 11:39:32.099813
U556,I2,comment,2026-07-04 00:54:32.099834
U185,I207,comment,2026-06-16 06:15:32.099855
U944,I153,like,2026-06-17 09:51:32.099876
U711,I296,like,2026-07-01 01:18:32.099899
U213,I238,view,2026-07-30 10:23:32.099923
U173,I316,view,2026-08-01 16:42:32.099945
U511,I199,comment,2026-06-24 08:02:32.099965
U15,I111,comment,2026-08-05 13:25:32.099987
U292,I324,view,2026-07-10 10:38:32.100014
U310,I128,like,2026-06-11 01:03:32.100035
U735,I93,view,2026-08-04 13:34:32.100055
U934,I483,view,2026-07-09 21:02:32.100076
U391,I170,like,2026-06-12 06:37:32.100098
U848,I166,view,2026-06-25 06:22:32.100121
U287,I286,comment,2026-08-05 09:00:32.100152
U654,I138,view,2026-07-26 11:38:32.100176
U827,I64,view,2026-07-22 10:49:32.100197
U857,I167,view,2026-07-06 06:47:32.100217
U34,I363,like,2026-07-30 13:26:32.100238
U857,I303,like,2026-07-10 09:10:32.100258
U924,I32,like,2026-06-12 11:15:32.100280
U499,I395,comment,2026-06-26 07:33:32.100301
U649,I207,like,2026-07-05 00:15:32.100321
U636,I124,view,2026-06-05 21:45:32.100342
U47,I179,view,2026-07-19 18:53:32.100362
U401,I493,like,2026-06-29 15:15:32.100383
U6,I338,comment,2026-07-22 00:01:32.100405
U345,I343,view,2026-08-02 06:48:32.100425
U498,I191,view,2026-07-25 09:43:32.100445
U82,I224,like,2026-07-04 09:54:32.100467
U951,I445,like,2026-08-08 19:05:32.100488
U554,I344,comment,2026-07-13 02:30:32.100509
U406,I102,view,2026-08-04 21:04:32.100530
U773,I452,comment,2026-07-02 03:48:32.100549
U698,I302,comment,2026-08-02 08:49:32.100571
U784,I91,comment,2026-07-12 06:32:32.100592
U51,I270,view,2026-06-08 01:45:32.100612
U623,I309,comment,2026-07-10 01:11:32.100633
U343,I258,comment,2026-07-25 03:03:32.100654
U909,I242,view,2026-06-18 02:54:32.100678
U682,I244,view,2026-06-26 06:38:32.100698
U859,I41,comment,2026-06-08 02:03:32.100718
U429,I263,view,2026-08-07 21:43:32.100739
U638,I207,comment,2026-08-04 17:28:32.100761
U107,I294,view,2026-06-04 11:49:32.100782
U917,I259,view,2026-07-02 07:01:32.100804
U292,I329,comment,2026-06-08 15:27:32.100826
U486,I99,like,2026-08-04 05:34:32.100847
U486,I327,comment,2026-06-26 12:21:32.100868
U783,I165,comment,2026-07-13 21:11:32.100889
U472,I146,comment,2026-06-10 18:43:32.100909
U473,I11,comment,2026-08-08 05:20:32.100930
U533,I394,view,2026-07-11 17:09:32.100954
U755,I173,view,2026-06-07 03:33:32.100978
U519,I342,like,2026-07-14 10:16:32.100999
U553,I405,comment,2026-07-05 03:10:32.101019
U290,I385,view,2026-07-21 17:57:32.101040
U951,I85,comment,2026-06-08 13:38:32.101062
U373,I157,like,2026-08-05 09:01:32.101084
U743,I422,comment,2026-07-04 01:50:32.101105
U372,I76,comment,2026-07-01 12:19:32.101126
U52,I467,like,2026-06-14 08:33:32.101147
U352,I418,comment,2026-07-28 02:24:32.101169
U399,I205,view,2026-06-21 10:50:32.101189
U550,I41,view,2026-08-06 15:49:32.101210
U841,I188,like,2026-07-01 19:38:32.101232
U827,I300,like,2026-08-09 10:03:32.101253
U46,I285,comment,2026-07-19 15:16:32.101273
U407,I121,like,2026-07-04 09:18:32.101294
U736,I389,comment,2026-06-07 21:49:32.101316
U948,I209,like,2026-07-06 10:46:32.101336
U998,I351,comment,2026-06-15 01:42:32.101357
U316,I288,like,2026-07-28 05:01:32.101378
U244,I248,comment,2026-07-12 21:23:32.101399
U711,I420,view,2026-07-23 15:56:32.101420
U527,I266,like,2026-06-06 18:41:32.101441
U821,I115,like,2026-06-13 07:27:32.101463
U91,I134,view,2026-07-20 04:02:32.101484
U666,I79,comment,2026-07-16 20:01:32.101506
U523,I166,view,2026-06-10 09:51:32.101529
U168,I256,view,2026-07-27 00:11:32.101552
U763,I4,comment,2026-07-03 17:25:32.101574
U445,I164,like,2026-07-19 06:52:32.101588
U511,I312,comment,2026-06-09 07:29:32.101601
U787,I44,like,2026-06-21 04:29:32.101614
U21,I10,like,2026-06-23 23:02:32.101626
U955,I42,like,2026-08-08 06:14:32.101638
U20,I105,like,2026-06-04 19:01:32.101651
U428,I204,comment,2026-08-03 15:17:32.101663
U477,I287,like,2026-06-26 13:57:32.101676
U734,I261,comment,2026-07-19 10:56:32.101688
U315,I355,view,2026-06-08 17:43:32.101700
U594,I457,like,2026-07-07 04:46:32.101713
U996,I498,like,2026-06-27 20:25:32.101726
U711,I248,comment,2026-07-11 08:49:32.101738
U3,I75,view,2026-06-17 09:47:32.101751
U781,I151,like,2026-07-10 13:37:32.101773
U63,I388,like,2026-07-28 19:16:32.101786
U136,I416,view,2026-08-01 05:38:32.101798
U370,I489,like,2026-07-09 07:08:32.101811
U207,I233,comment,2026-06-19 12:57:32.101823
U913,I80,comment,2026-08-05 04:26:32.101836
U981,I303,comment,2026-07-06 20:48:32.101848
U763,I201,like,2026-07-08 14:40:32.101861
U171,I147,like,2026-06-17 16:04:32.101873
U770,I402,like,2026-07-23 11:32:32.101885
U543,I12,like,2026-06-11 22:30:32.101897
U49,I391,comment,2026-06-10 17:47:32.101910
U45,I59,comment,2026-06-30 20:59:32.101922
U772,I469,comment,2026-07-14 18:02:32.101935
U405,I10,view,2026-07-22 17:05:32.101947
U303,I286,comment,2026-07-18 16:21:32.101959
U588,I59,comment,2026-06-05 04:04:32.101972
U331,I4,comment,2026-06-22 23:43:32.101985
U777,I438,like,2026-08-03 04:05:32.101997
U950,I67,like,2026-07-22 13:38:32.102009
U118,I438,comment,2026-06-10 16:50:32.102022
U231,I139,view,2026-06-27 10:38:32.102034
U386,I88,like,2026-06-28 05:30:32.102046
U293,I36,view,2026-08-09 02:50:32.102059
U859,I385,view,2026-07-22 16:35:32.102071
U463,I178,like,2026-07-15 16:37:32.102083
U109,I194,comment,2026-06-21 18:10:32.102096
U750,I377,comment,2026-06-09 14:19:32.102108
U393,I270,view,2026-06-20 05:59:32.102121
U573,I95,like,2026-06-17 08:25:32.102133
U735,I232,view,2026-07-25 07:04:32.102145
U976,I331,like,2026-07-02 07:18:32.102162
U541,I201,like,2026-07-28 07:51:32.102174
U831,I269,comment,2026-06-09 12:00:32.102187
U639,I480,comment,2026-07-23 05:19:32.102199
U908,I184,comment,2026-07-10 10:43:32.102211
U671,I341,like,2026-08-05 15:22:32.102224
U144,I33,view,2026-06-18 04:45:32.102237
U686,I410,view,2026-08-04 11:09:32.102249
U268,I473,view,2026-06-18 22:33:32.102262
U732,I301,comment,2026-07-31 01:46:32.102275
U329,I97,comment,2026-06-20 08:10:32.102288
U374,I121,like,2026-08-04 04:31:32.102300
U792,I293,comment,2026-07-09 15:04:32.102312
U278,I291,view,2026-06-28 09:54:32.102325
U59,I172,view,2026-07-16 10:32:32.102337
U993,I131,comment,2026-06-11 02:55:32.102350
U678,I300,view,2026-08-02 17:01:32.102362
U266,I160,like,2026-08-05 10:22:32.102374
U4,I70,like,2026-06-14 14:06:32.102387
U779,I104,view,2026-06-23 04:48:32.102399
U682,I243,like,2026-06-15 08:16:32.102412
U462,I37,like,2026-06-04 22:54:32.102424
U650,I219,like,2026-07-16 14:45:32.102437
U965,I67,like,2026-07-29 23:32:32.102449
U979,I469,like,2026-08-11 06:32:32.102461
U34,I146,comment,2026-06-23 13:25:32.102474
U496,I311,comment,2026-07-10 15:22:32.102486
U147,I41,like,2026-08-06 07:53:32.102499
U538,I145,view,2026-07-03 13:06:32.102513
U321,I153,like,2026-07-11 05:50:32.102526
U693,I482,comment,2026-06-08 10:11:32.102539
U443,I481,view,2026-06-25 18:06:32.102551
U392,I416,like,2026-07-26 04:37:32.102564
U169,I316,like,2026-06-04 21:31:32.102576
U658,I164,comment,2026-07-17 01:17:32.102589
U825,I48,comment,2026-08-03 18:38:32.102601
U18,I177,comment,2026-06-27 12:21:32.102614
U219,I307,view,2026-07-29 18:21:32.102626
U634,I110,view,2026-06-14 03:46:32.102638
U421,I386,view,2026-08-08 19:59:32.102650
U476,I4,comment,2026-07-19 23:15:32.102663
U695,I264,view,2026-06-28 00:09:32.102676
U145,I366,like,2026-07-12 09:26:32.102688
U776,I268,view,2026-07-25 17:29:32.102701
U969,I287,view,2026-06-20 10:10:32.102713
U682,I453,view,2026-07-12 10:49:32.102728
U84,I236,comment,2026-06-14 23:19:32.102741
U142,I27,comment,2026-06-30 12:57:32.102753
U494,I11,like,2026-07-14 23:08:32.102766
U533,I100,view,2026-08-11 04:03:32.102778
U703,I485,comment,2026-07-07 06:24:32.102790
U132,I236,like,2026-07-27 08:23:32.102803
U370,I175,like,2026-06-23 02:52:32.102815
U161,I235,view,2026-07-14 21:23:32.102827
U221,I285,like,2026-07-28 15:13:32.102839
U713,I419,comment,2026-06-03 10:04:32.102851
U816,I82,like,2026-07-12 03:08:32.102866
U59,I217,like,2026-07-15 03:42:32.102879
U542,I107,comment,2026-07-21 09:14:32.102892
U923,I382,view,2026-06-05 11:09:32.102904
U140,I458,like,2026-08-11 13:46:32.102916
U73,I133,comment,2026-07-19 11:24:32.102929
U434,I247,comment,2026-08-09 02:42:32.102941
U254,I271,like,2026-06-18 00:23:32.102954
U334,I378,comment,2026-08-04 02:06:32.102966
U554,I161,view,2026-07-27 18:33:32.102979
U63,I108,view,2026-06-27 18:39:32.102991
U107,I432,like,2026-07-31 19:49:32.103003
U708,I476,like,2026-07-17 16:30:32.103019
U773,I138,like,2026-07-23 00:09:32.103031
U36,I186,like,2026-06-19 16:24:32.103043
U552,I27,view,2026-06-19 08:39:32.103056
U916,I410,like,2026-07-19 16:44:32.103070
U42,I339,view,2026-07-05 14:46:32.103083
U713,I10,like,2026-06-06 11:19:32.103095
U541,I472,comment,2026-07-06 01:02:32.103107
U515,I149,view,2026-06-24 21:19:32.103122
U401,I191,comment,2026-06-25 08:55:32.103136
U686,I155,like,2026-07-28 00:25:32.103149
U359,I94,comment,2026-07-02 19:07:32.103161
U399,I267,comment,2026-06-30 06:34:32.103173
U343,I187,view,2026-07-03 06:18:32.103187
U861,I393,comment,2026-07-14 11:01:32.103200
U992,I72,view,2026-07-26 20:48:32.103212
U506,I252,comment,2026-08-09 17:36:32.103228
U88,I308,like,2026-07-29 12:06:32.103241
U823,I184,like,2026-06-08 09:21:32.103254
U417,I422,comment,2026-07-14 10:06:32.103266
U624,I143,like,2026-07-25 19:25:32.103278
U781,I433,like,2026-08-03 14:59:32.103290
U434,I197,like,2026-06-17 00:37:32.103302
U983,I456,comment,2026-07-26 22:22:32.103314
U195,I260,like,2026-07-17 20:05:32.103327
U623,I280,comment,2026-08-04 22:34:32.103339
U705,I147,like,2026-06-04 20:45:32.103354
U22,I374,view,2026-07-22 14:08:32.103366
U680,I162,comment,2026-06-27 10:28:32.103379
U460,I318,like,2026-07-31 21:23:32.103391
U181,I129,like,2026-07-16 10:41:32.103403
U603,I125,view,2026-07-07 22:45:32.103415
U728,I494,like,2026-07-08 16:44:32.103428
U150,I386,like,2026-08-05 15:27:32.103440
U941,I251,comment,2026-06-14 15:23:32.103453
U359,I104,like,2026-06-06 06:22:32.103465
U478,I102,view,2026-07-15 17:58:32.103477
U934,I247,comment,2026-06-13 15:38:32.103490
U442,I111,like,2026-06-07 13:30:32.103502
U977,I222,comment,2026-06-24 00:23:32.103514
U364,I260,like,2026-07-01 12:07:32.103528
U903,I411,comment,2026-07-10 09:52:32.103541
U307,I472,view,2026-07-07 11:33:32.103553
U876,I495,view,2026-06-19 10:08:32.103566
U69,I176,view,2026-06-14 20:55:32.103578
U901,I283,view,2026-06-28 07:01:32.103593
U224,I325,like,2026-06-14 13:20:32.103605
U250,I364,comment,2026-06-04 06:35:32.103618
U522,I474,comment,2026-06-24 19:35:32.103630
U953,I52,comment,2026-06-11 21:47:32.103642
U792,I346,view,2026-06-14 08:40:32.103654
U319,I326,like,2026-06-21 05:59:32.103668
U536,I437,view,2026-07-24 16:20:32.103680
U418,I272,comment,2026-07-05 12:45:32.103693
U117,I319,like,2026-06-30 23:07:32.103705
U320,I12,comment,2026-07-06 19:16:32.103717
U80,I50,view,2026-07-11 05:38:32.103730
U970,I395,comment,2026-07-09 17:13:32.103742
U822,I49,like,2026-06-27 21:24:32.103754
U953,I153,view,2026-06-15 21:21:32.103766
U558,I62,view,2026-06-25 09:25:32.103785
U411,I407,view,2026-07-08 03:23:32.103798
U906,I53,like,2026-07-08 22:50:32.103810
U568,I270,view,2026-08-09 07:52:32.103823
U65,I249,like,2026-06-06 00:33:32.103835
U514,I224,like,2026-06-18 21:14:32.103847
U467,I462,like,2026-08-04 14:59:32.103860
U746,I95,comment,2026-06-26 16:23:32.103872
U218,I328,like,2026-07-10 10:01:32.103886
U776,I207,like,2026-06-13 20:05:32.103899
U894,I133,like,2026-08-06 08:20:32.103911
U399,I24,comment,2026-06-14 16:03:32.103923
U897,I35,like,2026-07-06 01:54:32.103937
U639,I393,comment,2026-07-04 20:01:32.103952
U624,I5,comment,2026-07-18 15:37:32.103964
U252,I170,like,2026-07-05 22:14:32.103977
U897,I282,like,2026-06-05 23:34:32.103989
U960,I397,like,2026-06-17 19:08:32.104001
U839,I453,comment,2026-06-08 04:16:32.104014
U458,I42,view,2026-06-05 23:57:32.104026
U1,I354,like,2026-06-12 04:47:32.104038
U253,I88,comment,2026-06-08 13:06:32.104051
U107,I16,view,2026-06-29 16:51:32.104063
U800,I126,like,2026-07-11 21:02:32.104076
U972,I231,comment,2026-06-16 02:01:32.104088
U851,I71,like,2026-07-26 08:42:32.104100
U245,I415,like,2026-07-24 08:54:32.104112
U881,I153,view,2026-06-17 00:30:32.104125
U577,I390,view,2026-08-06 05:46:32.104137
U332,I209,view,2026-07-19 23:04:32.104149
U978,I409,like,2026-08-04 09:38:32.104161
U453,I70,like,2026-06-05 17:41:32.104174
U58,I330,view,2026-07-17 08:40:32.104186
U860,I202,like,2026-08-05 18:19:32.104198
U809,I36,view,2026-06-09 20:30:32.104211
U395,I390,view,2026-07-01 10:15:32.104223
U892,I8,view,2026-08-05 18:25:32.104235
U579,I275,comment,2026-06-24 04:16:32.104248
U962,I435,like,2026-07-10 23:48:32.104260
U20,I349,comment,2026-07-15 10:38:32.104273
U944,I151,comment,2026-06-16 10:53:32.104285
U194,I55,view,2026-08-02 03:06:32.104299
U227,I497,like,2026-07-29 07:18:32.104312
U367,I149,comment,2026-08-11 12:12:32.104324
U981,I476,view,2026-06-20 00:34:32.104339
U511,I98,comment,2026-08-02 10:15:32.104352
U241,I183,view,2026-08-09 21:18:32.104364
U954,I175,comment,2026-06-09 19:13:32.104376
U6,I230,comment,2026-07-19 16:46:32.104389
U769,I453,comment,2026-08-01 20:37:32.104401
U665,I284,view,2026-07-07 19:50:32.104415
U708,I66,view,2026-06-19 09:00:32.104427
U276,I98,comment,2026-06-22 22:08:32.104446
U706,I56,like,2026-08-03 19:25:32.104468
U302,I449,comment,2026-07-21 13:00:32.104480
U771,I315,comment,2026-06-22 12:21:32.104493
U665,I4,comment,2026-07-30 15:47:32.104510
U799,I11,comment,2026-06-24 09:51:32.104529
U870,I128,view,2026-07-11 06:32:32.104545
U682,I265,comment,2026-07-12 20:42:32.104558
U548,I154,like,2026-07-26 17:47:32.104570
U135,I82,comment,2026-06-07 07:36:32.104582
U495,I193,view,2026-08-11 07:19:32.104595
U132,I49,view,2026-08-06 21:11:32.104608
U433,I387,comment,2026-06-28 16:42:32.104630
U129,I171,like,2026-07-01 23:43:32.104652
U604,I98,view,2026-06-06 09:04:32.104673
U837,I145,comment,2026-07-18 03:57:32.104686
U359,I455,like,2026-06-08 00:14:32.104730
U823,I301,like,2026-07-05 21:58:32.104760
U450,I250,comment,2026-06-14 12:24:32.104775
U147,I33,view,2026-08-11 03:00:32.104789
U871,I388,view,2026-07-25 07:58:32.104802
U15,I212,like,2026-06-06 22:50:32.104814
U283,I151,like,2026-06-06 17:30:32.104827
U501,I52,like,2026-06-10 16:10:32.104841
U686,I265,comment,2026-07-27 14:59:32.104854
U339,I227,view,2026-07-11 08:26:32.104866
U276,I94,like,2026-06-30 22:39:32.104879
U244,I172,like,2026-06-10 04:16:32.104891
U264,I289,comment,2026-07-31 09:42:32.104904
U318,I267,comment,2026-06-25 11:35:32.104916
U633,I494,view,2026-06-13 14:30:32.104929
U665,I383,like,2026-07-27 17:38:32.104942
U165,I459,comment,2026-07-22 16:52:32.104954
U344,I13,like,2026-07-26 06:30:32.104967
U458,I478,comment,2026-07-19 00:36:32.104979
U666,I202,view,2026-06-20 02:53:32.104991
U7,I98,like,2026-06-25 16:46:32.105004
U260,I251,like,2026-07-22 19:59:32.105016
U950,I244,like,2026-07-11 22:20:32.105028
U540,I451,comment,2026-06-10 07:48:32.105041
U729,I251,view,2026-07-12 08:14:32.105053
U143,I83,like,2026-08-04 07:44:32.105068
U869,I349,view,2026-06-12 01:13:32.105080
U164,I370,like,2026-08-08 18:41:32.105092
U751,I156,like,2026-06-15 03:13:32.105105
U153,I109,view,2026-07-17 05:37:32.105117
U136,I494,like,2026-07-25 17:51:32.105132
U231,I347,view,2026-06-29 06:31:32.105146
U655,I107,view,2026-07-15 08:53:32.105158
U381,I470,like,2026-07-10 03:55:32.105171
U855,I16,like,2026-07-31 10:19:32.105183
U99,I160,view,2026-06-06 14:34:32.105196
U421,I122,view,2026-07-24 18:51:32.105208
U412,I193,comment,2026-06-21 07:53:32.105220
U286,I327,like,2026-07-05 18:39:32.105233
U892,I173,view,2026-07-08 16:13:32.105247
U748,I318,comment,2026-06-16 17:35:32.105260
U72,I310,view,2026-06-29 04:12:32.105272
U555,I355,comment,2026-06-09 16:24:32.105284
U116,I429,like,2026-06-08 05:31:32.105303
U658,I458,comment,2026-07-16 02:15:32.105328
U820,I161,view,2026-07-13 15:18:32.105350
U253,I356,like,2026-06-18 12:58:32.105372
U399,I254,comment,2026-07-25 13:09:32.105395
U503,I436,comment,2026-06-19 21:35:32.105418
U319,I446,like,2026-06-23 12:47:32.105441
U214,I45,view,2026-06-13 21:53:32.105465
U556,I268,view,2026-07-06 23:30:32.105487
U111,I203,comment,2026-07-06 10:03:32.105508
U235,I124,comment,2026-07-26 00:20:32.105535
U811,I262,like,2026-06-17 22:13:32.105557
U83,I49,comment,2026-07-19 04:53:32.105580
U749,I57,comment,2026-06-26 08:27:32.105601
U176,I151,view,2026-06-30 13:31:32.105622
U467,I2,comment,2026-06-11 04:15:32.105648
U265,I341,view,2026-08-01 11:20:32.105670
U72,I473,view,2026-06-11 08:25:32.105691
U266,I452,like,2026-07-03 19:38:32.105714
U380,I329,comment,2026-06-27 20:43:32.105735
U406,I180,like,2026-07-26 07:29:32.105757
U950,I217,comment,2026-06-10 13:09:32.105877
U655,I411,view,2026-06-07 09:25:32.105910
U280,I499,view,2026-08-10 05:37:32.105927
U469,I182,like,2026-07-11 02:49:32.105943
U103,I102,view,2026-07-20 05:37:32.105964
U266,I479,comment,2026-07-05 05:16:32.105978
U168,I420,view,2026-07-23 03:45:32.105992
U226,I154,view,2026-06-18 03:57:32.106006
U333,I216,comment,2026-08-01 22:45:32.106019
U342,I354,view,2026-07-28 20:35:32.106032
U158,I360,like,2026-08-07 00:49:32.106045
U608,I421,comment,2026-06-28 12:14:32.106058
U410,I18,comment,2026-06-21 04:06:32.106070
U437,I229,comment,2026-06-05 12:22:32.106083
U838,I186,view,2026-06-03 09:39:32.106095
U443,I42,like,2026-07-17 23:15:32.106108
U578,I468,view,2026-06-10 15:04:32.106121
U223,I117,comment,2026-07-19 07:50:32.106134
U99,I159,comment,2026-06-28 14:49:32.106148
U817,I296,comment,2026-06-19 21:47:32.106161
U749,I378,like,2026-06-26 11:30:32.106174
U601,I76,comment,2026-06-11 15:26:32.106209
U168,I434,view,2026-08-02 15:30:32.106226
U826,I146,view,2026-06-18 15:17:32.106238
U229,I473,comment,2026-07-23 10:14:32.106251
U771,I173,view,2026-06-13 11:26:32.106263
U673,I81,view,2026-08-07 11:47:32.106275
U531,I478,like,2026-08-04 04:23:32.106288
U778,I375,like,2026-06-08 22:53:32.106301
U400,I352,view,2026-06-25 23:38:32.106314
U431,I229,view,2026-07-18 19:25:32.106326
U907,I422,comment,2026-07-02 01:16:32.106338
U536,I223,view,2026-07-01 20:04:32.106351
U204,I67,like,2026-07-01 04:31:32.106363
U64,I272,like,2026-08-02 23:48:32.106376
U413,I315,comment,2026-07-19 23:37:32.106389
U857,I58,view,2026-06-22 21:36:32.106401
U146,I201,view,2026-06-27 11:51:32.106414
U964,I487,view,2026-08-04 08:36:32.106426
U516,I366,comment,2026-06-10 08:15:32.106442
U58,I365,like,2026-07-11 15:03:32.106454
U233,I368,view,2026-06-22 05:09:32.106467
U689,I236,comment,2026-08-09 22:12:32.106479
U359,I384,comment,2026-08-04 19:14:32.106492
U591,I33,view,2026-06-03 11:41:32.106504
U599,I298,comment,2026-06-07 11:56:32.106517
U908,I357,view,2026-06-24 04:59:32.106532
U648,I163,view,2026-07-31 18:48:32.106544
U866,I62,comment,2026-07-16 13:24:32.106556
U172,I199,like,2026-07-14 11:29:32.106569
U134,I72,comment,2026-07-14 14:07:32.106583
U29,I151,comment,2026-08-04 09:07:32.106595
U171,I427,like,2026-06-25 03:36:32.106607
U696,I168,view,2026-06-21 08:10:32.106623
U658,I397,like,2026-06-13 16:35:32.106635
U471,I15,view,2026-08-01 08:10:32.106648
U50,I380,like,2026-07-11 08:52:32.106660
U463,I349,comment,2026-07-22 11:07:32.106672
U930,I44,view,2026-06-21 06:24:32.106685
U119,I18,like,2026-07-14 11:44:32.106697
U661,I444,view,2026-07-26 12:00:32.106709
U261,I205,like,2026-06-03 20:29:32.106722
U123,I455,like,2026-06-23 11:48:32.106735
U641,I183,comment,2026-06-12 01:45:32.106747
U670,I291,view,2026-06-06 17:47:32.106760
U816,I489,view,2026-07-01 04:24:32.106772
U922,I91,comment,2026-07-22 01:58:32.106784
U102,I333,comment,2026-08-07 01:06:32.106796
U524,I36,like,2026-06-22 10:36:32.106809
U445,I223,comment,2026-08-07 00:40:32.106822
U274,I475,view,2026-07-31 01:31:32.106837
U755,I296,comment,2026-06-10 06:49:32.106849
U459,I306,like,2026-07-23 10:50:32.106861
U329,I142,view,2026-08-07 15:20:32.106874
U850,I427,comment,2026-07-18 04:16:32.106886
U153,I381,view,2026-06-24 18:01:32.106899
U162,I113,comment,2026-06-21 02:05:32.106911
U868,I256,comment,2026-06-24 08:04:32.106923
U514,I466,comment,2026-07-06 13:39:32.106936
U970,I318,view,2026-08-04 16:04:32.106950
U550,I367,comment,2026-07-17 02:40:32.106963
U989,I391,view,2026-06-09 15:59:32.106976
U954,I144,like,2026-07-26 20:06:32.106988
U82,I76,like,2026-07-17 04:33:32.107000
U583,I194,like,2026-07-10 23:01:32.107013
U616,I458,view,2026-07-24 05:48:32.107025
U775,I255,like,2026-06-08 13:35:32.107037
U401,I74,comment,2026-07-29 19:09:32.107049
U231,I171,like,2026-07-07 05:03:32.107064
U276,I364,like,2026-07-08 02:28:32.107076
U91,I56,like,2026-06-25 15:48:32.107088
U814,I452,view,2026-06-29 16:00:32.107100
U59,I362,comment,2026-06-30 02:48:32.107113
U105,I458,comment,2026-07-28 02:44:32.107125
U857,I317,view,2026-07-17 07:54:32.107137
U509,I375,comment,2026-07-15 07:29:32.107149
U515,I252,like,2026-06-05 14:48:32.107162
U820,I26,view,2026-07-03 15:15:32.107236
U261,I210,like,2026-07-18 12:53:32.107292
U384,I293,view,2026-07-17 09:18:32.107321
U526,I125,view,2026-06-15 11:26:32.107346
U360,I207,view,2026-08-07 19:33:32.107369
U125,I222,comment,2026-06-27 01:01:32.107398
U346,I283,comment,2026-07-01 11:04:32.107420
U803,I225,view,2026-06-17 21:57:32.107443
U340,I118,view,2026-07-30 08:24:32.107465
U314,I316,comment,2026-07-12 05:47:32.107488
U818,I110,view,2026-07-23 18:56:32.107513
U42,I116,view,2026-07-07 06:23:32.107537
U954,I38,view,2026-06-20 21:21:32.107559
U576,I106,like,2026-07-08 10:04:32.107582
U749,I11,like,2026-06-23 12:30:32.107603
U947,I475,view,2026-06-05 11:55:32.107626
U406,I57,view,2026-07-09 01:12:32.107649
U738,I224,view,2026-07-16 20:31:32.107670
U135,I444,view,2026-07-25 14:30:32.107694
U885,I201,view,2026-07-24 15:44:32.107716
U460,I377,view,2026-08-11 01:18:32.107740
U690,I111,comment,2026-08-04 14:11:32.107762
U478,I37,view,2026-07-03 09:24:32.107784
U329,I275,view,2026-08-09 21:21:32.107806
U467,I145,comment,2026-08-01 06:02:32.107829
U706,I75,like,2026-07-19 22:55:32.107851
U856,I211,comment,2026-07-15 07:12:32.107874
U334,I193,comment,2026-07-03 07:40:32.107898
U399,I113,view,2026-07-07 17:54:32.107920
