rating_id,user_id,item_id,rating,timestamp
R0,U312,I494,1,2026-08-11 18:11:31.863749
R1,U996,I38,2,2026-07-28 17:15:31.863811
R2,U679,I258,2,2026-07-24 12:37:31.863834
R3,U921,I115,5,2026-07-28 23:09:31.863851
R4,U101,I344,5,2026-06-26 14:01:31.863867
R5,U748,I497,2,2026-07-11 00:51:31.863882
R6,U919,I95,4,2026-06-05 17:36:31.863896
R7,U614,I372,1,2026-06-24 17:46:31.863947
R8,U488,I166,1,2026-07-05 20:55:31.863962
R9,U975,I458,4,2026-06-27 22:59:31.863975
R10,U394,I48,1,2026-07-04 09:02:31.863988
R11,U773,I322,3,2026-06-19 20:34:31.864000
R12,U171,I3,5,2026-06-25 06:14:31.864014
R13,U102,I438,3,2026-07-20 07:36:31.864026
R14,U788,I38,5,2026-07-31 05:35:31.864039
R15,U478,I310,4,2026-07-05 12:52:31.864051
R16,U119,I235,5,2026-06-09 14:11:31.864064
R17,U113,I180,5,2026-07-04 16:39:31.864079
R18,U593,I436,5,2026-06-14 06:46:31.864092
R19,U252,I277,3,2026-07-10 23:31:31.864105
R20,U676,I254,2,2026-06-05 23:36:31.864118
R21,U691,I8,2,2026-06-08 23:32:31.864131
R22,U400,I192,3,2026-06-09 11:41:31.864144
R23,U976,I420,4,2026-06-24 05:44:31.864156
R24,U393,I391,2,2026-06-17 03:50:31.864169
R25,U890,I181,5,2026-08-03 06:11:31.864185
R26,U141,I165,4,2026-07-24 06:01:31.864198
R27,U315,I315,5,2026-06-18 20:10:31.864211
R28,U579,I456,2,2026-07-11 13:45:31.864224
R29,U333,I114,5,2026-07-17 23:58:31.864236
R30,U687,I222,1,2026-07-02 09:18:31.864249
R31,U755,I152,2,2026-06-20 02:24:31.864261
R32,U882,I311,1,2026-07-02 07:45:31.864275
R33,U274,I321,4,2026-07-29 20:12:31.864288
R34,U783,I316,4,2026-07-04 07:48:31.864300
R35,U604,I155,1,2026-07-02 23:26:31.864313
R36,U587,I316,4,2026-06-28 17:43:31.864326
R37,U22,I287,1,2026-06-22 11:23:31.864338
R38,U800,I304,4,2026-07-14 21:20:31.864351
R39,U702,I348,4,2026-07-19 15:07:31.864366
R40,U572,I180,5,2026-06-20 20:39:31.864379
R41,U291,I207,3,2026-08-04 23:33:31.864391
R42,U976,I260,2,2026-06-17 11:12:31.864404
R43,U821,I258,3,2026-08-01 14:07:31.864417
R44,U420,I236,2,2026-07-16 12:42:31.864429
R45,U859,I234,5,2026-06-15 11:54:31.864441
R46,U351,I105,4,2026-06-06 02:33:31.864457
R47,U595,I274,5,2026-08-02 02:38:31.864470
R48,U389,I149,5,2026-06-24 06:05:31.864482
R49,U28,I135,3,2026-07-14 01:35:31.864495
R50,U10,I405,5,2026-07-27 15:53:31.864508
R51,U678,I327,5,2026-07-06 22:11:31.864521
R52,U896,I5,3,2026-07-27 06:38:31.864534
R53,U121,I427,1,2026-07-27 21:39:31.864661
R54,U408,I71,4,2026-08-08 06:36:31.864812
R55,U406,I204,3,2026-06-22 12:12:31.864850
R56,U616,I461,1,2026-08-10 04:29:31.864873
R57,U860,I278,2,2026-07-18 04:56:31.864902
R58,U547,I426,3,2026-07-10 04:40:31.864925
R59,U532,I53,2,2026-08-11 18:47:31.864943
R60,U569,I449,5,2026-06-20 15:57:31.864963
R61,U568,I97,1,2026-07-12 19:20:31.864982
R62,U494,I156,5,2026-06-22 16:09:31.865001
R63,U242,I316,5,2026-06-05 18:12:31.865020
R64,U485,I134,1,2026-06-22 11:12:31.865040
R65,U355,I212,2,2026-08-10 12:09:31.865060
R66,U152,I473,4,2026-07-09 02:29:31.865078
R67,U937,I6,1,2026-08-11 18:36:31.865098
R68,U217,I23,3,2026-06-07 06:40:31.865118
R69,U399,I389,4,2026-08-02 13:32:31.865165
R70,U606,I454,5,2026-07-10 10:31:31.865244
R71,U660,I104,1,2026-07-10 07:09:31.865279
R72,U396,I149,1,2026-06-22 01:06:31.865299
R73,U267,I392,5,2026-07-25 09:27:31.865316
R74,U845,I224,5,2026-06-12 07:20:31.865335
R75,U864,I459,3,2026-07-03 12:16:31.865352
R76,U459,I291,1,2026-06-27 01:55:31.865367
R77,U779,I245,1,2026-06-13 08:06:31.865385
R78,U121,I271,4,2026-07-28 02:05:31.865401
R79,U424,I449,1,2026-08-08 23:45:31.865417
R80,U115,I323,2,2026-07-03 21:35:31.865433
R81,U381,I454,1,2026-08-07 11:59:31.865451
R82,U236,I138,3,2026-07-15 06:02:31.865467
R83,U972,I496,3,2026-07-30 20:39:31.865483
R84,U615,I304,1,2026-07-07 00:35:31.865499
R85,U495,I140,3,2026-07-04 10:14:31.865514
R86,U572,I462,4,2026-07-08 18:28:31.865530
R87,U168,I154,1,2026-07-08 10:36:31.865546
R88,U145,I403,2,2026-08-01 04:45:31.865562
R89,U331,I466,3,2026-06-17 04:37:31.865575
R90,U611,I223,4,2026-07-30 08:51:31.865588
R91,U322,I477,4,2026-07-26 14:34:31.865600
R92,U188,I480,2,2026-07-31 11:10:31.865613
R93,U623,I4,3,2026-07-21 08:37:31.865627
R94,U220,I477,3,2026-07-02 19:42:31.865639
R95,U812,I15,3,2026-06-27 10:06:31.865652
R96,U314,I245,4,2026-07-15 04:48:31.865679
R97,U554,I147,3,2026-07-08 22:32:31.865691
R98,U611,I114,5,2026-07-03 01:10:31.865703
R99,U334,I87,1,2026-07-21 17:41:31.865715
R100,U547,I115,3,2026-08-11 06:38:31.865728
R101,U500,I425,1,2026-07-30 08:18:31.865741
R102,U294,I170,3,2026-07-22 23:24:31.865759
R103,U104,I85,5,2026-08-06 16:52:31.865772
R104,U3,I379,2,2026-07-06 22:25:31.865786
R105,U130,I337,2,2026-08-03 12:18:31.865799
R106,U952,I444,1,2026-06-07 13:23:31.865812
R107,U797,I241,2,2026-06-14 13:40:31.865825
R108,U146,I324,4,2026-06-27 19:23:31.865838
R109,U160,I217,3,2026-06-24 00:55:31.865854
R110,U657,I279,2,2026-06-16 15:03:31.865869
R111,U354,I284,3,2026-06-07 23:47:31.865881
R112,U691,I164,5,2026-07-13 06:36:31.865898
R113,U175,I92,5,2026-06-11 23:25:31.865919
R114,U312,I87,3,2026-07-30 02:16:31.865942
R115,U729,I439,3,2026-08-02 14:27:31.865964
R116,U415,I59,5,2026-07-13 00:07:31.865986
R117,U500,I188,5,2026-08-04 04:24:31.865999
R118,U459,I34,1,2026-07-12 06:00:31.866013
R119,U938,I26,5,2026-06-14 21:01:31.866028
R120,U48,I185,3,2026-06-18 06:49:31.866045
R121,U94,I132,4,2026-07-01 11:58:31.866059
R122,U314,I137,4,2026-07-21 20:50:31.866072
R123,U783,I187,2,2026-07-10 08:55:31.866086
R124,U790,I72,3,2026-07-02 22:22:31.866098
R125,U894,I270,3,2026-08-01 15:01:31.866111
R126,U853,I404,4,2026-07-31 23:50:31.866124
R127,U364,I297,3,2026-06-08 21:43:31.866137
R128,U825,I292,4,2026-07-24 16:18:31.866150
R129,U266,I148,5,2026-07-24 08:08:31.866165
R130,U37,I170,2,2026-06-28 09:12:31.866183
R131,U522,I273,1,2026-07-22 14:28:31.866198
R132,U199,I63,5,2026-07-23 00:15:31.866211
R133,U431,I42,1,2026-06-10 04:11:31.866224
R134,U205,I122,5,2026-06-18 03:21:31.866240
R135,U186,I218,1,2026-06-26 03:21:31.866255
R136,U485,I259,5,2026-07-26 21:30:31.866268
R137,U831,I467,5,2026-08-05 14:44:31.866281
R138,U361,I406,2,2026-06-29 03:35:31.866299
R139,U556,I243,2,2026-08-10 22:55:31.866314
R140,U292,I423,5,2026-07-03 06:09:31.866327
R141,U188,I161,1,2026-07-14 07:13:31.866345
R142,U185,I62,4,2026-06-09 21:21:31.866367
R143,U313,I209,3,2026-06-12 16:14:31.866383
R144,U217,I474,3,2026-06-06 11:35:31.866424
R145,U231,I247,5,2026-08-07 06:45:31.866439
R146,U103,I262,5,2026-08-02 01:24:31.866452
R147,U364,I217,4,2026-07-25 17:18:31.866465
R148,U299,I142,4,2026-06-27 15:13:31.866478
R149,U89,I376,4,2026-07-02 12:54:31.866492
R150,U760,I193,2,2026-06-18 21:40:31.866505
R151,U828,I203,5,2026-08-05 21:19:31.866517
R152,U317,I114,2,2026-07-06 18:47:31.866530
R153,U139,I300,5,2026-06-20 10:35:31.866543
R154,U263,I454,4,2026-06-15 13:40:31.866555
R155,U812,I220,3,2026-07-11 18:03:31.866568
R156,U53,I312,5,2026-06-20 11:37:31.866581
R157,U599,I404,1,2026-06-10 01:45:31.866593
R158,U37,I57,1,2026-06-24 09:13:31.866607
R159,U609,I283,3,2026-06-29 04:04:31.866623
R160,U233,I295,1,2026-06-24 11:21:31.866637
R161,U927,I119,3,2026-07-27 22:19:31.866651
R162,U97,I360,1,2026-06-23 15:40:31.866665
R163,U608,I209,5,2026-07-16 09:21:31.866678
R164,U926,I147,2,2026-06-13 14:49:31.866691
R165,U301,I199,3,2026-06-05 19:53:31.866704
R166,U960,I263,5,2026-07-15 17:59:31.866721
R167,U634,I384,5,2026-06-06 21:57:31.866735
R168,U468,I298,3,2026-07-02 23:04:31.866748
R169,U174,I287,3,2026-06-28 04:57:31.866762
R170,U336,I325,5,2026-07-11 02:36:31.866776
R171,U772,I266,2,2026-06-25 15:42:31.866790
R172,U759,I56,5,2026-08-07 03:49:31.866804
R173,U183,I73,1,2026-07-02 16:22:31.866820
R174,U763,I298,4,2026-06-06 06:48:31.866835
R175,U551,I311,1,2026-07-30 07:15:31.866848
R176,U306,I270,5,2026-07-25 18:18:31.866862
R177,U654,I311,4,2026-08-04 08:57:31.866876
R178,U473,I7,3,2026-06-04 12:14:31.866889
R179,U594,I270,3,2026-07-18 22:07:31.866902
R180,U947,I168,1,2026-07-18 15:10:31.866916
R181,U813,I474,2,2026-07-04 02:33:31.866931
R182,U508,I389,2,2026-06-25 05:18:31.866945
R183,U400,I267,1,2026-08-04 06:40:31.866958
R184,U186,I371,2,2026-06-14 17:49:31.867169
R185,U30,I107,5,2026-06-27 01:38:31.867187
R186,U349,I385,4,2026-06-24 00:15:31.867200
R187,U116,I396,1,2026-06-20 05:03:31.867215
R188,U251,I312,4,2026-06-23 19:01:31.867228
R189,U81,I140,3,2026-06-20 08:44:31.867240
R190,U11,I454,1,2026-06-05 16:02:31.867253
R191,U814,I316,5,2026-06-15 11:07:31.867266
R192,U866,I85,1,2026-07-02 07:13:31.867279
R193,U479,I295,1,2026-07-09 02:49:31.867291
R194,U323,I75,5,2026-07-04 03:03:31.867305
R195,U946,I216,5,2026-07-23 22:11:31.867318
R196,U226,I421,3,2026-08-03 16:37:31.867331
R197,U643,I424,3,2026-06-05 01:34:31.867345
R198,U516,I275,1,2026-06-04 03:39:31.867360
R199,U739,I237,1,2026-06-11 22:40:31.867374
R200,U326,I99,2,2026-06-11 13:03:31.867388
R201,U404,I10,1,2026-07-31 17:46:31.867405
R202,U589,I123,5,2026-08-04 13:36:31.867418
R203,U10,I127,5,2026-07-31 09:29:31.867432
R204,U873,I293,4,2026-07-14 20:30:31.867445
R205,U137,I330,3,2026-07-11 00:21:31.867459
R206,U124,I124,4,2026-08-07 23:39:31.867472
R207,U587,I30,5,2026-07-12 23:15:31.867486
R208,U846,I273,1,2026-06-27 02:43:31.867499
R209,U734,I62,1,2026-07-17 00:52:31.867513
R210,U335,I31,2,2026-07-15 14:04:31.867526
R211,U217,I365,4,2026-07-24 00:41:31.867540
R212,U410,I35,3,2026-06-09 09:00:31.867552
R213,U814,I402,5,2026-06-27 16:02:31.867566
R214,U210,I194,4,2026-07-30 02:27:31.867580
R215,U936,I225,1,2026-07-23 01:52:31.867596
R216,U706,I178,5,2026-06-07 05:45:31.867609
R217,U613,I205,5,2026-07-20 12:01:31.867623
R218,U214,I180,2,2026-06-16 12:27:31.867636
R219,U61,I360,1,2026-06-15 19:05:31.867650
R220,U341,I278,3,2026-06-04 10:47:31.867663
R221,U861,I497,4,2026-08-03 14:36:31.867677
R222,U375,I324,3,2026-07-01 20:09:31.867691
R223,U681,I126,1,2026-06-13 14:35:31.867706
R224,U342,I440,4,2026-07-08 15:31:31.867719
R225,U245,I299,4,2026-06-21 02:57:31.867733
R226,U190,I182,3,2026-08-01 07:15:31.867746
R227,U103,I194,3,2026-07-20 10:22:31.867759
R228,U402,I489,5,2026-08-07 22:56:31.867773
R229,U675,I68,5,2026-07-20 23:43:31.867789
R230,U482,I248,2,2026-07-01 05:47:31.867803
R231,U28,I437,2,2026-06-23 06:03:31.867816
R232,U608,I215,4,2026-07-05 12:37:31.867830
R233,U4,I175,2,2026-07-15 23:34:31.867845
R234,U181,I266,1,2026-07-08 10:51:31.867858
R235,U826,I130,3,2026-08-05 13:55:31.867872
R236,U836,I360,4,2026-08-04 20:46:31.867885
R237,U35,I457,1,2026-06-16 02:01:31.867899
R238,U713,I236,3,2026-06-15 01:39:31.867912
R239,U913,I104,3,2026-06-24 02:21:31.867925
R240,U893,I418,3,2026-07-05 13:12:31.867939
R241,U848,I135,1,2026-07-08 20:29:31.867952
R242,U986,I63,1,2026-07-25 15:18:31.867965
R243,U685,I286,5,2026-08-11 17:18:31.867981
R244,U138,I251,2,2026-08-11 01:54:31.867996
R245,U270,I73,4,2026-07-04 15:08:31.868010
R246,U213,I216,2,2026-06-26 11:48:31.868023
R247,U893,I52,3,2026-06-15 03:30:31.868037
R248,U265,I346,3,2026-07-01 13:45:31.868054
R249,U118,I270,5,2026-07-21 21:43:31.868068
R250,U606,I162,2,2026-08-09 20:46:31.868081
R251,U589,I210,5,2026-08-07 17:53:31.868096
R252,U428,I253,4,2026-07-19 03:43:31.868110
R253,U711,I387,5,2026-06-15 18:56:31.868124
R254,U988,I354,1,2026-06-20 23:31:31.868138
R255,U177,I88,5,2026-06-23 23:48:31.868151
R256,U781,I439,3,2026-06-16 23:24:31.868165
R257,U521,I232,3,2026-07-13 17:08:31.868178
R258,U772,I491,3,2026-08-01 15:33:31.868192
R259,U876,I361,2,2026-07-12 22:02:31.868206
R260,U550,I383,4,2026-07-30 11:21:31.868219
R261,U866,I251,1,2026-07-01 13:16:31.868235
R262,U272,I454,2,2026-08-09 21:30:31.868248
R263,U657,I495,4,2026-06-22 12:22:31.868261
R264,U982,I286,1,2026-08-02 05:10:31.868275
R265,U775,I196,3,2026-06-07 05:16:31.868289
R266,U784,I424,1,2026-07-24 08:18:31.868302
R267,U312,I484,2,2026-06-19 01:41:31.868316
R268,U515,I389,5,2026-08-05 21:58:31.868329
R269,U519,I252,2,2026-06-22 22:02:31.868345
R270,U481,I226,3,2026-06-26 05:34:31.868358
R271,U227,I374,2,2026-07-23 07:30:31.868372
R272,U414,I145,4,2026-07-01 22:01:31.868387
R273,U14,I424,3,2026-08-03 05:59:31.868401
R274,U238,I367,1,2026-06-17 18:14:31.868423
R275,U12,I318,1,2026-07-11 01:20:31.868436
R276,U197,I262,4,2026-08-09 17:19:31.868450
R277,U190,I279,2,2026-07-06 19:07:31.868464
R278,U136,I178,3,2026-07-27 15:28:31.868477
R279,U993,I20,3,2026-08-05 15:49:31.868492
R280,U670,I433,2,2026-07-21 15:45:31.868506
R281,U915,I43,5,2026-08-08 15:51:31.868519
R282,U741,I334,3,2026-07-01 20:29:31.868532
R283,U472,I68,1,2026-07-18 09:22:31.868545
R284,U776,I143,1,2026-08-10 00:59:31.868558
R285,U57,I362,4,2026-06-10 01:49:31.868572
R286,U605,I429,3,2026-08-02 18:10:31.868585
R287,U578,I110,2,2026-07-18 04:34:31.868598
R288,U380,I399,2,2026-06-22 16:39:31.868612
R289,U658,I38,1,2026-06-16 06:32:31.868625
R290,U494,I365,5,2026-07-14 15:43:31.868638
R291,U101,I488,2,2026-07-29 16:58:31.868652
R292,U768,I141,5,2026-06-30 10:49:31.868665
R293,U28,I300,5,2026-06-29 15:03:31.868681
R294,U154,I381,4,2026-07-19 13:16:31.868694
R295,U886,I477,5,2026-07-05 19:09:31.868707
R296,U209,I93,2,2026-07-08 20:43:31.868721
R297,U80,I253,3,2026-07-29 17:04:31.868734
R298,U189,I148,1,2026-07-18 17:02:31.868747
R299,U852,I455,2,2026-07-27 03:23:31.868761
R300,U429,I51,1,2026-06-24 06:22:31.868776
R301,U848,I318,1,2026-08-08 14:33:31.868790
R302,U197,I156,4,2026-06-24 23:16:31.868803
R303,U441,I50,4,2026-07-23 06:03:31.868817
R304,U51,I243,1,2026-07-29 05:48:31.868830
R305,U559,I204,4,2026-06-09 14:54:31.868843
R306,U668,I86,1,2026-07-29 01:08:31.868856
R307,U797,I17,1,2026-06-18 17:09:31.868869
R308,U343,I399,2,2026-07-07 05:59:31.868885
R309,U914,I410,4,2026-06-07 03:58:31.868900
R310,U138,I35,5,2026-07-10 00:41:31.868914
R311,U201,I209,5,2026-06-19 17:32:31.868927
R312,U31,I5,3,2026-06-30 12:30:31.868944
R313,U487,I309,3,2026-08-09 02:23:31.868958
R314,U61,I49,4,2026-07-20 16:16:31.868972
R315,U139,I170,5,2026-08-10 17:03:31.868986
R316,U26,I408,4,2026-07-23 03:42:31.869000
R317,U630,I236,1,2026-07-25 13:59:31.869014
R318,U770,I398,1,2026-06-13 06:32:31.869027
R319,U462,I87,2,2026-08-03 07:40:31.869041
R320,U111,I104,5,2026-07-08 04:23:31.869054
R321,U579,I21,5,2026-06-29 19:32:31.869068
R322,U905,I38,4,2026-06-27 17:17:31.869081
R323,U145,I95,1,2026-08-09 13:28:31.869094
R324,U823,I421,3,2026-07-14 01:12:31.869108
R325,U891,I472,3,2026-06-05 03:49:31.869124
R326,U417,I405,1,2026-06-27 16:30:31.869137
R327,U113,I291,2,2026-06-23 00:41:31.869151
R328,U827,I493,1,2026-06-29 16:35:31.869166
R329,U854,I3,4,2026-07-19 10:55:31.869180
R330,U313,I125,4,2026-08-06 22:28:31.869194
R331,U148,I422,2,2026-06-03 16:39:31.869207
R332,U308,I150,2,2026-07-26 02:45:31.869221
R333,U369,I73,1,2026-06-13 20:31:31.869235
R334,U406,I7,2,2026-07-11 16:10:31.869247
R335,U185,I109,5,2026-07-18 06:25:31.869261
R336,U773,I42,2,2026-06-06 03:39:31.869276
R337,U935,I479,1,2026-06-19 17:39:31.869290
R338,U278,I156,4,2026-06-29 15:30:31.869304
R339,U904,I92,4,2026-06-16 16:04:31.869318
R340,U23,I106,2,2026-07-04 13:01:31.869331
R341,U656,I320,3,2026-07-14 02:05:31.869345
R342,U96,I115,2,2026-06-30 00:32:31.869358
R343,U418,I40,4,2026-06-17 23:24:31.869371
R344,U837,I153,5,2026-08-09 15:19:31.869385
R345,U993,I496,2,2026-07-18 05:23:31.869399
R346,U970,I176,3,2026-06-19 15:27:31.869412
R347,U553,I179,1,2026-07-08 00:54:31.869426
R348,U37,I67,1,2026-08-02 03:45:31.869439
R349,U588,I341,1,2026-07-13 17:39:31.869453
R350,U978,I476,5,2026-06-19 21:48:31.869467
R351,U944,I430,1,2026-07-27 07:01:31.869480
R352,U824,I220,5,2026-07-06 00:06:31.869494
R353,U775,I359,3,2026-06-06 03:47:31.869509
R354,U621,I410,5,2026-07-05 04:24:31.869523
R355,U261,I245,5,2026-07-03 21:05:31.869536
R356,U810,I449,5,2026-06-11 10:35:31.869554
R357,U431,I64,2,2026-06-30 15:12:31.869568
R358,U388,I30,1,2026-06-27 07:16:31.869582
R359,U538,I137,3,2026-07-01 07:25:31.869595
R360,U265,I12,5,2026-06-04 15:19:31.869609
R361,U236,I224,5,2026-08-03 18:29:31.869623
R362,U578,I56,5,2026-08-08 20:55:31.869636
R363,U502,I149,5,2026-06-21 04:47:31.869650
R364,U133,I43,4,2026-07-15 10:55:31.869663
R365,U44,I25,4,2026-06-20 20:00:31.869680
R366,U754,I371,5,2026-07-24 11:34:31.869693
R367,U402,I311,2,2026-07-24 20:47:31.869707
R368,U804,I166,2,2026-07-17 11:22:31.869722
R369,U553,I137,5,2026-07-03 01:14:31.869737
R370,U276,I229,1,2026-06-26 22:36:31.869750
R371,U161,I60,2,2026-06-20 13:52:31.869763
R372,U988,I270,4,2026-07-13 20:04:31.869777
R373,U280,I221,2,2026-07-29 08:35:31.869791
R374,U731,I438,1,2026-07-27 12:36:31.869804
R375,U67,I85,2,2026-06-05 03:49:31.869820
R376,U744,I251,2,2026-08-10 12:12:31.869834
R377,U367,I462,3,2026-08-11 16:43:31.869847
R378,U899,I106,2,2026-08-11 15:39:31.869861
R379,U62,I10,1,2026-06-22 21:40:31.869874
R380,U531,I192,2,2026-07-16 06:46:31.869888
R381,U761,I365,4,2026-07-01 13:26:31.869901
R382,U245,I303,1,2026-06-17 02:38:31.869915
R383,U4,I1,5,2026-06-25 09:38:31.869929
R384,U585,I393,5,2026-08-03 15:24:31.869942
R385,U124,I129,1,2026-07-05 20:38:31.869958
R386,U817,I1,1,2026-06-20 01:43:31.869972
R387,U977,I438,1,2026-07-07 20:04:31.869985
R388,U581,I385,2,2026-07-21 10:24:31.870001
R389,U142,I350,4,2026-07-24 11:42:31.870015
R390,U956,I233,5,2026-06-11 13:14:31.870028
R391,U544,I483,5,2026-06-06 16:21:31.870042
R392,U470,I378,5,2026-08-07 18:16:31.870055
R393,U397,I4,5,2026-06-06 02:35:31.870072
R394,U344,I153,5,2026-08-04 08:24:31.870085
R395,U965,I437,5,2026-07-04 02:59:31.870099
R396,U491,I132,4,2026-07-20 12:53:31.870112
R397,U41,I25,1,2026-06-18 12:25:31.870126
R398,U835,I430,5,2026-06-25 22:50:31.870139
R399,U283,I350,2,2026-07-20 03:56:31.870152
R400,U444,I60,1,2026-06-07 00:32:31.870166
R401,U855,I125,4,2026-08-04 07:47:31.870181
R402,U951,I49,5,2026-08-04 01:56:31.870194
R403,U325,I47,5,2026-06-22 06:55:31.870207
R404,U661,I189,3,2026-07-12 19:41:31.870221
R405,U513,I72,5,2026-07-14 16:51:31.870234
R406,U153,I498,1,2026-07-25 14:51:31.870248
R407,U651,I133,1,2026-08-05 14:31:31.870262
R408,U371,I104,3,2026-06-03 09:58:31.870276
R409,U244,I142,4,2026-07-05 09:53:31.870289
R410,U30,I228,3,2026-07-08 16:38:31.870303
R411,U966,I294,5,2026-06-18 11:18:31.870316
R412,U256,I145,5,2026-06-08 17:57:31.870329
R413,U279,I441,4,2026-07-03 12:23:31.870345
R414,U452,I75,1,2026-08-03 03:22:31.870359
R415,U59,I281,2,2026-07-18 12:43:31.870373
R416,U902,I329,1,2026-07-30 03:43:31.870386
R417,U723,I394,5,2026-08-03 11:52:31.870400
R418,U705,I259,2,2026-07-30 07:00:31.870414
R419,U668,I113,5,2026-07-02 04:04:31.870433
R420,U610,I472,3,2026-08-11 17:31:31.870449
R421,U152,I492,4,2026-07-30 00:32:31.870465
R422,U34,I271,3,2026-06-27 05:58:31.870479
R423,U908,I35,4,2026-07-18 23:27:31.870493
R424,U705,I166,2,2026-06-30 06:33:31.870506
R425,U232,I404,3,2026-06-14 20:03:31.870520
R426,U994,I98,4,2026-07-14 11:20:31.870533
R427,U163,I486,2,2026-07-11 11:32:31.870547
R428,U465,I8,1,2026-07-16 00:17:31.870578
R429,U89,I81,5,2026-08-03 05:06:31.870592
R430,U790,I286,2,2026-06-22 14:51:31.870605
R431,U718,I169,1,2026-06-22 20:46:31.870618
R432,U118,I351,4,2026-08-05 12:16:31.870631
R433,U643,I90,3,2026-07-11 08:14:31.870644
R434,U578,I9,3,2026-06-12 06:02:31.870657
R435,U887,I456,4,2026-08-01 10:01:31.870670
R436,U904,I16,1,2026-06-30 12:56:31.870683
R437,U616,I88,2,2026-08-06 19:00:31.870695
R438,U270,I218,4,2026-08-09 16:34:31.870709
R439,U55,I43,2,2026-06-21 17:14:31.870723
R440,U248,I267,2,2026-07-01 02:51:31.870736
R441,U88,I15,1,2026-06-06 23:40:31.870751
R442,U900,I381,2,2026-07-24 13:58:31.870765
R443,U925,I65,5,2026-06-05 22:20:31.870777
R444,U947,I321,4,2026-08-05 14:01:31.870790
R445,U359,I45,2,2026-08-09 03:50:31.870804
R446,U670,I463,3,2026-06-24 09:02:31.870816
R447,U732,I191,1,2026-06-27 12:36:31.870829
R448,U753,I219,4,2026-06-04 10:27:31.870842
R449,U332,I114,3,2026-07-14 10:17:31.870857
R450,U390,I371,1,2026-07-15 00:41:31.870870
R451,U670,I90,2,2026-07-02 19:12:31.870884
R452,U429,I112,3,2026-07-07 23:42:31.870904
R453,U845,I494,1,2026-08-02 02:04:31.870916
R454,U636,I45,3,2026-07-21 07:07:31.870929
R455,U7,I187,4,2026-06-07 08:54:31.870942
R456,U761,I408,2,2026-06-06 05:08:31.870955
R457,U316,I251,2,2026-07-19 05:09:31.870970
R458,U240,I179,5,2026-07-04 10:25:31.870982
R459,U85,I251,4,2026-06-24 03:47:31.870995
R460,U173,I83,3,2026-06-03 22:35:31.871008
R461,U103,I383,2,2026-07-01 01:36:31.871021
R462,U684,I487,2,2026-07-06 22:45:31.871034
R463,U463,I1,5,2026-07-07 03:40:31.871047
R464,U867,I214,4,2026-07-10 21:01:31.871060
R465,U954,I357,4,2026-07-28 22:31:31.871073
R466,U876,I66,3,2026-08-04 20:40:31.871086
R467,U979,I474,5,2026-07-02 14:34:31.871099
R468,U905,I209,5,2026-07-02 14:25:31.871112
R469,U522,I438,3,2026-06-16 01:49:31.871127
R470,U300,I242,4,2026-08-04 12:05:31.871140
R471,U678,I81,5,2026-08-06 08:42:31.871153
R472,U654,I106,3,2026-08-10 11:07:31.871166
R473,U37,I211,1,2026-06-26 09:18:31.871179
R474,U310,I256,5,2026-06-28 20:02:31.871192
R475,U308,I498,2,2026-07-31 09:42:31.871205
R476,U240,I160,3,2026-07-23 18:22:31.871218
R477,U314,I27,3,2026-06-06 17:53:31.871231
R478,U429,I449,4,2026-06-22 23:32:31.871246
R479,U156,I485,1,2026-07-29 02:31:31.871259
R480,U88,I172,4,2026-07-19 19:46:31.871272
R481,U619,I377,3,2026-07-27 22:32:31.871285
R482,U365,I131,5,2026-07-27 04:05:31.871298
R483,U17,I496,4,2026-06-12 18:21:31.871313
R484,U707,I141,3,2026-06-14 07:43:31.871326
R485,U838,I45,1,2026-08-02 15:10:31.871339
R486,U686,I363,5,2026-06-27 22:52:31.871352
R487,U792,I100,5,2026-06-22 17:32:31.871364
R488,U82,I271,2,2026-06-30 15:14:31.871377
R489,U255,I1,4,2026-07-21 13:53:31.871390
R490,U314,I115,3,2026-06-11 04:41:31.871403
R491,U600,I403,3,2026-06-27 06:44:31.871416
R492,U895,I442,5,2026-07-26 13:27:31.871429
R493,U741,I33,5,2026-06-25 18:58:31.871442
R494,U283,I300,4,2026-06-23 23:14:31.871454
R495,U23,I207,4,2026-07-19 04:43:31.871468
R496,U886,I396,1,2026-07-11 05:15:31.871481
R497,U867,I50,1,2026-08-07 20:25:31.871493
R498,U186,I46,2,2026-07-09 01:22:31.871508
R499,U318,I100,3,2026-08-04 08:16:31.871521
R500,U821,I371,2,2026-07-20 08:06:31.871535
R501,U883,I15,1,2026-06-08 08:49:31.871548
R502,U411,I26,3,2026-06-17 04:34:31.871561
R503,U761,I486,5,2026-07-04 05:59:31.871575
R504,U4,I421,2,2026-06-27 14:59:31.871588
R505,U145,I51,5,2026-07-07 18:49:31.871602
R506,U54,I29,2,2026-07-27 23:33:31.871617
R507,U63,I357,2,2026-08-02 06:31:31.871630
R508,U608,I228,5,2026-06-18 22:14:31.871643
R509,U637,I309,1,2026-08-04 12:49:31.871656
R510,U91,I413,3,2026-08-08 21:07:31.871669
R511,U960,I6,2,2026-07-15 17:23:31.871682
R512,U941,I479,4,2026-08-01 04:52:31.871695
R513,U246,I54,4,2026-06-04 18:57:31.871708
R514,U101,I301,4,2026-06-03 11:31:31.871721
R515,U667,I284,4,2026-08-07 16:23:31.871735
R516,U799,I383,1,2026-06-15 10:58:31.871748
R517,U775,I198,2,2026-06-03 14:30:31.871762
R518,U962,I181,5,2026-06-04 10:50:31.871775
R519,U52,I369,5,2026-07-19 07:33:31.871788
R520,U100,I297,3,2026-06-14 22:19:31.871801
R521,U477,I420,5,2026-07-12 22:01:31.871815
R522,U888,I186,1,2026-06-15 14:35:31.871828
R523,U123,I39,2,2026-07-03 00:08:31.871841
R524,U348,I114,3,2026-06-24 13:56:31.871854
R525,U169,I361,1,2026-08-09 18:32:31.871867
R526,U483,I472,2,2026-06-22 00:46:31.871882
R527,U541,I346,4,2026-06-25 06:22:31.871895
R528,U762,I1,4,2026-07-30 07:23:31.871908
R529,U798,I239,5,2026-06-03 14:44:31.871922
R530,U57,I366,2,2026-06-30 05:44:31.871935
R531,U114,I484,4,2026-08-02 04:53:31.871948
R532,U436,I14,5,2026-06-10 00:05:31.871962
R533,U524,I56,5,2026-06-30 01:17:31.871977
R534,U999,I427,2,2026-07-31 00:28:31.871991
R535,U915,I103,5,2026-06-03 19:44:31.872004
R536,U602,I324,4,2026-07-19 22:58:31.872017
R537,U492,I251,1,2026-06-24 02:13:31.872030
R538,U202,I248,3,2026-07-22 04:46:31.872043
R539,U41,I229,4,2026-06-21 21:23:31.872056
R540,U884,I54,1,2026-07-26 06:15:31.872070
R541,U817,I146,5,2026-08-10 11:22:31.872082
R542,U689,I370,5,2026-07-09 11:42:31.872095
R543,U803,I180,4,2026-06-27 06:37:31.872108
R544,U32,I7,2,2026-06-13 13:07:31.872121
R545,U263,I342,3,2026-07-25 03:50:31.872134
R546,U817,I393,2,2026-07-23 10:03:31.872147
R547,U897,I202,2,2026-07-28 01:30:31.872162
R548,U993,I422,1,2026-07-07 06:28:31.872175
R549,U599,I19,4,2026-06-17 23:52:31.872188
R550,U684,I390,4,2026-06-22 15:14:31.872201
R551,U360,I433,4,2026-07-19 04:55:31.872214
R552,U407,I341,4,2026-08-10 00:27:31.872226
R553,U398,I410,4,2026-06-10 17:36:31.872240
R554,U699,I182,1,2026-07-03 01:29:31.872254
R555,U634,I353,1,2026-07-20 10:47:31.872267
R556,U591,I435,3,2026-06-09 09:24:31.872280
R557,U766,I481,2,2026-08-03 16:35:31.872293
R558,U329,I28,1,2026-07-05 19:48:31.872306
R559,U916,I152,2,2026-07-07 11:31:31.872319
R560,U74,I2,4,2026-08-10 22:54:31.872332
R561,U222,I101,3,2026-08-07 14:34:31.872345
R562,U963,I488,5,2026-07-19 08:18:31.872358
R563,U914,I400,2,2026-07-17 03:47:31.872373
R564,U868,I108,1,2026-06-16 09:33:31.872386
R565,U551,I443,2,2026-06-20 05:34:31.872399
R566,U140,I147,5,2026-07-16 04:16:31.872412
R567,U515,I33,2,2026-08-09 16:27:31.872433
R568,U10,I154,1,2026-06-05 14:30:31.872446
R569,U435,I307,1,2026-08-10 10:11:31.872460
R570,U323,I439,2,2026-08-07 13:38:31.872472
R571,U150,I51,3,2026-08-05 08:17:31.872485
R572,U386,I243,3,2026-06-07 19:33:31.872498
R573,U563,I198,3,2026-07-06 00:49:31.872512
R574,U730,I406,2,2026-07-21 19:09:31.872525
R575,U683,I444,5,2026-07-12 19:05:31.872538
R576,U238,I158,5,2026-08-03 13:48:31.872551
R577,U95,I1,3,2026-08-10 06:40:31.872564
R578,U839,I60,3,2026-06-27 10:37:31.872577
R579,U430,I132,2,2026-06-28 04:17:31.872592
R580,U517,I419,5,2026-07-04 04:40:31.872605
R581,U876,I491,1,2026-07-13 16:48:31.872618
R582,U483,I126,5,2026-07-12 03:52:31.872633
R583,U328,I381,1,2026-07-30 09:06:31.872646
R584,U559,I394,1,2026-07-01 23:02:31.872659
R585,U929,I252,3,2026-08-02 20:50:31.872672
R586,U137,I119,5,2026-07-08 23:05:31.872685
R587,U783,I288,4,2026-06-26 17:06:31.872698
R588,U100,I174,3,2026-07-19 04:53:31.872711
R589,U158,I192,1,2026-06-03 10:26:31.872724
R590,U687,I415,5,2026-06-30 19:02:31.872736
R591,U164,I116,4,2026-08-10 02:46:31.872752
R592,U157,I151,3,2026-07-03 05:25:31.872764
R593,U776,I377,3,2026-07-17 07:54:31.872779
R594,U432,I395,4,2026-06-30 04:23:31.872792
R595,U144,I18,3,2026-08-05 22:44:31.872804
R596,U452,I52,1,2026-06-30 21:35:31.872817
R597,U208,I31,5,2026-06-30 14:41:31.872830
R598,U125,I185,4,2026-07-18 20:11:31.872843
R599,U772,I333,4,2026-06-24 10:46:31.872855
R600,U656,I385,2,2026-06-29 00:53:31.872868
R601,U680,I370,1,2026-07-23 03:00:31.872881
R602,U100,I249,3,2026-07-14 21:33:31.872894
R603,U233,I271,1,2026-07-25 22:17:31.872906
R604,U909,I226,3,2026-08-05 04:44:31.872919
R605,U860,I154,5,2026-07-13 07:30:31.872932
R606,U722,I235,2,2026-07-07 22:36:31.872945
R607,U51,I82,5,2026-07-27 02:35:31.872958
R608,U340,I132,4,2026-06-10 11:01:31.872971
R609,U540,I206,2,2026-07-01 19:02:31.872984
R610,U190,I284,5,2026-07-15 12:03:31.872998
R611,U46,I229,4,2026-07-03 19:40:31.873013
R612,U256,I69,1,2026-07-02 07:10:31.873026
R613,U668,I456,4,2026-06-10 15:31:31.873038
R614,U211,I73,4,2026-08-05 16:18:31.873051
R615,U880,I427,2,2026-07-12 01:02:31.873064
R616,U213,I372,5,2026-07-06 08:13:31.873077
R617,U487,I213,2,2026-07-10 05:37:31.873090
R618,U618,I64,2,2026-06-24 16:20:31.873103
R619,U441,I369,5,2026-06-29 13:55:31.873117
R620,U621,I26,4,2026-06-11 16:21:31.873130
R621,U710,I15,3,2026-06-25 18:33:31.873144
R622,U940,I479,5,2026-07-07 00:37:31.873157
R623,U605,I347,2,2026-07-26 18:42:31.873170
R624,U58,I355,3,2026-07-09 02:34:31.873183
R625,U796,I120,3,2026-08-11 06:49:31.873196
R626,U355,I403,1,2026-06-10 06:32:31.873209
R627,U537,I483,5,2026-07-29 15:41:31.873221
R628,U485,I102,5,2026-07-04 18:35:31.873234
R629,U760,I42,3,2026-06-18 13:36:31.873247
R630,U874,I230,4,2026-07-19 09:44:31.873262
R631,U795,I4,3,2026-07-25 08:52:31.873275
R632,U698,I335,3,2026-07-05 09:03:31.873288
R633,U461,I29,4,2026-06-27 07:17:31.873301
R634,U609,I451,4,2026-06-27 08:07:31.873313
R635,U727,I173,3,2026-07-19 15:36:31.873326
R636,U162,I223,1,2026-06-19 10:19:31.873339
R637,U721,I441,1,2026-07-20 20:59:31.873352
R638,U851,I400,5,2026-07-19 04:43:31.873364
R639,U150,I432,2,2026-06-29 10:16:31.873379
R640,U215,I440,4,2026-06-04 14:30:31.873392
R641,U857,I66,4,2026-06-06 12:14:31.873405
R642,U211,I92,1,2026-06-08 13:20:31.873420
R643,U180,I89,2,2026-06-28 22:43:31.873433
R644,U105,I54,1,2026-06-30 12:38:31.873446
R645,U850,I189,4,2026-07-04 01:31:31.873460
R646,U621,I61,4,2026-08-02 03:05:31.873473
R647,U433,I84,1,2026-07-16 00:34:31.873485
R648,U161,I315,5,2026-07-08 23:26:31.873500
R649,U116,I147,3,2026-06-22 13:03:31.873514
R650,U413,I295,5,2026-07-21 15:39:31.873527
R651,U33,I191,2,2026-08-02 09:44:31.873540
R652,U855,I217,5,2026-08-11 02:48:31.873553
R653,U212,I299,2,2026-07-25 19:04:31.873566
R654,U30,I460,2,2026-06-04 20:24:31.873579
R655,U423,I492,5,2026-06-22 19:22:31.873592
R656,U14,I48,3,2026-07-26 01:11:31.873606
R657,U694,I203,3,2026-06-27 17:38:31.873619
R658,U848,I39,1,2026-07-04 09:26:31.873632
R659,U559,I12,1,2026-07-01 19:40:31.873645
R660,U475,I452,1,2026-07-23 04:02:31.873658
R661,U825,I41,4,2026-07-25 04:08:31.873671
R662,U456,I454,1,2026-07-11 15:55:31.873684
R663,U701,I5,1,2026-07-16 07:50:31.873697
R664,U597,I101,2,2026-07-26 00:23:31.873710
R665,U423,I427,4,2026-07-26 03:02:31.873723
R666,U259,I469,3,2026-07-08 12:59:31.873736
R667,U591,I114,1,2026-07-02 17:32:31.873751
R668,U163,I288,3,2026-07-02 10:55:31.873764
R669,U443,I123,5,2026-08-11 08:20:31.873777
R670,U552,I113,5,2026-08-08 20:57:31.873791
R671,U759,I203,3,2026-07-19 03:45:31.873804
R672,U62,I80,3,2026-06-16 18:47:31.873817
R673,U746,I313,5,2026-07-13 05:54:31.873831
R674,U111,I357,5,2026-07-22 21:36:31.873846
R675,U755,I309,2,2026-07-31 06:03:31.873859
R676,U473,I358,2,2026-06-03 19:51:31.873873
R677,U505,I92,5,2026-08-03 21:54:31.873886
R678,U163,I458,5,2026-08-01 02:29:31.873899
R679,U841,I198,2,2026-07-11 03:37:31.873911
R680,U667,I24,3,2026-06-21 13:37:31.873924
R681,U836,I219,1,2026-07-31 09:57:31.873937
R682,U850,I220,4,2026-07-01 15:20:31.873950
R683,U404,I330,3,2026-07-27 05:01:31.873963
R684,U464,I441,2,2026-06-22 12:00:31.873976
R685,U659,I155,3,2026-07-24 03:15:31.873989
R686,U602,I250,3,2026-06-16 02:04:31.874002
R687,U766,I320,5,2026-07-08 19:45:31.874015
R688,U23,I231,1,2026-06-26 19:20:31.874028
R689,U879,I279,4,2026-07-15 09:40:31.874040
R690,U835,I1,4,2026-06-04 17:33:31.874053
R691,U507,I186,4,2026-08-09 20:34:31.874065
R692,U173,I22,5,2026-08-10 21:38:31.874078
R693,U681,I366,1,2026-06-21 09:37:31.874091
R694,U982,I431,2,2026-06-18 16:08:31.874107
R695,U47,I84,2,2026-08-04 18:07:31.874122
R696,U925,I190,3,2026-07-21 03:38:31.874135
R697,U634,I16,3,2026-07-19 06:05:31.874148
R698,U555,I293,1,2026-06-19 14:30:31.874161
R699,U230,I88,2,2026-07-11 02:40:31.874173
R700,U980,I98,2,2026-07-24 01:20:31.874186
R701,U177,I3,2,2026-07-20 13:28:31.874199
R702,U366,I34,1,2026-07-28 19:38:31.874212
R703,U829,I191,3,2026-07-11 12:23:31.874225
R704,U873,I498,1,2026-08-01 11:59:31.874238
R705,U633,I452,2,2026-07-12 02:23:31.874254
R706,U290,I168,1,2026-07-22 06:11:31.874269
R707,U875,I207,5,2026-06-26 22:20:31.874282
R708,U832,I283,5,2026-07-16 21:44:31.874295
R709,U711,I401,2,2026-06-16 01:18:31.874309
R710,U198,I386,2,2026-07-25 06:55:31.874322
R711,U896,I83,3,2026-07-20 09:57:31.874335
R712,U403,I470,2,2026-06-18 22:31:31.874348
R713,U436,I67,1,2026-06-23 22:00:31.874360
R714,U27,I177,5,2026-06-04 20:57:31.874373
R715,U758,I275,2,2026-07-31 16:29:31.874386
R716,U129,I425,3,2026-06-04 07:46:31.874399
R717,U276,I46,2,2026-06-20 01:25:31.874412
R718,U58,I227,3,2026-06-04 10:37:31.874431
R719,U612,I201,3,2026-06-17 03:38:31.874444
R720,U615,I314,2,2026-08-06 16:41:31.874458
R721,U120,I73,2,2026-06-27 15:33:31.874471
R722,U411,I101,1,2026-06-29 00:57:31.874484
R723,U470,I158,5,2026-07-09 00:00:31.874496
R724,U284,I81,1,2026-08-10 11:27:31.874512
R725,U393,I93,5,2026-07-18 10:05:31.874525
R726,U656,I47,5,2026-07-24 08:11:31.874538
R727,U923,I229,3,2026-06-16 04:54:31.874551
R728,U815,I50,5,2026-07-30 18:39:31.874564
R729,U185,I202,4,2026-08-04 21:55:31.874577
R730,U719,I117,1,2026-06-28 23:52:31.874589
R731,U381,I118,4,2026-07-31 04:07:31.874602
R732,U966,I216,3,2026-06-29 17:42:31.874615
R733,U326,I77,5,2026-06-15 12:41:31.874631
R734,U939,I204,3,2026-07-07 23:05:31.874644
R735,U105,I459,2,2026-06-09 00:08:31.874657
R736,U26,I455,5,2026-07-04 01:58:31.874669
R737,U123,I229,2,2026-08-09 10:12:31.874684
R738,U4,I292,5,2026-07-28 10:05:31.874697
R739,U675,I379,5,2026-07-18 09:15:31.874710
R740,U322,I447,2,2026-07-18 05:06:31.874723
R741,U62,I97,2,2026-06-08 15:33:31.874736
R742,U108,I32,3,2026-06-09 22:17:31.874749
R743,U235,I440,3,2026-07-10 13:17:31.874762
R744,U10,I162,1,2026-07-18 04:10:31.874774
R745,U214,I368,2,2026-08-02 16:43:31.874788
R746,U595,I327,1,2026-07-15 13:41:31.874801
R747,U243,I341,1,2026-06-25 17:39:31.874814
R748,U871,I226,4,2026-06-19 00:18:31.874827
R749,U472,I326,2,2026-07-19 01:58:31.874841
R750,U477,I309,2,2026-07-08 18:10:31.874853
R751,U709,I379,3,2026-07-30 21:10:31.874867
R752,U157,I497,1,2026-06-27 03:57:31.874881
R753,U558,I120,3,2026-06-15 15:28:31.874894
R754,U817,I345,3,2026-06-09 01:54:31.874907
R755,U954,I276,1,2026-06-19 01:34:31.874920
R756,U184,I376,1,2026-07-15 07:08:31.874933
R757,U790,I277,4,2026-06-27 23:47:31.874946
R758,U42,I220,4,2026-06-15 02:53:31.874961
R759,U391,I424,5,2026-07-24 18:50:31.874974
R760,U984,I106,2,2026-06-03 21:04:31.874987
R761,U174,I301,5,2026-06-22 00:35:31.875003
R762,U440,I181,1,2026-07-10 05:59:31.875016
R763,U893,I316,1,2026-07-27 17:30:31.875029
R764,U348,I239,5,2026-06-12 06:08:31.875042
R765,U296,I491,4,2026-07-17 19:22:31.875055
R766,U58,I452,5,2026-07-12 11:20:31.875068
R767,U651,I257,3,2026-06-05 21:49:31.875081
R768,U539,I271,2,2026-06-05 14:00:31.875094
R769,U554,I87,3,2026-06-09 03:57:31.875109
R770,U447,I363,4,2026-07-30 13:07:31.875122
R771,U414,I403,2,2026-08-10 04:41:31.875135
R772,U757,I260,3,2026-07-06 14:45:31.875148
R773,U493,I64,5,2026-07-27 12:21:31.875161
R774,U371,I156,2,2026-06-14 19:01:31.875174
R775,U895,I163,3,2026-08-04 12:53:31.875187
R776,U804,I299,4,2026-07-27 11:17:31.875200
R777,U568,I81,2,2026-07-26 02:58:31.875213
R778,U890,I179,1,2026-06-04 02:42:31.875226
R779,U108,I273,2,2026-07-10 17:34:31.875239
R780,U746,I407,4,2026-07-27 12:58:31.875254
R781,U775,I452,3,2026-07-02 03:00:31.875268
R782,U176,I282,4,2026-07-25 15:45:31.875281
R783,U603,I389,3,2026-07-26 10:09:31.875294
R784,U661,I6,1,2026-07-27 09:38:31.875307
R785,U811,I83,2,2026-07-17 22:27:31.875320
R786,U89,I147,5,2026-06-20 15:22:31.875333
R787,U179,I304,1,2026-08-10 14:36:31.875346
R788,U620,I359,4,2026-07-06 22:21:31.875359
R789,U174,I425,4,2026-08-08 05:07:31.875374
R790,U137,I209,4,2026-08-11 19:26:31.875387
R791,U268,I470,3,2026-08-07 01:02:31.875400
R792,U985,I297,3,2026-07-03 15:57:31.875413
R793,U198,I94,1,2026-06-29 09:29:31.875426
R794,U856,I145,1,2026-08-10 02:59:31.875439
R795,U734,I118,5,2026-08-05 00:25:31.875452
R796,U51,I377,1,2026-06-20 12:02:31.875465
R797,U224,I125,3,2026-07-24 13:20:31.875478
R798,U551,I317,2,2026-07-30 14:13:31.875491
R799,U164,I152,4,2026-08-03 07:24:31.875504
R800,U88,I486,5,2026-07-22 14:35:31.875517
R801,U391,I436,1,2026-06-09 14:06:31.875532
R802,U47,I214,1,2026-06-24 16:38:31.875544
R803,U147,I236,4,2026-06-12 20:12:31.875558
R804,U38,I164,4,2026-07-17 06:09:31.875570
R805,U409,I56,4,2026-08-06 20:04:31.875583
R806,U485,I499,4,2026-07-31 00:25:31.875596
R807,U400,I144,2,2026-06-08 07:46:31.875609
R808,U538,I365,3,2026-08-10 21:25:31.875625
R809,U15,I293,3,2026-07-22 01:19:31.875638
R810,U474,I88,2,2026-07-18 03:09:31.875651
R811,U433,I46,4,2026-07-04 02:13:31.875664
R812,U674,I75,2,2026-06-11 13:08:31.875677
R813,U113,I105,2,2026-07-05 11:31:31.875690
R814,U117,I6,5,2026-07-19 06:14:31.875704
R815,U289,I364,1,2026-07-03 05:06:31.875717
R816,U306,I70,2,2026-06-07 17:07:31.875730
R817,U101,I199,3,2026-07-17 17:00:31.875743
R818,U921,I418,3,2026-08-01 05:54:31.875757
R819,U937,I383,2,2026-06-30 23:36:31.875771
R820,U182,I237,4,2026-06-12 21:29:31.875784
R821,U916,I198,5,2026-07-09 21:09:31.875797
R822,U488,I486,4,2026-06-04 09:06:31.875812
R823,U32,I216,2,2026-07-19 23:38:31.875826
R824,U618,I149,2,2026-06-16 01:32:31.875839
R825,U998,I23,3,2026-07-03 19:45:31.875852
R826,U828,I35,4,2026-07-12 23:54:31.875864
R827,U878,I174,1,2026-06-26 06:22:31.875877
R828,U563,I225,1,2026-08-03 22:55:31.875890
R829,U855,I433,4,2026-06-16 10:10:31.875903
R830,U630,I289,2,2026-07-27 03:17:31.875916
R831,U306,I357,2,2026-08-08 02:01:31.875929
R832,U903,I86,3,2026-06-21 19:51:31.875943
R833,U224,I227,3,2026-07-18 13:34:31.875958
R834,U790,I136,1,2026-06-27 15:59:31.875971
R835,U172,I112,3,2026-07-11 09:33:31.875984
R836,U438,I399,3,2026-07-24 23:00:31.875997
R837,U513,I421,4,2026-06-20 17:07:31.876012
R838,U261,I229,5,2026-06-03 13:52:31.876025
R839,U11,I84,3,2026-07-16 02:59:31.876038
R840,U791,I274,3,2026-06-04 23:43:31.876051
R841,U230,I193,2,2026-07-04 18:48:31.876064
R842,U572,I290,1,2026-07-17 06:24:31.876077
R843,U704,I239,2,2026-07-24 19:45:31.876090
R844,U528,I222,3,2026-08-06 01:52:31.876102
R845,U668,I6,1,2026-06-18 14:49:31.876115
R846,U347,I116,5,2026-07-12 03:19:31.876130
R847,U640,I453,3,2026-06-28 23:40:31.876143
R848,U759,I483,3,2026-07-26 23:02:31.876156
R849,U93,I200,3,2026-07-21 11:48:31.876175
R850,U328,I399,5,2026-06-17 21:49:31.876188
R851,U16,I427,1,2026-06-19 21:33:31.876200
R852,U799,I112,4,2026-06-24 06:14:31.876213
R853,U79,I134,4,2026-08-07 06:57:31.876226
R854,U312,I250,4,2026-06-05 17:53:31.876239
R855,U96,I150,2,2026-07-01 08:41:31.876252
R856,U517,I489,5,2026-07-18 23:48:31.876265
R857,U282,I108,4,2026-08-07 04:04:31.876278
R858,U405,I372,4,2026-08-04 08:04:31.876291
R859,U555,I385,4,2026-06-13 12:02:31.876304
R860,U986,I438,3,2026-07-05 00:00:31.876317
R861,U262,I458,4,2026-06-30 07:01:31.876331
R862,U134,I347,4,2026-06-04 02:37:31.876345
R863,U239,I206,5,2026-08-05 17:18:31.876357
R864,U376,I337,3,2026-06-09 15:54:31.876373
R865,U89,I265,3,2026-06-25 17:25:31.876388
R866,U764,I311,5,2026-08-08 18:40:31.876401
R867,U960,I30,2,2026-07-01 14:48:31.876414
R868,U486,I473,2,2026-06-20 07:48:31.876427
R869,U863,I56,1,2026-06-25 18:31:31.876440
R870,U315,I171,1,2026-06-09 08:15:31.876453
R871,U465,I332,5,2026-07-07 18:48:31.876466
R872,U20,I148,2,2026-07-09 18:15:31.876479
R873,U421,I385,4,2026-08-08 19:18:31.876492
R874,U345,I460,1,2026-07-22 02:08:31.876507
R875,U722,I126,4,2026-07-18 12:41:31.876520
R876,U936,I217,5,2026-06-26 11:37:31.876533
R877,U251,I108,1,2026-07-06 18:07:31.876546
R878,U494,I330,4,2026-06-12 05:21:31.876559
R879,U216,I11,4,2026-06-29 23:03:31.876572
R880,U717,I405,1,2026-06-22 22:52:31.876585
R881,U955,I69,2,2026-06-05 22:34:31.876598
R882,U187,I215,4,2026-06-29 13:30:31.876611
R883,U933,I294,3,2026-08-04 10:25:31.876624
R884,U629,I8,5,2026-07-01 16:18:31.876637
R885,U520,I331,5,2026-07-03 14:39:31.876652
R886,U336,I111,5,2026-06-03 15:53:31.876665
R887,U337,I346,5,2026-08-07 13:59:31.876678
R888,U396,I241,2,2026-06-20 17:01:31.876691
R889,U424,I104,3,2026-06-10 23:04:31.876704
R890,U832,I86,5,2026-06-09 16:47:31.876717
R891,U632,I444,5,2026-06-04 00:36:31.876730
R892,U493,I204,1,2026-06-05 07:17:31.876743
R893,U864,I161,3,2026-08-09 20:07:31.876758
R894,U864,I343,3,2026-06-20 20:36:31.876771
R895,U141,I71,1,2026-06-09 14:53:31.876784
R896,U466,I30,3,2026-06-13 20:35:31.876799
R897,U877,I287,4,2026-06-09 02:27:31.876812
R898,U783,I39,5,2026-07-06 06:57:31.876825
R899,U699,I370,4,2026-08-09 03:00:31.876838
R900,U416,I200,2,2026-07-25 19:52:31.876851
R901,U859,I31,1,2026-07-06 05:19:31.876864
R902,U781,I83,5,2026-06-11 06:52:31.876877
R903,U917,I450,1,2026-06-29 15:16:31.876892
R904,U196,I483,5,2026-06-19 21:59:31.876905
R905,U181,I392,5,2026-06-16 18:56:31.876918
R906,U82,I344,5,2026-06-23 23:57:31.876931
R907,U952,I81,4,2026-07-31 21:50:31.876944
R908,U575,I78,4,2026-06-08 21:30:31.876957
R909,U330,I494,2,2026-07-21 14:09:31.876970
R910,U474,I46,4,2026-06-05 16:48:31.876983
R911,U936,I472,1,2026-06-24 05:40:31.876996
R912,U433,I421,3,2026-06-17 05:47:31.877009
R913,U268,I87,4,2026-06-19 08:58:31.877022
R914,U298,I80,1,2026-07-24 01:25:31.877034
R915,U735,I356,5,2026-06-24 02:01:31.877047
R916,U703,I488,2,2026-08-03 21:42:31.877060
R917,U690,I394,2,2026-07-13 02:00:31.877073
R918,U309,I351,5,2026-06-09 19:34:31.877086
R919,U19,I57,3,2026-07-10 04:11:31.877099
R920,U793,I289,5,2026-07-04 17:39:31.877112
R921,U460,I13,4,2026-06-18 07:51:31.877128
R922,U183,I32,5,2026-07-11 21:17:31.877141
R923,U839,I275,4,2026-07-25 13:14:31.877154
R924,U2,I188,3,2026-06-17 13:24:31.877167
R925,U543,I83,3,2026-07-21 17:10:31.877180
R926,U574,I467,5,2026-06-05 05:58:31.877193
R927,U794,I142,2,2026-08-06 21:21:31.877206
R928,U714,I75,1,2026-06-30 10:11:31.877222
R929,U742,I275,1,2026-07-05 02:57:31.877235
R930,U482,I257,1,2026-07-07 15:57:31.877248
R931,U649,I192,3,2026-06-12 10:55:31.877263
R932,U227,I347,1,2026-07-11 13:04:31.877276
R933,U904,I330,5,2026-06-20 01:10:31.877289
R934,U884,I386,1,2026-08-02 11:04:31.877302
R935,U388,I333,3,2026-06-19 22:56:31.877315
R936,U943,I370,2,2026-06-13 07:11:31.877328
R937,U523,I47,3,2026-08-11 16:45:31.877342
R938,U204,I481,4,2026-08-07 14:39:31.877355
R939,U117,I243,1,2026-06-18 07:16:31.877373
R940,U159,I211,3,2026-08-07 23:04:31.877394
R941,U456,I450,1,2026-07-24 07:14:31.877415
R942,U31,I262,5,2026-08-08 23:17:31.877943
R943,U530,I327,1,2026-07-01 11:38:31.878001
R944,U163,I205,2,2026-06-24 17:02:31.878024
R945,U169,I307,4,2026-06-22 17:54:31.878045
R946,U178,I333,3,2026-07-15 14:29:31.878065
R947,U862,I269,3,2026-06-04 08:38:31.878084
R948,U969,I15,1,2026-07-01 04:14:31.878104
R949,U150,I264,5,2026-06-12 18:41:31.878129
R950,U593,I494,3,2026-06-21 09:50:31.878153
R951,U188,I328,4,2026-06-15 08:47:31.878195
R952,U282,I45,1,2026-07-04 16:46:31.878217
R953,U552,I1,4,2026-06-18 22:00:31.878236
R954,U701,I57,5,2026-07-07 19:12:31.878256
R955,U879,I56,2,2026-06-29 20:20:31.878276
R956,U415,I200,2,2026-08-10 10:00:31.878296
R957,U570,I16,5,2026-07-30 16:24:31.878315
R958,U860,I8,2,2026-06-15 22:52:31.878334
R959,U122,I233,1,2026-06-14 23:29:31.878356
R960,U775,I411,2,2026-07-04 11:41:31.878378
R961,U199,I344,3,2026-07-17 06:58:31.878397
R962,U275,I111,3,2026-06-18 16:29:31.878417
R963,U390,I322,2,2026-06-14 09:40:31.878436
R964,U259,I171,5,2026-06-10 21:28:31.878456
R965,U841,I448,4,2026-08-11 07:09:31.878475
R966,U83,I91,1,2026-06-05 20:38:31.878495
R967,U764,I151,2,2026-07-15 16:25:31.878514
R968,U166,I336,3,2026-07-23 06:25:31.878534
R969,U417,I305,1,2026-06-19 12:47:31.878553
R970,U92,I480,2,2026-07-22 13:12:31.878572
R971,U469,I186,2,2026-08-11 00:25:31.878591
R972,U187,I282,3,2026-06-20 23:04:31.878611
R973,U462,I207,1,2026-07-20 02:00:31.878633
R974,U624,I192,4,2026-08-11 18:18:31.878653
R975,U135,I470,3,2026-07-20 18:42:31.878673
R976,U384,I162,2,2026-06-10 01:17:31.878692
R977,U315,I21,3,2026-07-10 12:46:31.878710
R978,U227,I357,4,2026-07-19 13:05:31.878748
R979,U513,I385,1,2026-06-09 03:00:31.878770
R980,U545,I417,4,2026-07-09 09:47:31.878790
R981,U797,I482,3,2026-06-10 23:13:31.878811
R982,U16,I497,2,2026-07-06 09:56:31.878830
R983,U846,I359,3,2026-06-26 09:49:31.878849
R984,U559,I75,1,2026-07-10 18:25:31.878868
R985,U895,I367,5,2026-07-01 17:04:31.878888
R986,U510,I127,5,2026-07-09 04:55:31.878907
R987,U283,I480,4,2026-07-05 09:53:31.878925
R988,U155,I101,2,2026-07-21 19:44:31.878947
R989,U438,I19,4,2026-07-06 03:06:31.878965
R990,U826,I237,5,2026-06-15 22:48:31.878984
R991,U993,I270,4,2026-07-17 00:13:31.879006
R992,U599,I37,2,2026-07-08 21:31:31.879025
R993,U595,I158,5,2026-06-28 17:21:31.879044
R994,U991,I466,2,2026-07-30 13:18:31.879064
R995,U766,I25,3,2026-07-25 21:40:31.879083
R996,U619,I268,4,2026-07-26 00:53:31.879103
R997,U169,I492,4,2026-06-21 12:36:31.879122
R998,U634,I65,1,2026-07-07 21:29:31.879142
R999,U426,I203,1,2026-07-01 12:50:31.879161
R1000,U971,I476,5,2026-06-19 17:30:31.879182
R1001,U417,I90,2,2026-07-11 10:51:31.879201
R1002,U386,I312,5,2026-06-18 03:28:31.879220
R1003,U673,I420,2,2026-06-19 07:30:31.879239
R1004,U936,I377,5,2026-06-06 00:30:31.879259
R1005,U561,I126,2,2026-07-13 15:35:31.879279
R1006,U769,I283,4,2026-07-06 10:34:31.879307
R1007,U569,I263,4,2026-06-08 04:42:31.879328
R1008,U507,I230,5,2026-07-25 18:50:31.879346
R1009,U381,I469,4,2026-08-10 16:59:31.879365
R1010,U308,I62,2,2026-07-19 15:20:31.879385
R1011,U537,I88,1,2026-06-25 04:54:31.879404
R1012,U970,I443,3,2026-06-17 11:46:31.879422
R1013,U832,I126,1,2026-07-13 00:49:31.879445
R1014,U204,I308,5,2026-06-04 22:14:31.879465
R1015,U194,I499,5,2026-08-04 03:05:31.879484
R1016,U158,I64,4,2026-08-10 22:28:31.879506
R1017,U30,I2,1,2026-07-16 11:21:31.879525
R1018,U304,I25,4,2026-07-06 12:34:31.879544
R1019,U150,I430,5,2026-06-06 21:33:31.879562
R1020,U764,I483,1,2026-07-15 01:47:31.879580
R1021,U758,I333,2,2026-08-08 18:14:31.879598
R1022,U891,I145,5,2026-08-05 09:29:31.879617
R1023,U222,I153,1,2026-08-10 07:32:31.879638
R1024,U209,I264,5,2026-06-27 17:05:31.879657
R1025,U329,I77,5,2026-06-30 01:05:31.879676
R1026,U135,I16,5,2026-06-17 01:05:31.879695
R1027,U553,I222,3,2026-06-11 17:22:31.879714
R1028,U392,I152,2,2026-06-05 06:26:31.879733
R1029,U804,I341,2,2026-07-15 19:30:31.879752
R1030,U930,I5,3,2026-06-16 07:12:31.879770
R1031,U992,I363,2,2026-08-06 18:29:31.879789
R1032,U531,I93,2,2026-07-12 04:09:31.879808
R1033,U851,I118,1,2026-06-20 22:18:31.879827
R1034,U954,I248,4,2026-07-03 20:46:31.879849
R1035,U623,I482,1,2026-06-16 04:21:31.879867
R1036,U965,I133,5,2026-06-16 08:36:31.879886
R1037,U410,I64,5,2026-06-23 04:58:31.879905
R1038,U943,I498,1,2026-06-13 18:08:31.879924
R1039,U877,I189,4,2026-06-24 05:33:31.879943
R1040,U134,I450,1,2026-08-04 01:54:31.879962
R1041,U485,I337,3,2026-07-20 10:34:31.879982
R1042,U643,I478,1,2026-07-02 00:04:31.880001
R1043,U630,I209,4,2026-08-02 16:25:31.880019
R1044,U958,I269,4,2026-06-20 18:42:31.880037
R1045,U341,I245,2,2026-06-03 20:46:31.880059
R1046,U782,I333,3,2026-08-11 05:17:31.880079
R1047,U317,I126,3,2026-06-28 03:55:31.880098
R1048,U263,I61,2,2026-07-13 21:19:31.880117
R1049,U230,I493,1,2026-06-13 01:30:31.880135
R1050,U198,I246,5,2026-07-14 02:13:31.880154
R1051,U870,I207,1,2026-08-10 16:10:31.880172
R1052,U53,I254,4,2026-06-27 16:44:31.880202
R1053,U201,I328,2,2026-08-05 03:54:31.880222
R1054,U508,I496,3,2026-08-06 04:18:31.880241
R1055,U231,I214,1,2026-06-03 21:02:31.880263
R1056,U589,I390,2,2026-08-07 17:42:31.880282
R1057,U150,I355,3,2026-06-16 05:10:31.880301
R1058,U762,I427,5,2026-06-18 10:27:31.880320
R1059,U739,I36,5,2026-07-24 18:50:31.880339
R1060,U528,I247,2,2026-07-23 17:18:31.880358
R1061,U470,I20,2,2026-07-15 16:24:31.880377
R1062,U749,I94,3,2026-07-14 13:39:31.880396
R1063,U281,I433,4,2026-07-16 17:52:31.880418
R1064,U563,I311,1,2026-07-18 04:07:31.880437
R1065,U505,I220,1,2026-07-02 10:12:31.880456
R1066,U767,I490,5,2026-07-04 23:15:31.880475
R1067,U886,I65,2,2026-07-14 03:23:31.880494
R1068,U67,I472,1,2026-06-09 20:39:31.880512
R1069,U857,I240,4,2026-07-13 13:58:31.880531
R1070,U78,I398,5,2026-08-05 08:14:31.880550
R1071,U805,I241,1,2026-06-10 04:53:31.880568
R1072,U570,I436,3,2026-08-03 15:45:31.880587
R1073,U494,I355,2,2026-06-12 23:50:31.880609
R1074,U170,I442,5,2026-06-18 20:21:31.880629
R1075,U355,I40,3,2026-07-10 19:44:31.880648
R1076,U392,I98,3,2026-08-08 11:04:31.880667
R1077,U619,I416,1,2026-06-22 00:15:31.880689
R1078,U813,I181,5,2026-08-11 16:48:31.880708
R1079,U352,I177,5,2026-06-05 07:05:31.880728
R1080,U80,I373,1,2026-07-13 14:50:31.880746
R1081,U916,I427,4,2026-07-19 02:45:31.880764
R1082,U277,I367,5,2026-07-07 02:46:31.880783
R1083,U685,I187,2,2026-06-18 00:17:31.880802
R1084,U682,I59,4,2026-08-07 13:32:31.880821
R1085,U662,I251,4,2026-08-11 14:06:31.880840
R1086,U51,I145,1,2026-06-19 07:50:31.880859
R1087,U251,I456,1,2026-06-07 14:03:31.880881
R1088,U318,I163,3,2026-08-01 03:53:31.880900
R1089,U552,I141,1,2026-06-03 13:14:31.880919
R1090,U254,I309,5,2026-07-29 05:09:31.880939
R1091,U182,I41,5,2026-08-09 15:15:31.880960
R1092,U697,I107,5,2026-07-08 00:08:31.880979
R1093,U403,I393,2,2026-06-05 14:53:31.880999
R1094,U748,I20,2,2026-06-26 01:41:31.881022
R1095,U380,I468,5,2026-06-22 08:15:31.881045
R1096,U408,I350,3,2026-06-15 15:20:31.881068
R1097,U995,I355,1,2026-06-12 18:02:31.881091
R1098,U455,I273,5,2026-08-10 16:47:31.881113
R1099,U155,I200,3,2026-07-28 12:01:31.881135
R1100,U622,I357,3,2026-08-03 14:11:31.881158
R1101,U994,I461,4,2026-07-17 02:53:31.881187
R1102,U708,I223,5,2026-07-24 00:33:31.881210
R1103,U887,I104,2,2026-07-11 15:40:31.881233
R1104,U738,I213,2,2026-07-24 14:53:31.881255
R1105,U56,I477,2,2026-06-17 18:33:31.881277
R1106,U479,I153,3,2026-08-09 22:50:31.881300
R1107,U515,I464,5,2026-08-06 23:16:31.881322
R1108,U780,I393,4,2026-06-28 11:16:31.881345
R1109,U43,I258,5,2026-06-22 00:09:31.881368
R1110,U494,I496,1,2026-06-18 12:43:31.881391
R1111,U172,I21,1,2026-06-18 06:23:31.881414
R1112,U716,I314,1,2026-06-23 14:28:31.881436
R1113,U859,I370,3,2026-07-22 14:14:31.881459
R1114,U80,I47,2,2026-06-10 20:51:31.881481
R1115,U876,I466,2,2026-07-07 08:27:31.881504
R1116,U387,I51,1,2026-07-12 07:32:31.881527
R1117,U550,I141,5,2026-07-12 00:30:31.881550
R1118,U574,I24,3,2026-07-27 23:53:31.881576
R1119,U819,I204,2,2026-07-25 20:37:31.881602
R1120,U673,I61,1,2026-06-18 18:22:31.881624
R1121,U671,I206,1,2026-07-15 22:57:31.881646
R1122,U465,I408,2,2026-07-29 11:25:31.881669
R1123,U18,I160,2,2026-06-18 03:54:31.881741
R1124,U926,I240,1,2026-06-29 12:02:31.881816
R1125,U488,I487,3,2026-07-09 18:12:31.881845
R1126,U728,I142,3,2026-06-29 02:51:31.881866
R1127,U743,I357,1,2026-06-24 10:11:31.881889
R1128,U695,I456,2,2026-06-14 12:37:31.881909
R1129,U916,I100,1,2026-07-02 10:30:31.881937
R1130,U768,I32,3,2026-07-07 07:08:31.881959
R1131,U763,I37,5,2026-06-20 17:47:31.881978
R1132,U347,I373,2,2026-06-20 08:25:31.881997
R1133,U278,I215,4,2026-07-07 13:30:31.882015
R1134,U417,I67,4,2026-07-26 11:11:31.882035
R1135,U254,I167,5,2026-07-08 14:45:31.882100
R1136,U944,I1,3,2026-07-21 16:58:31.882161
R1137,U999,I6,2,2026-06-04 15:40:31.882198
R1138,U393,I37,5,2026-07-15 09:59:31.882219
R1139,U16,I66,3,2026-06-28 13:56:31.882238
R1140,U832,I284,4,2026-08-11 07:00:31.882262
R1141,U221,I464,4,2026-06-25 18:43:31.882281
R1142,U410,I24,3,2026-08-07 02:45:31.882299
R1143,U402,I121,1,2026-07-06 18:24:31.882317
R1144,U405,I122,4,2026-08-11 01:42:31.882336
R1145,U379,I22,2,2026-06-06 07:14:31.882354
R1146,U543,I454,1,2026-06-13 22:38:31.882372
R1147,U648,I219,3,2026-08-11 02:28:31.882392
R1148,U638,I279,5,2026-07-31 20:20:31.882411
R1149,U11,I440,2,2026-06-19 10:26:31.882429
R1150,U44,I303,1,2026-07-27 19:44:31.882455
R1151,U60,I412,2,2026-06-14 15:51:31.882479
R1152,U29,I73,3,2026-07-30 12:30:31.882498
R1153,U23,I311,3,2026-07-11 23:29:31.882523
R1154,U161,I352,2,2026-06-30 22:56:31.882541
R1155,U775,I189,5,2026-06-30 06:44:31.882561
R1156,U712,I305,3,2026-07-21 18:46:31.882580
R1157,U878,I57,5,2026-06-13 17:38:31.882599
R1158,U844,I95,4,2026-08-08 00:58:31.882622
R1159,U50,I319,5,2026-07-03 15:47:31.882642
R1160,U44,I68,4,2026-07-11 01:58:31.882662
R1161,U939,I417,4,2026-07-15 22:56:31.882681
R1162,U677,I164,3,2026-07-17 22:49:31.882701
R1163,U645,I302,2,2026-08-07 20:12:31.882721
R1164,U326,I146,5,2026-06-17 18:23:31.882744
R1165,U288,I355,3,2026-07-12 20:26:31.882763
R1166,U230,I263,1,2026-07-31 12:19:31.882790
R1167,U570,I8,5,2026-07-31 20:08:31.882810
R1168,U735,I280,5,2026-07-07 09:34:31.882830
R1169,U356,I322,3,2026-06-24 15:30:31.882849
R1170,U216,I145,3,2026-06-03 11:10:31.882868
R1171,U338,I203,4,2026-07-28 13:13:31.882887
R1172,U887,I85,5,2026-06-10 09:46:31.882905
R1173,U379,I76,1,2026-06-27 22:18:31.882924
R1174,U631,I253,1,2026-07-14 04:04:31.882942
R1175,U716,I208,4,2026-08-10 17:36:31.882961
R1176,U240,I496,4,2026-08-02 11:57:31.882983
R1177,U830,I215,2,2026-07-14 15:39:31.883004
R1178,U554,I216,1,2026-07-02 02:05:31.883026
R1179,U10,I151,4,2026-06-14 13:07:31.883044
R1180,U157,I387,4,2026-07-05 20:50:31.883057
R1181,U16,I67,2,2026-07-10 16:08:31.883070
R1182,U818,I32,3,2026-06-26 23:02:31.883085
R1183,U373,I13,1,2026-07-08 17:57:31.883208
R1184,U977,I101,1,2026-08-05 15:45:31.883224
R1185,U451,I117,1,2026-07-04 07:34:31.883237
R1186,U508,I414,1,2026-07-14 01:35:31.883251
R1187,U433,I27,3,2026-06-24 21:41:31.883264
R1188,U450,I292,1,2026-07-08 20:14:31.883276
R1189,U132,I91,3,2026-07-15 07:46:31.883289
R1190,U76,I107,2,2026-06-19 01:30:31.883301
R1191,U334,I157,4,2026-06-21 04:59:31.883314
R1192,U271,I28,4,2026-07-18 18:47:31.883326
R1193,U749,I381,3,2026-07-23 08:56:31.883339
R1194,U99,I348,3,2026-06-09 15:03:31.883351
R1195,U961,I469,4,2026-06-19 17:15:31.883363
R1196,U55,I163,4,2026-07-31 15:02:31.883376
R1197,U586,I477,1,2026-06-03 19:04:31.883388
R1198,U658,I477,5,2026-06-14 19:56:31.883401
R1199,U589,I272,4,2026-07-03 06:18:31.883413
R1200,U987,I380,3,2026-06-07 10:23:31.883426
R1201,U414,I297,2,2026-07-03 17:19:31.883438
R1202,U338,I198,1,2026-06-22 10:20:31.883451
R1203,U240,I99,3,2026-06-07 21:21:31.883463
R1204,U621,I253,3,2026-06-15 17:50:31.883480
R1205,U686,I286,4,2026-07-06 18:56:31.883492
R1206,U560,I488,1,2026-07-08 18:24:31.883505
R1207,U703,I239,1,2026-07-25 22:14:31.883517
R1208,U993,I124,4,2026-06-29 16:24:31.883530
R1209,U820,I374,1,2026-06-23 11:49:31.883542
R1210,U271,I125,1,2026-06-14 08:39:31.883555
R1211,U102,I288,2,2026-07-27 21:50:31.883567
R1212,U26,I308,3,2026-07-03 11:12:31.883580
R1213,U500,I123,2,2026-07-25 13:40:31.883592
R1214,U870,I418,2,2026-06-10 00:12:31.883609
R1215,U723,I309,4,2026-07-23 11:19:31.883622
R1216,U805,I349,2,2026-07-23 16:30:31.883634
R1217,U579,I440,4,2026-07-16 12:26:31.883647
R1218,U265,I20,2,2026-06-21 19:10:31.883659
R1219,U943,I68,3,2026-07-20 23:32:31.883672
R1220,U781,I83,4,2026-06-30 22:41:31.883684
R1221,U385,I316,5,2026-06-13 10:02:31.883697
R1222,U191,I132,2,2026-07-02 20:19:31.883710
R1223,U484,I470,2,2026-06-16 05:18:31.883722
R1224,U955,I363,2,2026-07-22 11:00:31.883734
R1225,U738,I273,3,2026-06-13 12:18:31.883747
R1226,U144,I23,2,2026-07-21 03:24:31.883759
R1227,U702,I93,1,2026-06-20 11:22:31.883772
R1228,U96,I128,1,2026-08-05 21:25:31.883784
R1229,U433,I315,2,2026-07-22 02:00:31.883796
R1230,U779,I408,2,2026-06-25 20:11:31.883809
R1231,U285,I150,2,2026-07-23 11:56:31.883821
R1232,U984,I152,4,2026-06-12 18:32:31.883835
R1233,U72,I309,5,2026-06-25 00:30:31.883848
R1234,U152,I455,5,2026-08-11 00:07:31.883860
R1235,U818,I344,4,2026-07-12 16:01:31.883873
R1236,U839,I164,1,2026-07-12 22:53:31.883886
R1237,U862,I137,3,2026-07-31 06:54:31.883898
R1238,U918,I199,1,2026-07-02 13:11:31.883910
R1239,U331,I223,5,2026-06-10 01:15:31.883923
R1240,U623,I318,1,2026-07-24 11:16:31.883935
R1241,U564,I491,2,2026-07-31 12:24:31.883948
R1242,U30,I1,4,2026-07-16 22:49:31.883960
R1243,U251,I109,2,2026-07-26 01:21:31.883975
R1244,U792,I388,4,2026-06-15 21:44:31.883988
R1245,U742,I398,2,2026-07-31 03:44:31.884005
R1246,U504,I230,4,2026-06-30 08:06:31.884018
R1247,U223,I104,1,2026-07-05 03:13:31.884030
R1248,U907,I371,5,2026-06-09 03:09:31.884043
R1249,U983,I17,4,2026-07-06 06:13:31.884056
R1250,U950,I152,4,2026-08-09 06:12:31.884068
R1251,U947,I410,4,2026-08-11 12:26:31.884080
R1252,U212,I285,3,2026-08-07 01:36:31.884093
R1253,U243,I193,1,2026-07-12 08:02:31.884105
R1254,U629,I160,2,2026-06-16 01:02:31.884117
R1255,U515,I407,3,2026-07-30 12:28:31.884129
R1256,U645,I147,1,2026-06-06 13:48:31.884142
R1257,U843,I19,4,2026-06-08 09:12:31.884155
R1258,U304,I372,1,2026-07-30 19:01:31.884168
R1259,U919,I253,3,2026-08-10 03:33:31.884180
R1260,U691,I331,4,2026-06-29 18:10:31.884204
R1261,U800,I388,3,2026-06-26 17:52:31.884217
R1262,U171,I219,4,2026-07-04 13:56:31.884230
R1263,U141,I190,5,2026-08-11 14:41:31.884242
R1264,U862,I474,4,2026-07-28 06:40:31.884254
R1265,U14,I431,1,2026-07-20 12:31:31.884267
R1266,U723,I207,2,2026-06-26 13:27:31.884279
R1267,U678,I182,4,2026-07-18 22:49:31.884292
R1268,U968,I210,1,2026-07-17 02:21:31.884307
R1269,U587,I229,3,2026-07-14 03:43:31.884320
R1270,U609,I248,5,2026-07-23 19:42:31.884332
R1271,U106,I267,2,2026-06-19 09:29:31.884346
R1272,U715,I394,5,2026-06-10 23:49:31.884359
R1273,U496,I383,5,2026-06-23 12:39:31.884372
R1274,U725,I142,5,2026-08-04 18:55:31.884384
R1275,U263,I306,5,2026-07-03 22:38:31.884397
R1276,U35,I301,5,2026-07-14 03:52:31.884409
R1277,U833,I160,1,2026-07-17 03:44:31.884424
R1278,U611,I359,2,2026-07-29 19:45:31.884436
R1279,U843,I213,4,2026-07-15 20:03:31.884449
R1280,U221,I65,2,2026-06-04 23:50:31.884461
R1281,U227,I499,5,2026-07-19 09:59:31.884474
R1282,U914,I195,1,2026-07-30 22:19:31.884486
R1283,U103,I80,5,2026-06-19 12:27:31.884498
R1284,U720,I478,5,2026-06-13 14:02:31.884510
R1285,U76,I338,1,2026-07-12 20:04:31.884523
R1286,U630,I147,5,2026-07-11 22:28:31.884535
R1287,U233,I128,1,2026-08-11 11:03:31.884547
R1288,U716,I37,2,2026-06-10 11:27:31.884559
R1289,U461,I223,2,2026-07-30 07:40:31.884575
R1290,U931,I98,5,2026-06-24 11:52:31.884587
R1291,U720,I468,3,2026-06-27 12:43:31.884600
R1292,U307,I88,2,2026-07-11 19:02:31.884613
R1293,U407,I366,4,2026-06-04 21:10:31.884625
R1294,U516,I356,4,2026-08-05 23:42:31.884637
R1295,U867,I262,5,2026-06-24 22:08:31.884650
R1296,U144,I465,2,2026-07-24 04:05:31.884662
R1297,U461,I269,5,2026-06-13 18:22:31.884674
R1298,U494,I29,3,2026-06-13 00:10:31.884687
R1299,U559,I497,3,2026-08-05 16:45:31.884701
R1300,U397,I267,1,2026-07-07 20:12:31.884714
R1301,U714,I39,2,2026-06-09 07:22:31.884726
R1302,U740,I130,5,2026-06-14 08:33:31.884738
R1303,U378,I205,3,2026-06-30 06:37:31.884750
R1304,U765,I294,5,2026-06-24 00:01:31.884763
R1305,U995,I445,3,2026-07-07 04:55:31.884775
R1306,U25,I385,3,2026-06-25 22:15:31.884788
R1307,U438,I351,4,2026-06-16 01:51:31.884800
R1308,U275,I290,4,2026-07-25 06:48:31.884812
R1309,U904,I347,5,2026-07-20 20:32:31.884827
R1310,U994,I1,5,2026-07-02 08:21:31.884839
R1311,U157,I103,4,2026-07-31 23:18:31.884852
R1312,U51,I429,5,2026-08-06 10:19:31.884864
R1313,U587,I450,2,2026-07-04 20:38:31.884876
R1314,U85,I196,4,2026-07-30 18:43:31.884889
R1315,U7,I50,4,2026-07-13 11:08:31.884901
R1316,U364,I461,3,2026-06-06 03:54:31.884913
R1317,U460,I350,5,2026-07-05 20:17:31.884928
R1318,U973,I142,3,2026-06-27 09:19:31.884941
R1319,U681,I474,5,2026-07-06 13:14:31.884953
R1320,U330,I167,3,2026-06-27 21:50:31.884966
R1321,U360,I51,2,2026-07-19 15:26:31.884978
R1322,U481,I220,3,2026-08-11 07:29:31.884990
R1323,U7,I26,4,2026-06-25 03:46:31.885003
R1324,U457,I172,5,2026-07-05 01:33:31.885015
R1325,U827,I271,2,2026-07-16 07:54:31.885028
R1326,U699,I29,3,2026-08-05 08:14:31.885040
R1327,U424,I195,3,2026-07-19 14:09:31.885052
R1328,U332,I54,2,2026-07-26 21:25:31.885067
R1329,U913,I131,3,2026-07-19 03:58:31.885079
R1330,U70,I394,5,2026-06-19 05:53:31.885092
R1331,U626,I241,3,2026-08-11 09:11:31.885104
R1332,U147,I410,2,2026-07-24 11:36:31.885120
R1333,U541,I208,5,2026-07-04 01:48:31.885133
R1334,U17,I262,2,2026-07-13 20:41:31.885145
R1335,U840,I240,1,2026-06-06 08:51:31.885157
R1336,U65,I231,1,2026-07-20 12:26:31.885170
R1337,U418,I99,1,2026-06-16 04:44:31.885182
R1338,U305,I414,3,2026-07-28 19:49:31.885195
R1339,U938,I108,5,2026-06-14 07:21:31.885207
R1340,U421,I31,2,2026-08-07 17:11:31.885219
R1341,U816,I355,3,2026-06-06 06:23:31.885234
R1342,U49,I276,5,2026-06-05 20:25:31.885247
R1343,U547,I114,1,2026-06-17 10:13:31.885259
R1344,U795,I446,3,2026-06-04 20:46:31.885272
R1345,U70,I108,3,2026-06-12 00:46:31.885286
R1346,U592,I6,5,2026-07-03 09:30:31.885299
R1347,U653,I33,5,2026-06-29 12:57:31.885312
R1348,U610,I248,5,2026-06-28 12:09:31.885324
R1349,U138,I430,3,2026-07-12 04:35:31.885337
R1350,U156,I284,3,2026-08-01 20:44:31.885349
R1351,U214,I185,4,2026-06-17 08:44:31.885361
R1352,U276,I269,1,2026-07-15 15:11:31.885374
R1353,U325,I468,1,2026-06-30 14:16:31.885386
R1354,U209,I181,4,2026-06-04 09:40:31.885398
R1355,U707,I251,3,2026-06-26 11:05:31.885410
R1356,U997,I7,5,2026-07-13 12:51:31.885424
R1357,U510,I327,2,2026-06-20 16:09:31.885437
R1358,U257,I346,1,2026-07-12 04:16:31.885449
R1359,U598,I424,5,2026-08-07 17:20:31.885462
R1360,U143,I336,4,2026-08-11 17:36:31.885474
R1361,U172,I367,5,2026-07-19 23:43:31.885487
R1362,U276,I75,1,2026-07-21 14:24:31.885500
R1363,U992,I46,3,2026-06-24 13:12:31.885512
R1364,U614,I499,2,2026-07-12 14:26:31.885525
R1365,U533,I143,5,2026-08-10 05:37:31.885537
R1366,U479,I97,3,2026-07-28 20:30:31.885549
R1367,U41,I116,1,2026-06-21 12:57:31.885562
R1368,U761,I225,4,2026-06-29 22:42:31.885574
R1369,U292,I272,4,2026-06-30 22:29:31.885586
R1370,U371,I312,3,2026-08-01 11:38:31.885598
R1371,U672,I158,1,2026-06-26 02:15:31.885611
R1372,U920,I217,3,2026-06-10 07:47:31.885625
R1373,U535,I369,2,2026-07-24 11:52:31.885640
R1374,U3,I256,5,2026-06-04 03:30:31.885652
R1375,U741,I66,5,2026-07-13 16:55:31.885665
R1376,U805,I328,5,2026-07-06 17:57:31.885677
R1377,U713,I263,3,2026-08-02 04:22:31.885690
R1378,U584,I215,2,2026-07-20 13:26:31.885702
R1379,U662,I392,2,2026-07-27 12:17:31.885714
R1380,U994,I456,4,2026-08-08 23:58:31.885726
R1381,U754,I329,3,2026-06-07 01:30:31.885740
R1382,U561,I192,5,2026-06-03 22:51:31.885752
R1383,U286,I84,4,2026-07-04 14:30:31.885764
R1384,U858,I246,3,2026-06-25 19:59:31.885777
R1385,U214,I50,4,2026-07-25 07:31:31.885792
R1386,U716,I1,4,2026-07-06 03:55:31.885804
R1387,U186,I431,5,2026-07-23 09:17:31.885817
R1388,U672,I494,1,2026-07-09 00:21:31.885829
R1389,U94,I415,5,2026-08-03 14:39:31.885842
R1390,U479,I276,5,2026-07-29 05:13:31.885854
R1391,U301,I398,2,2026-07-08 02:37:31.885867
R1392,U843,I185,3,2026-06-21 13:48:31.885879
R1393,U319,I212,5,2026-06-22 21:12:31.885892
R1394,U607,I428,1,2026-07-04 13:35:31.885904
R1395,U950,I78,2,2026-07-30 16:18:31.885919
R1396,U471,I371,2,2026-07-22 19:14:31.885931
R1397,U669,I242,1,2026-07-01 20:15:31.885944
R1398,U639,I257,5,2026-08-09 09:03:31.885956
R1399,U155,I452,2,2026-07-22 01:54:31.885969
R1400,U482,I347,5,2026-08-06 16:18:31.885981
R1401,U36,I362,4,2026-07-14 00:53:31.885994
R1402,U843,I139,5,2026-06-15 16:46:31.886008
R1403,U653,I229,1,2026-06-11 17:56:31.886021
R1404,U909,I282,3,2026-06-30 09:57:31.886035
R1405,U457,I297,3,2026-06-08 19:40:31.886050
R1406,U265,I36,4,2026-07-04 12:54:31.886063
R1407,U508,I160,3,2026-07-24 09:33:31.886075
R1408,U607,I268,1,2026-06-23 06:11:31.886087
R1409,U553,I319,1,2026-07-01 15:37:31.886100
R1410,U766,I107,4,2026-06-26 00:43:31.886113
R1411,U67,I180,5,2026-08-05 22:25:31.886126
R1412,U328,I252,5,2026-08-06 13:06:31.886138
R1413,U571,I297,3,2026-07-09 04:35:31.886153
R1414,U522,I311,4,2026-07-27 13:45:31.886166
R1415,U414,I423,5,2026-07-23 17:01:31.886178
R1416,U517,I134,5,2026-06-26 06:05:31.886190
R1417,U453,I210,2,2026-06-25 00:49:31.886209
R1418,U23,I440,2,2026-08-10 07:04:31.886222
R1419,U701,I245,4,2026-08-04 14:48:31.886234
R1420,U154,I121,5,2026-07-06 12:01:31.886246
R1421,U697,I55,2,2026-08-01 09:49:31.886259
R1422,U958,I323,5,2026-08-09 07:07:31.886271
R1423,U647,I435,3,2026-06-05 15:18:31.886284
R1424,U90,I280,5,2026-08-02 18:02:31.886296
R1425,U158,I475,5,2026-06-13 22:30:31.886308
R1426,U808,I276,5,2026-06-14 06:04:31.886321
R1427,U396,I433,1,2026-06-26 08:14:31.886333
R1428,U785,I68,1,2026-06-13 18:32:31.886346
R1429,U847,I250,1,2026-07-06 06:15:31.886358
R1430,U397,I366,5,2026-08-08 11:55:31.886373
R1431,U894,I60,1,2026-07-01 10:42:31.886386
R1432,U600,I67,2,2026-06-29 01:07:31.886398
R1433,U798,I75,5,2026-06-22 07:55:31.886410
R1434,U147,I198,5,2026-06-17 14:38:31.886422
R1435,U914,I118,2,2026-07-17 19:27:31.886434
R1436,U927,I361,5,2026-06-12 12:10:31.886449
R1437,U952,I434,4,2026-06-12 15:14:31.886462
R1438,U311,I311,4,2026-08-07 15:00:31.886474
R1439,U248,I365,3,2026-08-07 19:20:31.886487
R1440,U430,I251,3,2026-06-30 22:34:31.886499
R1441,U523,I314,4,2026-06-25 15:09:31.886513
R1442,U801,I373,2,2026-07-25 10:43:31.886526
R1443,U346,I181,4,2026-08-10 14:59:31.886539
R1444,U819,I249,4,2026-07-21 08:09:31.886551
R1445,U757,I51,2,2026-06-12 22:07:31.886563
R1446,U920,I450,2,2026-08-02 17:12:31.886576
R1447,U330,I168,3,2026-06-15 07:05:31.886588
R1448,U43,I348,3,2026-07-02 18:50:31.886600
R1449,U692,I463,1,2026-07-10 07:03:31.886613
R1450,U130,I329,1,2026-06-25 01:32:31.886625
R1451,U489,I316,5,2026-06-11 08:19:31.886637
R1452,U898,I378,2,2026-06-25 19:30:31.886650
R1453,U280,I363,3,2026-07-18 20:33:31.886662
R1454,U45,I159,3,2026-06-26 11:50:31.886674
R1455,U550,I107,1,2026-08-04 21:11:31.886687
R1456,U318,I32,3,2026-06-28 19:59:31.886699
R1457,U973,I26,1,2026-06-04 08:01:31.886712
R1458,U156,I479,2,2026-06-13 20:01:31.886726
R1459,U812,I165,1,2026-07-24 18:27:31.886741
R1460,U410,I274,4,2026-08-01 11:18:31.886753
R1461,U332,I321,4,2026-06-24 05:50:31.886766
R1462,U616,I38,1,2026-06-19 18:52:31.886778
R1463,U654,I224,4,2026-06-16 14:08:31.886791
R1464,U457,I275,1,2026-07-29 21:30:31.886803
R1465,U237,I327,3,2026-06-15 17:03:31.886816
R1466,U273,I182,4,2026-06-26 04:40:31.886828
R1467,U298,I134,4,2026-06-29 18:38:31.886841
R1468,U588,I414,3,2026-08-09 13:56:31.886856
R1469,U936,I389,2,2026-07-04 07:21:31.886870
R1470,U743,I438,4,2026-07-15 16:38:31.886883
R1471,U833,I11,1,2026-07-03 12:15:31.886895
R1472,U223,I480,2,2026-06-17 00:31:31.886907
R1473,U326,I245,2,2026-06-03 19:16:31.886920
R1474,U510,I259,2,2026-07-31 23:58:31.886932
R1475,U363,I298,4,2026-07-09 12:19:31.886945
R1476,U463,I361,2,2026-06-18 02:09:31.886957
R1477,U931,I360,2,2026-06-12 12:37:31.886970
R1478,U449,I119,1,2026-06-26 11:57:31.886982
R1479,U402,I492,5,2026-06-05 04:47:31.886994
R1480,U213,I363,1,2026-07-30 09:20:31.887007
R1481,U578,I424,1,2026-07-12 15:58:31.887019
R1482,U572,I188,3,2026-06-14 08:20:31.887032
R1483,U167,I420,2,2026-07-22 04:52:31.887044
R1484,U179,I153,1,2026-07-08 14:47:31.887057
R1485,U875,I377,3,2026-08-05 13:18:31.887069
R1486,U563,I177,3,2026-06-23 21:42:31.887083
R1487,U253,I298,4,2026-07-07 10:03:31.887096
R1488,U24,I484,4,2026-07-23 23:07:31.887109
R1489,U307,I149,4,2026-06-29 23:11:31.887121
R1490,U726,I130,4,2026-07-26 18:00:31.887133
R1491,U744,I62,3,2026-06-05 04:51:31.887146
R1492,U647,I293,3,2026-06-23 05:54:31.887158
R1493,U290,I332,1,2026-06-15 18:02:31.887170
R1494,U498,I137,5,2026-08-01 08:58:31.887183
R1495,U434,I32,4,2026-08-11 13:33:31.887196
R1496,U344,I6,2,2026-07-27 18:15:31.887208
R1497,U78,I262,1,2026-07-06 00:21:31.887221
R1498,U578,I282,1,2026-06-14 01:48:31.887235
R1499,U854,I482,3,2026-08-02 19:58:31.887250
R1500,U233,I403,3,2026-07-17 22:36:31.887263
R1501,U683,I245,4,2026-06-09 04:53:31.887275
R1502,U910,I29,5,2026-07-19 14:36:31.887288
R1503,U836,I287,2,2026-06-09 15:55:31.887300
R1504,U498,I415,4,2026-07-16 15:16:31.887312
R1505,U26,I376,2,2026-06-18 23:51:31.887324
R1506,U829,I368,2,2026-06-24 01:02:31.887338
R1507,U414,I147,2,2026-07-24 12:16:31.887350
R1508,U789,I478,1,2026-07-29 00:53:31.887362
R1509,U434,I492,3,2026-06-04 15:32:31.887375
R1510,U30,I294,5,2026-07-07 20:05:31.887388
R1511,U724,I419,2,2026-08-01 05:19:31.887400
R1512,U571,I456,2,2026-07-05 00:03:31.887412
R1513,U386,I231,4,2026-07-31 15:02:31.887424
R1514,U614,I382,4,2026-07-05 00:20:31.887437
R1515,U423,I222,1,2026-08-11 16:42:31.887451
R1516,U142,I160,4,2026-07-20 22:34:31.887464
R1517,U284,I89,1,2026-07-30 14:19:31.887477
R1518,U812,I434,2,2026-07-30 16:02:31.887489
R1519,U696,I357,2,2026-07-18 09:04:31.887501
R1520,U628,I301,5,2026-08-08 05:26:31.887514
R1521,U74,I460,2,2026-06-06 19:45:31.887526
R1522,U448,I497,4,2026-06-22 10:20:31.887538
R1523,U226,I456,4,2026-06-28 09:26:31.887553
R1524,U366,I316,1,2026-08-03 07:06:31.887565
R1525,U485,I442,4,2026-06-16 22:05:31.887577
R1526,U73,I167,2,2026-06-14 23:21:31.887591
R1527,U311,I141,4,2026-07-31 21:11:31.887604
R1528,U280,I150,1,2026-06-16 16:36:31.887616
R1529,U168,I108,2,2026-07-10 22:23:31.887629
R1530,U64,I234,3,2026-07-06 20:06:31.887641
R1531,U929,I184,4,2026-07-14 20:57:31.887656
R1532,U143,I444,4,2026-08-07 01:11:31.887668
R1533,U112,I281,4,2026-07-20 09:51:31.887681
R1534,U501,I384,2,2026-07-08 06:42:31.887693
R1535,U223,I34,5,2026-06-19 15:00:31.887705
R1536,U801,I384,3,2026-06-05 22:12:31.887717
R1537,U926,I329,4,2026-06-17 02:18:31.887729
R1538,U648,I171,3,2026-06-19 19:10:31.887742
R1539,U776,I80,2,2026-06-28 14:22:31.887754
R1540,U701,I224,4,2026-07-18 22:05:31.887766
R1541,U831,I47,3,2026-06-17 12:06:31.887779
R1542,U46,I13,2,2026-06-22 23:47:31.887791
R1543,U331,I1,2,2026-06-05 04:58:31.887806
R1544,U820,I171,3,2026-08-06 01:09:31.887818
R1545,U746,I369,2,2026-07-18 03:47:31.887831
R1546,U798,I147,3,2026-06-22 19:57:31.887843
R1547,U408,I246,2,2026-07-26 09:31:31.887856
R1548,U546,I466,5,2026-07-22 00:23:31.887868
R1549,U586,I0,3,2026-06-30 03:49:31.887881
R1550,U773,I123,2,2026-08-05 19:34:31.887893
R1551,U258,I473,3,2026-07-17 17:04:31.887905
R1552,U387,I374,1,2026-07-08 19:25:31.887918
R1553,U703,I246,3,2026-06-20 00:23:31.887930
R1554,U849,I101,2,2026-07-10 06:47:31.887944
R1555,U95,I58,3,2026-06-09 10:03:31.887956
R1556,U800,I301,4,2026-06-24 22:57:31.887969
R1557,U529,I238,5,2026-07-13 23:53:31.887981
R1558,U218,I32,2,2026-06-10 04:34:31.887993
R1559,U8,I148,1,2026-06-19 18:02:31.888006
R1560,U329,I146,2,2026-07-02 17:00:31.888018
R1561,U507,I333,4,2026-07-04 03:43:31.888030
R1562,U97,I263,2,2026-08-07 02:53:31.888043
R1563,U715,I270,3,2026-06-27 03:14:31.888057
R1564,U52,I30,1,2026-06-07 00:22:31.888069
R1565,U713,I274,4,2026-07-20 16:41:31.888082
R1566,U87,I159,2,2026-06-19 19:56:31.888096
R1567,U86,I166,1,2026-08-05 22:09:31.888108
R1568,U256,I117,4,2026-06-29 00:23:31.888120
R1569,U547,I211,2,2026-06-15 08:52:31.888133
R1570,U106,I483,1,2026-06-28 14:33:31.888145
R1571,U817,I280,1,2026-06-22 21:07:31.888162
R1572,U467,I49,1,2026-06-16 20:11:31.888174
R1573,U687,I207,5,2026-07-13 16:45:31.888187
R1574,U433,I154,2,2026-07-12 17:37:31.888199
R1575,U779,I232,1,2026-07-05 19:52:31.888217
R1576,U657,I280,1,2026-07-29 20:03:31.888229
R1577,U884,I219,5,2026-06-13 01:44:31.888242
R1578,U202,I125,1,2026-07-08 22:42:31.888254
R1579,U964,I134,2,2026-06-08 12:06:31.888266
R1580,U760,I100,1,2026-07-06 00:53:31.888278
R1581,U34,I27,2,2026-07-25 01:28:31.888291
R1582,U55,I94,5,2026-07-03 12:50:31.888303
R1583,U895,I171,3,2026-06-09 12:54:31.888317
R1584,U19,I345,3,2026-07-30 06:17:31.888330
R1585,U172,I147,1,2026-08-03 02:37:31.888344
R1586,U296,I403,2,2026-08-09 08:19:31.888357
R1587,U413,I209,4,2026-08-08 11:52:31.888372
R1588,U105,I161,1,2026-07-19 12:32:31.888385
R1589,U327,I378,5,2026-06-21 06:41:31.888397
R1590,U145,I9,1,2026-07-06 06:14:31.888409
R1591,U434,I457,2,2026-07-24 02:23:31.888422
R1592,U869,I378,5,2026-07-30 00:43:31.888434
R1593,U131,I69,2,2026-07-17 12:57:31.888447
R1594,U38,I16,3,2026-07-21 16:56:31.888459
R1595,U889,I300,2,2026-07-26 01:36:31.888474
R1596,U680,I90,1,2026-07-08 22:22:31.888487
R1597,U386,I71,1,2026-08-03 03:07:31.888499
R1598,U983,I339,5,2026-06-03 21:10:31.888511
R1599,U47,I435,1,2026-08-01 11:13:31.888526
R1600,U776,I106,3,2026-06-24 05:02:31.888539
R1601,U314,I107,2,2026-06-20 09:57:31.888551
R1602,U103,I98,2,2026-06-14 10:04:31.888564
R1603,U178,I186,2,2026-06-25 18:31:31.888576
R1604,U387,I489,1,2026-07-23 07:00:31.888588
R1605,U162,I124,5,2026-07-19 16:45:31.888601
R1606,U343,I426,4,2026-06-11 00:05:31.888613
R1607,U290,I170,2,2026-07-23 02:51:31.888626
R1608,U311,I95,5,2026-07-06 10:45:31.888638
R1609,U305,I395,3,2026-06-17 08:42:31.888650
R1610,U453,I219,1,2026-07-27 01:29:31.888663
R1611,U270,I298,5,2026-07-03 16:31:31.888677
R1612,U439,I98,3,2026-07-27 00:09:31.888689
R1613,U763,I27,5,2026-07-10 08:57:31.888702
R1614,U253,I223,4,2026-06-14 21:11:31.888714
R1615,U686,I242,2,2026-07-17 15:27:31.888727
R1616,U677,I293,5,2026-06-14 20:29:31.888739
R1617,U640,I184,2,2026-06-16 05:34:31.888751
R1618,U483,I425,2,2026-07-10 09:49:31.888764
R1619,U414,I427,1,2026-07-12 09:01:31.888776
R1620,U704,I90,4,2026-07-06 00:48:31.888788
R1621,U379,I416,3,2026-06-21 14:42:31.888801
R1622,U867,I33,3,2026-06-28 10:05:31.888813
R1623,U782,I459,4,2026-07-28 11:28:31.888826
R1624,U378,I403,2,2026-06-14 14:47:31.888838
R1625,U523,I31,5,2026-07-04 22:00:31.888850
R1626,U426,I153,1,2026-07-18 13:35:31.888865
R1627,U484,I400,3,2026-07-22 21:11:31.888877
R1628,U255,I207,5,2026-06-09 07:14:31.888892
R1629,U379,I81,3,2026-07-02 15:26:31.888905
R1630,U796,I485,3,2026-07-06 23:41:31.888917
R1631,U444,I368,3,2026-06-12 03:04:31.888930
R1632,U238,I173,2,2026-06-21 18:02:31.888942
R1633,U594,I357,4,2026-07-31 05:55:31.888955
R1634,U780,I324,5,2026-06-22 15:20:31.888968
R1635,U909,I173,2,2026-07-28 19:21:31.888981
R1636,U296,I103,4,2026-06-27 21:08:31.888993
R1637,U945,I303,2,2026-07-15 17:24:31.889006
R1638,U105,I173,4,2026-08-04 09:17:31.889018
R1639,U160,I328,4,2026-06-14 03:15:31.889032
R1640,U714,I478,4,2026-07-24 22:41:31.889045
R1641,U762,I320,5,2026-07-22 09:19:31.889057
R1642,U331,I138,2,2026-06-12 19:36:31.889069
R1643,U293,I210,5,2026-07-12 22:18:31.889082
R1644,U512,I383,4,2026-07-20 09:49:31.889094
R1645,U684,I295,1,2026-07-05 05:51:31.889107
R1646,U803,I51,4,2026-06-06 07:40:31.889120
R1647,U551,I75,3,2026-06-21 08:36:31.889132
R1648,U481,I302,2,2026-06-16 18:30:31.889144
R1649,U623,I385,5,2026-06-13 00:08:31.889156
R1650,U79,I212,1,2026-07-10 13:35:31.889171
R1651,U881,I114,5,2026-08-04 06:00:31.889183
R1652,U103,I201,5,2026-06-13 03:24:31.889196
R1653,U201,I355,4,2026-08-03 18:54:31.889208
R1654,U29,I125,1,2026-06-27 14:02:31.889221
R1655,U825,I106,4,2026-07-30 22:14:31.889233
R1656,U388,I30,4,2026-06-09 22:10:31.889247
R1657,U170,I396,1,2026-08-03 03:32:31.889260
R1658,U280,I274,5,2026-07-04 06:35:31.889275
R1659,U834,I246,5,2026-06-08 01:30:31.889287
R1660,U19,I284,2,2026-07-07 15:26:31.889300
R1661,U749,I140,5,2026-07-23 21:35:31.889312
R1662,U120,I67,1,2026-07-16 20:21:31.889325
R1663,U407,I401,2,2026-06-18 22:24:31.889337
R1664,U786,I152,4,2026-07-06 17:01:31.889349
R1665,U188,I165,3,2026-07-29 17:04:31.889362
R1666,U766,I296,2,2026-07-07 11:04:31.889374
R1667,U862,I359,3,2026-07-11 11:28:31.889386
R1668,U768,I207,2,2026-07-25 10:10:31.889401
R1669,U612,I55,4,2026-07-30 05:00:31.889414
R1670,U766,I476,5,2026-06-19 06:05:31.889426
R1671,U645,I460,3,2026-08-10 19:11:31.889438
R1672,U220,I202,5,2026-07-18 23:03:31.889451
R1673,U517,I433,1,2026-06-12 01:13:31.889463
R1674,U112,I92,4,2026-06-08 21:18:31.889476
R1675,U932,I196,3,2026-06-21 05:00:31.889488
R1676,U471,I45,5,2026-07-05 12:19:31.889501
R1677,U462,I344,1,2026-07-05 08:37:31.889513
R1678,U698,I455,5,2026-07-22 10:13:31.889525
R1679,U223,I168,2,2026-06-18 05:05:31.889538
R1680,U113,I16,1,2026-07-07 08:49:31.889550
R1681,U110,I86,3,2026-06-20 20:08:31.889562
R1682,U28,I58,4,2026-06-07 10:34:31.889575
R1683,U252,I290,5,2026-07-18 01:33:31.889587
R1684,U748,I299,1,2026-06-03 12:38:31.889602
R1685,U772,I41,2,2026-07-22 05:21:31.889614
R1686,U237,I139,3,2026-07-23 05:20:31.889627
R1687,U487,I469,4,2026-06-28 22:58:31.889640
R1688,U672,I409,2,2026-06-10 10:09:31.889652
R1689,U280,I273,1,2026-07-17 05:09:31.889665
R1690,U46,I422,5,2026-06-23 04:19:31.889679
R1691,U816,I353,3,2026-08-03 18:24:31.889691
R1692,U745,I31,1,2026-07-03 07:32:31.889704
R1693,U505,I307,2,2026-08-08 09:37:31.889716
R1694,U75,I128,5,2026-08-03 12:52:31.889728
R1695,U106,I205,1,2026-07-17 01:55:31.889741
R1696,U592,I335,5,2026-06-12 11:49:31.889755
R1697,U673,I42,1,2026-08-07 12:05:31.889767
R1698,U868,I159,2,2026-08-08 07:32:31.889780
R1699,U154,I271,5,2026-07-04 20:31:31.889793
R1700,U873,I213,1,2026-07-06 00:59:31.889806
R1701,U937,I278,1,2026-06-04 17:58:31.889818
R1702,U987,I37,5,2026-06-18 00:24:31.889830
R1703,U40,I126,3,2026-07-29 16:34:31.889842
R1704,U124,I488,2,2026-07-19 08:46:31.889855
R1705,U513,I458,3,2026-07-15 07:27:31.889867
R1706,U566,I133,2,2026-08-06 09:05:31.889880
R1707,U214,I163,2,2026-08-05 00:49:31.889892
R1708,U435,I31,4,2026-06-21 08:41:31.889904
R1709,U687,I49,4,2026-06-18 23:26:31.889917
R1710,U102,I105,5,2026-07-08 01:08:31.889930
R1711,U60,I40,3,2026-06-29 02:12:31.889942
R1712,U101,I437,1,2026-06-27 17:31:31.889957
R1713,U118,I104,2,2026-06-08 14:57:31.889969
R1714,U100,I298,3,2026-08-10 08:32:31.889984
R1715,U138,I155,4,2026-06-11 22:30:31.889997
R1716,U888,I2,2,2026-06-25 10:22:31.890009
R1717,U568,I411,1,2026-07-16 11:56:31.890022
R1718,U94,I61,2,2026-06-24 06:16:31.890034
R1719,U470,I435,3,2026-07-13 23:14:31.890047
R1720,U139,I465,4,2026-06-09 08:55:31.890059
R1721,U76,I395,5,2026-07-23 10:24:31.890071
R1722,U993,I223,4,2026-06-26 09:42:31.890086
R1723,U377,I251,4,2026-07-16 00:29:31.890099
R1724,U880,I219,2,2026-06-17 17:54:31.890111
R1725,U73,I122,5,2026-08-04 13:53:31.890126
R1726,U38,I470,4,2026-07-15 08:59:31.890139
R1727,U629,I496,1,2026-06-12 23:23:31.890151
R1728,U388,I62,5,2026-07-16 18:37:31.890164
R1729,U173,I127,2,2026-08-01 00:05:31.890176
R1730,U356,I145,1,2026-08-04 21:39:31.890188
R1731,U727,I121,1,2026-07-12 07:02:31.890201
R1732,U223,I169,1,2026-07-05 10:13:31.890220
R1733,U611,I339,4,2026-06-12 14:03:31.890232
R1734,U189,I198,1,2026-07-05 19:55:31.890245
R1735,U561,I129,3,2026-07-12 03:30:31.890257
R1736,U171,I165,2,2026-06-03 20:50:31.890269
R1737,U671,I254,3,2026-08-05 00:01:31.890282
R1738,U2,I71,3,2026-07-17 01:46:31.890294
R1739,U498,I368,1,2026-06-08 10:14:31.890306
R1740,U477,I298,5,2026-06-18 11:21:31.890319
R1741,U721,I314,3,2026-06-25 10:43:31.890333
R1742,U538,I468,3,2026-07-04 01:32:31.890346
R1743,U399,I309,3,2026-06-26 17:06:31.890358
R1744,U583,I486,5,2026-07-22 17:24:31.890371
R1745,U59,I15,3,2026-08-02 04:29:31.890383
R1746,U605,I321,3,2026-07-03 10:45:31.890396
R1747,U462,I178,4,2026-07-23 21:08:31.890408
R1748,U374,I186,5,2026-07-15 20:49:31.890421
R1749,U907,I74,2,2026-07-02 00:45:31.890433
R1750,U653,I370,1,2026-07-01 08:31:31.890446
R1751,U159,I199,4,2026-07-30 16:51:31.890458
R1752,U778,I334,3,2026-07-05 23:02:31.890470
R1753,U375,I13,3,2026-07-07 23:47:31.890487
R1754,U894,I4,4,2026-08-09 18:42:31.890499
R1755,U679,I21,1,2026-07-16 01:35:31.890512
R1756,U879,I334,3,2026-08-01 16:59:31.890524
R1757,U858,I113,1,2026-07-08 10:04:31.890538
R1758,U521,I331,4,2026-07-26 10:41:31.890551
R1759,U266,I20,5,2026-07-02 07:41:31.890563
R1760,U796,I413,1,2026-08-11 08:44:31.890576
R1761,U3,I495,4,2026-07-05 14:07:31.890589
R1762,U554,I306,1,2026-06-11 15:17:31.890601
R1763,U278,I497,1,2026-06-28 14:36:31.890614
R1764,U138,I274,2,2026-08-11 03:08:31.890626
R1765,U483,I208,2,2026-07-25 08:10:31.890639
R1766,U513,I368,1,2026-07-31 18:05:31.890651
R1767,U359,I445,2,2026-07-30 02:08:31.890664
R1768,U234,I73,5,2026-07-29 08:29:31.890676
R1769,U185,I89,5,2026-07-28 17:19:31.890690
R1770,U290,I6,5,2026-07-17 13:17:31.890703
R1771,U482,I167,2,2026-06-24 22:53:31.890715
R1772,U197,I183,5,2026-06-19 00:48:31.890727
R1773,U609,I152,1,2026-08-11 17:10:31.890739
R1774,U279,I47,1,2026-06-06 17:22:31.890752
R1775,U769,I283,3,2026-07-01 15:45:31.890765
R1776,U619,I410,1,2026-07-22 01:31:31.890777
R1777,U381,I455,1,2026-06-08 16:54:31.890789
R1778,U118,I479,2,2026-07-11 05:53:31.890804
R1779,U683,I15,3,2026-07-25 03:39:31.890816
R1780,U326,I495,4,2026-07-29 13:52:31.890829
R1781,U168,I392,5,2026-06-18 22:37:31.890843
R1782,U134,I472,1,2026-07-03 02:02:31.890856
R1783,U296,I60,3,2026-06-28 06:55:31.890869
R1784,U569,I20,5,2026-06-03 17:32:31.890882
R1785,U475,I268,2,2026-08-09 04:10:31.890897
R1786,U130,I474,5,2026-08-10 06:25:31.890910
R1787,U871,I37,1,2026-07-15 12:24:31.890922
R1788,U104,I318,3,2026-06-07 23:57:31.890935
R1789,U965,I168,2,2026-07-15 09:49:31.890949
R1790,U79,I313,3,2026-06-03 17:48:31.890962
R1791,U129,I402,5,2026-06-03 13:39:31.890975
R1792,U928,I48,3,2026-07-16 15:01:31.890987
R1793,U480,I284,4,2026-07-01 11:54:31.891000
R1794,U294,I375,2,2026-06-22 17:10:31.891013
R1795,U37,I89,1,2026-06-14 10:28:31.891025
R1796,U522,I345,5,2026-06-17 06:53:31.891037
R1797,U228,I11,4,2026-07-22 14:59:31.891052
R1798,U774,I176,4,2026-06-21 22:17:31.891065
R1799,U657,I363,1,2026-06-11 12:17:31.891077
R1800,U232,I237,5,2026-06-19 13:37:31.891090
R1801,U791,I59,2,2026-08-02 23:19:31.891102
R1802,U227,I421,5,2026-06-06 19:21:31.891115
R1803,U926,I367,4,2026-07-20 00:34:31.891127
R1804,U953,I469,2,2026-06-07 06:02:31.891140
R1805,U412,I305,5,2026-08-10 13:57:31.891152
R1806,U326,I416,3,2026-06-22 12:55:31.891164
R1807,U330,I490,3,2026-06-27 23:02:31.891177
R1808,U803,I190,5,2026-06-20 18:04:31.891189
R1809,U313,I357,1,2026-06-23 05:59:31.891203
R1810,U777,I142,2,2026-06-20 09:52:31.891216
R1811,U916,I377,1,2026-07-04 16:26:31.891228
R1812,U617,I493,4,2026-06-21 06:34:31.891241
R1813,U652,I25,3,2026-07-10 03:06:31.891253
R1814,U915,I78,5,2026-06-17 12:21:31.891266
R1815,U820,I278,4,2026-08-10 11:42:31.891278
R1816,U386,I34,1,2026-07-07 11:16:31.891290
R1817,U339,I215,4,2026-07-20 22:24:31.891305
R1818,U239,I231,3,2026-07-09 00:57:31.891318
R1819,U454,I457,1,2026-08-04 06:40:31.891330
R1820,U408,I162,2,2026-07-02 09:42:31.891343
R1821,U424,I47,2,2026-07-04 18:17:31.891355
R1822,U679,I286,1,2026-07-15 15:09:31.891368
R1823,U601,I460,5,2026-08-06 11:59:31.891380
R1824,U143,I183,2,2026-06-15 00:45:31.891393
R1825,U20,I262,3,2026-07-25 03:11:31.891407
R1826,U490,I370,4,2026-06-16 18:23:31.891420
R1827,U628,I82,5,2026-07-06 15:02:31.891433
R1828,U302,I137,3,2026-06-30 23:27:31.891445
R1829,U792,I428,4,2026-07-26 10:00:31.891458
R1830,U330,I410,1,2026-06-24 10:53:31.891470
R1831,U288,I345,2,2026-07-20 22:50:31.891483
R1832,U761,I72,3,2026-07-26 23:38:31.891495
R1833,U217,I154,5,2026-08-11 09:34:31.891507
R1834,U785,I16,3,2026-08-04 13:11:31.891520
R1835,U465,I363,2,2026-07-14 19:33:31.891532
R1836,U113,I368,3,2026-07-11 16:51:31.891545
R1837,U252,I482,4,2026-06-18 04:29:31.891557
R1838,U110,I167,5,2026-07-12 01:31:31.891572
R1839,U322,I234,3,2026-06-19 14:07:31.891584
R1840,U950,I14,4,2026-07-26 23:37:31.891597
R1841,U854,I255,5,2026-07-08 08:25:31.891609
R1842,U15,I83,3,2026-07-27 20:32:31.891627
R1843,U377,I231,1,2026-07-21 01:31:31.891639
R1844,U781,I109,2,2026-06-13 00:23:31.891652
R1845,U147,I317,3,2026-06-11 07:59:31.891664
R1846,U614,I149,3,2026-07-26 07:57:31.891676
R1847,U953,I113,1,2026-07-13 12:13:31.891689
R1848,U655,I275,2,2026-06-25 00:18:31.891701
R1849,U396,I115,1,2026-07-17 09:19:31.891716
R1850,U20,I466,2,2026-06-17 18:07:31.891729
R1851,U445,I200,2,2026-06-10 00:18:31.891741
R1852,U632,I307,1,2026-07-02 13:03:31.891754
R1853,U161,I50,4,2026-07-15 22:28:31.891766
R1854,U974,I80,5,2026-07-30 04:41:31.891792
R1855,U849,I67,1,2026-07-15 08:10:31.891806
R1856,U89,I208,4,2026-06-23 12:53:31.891818
R1857,U949,I393,2,2026-07-31 23:32:31.891831
R1858,U367,I350,2,2026-06-19 02:21:31.891843
R1859,U180,I460,4,2026-07-08 00:30:31.891856
R1860,U618,I107,4,2026-08-11 09:09:31.891868
R1861,U405,I113,2,2026-07-10 12:34:31.891881
R1862,U769,I16,2,2026-07-31 19:24:31.891894
R1863,U859,I118,5,2026-07-28 13:14:31.891906
R1864,U512,I23,3,2026-06-24 10:36:31.891919
R1865,U798,I480,3,2026-08-11 03:24:31.891932
R1866,U189,I77,1,2026-07-04 18:52:31.891946
R1867,U97,I343,5,2026-08-07 09:29:31.891966
R1868,U108,I295,2,2026-06-14 07:21:31.891979
R1869,U249,I108,3,2026-06-16 11:46:31.891991
R1870,U231,I250,5,2026-06-28 11:38:31.892004
R1871,U86,I309,1,2026-08-11 15:28:31.892016
R1872,U59,I330,1,2026-07-26 02:27:31.892029
R1873,U725,I297,3,2026-07-03 16:00:31.892042
R1874,U101,I192,2,2026-07-26 01:34:31.892054
R1875,U861,I174,4,2026-06-07 16:51:31.892067
R1876,U735,I346,3,2026-06-09 02:46:31.892079
R1877,U504,I32,5,2026-06-05 11:30:31.892092
R1878,U377,I181,5,2026-07-14 16:44:31.892104
R1879,U2,I372,4,2026-06-20 02:20:31.892117
R1880,U636,I415,2,2026-07-22 04:18:31.892131
R1881,U0,I146,3,2026-06-06 15:55:31.892144
R1882,U823,I111,2,2026-06-05 05:05:31.892159
R1883,U239,I42,4,2026-06-13 14:05:31.892172
R1884,U642,I239,4,2026-06-24 04:24:31.892184
R1885,U786,I38,3,2026-07-12 15:48:31.892197
R1886,U385,I148,4,2026-06-06 00:43:31.892209
R1887,U294,I428,2,2026-07-02 10:11:31.892221
R1888,U13,I400,1,2026-06-16 20:37:31.892235
R1889,U302,I483,3,2026-07-25 00:13:31.892247
R1890,U693,I314,1,2026-08-04 12:36:31.892260
R1891,U686,I231,4,2026-07-03 21:12:31.892272
R1892,U992,I215,4,2026-07-11 21:16:31.892285
R1893,U59,I176,2,2026-06-12 20:44:31.892297
R1894,U482,I331,4,2026-08-05 17:50:31.892311
R1895,U128,I13,5,2026-07-28 06:11:31.892324
R1896,U567,I44,3,2026-06-29 10:25:31.892336
R1897,U560,I28,4,2026-06-12 13:25:31.892349
R1898,U75,I408,5,2026-08-06 09:11:31.892361
R1899,U159,I67,2,2026-08-05 12:42:31.892374
R1900,U691,I58,4,2026-06-29 06:46:31.892386
R1901,U641,I280,4,2026-08-09 15:27:31.892398
R1902,U395,I322,4,2026-06-15 06:01:31.892411
R1903,U437,I104,3,2026-07-20 10:25:31.892423
R1904,U138,I77,2,2026-06-10 13:51:31.892435
R1905,U497,I63,5,2026-07-10 10:52:31.892449
R1906,U599,I79,1,2026-07-30 06:23:31.892462
R1907,U387,I419,5,2026-06-07 06:06:31.892474
R1908,U291,I331,5,2026-07-09 08:52:31.892486
R1909,U424,I112,4,2026-08-04 04:56:31.892499
R1910,U85,I146,2,2026-06-17 15:33:31.892513
R1911,U319,I98,1,2026-08-08 04:30:31.892526
R1912,U29,I480,2,2026-07-01 13:10:31.892540
R1913,U850,I172,2,2026-06-20 23:14:31.892553
R1914,U770,I275,5,2026-06-09 09:36:31.892565
R1915,U152,I447,2,2026-06-08 20:10:31.892578
R1916,U714,I37,2,2026-07-29 19:09:31.892590
R1917,U265,I223,3,2026-06-18 06:29:31.892602
R1918,U674,I320,5,2026-07-08 05:38:31.892615
R1919,U389,I313,2,2026-07-31 06:57:31.892627
R1920,U994,I245,5,2026-06-07 21:05:31.892639
R1921,U264,I52,4,2026-06-12 20:08:31.892651
R1922,U567,I103,4,2026-07-05 06:21:31.892664
R1923,U350,I291,1,2026-07-11 19:26:31.892678
R1924,U917,I107,5,2026-07-30 03:19:31.892691
R1925,U42,I48,1,2026-07-17 19:41:31.892703
R1926,U683,I445,1,2026-07-07 12:44:31.892716
R1927,U823,I180,2,2026-06-09 02:05:31.892728
R1928,U438,I201,3,2026-07-26 02:03:31.892740
R1929,U441,I227,2,2026-07-09 06:19:31.892752
R1930,U65,I412,2,2026-06-28 10:15:31.892765
R1931,U187,I143,3,2026-07-11 09:23:31.892777
R1932,U225,I492,2,2026-06-28 07:43:31.892790
R1933,U972,I427,3,2026-06-11 14:34:31.892802
R1934,U401,I160,4,2026-06-16 23:33:31.892815
R1935,U480,I210,3,2026-06-24 16:30:31.892827
R1936,U451,I261,3,2026-06-19 05:59:31.892839
R1937,U436,I81,2,2026-07-17 11:11:31.892852
R1938,U833,I410,5,2026-07-16 14:53:31.892866
R1939,U725,I188,1,2026-08-09 20:37:31.892879
R1940,U314,I208,2,2026-07-14 04:04:31.892892
R1941,U5,I490,4,2026-06-20 04:01:31.892904
R1942,U132,I496,5,2026-07-04 17:05:31.892916
R1943,U334,I196,5,2026-07-12 10:46:31.892929
R1944,U879,I56,2,2026-06-11 15:36:31.892943
R1945,U55,I443,4,2026-07-31 07:54:31.892956
R1946,U768,I229,4,2026-06-08 02:51:31.892968
R1947,U504,I91,5,2026-07-21 18:26:31.892980
R1948,U757,I163,1,2026-06-16 22:55:31.892993
R1949,U451,I299,2,2026-07-19 09:40:31.893005
R1950,U701,I449,3,2026-07-30 05:27:31.893017
R1951,U74,I67,5,2026-08-01 19:08:31.893040
R1952,U308,I223,3,2026-08-11 10:26:31.893061
R1953,U190,I75,2,2026-07-16 04:33:31.893082
R1954,U914,I252,4,2026-06-22 18:15:31.893103
R1955,U877,I353,1,2026-07-16 17:17:31.893213
R1956,U932,I176,4,2026-06-07 00:28:31.893245
R1957,U580,I237,2,2026-07-08 19:53:31.893270
R1958,U119,I442,5,2026-07-16 07:36:31.893294
R1959,U714,I335,1,2026-07-01 01:22:31.893317
R1960,U24,I104,2,2026-06-13 16:37:31.893342
R1961,U625,I271,2,2026-08-03 07:29:31.893366
R1962,U299,I231,5,2026-06-10 21:06:31.893389
R1963,U861,I484,2,2026-07-20 17:06:31.893413
R1964,U197,I227,2,2026-06-09 17:11:31.893438
R1965,U57,I474,5,2026-06-09 05:36:31.893462
R1966,U720,I138,3,2026-08-06 00:06:31.893486
R1967,U734,I472,4,2026-06-28 09:24:31.893516
R1968,U409,I392,4,2026-08-10 18:18:31.893540
R1969,U404,I100,4,2026-06-15 11:25:31.893563
R1970,U224,I343,2,2026-06-25 11:32:31.893582
R1971,U436,I102,1,2026-08-01 13:30:31.893601
R1972,U68,I70,2,2026-08-09 08:51:31.893620
R1973,U841,I485,1,2026-06-07 07:01:31.893639
R1974,U692,I265,3,2026-06-27 00:20:31.893657
R1975,U940,I137,2,2026-07-07 13:02:31.893675
R1976,U836,I129,5,2026-07-24 07:20:31.893697
R1977,U209,I385,2,2026-07-04 08:13:31.893716
R1978,U869,I231,5,2026-07-08 03:37:31.893736
R1979,U23,I484,5,2026-07-27 16:30:31.893758
R1980,U961,I353,5,2026-06-17 17:47:31.893777
R1981,U415,I255,1,2026-06-09 08:40:31.893796
R1982,U211,I195,1,2026-07-12 06:55:31.893815
R1983,U655,I346,3,2026-06-17 14:52:31.893833
R1984,U939,I146,4,2026-06-18 06:35:31.893852
R1985,U136,I12,5,2026-07-09 02:40:31.893871
R1986,U939,I214,3,2026-06-21 02:36:31.893889
R1987,U732,I426,1,2026-08-01 11:32:31.893907
R1988,U887,I96,2,2026-07-19 00:36:31.893925
R1989,U636,I189,1,2026-06-21 12:04:31.893944
R1990,U952,I110,3,2026-08-07 06:56:31.893979
R1991,U844,I334,1,2026-08-04 18:48:31.893999
R1992,U110,I460,3,2026-07-16 06:35:31.894017
R1993,U400,I56,4,2026-07-11 10:21:31.894035
R1994,U805,I460,5,2026-06-07 17:10:31.894055
R1995,U707,I458,1,2026-06-23 14:23:31.894078
R1996,U898,I24,2,2026-06-25 03:27:31.894096
R1997,U751,I260,5,2026-06-14 16:14:31.894115
R1998,U775,I372,1,2026-07-16 19:33:31.894134
R1999,U261,I326,1,2026-08-06 06:10:31.894152
R2000,U288,I31,3,2026-07-20 19:20:31.894170
R2001,U65,I178,4,2026-07-07 19:01:31.894188
R2002,U915,I260,3,2026-08-04 22:17:31.894206
R2003,U703,I109,3,2026-07-25 10:53:31.894225
R2004,U534,I324,1,2026-07-17 20:27:31.894242
R2005,U527,I330,2,2026-06-29 09:16:31.894261
R2006,U317,I234,3,2026-07-10 18:27:31.894280
R2007,U517,I25,2,2026-08-08 00:05:31.894301
R2008,U639,I327,1,2026-08-02 10:44:31.894322
R2009,U944,I206,5,2026-07-13 21:49:31.894341
R2010,U390,I144,4,2026-08-01 19:42:31.894360
R2011,U498,I430,4,2026-06-22 20:51:31.894378
R2012,U268,I18,1,2026-06-17 11:21:31.894396
R2013,U38,I79,4,2026-06-13 00:37:31.894417
R2014,U105,I207,5,2026-06-24 20:28:31.894436
R2015,U710,I286,2,2026-06-28 19:15:31.894457
R2016,U718,I52,4,2026-08-03 07:55:31.894475
R2017,U109,I187,5,2026-07-07 09:37:31.894500
R2018,U434,I409,5,2026-07-04 09:14:31.894519
R2019,U115,I43,5,2026-06-20 19:59:31.894538
R2020,U481,I423,4,2026-07-02 21:58:31.894558
R2021,U364,I296,5,2026-07-24 10:47:31.894577
R2022,U679,I101,2,2026-07-05 03:58:31.894597
R2023,U67,I243,1,2026-06-07 08:23:31.894619
R2024,U328,I442,1,2026-07-12 12:53:31.894639
R2025,U992,I274,2,2026-07-08 16:56:31.894658
R2026,U194,I130,3,2026-06-14 05:57:31.894677
R2027,U552,I34,5,2026-07-11 04:15:31.894695
R2028,U432,I167,4,2026-06-08 14:36:31.894715
R2029,U153,I279,3,2026-07-20 08:35:31.894734
R2030,U373,I487,2,2026-07-20 07:23:31.894753
R2031,U592,I335,5,2026-06-03 13:22:31.894772
R2032,U521,I83,3,2026-07-28 08:09:31.894791
R2033,U397,I204,2,2026-08-03 06:03:31.894813
R2034,U479,I463,4,2026-07-12 07:50:31.894833
R2035,U572,I22,1,2026-06-10 19:37:31.894851
R2036,U338,I276,3,2026-07-04 02:51:31.894873
R2037,U438,I280,4,2026-06-17 18:52:31.894892
R2038,U889,I106,1,2026-07-24 09:50:31.894911
R2039,U6,I77,5,2026-07-11 19:07:31.894933
R2040,U209,I80,4,2026-07-26 13:27:31.894951
R2041,U490,I386,4,2026-07-03 16:38:31.894970
R2042,U606,I286,2,2026-07-19 14:49:31.894988
R2043,U324,I35,3,2026-06-05 14:22:31.895006
R2044,U727,I31,2,2026-07-13 17:04:31.895025
R2045,U128,I447,5,2026-07-09 02:21:31.895044
R2046,U966,I153,4,2026-08-02 03:20:31.895064
R2047,U991,I122,1,2026-06-23 06:47:31.895081
R2048,U478,I418,2,2026-08-11 03:15:31.895100
R2049,U548,I469,5,2026-06-29 21:05:31.895118
R2050,U128,I453,1,2026-06-14 16:15:31.895137
R2051,U467,I391,2,2026-06-22 06:19:31.895159
R2052,U885,I366,2,2026-06-28 19:08:31.895178
R2053,U812,I243,4,2026-07-01 08:05:31.895197
R2054,U941,I382,1,2026-07-31 19:56:31.895215
R2055,U899,I389,5,2026-07-16 05:01:31.895234
R2056,U143,I163,2,2026-06-09 17:27:31.895254
R2057,U750,I246,5,2026-07-07 08:09:31.895272
R2058,U203,I0,5,2026-08-06 05:40:31.895291
R2059,U8,I226,1,2026-07-29 12:06:31.895310
R2060,U74,I24,2,2026-06-07 15:08:31.895328
R2061,U878,I142,2,2026-07-25 05:21:31.895348
R2062,U302,I345,3,2026-06-28 08:03:31.895367
R2063,U221,I454,1,2026-07-11 02:01:31.895387
R2064,U756,I337,4,2026-06-09 20:51:31.895406
R2065,U678,I228,4,2026-08-03 06:46:31.895433
R2066,U775,I316,4,2026-07-31 21:09:31.895452
R2067,U694,I296,5,2026-06-15 09:46:31.895471
R2068,U486,I55,4,2026-07-09 15:08:31.895490
R2069,U726,I312,4,2026-07-10 23:41:31.895508
R2070,U790,I204,4,2026-07-01 09:27:31.895526
R2071,U416,I151,1,2026-06-17 13:24:31.895547
R2072,U624,I370,4,2026-06-25 03:15:31.895566
R2073,U875,I120,2,2026-07-16 15:46:31.895585
R2074,U797,I136,1,2026-08-10 05:49:31.895604
R2075,U629,I365,3,2026-07-28 23:11:31.895623
R2076,U165,I479,3,2026-07-30 05:37:31.895643
R2077,U690,I194,3,2026-07-24 23:12:31.895661
R2078,U799,I234,5,2026-07-24 14:26:31.895679
R2079,U980,I355,2,2026-07-31 06:08:31.895697
R2080,U857,I45,5,2026-08-04 22:05:31.895717
R2081,U778,I132,2,2026-06-16 01:20:31.895736
R2082,U720,I6,4,2026-08-09 21:33:31.895754
R2083,U370,I354,3,2026-06-29 07:15:31.895774
R2084,U687,I124,4,2026-08-07 06:36:31.895793
R2085,U780,I58,3,2026-06-27 23:21:31.895811
R2086,U807,I327,5,2026-08-01 10:18:31.895829
R2087,U84,I464,3,2026-08-08 10:50:31.895848
R2088,U763,I359,1,2026-08-07 20:10:31.895866
R2089,U70,I203,2,2026-07-04 16:32:31.895885
R2090,U9,I15,5,2026-08-08 20:33:31.895904
R2091,U137,I205,3,2026-06-21 19:29:31.895923
R2092,U585,I367,2,2026-06-11 21:36:31.895942
R2093,U267,I432,4,2026-07-12 05:24:31.895964
R2094,U612,I233,5,2026-07-24 07:51:31.896099
R2095,U225,I163,3,2026-06-26 15:06:31.896127
R2096,U512,I365,2,2026-07-10 05:34:31.896144
R2097,U503,I457,1,2026-06-18 04:59:31.896166
R2098,U191,I55,3,2026-06-20 21:48:31.896181
R2099,U412,I241,5,2026-08-03 12:33:31.896195
R2100,U837,I129,4,2026-07-20 18:18:31.896208
R2101,U993,I458,5,2026-07-05 05:24:31.896221
R2102,U648,I198,3,2026-06-11 01:10:31.896234
R2103,U851,I122,2,2026-08-09 17:51:31.896250
R2104,U897,I106,1,2026-06-27 18:57:31.896263
R2105,U709,I71,4,2026-07-04 07:18:31.896278
R2106,U373,I74,5,2026-07-29 21:48:31.896291
R2107,U317,I201,5,2026-07-12 12:22:31.896304
R2108,U270,I439,5,2026-07-27 16:22:31.896320
R2109,U737,I255,2,2026-07-16 10:15:31.896333
R2110,U2,I20,1,2026-06-10 02:23:31.896346
R2111,U901,I376,2,2026-08-09 22:33:31.896359
R2112,U559,I200,1,2026-08-03 23:19:31.896372
R2113,U311,I341,4,2026-08-10 05:49:31.896386
R2114,U327,I44,5,2026-08-09 15:21:31.896399
R2115,U572,I392,3,2026-07-17 08:44:31.896412
R2116,U213,I421,2,2026-06-27 17:31:31.896424
R2117,U898,I58,4,2026-06-13 12:19:31.896437
R2118,U207,I373,1,2026-06-14 03:02:31.896450
R2119,U712,I371,2,2026-07-21 11:46:31.896463
R2120,U327,I460,4,2026-06-13 04:07:31.896476
R2121,U931,I111,4,2026-06-18 09:02:31.896492
R2122,U729,I390,2,2026-08-10 15:52:31.896505
R2123,U91,I464,1,2026-08-06 15:45:31.896518
R2124,U739,I19,5,2026-08-07 01:28:31.896530
R2125,U538,I420,5,2026-06-19 06:04:31.896544
R2126,U240,I33,5,2026-07-02 11:25:31.896557
R2127,U533,I58,1,2026-07-14 15:23:31.896570
R2128,U874,I421,5,2026-08-07 17:59:31.896583
R2129,U177,I269,2,2026-07-12 06:08:31.896595
R2130,U715,I487,3,2026-08-05 23:08:31.896608
R2131,U343,I278,5,2026-06-04 00:28:31.896621
R2132,U184,I319,1,2026-06-16 05:59:31.896634
R2133,U757,I117,1,2026-07-18 22:31:31.896647
R2134,U723,I112,4,2026-07-04 20:41:31.896662
R2135,U434,I45,2,2026-07-04 19:58:31.896675
R2136,U403,I87,5,2026-06-14 07:59:31.896690
R2137,U25,I262,1,2026-07-30 01:25:31.896703
R2138,U140,I345,4,2026-06-25 12:12:31.896717
R2139,U68,I178,5,2026-07-15 05:51:31.896731
R2140,U798,I234,3,2026-07-01 03:28:31.896744
R2141,U867,I1,3,2026-06-07 11:54:31.896757
R2142,U225,I37,1,2026-08-08 12:36:31.896770
R2143,U357,I348,5,2026-07-23 12:39:31.896783
R2144,U690,I399,2,2026-08-11 01:42:31.896796
R2145,U882,I313,4,2026-06-27 13:50:31.896809
R2146,U952,I103,5,2026-07-02 01:36:31.896822
R2147,U633,I257,3,2026-07-30 03:13:31.896834
R2148,U96,I285,5,2026-07-31 11:22:31.896848
R2149,U764,I157,2,2026-06-12 02:19:31.896863
R2150,U432,I310,2,2026-06-29 15:42:31.896877
R2151,U417,I375,3,2026-06-13 21:11:31.896890
R2152,U29,I387,1,2026-07-05 22:04:31.896902
R2153,U831,I248,4,2026-06-29 05:43:31.896915
R2154,U706,I443,1,2026-06-26 11:51:31.896927
R2155,U507,I245,4,2026-07-31 10:20:31.896939
R2156,U673,I271,5,2026-07-23 02:29:31.896952
R2157,U418,I474,2,2026-07-03 11:17:31.896965
R2158,U557,I269,3,2026-08-09 14:17:31.896978
R2159,U89,I373,4,2026-06-14 14:08:31.896990
R2160,U165,I235,4,2026-07-27 04:28:31.897006
R2161,U606,I81,2,2026-07-04 03:18:31.897019
R2162,U442,I222,4,2026-06-25 23:33:31.897031
R2163,U850,I353,5,2026-08-10 19:31:31.897043
R2164,U583,I358,2,2026-07-02 02:18:31.897058
R2165,U659,I203,1,2026-07-06 20:42:31.897070
R2166,U836,I166,2,2026-07-25 18:54:31.897085
R2167,U563,I469,5,2026-06-11 07:17:31.897098
R2168,U913,I365,5,2026-06-17 09:10:31.897110
R2169,U0,I237,3,2026-06-19 23:14:31.897123
R2170,U597,I123,3,2026-06-21 08:24:31.897136
R2171,U548,I54,2,2026-07-13 09:22:31.897148
R2172,U349,I318,4,2026-06-29 02:48:31.897161
R2173,U476,I77,4,2026-07-13 10:59:31.897173
R2174,U997,I308,4,2026-07-08 05:27:31.897186
R2175,U303,I12,5,2026-07-25 17:22:31.897198
R2176,U934,I285,3,2026-06-05 06:56:31.897211
R2177,U544,I12,3,2026-08-09 03:55:31.897223
R2178,U946,I37,3,2026-07-31 11:21:31.897238
R2179,U791,I225,1,2026-07-07 13:24:31.897251
R2180,U337,I247,5,2026-06-19 19:01:31.897264
R2181,U192,I292,1,2026-07-30 04:10:31.897276
R2182,U604,I490,3,2026-07-06 17:51:31.897391
R2183,U359,I410,1,2026-06-24 04:36:31.897406
R2184,U545,I225,1,2026-06-13 19:46:31.897419
R2185,U116,I430,3,2026-06-24 23:49:31.897432
R2186,U438,I20,1,2026-06-13 12:47:31.897444
R2187,U369,I396,1,2026-08-11 10:27:31.897457
R2188,U735,I308,2,2026-07-18 23:52:31.897469
R2189,U276,I304,2,2026-06-25 05:47:31.897482
R2190,U970,I228,5,2026-06-28 02:46:31.897495
R2191,U357,I327,4,2026-08-07 07:12:31.897507
R2192,U641,I119,1,2026-07-29 23:19:31.897520
R2193,U603,I100,1,2026-07-31 14:12:31.897535
R2194,U104,I374,2,2026-07-11 21:28:31.897548
R2195,U648,I6,1,2026-06-14 05:41:31.897560
R2196,U519,I200,1,2026-06-27 22:07:31.897573
R2197,U281,I87,5,2026-06-04 04:19:31.897585
R2198,U992,I11,4,2026-06-12 14:46:31.897600
R2199,U658,I307,3,2026-07-29 05:58:31.897612
R2200,U185,I82,2,2026-07-25 15:02:31.897625
R2201,U417,I309,2,2026-07-31 23:52:31.897637
R2202,U649,I287,1,2026-07-07 20:09:31.897650
R2203,U172,I453,1,2026-08-10 14:11:31.897662
R2204,U801,I487,4,2026-06-14 16:12:31.897675
R2205,U200,I10,2,2026-07-19 00:20:31.897687
R2206,U804,I88,4,2026-06-13 13:23:31.897702
R2207,U727,I216,2,2026-07-19 04:57:31.897714
R2208,U718,I412,5,2026-07-01 18:15:31.897726
R2209,U372,I122,4,2026-06-05 22:50:31.897739
R2210,U650,I147,1,2026-06-09 08:44:31.897751
R2211,U828,I167,4,2026-06-09 23:49:31.897777
R2212,U94,I413,3,2026-07-15 01:32:31.897790
R2213,U400,I484,5,2026-07-09 09:12:31.897802
R2214,U922,I208,4,2026-07-19 13:22:31.897815
R2215,U50,I368,4,2026-06-23 10:19:31.897828
R2216,U924,I252,2,2026-07-09 21:25:31.897840
R2217,U661,I155,3,2026-07-08 21:51:31.897852
R2218,U224,I130,3,2026-06-06 21:10:31.897865
R2219,U67,I143,4,2026-06-13 04:25:31.897877
R2220,U439,I458,5,2026-06-24 00:04:31.897898
R2221,U678,I421,4,2026-07-10 14:47:31.897920
R2222,U949,I447,5,2026-07-24 18:04:31.897940
R2223,U682,I382,3,2026-06-26 17:07:31.897960
R2224,U203,I402,3,2026-06-21 17:13:31.897984
R2225,U759,I438,2,2026-06-12 15:14:31.898006
R2226,U962,I474,3,2026-06-13 05:18:31.898069
R2227,U560,I483,4,2026-06-15 11:46:31.898145
R2228,U163,I437,4,2026-06-27 19:40:31.898185
R2229,U221,I222,4,2026-07-15 13:14:31.898212
R2230,U530,I160,2,2026-07-28 19:00:31.898241
R2231,U30,I440,4,2026-06-29 19:13:31.898265
R2232,U373,I268,4,2026-08-11 09:59:31.898287
R2233,U946,I260,5,2026-07-16 08:52:31.898309
R2234,U249,I81,4,2026-06-17 07:14:31.898332
R2235,U574,I111,3,2026-07-15 10:56:31.898354
R2236,U249,I446,4,2026-06-18 11:40:31.898375
R2237,U707,I172,5,2026-08-08 22:47:31.898397
R2238,U364,I12,3,2026-07-13 18:50:31.898421
R2239,U818,I30,3,2026-06-07 05:31:31.898508
R2240,U32,I305,2,2026-06-24 09:47:31.898533
R2241,U275,I205,4,2026-07-27 19:07:31.898547
R2242,U750,I421,1,2026-08-07 04:16:31.898560
R2243,U468,I100,3,2026-07-27 03:46:31.898573
R2244,U939,I388,5,2026-06-03 19:02:31.898586
R2245,U200,I290,1,2026-06-09 09:29:31.898599
R2246,U478,I228,2,2026-06-05 15:08:31.898612
R2247,U501,I464,2,2026-06-19 02:28:31.898625
R2248,U322,I138,3,2026-06-12 02:59:31.898638
R2249,U643,I496,1,2026-07-20 20:00:31.898656
R2250,U575,I473,1,2026-08-06 01:24:31.898669
R2251,U431,I70,3,2026-06-21 22:37:31.898682
R2252,U359,I56,3,2026-08-08 07:59:31.898694
R2253,U692,I67,1,2026-07-15 12:50:31.898707
R2254,U351,I11,2,2026-06-21 15:33:31.898720
R2255,U96,I159,2,2026-07-11 13:46:31.898732
R2256,U232,I452,1,2026-07-30 03:44:31.898744
R2257,U930,I237,5,2026-07-18 17:28:31.898757
R2258,U790,I350,2,2026-07-22 11:05:31.898769
R2259,U768,I251,5,2026-06-03 19:09:31.898781
R2260,U338,I96,1,2026-06-07 03:43:31.898794
R2261,U742,I463,1,2026-08-01 16:01:31.898809
R2262,U145,I122,3,2026-06-20 09:27:31.898822
R2263,U29,I140,2,2026-07-06 07:45:31.898837
R2264,U366,I94,4,2026-07-18 18:50:31.898850
R2265,U152,I282,4,2026-06-11 08:00:31.898862
R2266,U389,I463,2,2026-06-12 01:04:31.898874
R2267,U352,I56,1,2026-06-25 04:13:31.898887
R2268,U372,I253,2,2026-06-24 17:23:31.898899
R2269,U197,I283,3,2026-07-11 02:32:31.898912
R2270,U299,I175,1,2026-07-19 05:00:31.898924
R2271,U647,I387,4,2026-08-08 02:27:31.898937
R2272,U817,I309,1,2026-06-19 14:54:31.898950
R2273,U237,I165,1,2026-08-04 16:43:31.898965
R2274,U488,I340,3,2026-07-11 12:27:31.898978
R2275,U848,I183,3,2026-06-04 00:54:31.898991
R2276,U700,I112,4,2026-06-09 06:00:31.899003
R2277,U32,I472,4,2026-07-30 11:30:31.899019
R2278,U485,I95,5,2026-08-02 00:48:31.899031
R2279,U425,I233,2,2026-07-20 07:25:31.899044
R2280,U452,I128,4,2026-08-03 03:25:31.899056
R2281,U863,I71,1,2026-06-12 01:09:31.899069
R2282,U325,I425,4,2026-07-08 17:45:31.899081
R2283,U986,I216,2,2026-06-03 13:26:31.899094
R2284,U435,I131,1,2026-07-27 00:18:31.899107
R2285,U771,I217,1,2026-06-26 01:47:31.899119
R2286,U263,I269,1,2026-06-26 07:19:31.899132
R2287,U999,I401,4,2026-07-07 03:05:31.899144
R2288,U163,I7,5,2026-06-16 06:26:31.899159
R2289,U955,I30,4,2026-06-20 20:34:31.899171
R2290,U239,I42,5,2026-07-03 13:23:31.899183
R2291,U246,I10,2,2026-06-16 12:55:31.899198
R2292,U612,I172,1,2026-07-03 03:54:31.899212
R2293,U762,I252,1,2026-07-14 13:06:31.899227
R2294,U343,I16,3,2026-06-07 04:42:31.899239
R2295,U630,I420,5,2026-06-23 16:39:31.899252
R2296,U146,I469,2,2026-06-11 04:39:31.899264
R2297,U720,I370,4,2026-07-02 17:13:31.899276
R2298,U233,I346,1,2026-07-27 01:31:31.899288
R2299,U975,I389,2,2026-07-17 07:26:31.899301
R2300,U800,I117,5,2026-06-22 05:15:31.899313
R2301,U543,I490,1,2026-07-14 17:53:31.899326
R2302,U514,I176,1,2026-06-12 23:29:31.899338
R2303,U298,I332,2,2026-08-06 15:03:31.899351
R2304,U148,I189,5,2026-07-20 18:41:31.899363
R2305,U410,I152,3,2026-08-07 15:03:31.899375
R2306,U879,I347,2,2026-06-22 11:59:31.899390
R2307,U179,I402,2,2026-08-02 02:05:31.899403
R2308,U252,I130,2,2026-06-29 22:14:31.899416
R2309,U370,I392,3,2026-07-02 15:22:31.899429
R2310,U387,I238,2,2026-06-17 15:19:31.899441
R2311,U624,I32,1,2026-06-07 10:45:31.899454
R2312,U339,I149,5,2026-08-09 14:56:31.899466
R2313,U766,I146,3,2026-07-25 04:00:31.899478
R2314,U916,I43,5,2026-06-08 10:58:31.899491
R2315,U207,I331,3,2026-07-20 04:37:31.899503
R2316,U446,I452,5,2026-07-08 22:13:31.899515
R2317,U230,I468,1,2026-08-08 08:40:31.899528
R2318,U702,I334,2,2026-06-12 08:25:31.899541
R2319,U599,I247,4,2026-08-01 00:40:31.899555
R2320,U694,I328,1,2026-07-13 15:25:31.899567
R2321,U16,I208,2,2026-06-10 15:14:31.899579
R2322,U598,I58,4,2026-06-17 18:26:31.899592
R2323,U129,I199,3,2026-08-05 23:40:31.899604
R2324,U931,I231,2,2026-07-28 02:41:31.899616
R2325,U521,I57,4,2026-07-29 23:24:31.899631
R2326,U701,I314,1,2026-06-05 03:28:31.899644
R2327,U54,I374,5,2026-06-28 07:22:31.899656
R2328,U234,I419,5,2026-07-28 16:01:31.899669
R2329,U160,I50,5,2026-06-22 18:36:31.899681
R2330,U252,I203,5,2026-08-04 23:00:31.899693
R2331,U805,I164,4,2026-07-23 00:07:31.899706
R2332,U695,I235,4,2026-06-28 18:34:31.899718
R2333,U116,I395,1,2026-07-10 03:46:31.899730
R2334,U140,I289,5,2026-06-10 17:09:31.899745
R2335,U462,I249,1,2026-07-02 14:15:31.899757
R2336,U658,I149,3,2026-06-18 16:29:31.899770
R2337,U758,I316,1,2026-07-08 20:48:31.899782
R2338,U884,I100,1,2026-07-19 16:27:31.899794
R2339,U280,I162,1,2026-08-10 21:22:31.899806
R2340,U828,I90,1,2026-07-30 21:57:31.899819
R2341,U794,I330,4,2026-06-05 06:10:31.899831
R2342,U826,I266,2,2026-06-21 19:38:31.899844
R2343,U506,I284,5,2026-08-08 17:14:31.899856
R2344,U908,I109,3,2026-06-14 18:21:31.899869
R2345,U354,I450,1,2026-07-27 08:23:31.899881
R2346,U608,I161,5,2026-07-06 10:40:31.899893
R2347,U463,I389,4,2026-08-07 12:48:31.899906
R2348,U243,I332,1,2026-07-18 01:21:31.899920
R2349,U8,I309,2,2026-07-17 23:17:31.899933
R2350,U417,I350,4,2026-06-10 23:46:31.899945
R2351,U356,I152,1,2026-06-24 00:02:31.899958
R2352,U728,I370,2,2026-07-20 23:29:31.899973
R2353,U807,I217,5,2026-06-26 20:49:31.899986
R2354,U98,I22,1,2026-07-20 15:51:31.899999
R2355,U850,I281,2,2026-07-02 04:47:31.900011
R2356,U176,I36,1,2026-06-04 12:50:31.900023
R2357,U321,I51,2,2026-07-20 13:43:31.900038
R2358,U287,I192,1,2026-08-02 16:19:31.900051
R2359,U558,I158,2,2026-07-29 06:42:31.900063
R2360,U2,I50,2,2026-06-24 02:20:31.900076
R2361,U673,I280,2,2026-07-09 21:55:31.900088
R2362,U815,I120,2,2026-08-08 23:06:31.900102
R2363,U789,I281,2,2026-06-10 11:16:31.900115
R2364,U748,I39,4,2026-06-25 05:32:31.900128
R2365,U124,I370,4,2026-07-22 14:26:31.900141
R2366,U425,I430,1,2026-07-21 05:01:31.900153
R2367,U550,I289,1,2026-06-13 19:17:31.900165
R2368,U960,I359,4,2026-07-20 11:36:31.900177
R2369,U755,I194,5,2026-08-10 16:23:31.900201
R2370,U477,I383,5,2026-06-18 21:37:31.900214
R2371,U723,I156,4,2026-07-03 20:06:31.900226
R2372,U493,I94,1,2026-08-07 22:36:31.900239
R2373,U23,I181,2,2026-08-04 11:29:31.900251
R2374,U263,I357,1,2026-08-07 05:58:31.900263
R2375,U989,I242,1,2026-07-01 06:11:31.900276
R2376,U116,I222,2,2026-07-18 08:21:31.900290
R2377,U574,I186,1,2026-06-13 06:50:31.900303
R2378,U687,I272,5,2026-07-13 15:31:31.900315
R2379,U106,I92,2,2026-07-01 01:46:31.900328
R2380,U6,I270,3,2026-08-04 11:11:31.900340
R2381,U783,I56,5,2026-06-04 05:59:31.900352
R2382,U82,I318,3,2026-06-14 08:14:31.900364
R2383,U311,I185,3,2026-07-09 18:11:31.900377
R2384,U430,I310,4,2026-07-29 22:17:31.900389
R2385,U631,I202,3,2026-07-12 00:40:31.900402
R2386,U398,I421,1,2026-06-18 05:10:31.900414
R2387,U190,I232,4,2026-06-27 10:57:31.900426
R2388,U80,I120,4,2026-07-02 05:21:31.900441
R2389,U751,I350,1,2026-06-10 04:48:31.900453
R2390,U773,I345,5,2026-06-27 06:40:31.900468
R2391,U425,I384,2,2026-07-04 02:07:31.900481
R2392,U246,I299,3,2026-07-06 08:26:31.900495
R2393,U109,I68,4,2026-07-08 02:11:31.900507
R2394,U945,I397,4,2026-06-23 07:48:31.900520
R2395,U224,I481,1,2026-07-08 22:46:31.900532
R2396,U372,I253,2,2026-07-01 01:47:31.900544
R2397,U100,I100,5,2026-06-25 01:38:31.900557
R2398,U489,I382,3,2026-08-07 14:19:31.900570
R2399,U169,I373,2,2026-07-23 01:01:31.900582
R2400,U703,I335,3,2026-06-12 02:25:31.900595
R2401,U389,I492,1,2026-07-15 08:24:31.900608
R2402,U304,I403,4,2026-07-08 03:06:31.900620
R2403,U180,I253,4,2026-07-24 04:36:31.900633
R2404,U744,I111,1,2026-07-15 19:29:31.900645
R2405,U974,I348,1,2026-08-05 07:31:31.900660
R2406,U824,I234,4,2026-08-03 00:36:31.900673
R2407,U700,I152,2,2026-06-15 20:00:31.900686
R2408,U687,I52,3,2026-07-25 22:36:31.900698
R2409,U302,I261,2,2026-08-01 13:47:31.900710
R2410,U615,I203,5,2026-06-05 17:42:31.900723
R2411,U431,I106,4,2026-07-18 23:47:31.900735
R2412,U490,I13,3,2026-07-07 11:43:31.900747
R2413,U320,I193,5,2026-06-21 08:53:31.900759
R2414,U396,I303,5,2026-06-28 20:46:31.900772
R2415,U949,I11,2,2026-07-08 11:31:31.900789
R2416,U564,I286,2,2026-08-11 13:27:31.900802
R2417,U28,I142,5,2026-07-22 19:37:31.900815
R2418,U498,I349,5,2026-06-14 12:21:31.900827
R2419,U233,I205,2,2026-06-10 00:26:31.900842
R2420,U863,I40,3,2026-06-20 08:15:31.900857
R2421,U998,I92,2,2026-06-08 11:38:31.900869
R2422,U970,I304,1,2026-06-12 15:18:31.900882
R2423,U659,I85,4,2026-08-06 14:02:31.900894
R2424,U392,I168,5,2026-07-22 12:42:31.900906
R2425,U286,I32,1,2026-07-18 18:46:31.900919
R2426,U51,I193,2,2026-06-20 03:07:31.900931
R2427,U96,I41,5,2026-07-01 17:18:31.900944
R2428,U174,I65,5,2026-07-28 13:16:31.900956
R2429,U287,I245,1,2026-06-25 15:05:31.900968
R2430,U197,I10,1,2026-06-24 00:02:31.900980
R2431,U116,I228,5,2026-07-06 09:07:31.900993
R2432,U667,I27,4,2026-07-12 08:53:31.901005
R2433,U693,I229,5,2026-06-17 01:15:31.901020
R2434,U746,I404,5,2026-06-13 02:33:31.901033
R2435,U258,I426,5,2026-06-29 09:49:31.901045
R2436,U915,I145,5,2026-06-16 22:01:31.901057
R2437,U459,I319,5,2026-08-06 15:43:31.901069
R2438,U323,I82,2,2026-08-02 03:25:31.901082
R2439,U502,I63,1,2026-07-17 10:09:31.901094
R2440,U559,I437,4,2026-07-12 06:31:31.901107
R2441,U427,I182,5,2026-06-05 16:18:31.901119
R2442,U97,I283,5,2026-06-24 04:16:31.901132
R2443,U678,I52,1,2026-07-03 10:48:31.901144
R2444,U78,I252,2,2026-06-15 07:42:31.901156
R2445,U820,I350,3,2026-07-05 20:13:31.901169
R2446,U882,I124,1,2026-07-05 16:50:31.901181
R2447,U204,I424,1,2026-07-27 12:37:31.901195
R2448,U610,I236,3,2026-07-10 18:09:31.901208
R2449,U459,I418,2,2026-06-05 00:50:31.901220
R2450,U887,I385,4,2026-08-02 10:11:31.901232
R2451,U428,I305,3,2026-06-17 10:02:31.901245
R2452,U420,I111,4,2026-06-21 19:26:31.901259
R2453,U519,I36,1,2026-06-20 14:09:31.901271
R2454,U859,I456,2,2026-06-24 23:53:31.901283
R2455,U873,I353,5,2026-06-13 19:48:31.901295
R2456,U594,I454,5,2026-08-06 22:59:31.901308
R2457,U401,I271,2,2026-06-09 07:50:31.901320
R2458,U48,I58,2,2026-06-14 07:19:31.901332
R2459,U843,I6,4,2026-08-04 20:04:31.901345
R2460,U436,I252,3,2026-07-25 16:08:31.901357
R2461,U814,I349,2,2026-08-01 08:56:31.901371
R2462,U398,I113,2,2026-07-04 11:00:31.901384
R2463,U943,I61,2,2026-08-04 20:01:31.901397
R2464,U481,I314,5,2026-07-12 20:20:31.901409
R2465,U274,I296,1,2026-06-04 04:09:31.901421
R2466,U868,I23,3,2026-06-10 02:18:31.901433
R2467,U616,I427,1,2026-07-20 17:51:31.901446
R2468,U487,I344,2,2026-06-18 02:15:31.901458
R2469,U365,I383,3,2026-07-09 00:16:31.901470
R2470,U528,I397,3,2026-06-27 00:01:31.901483
R2471,U230,I174,4,2026-07-21 11:53:31.901495
R2472,U696,I306,5,2026-06-22 22:30:31.901508
R2473,U776,I425,1,2026-07-28 21:25:31.901520
R2474,U493,I435,3,2026-06-06 03:46:31.901532
R2475,U223,I309,2,2026-07-29 14:08:31.901547
R2476,U932,I164,3,2026-08-02 04:46:31.901559
R2477,U448,I414,3,2026-08-05 11:38:31.901571
R2478,U853,I307,2,2026-07-13 11:05:31.901584
R2479,U571,I450,1,2026-06-15 13:08:31.901598
R2480,U756,I431,3,2026-06-27 21:50:31.901611
R2481,U888,I215,2,2026-08-02 03:46:31.901623
R2482,U838,I360,2,2026-06-08 12:14:31.901636
R2483,U192,I207,1,2026-07-31 18:31:31.901649
R2484,U712,I277,4,2026-07-21 14:23:31.901663
R2485,U585,I306,3,2026-07-10 05:54:31.901676
R2486,U264,I50,2,2026-06-06 23:50:31.901689
R2487,U791,I284,3,2026-07-13 20:33:31.901701
R2488,U239,I48,3,2026-07-07 08:51:31.901713
R2489,U222,I397,1,2026-06-17 22:28:31.901727
R2490,U248,I4,4,2026-06-18 10:02:31.901740
R2491,U409,I266,3,2026-06-16 05:43:31.901752
R2492,U47,I333,5,2026-07-03 19:35:31.901765
R2493,U712,I338,3,2026-07-09 20:23:31.901777
R2494,U903,I403,5,2026-06-23 19:52:31.901789
R2495,U475,I69,3,2026-06-06 10:37:31.901802
R2496,U32,I287,5,2026-06-17 17:34:31.901814
R2497,U887,I90,1,2026-06-30 21:07:31.901826
R2498,U495,I325,2,2026-07-12 22:05:31.901839
R2499,U666,I484,1,2026-07-04 17:40:31.901851
R2500,U410,I260,1,2026-08-05 18:37:31.901863
R2501,U898,I105,2,2026-06-16 05:51:31.901876
R2502,U481,I98,4,2026-07-01 14:46:31.901888
R2503,U29,I244,2,2026-07-31 19:36:31.901903
R2504,U490,I336,2,2026-06-08 12:21:31.901915
R2505,U300,I499,1,2026-06-08 12:56:31.901927
R2506,U941,I92,3,2026-07-30 18:18:31.901940
R2507,U666,I87,2,2026-06-05 22:24:31.901952
R2508,U871,I483,3,2026-08-03 06:30:31.901964
R2509,U704,I315,5,2026-06-07 03:05:31.901977
R2510,U235,I415,1,2026-07-05 08:24:31.901989
R2511,U689,I467,2,2026-07-26 00:13:31.902002
R2512,U751,I120,4,2026-07-14 08:56:31.902014
R2513,U315,I461,1,2026-08-03 06:19:31.902026
R2514,U912,I278,1,2026-06-13 18:37:31.902038
R2515,U809,I158,3,2026-07-18 09:32:31.902053
R2516,U172,I151,5,2026-07-18 04:31:31.902065
R2517,U159,I342,1,2026-07-28 12:15:31.902078
R2518,U709,I143,2,2026-06-04 04:58:31.902093
R2519,U376,I3,5,2026-07-14 19:54:31.902106
R2520,U449,I210,3,2026-06-08 23:25:31.902118
R2521,U915,I480,1,2026-08-01 02:10:31.902131
R2522,U684,I376,5,2026-07-04 01:48:31.902143
R2523,U673,I33,3,2026-07-04 22:03:31.902155
R2524,U280,I4,5,2026-06-20 09:47:31.902168
R2525,U291,I52,3,2026-06-27 18:39:31.902180
R2526,U359,I98,5,2026-06-23 18:11:31.902192
R2527,U634,I361,1,2026-07-25 07:24:31.902211
R2528,U478,I19,3,2026-07-14 12:29:31.902224
R2529,U850,I325,2,2026-07-15 12:26:31.902236
R2530,U858,I166,1,2026-06-10 12:56:31.902248
R2531,U648,I319,1,2026-06-26 12:59:31.902260
R2532,U931,I422,2,2026-07-07 17:45:31.902275
R2533,U880,I38,1,2026-08-09 08:38:31.902288
R2534,U658,I102,3,2026-07-07 22:35:31.902300
R2535,U327,I315,3,2026-07-26 08:03:31.902312
R2536,U767,I295,5,2026-07-26 20:45:31.902325
R2537,U36,I324,2,2026-07-20 19:37:31.902337
R2538,U491,I195,4,2026-07-03 10:33:31.902350
R2539,U597,I339,4,2026-06-18 05:22:31.902362
R2540,U177,I396,2,2026-06-20 23:07:31.902375
R2541,U355,I119,2,2026-06-23 22:19:31.902387
R2542,U392,I47,5,2026-07-20 01:44:31.902399
R2543,U95,I427,1,2026-06-15 22:24:31.902414
R2544,U842,I277,2,2026-06-17 09:58:31.902427
R2545,U693,I8,5,2026-07-21 20:27:31.902439
R2546,U802,I406,3,2026-07-31 06:56:31.902454
R2547,U287,I334,2,2026-07-16 01:36:31.902469
R2548,U2,I193,4,2026-06-11 13:01:31.902481
R2549,U181,I262,2,2026-07-18 05:48:31.902493
R2550,U419,I97,2,2026-07-15 12:49:31.902506
R2551,U690,I264,5,2026-06-17 19:24:31.902518
R2552,U235,I487,2,2026-07-19 09:47:31.902531
R2553,U213,I241,3,2026-08-02 12:00:31.902543
R2554,U961,I490,5,2026-07-08 03:07:31.902556
R2555,U446,I462,5,2026-07-19 16:14:31.902568
R2556,U749,I19,5,2026-07-03 06:27:31.902580
R2557,U794,I413,3,2026-07-16 14:54:31.902592
R2558,U179,I145,2,2026-06-06 14:49:31.902605
R2559,U575,I90,4,2026-06-16 09:05:31.902617
R2560,U967,I68,5,2026-07-12 19:35:31.902631
R2561,U351,I10,4,2026-07-18 08:22:31.902645
R2562,U209,I174,1,2026-06-20 06:09:31.902657
R2563,U882,I177,2,2026-06-03 17:39:31.902669
R2564,U873,I286,5,2026-06-16 06:22:31.902682
R2565,U382,I311,3,2026-06-29 04:16:31.902695
R2566,U863,I323,1,2026-07-20 04:36:31.902707
R2567,U582,I218,5,2026-07-04 10:13:31.902720
R2568,U290,I167,2,2026-07-13 10:59:31.902732
R2569,U615,I49,4,2026-07-05 23:33:31.902745
R2570,U336,I22,3,2026-07-01 03:40:31.902757
R2571,U127,I410,5,2026-06-25 05:23:31.902769
R2572,U206,I2,1,2026-06-03 11:19:31.902782
R2573,U606,I408,5,2026-07-11 20:45:31.902794
R2574,U280,I69,5,2026-06-26 12:48:31.902809
R2575,U972,I233,2,2026-07-17 19:44:31.902822
R2576,U291,I378,5,2026-06-14 02:50:31.902834
R2577,U411,I341,4,2026-06-25 20:00:31.902846
R2578,U985,I222,4,2026-07-01 21:00:31.902859
R2579,U603,I275,5,2026-06-20 02:17:31.902873
R2580,U264,I233,1,2026-07-05 15:25:31.902885
R2581,U717,I54,4,2026-06-09 02:11:31.902898
R2582,U873,I437,1,2026-07-03 09:34:31.902910
R2583,U598,I26,1,2026-07-19 02:07:31.902923
R2584,U636,I225,1,2026-08-04 11:29:31.902936
R2585,U26,I493,2,2026-06-25 04:09:31.902948
R2586,U266,I407,4,2026-08-02 11:47:31.902961
R2587,U344,I200,4,2026-07-10 04:50:31.902974
R2588,U428,I221,3,2026-08-11 19:52:31.902988
R2589,U668,I173,1,2026-06-23 10:10:31.903002
R2590,U745,I258,4,2026-08-10 00:17:31.903015
R2591,U702,I49,4,2026-06-28 02:30:31.903028
R2592,U678,I149,3,2026-06-21 14:08:31.903040
R2593,U908,I370,2,2026-07-24 05:26:31.903053
R2594,U290,I355,2,2026-07-09 08:12:31.903066
R2595,U625,I454,4,2026-06-20 10:49:31.903078
R2596,U529,I167,1,2026-07-17 12:09:31.903090
R2597,U331,I388,1,2026-06-14 01:24:31.903103
R2598,U343,I400,4,2026-07-05 15:32:31.903116
R2599,U877,I362,5,2026-07-21 23:00:31.903128
R2600,U496,I175,3,2026-08-07 16:27:31.903140
R2601,U138,I422,3,2026-07-26 15:15:31.903153
R2602,U814,I287,4,2026-08-05 06:28:31.903166
R2603,U482,I425,5,2026-06-19 07:51:31.903180
R2604,U171,I460,3,2026-07-02 06:19:31.903192
R2605,U127,I153,1,2026-07-30 23:52:31.903205
R2606,U338,I28,2,2026-06-23 18:42:31.903218
R2607,U331,I446,4,2026-07-03 21:22:31.903233
R2608,U762,I88,4,2026-07-15 10:45:31.903245
R2609,U526,I404,1,2026-06-15 13:30:31.903258
R2610,U421,I389,2,2026-06-25 17:55:31.903270
R2611,U662,I147,5,2026-07-20 13:52:31.903285
R2612,U776,I383,4,2026-06-21 22:12:31.903298
R2613,U889,I26,4,2026-07-25 00:06:31.903310
R2614,U330,I262,3,2026-07-22 17:46:31.903322
R2615,U19,I368,1,2026-08-09 20:30:31.903335
R2616,U788,I40,2,2026-07-02 20:22:31.903349
R2617,U562,I295,4,2026-06-18 02:53:31.903362
R2618,U341,I43,5,2026-06-13 19:15:31.903375
R2619,U213,I0,3,2026-06-14 07:58:31.903387
R2620,U942,I257,3,2026-07-29 09:55:31.903400
R2621,U928,I444,4,2026-06-30 23:49:31.903412
R2622,U358,I268,4,2026-06-03 17:57:31.903424
R2623,U486,I24,2,2026-07-07 13:55:31.903437
R2624,U335,I212,2,2026-08-07 03:14:31.903449
R2625,U968,I99,4,2026-07-23 04:55:31.903461
R2626,U259,I155,3,2026-07-23 14:25:31.903474
R2627,U643,I304,3,2026-07-06 03:41:31.903486
R2628,U520,I399,5,2026-07-08 11:16:31.903498
R2629,U765,I378,2,2026-07-21 15:47:31.903511
R2630,U107,I275,1,2026-06-11 11:01:31.903523
R2631,U986,I77,2,2026-07-22 14:15:31.903537
R2632,U379,I225,4,2026-08-03 18:02:31.903550
R2633,U488,I365,1,2026-07-02 00:14:31.903562
R2634,U903,I112,1,2026-07-02 04:35:31.903575
R2635,U308,I143,3,2026-06-30 20:56:31.903587
R2636,U472,I453,4,2026-07-27 01:55:31.903599
R2637,U691,I211,2,2026-07-07 12:06:31.903612
R2638,U250,I482,4,2026-07-02 08:57:31.903624
R2639,U551,I160,1,2026-06-26 11:05:31.903636
R2640,U628,I461,5,2026-06-17 17:20:31.903649
R2641,U500,I416,4,2026-07-18 17:09:31.903661
R2642,U802,I253,3,2026-06-17 00:15:31.903677
R2643,U279,I350,3,2026-06-13 15:53:31.903689
R2644,U245,I481,3,2026-06-27 02:23:31.903702
R2645,U729,I171,2,2026-06-19 08:42:31.903717
R2646,U362,I434,2,2026-07-02 05:24:31.903729
R2647,U767,I235,3,2026-08-09 07:54:31.903742
R2648,U985,I385,2,2026-06-29 11:42:31.903754
R2649,U398,I238,4,2026-06-22 01:56:31.903767
R2650,U486,I144,1,2026-07-18 16:46:31.903779
R2651,U893,I76,1,2026-06-29 03:22:31.903791
R2652,U431,I239,3,2026-08-04 12:05:31.903804
R2653,U315,I305,4,2026-07-10 21:47:31.903816
R2654,U204,I152,1,2026-08-04 21:53:31.903828
R2655,U324,I386,4,2026-07-23 22:15:31.903840
R2656,U667,I397,2,2026-08-06 10:13:31.903853
R2657,U636,I301,1,2026-08-08 21:22:31.903865
R2658,U658,I367,1,2026-06-20 20:40:31.903877
R2659,U871,I142,1,2026-07-05 14:25:31.903892
R2660,U381,I203,3,2026-06-06 18:04:31.903904
R2661,U518,I76,2,2026-06-05 00:48:31.903917
R2662,U297,I369,3,2026-07-11 13:48:31.903929
R2663,U250,I268,3,2026-06-13 05:46:31.903942
R2664,U672,I216,3,2026-07-20 10:35:31.903954
R2665,U350,I488,2,2026-07-24 14:27:31.903966
R2666,U885,I346,2,2026-07-05 08:47:31.903979
R2667,U440,I16,1,2026-08-08 11:33:31.903992
R2668,U266,I238,1,2026-06-20 21:26:31.904004
R2669,U754,I40,1,2026-08-06 09:03:31.904017
R2670,U753,I125,3,2026-06-19 14:13:31.904031
R2671,U771,I340,3,2026-07-04 11:23:31.904043
R2672,U79,I40,5,2026-06-10 01:53:31.904056
R2673,U783,I306,5,2026-06-21 03:49:31.904070
R2674,U605,I376,4,2026-07-14 05:15:31.904085
R2675,U82,I44,5,2026-08-02 13:35:31.904098
R2676,U699,I454,3,2026-06-27 02:30:31.904110
R2677,U220,I383,4,2026-07-17 15:33:31.904122
R2678,U411,I218,1,2026-07-14 10:29:31.904135
R2679,U747,I156,4,2026-07-01 23:49:31.904147
R2680,U435,I472,1,2026-06-26 08:17:31.904160
R2681,U658,I391,4,2026-06-26 07:25:31.904172
R2682,U498,I342,1,2026-07-17 06:51:31.904184
R2683,U737,I236,5,2026-07-05 08:48:31.904197
R2684,U409,I343,4,2026-06-22 23:49:31.904215
R2685,U906,I75,5,2026-08-10 09:25:31.904227
R2686,U758,I190,2,2026-07-09 06:11:31.904240
R2687,U413,I175,5,2026-06-19 11:28:31.904252
R2688,U383,I8,5,2026-06-14 09:43:31.904267
R2689,U633,I34,3,2026-06-07 10:46:31.904279
R2690,U168,I359,2,2026-06-09 21:02:31.904291
R2691,U237,I1,2,2026-06-20 13:30:31.904304
R2692,U721,I95,4,2026-07-04 08:20:31.904316
R2693,U930,I146,1,2026-07-14 02:39:31.904328
R2694,U284,I429,4,2026-06-10 21:36:31.904341
R2695,U247,I319,5,2026-07-04 09:23:31.904353
R2696,U178,I468,2,2026-08-05 17:25:31.904365
R2697,U259,I28,3,2026-08-05 17:06:31.904378
R2698,U221,I448,1,2026-06-24 09:57:31.904390
R2699,U397,I192,1,2026-07-14 18:25:31.904403
R2700,U496,I157,4,2026-07-20 15:45:31.904415
R2701,U218,I282,5,2026-08-03 14:44:31.904430
R2702,U259,I232,5,2026-07-11 22:09:31.904443
R2703,U171,I133,4,2026-07-15 14:18:31.904455
R2704,U885,I154,2,2026-08-11 14:09:31.904467
R2705,U192,I167,5,2026-07-18 22:38:31.904480
R2706,U288,I52,1,2026-06-04 21:39:31.904494
R2707,U894,I344,2,2026-06-07 02:44:31.904507
R2708,U231,I400,5,2026-06-29 01:32:31.904519
R2709,U660,I115,3,2026-08-04 08:39:31.904532
R2710,U550,I468,4,2026-07-05 04:25:31.904545
R2711,U317,I473,4,2026-06-29 05:26:31.904557
R2712,U309,I48,2,2026-08-03 14:59:31.904569
R2713,U992,I104,3,2026-08-04 21:11:31.904582
R2714,U517,I345,2,2026-08-11 01:03:31.904594
R2715,U144,I181,5,2026-07-08 19:12:31.904606
R2716,U200,I136,4,2026-07-13 20:41:31.904621
R2717,U547,I417,1,2026-07-11 01:00:31.904633
R2718,U215,I486,5,2026-06-24 20:14:31.904646
R2719,U794,I275,3,2026-06-14 18:54:31.904658
R2720,U171,I355,1,2026-06-28 07:50:31.904671
R2721,U563,I308,3,2026-07-11 13:05:31.904683
R2722,U897,I318,5,2026-08-06 13:31:31.904696
R2723,U828,I295,5,2026-07-15 04:47:31.904708
R2724,U722,I453,1,2026-07-27 06:50:31.904721
R2725,U994,I283,4,2026-07-12 18:26:31.904734
R2726,U369,I413,5,2026-08-01 18:22:31.904746
R2727,U385,I235,3,2026-06-03 20:19:31.904759
R2728,U635,I91,2,2026-06-23 20:37:31.904771
R2729,U210,I482,1,2026-06-19 08:21:31.904785
R2730,U225,I159,5,2026-06-03 10:55:31.904798
R2731,U977,I292,1,2026-06-22 23:26:31.904810
R2732,U912,I366,1,2026-06-06 04:09:31.904823
R2733,U56,I100,5,2026-08-05 21:55:31.904835
R2734,U838,I132,4,2026-07-25 14:56:31.904850
R2735,U265,I65,5,2026-07-27 01:57:31.904862
R2736,U319,I468,2,2026-08-02 11:25:31.904875
R2737,U705,I311,3,2026-06-20 13:33:31.904887
R2738,U474,I381,2,2026-08-07 02:20:31.904902
R2739,U860,I300,1,2026-07-27 01:12:31.904915
R2740,U64,I263,3,2026-07-28 17:57:31.904927
R2741,U483,I463,2,2026-07-15 23:07:31.904940
R2742,U92,I44,3,2026-06-06 22:58:31.904952
R2743,U411,I45,2,2026-07-20 03:01:31.904965
R2744,U85,I170,3,2026-07-09 20:12:31.904977
R2745,U200,I434,1,2026-08-06 02:51:31.904992
R2746,U328,I114,1,2026-07-25 13:20:31.905005
R2747,U60,I413,3,2026-07-15 19:32:31.905017
R2748,U10,I230,4,2026-06-24 08:00:31.905029
R2749,U90,I343,1,2026-08-07 12:19:31.905042
R2750,U631,I454,4,2026-07-10 00:19:31.905054
R2751,U628,I281,3,2026-06-12 10:13:31.905067
R2752,U786,I160,3,2026-07-01 06:29:31.905079
R2753,U416,I379,4,2026-07-21 05:25:31.905091
R2754,U767,I409,3,2026-07-13 04:50:31.905104
R2755,U907,I155,1,2026-06-22 00:13:31.905116
R2756,U759,I498,2,2026-06-18 10:25:31.905128
R2757,U605,I50,2,2026-07-05 19:43:31.905141
R2758,U961,I314,5,2026-07-18 12:55:31.905155
R2759,U349,I78,1,2026-07-04 21:05:31.905168
R2760,U314,I350,1,2026-06-16 13:40:31.905180
R2761,U939,I375,1,2026-08-09 17:56:31.905193
R2762,U429,I497,1,2026-06-09 14:13:31.905205
R2763,U766,I195,4,2026-06-10 00:36:31.905217
R2764,U630,I47,1,2026-08-06 11:22:31.905230
R2765,U916,I385,5,2026-06-14 21:38:31.905243
R2766,U135,I81,3,2026-07-30 15:15:31.905255
R2767,U819,I378,1,2026-07-06 00:20:31.905268
R2768,U548,I72,4,2026-06-27 00:09:31.905281
R2769,U947,I64,2,2026-06-10 07:10:31.905295
R2770,U85,I324,4,2026-07-10 10:38:31.905307
R2771,U950,I326,4,2026-07-27 07:31:31.905320
R2772,U665,I400,4,2026-06-16 13:19:31.905332
R2773,U582,I398,4,2026-07-29 13:01:31.905347
R2774,U31,I270,2,2026-06-15 08:36:31.905359
R2775,U277,I254,5,2026-06-08 08:25:31.905372
R2776,U88,I381,1,2026-08-10 19:41:31.905384
R2777,U353,I291,2,2026-07-30 04:00:31.905397
R2778,U677,I409,3,2026-06-28 00:35:31.905409
R2779,U132,I389,2,2026-06-22 15:43:31.905422
R2780,U642,I233,1,2026-06-08 19:15:31.905434
R2781,U206,I80,2,2026-08-09 01:20:31.905446
R2782,U47,I491,4,2026-07-18 11:59:31.905459
R2783,U572,I173,5,2026-06-27 22:15:31.905471
R2784,U752,I65,3,2026-07-25 09:55:31.905483
R2785,U569,I237,1,2026-07-29 15:46:31.905496
R2786,U624,I179,1,2026-07-15 23:01:31.905511
R2787,U342,I95,1,2026-07-12 16:30:31.905523
R2788,U693,I262,1,2026-06-08 12:37:31.905536
R2789,U952,I75,5,2026-07-06 11:24:31.905549
R2790,U16,I412,4,2026-08-07 20:02:31.905561
R2791,U294,I282,1,2026-07-27 00:57:31.905574
R2792,U810,I478,2,2026-07-18 23:18:31.905586
R2793,U13,I214,3,2026-07-15 11:40:31.905599
R2794,U907,I244,3,2026-07-01 18:25:31.905611
R2795,U977,I411,4,2026-06-09 18:59:31.905623
R2796,U621,I494,3,2026-08-08 00:58:31.905635
R2797,U735,I296,1,2026-07-19 10:10:31.905648
R2798,U891,I42,5,2026-06-06 12:09:31.905662
R2799,U598,I258,3,2026-07-03 04:17:31.905675
R2800,U401,I493,3,2026-07-24 05:49:31.905687
R2801,U36,I48,4,2026-07-12 20:46:31.905703
R2802,U642,I430,3,2026-07-03 13:32:31.905716
R2803,U824,I68,2,2026-06-25 23:20:31.905728
R2804,U572,I251,5,2026-06-26 12:48:31.905741
R2805,U948,I261,4,2026-06-06 13:37:31.905753
R2806,U901,I195,3,2026-07-04 02:18:31.905765
R2807,U713,I466,5,2026-06-16 02:03:31.905777
R2808,U849,I121,1,2026-07-24 01:57:31.905790
R2809,U398,I337,1,2026-07-04 21:42:31.905802
R2810,U662,I65,2,2026-06-18 23:39:31.905815
R2811,U23,I452,1,2026-08-02 22:34:31.905827
R2812,U818,I372,2,2026-06-22 05:21:31.905840
R2813,U391,I4,3,2026-06-28 23:03:31.905852
R2814,U850,I301,3,2026-06-12 06:22:31.905866
R2815,U771,I228,1,2026-06-04 05:34:31.905879
R2816,U591,I315,1,2026-07-23 07:47:31.905892
R2817,U521,I8,2,2026-07-12 20:40:31.905904
R2818,U124,I389,3,2026-06-25 09:43:31.905916
R2819,U600,I408,3,2026-06-06 09:35:31.905929
R2820,U251,I286,2,2026-06-07 10:55:31.905941
R2821,U583,I148,3,2026-08-05 03:35:31.905954
R2822,U603,I364,1,2026-07-19 04:50:31.905966
R2823,U470,I414,5,2026-06-06 06:55:31.905978
R2824,U48,I490,3,2026-07-21 14:12:31.905991
R2825,U315,I225,2,2026-06-21 18:54:31.906003
R2826,U245,I301,3,2026-08-03 08:52:31.906015
R2827,U980,I376,4,2026-06-29 16:00:31.906028
R2828,U220,I327,1,2026-06-21 11:02:31.906040
R2829,U339,I373,2,2026-07-31 08:31:31.906054
R2830,U673,I373,4,2026-06-27 22:04:31.906066
R2831,U8,I413,5,2026-07-19 13:04:31.906079
R2832,U885,I261,5,2026-07-06 01:24:31.906091
R2833,U834,I320,5,2026-06-04 17:29:31.906107
R2834,U788,I211,3,2026-07-08 05:51:31.906120
R2835,U705,I338,2,2026-06-18 20:33:31.906132
R2836,U912,I85,3,2026-06-12 10:28:31.906145
R2837,U961,I339,5,2026-06-12 10:26:31.906157
R2838,U190,I446,2,2026-06-24 23:55:31.906170
R2839,U927,I84,5,2026-08-11 16:27:31.906182
R2840,U778,I391,1,2026-06-24 20:51:31.906195
R2841,U223,I78,2,2026-07-08 20:01:31.906213
R2842,U214,I21,4,2026-06-26 09:58:31.906227
R2843,U526,I175,4,2026-06-24 02:52:31.906240
R2844,U744,I152,4,2026-06-28 16:34:31.906252
R2845,U928,I209,4,2026-06-27 02:30:31.906265
R2846,U18,I312,4,2026-07-17 11:29:31.906277
R2847,U331,I410,5,2026-07-22 21:59:31.906289
R2848,U491,I498,3,2026-06-06 00:23:31.906302
R2849,U287,I294,3,2026-06-20 12:13:31.906314
R2850,U486,I171,2,2026-08-04 14:38:31.906326
R2851,U236,I182,2,2026-08-04 10:41:31.906339
R2852,U960,I244,3,2026-07-11 11:09:31.906351
R2853,U700,I403,3,2026-06-18 05:55:31.906363
R2854,U643,I81,5,2026-06-09 02:45:31.906376
R2855,U637,I250,3,2026-06-23 21:54:31.906388
R2856,U725,I234,3,2026-08-03 21:57:31.906400
R2857,U990,I351,1,2026-06-08 14:14:31.906413
R2858,U651,I149,5,2026-07-07 17:15:31.906427
R2859,U700,I454,2,2026-07-03 19:49:31.906440
R2860,U454,I165,1,2026-06-04 17:31:31.906452
R2861,U667,I60,5,2026-06-16 12:09:31.906465
R2862,U504,I217,3,2026-07-12 08:56:31.906480
R2863,U229,I137,5,2026-07-05 20:29:31.906492
R2864,U364,I403,3,2026-08-05 06:49:31.906505
R2865,U785,I183,4,2026-07-14 13:17:31.906520
R2866,U908,I57,5,2026-07-06 02:57:31.906532
R2867,U451,I271,5,2026-07-03 23:41:31.906544
R2868,U243,I478,1,2026-08-07 07:08:31.906557
R2869,U579,I489,2,2026-07-10 21:17:31.906569
R2870,U754,I258,2,2026-08-06 06:40:31.906582
R2871,U855,I56,4,2026-07-25 09:16:31.906596
R2872,U857,I19,1,2026-06-03 18:47:31.906609
R2873,U754,I167,5,2026-06-29 13:27:31.906621
R2874,U667,I327,2,2026-07-27 03:02:31.906634
R2875,U944,I143,2,2026-07-31 08:10:31.906646
R2876,U536,I143,5,2026-06-05 00:16:31.906658
R2877,U220,I156,5,2026-07-27 14:18:31.906671
R2878,U491,I195,4,2026-06-22 11:17:31.906683
R2879,U49,I290,5,2026-07-19 17:01:31.906696
R2880,U446,I335,1,2026-08-04 07:04:31.906708
R2881,U823,I324,5,2026-08-08 18:36:31.906721
R2882,U281,I4,2,2026-07-24 22:38:31.906733
R2883,U931,I153,5,2026-08-11 09:02:31.906745
R2884,U73,I429,3,2026-07-22 21:11:31.906758
R2885,U449,I382,2,2026-07-08 17:22:31.906776
R2886,U813,I451,5,2026-07-06 12:03:31.906792
R2887,U409,I382,4,2026-08-02 08:04:31.906804
R2888,U950,I177,3,2026-07-19 01:21:31.906817
R2889,U279,I213,1,2026-07-11 10:12:31.906829
R2890,U250,I299,2,2026-07-07 01:34:31.906841
R2891,U41,I314,4,2026-06-28 17:27:31.906853
R2892,U876,I136,4,2026-06-15 05:11:31.906866
R2893,U717,I70,4,2026-07-30 10:48:31.906878
R2894,U49,I322,3,2026-06-04 14:55:31.906891
R2895,U211,I202,3,2026-06-16 00:43:31.906904
R2896,U587,I32,1,2026-06-18 06:47:31.906918
R2897,U707,I78,5,2026-07-11 01:31:31.906931
R2898,U418,I227,2,2026-06-27 04:51:31.906944
R2899,U373,I377,1,2026-07-27 07:03:31.906958
R2900,U87,I450,3,2026-07-13 14:47:31.906971
R2901,U739,I453,2,2026-06-22 03:01:31.906984
R2902,U251,I440,1,2026-06-11 12:31:31.906996
R2903,U509,I232,3,2026-07-13 16:52:31.907008
R2904,U562,I71,1,2026-07-28 09:15:31.907020
R2905,U395,I93,4,2026-07-19 04:23:31.907033
R2906,U222,I482,5,2026-07-09 02:00:31.907045
R2907,U407,I244,5,2026-07-18 12:43:31.907057
R2908,U295,I383,4,2026-08-11 14:27:31.907070
R2909,U456,I287,5,2026-08-09 19:06:31.907082
R2910,U851,I246,3,2026-08-04 08:26:31.907094
R2911,U682,I400,5,2026-06-09 09:26:31.907107
R2912,U583,I480,1,2026-06-17 13:38:31.907119
R2913,U516,I33,4,2026-06-28 20:15:31.907131
R2914,U383,I189,1,2026-07-28 21:21:31.907146
R2915,U586,I346,3,2026-07-15 14:56:31.907158
R2916,U98,I406,3,2026-06-17 20:29:31.907171
R2917,U799,I84,3,2026-07-24 01:57:31.907183
R2918,U688,I51,4,2026-07-17 17:56:31.907195
R2919,U634,I277,2,2026-06-25 11:59:31.907208
R2920,U777,I344,2,2026-06-25 17:48:31.907220
R2921,U799,I329,3,2026-06-12 11:43:31.907232
R2922,U584,I243,3,2026-07-02 18:50:31.907245
R2923,U455,I222,3,2026-07-08 07:31:31.907257
R2924,U798,I163,5,2026-08-08 11:48:31.907270
R2925,U492,I9,3,2026-07-13 03:30:31.907284
R2926,U310,I371,5,2026-07-18 20:44:31.907297
R2927,U664,I406,2,2026-06-14 16:50:31.907311
R2928,U855,I156,2,2026-07-03 12:27:31.907326
R2929,U549,I241,4,2026-08-02 13:29:31.907338
R2930,U344,I440,4,2026-06-21 12:36:31.907351
R2931,U178,I486,2,2026-06-06 18:10:31.907363
R2932,U2,I424,5,2026-07-18 15:42:31.907376
R2933,U786,I313,1,2026-06-28 12:23:31.907388
R2934,U414,I484,2,2026-07-15 15:59:31.907401
R2935,U885,I57,3,2026-07-23 16:07:31.907414
R2936,U368,I303,4,2026-06-30 08:38:31.907426
R2937,U127,I26,1,2026-08-01 20:08:31.907438
R2938,U126,I486,3,2026-06-14 06:20:31.907451
R2939,U258,I236,4,2026-07-22 00:20:31.907463
R2940,U784,I147,5,2026-07-18 21:49:31.907475
R2941,U246,I339,1,2026-06-12 19:48:31.907488
R2942,U268,I355,5,2026-06-28 19:12:31.907501
R2943,U136,I88,3,2026-07-09 14:00:31.907515
R2944,U479,I492,5,2026-07-12 04:18:31.907528
R2945,U410,I130,1,2026-07-22 12:17:31.907540
R2946,U350,I138,4,2026-07-14 16:55:31.907553
R2947,U97,I201,5,2026-07-12 21:42:31.907565
R2948,U896,I332,3,2026-06-30 06:30:31.907578
R2949,U219,I317,3,2026-07-29 00:42:31.907590
R2950,U243,I440,2,2026-06-24 00:11:31.907603
R2951,U375,I494,3,2026-07-11 00:26:31.907615
R2952,U565,I9,5,2026-07-11 12:28:31.907628
R2953,U497,I382,5,2026-07-15 09:32:31.907640
R2954,U852,I249,3,2026-06-27 04:15:31.907653
R2955,U100,I334,4,2026-07-06 04:48:31.907667
R2956,U45,I79,5,2026-07-18 22:33:31.907680
R2957,U643,I327,1,2026-07-25 05:27:31.907693
R2958,U420,I85,2,2026-07-23 09:47:31.907705
R2959,U759,I376,3,2026-07-02 09:57:31.907718
R2960,U1,I153,1,2026-06-30 12:08:31.907732
R2961,U104,I128,4,2026-06-18 20:46:31.907745
R2962,U999,I227,1,2026-07-19 16:03:31.907757
R2963,U747,I252,5,2026-06-28 07:26:31.907770
R2964,U737,I414,2,2026-07-16 08:37:31.907782
R2965,U127,I284,3,2026-06-07 21:00:31.907794
R2966,U327,I292,3,2026-08-08 00:48:31.907807
R2967,U530,I364,2,2026-06-27 09:12:31.907819
R2968,U961,I145,3,2026-06-07 20:28:31.907831
R2969,U784,I206,1,2026-07-31 16:01:31.907844
R2970,U472,I13,2,2026-06-17 10:43:31.907856
R2971,U844,I198,1,2026-08-10 01:49:31.907870
R2972,U79,I235,3,2026-06-16 18:48:31.907883
R2973,U694,I15,1,2026-06-03 20:09:31.907896
R2974,U107,I224,1,2026-07-07 22:49:31.907908
R2975,U471,I293,3,2026-06-20 12:41:31.907921
R2976,U34,I250,5,2026-07-03 11:13:31.907933
R2977,U717,I305,2,2026-06-24 16:21:31.907946
R2978,U320,I160,1,2026-07-06 14:49:31.907959
R2979,U925,I360,2,2026-08-01 20:01:31.907971
R2980,U767,I408,3,2026-06-20 04:39:31.907983
R2981,U829,I399,2,2026-06-12 08:10:31.907996
R2982,U562,I394,5,2026-07-04 05:15:31.908008
R2983,U455,I205,2,2026-07-10 16:58:31.908021
R2984,U202,I404,4,2026-06-28 12:32:31.908036
R2985,U245,I188,3,2026-06-08 19:45:31.908048
R2986,U539,I304,4,2026-08-07 16:38:31.908061
R2987,U500,I29,4,2026-07-31 04:10:31.908073
R2988,U136,I273,5,2026-07-23 07:37:31.908086
R2989,U276,I398,1,2026-07-23 09:17:31.908100
R2990,U236,I410,3,2026-08-02 03:23:31.908113
R2991,U771,I99,5,2026-08-11 04:01:31.908126
R2992,U76,I139,2,2026-08-07 13:01:31.908140
R2993,U618,I239,3,2026-07-27 19:36:31.908153
R2994,U504,I325,3,2026-06-16 21:37:31.908166
R2995,U232,I221,4,2026-06-11 15:09:31.908179
R2996,U945,I115,3,2026-06-29 03:52:31.908191
R2997,U729,I395,5,2026-07-05 03:29:31.908209
R2998,U452,I393,1,2026-06-09 14:48:31.908222
R2999,U274,I266,1,2026-07-24 23:46:31.908236
R3000,U720,I393,1,2026-06-12 09:01:31.908249
R3001,U52,I468,4,2026-06-11 12:36:31.908262
R3002,U738,I116,3,2026-06-15 14:09:31.908274
R3003,U447,I431,3,2026-06-21 19:04:31.908287
R3004,U833,I78,4,2026-08-09 12:57:31.908299
R3005,U525,I89,3,2026-07-26 07:32:31.908312
R3006,U971,I342,4,2026-07-21 05:37:31.908324
R3007,U918,I373,4,2026-06-19 00:16:31.908337
R3008,U968,I135,1,2026-07-29 22:53:31.908350
R3009,U907,I259,5,2026-07-07 07:16:31.908363
R3010,U439,I480,5,2026-08-02 09:28:31.908375
R3011,U90,I414,2,2026-06-11 15:29:31.908388
R3012,U131,I489,2,2026-07-27 16:48:31.908402
R3013,U77,I135,2,2026-07-13 11:58:31.908415
R3014,U887,I81,4,2026-08-04 07:31:31.908428
R3015,U945,I55,5,2026-06-28 07:14:31.908440
R3016,U808,I328,5,2026-06-21 04:01:31.908453
R3017,U825,I75,3,2026-06-16 12:25:31.908465
R3018,U885,I156,4,2026-06-03 19:37:31.908479
R3019,U776,I163,4,2026-07-18 19:02:31.908491
R3020,U644,I322,3,2026-07-08 11:13:31.908504
R3021,U936,I190,2,2026-07-26 08:52:31.908517
R3022,U383,I351,3,2026-07-17 07:57:31.908529
R3023,U293,I473,1,2026-08-01 21:02:31.908543
R3024,U533,I49,5,2026-06-12 05:40:31.908556
R3025,U870,I391,3,2026-08-04 01:34:31.908569
R3026,U218,I195,4,2026-07-25 18:12:31.908581
R3027,U523,I494,1,2026-06-10 06:52:31.908594
R3028,U346,I73,1,2026-07-24 01:48:31.908609
R3029,U565,I422,5,2026-08-02 16:56:31.908621
R3030,U706,I303,2,2026-07-02 08:49:31.908634
R3031,U857,I487,4,2026-06-26 03:20:31.908646
R3032,U308,I399,1,2026-06-23 22:45:31.908659
R3033,U797,I459,3,2026-06-27 15:01:31.908671
R3034,U961,I41,3,2026-07-08 01:29:31.908683
R3035,U686,I68,2,2026-08-09 07:01:31.908696
R3036,U968,I38,3,2026-06-12 14:05:31.908708
R3037,U534,I124,2,2026-07-20 17:17:31.908720
R3038,U331,I136,1,2026-08-02 23:06:31.908733
R3039,U113,I94,4,2026-07-27 10:49:31.908746
R3040,U554,I106,4,2026-08-10 19:02:31.908760
R3041,U200,I0,5,2026-06-28 23:43:31.908773
R3042,U899,I398,4,2026-07-16 08:06:31.908785
R3043,U479,I464,4,2026-08-07 15:02:31.908798
R3044,U749,I293,1,2026-07-04 10:34:31.908811
R3045,U677,I340,4,2026-07-03 04:38:31.908823
R3046,U111,I497,5,2026-07-21 05:43:31.908836
R3047,U794,I238,4,2026-07-29 16:34:31.908848
R3048,U758,I309,3,2026-08-11 14:20:31.908860
R3049,U494,I215,4,2026-06-10 02:44:31.908873
R3050,U858,I33,4,2026-07-25 22:39:31.908885
R3051,U981,I48,4,2026-07-29 10:14:31.908898
R3052,U42,I144,5,2026-06-25 04:15:31.908910
R3053,U865,I264,4,2026-06-21 18:38:31.908924
R3054,U50,I336,3,2026-08-02 11:01:31.908937
R3055,U513,I199,5,2026-07-22 14:12:31.908951
R3056,U45,I115,2,2026-07-07 14:18:31.908966
R3057,U865,I152,3,2026-07-06 08:50:31.908978
R3058,U262,I314,4,2026-06-30 07:13:31.909072
R3059,U305,I55,5,2026-06-17 01:08:31.909135
R3060,U85,I205,1,2026-07-13 10:35:31.909163
R3061,U735,I463,2,2026-06-17 09:06:31.909188
R3062,U698,I10,4,2026-07-20 01:28:31.909218
R3063,U815,I408,5,2026-08-08 19:28:31.909268
R3064,U988,I289,4,2026-06-14 02:34:31.909295
R3065,U15,I117,3,2026-07-30 22:29:31.909320
R3066,U344,I416,1,2026-06-08 15:31:31.909343
R3067,U984,I305,4,2026-06-10 16:39:31.909367
R3068,U54,I63,5,2026-08-05 12:55:31.909399
R3069,U755,I442,3,2026-06-21 23:35:31.909422
R3070,U587,I51,2,2026-07-06 16:29:31.909442
R3071,U557,I72,5,2026-07-07 05:15:31.909461
R3072,U475,I488,1,2026-06-30 17:55:31.909481
R3073,U283,I89,1,2026-07-12 14:28:31.909494
R3074,U944,I126,1,2026-06-18 08:50:31.909507
R3075,U254,I326,4,2026-06-06 12:16:31.909520
R3076,U141,I399,3,2026-07-27 04:31:31.909533
R3077,U411,I407,1,2026-07-30 00:50:31.909546
R3078,U178,I57,4,2026-06-20 19:46:31.909558
R3079,U752,I475,1,2026-06-22 17:36:31.909571
R3080,U724,I261,4,2026-07-09 10:36:31.909584
R3081,U811,I141,5,2026-08-10 21:07:31.909596
R3082,U144,I442,5,2026-07-21 17:22:31.909609
R3083,U203,I395,3,2026-06-23 04:53:31.909621
R3084,U236,I387,5,2026-07-15 16:53:31.909634
R3085,U196,I349,5,2026-06-14 16:33:31.909651
R3086,U84,I2,4,2026-07-09 20:59:31.909664
R3087,U459,I122,3,2026-08-04 03:28:31.909678
R3088,U491,I159,3,2026-07-19 17:43:31.909691
R3089,U386,I293,2,2026-06-10 00:04:31.909704
R3090,U722,I176,1,2026-08-09 11:11:31.909716
R3091,U897,I83,1,2026-07-15 03:19:31.909729
R3092,U48,I464,1,2026-07-29 03:07:31.909741
R3093,U932,I278,2,2026-07-25 14:14:31.909754
R3094,U88,I292,3,2026-07-09 08:51:31.909766
R3095,U525,I487,5,2026-06-08 12:32:31.909779
R3096,U493,I289,5,2026-08-10 17:54:31.909791
R3097,U954,I112,3,2026-06-03 19:18:31.909806
R3098,U883,I308,4,2026-08-02 17:36:31.909819
R3099,U504,I475,4,2026-08-04 10:03:31.909831
R3100,U877,I248,1,2026-07-25 08:00:31.909844
R3101,U33,I176,4,2026-06-27 07:01:31.909857
R3102,U462,I464,1,2026-06-20 15:57:31.909869
R3103,U310,I37,2,2026-07-19 17:52:31.909882
R3104,U931,I477,4,2026-08-11 09:28:31.909894
R3105,U337,I47,4,2026-07-19 18:29:31.909907
R3106,U553,I414,2,2026-06-03 14:03:31.909920
R3107,U649,I323,5,2026-06-19 01:48:31.909932
R3108,U328,I106,2,2026-07-02 00:50:31.909944
R3109,U394,I286,3,2026-08-01 08:05:31.909957
R3110,U774,I285,4,2026-07-06 02:03:31.909969
R3111,U468,I237,4,2026-08-06 07:30:31.909982
R3112,U9,I198,3,2026-07-22 09:41:31.909994
R3113,U317,I166,5,2026-06-07 15:54:31.910009
R3114,U465,I346,2,2026-08-04 13:09:31.910022
R3115,U654,I390,4,2026-06-03 15:04:31.910034
R3116,U242,I22,2,2026-07-22 06:43:31.910047
R3117,U181,I135,5,2026-07-04 14:02:31.910062
R3118,U766,I424,4,2026-07-12 11:48:31.910075
R3119,U934,I386,4,2026-07-18 19:12:31.910089
R3120,U889,I174,1,2026-08-11 19:16:31.910102
R3121,U309,I277,3,2026-06-24 06:54:31.910116
R3122,U879,I22,5,2026-07-15 05:02:31.910128
R3123,U717,I447,4,2026-06-06 19:24:31.910141
R3124,U821,I111,1,2026-06-23 13:16:31.910153
R3125,U94,I176,4,2026-08-10 01:18:31.910167
R3126,U877,I174,3,2026-07-28 01:39:31.910180
R3127,U495,I26,4,2026-06-18 17:36:31.910193
R3128,U798,I434,5,2026-07-10 01:48:31.910205
R3129,U837,I296,3,2026-06-29 09:15:31.910218
R3130,U423,I425,1,2026-08-02 06:12:31.910230
R3131,U110,I26,4,2026-06-20 09:24:31.910243
R3132,U484,I200,3,2026-07-01 21:52:31.910255
R3133,U370,I148,3,2026-07-04 18:07:31.910268
R3134,U349,I236,2,2026-06-26 06:04:31.910281
R3135,U578,I404,4,2026-07-29 00:35:31.910293
R3136,U170,I198,5,2026-07-23 17:02:31.910305
R3137,U303,I259,3,2026-07-18 09:44:31.910318
R3138,U965,I348,1,2026-06-03 19:38:31.910330
R3139,U208,I296,1,2026-06-17 09:55:31.910343
R3140,U519,I132,4,2026-06-24 17:37:31.910355
R3141,U878,I178,4,2026-08-10 19:03:31.910370
R3142,U863,I222,4,2026-06-06 23:19:31.910383
R3143,U604,I373,5,2026-07-26 06:24:31.910395
R3144,U944,I443,4,2026-08-05 16:08:31.910408
R3145,U223,I265,2,2026-07-05 12:50:31.910420
R3146,U800,I280,4,2026-08-08 18:12:31.910435
R3147,U639,I392,4,2026-07-02 17:14:31.910448
R3148,U911,I233,4,2026-06-18 13:41:31.910461
R3149,U383,I239,1,2026-06-03 22:34:31.910473
R3150,U669,I105,5,2026-06-21 09:43:31.910487
R3151,U914,I422,4,2026-07-29 16:43:31.910500
R3152,U385,I114,4,2026-06-30 04:40:31.910512
R3153,U603,I94,4,2026-08-05 11:35:31.910527
R3154,U686,I402,1,2026-08-06 19:27:31.910540
R3155,U969,I224,2,2026-07-10 06:48:31.910552
R3156,U126,I66,5,2026-06-18 11:39:31.910565
R3157,U429,I88,2,2026-06-12 16:41:31.910577
R3158,U812,I16,4,2026-06-23 17:07:31.910590
R3159,U990,I461,2,2026-07-16 16:06:31.910602
R3160,U206,I83,2,2026-07-25 07:15:31.910615
R3161,U700,I482,2,2026-08-07 02:38:31.910627
R3162,U806,I73,2,2026-06-16 16:36:31.910639
R3163,U603,I475,2,2026-07-19 20:58:31.910652
R3164,U286,I194,1,2026-07-06 07:41:31.910664
R3165,U833,I362,1,2026-07-08 10:33:31.910677
R3166,U579,I498,3,2026-06-08 09:56:31.910690
R3167,U232,I348,1,2026-07-06 12:43:31.910702
R3168,U626,I176,2,2026-07-25 11:19:31.910715
R3169,U349,I224,5,2026-07-07 04:06:31.910729
R3170,U330,I398,2,2026-06-18 07:54:31.910753
R3171,U312,I46,2,2026-06-26 18:56:31.910766
R3172,U351,I124,4,2026-06-07 17:09:31.910778
R3173,U854,I24,1,2026-07-08 00:18:31.910791
R3174,U882,I481,3,2026-07-19 17:31:31.910803
R3175,U543,I453,5,2026-07-12 05:15:31.910816
R3176,U294,I272,4,2026-07-11 19:50:31.910828
R3177,U251,I54,1,2026-06-20 03:53:31.910841
R3178,U646,I385,5,2026-08-10 22:33:31.910854
R3179,U262,I85,3,2026-07-10 23:15:31.910866
R3180,U986,I159,2,2026-06-24 15:28:31.910881
R3181,U821,I3,3,2026-07-20 07:08:31.910989
R3182,U997,I227,4,2026-06-03 15:26:31.911006
R3183,U309,I496,2,2026-07-09 14:16:31.911019
R3184,U341,I409,1,2026-06-29 04:07:31.911031
R3185,U570,I440,4,2026-06-22 17:04:31.911044
R3186,U542,I326,4,2026-06-23 06:49:31.911057
R3187,U406,I14,2,2026-08-08 00:08:31.911069
R3188,U234,I369,5,2026-07-30 23:51:31.911081
R3189,U172,I62,2,2026-08-04 23:47:31.911094
R3190,U939,I246,1,2026-08-03 08:45:31.911107
R3191,U636,I496,3,2026-06-21 20:14:31.911119
R3192,U410,I493,4,2026-07-23 19:44:31.911132
R3193,U974,I303,5,2026-06-12 14:11:31.911145
R3194,U134,I276,4,2026-06-21 07:50:31.911157
R3195,U537,I397,4,2026-07-28 07:35:31.911170
R3196,U941,I453,5,2026-06-27 14:07:31.911182
R3197,U207,I423,1,2026-07-19 22:21:31.911195
R3198,U820,I80,3,2026-06-21 04:30:31.911213
R3199,U370,I408,4,2026-07-27 00:34:31.911226
R3200,U590,I418,1,2026-06-29 16:45:31.911238
R3201,U937,I341,5,2026-07-07 02:59:31.911251
R3202,U317,I153,1,2026-07-03 22:56:31.911263
R3203,U8,I120,2,2026-06-03 15:12:31.911275
R3204,U187,I277,5,2026-06-26 17:23:31.911288
R3205,U6,I241,1,2026-08-10 01:38:31.911300
R3206,U331,I40,1,2026-07-26 13:23:31.911312
R3207,U539,I249,3,2026-07-12 00:34:31.911324
R3208,U701,I40,2,2026-08-09 21:39:31.911337
R3209,U150,I348,2,2026-06-06 07:54:31.911349
R3210,U720,I335,1,2026-08-04 08:15:31.911364
R3211,U740,I454,4,2026-07-09 23:41:31.911377
R3212,U304,I187,3,2026-08-05 18:00:31.911389
R3213,U407,I141,5,2026-06-27 11:27:31.911401
R3214,U634,I70,1,2026-08-06 18:37:31.911416
R3215,U889,I454,3,2026-07-05 21:31:31.911428
R3216,U425,I67,4,2026-07-13 17:56:31.911440
R3217,U665,I378,1,2026-08-02 22:36:31.911453
R3218,U364,I87,4,2026-06-10 20:26:31.911465
R3219,U696,I292,4,2026-07-19 19:35:31.911478
R3220,U282,I87,1,2026-07-21 21:57:31.911490
R3221,U888,I369,4,2026-08-06 18:57:31.911502
R3222,U492,I273,3,2026-07-16 05:19:31.911515
R3223,U752,I277,2,2026-07-24 11:26:31.911527
R3224,U13,I293,3,2026-06-26 14:55:31.911539
R3225,U975,I252,2,2026-07-21 04:15:31.911552
R3226,U705,I284,2,2026-07-06 14:45:31.911566
R3227,U547,I362,1,2026-07-04 00:50:31.911578
R3228,U50,I407,1,2026-07-19 04:50:31.911591
R3229,U343,I228,5,2026-07-28 20:35:31.911604
R3230,U234,I68,4,2026-06-28 15:33:31.911616
R3231,U77,I137,5,2026-07-11 16:20:31.911629
R3232,U512,I360,1,2026-06-16 07:28:31.911641
R3233,U649,I235,1,2026-08-03 03:01:31.911654
R3234,U373,I22,1,2026-06-21 08:38:31.911666
R3235,U442,I254,5,2026-06-28 20:00:31.911678
R3236,U685,I67,1,2026-06-16 15:11:31.911691
R3237,U132,I179,1,2026-06-20 19:36:31.911703
R3238,U133,I23,1,2026-06-21 15:30:31.911718
R3239,U158,I281,3,2026-07-31 08:00:31.911730
R3240,U243,I116,2,2026-06-21 09:29:31.911743
R3241,U460,I430,1,2026-07-18 09:06:31.911755
R3242,U589,I331,2,2026-06-04 04:57:31.911767
R3243,U488,I299,3,2026-06-26 19:39:31.911779
R3244,U165,I303,1,2026-07-11 13:13:31.911794
R3245,U548,I493,3,2026-07-13 11:00:31.911807
R3246,U830,I63,1,2026-07-03 18:02:31.911821
R3247,U862,I108,5,2026-06-14 00:56:31.911834
R3248,U454,I42,3,2026-06-18 01:53:31.911846
R3249,U168,I498,1,2026-06-30 08:34:31.911860
R3250,U342,I425,4,2026-07-15 06:42:31.911873
R3251,U712,I439,1,2026-07-14 15:16:31.911885
R3252,U936,I93,3,2026-06-21 17:49:31.911897
R3253,U830,I239,2,2026-06-19 18:47:31.911910
R3254,U421,I81,4,2026-07-30 23:22:31.911924
R3255,U354,I307,1,2026-06-25 18:17:31.911936
R3256,U947,I279,2,2026-06-09 17:52:31.911948
R3257,U71,I91,3,2026-06-13 09:11:31.911961
R3258,U588,I487,4,2026-06-06 14:28:31.911973
R3259,U460,I120,4,2026-06-08 08:43:31.911986
R3260,U808,I236,4,2026-07-27 04:34:31.911998
R3261,U903,I384,3,2026-07-15 19:01:31.912010
R3262,U195,I325,3,2026-07-24 20:25:31.912023
R3263,U644,I452,3,2026-07-15 03:13:31.912035
R3264,U637,I459,4,2026-06-25 14:26:31.912048
R3265,U507,I84,5,2026-07-08 13:44:31.912060
R3266,U370,I243,1,2026-07-12 02:34:31.912074
R3267,U925,I207,3,2026-07-22 13:16:31.912087
R3268,U915,I265,1,2026-07-28 13:41:31.912100
R3269,U628,I468,5,2026-08-07 13:34:31.912112
R3270,U781,I412,2,2026-07-18 05:41:31.912124
R3271,U950,I273,1,2026-06-14 12:20:31.912137
R3272,U303,I64,3,2026-06-29 23:17:31.912149
R3273,U595,I442,4,2026-08-07 05:31:31.912162
R3274,U641,I15,1,2026-06-21 03:59:31.912175
R3275,U293,I4,5,2026-08-05 20:12:31.912188
R3276,U429,I357,3,2026-06-28 21:00:31.912200
R3277,U233,I244,4,2026-07-31 05:34:31.912214
R3278,U294,I450,2,2026-07-05 22:07:31.912227
R3279,U391,I355,2,2026-07-31 08:58:31.912239
R3280,U374,I133,5,2026-07-28 20:01:31.912251
R3281,U944,I16,2,2026-07-05 06:39:31.912264
R3282,U800,I306,2,2026-08-07 00:05:31.912276
R3283,U609,I389,1,2026-06-07 11:51:31.912290
R3284,U980,I137,1,2026-08-02 16:58:31.912303
R3285,U695,I170,2,2026-06-30 08:19:31.912315
R3286,U247,I55,1,2026-06-04 08:54:31.912328
R3287,U471,I94,2,2026-07-06 18:54:31.912340
R3288,U318,I466,1,2026-07-19 07:00:31.912353
R3289,U503,I491,3,2026-07-04 12:04:31.912365
R3290,U585,I496,1,2026-08-10 18:48:31.912378
R3291,U649,I33,5,2026-07-18 15:07:31.912390
R3292,U128,I470,5,2026-07-22 13:19:31.912403
R3293,U222,I168,5,2026-06-24 19:40:31.912416
R3294,U754,I139,4,2026-07-14 23:08:31.912430
R3295,U167,I80,5,2026-06-23 19:09:31.912443
R3296,U652,I124,3,2026-06-16 17:18:31.912456
R3297,U427,I350,4,2026-06-09 16:55:31.912468
R3298,U492,I403,4,2026-08-04 07:56:31.912481
R3299,U361,I127,5,2026-08-10 00:33:31.912494
R3300,U808,I86,2,2026-07-03 13:50:31.912506
R3301,U787,I467,2,2026-06-05 07:35:31.912518
R3302,U308,I238,2,2026-07-06 04:18:31.912531
R3303,U332,I5,1,2026-06-07 07:46:31.912543
R3304,U207,I73,5,2026-06-21 14:35:31.912555
R3305,U16,I294,1,2026-06-08 19:52:31.912568
R3306,U994,I325,1,2026-07-03 11:33:31.912580
R3307,U307,I431,4,2026-07-05 19:47:31.912592
R3308,U69,I442,3,2026-07-15 10:12:31.912607
R3309,U149,I231,5,2026-06-28 07:59:31.912621
R3310,U255,I431,3,2026-07-13 21:05:31.912634
R3311,U266,I337,1,2026-06-07 19:21:31.912648
R3312,U943,I145,2,2026-06-14 11:02:31.912660
R3313,U254,I63,4,2026-06-16 11:13:31.912673
R3314,U504,I306,2,2026-06-06 22:07:31.912685
R3315,U722,I383,1,2026-06-05 22:59:31.912697
R3316,U443,I226,3,2026-07-18 11:18:31.912710
R3317,U968,I292,2,2026-06-16 05:15:31.912722
R3318,U201,I156,2,2026-06-10 13:57:31.912734
R3319,U588,I204,5,2026-08-10 01:59:31.912753
R3320,U283,I163,2,2026-06-05 12:52:31.912766
R3321,U796,I343,5,2026-07-26 03:43:31.912778
R3322,U810,I352,3,2026-07-26 22:44:31.912790
R3323,U525,I240,5,2026-06-09 16:06:31.912805
R3324,U227,I171,4,2026-07-24 19:09:31.912818
R3325,U254,I423,5,2026-08-02 20:34:31.912830
R3326,U913,I113,2,2026-08-10 00:57:31.912842
R3327,U956,I246,2,2026-07-17 14:21:31.912855
R3328,U348,I127,2,2026-08-07 05:43:31.912867
R3329,U185,I117,4,2026-07-14 14:17:31.912880
R3330,U103,I432,2,2026-07-28 22:46:31.912892
R3331,U300,I388,4,2026-07-19 18:12:31.912904
R3332,U22,I324,5,2026-06-23 19:06:31.912917
R3333,U383,I97,4,2026-07-28 12:23:31.912930
R3334,U56,I123,2,2026-07-11 06:17:31.912942
R3335,U45,I165,1,2026-07-06 10:41:31.912955
R3336,U49,I64,2,2026-07-30 19:28:31.912967
R3337,U334,I49,1,2026-06-28 11:04:31.912980
R3338,U725,I45,3,2026-07-10 09:12:31.912992
R3339,U332,I273,4,2026-08-06 21:42:31.913006
R3340,U823,I300,3,2026-06-15 02:52:31.913019
R3341,U715,I26,3,2026-07-29 00:11:31.913033
R3342,U155,I458,3,2026-07-11 19:18:31.913046
R3343,U402,I156,1,2026-08-04 16:04:31.913058
R3344,U607,I317,2,2026-07-09 00:47:31.913071
R3345,U832,I190,1,2026-07-30 20:30:31.913083
R3346,U328,I119,5,2026-08-08 14:13:31.913095
R3347,U963,I248,5,2026-08-04 23:20:31.913108
R3348,U600,I46,2,2026-06-06 03:14:31.913121
R3349,U997,I453,3,2026-08-09 21:24:31.913133
R3350,U357,I366,2,2026-06-06 10:57:31.913146
R3351,U705,I158,5,2026-07-19 17:16:31.913160
R3352,U953,I390,1,2026-06-16 17:16:31.913174
R3353,U730,I447,4,2026-08-01 19:31:31.913187
R3354,U341,I354,4,2026-06-03 23:29:31.913199
R3355,U321,I183,4,2026-07-31 19:03:31.913212
R3356,U915,I477,4,2026-07-03 11:44:31.913224
R3357,U816,I118,2,2026-06-25 23:05:31.913237
R3358,U646,I332,2,2026-07-17 13:24:31.913249
R3359,U419,I125,1,2026-07-03 15:21:31.913261
R3360,U123,I381,4,2026-07-30 14:58:31.913274
R3361,U865,I436,1,2026-06-11 17:23:31.913286
R3362,U685,I446,5,2026-06-13 00:27:31.913299
R3363,U373,I456,4,2026-07-21 05:16:31.913311
R3364,U323,I67,1,2026-08-11 18:17:31.913323
R3365,U469,I223,1,2026-07-14 08:57:31.913336
R3366,U42,I148,2,2026-08-06 20:24:31.913349
R3367,U321,I310,5,2026-06-12 19:13:31.913361
R3368,U394,I256,3,2026-06-12 01:29:31.913376
R3369,U667,I215,5,2026-07-02 07:00:31.913388
R3370,U471,I449,1,2026-07-14 23:21:31.913400
R3371,U194,I351,2,2026-06-09 18:41:31.913413
R3372,U987,I216,1,2026-06-26 20:23:31.913428
R3373,U43,I381,5,2026-08-08 09:05:31.913441
R3374,U111,I22,1,2026-07-16 22:25:31.913456
R3375,U783,I386,4,2026-06-06 03:18:31.913468
R3376,U98,I434,1,2026-06-06 03:25:31.913481
R3377,U221,I307,2,2026-06-28 15:11:31.913493
R3378,U851,I262,5,2026-06-27 05:53:31.913505
R3379,U570,I50,5,2026-06-18 18:35:31.913520
R3380,U212,I19,3,2026-07-07 06:24:31.913532
R3381,U672,I58,4,2026-07-20 16:58:31.913545
R3382,U568,I267,1,2026-07-05 17:29:31.913557
R3383,U990,I260,4,2026-06-08 09:56:31.913569
R3384,U548,I375,3,2026-08-03 18:26:31.913582
R3385,U540,I418,3,2026-07-04 13:27:31.913594
R3386,U953,I305,1,2026-07-10 22:15:31.913606
R3387,U642,I18,5,2026-07-08 01:54:31.913619
R3388,U342,I204,5,2026-06-24 00:24:31.913631
R3389,U776,I82,4,2026-06-29 06:23:31.913643
R3390,U180,I268,1,2026-08-10 17:42:31.913656
R3391,U490,I486,2,2026-06-07 19:03:31.913668
R3392,U499,I80,1,2026-06-06 22:22:31.913681
R3393,U653,I283,1,2026-06-11 13:17:31.913693
R3394,U684,I483,3,2026-07-02 02:33:31.913705
R3395,U158,I323,2,2026-07-01 03:14:31.913717
R3396,U215,I180,4,2026-07-17 02:22:31.913731
R3397,U18,I238,5,2026-07-22 12:13:31.913744
R3398,U744,I370,1,2026-06-24 06:36:31.913756
R3399,U227,I25,4,2026-06-17 21:16:31.913769
R3400,U454,I487,5,2026-06-03 15:13:31.913781
R3401,U612,I299,5,2026-07-09 01:01:31.913794
R3402,U105,I328,3,2026-07-11 06:39:31.913807
R3403,U290,I311,5,2026-07-24 05:25:31.913819
R3404,U421,I236,1,2026-07-19 03:32:31.913833
R3405,U396,I246,3,2026-06-21 11:15:31.913846
R3406,U36,I483,4,2026-07-08 08:13:31.913858
R3407,U539,I263,4,2026-07-01 22:09:31.913873
R3408,U381,I35,5,2026-07-12 02:25:31.913885
R3409,U781,I251,1,2026-08-04 04:28:31.913898
R3410,U435,I155,3,2026-07-03 14:12:31.913910
R3411,U46,I179,5,2026-07-09 13:39:31.913923
R3412,U840,I205,2,2026-07-15 04:36:31.913935
R3413,U254,I474,1,2026-06-26 23:27:31.913948
R3414,U49,I469,4,2026-07-23 18:18:31.913960
R3415,U602,I477,2,2026-08-10 08:28:31.913973
R3416,U737,I16,2,2026-07-11 00:30:31.913985
R3417,U541,I427,3,2026-07-03 19:51:31.913998
R3418,U339,I388,2,2026-07-20 23:12:31.914010
R3419,U789,I240,4,2026-06-28 22:47:31.914022
R3420,U813,I123,1,2026-06-11 05:02:31.914034
R3421,U204,I50,4,2026-06-27 18:21:31.914047
R3422,U704,I285,4,2026-08-01 23:28:31.914059
R3423,U606,I400,2,2026-07-04 23:54:31.914071
R3424,U110,I190,3,2026-06-22 23:56:31.914084
R3425,U492,I344,2,2026-08-10 16:25:31.914099
R3426,U872,I52,2,2026-07-18 22:16:31.914111
R3427,U680,I29,2,2026-07-08 16:53:31.914123
R3428,U978,I418,3,2026-07-12 03:45:31.914136
R3429,U328,I12,1,2026-07-11 16:39:31.914148
R3430,U302,I302,1,2026-06-26 15:48:31.914160
R3431,U762,I368,1,2026-06-12 05:30:31.914173
R3432,U577,I300,5,2026-07-23 19:53:31.914185
R3433,U581,I433,4,2026-07-06 06:58:31.914197
R3434,U646,I234,2,2026-06-25 11:05:31.914210
R3435,U522,I244,2,2026-07-14 15:05:31.914224
R3436,U386,I49,4,2026-07-23 07:16:31.914241
R3437,U13,I103,3,2026-07-20 04:37:31.914254
R3438,U538,I112,1,2026-08-09 07:54:31.914266
R3439,U30,I297,1,2026-07-16 08:10:31.914278
R3440,U228,I160,2,2026-06-16 20:18:31.914291
R3441,U314,I316,2,2026-08-10 05:11:31.914303
R3442,U503,I354,3,2026-08-02 03:38:31.914315
R3443,U448,I290,5,2026-06-14 05:32:31.914328
R3444,U422,I160,3,2026-07-05 05:05:31.914340
R3445,U772,I198,2,2026-06-26 05:32:31.914353
R3446,U634,I254,2,2026-07-10 03:14:31.914365
R3447,U102,I267,5,2026-07-08 11:07:31.914377
R3448,U160,I74,3,2026-07-28 16:56:31.914390
R3449,U463,I398,3,2026-06-15 07:42:31.914402
R3450,U413,I28,1,2026-07-27 17:29:31.914414
R3451,U130,I127,1,2026-07-31 00:46:31.914427
R3452,U229,I459,3,2026-08-08 06:53:31.914439
R3453,U381,I195,4,2026-07-01 17:25:31.914454
R3454,U873,I434,1,2026-07-26 01:02:31.914466
R3455,U368,I40,3,2026-06-25 14:57:31.914478
R3456,U577,I377,1,2026-07-18 22:46:31.914491
R3457,U104,I472,5,2026-06-15 13:50:31.914503
R3458,U169,I395,5,2026-08-10 17:49:31.914515
R3459,U344,I35,4,2026-07-06 04:36:31.914528
R3460,U441,I22,5,2026-08-01 09:17:31.914540
R3461,U870,I92,2,2026-06-20 02:53:31.914637
R3462,U130,I249,5,2026-06-22 11:13:31.914705
R3463,U300,I394,3,2026-06-28 14:29:31.914749
R3464,U650,I314,1,2026-06-19 16:51:31.914775
R3465,U570,I195,2,2026-07-04 22:35:31.914789
R3466,U84,I167,2,2026-06-29 17:18:31.914803
R3467,U400,I313,3,2026-06-22 14:52:31.914819
R3468,U829,I415,3,2026-07-15 06:37:31.914864
R3469,U310,I79,1,2026-07-29 15:46:31.914895
R3470,U163,I409,3,2026-06-09 15:44:31.914916
R3471,U568,I76,3,2026-06-23 23:33:31.914937
R3472,U557,I428,4,2026-07-25 09:52:31.914959
R3473,U741,I36,2,2026-06-30 19:50:31.914979
R3474,U240,I236,1,2026-07-15 12:10:31.914999
R3475,U375,I21,2,2026-08-05 03:02:31.915018
R3476,U857,I427,1,2026-06-24 07:35:31.915039
R3477,U32,I356,2,2026-07-08 05:17:31.915061
R3478,U695,I194,5,2026-07-31 17:56:31.915085
R3479,U942,I134,1,2026-06-17 19:54:31.915109
R3480,U780,I127,5,2026-07-05 15:01:31.915130
R3481,U6,I196,1,2026-08-09 14:26:31.915155
R3482,U270,I232,1,2026-06-27 04:44:31.915177
R3483,U581,I426,1,2026-08-02 13:18:31.915197
R3484,U834,I297,5,2026-07-31 10:29:31.915218
R3485,U751,I161,4,2026-06-12 23:02:31.915240
R3486,U692,I306,2,2026-07-15 04:22:31.915261
R3487,U743,I248,4,2026-06-21 20:12:31.915282
R3488,U565,I342,2,2026-07-16 11:38:31.915301
R3489,U64,I496,1,2026-07-22 18:24:31.915321
R3490,U268,I40,3,2026-08-03 08:18:31.915343
R3491,U202,I386,1,2026-06-25 21:29:31.915365
R3492,U106,I56,5,2026-06-15 04:06:31.915393
R3493,U106,I159,1,2026-07-11 17:17:31.915413
R3494,U943,I43,2,2026-07-28 13:56:31.915436
R3495,U322,I325,1,2026-07-02 08:00:31.915458
R3496,U894,I300,1,2026-07-14 15:23:31.915480
R3497,U319,I230,1,2026-06-27 02:37:31.915499
R3498,U369,I212,1,2026-06-20 17:17:31.915520
R3499,U762,I140,1,2026-07-07 15:53:31.915546
R3500,U464,I51,3,2026-06-12 16:55:31.915575
R3501,U837,I257,4,2026-06-24 21:40:31.915598
R3502,U217,I35,1,2026-07-24 19:35:31.915619
R3503,U107,I134,3,2026-06-03 09:20:31.915641
R3504,U932,I199,3,2026-07-14 04:30:31.915663
R3505,U485,I64,2,2026-07-01 04:04:31.915683
R3506,U335,I338,4,2026-06-18 06:02:31.915704
R3507,U275,I404,1,2026-07-01 10:02:31.915724
R3508,U743,I137,1,2026-07-22 13:57:31.915744
R3509,U219,I439,4,2026-07-18 15:56:31.915769
R3510,U264,I316,5,2026-06-16 23:54:31.915792
R3511,U943,I496,5,2026-07-01 21:25:31.915814
R3512,U3,I309,2,2026-07-20 08:33:31.915836
R3513,U623,I54,2,2026-07-07 01:03:31.915868
R3514,U765,I496,5,2026-07-16 12:48:31.915906
R3515,U91,I95,4,2026-07-15 11:37:31.915922
R3516,U72,I2,4,2026-08-10 07:01:31.915935
R3517,U229,I85,4,2026-06-03 17:45:31.915949
R3518,U828,I230,3,2026-07-21 13:21:31.915961
R3519,U962,I33,5,2026-08-07 16:38:31.915974
R3520,U356,I250,4,2026-07-20 20:33:31.915991
R3521,U89,I350,1,2026-08-04 10:34:31.916006
R3522,U27,I273,5,2026-07-05 20:57:31.916042
R3523,U659,I170,3,2026-07-05 18:52:31.916169
R3524,U805,I48,2,2026-07-13 12:18:31.916199
R3525,U231,I202,1,2026-07-07 11:17:31.916214
R3526,U953,I147,1,2026-08-06 05:46:31.916228
R3527,U287,I225,3,2026-06-25 09:43:31.916240
R3528,U409,I237,5,2026-07-15 11:56:31.916253
R3529,U897,I287,4,2026-06-14 23:32:31.916266
R3530,U651,I298,5,2026-06-19 01:03:31.916280
R3531,U278,I260,3,2026-06-25 19:05:31.916298
R3532,U71,I239,1,2026-06-13 16:50:31.916311
R3533,U252,I207,1,2026-08-09 12:35:31.916323
R3534,U54,I471,4,2026-06-30 04:27:31.916336
R3535,U4,I385,1,2026-07-02 08:55:31.916350
R3536,U497,I486,2,2026-06-13 07:38:31.916363
R3537,U492,I160,5,2026-07-14 14:54:31.916375
R3538,U609,I101,2,2026-08-08 11:12:31.916391
R3539,U454,I270,1,2026-08-01 18:16:31.916405
R3540,U953,I453,1,2026-07-02 13:39:31.916418
R3541,U109,I293,4,2026-08-07 02:13:31.916431
R3542,U37,I142,5,2026-08-09 16:22:31.916444
R3543,U174,I472,1,2026-07-18 10:25:31.916457
R3544,U293,I150,1,2026-07-10 08:49:31.916470
R3545,U342,I434,5,2026-07-04 08:12:31.916483
R3546,U458,I143,2,2026-07-21 16:22:31.916495
R3547,U238,I340,5,2026-07-15 05:59:31.916507
R3548,U679,I289,4,2026-06-08 23:54:31.916520
R3549,U947,I175,3,2026-07-28 02:36:31.916535
R3550,U234,I290,1,2026-06-29 03:18:31.916548
R3551,U794,I348,1,2026-07-23 14:47:31.916561
R3552,U744,I119,3,2026-07-20 15:23:31.916573
R3553,U928,I0,1,2026-07-14 12:20:31.916586
R3554,U632,I355,5,2026-06-19 17:04:31.916598
R3555,U184,I196,4,2026-07-11 03:48:31.916610
R3556,U219,I368,4,2026-06-07 12:17:31.916623
R3557,U114,I490,5,2026-06-29 08:36:31.916635
R3558,U663,I425,4,2026-07-21 09:50:31.916648
R3559,U106,I232,2,2026-06-21 03:19:31.916661
R3560,U889,I155,4,2026-06-09 14:53:31.916673
R3561,U934,I79,3,2026-06-26 17:22:31.916686
R3562,U507,I367,2,2026-07-24 23:38:31.916698
R3563,U811,I382,5,2026-07-11 01:35:31.916715
R3564,U866,I269,4,2026-07-12 20:01:31.916728
R3565,U993,I338,2,2026-06-16 05:47:31.916740
R3566,U157,I443,4,2026-06-12 20:41:31.916754
R3567,U831,I198,5,2026-07-01 13:52:31.916767
R3568,U679,I47,3,2026-06-08 23:58:31.916779
R3569,U80,I473,2,2026-07-17 22:33:31.916792
R3570,U590,I102,1,2026-06-28 23:54:31.916805
R3571,U939,I311,4,2026-07-02 18:05:31.916817
R3572,U959,I17,4,2026-08-11 07:10:31.916830
R3573,U374,I186,5,2026-06-14 11:30:31.916842
R3574,U103,I244,2,2026-07-13 18:10:31.916855
R3575,U473,I311,2,2026-08-01 01:14:31.916867
R3576,U901,I367,1,2026-07-07 11:06:31.916880
R3577,U139,I173,1,2026-07-07 01:01:31.916899
R3578,U714,I415,5,2026-06-22 02:33:31.916911
R3579,U627,I96,3,2026-06-04 13:19:31.916924
R3580,U269,I201,3,2026-07-06 08:45:31.916936
R3581,U213,I419,5,2026-06-24 03:00:31.916948
R3582,U710,I305,4,2026-08-10 09:57:31.916960
R3583,U104,I480,3,2026-06-12 12:27:31.916973
R3584,U643,I330,3,2026-07-10 00:11:31.916985
R3585,U497,I2,2,2026-06-18 06:47:31.916998
R3586,U734,I121,3,2026-06-12 15:06:31.917010
R3587,U135,I243,1,2026-06-06 21:43:31.917023
R3588,U553,I202,4,2026-06-04 19:20:31.917035
R3589,U597,I494,2,2026-07-09 20:55:31.917048
R3590,U329,I64,5,2026-06-13 19:25:31.917060
R3591,U56,I168,1,2026-06-16 07:05:31.917073
R3592,U946,I88,4,2026-08-06 22:54:31.917085
R3593,U7,I24,1,2026-08-01 17:18:31.917097
R3594,U683,I394,1,2026-08-04 06:18:31.917112
R3595,U837,I167,4,2026-08-05 02:45:31.917127
R3596,U425,I36,5,2026-06-30 23:48:31.917139
R3597,U197,I287,3,2026-07-19 20:39:31.917151
R3598,U991,I394,5,2026-06-15 18:43:31.917164
R3599,U526,I41,2,2026-08-03 20:21:31.917176
R3600,U875,I118,1,2026-08-07 13:34:31.917189
R3601,U688,I378,5,2026-06-26 05:30:31.917201
R3602,U143,I335,2,2026-06-24 12:18:31.917214
R3603,U874,I155,4,2026-06-20 16:19:31.917226
R3604,U639,I26,5,2026-07-05 23:30:31.917239
R3605,U489,I65,2,2026-06-11 11:55:31.917254
R3606,U954,I111,1,2026-08-06 05:56:31.917267
R3607,U270,I340,3,2026-06-24 15:52:31.917279
R3608,U127,I252,4,2026-06-15 15:53:31.917292
R3609,U250,I321,4,2026-07-09 19:25:31.917305
R3610,U992,I162,4,2026-08-05 10:36:31.917318
R3611,U620,I70,2,2026-08-05 07:05:31.917330
R3612,U790,I271,5,2026-07-30 10:25:31.917343
R3613,U899,I71,1,2026-07-05 10:52:31.917355
R3614,U218,I384,1,2026-06-24 22:19:31.917368
R3615,U744,I203,3,2026-07-31 18:25:31.917381
R3616,U492,I196,1,2026-06-14 18:05:31.917393
R3617,U644,I321,2,2026-08-09 04:30:31.917405
R3618,U159,I97,4,2026-07-19 00:04:31.917418
R3619,U782,I59,4,2026-06-17 12:46:31.917430
R3620,U244,I216,5,2026-07-25 14:30:31.917443
R3621,U324,I467,5,2026-06-19 00:48:31.917455
R3622,U67,I211,4,2026-07-03 06:42:31.917468
R3623,U280,I7,2,2026-07-29 10:06:31.917482
R3624,U230,I400,5,2026-06-12 04:09:31.917495
R3625,U69,I365,5,2026-06-06 00:09:31.917508
R3626,U233,I337,2,2026-07-11 14:03:31.917520
R3627,U143,I403,5,2026-07-29 06:05:31.917536
R3628,U906,I454,4,2026-07-01 11:44:31.917551
R3629,U933,I52,2,2026-07-08 04:41:31.917564
R3630,U909,I308,2,2026-06-30 20:42:31.917576
R3631,U597,I133,5,2026-06-15 23:29:31.917589
R3632,U581,I164,2,2026-07-25 20:34:31.917601
R3633,U320,I94,5,2026-07-05 02:33:31.917616
R3634,U779,I131,3,2026-07-15 09:49:31.917629
R3635,U700,I266,3,2026-06-03 15:28:31.917641
R3636,U984,I127,4,2026-06-08 19:13:31.917653
R3637,U747,I277,4,2026-06-26 15:46:31.917666
R3638,U115,I446,1,2026-08-05 01:29:31.917678
R3639,U316,I400,2,2026-07-22 17:40:31.917691
R3640,U47,I218,3,2026-08-09 14:52:31.917703
R3641,U619,I362,5,2026-08-09 14:24:31.917715
R3642,U328,I287,4,2026-06-29 05:48:31.917728
R3643,U87,I430,3,2026-07-13 22:54:31.917740
R3644,U719,I178,5,2026-06-11 09:49:31.917753
R3645,U675,I400,1,2026-06-14 13:12:31.917765
R3646,U931,I198,2,2026-06-29 00:10:31.917778
R3647,U543,I245,5,2026-08-07 02:06:31.917790
R3648,U175,I472,3,2026-06-20 07:13:31.917803
R3649,U100,I352,2,2026-08-10 09:26:31.917815
R3650,U730,I373,3,2026-07-07 07:38:31.917841
R3651,U976,I120,4,2026-07-27 12:19:31.917856
R3652,U119,I211,2,2026-06-06 21:20:31.917869
R3653,U989,I203,4,2026-06-06 20:31:31.917882
R3654,U23,I110,2,2026-07-25 12:21:31.917895
R3655,U331,I260,3,2026-08-05 05:41:31.917907
R3656,U548,I407,1,2026-07-26 21:13:31.917919
R3657,U637,I163,3,2026-06-12 22:47:31.917932
R3658,U634,I301,5,2026-06-28 06:12:31.917946
R3659,U479,I394,2,2026-06-07 03:52:31.917959
R3660,U466,I496,5,2026-07-25 00:45:31.917971
R3661,U616,I425,3,2026-06-28 08:02:31.917986
R3662,U873,I296,3,2026-07-11 07:34:31.918001
R3663,U69,I288,2,2026-07-19 15:14:31.918014
R3664,U737,I231,3,2026-06-10 17:43:31.918026
R3665,U87,I37,1,2026-06-29 04:32:31.918038
R3666,U691,I110,4,2026-07-01 07:43:31.918050
R3667,U12,I111,5,2026-07-04 02:02:31.918063
R3668,U151,I492,3,2026-07-07 01:34:31.918075
R3669,U980,I334,4,2026-07-03 14:15:31.918088
R3670,U106,I52,2,2026-07-09 15:08:31.918100
R3671,U970,I284,3,2026-06-06 08:39:31.918112
R3672,U870,I82,2,2026-07-23 21:36:31.918125
R3673,U31,I407,1,2026-06-23 09:41:31.918137
R3674,U43,I185,4,2026-07-20 03:29:31.918149
R3675,U32,I380,5,2026-06-09 04:03:31.918162
R3676,U149,I295,2,2026-06-15 15:29:31.918174
R3677,U258,I326,5,2026-07-30 03:38:31.918187
R3678,U523,I238,2,2026-07-27 05:48:31.918199
R3679,U818,I56,1,2026-06-29 21:31:31.918214
R3680,U699,I366,5,2026-06-25 01:37:31.918226
R3681,U207,I42,2,2026-06-14 21:08:31.918239
R3682,U451,I117,4,2026-07-10 16:31:31.918251
R3683,U780,I470,3,2026-06-23 05:55:31.918264
R3684,U357,I76,2,2026-08-11 14:09:31.918276
R3685,U483,I68,1,2026-08-06 00:03:31.918289
R3686,U631,I229,1,2026-06-22 17:35:31.918301
R3687,U302,I70,5,2026-06-30 01:20:31.918314
R3688,U259,I424,1,2026-07-03 01:39:31.918326
R3689,U698,I366,2,2026-06-28 05:26:31.918338
R3690,U627,I357,4,2026-06-03 11:17:31.918356
R3691,U909,I107,4,2026-07-13 03:17:31.918369
R3692,U67,I80,5,2026-06-06 06:17:31.918381
R3693,U748,I167,3,2026-07-12 14:40:31.918393
R3694,U93,I350,1,2026-08-10 03:57:31.918406
R3695,U979,I186,1,2026-08-08 21:17:31.918418
R3696,U525,I58,5,2026-07-15 04:48:31.918430
R3697,U705,I275,3,2026-06-08 04:57:31.918443
R3698,U131,I65,4,2026-07-27 02:14:31.918456
R3699,U212,I353,1,2026-08-10 15:52:31.918468
R3700,U214,I214,1,2026-07-01 17:01:31.918481
R3701,U137,I66,2,2026-07-13 12:02:31.918493
R3702,U39,I78,5,2026-07-21 19:32:31.918506
R3703,U2,I361,2,2026-06-11 21:04:31.918518
R3704,U278,I349,2,2026-06-14 14:26:31.918530
R3705,U281,I101,4,2026-07-12 17:08:31.918543
R3706,U826,I104,5,2026-08-01 09:21:31.918555
R3707,U445,I392,5,2026-07-29 22:46:31.918568
R3708,U869,I489,5,2026-08-09 02:09:31.918582
R3709,U885,I310,1,2026-07-05 00:12:31.918595
R3710,U726,I202,2,2026-07-31 13:10:31.918607
R3711,U432,I430,4,2026-06-17 02:34:31.918620
R3712,U394,I428,5,2026-06-29 22:31:31.918632
R3713,U744,I346,3,2026-08-10 23:46:31.918644
R3714,U254,I105,1,2026-07-19 16:35:31.918657
R3715,U382,I142,3,2026-08-05 23:34:31.918669
R3716,U965,I9,4,2026-08-02 18:25:31.918682
R3717,U446,I200,3,2026-06-20 00:19:31.918694
R3718,U475,I2,1,2026-06-10 09:53:31.918709
R3719,U559,I147,3,2026-06-05 23:42:31.918721
R3720,U339,I282,1,2026-08-02 17:51:31.918734
R3721,U337,I373,1,2026-06-28 05:59:31.918746
R3722,U416,I153,2,2026-06-20 00:43:31.918761
R3723,U968,I211,2,2026-06-25 21:21:31.918773
R3724,U3,I300,2,2026-07-15 21:58:31.918786
R3725,U98,I60,3,2026-08-11 06:43:31.918798
R3726,U325,I418,1,2026-06-13 06:52:31.918810
R3727,U624,I493,4,2026-06-16 19:53:31.918823
R3728,U586,I361,4,2026-08-02 20:20:31.918835
R3729,U748,I368,2,2026-07-31 17:06:31.918848
R3730,U337,I428,2,2026-06-08 08:34:31.918860
R3731,U339,I190,2,2026-06-09 06:53:31.918873
R3732,U250,I356,2,2026-07-30 17:05:31.918885
R3733,U676,I406,5,2026-08-07 11:08:31.918898
R3734,U332,I257,5,2026-07-25 06:08:31.918910
R3735,U466,I331,4,2026-06-14 22:42:31.918922
R3736,U311,I120,3,2026-07-18 03:56:31.918937
R3737,U757,I29,3,2026-06-27 14:23:31.918949
R3738,U414,I89,3,2026-06-04 21:59:31.918962
R3739,U891,I346,2,2026-06-18 14:24:31.918974
R3740,U372,I23,1,2026-08-03 22:03:31.918986
R3741,U118,I468,3,2026-07-28 08:17:31.918999
R3742,U836,I166,3,2026-06-26 17:25:31.919011
R3743,U702,I222,2,2026-06-30 16:31:31.919024
R3744,U456,I360,5,2026-06-22 13:45:31.919036
R3745,U551,I90,4,2026-08-08 03:46:31.919048
R3746,U226,I42,4,2026-07-17 16:15:31.919063
R3747,U544,I300,1,2026-07-21 04:09:31.919075
R3748,U20,I130,3,2026-06-24 06:12:31.919088
R3749,U912,I408,5,2026-08-11 04:42:31.919100
R3750,U723,I388,5,2026-06-29 23:18:31.919113
R3751,U120,I428,5,2026-07-03 12:46:31.919125
R3752,U69,I409,3,2026-07-30 21:16:31.919138
R3753,U182,I311,2,2026-07-09 08:07:31.919150
R3754,U980,I359,3,2026-06-09 19:59:31.919167
R3755,U786,I151,3,2026-06-18 13:26:31.919180
R3756,U900,I92,1,2026-07-13 03:51:31.919192
R3757,U754,I406,3,2026-06-21 12:55:31.919205
R3758,U416,I226,3,2026-07-02 08:02:31.919217
R3759,U507,I306,5,2026-08-03 19:10:31.919229
R3760,U109,I348,2,2026-07-01 22:39:31.919242
R3761,U606,I408,5,2026-07-22 11:44:31.919254
R3762,U18,I362,3,2026-06-03 18:48:31.919267
R3763,U339,I239,4,2026-07-29 20:02:31.919279
R3764,U452,I447,3,2026-07-13 05:42:31.919292
R3765,U785,I444,1,2026-08-03 20:15:31.919306
R3766,U398,I0,5,2026-06-20 22:49:31.919319
R3767,U913,I434,3,2026-06-24 12:51:31.919332
R3768,U584,I237,1,2026-06-03 23:21:31.919345
R3769,U111,I449,3,2026-06-12 19:43:31.919357
R3770,U950,I493,2,2026-07-26 07:24:31.919369
R3771,U119,I397,2,2026-07-24 11:58:31.919382
R3772,U388,I363,5,2026-06-18 15:56:31.919394
R3773,U795,I192,1,2026-08-11 03:01:31.919407
R3774,U937,I263,2,2026-07-18 01:08:31.919419
R3775,U469,I221,1,2026-07-31 00:12:31.919434
R3776,U687,I259,5,2026-06-25 20:17:31.919447
R3777,U600,I316,2,2026-08-11 04:37:31.919460
R3778,U703,I471,4,2026-07-17 06:38:31.919472
R3779,U399,I462,1,2026-06-05 10:23:31.919484
R3780,U119,I382,2,2026-06-06 08:07:31.919497
R3781,U857,I292,5,2026-06-04 02:26:31.919509
R3782,U654,I245,5,2026-06-18 17:30:31.919521
R3783,U129,I238,1,2026-06-15 04:17:31.919535
R3784,U928,I475,3,2026-06-09 11:41:31.919547
R3785,U403,I478,1,2026-07-22 18:40:31.919561
R3786,U216,I266,4,2026-06-04 17:35:31.919574
R3787,U553,I451,5,2026-06-11 05:52:31.919586
R3788,U361,I451,2,2026-06-26 02:31:31.919599
R3789,U374,I375,5,2026-06-16 20:59:31.919612
R3790,U524,I203,5,2026-06-13 11:45:31.919624
R3791,U107,I279,3,2026-07-21 10:56:31.919637
R3792,U992,I294,4,2026-07-06 19:04:31.919649
R3793,U713,I124,1,2026-06-08 01:06:31.919664
R3794,U931,I459,5,2026-08-11 01:17:31.919677
R3795,U660,I2,4,2026-07-21 05:47:31.919689
R3796,U508,I300,3,2026-06-16 19:27:31.919701
R3797,U596,I313,3,2026-07-17 15:32:31.919714
R3798,U320,I236,3,2026-07-14 15:25:31.919727
R3799,U283,I56,1,2026-07-01 16:47:31.919740
R3800,U412,I297,2,2026-06-05 03:05:31.919752
R3801,U436,I69,4,2026-06-14 13:20:31.919765
R3802,U789,I474,3,2026-07-16 21:48:31.919777
R3803,U669,I118,3,2026-07-01 16:44:31.919792
R3804,U850,I181,5,2026-08-01 21:35:31.919804
R3805,U705,I200,1,2026-06-06 01:21:31.919817
R3806,U265,I127,3,2026-06-20 01:31:31.919835
R3807,U667,I470,5,2026-07-23 18:45:31.919848
R3808,U943,I312,5,2026-07-12 20:25:31.919861
R3809,U977,I320,5,2026-06-05 09:44:31.919874
R3810,U55,I236,5,2026-06-08 17:58:31.919886
R3811,U801,I293,4,2026-07-09 17:05:31.919898
R3812,U518,I437,3,2026-07-01 19:58:31.919910
R3813,U519,I387,2,2026-06-11 16:07:31.919923
R3814,U508,I168,4,2026-06-12 05:05:31.919935
R3815,U816,I282,1,2026-07-08 09:19:31.919948
R3816,U488,I269,3,2026-07-22 23:34:31.919960
R3817,U313,I346,1,2026-06-28 08:10:31.919975
R3818,U861,I489,2,2026-08-06 15:55:31.919990
R3819,U453,I333,1,2026-06-10 07:50:31.920003
R3820,U860,I238,4,2026-07-07 12:32:31.920015
R3821,U96,I450,2,2026-07-14 01:00:31.920030
R3822,U673,I13,1,2026-06-28 01:20:31.920043
R3823,U520,I273,2,2026-07-07 12:35:31.920055
R3824,U597,I80,2,2026-07-25 11:17:31.920067
R3825,U202,I366,5,2026-07-13 13:33:31.920080
R3826,U289,I6,2,2026-07-25 14:54:31.920092
R3827,U418,I297,5,2026-06-17 20:29:31.920104
R3828,U348,I66,5,2026-07-12 12:28:31.920117
R3829,U698,I392,1,2026-06-06 13:32:31.920129
R3830,U191,I114,1,2026-07-30 05:59:31.920141
R3831,U952,I420,4,2026-07-14 03:43:31.920156
R3832,U200,I81,4,2026-07-21 04:17:31.920169
R3833,U321,I355,3,2026-08-01 00:17:31.920181
R3834,U291,I319,4,2026-07-28 15:28:31.920194
R3835,U268,I304,1,2026-07-25 16:28:31.920206
R3836,U143,I495,2,2026-07-20 11:18:31.920219
R3837,U274,I246,4,2026-08-05 00:30:31.920231
R3838,U299,I217,5,2026-07-12 19:39:31.920243
R3839,U907,I17,5,2026-07-20 17:05:31.920255
R3840,U727,I182,3,2026-07-09 07:45:31.920267
R3841,U352,I355,4,2026-08-08 00:26:31.920280
R3842,U935,I76,1,2026-08-08 02:31:31.920292
R3843,U420,I58,4,2026-07-19 22:37:31.920305
R3844,U75,I99,4,2026-07-14 16:35:31.920317
R3845,U271,I479,3,2026-06-21 12:46:31.920330
R3846,U280,I409,4,2026-07-07 04:27:31.920342
R3847,U113,I392,2,2026-08-02 00:32:31.920355
R3848,U564,I288,2,2026-06-12 12:21:31.920367
R3849,U611,I47,2,2026-06-29 08:37:31.920384
R3850,U693,I374,1,2026-07-04 17:48:31.920396
R3851,U332,I15,4,2026-06-05 22:28:31.920409
R3852,U414,I52,2,2026-07-27 11:06:31.920421
R3853,U890,I76,5,2026-06-13 17:59:31.920433
R3854,U242,I335,1,2026-07-09 15:19:31.920446
R3855,U395,I151,3,2026-07-04 16:07:31.920458
R3856,U570,I355,3,2026-07-20 05:29:31.920470
R3857,U687,I2,3,2026-07-09 01:34:31.920483
R3858,U378,I165,3,2026-06-19 23:34:31.920495
R3859,U340,I26,2,2026-07-05 16:56:31.920509
R3860,U217,I361,3,2026-07-03 19:27:31.920522
R3861,U6,I255,4,2026-06-28 11:29:31.920535
R3862,U786,I275,5,2026-06-11 15:37:31.920547
R3863,U319,I472,2,2026-07-21 16:58:31.920560
R3864,U661,I70,4,2026-07-05 12:27:31.920572
R3865,U878,I98,5,2026-06-07 00:11:31.920584
R3866,U615,I31,3,2026-06-11 02:03:31.920596
R3867,U843,I210,1,2026-08-09 04:07:31.920609
R3868,U532,I91,2,2026-07-06 09:29:31.920621
R3869,U579,I193,2,2026-07-04 05:32:31.920634
R3870,U911,I475,5,2026-08-10 06:02:31.920646
R3871,U188,I484,2,2026-07-29 05:01:31.920659
R3872,U63,I288,4,2026-07-08 17:49:31.920671
R3873,U971,I172,1,2026-07-06 09:16:31.920683
R3874,U106,I234,5,2026-08-08 10:52:31.920695
R3875,U442,I329,4,2026-08-09 16:05:31.920708
R3876,U939,I369,1,2026-07-11 19:34:31.920720
R3877,U694,I55,2,2026-08-08 07:30:31.920732
R3878,U57,I106,5,2026-07-23 19:53:31.920747
R3879,U258,I158,5,2026-08-08 19:32:31.920759
R3880,U468,I223,5,2026-06-29 12:58:31.920772
R3881,U915,I83,1,2026-07-08 00:38:31.920786
R3882,U186,I372,1,2026-06-22 15:47:31.920802
R3883,U664,I99,2,2026-06-04 02:51:31.920814
R3884,U702,I418,2,2026-06-19 07:06:31.920827
R3885,U752,I325,1,2026-06-05 10:02:31.920839
R3886,U610,I80,5,2026-07-08 10:23:31.920852
R3887,U801,I332,5,2026-07-29 11:29:31.920864
R3888,U115,I1,3,2026-07-22 09:55:31.920879
R3889,U25,I245,1,2026-07-28 07:17:31.920891
R3890,U177,I470,4,2026-08-07 23:57:31.920904
R3891,U886,I28,5,2026-07-31 08:53:31.920916
R3892,U905,I74,5,2026-07-21 14:36:31.920928
R3893,U668,I237,4,2026-06-04 16:38:31.920941
R3894,U286,I93,4,2026-08-06 21:42:31.920953
R3895,U323,I146,5,2026-06-21 21:23:31.920965
R3896,U331,I251,5,2026-06-24 02:16:31.920977
R3897,U910,I227,2,2026-06-22 23:56:31.920990
R3898,U955,I74,1,2026-07-06 09:40:31.921002
R3899,U198,I77,2,2026-06-09 18:10:31.921014
R3900,U676,I265,1,2026-08-04 15:04:31.921027
R3901,U171,I215,5,2026-06-22 11:02:31.921039
R3902,U54,I461,3,2026-07-19 06:52:31.921052
R3903,U425,I360,4,2026-07-09 13:09:31.921064
R3904,U515,I296,3,2026-07-30 07:55:31.921076
R3905,U758,I451,3,2026-06-28 03:13:31.921088
R3906,U418,I6,5,2026-07-04 21:07:31.921104
R3907,U838,I354,1,2026-06-13 23:10:31.921116
R3908,U436,I453,3,2026-07-02 18:52:31.921129
R3909,U159,I355,3,2026-07-11 15:28:31.921141
R3910,U181,I185,4,2026-07-23 00:48:31.921154
R3911,U463,I281,4,2026-06-09 14:00:31.921166
R3912,U256,I240,4,2026-06-23 00:02:31.921181
R3913,U927,I274,3,2026-08-10 13:11:31.921194
R3914,U452,I1,5,2026-07-18 00:30:31.921206
R3915,U426,I162,4,2026-06-30 05:23:31.921218
R3916,U469,I397,1,2026-07-03 07:56:31.921233
R3917,U88,I72,5,2026-06-26 01:14:31.921245
R3918,U512,I310,4,2026-07-28 21:24:31.921258
R3919,U558,I156,2,2026-07-06 12:36:31.921270
R3920,U534,I31,5,2026-07-30 10:09:31.921283
R3921,U524,I407,2,2026-07-06 07:52:31.921295
R3922,U703,I368,1,2026-06-08 10:32:31.921307
R3923,U659,I387,4,2026-07-19 10:12:31.921320
R3924,U122,I224,1,2026-08-11 17:07:31.921332
R3925,U349,I100,4,2026-08-05 01:09:31.921345
R3926,U660,I264,4,2026-08-08 19:17:31.921358
R3927,U342,I198,4,2026-06-23 10:19:31.921370
R3928,U527,I5,2,2026-08-05 01:44:31.921383
R3929,U706,I429,4,2026-07-08 10:13:31.921395
R3930,U312,I241,5,2026-07-09 08:46:31.921408
R3931,U651,I32,2,2026-06-30 09:31:31.921420
R3932,U596,I268,2,2026-07-31 14:49:31.921433
R3933,U901,I89,3,2026-07-30 16:16:31.921446
R3934,U570,I350,3,2026-07-21 03:34:31.921460
R3935,U382,I344,3,2026-08-04 06:13:31.921473
R3936,U858,I204,1,2026-08-04 02:51:31.921485
R3937,U590,I309,1,2026-06-16 16:33:31.921497
R3938,U569,I348,3,2026-06-22 05:01:31.921510
R3939,U20,I267,4,2026-08-11 13:56:31.921522
R3940,U953,I359,1,2026-06-29 22:27:31.921534
R3941,U1,I354,5,2026-06-06 22:31:31.921547
R3942,U701,I204,4,2026-08-02 11:28:31.921559
R3943,U375,I87,1,2026-06-29 04:24:31.921572
R3944,U478,I332,1,2026-06-06 21:13:31.921588
R3945,U971,I28,4,2026-07-16 20:53:31.921603
R3946,U59,I145,2,2026-07-22 08:36:31.921615
R3947,U434,I499,5,2026-06-20 03:10:31.921627
R3948,U381,I374,4,2026-06-18 11:35:31.921640
R3949,U388,I231,2,2026-06-13 20:09:31.921652
R3950,U933,I150,4,2026-08-04 06:08:31.921664
R3951,U685,I27,3,2026-08-05 16:48:31.921677
R3952,U93,I17,5,2026-08-11 18:52:31.921689
R3953,U52,I346,4,2026-08-07 04:34:31.921702
R3954,U834,I54,4,2026-06-22 06:58:31.921714
R3955,U754,I185,1,2026-06-06 16:53:31.921727
R3956,U180,I6,3,2026-08-07 10:58:31.921739
R3957,U152,I178,3,2026-06-21 08:57:31.921751
R3958,U484,I83,2,2026-06-08 19:32:31.921763
R3959,U699,I316,2,2026-08-08 20:23:31.921776
R3960,U83,I6,2,2026-06-16 09:20:31.921788
R3961,U922,I453,4,2026-07-09 15:46:31.921800
R3962,U926,I319,5,2026-06-29 17:53:31.921813
R3963,U275,I331,4,2026-06-11 10:38:31.921827
R3964,U709,I334,3,2026-06-14 13:52:31.921846
R3965,U235,I444,5,2026-07-04 09:32:31.921858
R3966,U329,I304,4,2026-06-04 17:35:31.921871
R3967,U316,I130,2,2026-07-11 06:56:31.921884
R3968,U154,I196,5,2026-06-05 07:04:31.921896
R3969,U264,I342,2,2026-08-06 17:18:31.921909
R3970,U288,I42,4,2026-07-16 23:06:31.921921
R3971,U115,I178,2,2026-07-02 17:01:31.921934
R3972,U298,I20,3,2026-08-03 09:00:31.921949
R3973,U922,I459,2,2026-07-21 03:17:31.921962
R3974,U469,I479,5,2026-07-21 22:02:31.921974
R3975,U889,I227,4,2026-06-04 10:06:31.921987
R3976,U404,I379,5,2026-06-10 07:48:31.922001
R3977,U622,I229,4,2026-06-24 06:22:31.922014
R3978,U117,I380,4,2026-08-11 09:30:31.922027
R3979,U857,I271,3,2026-07-11 13:35:31.922039
R3980,U508,I392,1,2026-07-01 03:53:31.922051
R3981,U308,I306,1,2026-07-09 18:37:31.922064
R3982,U533,I152,5,2026-06-06 23:16:31.922077
R3983,U400,I264,5,2026-08-04 15:45:31.922089
R3984,U281,I139,5,2026-06-17 02:26:31.922101
R3985,U35,I263,1,2026-07-23 14:05:31.922114
R3986,U978,I419,3,2026-06-27 00:28:31.922126
R3987,U410,I87,3,2026-06-05 23:30:31.922139
R3988,U46,I345,3,2026-07-02 09:35:31.922151
R3989,U261,I135,3,2026-08-09 09:25:31.922164
R3990,U578,I316,5,2026-06-22 01:21:31.922176
R3991,U447,I107,2,2026-07-19 07:25:31.922191
R3992,U382,I391,2,2026-07-13 22:44:31.922203
R3993,U148,I498,4,2026-06-05 18:46:31.922216
R3994,U605,I55,1,2026-08-01 05:21:31.922228
R3995,U92,I354,1,2026-06-09 00:19:31.922241
R3996,U530,I190,1,2026-06-24 04:56:31.922254
R3997,U256,I210,4,2026-06-26 06:12:31.922266
R3998,U624,I283,3,2026-06-18 13:00:31.922279
R3999,U227,I419,2,2026-08-04 21:08:31.922292
R4000,U248,I182,5,2026-07-05 07:50:31.922304
R4001,U120,I256,2,2026-08-07 01:41:31.922319
R4002,U838,I337,4,2026-06-07 00:06:31.922332
R4003,U711,I101,3,2026-06-09 17:42:31.922345
R4004,U959,I435,5,2026-08-11 01:49:31.922357
R4005,U898,I388,1,2026-07-28 14:45:31.922369
R4006,U151,I336,4,2026-07-18 17:44:31.922382
R4007,U158,I177,5,2026-06-27 17:53:31.922395
R4008,U678,I477,2,2026-08-11 01:04:31.922410
R4009,U342,I435,3,2026-07-15 20:15:31.922424
R4010,U559,I423,2,2026-06-20 13:05:31.922437
R4011,U529,I445,4,2026-06-22 22:43:31.922449
R4012,U885,I52,5,2026-07-30 00:10:31.922462
R4013,U991,I32,3,2026-06-30 00:12:31.922475
R4014,U995,I349,3,2026-06-17 09:55:31.922487
R4015,U746,I276,3,2026-07-02 03:48:31.922499
R4016,U312,I197,1,2026-07-16 00:13:31.922511
R4017,U178,I298,2,2026-07-01 08:33:31.922524
R4018,U981,I53,4,2026-06-07 04:48:31.922536
R4019,U560,I470,3,2026-06-10 17:42:31.922550
R4020,U485,I406,2,2026-08-04 11:54:31.922563
R4021,U268,I220,1,2026-07-01 03:26:31.922575
R4022,U187,I255,3,2026-06-24 02:31:31.922587
R4023,U48,I414,3,2026-07-11 12:12:31.922600
R4024,U819,I73,5,2026-07-26 08:44:31.922612
R4025,U433,I228,4,2026-06-16 10:17:31.922625
R4026,U941,I257,5,2026-06-13 18:06:31.922637
R4027,U633,I232,5,2026-06-23 12:29:31.922650
R4028,U537,I236,4,2026-07-12 17:40:31.922662
R4029,U300,I142,3,2026-06-26 03:55:31.922678
R4030,U264,I452,4,2026-06-03 19:01:31.922690
R4031,U301,I494,1,2026-07-21 09:18:31.922702
R4032,U284,I2,1,2026-06-17 06:35:31.922715
R4033,U948,I69,5,2026-06-09 20:27:31.922728
R4034,U218,I212,1,2026-06-09 21:54:31.922740
R4035,U336,I492,5,2026-07-03 05:47:31.922753
R4036,U186,I356,4,2026-07-12 12:48:31.922765
R4037,U679,I32,5,2026-07-23 19:51:31.922778
R4038,U257,I192,2,2026-06-25 20:54:31.922790
R4039,U617,I13,1,2026-07-28 21:19:31.922804
R4040,U860,I142,5,2026-07-16 18:27:31.922817
R4041,U806,I150,4,2026-06-17 20:25:31.922829
R4042,U248,I216,3,2026-07-05 18:36:31.922841
R4043,U121,I471,1,2026-07-10 01:14:31.922854
R4044,U419,I283,4,2026-07-30 10:39:31.922866
R4045,U722,I67,2,2026-08-06 04:19:31.922879
R4046,U989,I482,4,2026-08-09 06:19:31.922891
R4047,U673,I214,3,2026-06-17 00:13:31.922903
R4048,U258,I265,1,2026-07-14 01:30:31.922918
R4049,U991,I118,1,2026-07-08 08:33:31.922930
R4050,U35,I67,2,2026-07-01 22:00:31.922943
R4051,U650,I472,3,2026-07-20 20:54:31.922955
R4052,U254,I27,2,2026-07-02 18:48:31.922967
R4053,U983,I345,2,2026-06-13 14:47:31.922980
R4054,U732,I384,4,2026-08-05 16:43:31.922993
R4055,U549,I211,2,2026-07-16 22:59:31.923005
R4056,U305,I233,3,2026-07-04 18:02:31.923017
R4057,U192,I441,1,2026-08-02 06:18:31.923032
R4058,U133,I320,1,2026-07-23 17:52:31.923045
R4059,U556,I357,1,2026-06-28 02:11:31.923057
R4060,U557,I433,2,2026-06-22 01:53:31.923069
R4061,U925,I249,5,2026-06-03 19:27:31.923082
R4062,U817,I24,4,2026-07-04 22:47:31.923094
R4063,U79,I163,3,2026-07-11 06:34:31.923107
R4064,U637,I441,5,2026-07-12 16:11:31.923119
R4065,U525,I205,4,2026-07-21 17:56:31.923131
R4066,U362,I221,3,2026-06-08 07:54:31.923144
R4067,U853,I151,1,2026-06-25 05:43:31.923156
R4068,U952,I14,2,2026-06-15 15:03:31.923168
R4069,U875,I282,5,2026-07-26 19:27:31.923181
R4070,U346,I71,1,2026-07-27 05:39:31.923193
R4071,U936,I339,5,2026-06-08 16:07:31.923207
R4072,U553,I195,4,2026-06-19 16:12:31.923219
R4073,U42,I466,3,2026-06-16 23:52:31.923237
R4074,U279,I199,5,2026-06-07 18:35:31.923249
R4075,U620,I269,3,2026-07-26 20:22:31.923262
R4076,U549,I256,2,2026-06-09 18:48:31.923276
R4077,U860,I272,3,2026-07-01 23:06:31.923289
R4078,U904,I18,3,2026-07-28 19:18:31.923301
R4079,U45,I124,1,2026-06-11 20:40:31.923314
R4080,U225,I429,2,2026-06-16 16:21:31.923326
R4081,U553,I284,4,2026-08-03 12:49:31.923339
R4082,U811,I375,2,2026-07-23 18:05:31.923351
R4083,U763,I81,1,2026-07-23 21:37:31.923365
R4084,U888,I221,4,2026-06-25 05:34:31.923378
R4085,U446,I150,2,2026-07-02 13:17:31.923393
R4086,U951,I446,4,2026-06-23 05:06:31.923406
R4087,U398,I69,4,2026-06-23 12:53:31.923418
R4088,U719,I339,3,2026-07-25 21:19:31.923431
R4089,U482,I73,5,2026-06-30 17:03:31.923443
R4090,U756,I193,1,2026-06-07 01:55:31.923456
R4091,U249,I76,1,2026-06-26 19:00:31.923468
R4092,U934,I247,4,2026-06-21 18:22:31.923480
R4093,U231,I425,3,2026-07-02 23:57:31.923492
R4094,U993,I40,1,2026-07-05 19:32:31.923505
R4095,U186,I340,5,2026-07-22 02:52:31.923517
R4096,U843,I113,3,2026-06-14 18:50:31.923529
R4097,U648,I177,3,2026-06-29 02:40:31.923542
R4098,U248,I175,4,2026-07-27 01:00:31.923555
R4099,U197,I488,2,2026-07-01 14:34:31.923567
R4100,U511,I329,1,2026-08-06 17:47:31.923580
R4101,U260,I169,2,2026-07-11 21:59:31.923592
R4102,U543,I182,5,2026-06-30 01:39:31.923605
R4103,U223,I31,2,2026-06-30 18:06:31.923619
R4104,U225,I381,2,2026-07-27 08:08:31.923632
R4105,U563,I176,4,2026-08-09 18:30:31.923661
R4106,U319,I363,2,2026-07-19 15:51:31.923675
R4107,U42,I390,2,2026-07-12 16:45:31.923687
R4108,U350,I172,3,2026-07-05 11:08:31.923700
R4109,U533,I309,2,2026-06-20 03:28:31.923713
R4110,U814,I230,4,2026-06-13 17:41:31.923726
R4111,U39,I150,1,2026-08-02 08:47:31.923738
R4112,U425,I244,5,2026-06-23 21:56:31.923750
R4113,U874,I488,1,2026-07-10 02:14:31.923763
R4114,U807,I298,4,2026-06-14 19:03:31.923778
R4115,U803,I442,3,2026-07-06 10:45:31.923791
R4116,U890,I330,4,2026-07-21 15:19:31.923803
R4117,U540,I200,3,2026-07-08 05:36:31.923816
R4118,U623,I5,3,2026-07-17 11:30:31.923828
R4119,U527,I343,3,2026-06-04 22:02:31.923847
R4120,U687,I220,4,2026-06-04 22:04:31.923859
R4121,U233,I106,2,2026-06-08 01:18:31.923872
R4122,U182,I319,1,2026-06-10 01:07:31.923884
R4123,U166,I145,5,2026-06-18 00:15:31.923897
R4124,U338,I180,5,2026-06-30 11:38:31.923909
R4125,U940,I353,4,2026-08-09 04:36:31.923942
R4126,U10,I337,4,2026-07-28 02:47:31.923956
R4127,U244,I346,5,2026-07-19 00:08:31.923968
R4128,U962,I160,5,2026-06-18 20:56:31.923980
R4129,U693,I431,3,2026-07-28 07:12:31.923993
R4130,U431,I140,1,2026-06-28 09:30:31.924005
R4131,U422,I12,5,2026-06-18 16:58:31.924018
R4132,U330,I105,1,2026-08-04 01:59:31.924030
R4133,U131,I483,1,2026-07-22 07:36:31.924045
R4134,U880,I489,2,2026-06-20 09:51:31.924057
R4135,U523,I14,1,2026-07-20 20:48:31.924072
R4136,U738,I484,5,2026-06-27 10:20:31.924085
R4137,U93,I443,4,2026-07-29 17:53:31.924100
R4138,U557,I114,2,2026-07-10 10:36:31.924113
R4139,U434,I281,5,2026-08-06 23:27:31.924126
R4140,U328,I456,5,2026-08-04 22:37:31.924138
R4141,U39,I276,1,2026-08-01 04:27:31.924151
R4142,U374,I419,2,2026-07-24 00:25:31.924166
R4143,U468,I143,2,2026-07-13 03:39:31.924179
R4144,U413,I234,1,2026-07-31 01:31:31.924191
R4145,U651,I335,4,2026-06-28 03:22:31.924203
R4146,U169,I261,4,2026-08-05 09:08:31.924216
R4147,U326,I474,4,2026-07-09 12:50:31.924228
R4148,U622,I220,5,2026-07-09 07:52:31.924240
R4149,U473,I356,5,2026-06-12 01:10:31.924253
R4150,U919,I151,3,2026-06-27 19:25:31.924265
R4151,U348,I290,3,2026-06-17 03:54:31.924278
R4152,U583,I189,3,2026-08-09 12:27:31.924291
R4153,U912,I175,3,2026-06-13 19:13:31.924303
R4154,U245,I352,4,2026-07-30 15:14:31.924316
R4155,U576,I363,1,2026-07-02 11:59:31.924328
R4156,U117,I153,5,2026-07-09 15:36:31.924340
R4157,U896,I455,3,2026-08-05 01:39:31.924353
R4158,U572,I114,5,2026-07-11 10:22:31.924365
R4159,U964,I82,3,2026-07-30 21:50:31.924377
R4160,U756,I436,3,2026-07-29 18:41:31.924390
R4161,U828,I477,1,2026-07-01 14:06:31.924404
R4162,U915,I342,5,2026-06-14 02:26:31.924417
R4163,U999,I256,2,2026-06-03 17:15:31.924429
R4164,U76,I201,3,2026-08-03 01:39:31.924442
R4165,U894,I34,5,2026-06-15 13:34:31.924454
R4166,U726,I94,1,2026-07-15 14:00:31.924468
R4167,U852,I464,3,2026-06-28 02:26:31.924480
R4168,U302,I363,3,2026-07-13 17:39:31.924493
R4169,U152,I30,2,2026-08-08 03:48:31.924505
R4170,U808,I413,2,2026-06-29 17:25:31.924519
R4171,U645,I197,5,2026-07-18 23:28:31.924532
R4172,U474,I103,1,2026-06-26 03:33:31.924544
R4173,U748,I396,5,2026-07-29 22:52:31.924557
R4174,U307,I486,1,2026-07-25 16:05:31.924569
R4175,U842,I373,3,2026-06-10 15:30:31.924581
R4176,U878,I123,2,2026-06-06 23:29:31.924594
R4177,U959,I46,2,2026-06-05 16:10:31.924606
R4178,U291,I449,3,2026-08-10 22:59:31.924618
R4179,U754,I359,2,2026-06-19 18:56:31.924631
R4180,U205,I395,4,2026-07-21 13:46:31.924741
R4181,U296,I329,1,2026-06-20 09:57:31.924757
R4182,U256,I46,2,2026-06-07 14:39:31.924769
R4183,U90,I421,5,2026-08-08 07:15:31.924782
R4184,U370,I367,2,2026-07-10 15:34:31.924794
R4185,U489,I292,3,2026-06-19 18:24:31.924807
R4186,U581,I31,1,2026-07-17 03:15:31.924819
R4187,U947,I418,4,2026-06-17 12:15:31.924831
R4188,U935,I129,1,2026-07-30 10:14:31.924844
R4189,U819,I466,2,2026-07-28 19:51:31.924858
R4190,U332,I154,4,2026-08-11 02:09:31.924871
R4191,U88,I283,5,2026-08-03 22:00:31.924883
R4192,U977,I494,1,2026-07-24 06:27:31.924896
R4193,U819,I154,2,2026-07-18 23:39:31.924908
R4194,U820,I257,3,2026-06-29 18:43:31.924920
R4195,U70,I103,2,2026-06-18 03:27:31.924933
R4196,U785,I351,5,2026-07-03 11:22:31.924945
R4197,U708,I90,4,2026-07-03 22:03:31.924958
R4198,U559,I212,1,2026-07-25 22:26:31.924974
R4199,U505,I122,3,2026-07-31 03:26:31.924986
R4200,U118,I393,1,2026-07-29 02:41:31.925001
R4201,U26,I395,2,2026-06-16 11:13:31.925014
R4202,U88,I452,2,2026-06-27 02:15:31.925026
R4203,U85,I114,1,2026-08-03 10:25:31.925039
R4204,U296,I303,3,2026-06-21 19:35:31.925051
R4205,U35,I83,5,2026-06-24 23:41:31.925063
R4206,U973,I308,1,2026-06-22 05:15:31.925076
R4207,U558,I330,5,2026-06-08 01:53:31.925088
R4208,U71,I296,4,2026-06-11 04:07:31.925101
R4209,U422,I154,3,2026-07-28 11:18:31.925113
R4210,U192,I59,5,2026-08-02 00:43:31.925126
R4211,U692,I294,5,2026-08-08 13:07:31.925139
R4212,U525,I78,1,2026-06-11 18:48:31.925151
R4213,U222,I98,3,2026-07-07 02:26:31.925163
R4214,U987,I287,2,2026-08-03 06:25:31.925176
R4215,U452,I491,2,2026-07-21 13:53:31.925189
R4216,U778,I220,4,2026-06-28 07:37:31.925201
R4217,U55,I153,1,2026-06-28 18:06:31.925214
R4218,U87,I5,2,2026-06-09 22:56:31.925230
R4219,U561,I461,5,2026-08-03 10:28:31.925242
R4220,U633,I58,5,2026-06-03 09:46:31.925255
R4221,U490,I148,1,2026-07-13 14:37:31.925268
R4222,U832,I443,1,2026-08-01 15:17:31.925280
R4223,U244,I369,2,2026-07-28 08:53:31.925293
R4224,U23,I390,2,2026-07-18 00:50:31.925306
R4225,U975,I409,3,2026-06-18 21:47:31.925318
R4226,U376,I220,1,2026-06-27 22:48:31.925331
R4227,U78,I131,5,2026-06-29 14:52:31.925346
R4228,U788,I200,3,2026-08-06 13:12:31.925359
R4229,U846,I366,4,2026-07-01 12:40:31.925372
R4230,U355,I384,2,2026-07-10 05:41:31.925386
R4231,U724,I440,4,2026-07-28 23:52:31.925399
R4232,U231,I38,4,2026-06-04 00:41:31.925412
R4233,U764,I106,1,2026-07-06 22:27:31.925424
R4234,U26,I427,2,2026-06-12 13:31:31.925437
R4235,U509,I491,5,2026-06-06 13:26:31.925449
R4236,U78,I47,1,2026-07-14 02:51:31.925462
R4237,U789,I455,4,2026-08-09 00:18:31.925475
R4238,U977,I96,5,2026-06-17 02:56:31.925488
R4239,U388,I440,2,2026-08-06 07:58:31.925500
R4240,U434,I204,4,2026-08-09 18:22:31.925513
R4241,U13,I176,5,2026-06-17 12:48:31.925525
R4242,U287,I206,5,2026-07-06 16:56:31.925537
R4243,U406,I351,5,2026-07-20 11:32:31.925550
R4244,U881,I366,2,2026-07-20 06:36:31.925562
R4245,U223,I353,4,2026-08-06 10:30:31.925575
R4246,U29,I252,1,2026-06-05 06:38:31.925589
R4247,U697,I162,5,2026-08-11 00:32:31.925602
R4248,U800,I13,5,2026-06-27 17:35:31.925615
R4249,U887,I467,1,2026-07-17 20:39:31.925627
R4250,U671,I24,5,2026-07-04 12:36:31.925639
R4251,U202,I127,2,2026-07-23 03:40:31.925651
R4252,U305,I110,1,2026-06-04 07:49:31.925664
R4253,U415,I172,5,2026-06-28 03:33:31.925676
R4254,U300,I146,5,2026-06-09 17:01:31.925689
R4255,U538,I282,2,2026-06-16 02:54:31.925703
R4256,U896,I333,2,2026-07-20 16:15:31.925716
R4257,U479,I171,5,2026-06-06 04:26:31.925728
R4258,U5,I430,5,2026-06-27 23:15:31.925741
R4259,U190,I72,5,2026-07-13 05:57:31.925753
R4260,U935,I277,2,2026-06-10 09:37:31.925766
R4261,U382,I281,3,2026-06-05 05:32:31.925778
R4262,U280,I182,3,2026-08-01 14:04:31.925793
R4263,U216,I317,1,2026-06-20 09:27:31.925806
R4264,U977,I215,1,2026-07-23 06:48:31.925821
R4265,U941,I159,5,2026-07-27 19:19:31.925834
R4266,U796,I384,2,2026-07-03 20:12:31.925853
R4267,U507,I277,5,2026-07-24 01:33:31.925866
R4268,U560,I363,4,2026-07-25 01:00:31.925878
R4269,U405,I449,5,2026-06-15 01:00:31.925891
R4270,U197,I74,2,2026-06-24 10:03:31.925903
R4271,U17,I16,3,2026-06-09 14:02:31.925916
R4272,U241,I210,3,2026-07-02 21:01:31.925928
R4273,U372,I265,3,2026-07-05 05:07:31.925940
R4274,U431,I460,3,2026-06-25 18:00:31.925955
R4275,U441,I377,4,2026-06-08 01:13:31.925967
R4276,U272,I50,4,2026-07-21 19:36:31.925981
R4277,U502,I392,1,2026-07-30 23:24:31.925993
R4278,U39,I204,2,2026-08-02 05:11:31.926006
R4279,U468,I170,3,2026-07-27 11:32:31.926018
R4280,U588,I226,4,2026-07-06 10:57:31.926031
R4281,U38,I62,3,2026-07-10 05:09:31.926043
R4282,U525,I154,1,2026-06-26 03:35:31.926055
R4283,U105,I56,3,2026-07-19 19:09:31.926070
R4284,U818,I40,3,2026-07-02 20:04:31.926082
R4285,U182,I278,1,2026-06-08 12:06:31.926095
R4286,U319,I364,2,2026-06-08 20:09:31.926107
R4287,U388,I456,1,2026-08-05 05:11:31.926120
R4288,U424,I275,4,2026-08-01 01:38:31.926132
R4289,U104,I157,4,2026-08-09 00:09:31.926144
R4290,U880,I101,4,2026-08-04 21:40:31.926157
R4291,U91,I264,5,2026-07-27 16:30:31.926169
R4292,U409,I383,1,2026-07-12 12:52:31.926181
R4293,U349,I173,3,2026-07-08 07:51:31.926196
R4294,U994,I179,3,2026-07-26 20:42:31.926208
R4295,U759,I203,5,2026-07-20 08:50:31.926220
R4296,U388,I259,3,2026-07-21 18:19:31.926233
R4297,U511,I231,1,2026-07-18 12:53:31.926246
R4298,U826,I13,2,2026-07-16 10:19:31.926258
R4299,U898,I409,3,2026-06-15 07:36:31.926270
R4300,U702,I161,3,2026-07-12 01:41:31.926283
R4301,U867,I290,3,2026-06-11 10:22:31.926295
R4302,U420,I403,4,2026-08-09 05:22:31.926308
R4303,U9,I118,1,2026-08-03 23:36:31.926322
R4304,U94,I307,4,2026-06-14 06:10:31.926335
R4305,U140,I77,4,2026-07-29 04:39:31.926347
R4306,U979,I112,5,2026-07-08 13:42:31.926360
R4307,U819,I300,4,2026-07-18 12:35:31.926372
R4308,U703,I64,1,2026-06-13 12:28:31.926384
R4309,U877,I372,4,2026-06-05 03:14:31.926397
R4310,U893,I411,2,2026-07-07 06:45:31.926410
R4311,U816,I271,2,2026-06-24 03:05:31.926424
R4312,U376,I336,1,2026-06-19 22:55:31.926437
R4313,U332,I428,4,2026-08-09 21:04:31.926449
R4314,U808,I299,2,2026-07-19 06:58:31.926462
R4315,U30,I399,5,2026-06-20 14:57:31.926475
R4316,U87,I208,3,2026-08-08 19:34:31.926487
R4317,U556,I58,1,2026-07-25 15:09:31.926499
R4318,U421,I411,3,2026-06-04 05:40:31.926512
R4319,U792,I484,1,2026-07-20 22:29:31.926525
R4320,U281,I417,5,2026-06-15 15:17:31.926537
R4321,U257,I287,3,2026-07-25 15:30:31.926550
R4322,U892,I381,4,2026-06-30 15:40:31.926562
R4323,U34,I7,4,2026-07-27 02:40:31.926575
R4324,U829,I249,5,2026-07-12 17:30:31.926587
R4325,U729,I338,5,2026-07-12 07:19:31.926601
R4326,U897,I363,1,2026-07-15 01:57:31.926614
R4327,U830,I92,5,2026-07-10 11:36:31.926626
R4328,U261,I145,5,2026-06-04 16:06:31.926641
R4329,U396,I219,5,2026-07-12 20:36:31.926653
R4330,U300,I70,1,2026-06-05 07:19:31.926666
R4331,U769,I356,4,2026-06-09 13:02:31.926680
R4332,U714,I496,3,2026-07-03 05:26:31.926693
R4333,U133,I243,3,2026-07-27 11:46:31.926706
R4334,U512,I3,1,2026-08-01 14:46:31.926719
R4335,U424,I495,1,2026-06-13 19:37:31.926732
R4336,U457,I104,3,2026-07-14 23:26:31.926745
R4337,U472,I296,3,2026-06-09 09:06:31.926758
R4338,U769,I163,5,2026-07-26 01:45:31.926770
R4339,U239,I160,1,2026-07-05 13:51:31.926783
R4340,U728,I108,5,2026-07-22 02:00:31.926797
R4341,U843,I83,4,2026-07-17 11:35:31.926810
R4342,U931,I374,5,2026-06-17 16:04:31.926822
R4343,U498,I367,1,2026-06-10 07:31:31.926835
R4344,U978,I349,1,2026-08-07 00:09:31.926847
R4345,U92,I227,1,2026-06-30 11:54:31.926859
R4346,U569,I494,1,2026-07-31 09:56:31.926872
R4347,U699,I364,5,2026-07-16 23:51:31.926884
R4348,U651,I335,3,2026-07-02 00:16:31.926897
R4349,U414,I487,1,2026-06-05 16:31:31.926909
R4350,U756,I122,1,2026-07-18 04:53:31.926921
R4351,U894,I398,5,2026-07-15 08:49:31.926934
R4352,U572,I144,1,2026-06-09 05:19:31.926947
R4353,U943,I436,3,2026-07-27 00:27:31.926959
R4354,U640,I361,2,2026-07-14 07:23:31.926972
R4355,U730,I179,2,2026-06-23 12:21:31.926985
R4356,U206,I327,2,2026-06-28 19:59:31.926997
R4357,U173,I345,5,2026-06-29 21:09:31.927012
R4358,U730,I183,4,2026-06-12 21:36:31.927024
R4359,U503,I293,5,2026-07-31 11:35:31.927038
R4360,U675,I106,1,2026-07-30 05:22:31.927051
R4361,U424,I453,3,2026-07-08 09:26:31.927064
R4362,U280,I326,4,2026-06-08 02:50:31.927076
R4363,U483,I49,1,2026-07-11 17:38:31.927089
R4364,U530,I286,2,2026-06-06 11:58:31.927101
R4365,U746,I33,5,2026-06-30 03:59:31.927114
R4366,U982,I19,5,2026-06-18 17:14:31.927127
R4367,U284,I37,1,2026-06-28 10:42:31.927140
R4368,U745,I295,1,2026-08-01 06:35:31.927154
R4369,U426,I61,1,2026-07-15 11:06:31.927166
R4370,U955,I205,3,2026-07-19 15:50:31.927179
R4371,U390,I364,1,2026-08-02 10:49:31.927191
R4372,U596,I438,5,2026-07-20 21:15:31.927204
R4373,U61,I388,5,2026-07-01 04:36:31.927216
R4374,U371,I409,3,2026-07-27 03:14:31.927229
R4375,U749,I392,3,2026-06-28 06:42:31.927241
R4376,U217,I491,5,2026-06-23 01:52:31.927254
R4377,U878,I333,3,2026-06-08 03:59:31.927266
R4378,U189,I123,4,2026-06-07 03:35:31.927279
R4379,U685,I247,3,2026-06-21 21:35:31.927291
R4380,U690,I429,4,2026-07-01 02:23:31.927303
R4381,U4,I28,4,2026-06-21 19:57:31.927316
R4382,U573,I454,1,2026-06-15 06:12:31.927328
R4383,U150,I174,2,2026-07-27 02:58:31.927340
R4384,U342,I476,1,2026-07-28 13:23:31.927353
R4385,U88,I384,5,2026-08-09 00:42:31.927365
R4386,U563,I496,2,2026-06-04 02:45:31.927378
R4387,U169,I207,4,2026-06-20 18:58:31.927390
R4388,U994,I299,1,2026-06-16 21:34:31.927405
R4389,U418,I340,4,2026-07-05 08:05:31.927420
R4390,U745,I9,2,2026-06-23 13:50:31.927432
R4391,U440,I184,2,2026-06-22 19:59:31.927445
R4392,U220,I424,5,2026-06-13 23:29:31.927460
R4393,U369,I235,1,2026-07-05 12:36:31.927473
R4394,U314,I206,5,2026-07-30 16:08:31.927486
R4395,U998,I55,1,2026-08-10 13:40:31.927499
R4396,U193,I349,4,2026-08-10 22:57:31.927514
R4397,U851,I387,5,2026-08-09 21:43:31.927527
R4398,U457,I23,2,2026-06-28 11:12:31.927540
R4399,U532,I397,1,2026-06-24 19:08:31.927553
R4400,U646,I262,4,2026-06-07 21:06:31.927565
R4401,U721,I391,4,2026-06-04 10:23:31.927578
R4402,U826,I480,5,2026-07-22 08:54:31.927590
R4403,U168,I18,4,2026-06-04 08:12:31.927603
R4404,U723,I17,5,2026-06-25 23:16:31.927615
R4405,U240,I139,5,2026-07-18 03:16:31.927628
R4406,U608,I79,4,2026-06-28 01:49:31.927640
R4407,U739,I155,5,2026-07-02 18:13:31.927653
R4408,U885,I209,2,2026-06-16 18:59:31.927665
R4409,U419,I177,1,2026-06-29 14:49:31.927677
R4410,U817,I146,3,2026-07-11 20:33:31.927690
R4411,U404,I162,4,2026-07-30 16:56:31.927702
R4412,U437,I241,4,2026-07-10 00:34:31.927715
R4413,U693,I141,1,2026-06-18 09:27:31.927727
R4414,U522,I82,5,2026-08-02 11:03:31.927739
R4415,U457,I300,3,2026-06-27 11:11:31.927751
R4416,U488,I295,3,2026-08-11 12:21:31.927765
R4417,U879,I470,1,2026-07-25 04:33:31.927778
R4418,U314,I170,2,2026-06-04 03:06:31.927790
R4419,U152,I31,2,2026-07-03 00:19:31.927803
R4420,U998,I91,4,2026-06-17 04:14:31.927817
R4421,U231,I29,2,2026-07-31 10:54:31.927830
R4422,U865,I380,4,2026-06-12 10:58:31.927851
R4423,U974,I462,3,2026-07-11 09:38:31.927864
R4424,U175,I487,3,2026-07-02 11:34:31.927879
R4425,U228,I123,1,2026-06-17 03:30:31.927891
R4426,U932,I366,1,2026-06-30 19:56:31.927904
R4427,U771,I396,3,2026-06-03 14:25:31.927917
R4428,U40,I375,4,2026-07-22 03:52:31.927929
R4429,U343,I44,4,2026-06-25 23:04:31.927942
R4430,U351,I75,2,2026-07-18 02:18:31.927954
R4431,U476,I204,4,2026-07-09 07:51:31.927967
R4432,U125,I64,3,2026-06-08 09:08:31.927979
R4433,U571,I102,4,2026-06-03 15:36:31.927992
R4434,U648,I294,5,2026-08-09 13:58:31.928004
R4435,U63,I368,3,2026-07-23 17:21:31.928017
R4436,U409,I370,4,2026-06-18 04:12:31.928030
R4437,U953,I106,2,2026-07-30 10:52:31.928042
R4438,U504,I222,2,2026-07-23 01:43:31.928055
R4439,U264,I66,2,2026-06-24 08:05:31.928067
R4440,U966,I181,4,2026-07-28 07:53:31.928079
R4441,U791,I484,5,2026-07-21 19:37:31.928092
R4442,U476,I71,2,2026-06-27 13:37:31.928105
R4443,U690,I90,2,2026-07-12 03:45:31.928117
R4444,U768,I296,2,2026-08-02 13:08:31.928129
R4445,U36,I119,2,2026-06-07 12:39:31.928144
R4446,U482,I422,1,2026-08-11 04:53:31.928157
R4447,U556,I354,5,2026-07-14 09:59:31.928169
R4448,U145,I335,2,2026-07-19 23:42:31.928181
R4449,U958,I458,1,2026-07-24 05:26:31.928194
R4450,U760,I228,1,2026-07-18 12:29:31.928206
R4451,U202,I97,2,2026-06-03 12:06:31.928218
R4452,U201,I349,1,2026-06-15 06:47:31.928233
R4453,U641,I275,5,2026-07-23 16:02:31.928248
R4454,U546,I143,3,2026-07-06 13:10:31.928261
R4455,U649,I392,1,2026-07-31 04:37:31.928275
R4456,U368,I330,4,2026-06-23 00:06:31.928288
R4457,U640,I472,1,2026-07-18 07:30:31.928300
R4458,U475,I112,4,2026-08-02 15:17:31.928312
R4459,U606,I268,3,2026-06-04 07:35:31.928325
R4460,U957,I351,1,2026-06-29 08:49:31.928338
R4461,U972,I215,5,2026-06-12 20:58:31.928350
R4462,U394,I276,1,2026-06-13 10:28:31.928362
R4463,U642,I197,3,2026-07-09 04:44:31.928375
R4464,U864,I361,3,2026-07-14 20:58:31.928387
R4465,U309,I372,2,2026-08-03 02:34:31.928400
R4466,U376,I250,5,2026-07-22 14:01:31.928412
R4467,U474,I317,2,2026-07-03 05:32:31.928425
R4468,U296,I15,3,2026-07-24 01:24:31.928437
R4469,U730,I74,4,2026-07-24 18:58:31.928450
R4470,U663,I496,5,2026-07-03 19:31:31.928462
R4471,U534,I271,3,2026-06-16 16:41:31.928475
R4472,U209,I134,2,2026-06-24 22:32:31.928487
R4473,U569,I109,5,2026-08-08 08:56:31.928502
R4474,U226,I308,4,2026-06-16 23:32:31.928515
R4475,U932,I310,4,2026-06-11 05:11:31.928527
R4476,U688,I265,2,2026-06-11 03:28:31.928540
R4477,U216,I41,3,2026-08-09 18:03:31.928553
R4478,U243,I84,1,2026-06-18 18:40:31.928565
R4479,U522,I191,5,2026-06-11 11:11:31.928577
R4480,U430,I493,3,2026-07-09 19:25:31.928590
R4481,U798,I41,1,2026-07-31 04:52:31.928604
R4482,U339,I5,4,2026-07-03 03:43:31.928617
R4483,U444,I448,5,2026-07-05 23:42:31.928629
R4484,U653,I343,1,2026-07-06 03:01:31.928644
R4485,U661,I234,2,2026-07-15 17:43:31.928657
R4486,U506,I213,4,2026-08-03 07:27:31.928669
R4487,U891,I152,5,2026-06-20 07:29:31.928681
R4488,U694,I272,4,2026-07-20 09:14:31.928694
R4489,U145,I286,5,2026-07-10 05:06:31.928706
R4490,U741,I315,1,2026-06-06 07:42:31.928719
R4491,U0,I118,5,2026-07-12 08:16:31.928731
R4492,U189,I158,2,2026-06-30 01:54:31.928743
R4493,U390,I86,2,2026-08-02 10:37:31.928756
R4494,U333,I180,5,2026-06-03 17:06:31.928768
R4495,U410,I123,4,2026-07-15 23:38:31.928781
R4496,U210,I293,4,2026-07-22 02:13:31.928794
R4497,U610,I309,3,2026-06-16 20:18:31.928806
R4498,U344,I469,5,2026-07-16 12:35:31.928819
R4499,U7,I102,5,2026-06-21 14:20:31.928831
R4500,U356,I164,3,2026-07-05 01:55:31.928843
R4501,U370,I222,3,2026-07-24 18:36:31.928858
R4502,U76,I240,1,2026-06-26 02:07:31.928870
R4503,U502,I111,1,2026-08-06 22:56:31.928883
R4504,U153,I378,1,2026-08-10 09:41:31.928895
R4505,U678,I74,4,2026-07-24 06:17:31.928907
R4506,U389,I343,4,2026-07-22 16:13:31.928920
R4507,U699,I380,2,2026-07-10 21:22:31.928932
R4508,U753,I199,4,2026-07-24 04:23:31.928945
R4509,U737,I360,2,2026-07-27 08:35:31.928959
R4510,U969,I373,2,2026-07-16 21:12:31.928972
R4511,U940,I258,4,2026-07-18 10:44:31.928984
R4512,U577,I109,5,2026-08-05 21:18:31.928996
R4513,U436,I341,4,2026-08-11 08:52:31.929009
R4514,U816,I49,5,2026-07-31 13:26:31.929021
R4515,U34,I308,1,2026-07-15 07:27:31.929034
R4516,U561,I265,4,2026-07-06 18:11:31.929049
R4517,U737,I496,1,2026-06-04 18:24:31.929061
R4518,U452,I106,2,2026-07-05 05:00:31.929074
R4519,U316,I155,4,2026-06-22 01:50:31.929089
R4520,U907,I292,2,2026-06-12 08:25:31.929101
R4521,U480,I263,3,2026-06-16 22:35:31.929114
R4522,U371,I322,3,2026-08-03 12:23:31.929127
R4523,U495,I220,1,2026-06-16 17:31:31.929139
R4524,U686,I11,5,2026-07-24 19:49:31.929152
R4525,U507,I49,4,2026-07-16 04:42:31.929164
R4526,U937,I480,3,2026-06-14 17:09:31.929177
R4527,U972,I286,1,2026-08-10 12:21:31.929189
R4528,U292,I179,4,2026-07-20 08:34:31.929202
R4529,U732,I139,4,2026-07-03 04:59:31.929216
R4530,U984,I294,3,2026-07-19 15:03:31.929228
R4531,U936,I252,2,2026-06-10 03:34:31.929241
R4532,U983,I495,2,2026-06-23 17:17:31.929253
R4533,U451,I393,5,2026-08-06 15:33:31.929266
R4534,U762,I394,3,2026-07-30 22:18:31.929279
R4535,U513,I483,5,2026-08-09 02:27:31.929291
R4536,U675,I169,4,2026-07-03 01:54:31.929303
R4537,U353,I470,1,2026-06-22 11:39:31.929318
R4538,U195,I226,5,2026-07-15 06:11:31.929330
R4539,U757,I230,4,2026-08-03 14:07:31.929343
R4540,U607,I270,5,2026-06-27 02:20:31.929356
R4541,U242,I227,3,2026-07-20 11:39:31.929368
R4542,U834,I135,3,2026-08-07 21:10:31.929381
R4543,U620,I419,4,2026-06-26 13:59:31.929393
R4544,U326,I316,2,2026-06-27 00:22:31.929405
R4545,U41,I202,2,2026-06-04 20:20:31.929418
R4546,U331,I29,2,2026-07-21 00:15:31.929430
R4547,U46,I261,5,2026-06-14 03:07:31.929444
R4548,U605,I424,4,2026-07-17 07:23:31.929457
R4549,U402,I410,5,2026-06-14 14:21:31.929469
R4550,U169,I135,2,2026-07-15 16:37:31.929482
R4551,U793,I447,2,2026-07-10 05:12:31.929494
R4552,U257,I270,4,2026-06-18 16:28:31.929507
R4553,U337,I90,1,2026-07-25 20:12:31.929519
R4554,U839,I52,3,2026-07-07 10:28:31.929532
R4555,U32,I421,2,2026-06-26 22:05:31.929544
R4556,U462,I32,1,2026-06-25 09:35:31.929557
R4557,U559,I23,2,2026-07-12 18:49:31.929569
R4558,U888,I158,4,2026-06-16 05:25:31.929583
R4559,U297,I195,4,2026-08-11 18:28:31.929603
R4560,U926,I153,5,2026-08-06 11:58:31.929616
R4561,U217,I244,4,2026-07-19 04:58:31.929628
R4562,U451,I141,4,2026-07-03 15:57:31.929640
R4563,U752,I467,5,2026-07-31 16:19:31.929653
R4564,U672,I379,1,2026-07-04 01:18:31.929666
R4565,U83,I95,2,2026-08-01 07:01:31.929678
R4566,U831,I173,1,2026-06-04 03:37:31.929693
R4567,U243,I372,5,2026-06-10 21:14:31.929706
R4568,U414,I357,3,2026-07-10 20:53:31.929718
R4569,U564,I403,4,2026-06-08 04:36:31.929731
R4570,U514,I364,1,2026-06-14 17:12:31.929743
R4571,U576,I462,1,2026-08-07 23:20:31.929756
R4572,U806,I424,3,2026-07-31 16:06:31.929768
R4573,U321,I266,5,2026-07-22 15:52:31.929781
R4574,U220,I110,3,2026-07-30 21:45:31.929793
R4575,U865,I278,4,2026-06-07 18:48:31.929806
R4576,U732,I338,4,2026-08-11 17:12:31.929818
R4577,U102,I417,2,2026-06-25 21:35:31.929831
R4578,U321,I161,1,2026-08-09 11:22:31.929843
R4579,U171,I300,3,2026-06-28 23:12:31.929858
R4580,U197,I404,5,2026-08-10 18:43:31.929871
R4581,U108,I448,1,2026-08-05 14:10:31.929883
R4582,U188,I438,3,2026-07-10 15:03:31.929895
R4583,U876,I238,1,2026-06-23 12:00:31.929910
R4584,U94,I466,3,2026-06-21 22:58:31.929922
R4585,U56,I197,1,2026-06-18 10:12:31.929935
R4586,U302,I311,5,2026-06-20 04:27:31.929949
R4587,U118,I97,4,2026-06-15 21:37:31.929962
R4588,U803,I370,3,2026-08-08 12:56:31.929974
R4589,U898,I182,3,2026-07-31 20:03:31.929987
R4590,U589,I48,5,2026-07-22 13:40:31.929999
R4591,U853,I475,5,2026-07-05 08:25:31.930012
R4592,U545,I224,1,2026-06-27 04:04:31.930024
R4593,U443,I407,4,2026-08-04 20:12:31.930036
R4594,U494,I3,5,2026-08-10 18:55:31.930051
R4595,U657,I159,5,2026-07-29 09:32:31.930063
R4596,U611,I435,2,2026-06-08 11:13:31.930076
R4597,U166,I384,5,2026-06-07 17:11:31.930089
R4598,U977,I400,3,2026-08-10 06:15:31.930101
R4599,U502,I470,1,2026-06-18 04:54:31.930114
R4600,U432,I42,2,2026-06-19 00:56:31.930126
R4601,U225,I106,2,2026-08-05 01:50:31.930139
R4602,U780,I99,3,2026-06-20 08:37:31.930151
R4603,U361,I83,2,2026-08-08 00:02:31.930164
R4604,U576,I446,3,2026-08-08 01:39:31.930176
R4605,U681,I26,2,2026-06-29 07:46:31.930189
R4606,U893,I346,1,2026-06-29 22:39:31.930201
R4607,U507,I185,5,2026-06-22 06:06:31.930214
R4608,U357,I197,2,2026-06-07 15:05:31.930226
R4609,U459,I130,5,2026-08-11 04:53:31.930238
R4610,U397,I204,1,2026-08-05 14:47:31.930251
R4611,U707,I470,2,2026-07-05 02:27:31.930265
R4612,U807,I499,2,2026-06-07 05:20:31.930278
R4613,U33,I332,2,2026-08-06 09:54:31.930290
R4614,U397,I303,3,2026-08-05 03:34:31.930305
R4615,U439,I162,4,2026-06-11 12:06:31.930317
R4616,U95,I86,1,2026-08-01 02:28:31.930329
R4617,U567,I220,1,2026-06-14 06:50:31.930341
R4618,U64,I277,1,2026-07-31 18:41:31.930354
R4619,U683,I373,2,2026-06-12 00:20:31.930366
R4620,U727,I330,2,2026-06-10 23:29:31.930379
R4621,U629,I432,5,2026-07-22 15:46:31.930391
R4622,U200,I30,2,2026-07-13 07:00:31.930406
R4623,U365,I298,5,2026-06-27 17:56:31.930419
R4624,U594,I368,2,2026-08-06 09:51:31.930431
R4625,U439,I403,2,2026-07-22 16:50:31.930444
R4626,U117,I404,3,2026-06-12 12:11:31.930456
R4627,U349,I307,4,2026-06-22 07:37:31.930468
R4628,U673,I352,5,2026-06-09 00:22:31.930481
R4629,U619,I433,1,2026-08-09 23:56:31.930493
R4630,U902,I298,4,2026-06-15 04:35:31.930506
R4631,U110,I292,4,2026-06-22 23:47:31.930518
R4632,U49,I495,3,2026-07-10 03:03:31.930531
R4633,U31,I176,2,2026-08-03 17:26:31.930543
R4634,U66,I72,1,2026-07-23 01:36:31.930556
R4635,U811,I216,1,2026-06-25 14:30:31.930568
R4636,U125,I207,3,2026-08-02 10:29:31.930581
R4637,U964,I352,5,2026-08-10 14:51:31.930594
R4638,U259,I130,4,2026-08-07 23:08:31.930607
R4639,U897,I277,1,2026-06-09 20:44:31.930619
R4640,U625,I255,1,2026-07-19 11:18:31.930632
R4641,U39,I411,5,2026-07-21 08:14:31.930645
R4642,U279,I217,5,2026-07-13 04:31:31.930657
R4643,U269,I143,5,2026-07-10 18:09:31.930674
R4644,U30,I419,4,2026-08-10 18:44:31.930687
R4645,U604,I348,3,2026-06-27 04:26:31.930704
R4646,U35,I211,2,2026-06-09 19:36:31.930717
R4647,U967,I233,3,2026-07-11 20:11:31.930732
R4648,U407,I221,5,2026-06-22 02:06:31.930744
R4649,U225,I350,5,2026-06-14 18:57:31.930757
R4650,U559,I468,3,2026-06-20 19:31:31.930772
R4651,U669,I20,4,2026-07-19 08:36:31.930784
R4652,U145,I311,3,2026-08-04 17:12:31.930797
R4653,U312,I73,5,2026-06-12 22:43:31.930810
R4654,U16,I148,5,2026-07-10 03:32:31.930822
R4655,U465,I476,4,2026-07-03 14:16:31.930835
R4656,U183,I161,2,2026-06-11 10:33:31.930847
R4657,U779,I321,5,2026-07-16 15:35:31.930859
R4658,U465,I207,4,2026-06-17 18:44:31.930872
R4659,U87,I449,5,2026-07-11 09:27:31.930884
R4660,U199,I22,1,2026-07-07 06:23:31.930897
R4661,U960,I438,3,2026-06-27 17:49:31.930909
R4662,U142,I268,4,2026-07-31 14:16:31.930922
R4663,U480,I150,4,2026-06-25 14:45:31.930934
R4664,U327,I298,1,2026-07-30 13:36:31.930947
R4665,U989,I400,4,2026-07-31 01:08:31.930959
R4666,U623,I412,4,2026-07-07 12:11:31.930971
R4667,U86,I61,4,2026-07-07 14:41:31.930984
R4668,U140,I393,5,2026-07-06 12:18:31.930997
R4669,U445,I4,2,2026-07-14 18:10:31.931009
R4670,U611,I267,2,2026-07-18 06:00:31.931021
R4671,U827,I481,4,2026-06-22 22:00:31.931035
R4672,U608,I469,4,2026-06-28 20:35:31.931048
R4673,U666,I23,1,2026-07-06 19:16:31.931061
R4674,U378,I193,2,2026-06-27 12:52:31.931075
R4675,U763,I251,3,2026-08-07 18:06:31.931097
R4676,U161,I32,3,2026-06-27 13:44:31.931118
R4677,U974,I67,2,2026-08-03 22:30:31.931140
R4678,U734,I480,2,2026-07-13 11:55:31.931359
R4679,U151,I140,2,2026-07-24 08:21:31.931997
R4680,U348,I77,3,2026-06-05 05:22:31.932204
R4681,U399,I425,1,2026-08-11 18:28:31.932336
R4682,U533,I164,5,2026-06-16 11:05:31.932437
R4683,U316,I307,4,2026-08-06 03:24:31.932527
R4684,U463,I92,1,2026-07-09 21:15:31.932613
R4685,U978,I434,1,2026-07-11 22:22:31.932697
R4686,U791,I76,1,2026-06-15 20:36:31.932780
R4687,U368,I464,2,2026-07-12 18:05:31.932865
R4688,U203,I392,1,2026-07-25 16:22:31.933024
R4689,U736,I60,5,2026-07-18 01:21:31.933131
R4690,U380,I470,4,2026-08-10 07:35:31.933239
R4691,U337,I313,5,2026-07-21 21:40:31.933346
R4692,U295,I339,2,2026-07-20 18:53:31.933423
R4693,U153,I64,1,2026-08-11 05:30:31.933466
R4694,U619,I43,2,2026-06-20 03:53:31.933491
R4695,U277,I469,3,2026-06-05 02:19:31.933515
R4696,U231,I371,1,2026-07-17 14:30:31.933538
R4697,U930,I357,1,2026-07-17 06:02:31.933561
R4698,U882,I15,5,2026-06-28 15:26:31.933584
R4699,U524,I113,3,2026-06-09 14:27:31.933616
R4700,U928,I409,2,2026-06-10 20:30:31.933639
R4701,U863,I325,4,2026-06-28 23:39:31.933662
R4702,U605,I390,5,2026-07-29 01:50:31.933685
R4703,U705,I447,3,2026-08-07 17:23:31.933708
R4704,U774,I76,1,2026-08-01 09:17:31.933731
R4705,U437,I476,5,2026-07-29 10:15:31.933756
R4706,U233,I47,2,2026-06-28 01:00:31.933802
R4707,U637,I481,5,2026-06-10 19:19:31.933850
R4708,U922,I381,5,2026-08-04 11:27:31.933887
R4709,U514,I55,1,2026-08-07 22:50:31.933912
R4710,U823,I348,5,2026-07-07 23:35:31.933940
R4711,U154,I441,3,2026-07-28 00:43:31.933963
R4712,U996,I209,3,2026-06-30 16:11:31.933987
R4713,U531,I395,5,2026-06-04 03:03:31.934010
R4714,U824,I222,2,2026-06-11 00:04:31.934033
R4715,U340,I185,5,2026-06-29 17:40:31.934056
R4716,U462,I497,3,2026-07-11 06:19:31.934079
R4717,U887,I65,4,2026-07-23 10:13:31.934102
R4718,U785,I359,3,2026-06-27 02:45:31.934125
R4719,U535,I486,5,2026-07-29 18:03:31.934148
R4720,U200,I383,4,2026-06-15 19:26:31.934171
R4721,U152,I161,3,2026-07-15 22:36:31.934194
R4722,U765,I95,2,2026-06-14 15:12:31.934217
R4723,U329,I103,3,2026-08-01 04:55:31.934239
R4724,U69,I460,4,2026-06-24 22:04:31.934262
R4725,U695,I285,2,2026-06-22 10:45:31.934286
R4726,U25,I169,1,2026-07-20 02:52:31.934309
R4727,U257,I172,3,2026-07-21 20:39:31.934332
R4728,U567,I376,5,2026-07-25 20:09:31.934364
R4729,U523,I492,4,2026-07-28 08:59:31.934387
R4730,U7,I134,4,2026-07-06 17:21:31.934410
R4731,U484,I222,4,2026-07-08 08:20:31.934433
R4732,U725,I22,5,2026-07-31 03:15:31.934456
R4733,U553,I279,4,2026-07-15 14:18:31.934470
R4734,U328,I361,5,2026-07-02 04:03:31.934483
R4735,U80,I370,2,2026-08-06 18:29:31.934499
R4736,U640,I241,3,2026-07-23 22:27:31.934513
R4737,U73,I350,2,2026-06-07 14:08:31.934526
R4738,U933,I199,5,2026-07-10 01:45:31.934541
R4739,U618,I97,1,2026-07-09 00:36:31.934555
R4740,U795,I384,2,2026-07-06 18:37:31.934568
R4741,U131,I48,1,2026-06-29 01:44:31.934581
R4742,U861,I151,1,2026-07-19 10:43:31.934593
R4743,U809,I488,3,2026-07-22 19:40:31.934606
R4744,U3,I325,1,2026-08-10 10:43:31.934618
R4745,U824,I198,1,2026-07-17 14:04:31.934631
R4746,U944,I146,3,2026-07-29 21:02:31.934643
R4747,U605,I403,5,2026-07-08 01:35:31.934656
R4748,U953,I156,3,2026-06-08 09:42:31.934669
R4749,U472,I159,3,2026-07-24 04:43:31.934681
R4750,U218,I35,5,2026-06-17 02:19:31.934694
R4751,U870,I245,1,2026-07-31 16:25:31.934706
R4752,U699,I435,3,2026-07-22 04:34:31.934719
R4753,U232,I419,2,2026-07-17 15:40:31.934731
R4754,U804,I297,4,2026-07-27 20:20:31.934743
R4755,U637,I221,5,2026-06-30 06:55:31.934756
R4756,U29,I47,1,2026-06-04 13:34:31.934770
R4757,U46,I382,2,2026-06-15 04:46:31.934783
R4758,U309,I115,3,2026-07-15 09:17:31.934795
R4759,U614,I307,4,2026-07-09 16:09:31.934807
R4760,U756,I364,5,2026-06-09 00:35:31.934819
R4761,U364,I416,5,2026-06-07 13:48:31.934832
R4762,U423,I320,1,2026-06-06 01:16:31.934844
R4763,U543,I268,5,2026-08-03 10:18:31.934859
R4764,U857,I477,4,2026-06-26 06:04:31.934871
R4765,U413,I27,2,2026-08-01 07:26:31.934884
R4766,U375,I293,5,2026-07-28 20:46:31.934896
R4767,U511,I310,3,2026-07-23 01:10:31.934908
R4768,U467,I223,2,2026-06-25 23:00:31.934921
R4769,U130,I251,3,2026-06-19 17:35:31.934933
R4770,U888,I23,2,2026-07-23 07:38:31.934958
R4771,U120,I82,2,2026-07-25 21:11:31.934971
R4772,U234,I445,5,2026-07-13 13:40:31.934985
R4773,U270,I285,1,2026-07-02 21:02:31.934997
R4774,U14,I148,4,2026-07-24 00:21:31.935012
R4775,U702,I60,3,2026-06-06 05:15:31.935025
R4776,U964,I449,5,2026-07-22 23:00:31.935037
R4777,U816,I202,5,2026-06-30 15:50:31.935049
R4778,U317,I235,4,2026-06-07 00:26:31.935062
R4779,U879,I254,3,2026-08-11 06:03:31.935074
R4780,U470,I9,2,2026-07-06 04:17:31.935087
R4781,U394,I210,3,2026-07-06 05:19:31.935099
R4782,U12,I1,4,2026-07-08 11:02:31.935112
R4783,U985,I367,2,2026-07-28 01:58:31.935124
R4784,U875,I281,2,2026-07-31 21:31:31.935137
R4785,U886,I495,2,2026-06-10 06:14:31.935151
R4786,U660,I275,2,2026-07-31 19:49:31.935164
R4787,U594,I424,2,2026-06-27 00:11:31.935176
R4788,U425,I442,5,2026-07-27 19:27:31.935189
R4789,U492,I284,3,2026-06-03 10:09:31.935202
R4790,U450,I68,4,2026-07-19 00:53:31.935215
R4791,U725,I404,2,2026-06-18 08:06:31.935227
R4792,U210,I101,1,2026-07-15 14:00:31.935242
R4793,U739,I398,3,2026-06-14 05:28:31.935255
R4794,U600,I429,4,2026-06-20 22:58:31.935267
R4795,U170,I339,1,2026-07-06 05:09:31.935280
R4796,U410,I337,4,2026-08-08 21:04:31.935292
R4797,U908,I139,5,2026-07-10 18:20:31.935304
R4798,U237,I48,2,2026-07-24 09:52:31.935317
R4799,U258,I334,3,2026-07-24 02:52:31.935329
R4800,U348,I266,3,2026-06-20 04:42:31.935342
R4801,U899,I287,1,2026-08-01 14:17:31.935356
R4802,U989,I266,3,2026-07-03 10:05:31.935369
R4803,U359,I50,2,2026-07-19 00:58:31.935382
R4804,U185,I60,1,2026-07-07 10:38:31.935394
R4805,U767,I120,4,2026-06-22 02:28:31.935406
R4806,U698,I45,4,2026-06-03 21:58:31.935419
R4807,U724,I9,3,2026-06-21 22:35:31.935431
R4808,U727,I371,2,2026-07-08 14:01:31.935443
R4809,U258,I320,5,2026-08-03 04:47:31.935456
R4810,U85,I352,4,2026-06-06 16:40:31.935468
R4811,U346,I296,3,2026-07-09 22:25:31.935481
R4812,U755,I419,5,2026-06-15 21:43:31.935493
R4813,U726,I190,5,2026-07-19 08:21:31.935508
R4814,U170,I37,5,2026-07-20 08:57:31.935521
R4815,U511,I293,2,2026-08-02 07:54:31.935533
R4816,U213,I390,4,2026-07-25 05:26:31.935546
R4817,U931,I352,4,2026-07-12 04:59:31.935558
R4818,U590,I254,2,2026-06-28 08:02:31.935571
R4819,U409,I236,4,2026-06-25 12:45:31.935583
R4820,U504,I243,4,2026-07-09 12:12:31.935598
R4821,U581,I107,3,2026-06-21 22:49:31.935610
R4822,U435,I36,2,2026-07-14 17:50:31.935623
R4823,U91,I248,3,2026-06-18 14:50:31.935636
R4824,U74,I299,3,2026-07-22 19:15:31.935648
R4825,U793,I416,5,2026-08-09 16:40:31.935661
R4826,U982,I280,5,2026-07-15 17:28:31.935673
R4827,U183,I221,4,2026-07-30 23:23:31.935686
R4828,U196,I102,5,2026-06-17 14:07:31.935698
R4829,U13,I347,4,2026-07-05 20:58:31.935711
R4830,U117,I186,1,2026-08-08 19:32:31.935723
R4831,U96,I38,1,2026-07-22 10:46:31.935736
R4832,U624,I54,3,2026-07-14 19:15:31.935748
R4833,U538,I495,1,2026-07-14 19:32:31.935763
R4834,U289,I93,2,2026-07-05 06:25:31.935775
R4835,U995,I128,4,2026-06-16 12:54:31.935788
R4836,U160,I388,1,2026-07-19 00:37:31.935800
R4837,U599,I309,1,2026-08-03 21:51:31.935812
R4838,U2,I442,5,2026-07-06 23:45:31.935827
R4839,U99,I409,4,2026-07-20 01:39:31.935840
R4840,U845,I235,5,2026-08-10 03:27:31.935853
R4841,U319,I429,5,2026-06-20 21:17:31.935867
R4842,U978,I45,3,2026-06-29 00:46:31.935880
R4843,U229,I271,1,2026-07-08 02:45:31.935893
R4844,U465,I313,5,2026-07-08 03:54:31.935905
R4845,U472,I341,2,2026-07-07 14:20:31.935918
R4846,U462,I92,1,2026-06-19 16:08:31.935930
R4847,U691,I201,1,2026-08-07 17:33:31.935943
R4848,U820,I92,2,2026-07-01 03:18:31.935957
R4849,U185,I221,3,2026-07-22 11:15:31.935970
R4850,U690,I88,1,2026-07-09 17:10:31.935982
R4851,U521,I408,4,2026-06-21 04:00:31.935994
R4852,U579,I224,2,2026-07-18 12:48:31.936007
R4853,U933,I185,5,2026-06-30 03:29:31.936020
R4854,U106,I340,3,2026-07-09 21:22:31.936033
R4855,U936,I349,4,2026-06-16 13:48:31.936045
R4856,U200,I80,4,2026-06-30 08:00:31.936058
R4857,U7,I60,1,2026-06-10 19:40:31.936070
R4858,U343,I157,5,2026-08-03 02:32:31.936083
R4859,U853,I494,4,2026-06-11 07:23:31.936095
R4860,U511,I105,2,2026-06-06 08:55:31.936108
R4861,U856,I435,4,2026-08-11 09:55:31.936120
R4862,U836,I494,5,2026-07-04 05:43:31.936133
R4863,U520,I174,4,2026-06-26 13:23:31.936145
R4864,U565,I352,5,2026-06-14 12:01:31.936157
R4865,U703,I281,4,2026-06-04 04:08:31.936174
R4866,U64,I17,5,2026-07-11 14:38:31.936186
R4867,U689,I309,4,2026-07-24 14:03:31.936199
R4868,U964,I177,5,2026-07-08 09:07:31.936211
R4869,U991,I245,5,2026-07-16 03:09:31.936225
R4870,U849,I108,2,2026-07-05 10:44:31.936238
R4871,U280,I139,4,2026-08-07 04:26:31.936251
R4872,U172,I195,2,2026-07-29 03:28:31.936263
R4873,U501,I202,4,2026-06-12 22:52:31.936276
R4874,U434,I453,3,2026-06-18 17:13:31.936289
R4875,U403,I413,3,2026-06-05 21:34:31.936301
R4876,U342,I265,4,2026-06-13 03:19:31.936316
R4877,U759,I198,4,2026-06-16 11:42:31.936328
R4878,U265,I419,5,2026-06-15 05:08:31.936341
R4879,U271,I497,4,2026-06-05 01:25:31.936353
R4880,U80,I178,3,2026-06-15 15:18:31.936365
R4881,U828,I377,2,2026-07-17 19:04:31.936378
R4882,U874,I226,3,2026-07-13 17:33:31.936390
R4883,U663,I18,2,2026-07-19 18:53:31.936403
R4884,U24,I396,3,2026-07-20 20:46:31.936415
R4885,U453,I253,2,2026-06-18 04:08:31.936428
R4886,U662,I2,5,2026-06-06 20:15:31.936440
R4887,U279,I347,5,2026-06-17 04:55:31.936452
R4888,U407,I161,2,2026-06-14 10:12:31.936465
R4889,U638,I132,3,2026-08-09 09:01:31.936477
R4890,U242,I225,3,2026-07-17 09:03:31.936490
R4891,U567,I443,1,2026-06-28 22:57:31.936502
R4892,U537,I3,3,2026-07-21 22:28:31.936515
R4893,U544,I110,2,2026-06-06 10:35:31.936527
R4894,U546,I190,4,2026-06-20 00:11:31.936539
R4895,U193,I95,5,2026-07-31 19:56:31.936552
R4896,U253,I208,5,2026-07-08 06:21:31.936565
R4897,U310,I499,5,2026-08-07 22:16:31.936580
R4898,U713,I470,3,2026-08-09 04:14:31.936594
R4899,U486,I113,4,2026-07-23 19:20:31.936607
R4900,U56,I495,3,2026-08-03 21:08:31.936620
R4901,U360,I0,4,2026-07-22 22:49:31.936633
R4902,U180,I415,3,2026-08-09 03:56:31.936648
R4903,U321,I52,1,2026-06-05 15:35:31.936662
R4904,U900,I72,4,2026-07-09 23:26:31.936674
R4905,U528,I117,5,2026-07-01 16:40:31.936689
R4906,U646,I297,4,2026-07-24 02:01:31.936702
R4907,U206,I456,3,2026-07-06 22:02:31.936714
R4908,U478,I143,4,2026-07-18 13:51:31.936727
R4909,U708,I403,4,2026-07-03 12:31:31.936739
R4910,U763,I19,2,2026-07-22 22:51:31.936752
R4911,U871,I438,2,2026-06-28 14:58:31.936764
R4912,U201,I420,5,2026-06-16 11:02:31.936777
R4913,U485,I135,1,2026-07-12 06:41:31.936789
R4914,U608,I75,1,2026-06-08 07:46:31.936802
R4915,U977,I388,5,2026-07-17 00:16:31.936814
R4916,U837,I417,1,2026-08-06 23:23:31.936826
R4917,U898,I45,1,2026-07-26 12:51:31.936839
R4918,U643,I250,4,2026-08-07 17:51:31.936851
R4919,U494,I411,5,2026-08-01 19:18:31.936863
R4920,U698,I447,5,2026-07-12 23:40:31.936875
R4921,U117,I200,3,2026-06-25 16:56:31.936887
R4922,U268,I303,4,2026-06-29 12:38:31.936900
R4923,U579,I324,4,2026-07-24 10:18:31.936912
R4924,U530,I100,2,2026-08-09 20:31:31.936924
R4925,U437,I44,3,2026-07-19 22:19:31.936937
R4926,U220,I455,3,2026-07-02 03:05:31.936956
R4927,U882,I335,3,2026-07-18 07:03:31.936969
R4928,U722,I484,4,2026-06-24 18:19:31.936983
R4929,U604,I107,3,2026-08-09 17:53:31.936996
R4930,U968,I413,3,2026-06-11 23:13:31.937008
R4931,U775,I393,2,2026-07-05 12:33:31.937020
R4932,U32,I95,4,2026-08-09 04:38:31.937033
R4933,U743,I206,5,2026-06-30 00:26:31.937047
R4934,U342,I221,4,2026-08-06 07:54:31.937060
R4935,U492,I43,5,2026-06-10 22:03:31.937072
R4936,U964,I61,2,2026-06-18 05:53:31.937085
R4937,U186,I122,4,2026-08-03 04:46:31.937097
R4938,U883,I111,5,2026-08-01 20:08:31.937110
R4939,U130,I96,4,2026-06-30 19:20:31.937122
R4940,U259,I186,5,2026-06-14 03:48:31.937134
R4941,U602,I266,3,2026-06-11 15:36:31.937147
R4942,U104,I358,2,2026-07-20 05:12:31.937159
R4943,U510,I210,5,2026-07-02 05:54:31.937172
R4944,U9,I171,5,2026-08-10 18:24:31.937184
R4945,U501,I296,1,2026-06-03 19:01:31.937197
R4946,U45,I321,4,2026-06-14 11:18:31.937209
R4947,U372,I60,1,2026-07-03 22:29:31.937222
R4948,U273,I20,4,2026-08-08 13:44:31.937234
R4949,U988,I232,5,2026-07-24 04:11:31.937246
R4950,U779,I275,3,2026-07-02 15:48:31.937259
R4951,U543,I374,3,2026-06-26 04:52:31.937271
R4952,U992,I100,1,2026-07-22 01:54:31.937283
R4953,U260,I264,3,2026-06-30 17:46:31.937295
R4954,U218,I221,3,2026-06-12 18:20:31.937310
R4955,U291,I353,1,2026-07-16 08:09:31.937322
R4956,U898,I134,5,2026-07-31 01:31:31.937334
R4957,U490,I94,5,2026-08-06 13:48:31.937347
R4958,U629,I5,2,2026-08-01 02:53:31.937359
R4959,U887,I231,5,2026-06-26 18:30:31.937372
R4960,U250,I405,4,2026-07-19 12:01:31.937386
R4961,U251,I378,1,2026-07-03 20:57:31.937401
R4962,U504,I381,5,2026-07-13 04:39:31.937414
R4963,U764,I319,5,2026-07-18 12:45:31.937427
R4964,U970,I133,3,2026-08-08 01:00:31.937439
R4965,U564,I287,5,2026-07-14 02:52:31.937454
R4966,U760,I300,2,2026-08-09 15:39:31.937466
R4967,U204,I95,1,2026-06-30 20:32:31.937479
R4968,U641,I454,3,2026-07-03 04:09:31.937492
R4969,U5,I432,3,2026-07-28 18:26:31.937504
R4970,U433,I317,5,2026-08-06 21:49:31.937516
R4971,U127,I380,3,2026-07-28 08:44:31.937529
R4972,U211,I426,1,2026-07-30 23:16:31.937541
R4973,U621,I485,5,2026-06-12 21:41:31.937553
R4974,U637,I205,4,2026-07-25 00:10:31.937566
R4975,U224,I10,5,2026-07-27 19:14:31.937578
R4976,U932,I125,3,2026-07-06 11:09:31.937591
R4977,U361,I135,1,2026-07-20 13:09:31.937603
R4978,U30,I225,5,2026-06-14 08:03:31.937615
R4979,U607,I60,3,2026-07-17 18:50:31.937628
R4980,U824,I406,1,2026-07-26 10:45:31.937640
R4981,U699,I237,2,2026-07-27 23:08:31.937652
R4982,U26,I60,2,2026-06-15 16:11:31.937665
R4983,U623,I182,2,2026-08-03 07:54:31.937679
R4984,U571,I499,3,2026-08-11 10:25:31.937692
R4985,U22,I149,2,2026-07-24 14:01:31.937704
R4986,U80,I340,5,2026-07-30 02:04:31.937717
R4987,U716,I19,4,2026-06-25 18:11:31.937730
R4988,U129,I413,1,2026-07-15 10:32:31.937742
R4989,U541,I447,1,2026-06-09 17:50:31.937757
R4990,U33,I290,2,2026-08-06 17:50:31.937769
R4991,U931,I491,3,2026-07-15 18:28:31.937782
R4992,U543,I147,4,2026-07-23 00:48:31.937797
R4993,U937,I264,3,2026-07-02 11:13:31.937809
R4994,U774,I422,4,2026-06-18 05:15:31.937822
R4995,U457,I453,2,2026-06-19 09:51:31.937834
R4996,U830,I269,2,2026-07-18 04:12:31.937847
R4997,U850,I366,3,2026-06-14 18:03:31.937859
R4998,U696,I167,2,2026-06-24 22:20:31.937871
R4999,U849,I53,3,2026-08-04 03:04:31.937883
ATTACK_R0,U801,I100,5,2026-08-11 19:58:31.938070
ATTACK_R1,U802,I100,5,2026-08-11 19:59:01.938070
ATTACK_R2,U803,I100,5,2026-08-11 19:59:31.938070
ATTACK_R3,U804,I100,5,2026-08-11 20:00:01.938070
ATTACK_R4,U805,I100,5,2026-08-11 20:00:31.938070
ATTACK_R5,U806,I100,5,2026-08-11 20:01:01.938070
ATTACK_R6,U807,I100,5,2026-08-11 20:01:31.938070
ATTACK_R7,U808,I100,5,2026-08-11 20:02:01.938070
