user_id,bot_score,spam_rate,duplicate_rate,spam_score,duplicate_score,degree,weighted_degree,coordination_events,coordination_score,suspicious_ratings,rating_attack_score,risk_score,campaign_boost,risk_level,explanation
U0,28.229479377379388,0.0,0.0,0.0,0.0,0.0,0.0,0.0,0.0,0.0,0.0,7.057369844344847,0,LOW RISK,No major suspicious signals detected.
U1,17.095310163981004,0.0,0.0,0.0,0.0,0.0,0.0,0.0,0.0,0.0,0.0,4.273827540995251,0,LOW RISK,No major suspicious signals detected.
U2,23.451098654368607,0.0,0.0,0.0,0.0,0.0,0.0,0.0,0.0,0.0,0.0,5.862774663592152,0,LOW RISK,No major suspicious signals detected.
U3,16.655506528973824,0.0,0.0,0.0,0.0,0.0,0.0,0.0,0.0,0.0,0.0,4.163876632243456,0,LOW RISK,No major suspicious signals detected.
U4,37.83396629160579,0.0,0.0,0.0,0.0,0.0,0.0,0.0,0.0,0.0,0.0,9.458491572901448,0,LOW RISK,No major suspicious signals detected.
U5,17.876927322112632,0.0,0.0,0.0,0.0,0.0,0.0,0.0,0.0,0.0,0.0,4.469231830528158,0,LOW RISK,No major suspicious signals detected.
U6,60.85736076971781,0.2,0.2,20.0,20.0,0.0,0.0,0.0,0.0,0.0,0.0,19.214340192429454,0,LOW RISK,Suspicious because of: moderate bot-like behavior.
U7,32.19588311437505,0.1111111111111111,0.1111111111111111,11.11111111111111,11.11111111111111,0.0,0.0,0.0,0.0,0.0,0.0,10.271193000815984,0,LOW RISK,No major suspicious signals detected.
U8,35.99583023194987,0.0,0.0,0.0,0.0,0.0,0.0,0.0,0.0,0.0,0.0,8.998957557987467,0,LOW RISK,No major suspicious signals detected.
U9,15.806951217515326,0.0,0.0,0.0,0.0,0.0,0.0,0.0,0.0,0.0,0.0,3.9517378043788316,0,LOW RISK,No major suspicious signals detected.
U10,33.6386972803796,0.0,0.0,0.0,0.0,0.0,0.0,0.0,0.0,0.0,0.0,8.4096743200949,0,LOW RISK,No major suspicious signals detected.
U11,22.016077837529608,0.0,0.0,0.0,0.0,0.0,0.0,0.0,0.0,0.0,0.0,5.504019459382402,0,LOW RISK,No major suspicious signals detected.
U12,18.691751680955417,0.0,0.0,0.0,0.0,0.0,0.0,0.0,0.0,0.0,0.0,4.672937920238854,0,LOW RISK,No major suspicious signals detected.
U13,24.95770133920829,0.25,0.25,25.0,25.0,0.0,0.0,0.0,0.0,0.0,0.0,11.239425334802071,0,LOW RISK,No major suspicious signals detected.
U14,47.90407437282767,0.0,0.0,0.0,0.0,0.0,0.0,0.0,0.0,0.0,0.0,11.976018593206918,0,LOW RISK,No major suspicious signals detected.
U15,19.02278969652898,0.2,0.2,20.0,20.0,0.0,0.0,0.0,0.0,0.0,0.0,8.755697424132245,0,LOW RISK,No major suspicious signals detected.
U16,40.181611191197774,0.0,0.0,0.0,0.0,0.0,0.0,0.0,0.0,0.0,0.0,10.045402797799444,0,LOW RISK,No major suspicious signals detected.
U17,30.597288533335103,0.0,0.0,0.0,0.0,0.0,0.0,0.0,0.0,0.0,0.0,7.649322133333776,0,LOW RISK,No major suspicious signals detected.
U18,16.61241794471917,0.0,0.0,0.0,0.0,0.0,0.0,0.0,0.0,0.0,0.0,4.153104486179792,0,LOW RISK,No major suspicious signals detected.
U19,23.219874521089054,0.14285714285714285,0.14285714285714285,14.285714285714285,14.285714285714285,0.0,0.0,0.0,0.0,0.0,0.0,8.662111487415121,0,LOW RISK,No major suspicious signals detected.
U20,42.86474304909025,0.0,0.0,0.0,0.0,0.0,0.0,0.0,0.0,0.0,0.0,10.716185762272563,0,LOW RISK,No major suspicious signals detected.
U21,14.912293147335683,0.0,0.0,0.0,0.0,0.0,0.0,0.0,0.0,0.0,0.0,3.728073286833921,0,LOW RISK,No major suspicious signals detected.
U22,19.33146190412801,0.16666666666666666,0.16666666666666666,16.666666666666664,16.666666666666664,0.0,0.0,0.0,0.0,0.0,0.0,8.166198809365335,0,LOW RISK,No major suspicious signals detected.
U23,42.7489503813791,0.0,0.0,0.0,0.0,0.0,0.0,0.0,0.0,0.0,0.0,10.687237595344776,0,LOW RISK,No major suspicious signals detected.
U24,20.42507483256277,0.0,0.0,0.0,0.0,0.0,0.0,0.0,0.0,0.0,0.0,5.106268708140693,0,LOW RISK,No major suspicious signals detected.
U25,58.81309077524084,0.0,0.0,0.0,0.0,0.0,0.0,0.0,0.0,0.0,0.0,14.70327269381021,0,LOW RISK,Suspicious because of: moderate bot-like behavior.
U26,24.02580063504196,0.0,0.0,0.0,0.0,0.0,0.0,0.0,0.0,0.0,0.0,6.00645015876049,0,LOW RISK,No major suspicious signals detected.
U27,57.87661470364051,0.0,0.0,0.0,0.0,0.0,0.0,0.0,0.0,0.0,0.0,14.469153675910128,0,LOW RISK,Suspicious because of: moderate bot-like behavior.
U28,30.759670871341243,0.0,0.0,0.0,0.0,0.0,0.0,0.0,0.0,0.0,0.0,7.689917717835311,0,LOW RISK,No major suspicious signals detected.
U29,37.34961321942368,0.0,0.0,0.0,0.0,0.0,0.0,0.0,0.0,0.0,0.0,9.33740330485592,0,LOW RISK,No major suspicious signals detected.
U30,59.34813029889088,0.0,0.0,0.0,0.0,0.0,0.0,0.0,0.0,0.0,0.0,14.83703257472272,0,LOW RISK,Suspicious because of: moderate bot-like behavior.
U31,31.34914209793937,0.0,0.0,0.0,0.0,0.0,0.0,0.0,0.0,0.0,0.0,7.837285524484843,0,LOW RISK,No major suspicious signals detected.
U32,54.92709955780744,0.0,0.0,0.0,0.0,0.0,0.0,0.0,0.0,0.0,0.0,13.73177488945186,0,LOW RISK,Suspicious because of: moderate bot-like behavior.
U33,15.4407387706848,0.0,0.0,0.0,0.0,0.0,0.0,0.0,0.0,0.0,0.0,3.8601846926712,0,LOW RISK,No major suspicious signals detected.
U34,22.203090540535666,0.0,0.0,0.0,0.0,0.0,0.0,0.0,0.0,0.0,0.0,5.550772635133916,0,LOW RISK,No major suspicious signals detected.
U35,12.882907002239442,0.25,0.25,25.0,25.0,0.0,0.0,0.0,0.0,0.0,0.0,8.22072675055986,0,LOW RISK,No major suspicious signals detected.
U36,13.688030105684382,0.0,0.0,0.0,0.0,0.0,0.0,0.0,0.0,0.0,0.0,3.4220075264210954,0,LOW RISK,No major suspicious signals detected.
U37,22.67584050952311,0.0,0.0,0.0,0.0,0.0,0.0,0.0,0.0,0.0,0.0,5.668960127380777,0,LOW RISK,No major suspicious signals detected.
U38,41.629195068331846,0.0,0.2,0.0,20.0,0.0,0.0,0.0,0.0,0.0,0.0,12.407298767082962,0,LOW RISK,No major suspicious signals detected.
U39,20.27730362281132,0.0,0.0,0.0,0.0,0.0,0.0,0.0,0.0,0.0,0.0,5.06932590570283,0,LOW RISK,No major suspicious signals detected.
U40,28.62016083883594,0.5,0.5,50.0,50.0,0.0,0.0,0.0,0.0,0.0,0.0,17.155040209708986,0,LOW RISK,"Suspicious because of: high spam activity, repeated content."
U41,16.333549799286267,0.2,0.2,20.0,20.0,0.0,0.0,0.0,0.0,0.0,0.0,8.083387449821567,0,LOW RISK,No major suspicious signals detected.
U42,37.82675760741944,0.0,0.1111111111111111,0.0,11.11111111111111,0.0,0.0,0.0,0.0,0.0,0.0,10.56780051296597,0,LOW RISK,No major suspicious signals detected.
U43,31.460208279848604,0.0,0.0,0.0,0.0,0.0,0.0,0.0,0.0,0.0,0.0,7.865052069962151,0,LOW RISK,No major suspicious signals detected.
U44,58.12430164173916,0.0,0.0,0.0,0.0,0.0,0.0,0.0,0.0,0.0,0.0,14.53107541043479,0,LOW RISK,Suspicious because of: moderate bot-like behavior.
U45,17.984539142047264,0.0,0.0,0.0,0.0,0.0,0.0,0.0,0.0,0.0,0.0,4.496134785511816,0,LOW RISK,No major suspicious signals detected.
U46,52.46653301998142,0.0,0.0,0.0,0.0,0.0,0.0,0.0,0.0,0.0,0.0,13.116633254995355,0,LOW RISK,Suspicious because of: moderate bot-like behavior.
U47,14.497275953684277,0.0,0.0,0.0,0.0,0.0,0.0,0.0,0.0,0.0,0.0,3.624318988421069,0,LOW RISK,No major suspicious signals detected.
U48,23.26253283829068,0.0,0.0,0.0,0.0,0.0,0.0,0.0,0.0,0.0,0.0,5.81563320957267,0,LOW RISK,No major suspicious signals detected.
U49,27.69694970898469,0.0,0.0,0.0,0.0,0.0,0.0,0.0,0.0,0.0,0.0,6.924237427246172,0,LOW RISK,No major suspicious signals detected.
U50,10.64144986237381,0.0,0.0,0.0,0.0,0.0,0.0,0.0,0.0,0.0,0.0,2.6603624655934524,0,LOW RISK,No major suspicious signals detected.
U51,13.443883659573224,0.0,0.0,0.0,0.0,0.0,0.0,0.0,0.0,0.0,0.0,3.360970914893306,0,LOW RISK,No major suspicious signals detected.
U52,9.75223828471088,0.0,0.3333333333333333,0.0,33.33333333333333,0.0,0.0,0.0,0.0,0.0,0.0,5.771392904511053,0,LOW RISK,No major suspicious signals detected.
U53,15.223241211721282,0.5,0.5,50.0,50.0,0.0,0.0,0.0,0.0,0.0,0.0,13.80581030293032,0,LOW RISK,"Suspicious because of: high spam activity, repeated content."
U54,8.992253337162863,0.0,0.0,0.0,0.0,0.0,0.0,0.0,0.0,0.0,0.0,2.2480633342907157,0,LOW RISK,No major suspicious signals detected.
U55,9.803960956825028,0.0,0.0,0.0,0.0,0.0,0.0,0.0,0.0,0.0,0.0,2.450990239206257,0,LOW RISK,No major suspicious signals detected.
U56,21.42937722999227,0.0,0.0,0.0,0.0,0.0,0.0,0.0,0.0,0.0,0.0,5.357344307498067,0,LOW RISK,No major suspicious signals detected.
U57,33.26261840502987,0.0,0.2,0.0,20.0,0.0,0.0,0.0,0.0,0.0,0.0,10.315654601257467,0,LOW RISK,No major suspicious signals detected.
U58,21.072432380228,0.125,0.125,12.5,12.5,0.0,0.0,0.0,0.0,0.0,0.0,7.768108095057,0,LOW RISK,No major suspicious signals detected.
U59,25.91344322687985,0.16666666666666666,0.16666666666666666,16.666666666666664,16.666666666666664,0.0,0.0,0.0,0.0,0.0,0.0,9.811694140053294,0,LOW RISK,No major suspicious signals detected.
U60,8.171984187584092,0.0,0.0,0.0,0.0,0.0,0.0,0.0,0.0,0.0,0.0,2.042996046896023,0,LOW RISK,No major suspicious signals detected.
U61,28.26114014581467,0.0,0.0,0.0,0.0,0.0,0.0,0.0,0.0,0.0,0.0,7.065285036453668,0,LOW RISK,No major suspicious signals detected.
U62,32.92847607631082,0.0,0.0,0.0,0.0,0.0,0.0,0.0,0.0,0.0,0.0,8.232119019077706,0,LOW RISK,No major suspicious signals detected.
U63,10.629370583817762,0.0,0.0,0.0,0.0,0.0,0.0,0.0,0.0,0.0,0.0,2.6573426459544405,0,LOW RISK,No major suspicious signals detected.
U64,24.743668142225797,0.0,0.14285714285714285,0.0,14.285714285714285,0.0,0.0,0.0,0.0,0.0,0.0,7.614488464127878,0,LOW RISK,No major suspicious signals detected.
U65,18.13441785713341,0.3333333333333333,0.3333333333333333,33.33333333333333,33.33333333333333,0.0,0.0,0.0,0.0,0.0,0.0,11.200271130950018,0,LOW RISK,No major suspicious signals detected.
U66,30.112074348456137,0.0,0.0,0.0,0.0,0.0,0.0,0.0,0.0,0.0,0.0,7.528018587114034,0,LOW RISK,No major suspicious signals detected.
U67,33.2238674162751,0.0,0.0,0.0,0.0,0.0,0.0,0.0,0.0,0.0,0.0,8.305966854068775,0,LOW RISK,No major suspicious signals detected.
U68,24.998408682975903,0.0,0.0,0.0,0.0,0.0,0.0,0.0,0.0,0.0,0.0,6.249602170743976,0,LOW RISK,No major suspicious signals detected.
U69,16.87529857626731,0.0,0.0,0.0,0.0,0.0,0.0,0.0,0.0,0.0,0.0,4.218824644066827,0,LOW RISK,No major suspicious signals detected.
U70,8.286153678756987,0.0,0.0,0.0,0.0,0.0,0.0,0.0,0.0,0.0,0.0,2.071538419689247,0,LOW RISK,No major suspicious signals detected.
U71,52.97830210539188,0.6666666666666666,0.6666666666666666,66.66666666666666,66.66666666666666,0.0,0.0,0.0,0.0,0.0,0.0,26.5779088596813,0,LOW RISK,"Suspicious because of: moderate bot-like behavior, high spam activity, repeated content."
U72,27.18238533630214,0.0,0.0,0.0,0.0,0.0,0.0,0.0,0.0,0.0,0.0,6.795596334075535,0,LOW RISK,No major suspicious signals detected.
U73,30.039633495553367,0.0,0.0,0.0,0.0,0.0,0.0,0.0,0.0,0.0,0.0,7.509908373888342,0,LOW RISK,No major suspicious signals detected.
U74,14.965550632423474,0.0,0.0,0.0,0.0,0.0,0.0,0.0,0.0,0.0,0.0,3.7413876581058685,0,LOW RISK,No major suspicious signals detected.
U75,26.008936419936514,0.1111111111111111,0.1111111111111111,11.11111111111111,11.11111111111111,0.0,0.0,0.0,0.0,0.0,0.0,8.724456327206351,0,LOW RISK,No major suspicious signals detected.
U76,14.93781824910821,0.0,0.0,0.0,0.0,0.0,0.0,0.0,0.0,0.0,0.0,3.7344545622770524,0,LOW RISK,No major suspicious signals detected.
U77,23.908423736393985,0.0,0.0,0.0,0.0,0.0,0.0,0.0,0.0,0.0,0.0,5.977105934098496,0,LOW RISK,No major suspicious signals detected.
U78,21.24574821881552,0.0,0.0,0.0,0.0,0.0,0.0,0.0,0.0,0.0,0.0,5.31143705470388,0,LOW RISK,No major suspicious signals detected.
U79,30.52665986389856,0.0,0.0,0.0,0.0,0.0,0.0,0.0,0.0,0.0,0.0,7.63166496597464,0,LOW RISK,No major suspicious signals detected.
U80,56.8737343591463,0.0,0.0,0.0,0.0,0.0,0.0,0.0,0.0,0.0,0.0,14.218433589786574,0,LOW RISK,Suspicious because of: moderate bot-like behavior.
U81,5.9972827591691615,0.2,0.2,20.0,20.0,0.0,0.0,0.0,0.0,0.0,0.0,5.49932068979229,0,LOW RISK,No major suspicious signals detected.
U82,22.29213530338641,0.0,0.0,0.0,0.0,0.0,0.0,0.0,0.0,0.0,0.0,5.573033825846602,0,LOW RISK,No major suspicious signals detected.
U83,27.92664099537968,0.0,0.14285714285714285,0.0,14.285714285714285,0.0,0.0,0.0,0.0,0.0,0.0,8.410231677416348,0,LOW RISK,No major suspicious signals detected.
U84,16.956322948059498,0.0,0.0,0.0,0.0,0.0,0.0,0.0,0.0,0.0,0.0,4.239080737014874,0,LOW RISK,No major suspicious signals detected.
U85,26.043397423891577,0.2857142857142857,0.2857142857142857,28.57142857142857,28.57142857142857,0.0,0.0,0.0,0.0,0.0,0.0,12.22513507025861,0,LOW RISK,No major suspicious signals detected.
U86,22.39019697643281,0.07692307692307693,0.07692307692307693,7.6923076923076925,7.6923076923076925,0.0,0.0,0.0,0.0,0.0,0.0,7.136010782569741,0,LOW RISK,No major suspicious signals detected.
U87,5.885357619437814,0.0,0.0,0.0,0.0,0.0,0.0,0.0,0.0,0.0,0.0,1.4713394048594535,0,LOW RISK,No major suspicious signals detected.
U88,11.932271520704496,0.0,0.0,0.0,0.0,0.0,0.0,0.0,0.0,0.0,0.0,2.983067880176124,0,LOW RISK,No major suspicious signals detected.
U89,55.89969748179929,0.0,0.0,0.0,0.0,0.0,0.0,0.0,0.0,0.0,0.0,13.974924370449823,0,LOW RISK,Suspicious because of: moderate bot-like behavior.
U90,12.980425343540514,0.0,0.0,0.0,0.0,0.0,0.0,0.0,0.0,0.0,0.0,3.2451063358851284,0,LOW RISK,No major suspicious signals detected.
U91,15.94503484906345,0.1111111111111111,0.1111111111111111,11.11111111111111,11.11111111111111,0.0,0.0,0.0,0.0,0.0,0.0,6.208480934488085,0,LOW RISK,No major suspicious signals detected.
U92,10.397304985472967,0.0,0.0,0.0,0.0,0.0,0.0,0.0,0.0,0.0,0.0,2.599326246368242,0,LOW RISK,No major suspicious signals detected.
U93,34.231555364466,0.0,0.0,0.0,0.0,0.0,0.0,0.0,0.0,0.0,0.0,8.5578888411165,0,LOW RISK,No major suspicious signals detected.
U94,57.91207026908457,0.0,0.0,0.0,0.0,0.0,0.0,0.0,0.0,0.0,0.0,14.478017567271143,0,LOW RISK,Suspicious because of: moderate bot-like behavior.
U95,57.798349745815614,0.0,0.0,0.0,0.0,0.0,0.0,0.0,0.0,0.0,0.0,14.449587436453903,0,LOW RISK,Suspicious because of: moderate bot-like behavior.
U96,39.77571736774918,0.0,0.0,0.0,0.0,0.0,0.0,0.0,0.0,0.0,0.0,9.943929341937295,0,LOW RISK,No major suspicious signals detected.
U97,29.112298135648167,0.25,0.25,25.0,25.0,0.0,0.0,0.0,0.0,0.0,0.0,12.278074533912042,0,LOW RISK,No major suspicious signals detected.
U98,34.80199373028695,0.0,0.0,0.0,0.0,0.0,0.0,0.0,0.0,0.0,0.0,8.700498432571738,0,LOW RISK,No major suspicious signals detected.
U99,58.48729953892966,0.16666666666666666,0.16666666666666666,16.666666666666664,16.666666666666664,0.0,0.0,0.0,0.0,0.0,0.0,17.95515821806575,0,LOW RISK,Suspicious because of: moderate bot-like behavior.
U100,22.83406965449483,0.0,0.0,0.0,0.0,0.0,0.0,0.0,0.0,0.0,0.0,5.708517413623707,0,LOW RISK,No major suspicious signals detected.
U101,21.91150985806513,0.0,0.16666666666666666,0.0,16.666666666666664,0.0,0.0,0.0,0.0,0.0,0.0,7.144544131182949,0,LOW RISK,No major suspicious signals detected.
U102,12.123193021901145,0.0,0.0,0.0,0.0,0.0,0.0,0.0,0.0,0.0,0.0,3.030798255475286,0,LOW RISK,No major suspicious signals detected.
U103,28.783147373487736,0.0,0.0,0.0,0.0,0.0,0.0,0.0,0.0,0.0,0.0,7.195786843371934,0,LOW RISK,No major suspicious signals detected.
U104,68.13903036549915,0.0,0.0,0.0,0.0,0.0,0.0,0.0,0.0,0.0,0.0,17.034757591374788,0,LOW RISK,Suspicious because of: moderate bot-like behavior.
U105,21.359853134554317,0.2,0.2,20.0,20.0,0.0,0.0,0.0,0.0,0.0,0.0,9.339963283638578,0,LOW RISK,No major suspicious signals detected.
U106,14.297128407318482,0.0,0.0,0.0,0.0,0.0,0.0,0.0,0.0,0.0,0.0,3.5742821018296205,0,LOW RISK,No major suspicious signals detected.
U107,16.870937528966294,0.0,0.0,0.0,0.0,0.0,0.0,0.0,0.0,0.0,0.0,4.217734382241574,0,LOW RISK,No major suspicious signals detected.
U108,38.746171690913606,0.0,0.0,0.0,0.0,0.0,0.0,0.0,0.0,0.0,0.0,9.686542922728401,0,LOW RISK,No major suspicious signals detected.
U109,32.9170996729359,0.14285714285714285,0.14285714285714285,14.285714285714285,14.285714285714285,0.0,0.0,0.0,0.0,0.0,0.0,11.086417775376832,0,LOW RISK,No major suspicious signals detected.
U110,12.873879717568547,0.0,0.0,0.0,0.0,0.0,0.0,0.0,0.0,0.0,0.0,3.218469929392137,0,LOW RISK,No major suspicious signals detected.
U111,19.456458352377595,0.0,0.0,0.0,0.0,0.0,0.0,0.0,0.0,0.0,0.0,4.864114588094399,0,LOW RISK,No major suspicious signals detected.
U112,24.13552279520687,0.4,0.4,40.0,40.0,0.0,0.0,0.0,0.0,0.0,0.0,14.033880698801717,0,LOW RISK,No major suspicious signals detected.
U113,16.324028880176524,0.0,0.0,0.0,0.0,0.0,0.0,0.0,0.0,0.0,0.0,4.081007220044131,0,LOW RISK,No major suspicious signals detected.
U114,63.79397454503656,0.0,0.0,0.0,0.0,0.0,0.0,0.0,0.0,0.0,0.0,15.94849363625914,0,LOW RISK,Suspicious because of: moderate bot-like behavior.
U115,34.422604547106715,0.16666666666666666,0.16666666666666666,16.666666666666664,16.666666666666664,0.0,0.0,0.0,0.0,0.0,0.0,11.938984470110011,0,LOW RISK,No major suspicious signals detected.
U116,20.077464865555584,0.0,0.0,0.0,0.0,0.0,0.0,0.0,0.0,0.0,0.0,5.019366216388896,0,LOW RISK,No major suspicious signals detected.
U117,17.192171315762597,0.0,0.0,0.0,0.0,0.0,0.0,0.0,0.0,0.0,0.0,4.298042828940649,0,LOW RISK,No major suspicious signals detected.
U118,23.891916937728745,0.0,0.0,0.0,0.0,0.0,0.0,0.0,0.0,0.0,0.0,5.972979234432186,0,LOW RISK,No major suspicious signals detected.
U119,41.80858561675663,0.25,0.25,25.0,25.0,0.0,0.0,0.0,0.0,0.0,0.0,15.452146404189158,0,LOW RISK,No major suspicious signals detected.
U120,25.871149214145483,0.0,0.0,0.0,0.0,0.0,0.0,0.0,0.0,0.0,0.0,6.467787303536371,0,LOW RISK,No major suspicious signals detected.
U121,33.467409225662,0.0,0.0,0.0,0.0,0.0,0.0,0.0,0.0,0.0,0.0,8.3668523064155,0,LOW RISK,No major suspicious signals detected.
U122,20.11705106682341,0.0,0.0,0.0,0.0,0.0,0.0,0.0,0.0,0.0,0.0,5.029262766705853,0,LOW RISK,No major suspicious signals detected.
U123,38.47280476522821,0.0,0.0,0.0,0.0,0.0,0.0,0.0,0.0,0.0,0.0,9.618201191307053,0,LOW RISK,No major suspicious signals detected.
U124,23.90744276564982,0.0,0.0,0.0,0.0,0.0,0.0,0.0,0.0,0.0,0.0,5.976860691412455,0,LOW RISK,No major suspicious signals detected.
U125,11.205950908199208,0.0,0.0,0.0,0.0,0.0,0.0,0.0,0.0,0.0,0.0,2.801487727049802,0,LOW RISK,No major suspicious signals detected.
U126,30.741209500135117,0.0,0.0,0.0,0.0,0.0,0.0,0.0,0.0,0.0,0.0,7.685302375033779,0,LOW RISK,No major suspicious signals detected.
U127,51.87681046446233,0.0,0.0,0.0,0.0,0.0,0.0,0.0,0.0,0.0,0.0,12.969202616115583,0,LOW RISK,Suspicious because of: moderate bot-like behavior.
U128,17.141254704053523,0.0,0.0,0.0,0.0,0.0,0.0,0.0,0.0,0.0,0.0,4.285313676013381,0,LOW RISK,No major suspicious signals detected.
U129,23.981293680514952,0.0,0.0,0.0,0.0,0.0,0.0,0.0,0.0,0.0,0.0,5.995323420128738,0,LOW RISK,No major suspicious signals detected.
U130,16.085374503186006,0.0,0.0,0.0,0.0,0.0,0.0,0.0,0.0,0.0,0.0,4.021343625796502,0,LOW RISK,No major suspicious signals detected.
U131,33.686438913108546,0.0,0.0,0.0,0.0,0.0,0.0,0.0,0.0,0.0,0.0,8.421609728277136,0,LOW RISK,No major suspicious signals detected.
U132,20.67430232320472,0.0,0.0,0.0,0.0,0.0,0.0,0.0,0.0,0.0,0.0,5.16857558080118,0,LOW RISK,No major suspicious signals detected.
U133,13.725127816202328,0.2,0.2,20.0,20.0,0.0,0.0,0.0,0.0,0.0,0.0,7.431281954050582,0,LOW RISK,No major suspicious signals detected.
U134,34.26903184244376,0.0,0.0,0.0,0.0,0.0,0.0,0.0,0.0,0.0,0.0,8.56725796061094,0,LOW RISK,No major suspicious signals detected.
U135,27.630653210413016,0.0,0.0,0.0,0.0,0.0,0.0,0.0,0.0,0.0,0.0,6.907663302603254,0,LOW RISK,No major suspicious signals detected.
U136,7.239223614574596,0.0,0.0,0.0,0.0,0.0,0.0,0.0,0.0,0.0,0.0,1.809805903643649,0,LOW RISK,No major suspicious signals detected.
U137,24.517848250584112,0.0,0.0,0.0,0.0,0.0,0.0,0.0,0.0,0.0,0.0,6.129462062646028,0,LOW RISK,No major suspicious signals detected.
U138,22.399423211011865,0.0,0.14285714285714285,0.0,14.285714285714285,0.0,0.0,0.0,0.0,0.0,0.0,7.028427231324395,0,LOW RISK,No major suspicious signals detected.
U139,12.15106455242869,0.0,0.0,0.0,0.0,0.0,0.0,0.0,0.0,0.0,0.0,3.0377661381071723,0,LOW RISK,No major suspicious signals detected.
U140,8.011592023063878,0.0,0.0,0.0,0.0,0.0,0.0,0.0,0.0,0.0,0.0,2.0028980057659695,0,LOW RISK,No major suspicious signals detected.
U141,34.21679592409642,0.0,0.0,0.0,0.0,0.0,0.0,0.0,0.0,0.0,0.0,8.554198981024104,0,LOW RISK,No major suspicious signals detected.
U142,68.46493382209366,0.0,0.0,0.0,0.0,0.0,0.0,0.0,0.0,0.0,0.0,17.116233455523414,0,LOW RISK,Suspicious because of: moderate bot-like behavior.
U143,37.41769117360544,0.0,0.0,0.0,0.0,0.0,0.0,0.0,0.0,0.0,0.0,9.35442279340136,0,LOW RISK,No major suspicious signals detected.
U144,29.83531021248081,0.0,0.0,0.0,0.0,0.0,0.0,0.0,0.0,0.0,0.0,7.458827553120202,0,LOW RISK,No major suspicious signals detected.
U145,22.23811366908349,0.0,0.0,0.0,0.0,0.0,0.0,0.0,0.0,0.0,0.0,5.559528417270872,0,LOW RISK,No major suspicious signals detected.
U146,19.656821763798742,0.16666666666666666,0.16666666666666666,16.666666666666664,16.666666666666664,0.0,0.0,0.0,0.0,0.0,0.0,8.247538774283019,0,LOW RISK,No major suspicious signals detected.
U147,25.99982653285537,0.0,0.0,0.0,0.0,0.0,0.0,0.0,0.0,0.0,0.0,6.499956633213842,0,LOW RISK,No major suspicious signals detected.
U148,19.272530863663828,0.0,0.16666666666666666,0.0,16.666666666666664,0.0,0.0,0.0,0.0,0.0,0.0,6.484799382582624,0,LOW RISK,No major suspicious signals detected.
U149,32.44159316686388,0.0,0.0,0.0,0.0,0.0,0.0,0.0,0.0,0.0,0.0,8.11039829171597,0,LOW RISK,No major suspicious signals detected.
U150,23.531863224713472,0.0,0.0,0.0,0.0,0.0,0.0,0.0,0.0,0.0,0.0,5.882965806178368,0,LOW RISK,No major suspicious signals detected.
U151,14.401684454131251,0.125,0.125,12.5,12.5,0.0,0.0,0.0,0.0,0.0,0.0,6.100421113532812,0,LOW RISK,No major suspicious signals detected.
U152,31.664177712762854,0.0,0.0,0.0,0.0,0.0,0.0,0.0,0.0,0.0,0.0,7.916044428190713,0,LOW RISK,No major suspicious signals detected.
U153,13.67557391747627,0.0,0.0,0.0,0.0,0.0,0.0,0.0,0.0,0.0,0.0,3.4188934793690673,0,LOW RISK,No major suspicious signals detected.
U154,20.76846194811037,0.16666666666666666,0.16666666666666666,16.666666666666664,16.666666666666664,0.0,0.0,0.0,0.0,0.0,0.0,8.525448820360925,0,LOW RISK,No major suspicious signals detected.
U155,36.816839193388034,0.25,0.25,25.0,25.0,0.0,0.0,0.0,0.0,0.0,0.0,14.204209798347009,0,LOW RISK,No major suspicious signals detected.
U156,8.155286509374667,0.0,0.0,0.0,0.0,0.0,0.0,0.0,0.0,0.0,0.0,2.038821627343667,0,LOW RISK,No major suspicious signals detected.
U157,22.83809186149088,0.0,0.0,0.0,0.0,0.0,0.0,0.0,0.0,0.0,0.0,5.70952296537272,0,LOW RISK,No major suspicious signals detected.
U158,8.333356156277723,0.5,0.5,50.0,50.0,0.0,0.0,0.0,0.0,0.0,0.0,12.08333903906943,0,LOW RISK,"Suspicious because of: high spam activity, repeated content."
U159,52.03711579078004,0.2857142857142857,0.2857142857142857,28.57142857142857,28.57142857142857,0.0,0.0,0.0,0.0,0.0,0.0,18.723564661980724,0,LOW RISK,Suspicious because of: moderate bot-like behavior.
U160,21.19079053823148,0.0,0.0,0.0,0.0,0.0,0.0,0.0,0.0,0.0,0.0,5.29769763455787,0,LOW RISK,No major suspicious signals detected.
U161,12.943134173452682,0.0,0.0,0.0,0.0,0.0,0.0,0.0,0.0,0.0,0.0,3.2357835433631705,0,LOW RISK,No major suspicious signals detected.
U162,23.262363413145888,0.0,0.0,0.0,0.0,0.0,0.0,0.0,0.0,0.0,0.0,5.815590853286472,0,LOW RISK,No major suspicious signals detected.
U163,56.6978819433845,0.0,0.0,0.0,0.0,0.0,0.0,0.0,0.0,0.0,0.0,14.174470485846125,0,LOW RISK,Suspicious because of: moderate bot-like behavior.
U164,28.79618042149655,0.0,0.0,0.0,0.0,0.0,0.0,0.0,0.0,0.0,0.0,7.199045105374138,0,LOW RISK,No major suspicious signals detected.
U165,22.15387388458452,0.0,0.0,0.0,0.0,0.0,0.0,0.0,0.0,0.0,0.0,5.53846847114613,0,LOW RISK,No major suspicious signals detected.
U166,29.43105502725876,0.16666666666666666,0.16666666666666666,16.666666666666664,16.666666666666664,0.0,0.0,0.0,0.0,0.0,0.0,10.691097090148023,0,LOW RISK,No major suspicious signals detected.
U167,16.735775902401787,0.0,0.0,0.0,0.0,0.0,0.0,0.0,0.0,0.0,0.0,4.183943975600447,0,LOW RISK,No major suspicious signals detected.
U168,20.608884997114444,0.0,0.0,0.0,0.0,0.0,0.0,0.0,0.0,0.0,0.0,5.152221249278611,0,LOW RISK,No major suspicious signals detected.
U169,22.27104311266358,0.0,0.0,0.0,0.0,0.0,0.0,0.0,0.0,0.0,0.0,5.567760778165895,0,LOW RISK,No major suspicious signals detected.
U170,34.19962163211557,0.0,0.0,0.0,0.0,0.0,0.0,0.0,0.0,0.0,0.0,8.549905408028893,0,LOW RISK,No major suspicious signals detected.
U171,19.543842030802143,0.0,0.0,0.0,0.0,0.0,0.0,0.0,0.0,0.0,0.0,4.885960507700536,0,LOW RISK,No major suspicious signals detected.
U172,32.470601289037695,0.0,0.0,0.0,0.0,0.0,0.0,0.0,0.0,0.0,0.0,8.117650322259424,0,LOW RISK,No major suspicious signals detected.
U173,37.87436422116815,0.0,0.0,0.0,0.0,0.0,0.0,0.0,0.0,0.0,0.0,9.468591055292038,0,LOW RISK,No major suspicious signals detected.
U174,17.511156267280274,0.0,0.0,0.0,0.0,0.0,0.0,0.0,0.0,0.0,0.0,4.3777890668200685,0,LOW RISK,No major suspicious signals detected.
U175,26.83943336962381,0.0,0.3333333333333333,0.0,33.33333333333333,0.0,0.0,0.0,0.0,0.0,0.0,10.043191675739285,0,LOW RISK,No major suspicious signals detected.
U176,11.928456454079276,0.0,0.0,0.0,0.0,0.0,0.0,0.0,0.0,0.0,0.0,2.982114113519819,0,LOW RISK,No major suspicious signals detected.
U177,11.08915998792748,0.2,0.2,20.0,20.0,0.0,0.0,0.0,0.0,0.0,0.0,6.77228999698187,0,LOW RISK,No major suspicious signals detected.
U178,15.148297033887587,0.0,0.0,0.0,0.0,0.0,0.0,0.0,0.0,0.0,0.0,3.787074258471897,0,LOW RISK,No major suspicious signals detected.
U179,38.81666457930777,0.2,0.2,20.0,20.0,0.0,0.0,0.0,0.0,0.0,0.0,13.704166144826942,0,LOW RISK,No major suspicious signals detected.
U180,21.77454293249893,0.0,0.0,0.0,0.0,0.0,0.0,0.0,0.0,0.0,0.0,5.443635733124733,0,LOW RISK,No major suspicious signals detected.
U181,25.85504633465465,0.0,0.0,0.0,0.0,0.0,0.0,0.0,0.0,0.0,0.0,6.463761583663662,0,LOW RISK,No major suspicious signals detected.
U182,14.03631166317424,0.16666666666666666,0.16666666666666666,16.666666666666664,16.666666666666664,0.0,0.0,0.0,0.0,0.0,0.0,6.842411249126894,0,LOW RISK,No major suspicious signals detected.
U183,36.52211983417276,0.0,0.0,0.0,0.0,0.0,0.0,0.0,0.0,0.0,0.0,9.13052995854319,0,LOW RISK,No major suspicious signals detected.
U184,29.27335738444193,0.0,0.0,0.0,0.0,0.0,0.0,0.0,0.0,0.0,0.0,7.318339346110482,0,LOW RISK,No major suspicious signals detected.
U185,35.78069695079097,0.0,0.0,0.0,0.0,0.0,0.0,0.0,0.0,0.0,0.0,8.945174237697742,0,LOW RISK,No major suspicious signals detected.
U186,24.523962411472027,0.16666666666666666,0.16666666666666666,16.666666666666664,16.666666666666664,0.0,0.0,0.0,0.0,0.0,0.0,9.464323936201339,0,LOW RISK,No major suspicious signals detected.
U187,22.479991274940616,0.2857142857142857,0.2857142857142857,28.57142857142857,28.57142857142857,0.0,0.0,0.0,0.0,0.0,0.0,11.33428353302087,0,LOW RISK,No major suspicious signals detected.
U188,13.095353894826086,0.0,0.0,0.0,0.0,0.0,0.0,0.0,0.0,0.0,0.0,3.2738384737065216,0,LOW RISK,No major suspicious signals detected.
U189,10.497181174108231,0.0,0.16666666666666666,0.0,16.666666666666664,0.0,0.0,0.0,0.0,0.0,0.0,4.290961960193725,0,LOW RISK,No major suspicious signals detected.
U190,29.001320735149424,0.0,0.25,0.0,25.0,0.0,0.0,0.0,0.0,0.0,0.0,9.750330183787355,0,LOW RISK,No major suspicious signals detected.
U191,32.8164488682682,0.0,0.0,0.0,0.0,0.0,0.0,0.0,0.0,0.0,0.0,8.20411221706705,0,LOW RISK,No major suspicious signals detected.
U192,27.61593179604956,0.0,0.0,0.0,0.0,0.0,0.0,0.0,0.0,0.0,0.0,6.90398294901239,0,LOW RISK,No major suspicious signals detected.
U193,32.13293719804148,0.0,0.0,0.0,0.0,0.0,0.0,0.0,0.0,0.0,0.0,8.03323429951037,0,LOW RISK,No major suspicious signals detected.
U194,30.329387009797397,0.0,0.3333333333333333,0.0,33.33333333333333,0.0,0.0,0.0,0.0,0.0,0.0,10.915680085782682,0,LOW RISK,No major suspicious signals detected.
U195,29.68176521284252,0.0,0.0,0.0,0.0,0.0,0.0,0.0,0.0,0.0,0.0,7.42044130321063,0,LOW RISK,No major suspicious signals detected.
U196,53.49661147082973,0.0,0.0,0.0,0.0,0.0,0.0,0.0,0.0,0.0,0.0,13.374152867707432,0,LOW RISK,Suspicious because of: moderate bot-like behavior.
U197,21.58623999710795,0.0,0.0,0.0,0.0,0.0,0.0,0.0,0.0,0.0,0.0,5.396559999276987,0,LOW RISK,No major suspicious signals detected.
U198,13.162662262827954,0.0,0.0,0.0,0.0,0.0,0.0,0.0,0.0,0.0,0.0,3.2906655657069885,0,LOW RISK,No major suspicious signals detected.
U199,26.215076214185583,0.0,0.0,0.0,0.0,0.0,0.0,0.0,0.0,0.0,0.0,6.553769053546396,0,LOW RISK,No major suspicious signals detected.
U200,48.84828835902796,0.3333333333333333,0.3333333333333333,33.33333333333333,33.33333333333333,0.0,0.0,0.0,0.0,0.0,0.0,18.878738756423655,0,LOW RISK,No major suspicious signals detected.
U201,12.261839660310129,0.0,0.2,0.0,20.0,0.0,0.0,0.0,0.0,0.0,0.0,5.065459915077533,0,LOW RISK,No major suspicious signals detected.
U202,26.57996318179603,0.0,0.0,0.0,0.0,0.0,0.0,0.0,0.0,0.0,0.0,6.644990795449007,0,LOW RISK,No major suspicious signals detected.
U203,60.66823714888227,0.0,0.0,0.0,0.0,0.0,0.0,0.0,0.0,0.0,0.0,15.167059287220567,0,LOW RISK,Suspicious because of: moderate bot-like behavior.
U204,7.875148466498363,0.0,0.14285714285714285,0.0,14.285714285714285,0.0,0.0,0.0,0.0,0.0,0.0,3.3973585451960195,0,LOW RISK,No major suspicious signals detected.
U205,6.203160793568018,0.0,0.0,0.0,0.0,0.0,0.0,0.0,0.0,0.0,0.0,1.5507901983920045,0,LOW RISK,No major suspicious signals detected.
U206,17.19735366788721,0.0,0.0,0.0,0.0,0.0,0.0,0.0,0.0,0.0,0.0,4.2993384169718025,0,LOW RISK,No major suspicious signals detected.
U207,25.01340042662339,0.2857142857142857,0.2857142857142857,28.57142857142857,28.57142857142857,0.0,0.0,0.0,0.0,0.0,0.0,11.967635820941563,0,LOW RISK,No major suspicious signals detected.
U208,29.701302298068097,0.0,0.0,0.0,0.0,0.0,0.0,0.0,0.0,0.0,0.0,7.425325574517024,0,LOW RISK,No major suspicious signals detected.
U209,13.800312797715476,0.0,0.0,0.0,0.0,0.0,0.0,0.0,0.0,0.0,0.0,3.450078199428869,0,LOW RISK,No major suspicious signals detected.
U210,11.826236849796476,0.0,0.14285714285714285,0.0,14.285714285714285,0.0,0.0,0.0,0.0,0.0,0.0,4.385130641020548,0,LOW RISK,No major suspicious signals detected.
U211,24.71884981678854,0.0,0.25,0.0,25.0,0.0,0.0,0.0,0.0,0.0,0.0,8.679712454197135,0,LOW RISK,No major suspicious signals detected.
U212,18.98755921203748,0.0,0.0,0.0,0.0,0.0,0.0,0.0,0.0,0.0,0.0,4.74688980300937,0,LOW RISK,No major suspicious signals detected.
U213,16.636715293991028,0.0,0.0,0.0,0.0,0.0,0.0,0.0,0.0,0.0,0.0,4.159178823497757,0,LOW RISK,No major suspicious signals detected.
U214,26.97708854828108,0.0,0.0,0.0,0.0,0.0,0.0,0.0,0.0,0.0,0.0,6.74427213707027,0,LOW RISK,No major suspicious signals detected.
U215,44.43116514098018,0.0,0.0,0.0,0.0,0.0,0.0,0.0,0.0,0.0,0.0,11.107791285245044,0,LOW RISK,No major suspicious signals detected.
U216,33.3774904840052,0.14285714285714285,0.14285714285714285,14.285714285714285,14.285714285714285,0.0,0.0,0.0,0.0,0.0,0.0,11.201515478144158,0,LOW RISK,No major suspicious signals detected.
U217,6.24587358069747,0.0,0.16666666666666666,0.0,16.666666666666664,0.0,0.0,0.0,0.0,0.0,0.0,3.228135061841034,0,LOW RISK,No major suspicious signals detected.
U218,27.61506300924572,0.0,0.0,0.0,0.0,0.0,0.0,0.0,0.0,0.0,0.0,6.90376575231143,0,LOW RISK,No major suspicious signals detected.
U219,16.09497070576615,0.0,0.0,0.0,0.0,0.0,0.0,0.0,0.0,0.0,0.0,4.023742676441538,0,LOW RISK,No major suspicious signals detected.
U220,57.88820389659854,0.0,0.0,0.0,0.0,0.0,0.0,0.0,0.0,0.0,0.0,14.472050974149635,0,LOW RISK,Suspicious because of: moderate bot-like behavior.
U221,30.51343506069662,0.0,0.0,0.0,0.0,0.0,0.0,0.0,0.0,0.0,0.0,7.628358765174155,0,LOW RISK,No major suspicious signals detected.
U222,30.899523606173545,0.0,0.0,0.0,0.0,0.0,0.0,0.0,0.0,0.0,0.0,7.724880901543386,0,LOW RISK,No major suspicious signals detected.
U223,71.69843220150761,0.0,0.0,0.0,0.0,0.0,0.0,0.0,0.0,0.0,0.0,17.924608050376904,0,LOW RISK,Suspicious because of: high bot-like account behavior.
U224,38.35860319655066,0.2,0.2,20.0,20.0,0.0,0.0,0.0,0.0,0.0,0.0,13.589650799137665,0,LOW RISK,No major suspicious signals detected.
U225,54.89892245617774,0.0,0.0,0.0,0.0,0.0,0.0,0.0,0.0,0.0,0.0,13.724730614044436,0,LOW RISK,Suspicious because of: moderate bot-like behavior.
U226,38.39416999268581,0.0,0.0,0.0,0.0,0.0,0.0,0.0,0.0,0.0,0.0,9.598542498171453,0,LOW RISK,No major suspicious signals detected.
U227,18.29386342673664,0.0,0.25,0.0,25.0,0.0,0.0,0.0,0.0,0.0,0.0,7.07346585668416,0,LOW RISK,No major suspicious signals detected.
U228,71.975338400662,0.16666666666666666,0.16666666666666666,16.666666666666664,16.666666666666664,0.0,0.0,0.0,0.0,0.0,0.0,21.327167933498835,0,LOW RISK,Suspicious because of: high bot-like account behavior.
U229,30.867917492766217,0.0,0.0,0.0,0.0,0.0,0.0,0.0,0.0,0.0,0.0,7.716979373191554,0,LOW RISK,No major suspicious signals detected.
U230,23.181545526881983,0.0,0.0,0.0,0.0,0.0,0.0,0.0,0.0,0.0,0.0,5.795386381720496,0,LOW RISK,No major suspicious signals detected.
U231,25.56607375782036,0.0,0.0,0.0,0.0,0.0,0.0,0.0,0.0,0.0,0.0,6.39151843945509,0,LOW RISK,No major suspicious signals detected.
U232,26.443347696439105,0.0,0.0,0.0,0.0,0.0,0.0,0.0,0.0,0.0,0.0,6.610836924109776,0,LOW RISK,No major suspicious signals detected.
U233,22.171240850857014,0.0,0.0,0.0,0.0,0.0,0.0,0.0,0.0,0.0,0.0,5.542810212714254,0,LOW RISK,No major suspicious signals detected.
U234,33.66234278437154,0.0,0.0,0.0,0.0,0.0,0.0,0.0,0.0,0.0,0.0,8.415585696092885,0,LOW RISK,No major suspicious signals detected.
U235,21.225537572088484,0.0,0.0,0.0,0.0,0.0,0.0,0.0,0.0,0.0,0.0,5.306384393022121,0,LOW RISK,No major suspicious signals detected.
U236,35.49385344572425,0.0,0.0,0.0,0.0,0.0,0.0,0.0,0.0,0.0,0.0,8.873463361431062,0,LOW RISK,No major suspicious signals detected.
U237,30.389814464492737,0.2,0.2,20.0,20.0,0.0,0.0,0.0,0.0,0.0,0.0,11.597453616123184,0,LOW RISK,No major suspicious signals detected.
U238,60.13247815471736,0.0,0.0,0.0,0.0,0.0,0.0,0.0,0.0,0.0,0.0,15.03311953867934,0,LOW RISK,Suspicious because of: moderate bot-like behavior.
U239,33.89182057737584,0.0,0.0,0.0,0.0,0.0,0.0,0.0,0.0,0.0,0.0,8.47295514434396,0,LOW RISK,No major suspicious signals detected.
U240,35.36521644882412,0.0,0.0,0.0,0.0,0.0,0.0,0.0,0.0,0.0,0.0,8.84130411220603,0,LOW RISK,No major suspicious signals detected.
U241,33.8294940190324,0.0,0.0,0.0,0.0,0.0,0.0,0.0,0.0,0.0,0.0,8.4573735047581,0,LOW RISK,No major suspicious signals detected.
U242,18.84968606631884,0.0,0.0,0.0,0.0,0.0,0.0,0.0,0.0,0.0,0.0,4.71242151657971,0,LOW RISK,No major suspicious signals detected.
U243,29.572971390931848,0.0,0.0,0.0,0.0,0.0,0.0,0.0,0.0,0.0,0.0,7.393242847732962,0,LOW RISK,No major suspicious signals detected.
U244,40.28003745318249,0.25,0.25,25.0,25.0,0.0,0.0,0.0,0.0,0.0,0.0,15.070009363295622,0,LOW RISK,No major suspicious signals detected.
U245,22.54854108215816,0.0,0.0,0.0,0.0,0.0,0.0,0.0,0.0,0.0,0.0,5.63713527053954,0,LOW RISK,No major suspicious signals detected.
U246,23.27007087519364,0.16666666666666666,0.16666666666666666,16.666666666666664,16.666666666666664,0.0,0.0,0.0,0.0,0.0,0.0,9.150851052131742,0,LOW RISK,No major suspicious signals detected.
U247,19.35869244294258,0.0,0.0,0.0,0.0,0.0,0.0,0.0,0.0,0.0,0.0,4.839673110735645,0,LOW RISK,No major suspicious signals detected.
U248,11.97847244530078,0.0,0.0,0.0,0.0,0.0,0.0,0.0,0.0,0.0,0.0,2.994618111325195,0,LOW RISK,No major suspicious signals detected.
U249,8.285678364776562,0.0,0.0,0.0,0.0,0.0,0.0,0.0,0.0,0.0,0.0,2.0714195911941404,0,LOW RISK,No major suspicious signals detected.
U250,84.18007320187672,0.2,0.2,20.0,20.0,0.0,0.0,0.0,0.0,0.0,0.0,25.04501830046918,0,LOW RISK,Suspicious because of: high bot-like account behavior.
U251,48.81682557728544,0.0,0.0,0.0,0.0,0.0,0.0,0.0,0.0,0.0,0.0,12.20420639432136,0,LOW RISK,No major suspicious signals detected.
U252,30.69523232613664,0.0,0.0,0.0,0.0,0.0,0.0,0.0,0.0,0.0,0.0,7.67380808153416,0,LOW RISK,No major suspicious signals detected.
U253,30.81969273022752,0.0,0.0,0.0,0.0,0.0,0.0,0.0,0.0,0.0,0.0,7.70492318255688,0,LOW RISK,No major suspicious signals detected.
U254,22.71979966816284,0.0,0.0,0.0,0.0,0.0,0.0,0.0,0.0,0.0,0.0,5.67994991704071,0,LOW RISK,No major suspicious signals detected.
U255,10.752705198665574,0.25,0.25,25.0,25.0,0.0,0.0,0.0,0.0,0.0,0.0,7.688176299666393,0,LOW RISK,No major suspicious signals detected.
U256,16.826582692761644,0.1,0.1,10.0,10.0,0.0,0.0,0.0,0.0,0.0,0.0,6.206645673190411,0,LOW RISK,No major suspicious signals detected.
U257,29.282285675304124,0.0,0.0,0.0,0.0,0.0,0.0,0.0,0.0,0.0,0.0,7.320571418826031,0,LOW RISK,No major suspicious signals detected.
U258,18.905338697823115,0.0,0.0,0.0,0.0,0.0,0.0,0.0,0.0,0.0,0.0,4.726334674455779,0,LOW RISK,No major suspicious signals detected.
U259,27.2207875414476,0.0,0.0,0.0,0.0,0.0,0.0,0.0,0.0,0.0,0.0,6.8051968853619,0,LOW RISK,No major suspicious signals detected.
U260,17.319074985484132,0.0,0.0,0.0,0.0,0.0,0.0,0.0,0.0,0.0,0.0,4.329768746371033,0,LOW RISK,No major suspicious signals detected.
U261,13.83306769149982,0.0,0.0,0.0,0.0,0.0,0.0,0.0,0.0,0.0,0.0,3.458266922874955,0,LOW RISK,No major suspicious signals detected.
U262,30.95468316883096,0.0,0.0,0.0,0.0,0.0,0.0,0.0,0.0,0.0,0.0,7.73867079220774,0,LOW RISK,No major suspicious signals detected.
U263,32.437315325546386,0.0,0.0,0.0,0.0,0.0,0.0,0.0,0.0,0.0,0.0,8.109328831386597,0,LOW RISK,No major suspicious signals detected.
U264,36.0109709211289,1.0,1.0,100.0,100.0,0.0,0.0,0.0,0.0,0.0,0.0,29.002742730282225,0,LOW RISK,"Suspicious because of: high spam activity, repeated content."
U265,28.94337856682932,0.0,0.0,0.0,0.0,0.0,0.0,0.0,0.0,0.0,0.0,7.23584464170733,0,LOW RISK,No major suspicious signals detected.
U266,48.549797032305285,0.0,0.0,0.0,0.0,0.0,0.0,0.0,0.0,0.0,0.0,12.137449258076321,0,LOW RISK,No major suspicious signals detected.
U267,16.285643845153885,0.14285714285714285,0.14285714285714285,14.285714285714285,14.285714285714285,0.0,0.0,0.0,0.0,0.0,0.0,6.928553818431329,0,LOW RISK,No major suspicious signals detected.
U268,21.951112335469528,0.0,0.0,0.0,0.0,0.0,0.0,0.0,0.0,0.0,0.0,5.487778083867382,0,LOW RISK,No major suspicious signals detected.
U269,25.06724746782321,0.125,0.125,12.5,12.5,0.0,0.0,0.0,0.0,0.0,0.0,8.766811866955802,0,LOW RISK,No major suspicious signals detected.
U270,57.390362333483154,0.0,0.0,0.0,0.0,0.0,0.0,0.0,0.0,0.0,0.0,14.347590583370788,0,LOW RISK,Suspicious because of: moderate bot-like behavior.
U271,27.898122740657623,0.0,0.0,0.0,0.0,0.0,0.0,0.0,0.0,0.0,0.0,6.974530685164406,0,LOW RISK,No major suspicious signals detected.
U272,20.50785167649349,0.0,0.0,0.0,0.0,0.0,0.0,0.0,0.0,0.0,0.0,5.126962919123373,0,LOW RISK,No major suspicious signals detected.
U273,8.16333026682742,0.0,0.0,0.0,0.0,0.0,0.0,0.0,0.0,0.0,0.0,2.040832566706855,0,LOW RISK,No major suspicious signals detected.
U274,23.34913751210352,0.0,0.0,0.0,0.0,0.0,0.0,0.0,0.0,0.0,0.0,5.83728437802588,0,LOW RISK,No major suspicious signals detected.
U275,36.33509537764209,0.0,0.0,0.0,0.0,0.0,0.0,0.0,0.0,0.0,0.0,9.083773844410523,0,LOW RISK,No major suspicious signals detected.
U276,33.69907343435904,0.0,0.0,0.0,0.0,0.0,0.0,0.0,0.0,0.0,0.0,8.42476835858976,0,LOW RISK,No major suspicious signals detected.
U277,20.299287521979693,0.0,0.0,0.0,0.0,0.0,0.0,0.0,0.0,0.0,0.0,5.074821880494923,0,LOW RISK,No major suspicious signals detected.
U278,25.485455399579084,0.0,0.0,0.0,0.0,0.0,0.0,0.0,0.0,0.0,0.0,6.371363849894771,0,LOW RISK,No major suspicious signals detected.
U279,12.06294501775264,0.0,0.3333333333333333,0.0,33.33333333333333,0.0,0.0,0.0,0.0,0.0,0.0,6.349069587771493,0,LOW RISK,No major suspicious signals detected.
U280,34.19214619693093,0.16666666666666666,0.16666666666666666,16.666666666666664,16.666666666666664,0.0,0.0,0.0,0.0,0.0,0.0,11.881369882566064,0,LOW RISK,No major suspicious signals detected.
U281,53.7609006977471,0.0,0.0,0.0,0.0,0.0,0.0,0.0,0.0,0.0,0.0,13.440225174436774,0,LOW RISK,Suspicious because of: moderate bot-like behavior.
U282,16.759592690754232,0.0,0.0,0.0,0.0,0.0,0.0,0.0,0.0,0.0,0.0,4.189898172688558,0,LOW RISK,No major suspicious signals detected.
U283,8.718127772538852,0.0,0.0,0.0,0.0,0.0,0.0,0.0,0.0,0.0,0.0,2.179531943134713,0,LOW RISK,No major suspicious signals detected.
U284,52.46848339676247,0.0,0.0,0.0,0.0,0.0,0.0,0.0,0.0,0.0,0.0,13.117120849190618,0,LOW RISK,Suspicious because of: moderate bot-like behavior.
U285,39.24583305969264,0.0,0.0,0.0,0.0,0.0,0.0,0.0,0.0,0.0,0.0,9.81145826492316,0,LOW RISK,No major suspicious signals detected.
U286,22.77394088750649,0.0,0.0,0.0,0.0,0.0,0.0,0.0,0.0,0.0,0.0,5.693485221876623,0,LOW RISK,No major suspicious signals detected.
U287,23.70601811710792,0.0,0.0,0.0,0.0,0.0,0.0,0.0,0.0,0.0,0.0,5.92650452927698,0,LOW RISK,No major suspicious signals detected.
U288,18.16849947737227,0.0,0.0,0.0,0.0,0.0,0.0,0.0,0.0,0.0,0.0,4.542124869343067,0,LOW RISK,No major suspicious signals detected.
U289,21.745369940882423,0.0,0.0,0.0,0.0,0.0,0.0,0.0,0.0,0.0,0.0,5.436342485220606,0,LOW RISK,No major suspicious signals detected.
U290,16.74708845167031,0.0,0.0,0.0,0.0,0.0,0.0,0.0,0.0,0.0,0.0,4.186772112917578,0,LOW RISK,No major suspicious signals detected.
U291,27.693528705819656,0.0,0.0,0.0,0.0,0.0,0.0,0.0,0.0,0.0,0.0,6.923382176454914,0,LOW RISK,No major suspicious signals detected.
U292,21.84450339333984,0.5,0.5,50.0,50.0,0.0,0.0,0.0,0.0,0.0,0.0,15.461125848334959,0,LOW RISK,"Suspicious because of: high spam activity, repeated content."
U293,24.691675989128274,0.0,0.0,0.0,0.0,0.0,0.0,0.0,0.0,0.0,0.0,6.172918997282069,0,LOW RISK,No major suspicious signals detected.
U294,33.52261797238916,0.0,0.0,0.0,0.0,0.0,0.0,0.0,0.0,0.0,0.0,8.38065449309729,0,LOW RISK,No major suspicious signals detected.
U295,19.09949522024613,0.0,0.0,0.0,0.0,0.0,0.0,0.0,0.0,0.0,0.0,4.7748738050615325,0,LOW RISK,No major suspicious signals detected.
U296,33.405212591437085,0.0,0.0,0.0,0.0,0.0,0.0,0.0,0.0,0.0,0.0,8.351303147859271,0,LOW RISK,No major suspicious signals detected.
U297,22.79069514835875,0.0,0.0,0.0,0.0,0.0,0.0,0.0,0.0,0.0,0.0,5.697673787089688,0,LOW RISK,No major suspicious signals detected.
U298,21.42194541632081,0.0,0.0,0.0,0.0,0.0,0.0,0.0,0.0,0.0,0.0,5.3554863540802025,0,LOW RISK,No major suspicious signals detected.
U299,9.448471683845025,0.0,0.0,0.0,0.0,0.0,0.0,0.0,0.0,0.0,0.0,2.362117920961256,0,LOW RISK,No major suspicious signals detected.
U300,56.81543394470242,0.16666666666666666,0.16666666666666666,16.666666666666664,16.666666666666664,0.0,0.0,0.0,0.0,0.0,0.0,17.537191819508937,0,LOW RISK,Suspicious because of: moderate bot-like behavior.
U301,22.15454265233753,0.0,0.0,0.0,0.0,0.0,0.0,0.0,0.0,0.0,0.0,5.538635663084382,0,LOW RISK,No major suspicious signals detected.
U302,21.166785243280422,0.0,0.16666666666666666,0.0,16.666666666666664,0.0,0.0,0.0,0.0,0.0,0.0,6.958362977486772,0,LOW RISK,No major suspicious signals detected.
U303,36.77638942416306,0.0,0.0,0.0,0.0,0.0,0.0,0.0,0.0,0.0,0.0,9.194097356040764,0,LOW RISK,No major suspicious signals detected.
U304,26.223380910209336,0.0,0.25,0.0,25.0,0.0,0.0,0.0,0.0,0.0,0.0,9.055845227552334,0,LOW RISK,No major suspicious signals detected.
U305,31.701144693923133,0.0,0.0,0.0,0.0,0.0,0.0,0.0,0.0,0.0,0.0,7.925286173480783,0,LOW RISK,No major suspicious signals detected.
U306,27.260032414837944,0.14285714285714285,0.14285714285714285,14.285714285714285,14.285714285714285,0.0,0.0,0.0,0.0,0.0,0.0,9.672150960852344,0,LOW RISK,No major suspicious signals detected.
U307,35.6346728412786,0.0,0.0,0.0,0.0,0.0,0.0,0.0,0.0,0.0,0.0,8.90866821031965,0,LOW RISK,No major suspicious signals detected.
U308,31.436224801572266,0.0,0.0,0.0,0.0,0.0,0.0,0.0,0.0,0.0,0.0,7.859056200393066,0,LOW RISK,No major suspicious signals detected.
U309,21.593200167223134,0.0,0.0,0.0,0.0,0.0,0.0,0.0,0.0,0.0,0.0,5.398300041805784,0,LOW RISK,No major suspicious signals detected.
U310,18.714033386038757,0.09090909090909091,0.09090909090909091,9.090909090909092,9.090909090909092,0.0,0.0,0.0,0.0,0.0,0.0,6.496690164691508,0,LOW RISK,No major suspicious signals detected.
U311,10.385722181337812,0.0,0.0,0.0,0.0,0.0,0.0,0.0,0.0,0.0,0.0,2.596430545334453,0,LOW RISK,No major suspicious signals detected.
U312,19.27882278272424,0.0,0.0,0.0,0.0,0.0,0.0,0.0,0.0,0.0,0.0,4.81970569568106,0,LOW RISK,No major suspicious signals detected.
U313,19.395942958338768,0.0,0.0,0.0,0.0,0.0,0.0,0.0,0.0,0.0,0.0,4.848985739584692,0,LOW RISK,No major suspicious signals detected.
U314,13.105267152556358,0.0,0.0,0.0,0.0,0.0,0.0,0.0,0.0,0.0,0.0,3.2763167881390896,0,LOW RISK,No major suspicious signals detected.
U315,12.517249931397057,0.0,0.0,0.0,0.0,0.0,0.0,0.0,0.0,0.0,0.0,3.129312482849264,0,LOW RISK,No major suspicious signals detected.
U316,22.55838393442719,0.25,0.25,25.0,25.0,0.0,0.0,0.0,0.0,0.0,0.0,10.639595983606798,0,LOW RISK,No major suspicious signals detected.
U317,22.093584554503177,0.0,0.0,0.0,0.0,0.0,0.0,0.0,0.0,0.0,0.0,5.523396138625794,0,LOW RISK,No major suspicious signals detected.
U318,27.448493973931225,0.0,0.0,0.0,0.0,0.0,0.0,0.0,0.0,0.0,0.0,6.862123493482806,0,LOW RISK,No major suspicious signals detected.
U319,30.76587431531528,0.0,0.0,0.0,0.0,0.0,0.0,0.0,0.0,0.0,0.0,7.69146857882882,0,LOW RISK,No major suspicious signals detected.
U320,24.172079786829084,0.3333333333333333,0.3333333333333333,33.33333333333333,33.33333333333333,0.0,0.0,0.0,0.0,0.0,0.0,12.709686613373936,0,LOW RISK,No major suspicious signals detected.
U321,18.072082364775238,0.25,0.25,25.0,25.0,0.0,0.0,0.0,0.0,0.0,0.0,9.51802059119381,0,LOW RISK,No major suspicious signals detected.
U322,29.106383748812547,0.0,0.0,0.0,0.0,0.0,0.0,0.0,0.0,0.0,0.0,7.276595937203137,0,LOW RISK,No major suspicious signals detected.
U323,22.978181784085663,0.0,0.0,0.0,0.0,0.0,0.0,0.0,0.0,0.0,0.0,5.744545446021416,0,LOW RISK,No major suspicious signals detected.
U324,26.89354518869525,0.0,0.0,0.0,0.0,0.0,0.0,0.0,0.0,0.0,0.0,6.723386297173812,0,LOW RISK,No major suspicious signals detected.
U325,12.817519408051089,0.0,0.0,0.0,0.0,0.0,0.0,0.0,0.0,0.0,0.0,3.204379852012772,0,LOW RISK,No major suspicious signals detected.
U326,29.162507408462343,0.0,0.0,0.0,0.0,0.0,0.0,0.0,0.0,0.0,0.0,7.290626852115586,0,LOW RISK,No major suspicious signals detected.
U327,28.749343592104,0.0,0.0,0.0,0.0,0.0,0.0,0.0,0.0,0.0,0.0,7.187335898026,0,LOW RISK,No major suspicious signals detected.
U328,14.809615179767611,0.0,0.0,0.0,0.0,0.0,0.0,0.0,0.0,0.0,0.0,3.702403794941903,0,LOW RISK,No major suspicious signals detected.
U329,20.79911560915055,0.0,0.0,0.0,0.0,0.0,0.0,0.0,0.0,0.0,0.0,5.199778902287638,0,LOW RISK,No major suspicious signals detected.
U330,24.23214016206388,0.25,0.25,25.0,25.0,0.0,0.0,0.0,0.0,0.0,0.0,11.058035040515971,0,LOW RISK,No major suspicious signals detected.
U331,34.56101440527851,0.0,0.0,0.0,0.0,0.0,0.0,0.0,0.0,0.0,0.0,8.640253601319628,0,LOW RISK,No major suspicious signals detected.
U332,24.81750287988887,0.0,0.0,0.0,0.0,0.0,0.0,0.0,0.0,0.0,0.0,6.204375719972218,0,LOW RISK,No major suspicious signals detected.
U333,30.90488900216266,0.0,0.0,0.0,0.0,0.0,0.0,0.0,0.0,0.0,0.0,7.726222250540665,0,LOW RISK,No major suspicious signals detected.
U334,29.102305473981037,0.0,0.0,0.0,0.0,0.0,0.0,0.0,0.0,0.0,0.0,7.275576368495259,0,LOW RISK,No major suspicious signals detected.
U335,28.845394068083294,0.1111111111111111,0.1111111111111111,11.11111111111111,11.11111111111111,0.0,0.0,0.0,0.0,0.0,0.0,9.433570739243045,0,LOW RISK,No major suspicious signals detected.
U336,26.585443510156725,0.0,0.0,0.0,0.0,0.0,0.0,0.0,0.0,0.0,0.0,6.646360877539181,0,LOW RISK,No major suspicious signals detected.
U337,24.58364464794565,0.0,0.0,0.0,0.0,0.0,0.0,0.0,0.0,0.0,0.0,6.145911161986413,0,LOW RISK,No major suspicious signals detected.
U338,23.91860540968198,0.0,0.0,0.0,0.0,0.0,0.0,0.0,0.0,0.0,0.0,5.979651352420495,0,LOW RISK,No major suspicious signals detected.
U339,5.519596628727037,0.0,0.0,0.0,0.0,0.0,0.0,0.0,0.0,0.0,0.0,1.3798991571817592,0,LOW RISK,No major suspicious signals detected.
U340,10.849780326514104,0.0,0.0,0.0,0.0,0.0,0.0,0.0,0.0,0.0,0.0,2.712445081628526,0,LOW RISK,No major suspicious signals detected.
U341,19.42562285425893,0.0,0.0,0.0,0.0,0.0,0.0,0.0,0.0,0.0,0.0,4.856405713564732,0,LOW RISK,No major suspicious signals detected.
U342,16.094345873537183,0.0,0.0,0.0,0.0,0.0,0.0,0.0,0.0,0.0,0.0,4.023586468384296,0,LOW RISK,No major suspicious signals detected.
U343,25.41574913729684,0.0,0.0,0.0,0.0,0.0,0.0,0.0,0.0,0.0,0.0,6.35393728432421,0,LOW RISK,No major suspicious signals detected.
U344,58.13252108211955,0.25,0.25,25.0,25.0,0.0,0.0,0.0,0.0,0.0,0.0,19.533130270529888,0,LOW RISK,Suspicious because of: moderate bot-like behavior.
U345,10.924094648364946,0.18181818181818182,0.2727272727272727,18.181818181818183,27.27272727272727,0.0,0.0,0.0,0.0,0.0,0.0,7.276478207545782,0,LOW RISK,No major suspicious signals detected.
U346,16.03453286758633,0.5,0.5,50.0,50.0,0.0,0.0,0.0,0.0,0.0,0.0,14.008633216896582,0,LOW RISK,"Suspicious because of: high spam activity, repeated content."
U347,17.449556059354563,0.0,0.0,0.0,0.0,0.0,0.0,0.0,0.0,0.0,0.0,4.362389014838641,0,LOW RISK,No major suspicious signals detected.
U348,60.69976742489983,0.0,0.0,0.0,0.0,0.0,0.0,0.0,0.0,0.0,0.0,15.174941856224958,0,LOW RISK,Suspicious because of: moderate bot-like behavior.
U349,41.80819046103457,0.0,0.0,0.0,0.0,0.0,0.0,0.0,0.0,0.0,0.0,10.452047615258643,0,LOW RISK,No major suspicious signals detected.
U350,33.39219069017396,0.0,0.0,0.0,0.0,0.0,0.0,0.0,0.0,0.0,0.0,8.34804767254349,0,LOW RISK,No major suspicious signals detected.
U351,33.06310152699809,0.0,0.0,0.0,0.0,0.0,0.0,0.0,0.0,0.0,0.0,8.265775381749522,0,LOW RISK,No major suspicious signals detected.
U352,55.224185988704434,0.0,0.0,0.0,0.0,0.0,0.0,0.0,0.0,0.0,0.0,13.806046497176109,0,LOW RISK,Suspicious because of: moderate bot-like behavior.
U353,21.719693547687186,0.0,0.0,0.0,0.0,0.0,0.0,0.0,0.0,0.0,0.0,5.429923386921796,0,LOW RISK,No major suspicious signals detected.
U354,20.65889101383851,0.0,0.0,0.0,0.0,0.0,0.0,0.0,0.0,0.0,0.0,5.164722753459627,0,LOW RISK,No major suspicious signals detected.
U355,19.70353171457007,0.0,0.0,0.0,0.0,0.0,0.0,0.0,0.0,0.0,0.0,4.925882928642517,0,LOW RISK,No major suspicious signals detected.
U356,39.66740049171173,0.0,0.0,0.0,0.0,0.0,0.0,0.0,0.0,0.0,0.0,9.916850122927933,0,LOW RISK,No major suspicious signals detected.
U357,11.530666129325809,0.0,0.0,0.0,0.0,0.0,0.0,0.0,0.0,0.0,0.0,2.882666532331452,0,LOW RISK,No major suspicious signals detected.
U358,13.529161103340934,0.0,0.0,0.0,0.0,0.0,0.0,0.0,0.0,0.0,0.0,3.3822902758352336,0,LOW RISK,No major suspicious signals detected.
U359,30.2942641386912,0.2,0.2,20.0,20.0,0.0,0.0,0.0,0.0,0.0,0.0,11.573566034672801,0,LOW RISK,No major suspicious signals detected.
U360,21.57792929147394,0.0,0.0,0.0,0.0,0.0,0.0,0.0,0.0,0.0,0.0,5.394482322868485,0,LOW RISK,No major suspicious signals detected.
U361,23.845791318582137,0.0,0.0,0.0,0.0,0.0,0.0,0.0,0.0,0.0,0.0,5.961447829645534,0,LOW RISK,No major suspicious signals detected.
U362,25.630987838185654,0.0,0.0,0.0,0.0,0.0,0.0,0.0,0.0,0.0,0.0,6.407746959546413,0,LOW RISK,No major suspicious signals detected.
U363,36.97953170868276,0.0,0.0,0.0,0.0,0.0,0.0,0.0,0.0,0.0,0.0,9.24488292717069,0,LOW RISK,No major suspicious signals detected.
U364,23.81018672115506,0.0,0.0,0.0,0.0,0.0,0.0,0.0,0.0,0.0,0.0,5.952546680288765,0,LOW RISK,No major suspicious signals detected.
U365,25.83603225398299,0.0,0.0,0.0,0.0,0.0,0.0,0.0,0.0,0.0,0.0,6.459008063495747,0,LOW RISK,No major suspicious signals detected.
U366,38.1964977782762,0.0,0.0,0.0,0.0,0.0,0.0,0.0,0.0,0.0,0.0,9.54912444456905,0,LOW RISK,No major suspicious signals detected.
U367,66.61479685192597,0.0,0.0,0.0,0.0,0.0,0.0,0.0,0.0,0.0,0.0,16.653699212981493,0,LOW RISK,Suspicious because of: moderate bot-like behavior.
U368,24.150227382143576,0.0,0.0,0.0,0.0,0.0,0.0,0.0,0.0,0.0,0.0,6.037556845535894,0,LOW RISK,No major suspicious signals detected.
U369,27.285276797279387,0.0,0.0,0.0,0.0,0.0,0.0,0.0,0.0,0.0,0.0,6.821319199319847,0,LOW RISK,No major suspicious signals detected.
U370,67.13810707194291,0.0,0.0,0.0,0.0,0.0,0.0,0.0,0.0,0.0,0.0,16.784526767985728,0,LOW RISK,Suspicious because of: moderate bot-like behavior.
U371,15.812941044382372,0.0,0.0,0.0,0.0,0.0,0.0,0.0,0.0,0.0,0.0,3.953235261095593,0,LOW RISK,No major suspicious signals detected.
U372,9.676410321028216,0.0,0.0,0.0,0.0,0.0,0.0,0.0,0.0,0.0,0.0,2.419102580257054,0,LOW RISK,No major suspicious signals detected.
U373,13.30024481369988,0.3333333333333333,0.3333333333333333,33.33333333333333,33.33333333333333,0.0,0.0,0.0,0.0,0.0,0.0,9.991727870091637,0,LOW RISK,No major suspicious signals detected.
U374,12.733169900391452,0.0,0.0,0.0,0.0,0.0,0.0,0.0,0.0,0.0,0.0,3.183292475097863,0,LOW RISK,No major suspicious signals detected.
U375,17.265484572183542,0.0,0.0,0.0,0.0,0.0,0.0,0.0,0.0,0.0,0.0,4.3163711430458855,0,LOW RISK,No major suspicious signals detected.
U376,33.566579814481315,0.0,0.0,0.0,0.0,0.0,0.0,0.0,0.0,0.0,0.0,8.391644953620329,0,LOW RISK,No major suspicious signals detected.
U377,14.22196441736294,0.0,0.0,0.0,0.0,0.0,0.0,0.0,0.0,0.0,0.0,3.555491104340735,0,LOW RISK,No major suspicious signals detected.
U378,20.71648365471165,0.125,0.125,12.5,12.5,0.0,0.0,0.0,0.0,0.0,0.0,7.679120913677912,0,LOW RISK,No major suspicious signals detected.
U379,21.693322304719796,0.0,0.0,0.0,0.0,0.0,0.0,0.0,0.0,0.0,0.0,5.423330576179949,0,LOW RISK,No major suspicious signals detected.
U380,20.180461714317595,0.0,0.0,0.0,0.0,0.0,0.0,0.0,0.0,0.0,0.0,5.045115428579399,0,LOW RISK,No major suspicious signals detected.
U381,46.023491678622094,0.1111111111111111,0.1111111111111111,11.11111111111111,11.11111111111111,0.0,0.0,0.0,0.0,0.0,0.0,13.728095141877745,0,LOW RISK,No major suspicious signals detected.
U382,26.705463396203434,0.16666666666666666,0.16666666666666666,16.666666666666664,16.666666666666664,0.0,0.0,0.0,0.0,0.0,0.0,10.00969918238419,0,LOW RISK,No major suspicious signals detected.
U383,33.64874941165412,0.0,0.0,0.0,0.0,0.0,0.0,0.0,0.0,0.0,0.0,8.41218735291353,0,LOW RISK,No major suspicious signals detected.
U384,32.69482959397991,0.0,0.0,0.0,0.0,0.0,0.0,0.0,0.0,0.0,0.0,8.173707398494978,0,LOW RISK,No major suspicious signals detected.
U385,31.017698796590476,0.2,0.2,20.0,20.0,0.0,0.0,0.0,0.0,0.0,0.0,11.75442469914762,0,LOW RISK,No major suspicious signals detected.
U386,40.20675117860859,0.0,0.0,0.0,0.0,0.0,0.0,0.0,0.0,0.0,0.0,10.051687794652148,0,LOW RISK,No major suspicious signals detected.
U387,61.494941243381504,0.0,0.0,0.0,0.0,0.0,0.0,0.0,0.0,0.0,0.0,15.373735310845376,0,LOW RISK,Suspicious because of: moderate bot-like behavior.
U388,22.64876969539317,0.0,0.0,0.0,0.0,0.0,0.0,0.0,0.0,0.0,0.0,5.662192423848293,0,LOW RISK,No major suspicious signals detected.
U389,53.29200059132466,0.14285714285714285,0.14285714285714285,14.285714285714285,14.285714285714285,0.0,0.0,0.0,0.0,0.0,0.0,16.18014300497402,0,LOW RISK,Suspicious because of: moderate bot-like behavior.
U390,43.95298674999019,0.0,0.0,0.0,0.0,0.0,0.0,0.0,0.0,0.0,0.0,10.988246687497547,0,LOW RISK,No major suspicious signals detected.
U391,10.3741882090205,0.16666666666666666,0.16666666666666666,16.666666666666664,16.666666666666664,0.0,0.0,0.0,0.0,0.0,0.0,5.926880385588458,0,LOW RISK,No major suspicious signals detected.
U392,15.023269928827904,0.0,0.0,0.0,0.0,0.0,0.0,0.0,0.0,0.0,0.0,3.755817482206976,0,LOW RISK,No major suspicious signals detected.
U393,12.624466102698516,0.0,0.0,0.0,0.0,0.0,0.0,0.0,0.0,0.0,0.0,3.156116525674629,0,LOW RISK,No major suspicious signals detected.
U394,32.05100995040211,0.16666666666666666,0.16666666666666666,16.666666666666664,16.666666666666664,0.0,0.0,0.0,0.0,0.0,0.0,11.34608582093386,0,LOW RISK,No major suspicious signals detected.
U395,36.79858903602642,0.0,0.0,0.0,0.0,0.0,0.0,0.0,0.0,0.0,0.0,9.199647259006605,0,LOW RISK,No major suspicious signals detected.
U396,15.409052681959468,0.0,0.0,0.0,0.0,0.0,0.0,0.0,0.0,0.0,0.0,3.852263170489867,0,LOW RISK,No major suspicious signals detected.
U397,41.23583026123408,0.0,0.0,0.0,0.0,0.0,0.0,0.0,0.0,0.0,0.0,10.30895756530852,0,LOW RISK,No major suspicious signals detected.
U398,30.39448899964188,0.0,0.0,0.0,0.0,0.0,0.0,0.0,0.0,0.0,0.0,7.59862224991047,0,LOW RISK,No major suspicious signals detected.
U399,14.069638713044528,0.0,0.0,0.0,0.0,0.0,0.0,0.0,0.0,0.0,0.0,3.517409678261132,0,LOW RISK,No major suspicious signals detected.
U400,21.61340428287072,0.0,0.0,0.0,0.0,0.0,0.0,0.0,0.0,0.0,0.0,5.40335107071768,0,LOW RISK,No major suspicious signals detected.
U401,24.96940556906197,0.0,0.0,0.0,0.0,0.0,0.0,0.0,0.0,0.0,0.0,6.242351392265492,0,LOW RISK,No major suspicious signals detected.
U402,18.735709412914574,0.14285714285714285,0.14285714285714285,14.285714285714285,14.285714285714285,0.0,0.0,0.0,0.0,0.0,0.0,7.541070210371501,0,LOW RISK,No major suspicious signals detected.
U403,29.29961974685848,0.0,0.0,0.0,0.0,0.0,0.0,0.0,0.0,0.0,0.0,7.32490493671462,0,LOW RISK,No major suspicious signals detected.
U404,19.10013934439476,0.0,0.0,0.0,0.0,0.0,0.0,0.0,0.0,0.0,0.0,4.77503483609869,0,LOW RISK,No major suspicious signals detected.
U405,11.527263596446687,0.0,0.0,0.0,0.0,0.0,0.0,0.0,0.0,0.0,0.0,2.881815899111672,0,LOW RISK,No major suspicious signals detected.
U406,26.48825276135338,0.0,0.0,0.0,0.0,0.0,0.0,0.0,0.0,0.0,0.0,6.622063190338345,0,LOW RISK,No major suspicious signals detected.
U407,46.32739661267471,0.0,0.0,0.0,0.0,0.0,0.0,0.0,0.0,0.0,0.0,11.581849153168678,0,LOW RISK,No major suspicious signals detected.
U408,21.050154629599703,0.0,0.0,0.0,0.0,0.0,0.0,0.0,0.0,0.0,0.0,5.262538657399926,0,LOW RISK,No major suspicious signals detected.
U409,29.934718432909666,0.0,0.0,0.0,0.0,0.0,0.0,0.0,0.0,0.0,0.0,7.483679608227416,0,LOW RISK,No major suspicious signals detected.
U410,28.067950842899084,0.0,0.0,0.0,0.0,0.0,0.0,0.0,0.0,0.0,0.0,7.016987710724771,0,LOW RISK,No major suspicious signals detected.
U411,11.834694907672477,0.0,0.0,0.0,0.0,0.0,0.0,0.0,0.0,0.0,0.0,2.958673726918119,0,LOW RISK,No major suspicious signals detected.
U412,18.85046725882037,0.0,0.0,0.0,0.0,0.0,0.0,0.0,0.0,0.0,0.0,4.712616814705092,0,LOW RISK,No major suspicious signals detected.
U413,42.09561044005761,0.0,0.0,0.0,0.0,0.0,0.0,0.0,0.0,0.0,0.0,10.523902610014403,0,LOW RISK,No major suspicious signals detected.
U414,28.668991377086225,0.0,0.2,0.0,20.0,0.0,0.0,0.0,0.0,0.0,0.0,9.167247844271557,0,LOW RISK,No major suspicious signals detected.
U415,26.82471295081483,0.0,0.0,0.0,0.0,0.0,0.0,0.0,0.0,0.0,0.0,6.706178237703708,0,LOW RISK,No major suspicious signals detected.
U416,11.60857494034826,0.0,0.0,0.0,0.0,0.0,0.0,0.0,0.0,0.0,0.0,2.902143735087065,0,LOW RISK,No major suspicious signals detected.
U417,16.440965478689975,0.0,0.0,0.0,0.0,0.0,0.0,0.0,0.0,0.0,0.0,4.110241369672494,0,LOW RISK,No major suspicious signals detected.
U418,17.533434082322447,0.0,0.0,0.0,0.0,0.0,0.0,0.0,0.0,0.0,0.0,4.383358520580612,0,LOW RISK,No major suspicious signals detected.
U419,41.82917984961228,0.0,0.0,0.0,0.0,0.0,0.0,0.0,0.0,0.0,0.0,10.45729496240307,0,LOW RISK,No major suspicious signals detected.
U420,23.462268170605025,0.2,0.2,20.0,20.0,0.0,0.0,0.0,0.0,0.0,0.0,9.865567042651257,0,LOW RISK,No major suspicious signals detected.
U421,25.248238924326586,0.2,0.2,20.0,20.0,0.0,0.0,0.0,0.0,0.0,0.0,10.312059731081646,0,LOW RISK,No major suspicious signals detected.
U422,30.64633246884407,0.1,0.1,10.0,10.0,0.0,0.0,0.0,0.0,0.0,0.0,9.661583117211016,0,LOW RISK,No major suspicious signals detected.
U423,33.37497129774429,0.25,0.25,25.0,25.0,0.0,0.0,0.0,0.0,0.0,0.0,13.343742824436072,0,LOW RISK,No major suspicious signals detected.
U424,18.66549982656036,0.2,0.2,20.0,20.0,0.0,0.0,0.0,0.0,0.0,0.0,8.666374956640091,0,LOW RISK,No major suspicious signals detected.
U425,5.224830736417951,0.16666666666666666,0.16666666666666666,16.666666666666664,16.666666666666664,0.0,0.0,0.0,0.0,0.0,0.0,4.639541017437821,0,LOW RISK,No major suspicious signals detected.
U426,21.69097533092415,0.2,0.2,20.0,20.0,0.0,0.0,0.0,0.0,0.0,0.0,9.422743832731037,0,LOW RISK,No major suspicious signals detected.
U427,14.855046946002949,0.0,0.0,0.0,0.0,0.0,0.0,0.0,0.0,0.0,0.0,3.713761736500737,0,LOW RISK,No major suspicious signals detected.
U428,22.69336997954157,0.0,0.0,0.0,0.0,0.0,0.0,0.0,0.0,0.0,0.0,5.673342494885392,0,LOW RISK,No major suspicious signals detected.
U429,64.17550100535937,0.16666666666666666,0.16666666666666666,16.666666666666664,16.666666666666664,0.0,0.0,0.0,0.0,0.0,0.0,19.377208584673177,0,LOW RISK,Suspicious because of: moderate bot-like behavior.
U430,30.42180621198372,0.0,0.0,0.0,0.0,0.0,0.0,0.0,0.0,0.0,0.0,7.60545155299593,0,LOW RISK,No major suspicious signals detected.
U431,22.896676900294,0.0,0.0,0.0,0.0,0.0,0.0,0.0,0.0,0.0,0.0,5.7241692250735,0,LOW RISK,No major suspicious signals detected.
U432,69.34571636786333,0.0,0.0,0.0,0.0,0.0,0.0,0.0,0.0,0.0,0.0,17.336429091965833,0,LOW RISK,Suspicious because of: moderate bot-like behavior.
U433,50.61720876026909,0.14285714285714285,0.14285714285714285,14.285714285714285,14.285714285714285,0.0,0.0,0.0,0.0,0.0,0.0,15.51144504721013,0,LOW RISK,Suspicious because of: moderate bot-like behavior.
U434,32.57554831023777,0.0,0.0,0.0,0.0,0.0,0.0,0.0,0.0,0.0,0.0,8.143887077559443,0,LOW RISK,No major suspicious signals detected.
U435,24.139814190154883,0.0,0.0,0.0,0.0,0.0,0.0,0.0,0.0,0.0,0.0,6.034953547538721,0,LOW RISK,No major suspicious signals detected.
U436,21.08137831717912,0.125,0.125,12.5,12.5,0.0,0.0,0.0,0.0,0.0,0.0,7.77034457929478,0,LOW RISK,No major suspicious signals detected.
U437,17.611231637021447,0.0,0.16666666666666666,0.0,16.666666666666664,0.0,0.0,0.0,0.0,0.0,0.0,6.069474575922028,0,LOW RISK,No major suspicious signals detected.
U438,20.513173529399875,0.0,0.0,0.0,0.0,0.0,0.0,0.0,0.0,0.0,0.0,5.128293382349969,0,LOW RISK,No major suspicious signals detected.
U439,12.343800499230683,0.0,0.0,0.0,0.0,0.0,0.0,0.0,0.0,0.0,0.0,3.085950124807671,0,LOW RISK,No major suspicious signals detected.
U440,41.92023463181211,0.0,0.0,0.0,0.0,0.0,0.0,0.0,0.0,0.0,0.0,10.480058657953027,0,LOW RISK,No major suspicious signals detected.
U441,27.121632280125187,0.0,0.0,0.0,0.0,0.0,0.0,0.0,0.0,0.0,0.0,6.780408070031297,0,LOW RISK,No major suspicious signals detected.
U442,26.23067827779068,0.0,0.0,0.0,0.0,0.0,0.0,0.0,0.0,0.0,0.0,6.55766956944767,0,LOW RISK,No major suspicious signals detected.
U443,18.45532533141624,0.0,0.0,0.0,0.0,0.0,0.0,0.0,0.0,0.0,0.0,4.61383133285406,0,LOW RISK,No major suspicious signals detected.
U444,13.907350443743214,0.2857142857142857,0.2857142857142857,28.57142857142857,28.57142857142857,0.0,0.0,0.0,0.0,0.0,0.0,9.191123325221518,0,LOW RISK,No major suspicious signals detected.
U445,16.522519098574257,0.0,0.0,0.0,0.0,0.0,0.0,0.0,0.0,0.0,0.0,4.130629774643564,0,LOW RISK,No major suspicious signals detected.
U446,30.621660889194576,0.16666666666666666,0.3333333333333333,16.666666666666664,33.33333333333333,0.0,0.0,0.0,0.0,0.0,0.0,12.655415222298643,0,LOW RISK,No major suspicious signals detected.
U447,30.986192940410827,0.3333333333333333,0.3333333333333333,33.33333333333333,33.33333333333333,0.0,0.0,0.0,0.0,0.0,0.0,14.413214901769372,0,LOW RISK,No major suspicious signals detected.
U448,15.241467303989792,0.125,0.125,12.5,12.5,0.0,0.0,0.0,0.0,0.0,0.0,6.310366825997448,0,LOW RISK,No major suspicious signals detected.
U449,13.72295955131674,0.0,0.0,0.0,0.0,0.0,0.0,0.0,0.0,0.0,0.0,3.430739887829185,0,LOW RISK,No major suspicious signals detected.
U450,39.46369851527246,0.0,0.1111111111111111,0.0,11.11111111111111,0.0,0.0,0.0,0.0,0.0,0.0,10.977035739929226,0,LOW RISK,No major suspicious signals detected.
U451,30.923880610382557,0.0,0.0,0.0,0.0,0.0,0.0,0.0,0.0,0.0,0.0,7.730970152595639,0,LOW RISK,No major suspicious signals detected.
U452,29.91024166030846,0.14285714285714285,0.14285714285714285,14.285714285714285,14.285714285714285,0.0,0.0,0.0,0.0,0.0,0.0,10.334703272219972,0,LOW RISK,No major suspicious signals detected.
U453,47.156745836282994,0.0,0.0,0.0,0.0,0.0,0.0,0.0,0.0,0.0,0.0,11.789186459070748,0,LOW RISK,No major suspicious signals detected.
U454,16.39228970023521,0.0,0.0,0.0,0.0,0.0,0.0,0.0,0.0,0.0,0.0,4.0980724250588025,0,LOW RISK,No major suspicious signals detected.
U455,13.44752347460999,0.16666666666666666,0.16666666666666666,16.666666666666664,16.666666666666664,0.0,0.0,0.0,0.0,0.0,0.0,6.695214201985831,0,LOW RISK,No major suspicious signals detected.
U456,38.55780125435755,0.0,0.0,0.0,0.0,0.0,0.0,0.0,0.0,0.0,0.0,9.639450313589387,0,LOW RISK,No major suspicious signals detected.
U457,27.9930268819046,0.0,0.0,0.0,0.0,0.0,0.0,0.0,0.0,0.0,0.0,6.99825672047615,0,LOW RISK,No major suspicious signals detected.
U458,14.721616111296916,0.0,0.0,0.0,0.0,0.0,0.0,0.0,0.0,0.0,0.0,3.680404027824229,0,LOW RISK,No major suspicious signals detected.
U459,59.89183635440647,0.0,0.0,0.0,0.0,0.0,0.0,0.0,0.0,0.0,0.0,14.972959088601618,0,LOW RISK,Suspicious because of: moderate bot-like behavior.
U460,17.603124278283307,0.16666666666666666,0.16666666666666666,16.666666666666664,16.666666666666664,0.0,0.0,0.0,0.0,0.0,0.0,7.73411440290416,0,LOW RISK,No major suspicious signals detected.
U461,23.63235584547732,0.16666666666666666,0.16666666666666666,16.666666666666664,16.666666666666664,0.0,0.0,0.0,0.0,0.0,0.0,9.241422294702662,0,LOW RISK,No major suspicious signals detected.
U462,26.19890085546586,0.1,0.1,10.0,10.0,0.0,0.0,0.0,0.0,0.0,0.0,8.549725213866465,0,LOW RISK,No major suspicious signals detected.
U463,14.459949196684445,0.0,0.0,0.0,0.0,0.0,0.0,0.0,0.0,0.0,0.0,3.614987299171111,0,LOW RISK,No major suspicious signals detected.
U464,37.57958781436356,0.0,0.0,0.0,0.0,0.0,0.0,0.0,0.0,0.0,0.0,9.39489695359089,0,LOW RISK,No major suspicious signals detected.
U465,35.05295757418392,0.0,0.0,0.0,0.0,0.0,0.0,0.0,0.0,0.0,0.0,8.76323939354598,0,LOW RISK,No major suspicious signals detected.
U466,12.817320844647345,0.0,0.0,0.0,0.0,0.0,0.0,0.0,0.0,0.0,0.0,3.204330211161836,0,LOW RISK,No major suspicious signals detected.
U467,36.80935409144652,0.2,0.2,20.0,20.0,0.0,0.0,0.0,0.0,0.0,0.0,13.20233852286163,0,LOW RISK,No major suspicious signals detected.
U468,24.62638999364471,0.16666666666666666,0.16666666666666666,16.666666666666664,16.666666666666664,0.0,0.0,0.0,0.0,0.0,0.0,9.48993083174451,0,LOW RISK,No major suspicious signals detected.
U469,21.388560118873865,0.0,0.0,0.0,0.0,0.0,0.0,0.0,0.0,0.0,0.0,5.347140029718466,0,LOW RISK,No major suspicious signals detected.
U470,55.92085947513679,0.0,0.0,0.0,0.0,0.0,0.0,0.0,0.0,0.0,0.0,13.980214868784197,0,LOW RISK,Suspicious because of: moderate bot-like behavior.
U471,25.88845730497301,0.0,0.0,0.0,0.0,0.0,0.0,0.0,0.0,0.0,0.0,6.472114326243252,0,LOW RISK,No major suspicious signals detected.
U472,45.18643707204705,0.16666666666666666,0.16666666666666666,16.666666666666664,16.666666666666664,0.0,0.0,0.0,0.0,0.0,0.0,14.629942601345094,0,LOW RISK,No major suspicious signals detected.
U473,11.460749180130836,0.0,0.0,0.0,0.0,0.0,0.0,0.0,0.0,0.0,0.0,2.865187295032709,0,LOW RISK,No major suspicious signals detected.
U474,12.24204353131578,0.0,0.0,0.0,0.0,0.0,0.0,0.0,0.0,0.0,0.0,3.060510882828945,0,LOW RISK,No major suspicious signals detected.
U475,29.09819001234161,0.0,0.0,0.0,0.0,0.0,0.0,0.0,0.0,0.0,0.0,7.274547503085403,0,LOW RISK,No major suspicious signals detected.
U476,44.77978207575672,0.0,0.0,0.0,0.0,0.0,0.0,0.0,0.0,0.0,0.0,11.19494551893918,0,LOW RISK,No major suspicious signals detected.
U477,41.48258257466254,0.0,0.0,0.0,0.0,0.0,0.0,0.0,0.0,0.0,0.0,10.370645643665634,0,LOW RISK,No major suspicious signals detected.
U478,18.39426660753829,0.14285714285714285,0.14285714285714285,14.285714285714285,14.285714285714285,0.0,0.0,0.0,0.0,0.0,0.0,7.455709509027431,0,LOW RISK,No major suspicious signals detected.
U479,22.100170017668557,0.25,0.25,25.0,25.0,0.0,0.0,0.0,0.0,0.0,0.0,10.52504250441714,0,LOW RISK,No major suspicious signals detected.
U480,23.865052540029875,0.0,0.0,0.0,0.0,0.0,0.0,0.0,0.0,0.0,0.0,5.966263135007469,0,LOW RISK,No major suspicious signals detected.
U481,20.621904413019173,0.0,0.0,0.0,0.0,0.0,0.0,0.0,0.0,0.0,0.0,5.155476103254793,0,LOW RISK,No major suspicious signals detected.
U482,7.541428410147864,0.0,0.0,0.0,0.0,0.0,0.0,0.0,0.0,0.0,0.0,1.885357102536966,0,LOW RISK,No major suspicious signals detected.
U483,22.64435809898646,0.2,0.2,20.0,20.0,0.0,0.0,0.0,0.0,0.0,0.0,9.661089524746615,0,LOW RISK,No major suspicious signals detected.
U484,27.493020378010765,0.0,0.0,0.0,0.0,0.0,0.0,0.0,0.0,0.0,0.0,6.873255094502691,0,LOW RISK,No major suspicious signals detected.
U485,29.67273189423832,0.0,0.0,0.0,0.0,0.0,0.0,0.0,0.0,0.0,0.0,7.41818297355958,0,LOW RISK,No major suspicious signals detected.
U486,36.00043730433301,0.0,0.0,0.0,0.0,0.0,0.0,0.0,0.0,0.0,0.0,9.000109326083253,0,LOW RISK,No major suspicious signals detected.
U487,29.20231174609396,0.2,0.2,20.0,20.0,0.0,0.0,0.0,0.0,0.0,0.0,11.30057793652349,0,LOW RISK,No major suspicious signals detected.
U488,10.918892411333182,0.0,0.0,0.0,0.0,0.0,0.0,0.0,0.0,0.0,0.0,2.7297231028332956,0,LOW RISK,No major suspicious signals detected.
U489,24.90812010716472,0.3333333333333333,0.3333333333333333,33.33333333333333,33.33333333333333,0.0,0.0,0.0,0.0,0.0,0.0,12.893696693457844,0,LOW RISK,No major suspicious signals detected.
U490,22.920454765825085,0.0,0.0,0.0,0.0,0.0,0.0,0.0,0.0,0.0,0.0,5.730113691456271,0,LOW RISK,No major suspicious signals detected.
U491,34.37513698671976,0.0,0.0,0.0,0.0,0.0,0.0,0.0,0.0,0.0,0.0,8.59378424667994,0,LOW RISK,No major suspicious signals detected.
U492,26.777942497189198,0.0,0.0,0.0,0.0,0.0,0.0,0.0,0.0,0.0,0.0,6.694485624297299,0,LOW RISK,No major suspicious signals detected.
U493,24.07638069293543,0.0,0.0,0.0,0.0,0.0,0.0,0.0,0.0,0.0,0.0,6.019095173233858,0,LOW RISK,No major suspicious signals detected.
U494,36.55729896700261,0.2,0.2,20.0,20.0,0.0,0.0,0.0,0.0,0.0,0.0,13.139324741750652,0,LOW RISK,No major suspicious signals detected.
U495,37.39162298253089,0.0,0.0,0.0,0.0,0.0,0.0,0.0,0.0,0.0,0.0,9.347905745632723,0,LOW RISK,No major suspicious signals detected.
U496,22.688543891030804,0.0,0.0,0.0,0.0,0.0,0.0,0.0,0.0,0.0,0.0,5.672135972757701,0,LOW RISK,No major suspicious signals detected.
U497,11.469221312399076,0.0,0.0,0.0,0.0,0.0,0.0,0.0,0.0,0.0,0.0,2.867305328099769,0,LOW RISK,No major suspicious signals detected.
U498,40.87669085863436,0.0,0.0,0.0,0.0,0.0,0.0,0.0,0.0,0.0,0.0,10.21917271465859,0,LOW RISK,No major suspicious signals detected.
U499,28.57667004315789,0.0,0.0,0.0,0.0,0.0,0.0,0.0,0.0,0.0,0.0,7.144167510789472,0,LOW RISK,No major suspicious signals detected.
U500,25.55631647832558,0.0,0.0,0.0,0.0,0.0,0.0,0.0,0.0,0.0,0.0,6.389079119581395,0,LOW RISK,No major suspicious signals detected.
U501,25.12665453531228,0.0,0.0,0.0,0.0,0.0,0.0,0.0,0.0,0.0,0.0,6.28166363382807,0,LOW RISK,No major suspicious signals detected.
U502,21.52243459517341,0.125,0.125,12.5,12.5,0.0,0.0,0.0,0.0,0.0,0.0,7.880608648793353,0,LOW RISK,No major suspicious signals detected.
U503,27.901654074051866,0.0,0.0,0.0,0.0,0.0,0.0,0.0,0.0,0.0,0.0,6.975413518512966,0,LOW RISK,No major suspicious signals detected.
U504,6.975740370265356,0.0,0.0,0.0,0.0,0.0,0.0,0.0,0.0,0.0,0.0,1.743935092566339,0,LOW RISK,No major suspicious signals detected.
U505,39.70930462079731,0.0,0.0,0.0,0.0,0.0,0.0,0.0,0.0,0.0,0.0,9.927326155199328,0,LOW RISK,No major suspicious signals detected.
U506,20.53432050125998,0.2,0.2,20.0,20.0,0.0,0.0,0.0,0.0,0.0,0.0,9.133580125314996,0,LOW RISK,No major suspicious signals detected.
U507,38.88082556576663,0.0,0.0,0.0,0.0,0.0,0.0,0.0,0.0,0.0,0.0,9.720206391441657,0,LOW RISK,No major suspicious signals detected.
U508,34.57342312147487,0.0,0.0,0.0,0.0,0.0,0.0,0.0,0.0,0.0,0.0,8.643355780368717,0,LOW RISK,No major suspicious signals detected.
U509,32.34240027405806,0.1,0.1,10.0,10.0,0.0,0.0,0.0,0.0,0.0,0.0,10.085600068514514,0,LOW RISK,No major suspicious signals detected.
U510,29.75051025116728,0.0,0.0,0.0,0.0,0.0,0.0,0.0,0.0,0.0,0.0,7.43762756279182,0,LOW RISK,No major suspicious signals detected.
U511,22.182007765289278,0.0,0.0,0.0,0.0,0.0,0.0,0.0,0.0,0.0,0.0,5.545501941322319,0,LOW RISK,No major suspicious signals detected.
U512,25.767036376986024,0.0,0.0,0.0,0.0,0.0,0.0,0.0,0.0,0.0,0.0,6.441759094246506,0,LOW RISK,No major suspicious signals detected.
U513,11.358983713928884,0.0,0.0,0.0,0.0,0.0,0.0,0.0,0.0,0.0,0.0,2.839745928482221,0,LOW RISK,No major suspicious signals detected.
U514,47.17905566374466,0.0,0.0,0.0,0.0,0.0,0.0,0.0,0.0,0.0,0.0,11.794763915936166,0,LOW RISK,No major suspicious signals detected.
U515,40.634107387716405,0.0,0.0,0.0,0.0,0.0,0.0,0.0,0.0,0.0,0.0,10.158526846929101,0,LOW RISK,No major suspicious signals detected.
U516,33.77825345349779,0.0,0.0,0.0,0.0,0.0,0.0,0.0,0.0,0.0,0.0,8.444563363374447,0,LOW RISK,No major suspicious signals detected.
U517,58.24193764993428,0.0,0.0,0.0,0.0,0.0,0.0,0.0,0.0,0.0,0.0,14.56048441248357,0,LOW RISK,Suspicious because of: moderate bot-like behavior.
U518,25.80864294569804,0.0,0.0,0.0,0.0,0.0,0.0,0.0,0.0,0.0,0.0,6.45216073642451,0,LOW RISK,No major suspicious signals detected.
U519,24.321575967052254,0.25,0.25,25.0,25.0,0.0,0.0,0.0,0.0,0.0,0.0,11.080393991763064,0,LOW RISK,No major suspicious signals detected.
U520,24.040930190045625,0.0,0.0,0.0,0.0,0.0,0.0,0.0,0.0,0.0,0.0,6.010232547511406,0,LOW RISK,No major suspicious signals detected.
U521,10.318403247110275,0.0,0.0,0.0,0.0,0.0,0.0,0.0,0.0,0.0,0.0,2.579600811777569,0,LOW RISK,No major suspicious signals detected.
U522,42.42846071214151,0.0,0.0,0.0,0.0,0.0,0.0,0.0,0.0,0.0,0.0,10.607115178035377,0,LOW RISK,No major suspicious signals detected.
U523,22.26008248588455,0.125,0.125,12.5,12.5,0.0,0.0,0.0,0.0,0.0,0.0,8.065020621471138,0,LOW RISK,No major suspicious signals detected.
U524,29.92340496086427,0.0,0.0,0.0,0.0,0.0,0.0,0.0,0.0,0.0,0.0,7.480851240216068,0,LOW RISK,No major suspicious signals detected.
U525,32.67847509018133,0.0,0.0,0.0,0.0,0.0,0.0,0.0,0.0,0.0,0.0,8.169618772545332,0,LOW RISK,No major suspicious signals detected.
U526,44.88185269540315,0.0,0.0,0.0,0.0,0.0,0.0,0.0,0.0,0.0,0.0,11.220463173850787,0,LOW RISK,No major suspicious signals detected.
U527,27.0311727621824,0.0,0.0,0.0,0.0,0.0,0.0,0.0,0.0,0.0,0.0,6.7577931905456,0,LOW RISK,No major suspicious signals detected.
U528,47.466671335957685,0.0,0.0,0.0,0.0,0.0,0.0,0.0,0.0,0.0,0.0,11.866667833989421,0,LOW RISK,No major suspicious signals detected.
U529,32.19979779921759,0.0,0.0,0.0,0.0,0.0,0.0,0.0,0.0,0.0,0.0,8.049949449804398,0,LOW RISK,No major suspicious signals detected.
U530,37.53998145219055,0.0,0.0,0.0,0.0,0.0,0.0,0.0,0.0,0.0,0.0,9.384995363047638,0,LOW RISK,No major suspicious signals detected.
U531,36.401241648298175,0.14285714285714285,0.14285714285714285,14.285714285714285,14.285714285714285,0.0,0.0,0.0,0.0,0.0,0.0,11.957453269217401,0,LOW RISK,No major suspicious signals detected.
U532,14.123979048201438,0.0,0.0,0.0,0.0,0.0,0.0,0.0,0.0,0.0,0.0,3.5309947620503594,0,LOW RISK,No major suspicious signals detected.
U533,27.753295053443317,0.0,0.0,0.0,0.0,0.0,0.0,0.0,0.0,0.0,0.0,6.938323763360829,0,LOW RISK,No major suspicious signals detected.
U534,31.30678055030085,0.0,0.0,0.0,0.0,0.0,0.0,0.0,0.0,0.0,0.0,7.8266951375752125,0,LOW RISK,No major suspicious signals detected.
U535,23.224306178248213,0.0,0.0,0.0,0.0,0.0,0.0,0.0,0.0,0.0,0.0,5.806076544562053,0,LOW RISK,No major suspicious signals detected.
U536,38.37258338748479,0.0,0.0,0.0,0.0,0.0,0.0,0.0,0.0,0.0,0.0,9.593145846871197,0,LOW RISK,No major suspicious signals detected.
U537,18.77194790742763,0.16666666666666666,0.3333333333333333,16.666666666666664,33.33333333333333,0.0,0.0,0.0,0.0,0.0,0.0,9.692986976856908,0,LOW RISK,No major suspicious signals detected.
U538,12.30939097130775,0.0,0.0,0.0,0.0,0.0,0.0,0.0,0.0,0.0,0.0,3.0773477428269373,0,LOW RISK,No major suspicious signals detected.
U539,47.652627906744655,0.0,0.0,0.0,0.0,0.0,0.0,0.0,0.0,0.0,0.0,11.913156976686164,0,LOW RISK,No major suspicious signals detected.
U540,19.73066204955309,0.0,0.0,0.0,0.0,0.0,0.0,0.0,0.0,0.0,0.0,4.932665512388272,0,LOW RISK,No major suspicious signals detected.
U541,11.182961430323427,0.0,0.2,0.0,20.0,0.0,0.0,0.0,0.0,0.0,0.0,4.795740357580857,0,LOW RISK,No major suspicious signals detected.
U542,30.53698186202253,0.0,0.0,0.0,0.0,0.0,0.0,0.0,0.0,0.0,0.0,7.634245465505632,0,LOW RISK,No major suspicious signals detected.
U543,30.27388922887269,0.0,0.0,0.0,0.0,0.0,0.0,0.0,0.0,0.0,0.0,7.5684723072181725,0,LOW RISK,No major suspicious signals detected.
U544,19.898114661851768,0.25,0.25,25.0,25.0,0.0,0.0,0.0,0.0,0.0,0.0,9.974528665462941,0,LOW RISK,No major suspicious signals detected.
U545,41.92422883049595,0.0,0.0,0.0,0.0,0.0,0.0,0.0,0.0,0.0,0.0,10.481057207623987,0,LOW RISK,No major suspicious signals detected.
U546,11.739583561407846,0.0,0.0,0.0,0.0,0.0,0.0,0.0,0.0,0.0,0.0,2.9348958903519615,0,LOW RISK,No major suspicious signals detected.
U547,15.832435863817109,0.16666666666666666,0.16666666666666666,16.666666666666664,16.666666666666664,0.0,0.0,0.0,0.0,0.0,0.0,7.29144229928761,0,LOW RISK,No major suspicious signals detected.
U548,29.70713629066656,0.09090909090909091,0.09090909090909091,9.090909090909092,9.090909090909092,0.0,0.0,0.0,0.0,0.0,0.0,9.244965890848459,0,LOW RISK,No major suspicious signals detected.
U549,55.90226392789971,0.0,0.0,0.0,0.0,0.0,0.0,0.0,0.0,0.0,0.0,13.975565981974928,0,LOW RISK,Suspicious because of: moderate bot-like behavior.
U550,20.355800175214792,0.14285714285714285,0.14285714285714285,14.285714285714285,14.285714285714285,0.0,0.0,0.0,0.0,0.0,0.0,7.946092900946556,0,LOW RISK,No major suspicious signals detected.
U551,16.46667598338357,0.0,0.0,0.0,0.0,0.0,0.0,0.0,0.0,0.0,0.0,4.116668995845893,0,LOW RISK,No major suspicious signals detected.
U552,21.27377502627505,0.0,0.0,0.0,0.0,0.0,0.0,0.0,0.0,0.0,0.0,5.318443756568763,0,LOW RISK,No major suspicious signals detected.
U553,19.24784356176956,0.3333333333333333,0.3333333333333333,33.33333333333333,33.33333333333333,0.0,0.0,0.0,0.0,0.0,0.0,11.478627557109057,0,LOW RISK,No major suspicious signals detected.
U554,20.87489821783352,0.0,0.0,0.0,0.0,0.0,0.0,0.0,0.0,0.0,0.0,5.21872455445838,0,LOW RISK,No major suspicious signals detected.
U555,26.41888303506177,0.0,0.0,0.0,0.0,0.0,0.0,0.0,0.0,0.0,0.0,6.604720758765443,0,LOW RISK,No major suspicious signals detected.
U556,38.46019333509222,0.0,0.0,0.0,0.0,0.0,0.0,0.0,0.0,0.0,0.0,9.615048333773055,0,LOW RISK,No major suspicious signals detected.
U557,36.60152967221592,0.0,0.0,0.0,0.0,0.0,0.0,0.0,0.0,0.0,0.0,9.15038241805398,0,LOW RISK,No major suspicious signals detected.
U558,60.70384705227558,0.0,0.0,0.0,0.0,0.0,0.0,0.0,0.0,0.0,0.0,15.175961763068894,0,LOW RISK,Suspicious because of: moderate bot-like behavior.
U559,22.103528937787,0.0,0.0,0.0,0.0,0.0,0.0,0.0,0.0,0.0,0.0,5.52588223444675,0,LOW RISK,No major suspicious signals detected.
U560,15.836573797815143,0.0,0.0,0.0,0.0,0.0,0.0,0.0,0.0,0.0,0.0,3.959143449453786,0,LOW RISK,No major suspicious signals detected.
U561,37.75005141832993,0.0,0.0,0.0,0.0,0.0,0.0,0.0,0.0,0.0,0.0,9.437512854582483,0,LOW RISK,No major suspicious signals detected.
U562,30.640007261150032,0.0,0.0,0.0,0.0,0.0,0.0,0.0,0.0,0.0,0.0,7.660001815287508,0,LOW RISK,No major suspicious signals detected.
U563,19.08626068657925,0.2,0.2,20.0,20.0,0.0,0.0,0.0,0.0,0.0,0.0,8.771565171644813,0,LOW RISK,No major suspicious signals detected.
U564,26.09500718683592,0.0,0.0,0.0,0.0,0.0,0.0,0.0,0.0,0.0,0.0,6.52375179670898,0,LOW RISK,No major suspicious signals detected.
U565,57.51391399969321,0.0,0.0,0.0,0.0,0.0,0.0,0.0,0.0,0.0,0.0,14.378478499923302,0,LOW RISK,Suspicious because of: moderate bot-like behavior.
U566,9.25582017523302,0.2,0.2,20.0,20.0,0.0,0.0,0.0,0.0,0.0,0.0,6.313955043808255,0,LOW RISK,No major suspicious signals detected.
U567,34.74938202336415,0.0,0.0,0.0,0.0,0.0,0.0,0.0,0.0,0.0,0.0,8.687345505841037,0,LOW RISK,No major suspicious signals detected.
U568,30.71004139687524,0.14285714285714285,0.14285714285714285,14.285714285714285,14.285714285714285,0.0,0.0,0.0,0.0,0.0,0.0,10.534653206361668,0,LOW RISK,No major suspicious signals detected.
U569,20.190726545121173,0.14285714285714285,0.14285714285714285,14.285714285714285,14.285714285714285,0.0,0.0,0.0,0.0,0.0,0.0,7.904824493423151,0,LOW RISK,No major suspicious signals detected.
U570,16.255670876487702,0.0,0.0,0.0,0.0,0.0,0.0,0.0,0.0,0.0,0.0,4.063917719121926,0,LOW RISK,No major suspicious signals detected.
U571,19.64680401405765,0.0,0.0,0.0,0.0,0.0,0.0,0.0,0.0,0.0,0.0,4.911701003514413,0,LOW RISK,No major suspicious signals detected.
U572,31.000994680282385,0.0,0.0,0.0,0.0,0.0,0.0,0.0,0.0,0.0,0.0,7.750248670070596,0,LOW RISK,No major suspicious signals detected.
U573,5.901231142561869,0.1,0.1,10.0,10.0,0.0,0.0,0.0,0.0,0.0,0.0,3.4753077856404673,0,LOW RISK,No major suspicious signals detected.
U574,56.13937965374296,0.0,0.0,0.0,0.0,0.0,0.0,0.0,0.0,0.0,0.0,14.03484491343574,0,LOW RISK,Suspicious because of: moderate bot-like behavior.
U575,20.76706807685452,0.0,0.0,0.0,0.0,0.0,0.0,0.0,0.0,0.0,0.0,5.19176701921363,0,LOW RISK,No major suspicious signals detected.
U576,26.67472800046808,0.0,0.0,0.0,0.0,0.0,0.0,0.0,0.0,0.0,0.0,6.66868200011702,0,LOW RISK,No major suspicious signals detected.
U577,25.33607570891528,0.25,0.25,25.0,25.0,0.0,0.0,0.0,0.0,0.0,0.0,11.33401892722882,0,LOW RISK,No major suspicious signals detected.
U578,25.72317263938716,0.0,0.0,0.0,0.0,0.0,0.0,0.0,0.0,0.0,0.0,6.43079315984679,0,LOW RISK,No major suspicious signals detected.
U579,34.203549146489834,0.0,0.0,0.0,0.0,0.0,0.0,0.0,0.0,0.0,0.0,8.550887286622459,0,LOW RISK,No major suspicious signals detected.
U580,10.26466742930294,0.14285714285714285,0.14285714285714285,14.285714285714285,14.285714285714285,0.0,0.0,0.0,0.0,0.0,0.0,5.4233097144685924,0,LOW RISK,No major suspicious signals detected.
U581,28.692258981785013,0.0,0.0,0.0,0.0,0.0,0.0,0.0,0.0,0.0,0.0,7.173064745446253,0,LOW RISK,No major suspicious signals detected.
U582,25.360549815518624,0.0,0.0,0.0,0.0,0.0,0.0,0.0,0.0,0.0,0.0,6.340137453879656,0,LOW RISK,No major suspicious signals detected.
U583,22.121070941246305,0.0,0.0,0.0,0.0,0.0,0.0,0.0,0.0,0.0,0.0,5.530267735311576,0,LOW RISK,No major suspicious signals detected.
U584,19.63908925466672,0.14285714285714285,0.2857142857142857,14.285714285714285,28.57142857142857,0.0,0.0,0.0,0.0,0.0,0.0,9.195486599380967,0,LOW RISK,No major suspicious signals detected.
U585,21.755336752024853,0.25,0.25,25.0,25.0,0.0,0.0,0.0,0.0,0.0,0.0,10.438834188006213,0,LOW RISK,No major suspicious signals detected.
U586,15.7356894962902,0.0,0.0,0.0,0.0,0.0,0.0,0.0,0.0,0.0,0.0,3.93392237407255,0,LOW RISK,No major suspicious signals detected.
U587,14.30596466902954,0.0,0.0,0.0,0.0,0.0,0.0,0.0,0.0,0.0,0.0,3.576491167257385,0,LOW RISK,No major suspicious signals detected.
U588,20.631055402375843,0.0,0.0,0.0,0.0,0.0,0.0,0.0,0.0,0.0,0.0,5.157763850593961,0,LOW RISK,No major suspicious signals detected.
U589,29.696201826302577,0.0,0.0,0.0,0.0,0.0,0.0,0.0,0.0,0.0,0.0,7.424050456575644,0,LOW RISK,No major suspicious signals detected.
U590,20.030418266085167,0.0,0.14285714285714285,0.0,14.285714285714285,0.0,0.0,0.0,0.0,0.0,0.0,6.436175995092721,0,LOW RISK,No major suspicious signals detected.
U591,60.722425129458735,0.2857142857142857,0.2857142857142857,28.57142857142857,28.57142857142857,0.0,0.0,0.0,0.0,0.0,0.0,20.894891996650397,0,LOW RISK,Suspicious because of: moderate bot-like behavior.
U592,43.46767041621205,0.0,0.0,0.0,0.0,0.0,0.0,0.0,0.0,0.0,0.0,10.866917604053013,0,LOW RISK,No major suspicious signals detected.
U593,14.576111873506894,0.0,0.0,0.0,0.0,0.0,0.0,0.0,0.0,0.0,0.0,3.6440279683767236,0,LOW RISK,No major suspicious signals detected.
U594,38.14880263277096,0.0,0.0,0.0,0.0,0.0,0.0,0.0,0.0,0.0,0.0,9.53720065819274,0,LOW RISK,No major suspicious signals detected.
U595,34.70042493451489,0.0,0.0,0.0,0.0,0.0,0.0,0.0,0.0,0.0,0.0,8.675106233628723,0,LOW RISK,No major suspicious signals detected.
U596,29.99831004157901,0.0,0.0,0.0,0.0,0.0,0.0,0.0,0.0,0.0,0.0,7.499577510394753,0,LOW RISK,No major suspicious signals detected.
U597,25.058876830790343,0.0,0.0,0.0,0.0,0.0,0.0,0.0,0.0,0.0,0.0,6.264719207697586,0,LOW RISK,No major suspicious signals detected.
U598,32.07122091462798,0.14285714285714285,0.14285714285714285,14.285714285714285,14.285714285714285,0.0,0.0,0.0,0.0,0.0,0.0,10.874948085799852,0,LOW RISK,No major suspicious signals detected.
U599,25.09370968265208,0.0,0.0,0.0,0.0,0.0,0.0,0.0,0.0,0.0,0.0,6.27342742066302,0,LOW RISK,No major suspicious signals detected.
U600,33.47010553701021,0.0,0.0,0.0,0.0,0.0,0.0,0.0,0.0,0.0,0.0,8.367526384252553,0,LOW RISK,No major suspicious signals detected.
U601,10.070469276873128,0.0,0.0,0.0,0.0,0.0,0.0,0.0,0.0,0.0,0.0,2.517617319218282,0,LOW RISK,No major suspicious signals detected.
U602,32.82124062606371,0.1,0.1,10.0,10.0,0.0,0.0,0.0,0.0,0.0,0.0,10.205310156515928,0,LOW RISK,No major suspicious signals detected.
U603,64.48069962833493,0.0,0.0,0.0,0.0,0.0,0.0,0.0,0.0,0.0,0.0,16.120174907083733,0,LOW RISK,Suspicious because of: moderate bot-like behavior.
U604,58.94838462542163,0.0,0.0,0.0,0.0,0.0,0.0,0.0,0.0,0.0,0.0,14.737096156355408,0,LOW RISK,Suspicious because of: moderate bot-like behavior.
U605,23.78944595226968,0.0,0.0,0.0,0.0,0.0,0.0,0.0,0.0,0.0,0.0,5.94736148806742,0,LOW RISK,No major suspicious signals detected.
U606,41.62925201465345,0.25,0.25,25.0,25.0,0.0,0.0,0.0,0.0,0.0,0.0,15.407313003663363,0,LOW RISK,No major suspicious signals detected.
U607,20.742060838138936,0.2,0.2,20.0,20.0,0.0,0.0,0.0,0.0,0.0,0.0,9.185515209534735,0,LOW RISK,No major suspicious signals detected.
U608,30.34380413946618,0.0,0.0,0.0,0.0,0.0,0.0,0.0,0.0,0.0,0.0,7.585951034866545,0,LOW RISK,No major suspicious signals detected.
U609,11.549243195957686,0.0,0.0,0.0,0.0,0.0,0.0,0.0,0.0,0.0,0.0,2.8873107989894216,0,LOW RISK,No major suspicious signals detected.
U610,39.037599671031366,0.0,0.0,0.0,0.0,0.0,0.0,0.0,0.0,0.0,0.0,9.759399917757841,0,LOW RISK,No major suspicious signals detected.
U611,26.367922399793805,0.25,0.25,25.0,25.0,0.0,0.0,0.0,0.0,0.0,0.0,11.591980599948451,0,LOW RISK,No major suspicious signals detected.
U612,18.92500912151828,0.1111111111111111,0.1111111111111111,11.11111111111111,11.11111111111111,0.0,0.0,0.0,0.0,0.0,0.0,6.953474502601791,0,LOW RISK,No major suspicious signals detected.
U613,10.646013794027125,0.0,0.0,0.0,0.0,0.0,0.0,0.0,0.0,0.0,0.0,2.661503448506781,0,LOW RISK,No major suspicious signals detected.
U614,14.076293178551122,0.0,0.0,0.0,0.0,0.0,0.0,0.0,0.0,0.0,0.0,3.5190732946377805,0,LOW RISK,No major suspicious signals detected.
U615,21.605328333739216,0.2,0.2,20.0,20.0,0.0,0.0,0.0,0.0,0.0,0.0,9.401332083434804,0,LOW RISK,No major suspicious signals detected.
U616,68.19674596013647,0.0,0.0,0.0,0.0,0.0,0.0,0.0,0.0,0.0,0.0,17.049186490034117,0,LOW RISK,Suspicious because of: moderate bot-like behavior.
U617,12.22209231798659,0.0,0.0,0.0,0.0,0.0,0.0,0.0,0.0,0.0,0.0,3.0555230794966475,0,LOW RISK,No major suspicious signals detected.
U618,77.2066373873754,0.0,0.0,0.0,0.0,0.0,0.0,0.0,0.0,0.0,0.0,19.30165934684385,0,LOW RISK,Suspicious because of: high bot-like account behavior.
U619,36.06631988345825,0.0,0.0,0.0,0.0,0.0,0.0,0.0,0.0,0.0,0.0,9.016579970864562,0,LOW RISK,No major suspicious signals detected.
U620,21.971993475739676,0.0,0.0,0.0,0.0,0.0,0.0,0.0,0.0,0.0,0.0,5.492998368934919,0,LOW RISK,No major suspicious signals detected.
U621,37.23960189053408,0.1111111111111111,0.1111111111111111,11.11111111111111,11.11111111111111,0.0,0.0,0.0,0.0,0.0,0.0,11.532122694855742,0,LOW RISK,No major suspicious signals detected.
U622,27.66382070919361,0.0,0.0,0.0,0.0,0.0,0.0,0.0,0.0,0.0,0.0,6.915955177298403,0,LOW RISK,No major suspicious signals detected.
U623,24.10187310712715,0.0,0.0,0.0,0.0,0.0,0.0,0.0,0.0,0.0,0.0,6.025468276781788,0,LOW RISK,No major suspicious signals detected.
U624,12.27737978430689,0.2,0.2,20.0,20.0,0.0,0.0,0.0,0.0,0.0,0.0,7.069344946076722,0,LOW RISK,No major suspicious signals detected.
U625,20.801418915421458,0.0,0.0,0.0,0.0,0.0,0.0,0.0,0.0,0.0,0.0,5.200354728855364,0,LOW RISK,No major suspicious signals detected.
U626,39.17623245465552,0.0,0.0,0.0,0.0,0.0,0.0,0.0,0.0,0.0,0.0,9.79405811366388,0,LOW RISK,No major suspicious signals detected.
U627,19.57756561629348,0.0,0.0,0.0,0.0,0.0,0.0,0.0,0.0,0.0,0.0,4.89439140407337,0,LOW RISK,No major suspicious signals detected.
U628,28.876363429923384,0.0,0.0,0.0,0.0,0.0,0.0,0.0,0.0,0.0,0.0,7.219090857480846,0,LOW RISK,No major suspicious signals detected.
U629,30.141681130510896,0.0,0.0,0.0,0.0,0.0,0.0,0.0,0.0,0.0,0.0,7.535420282627724,0,LOW RISK,No major suspicious signals detected.
U630,20.03405918198352,0.16666666666666666,0.16666666666666666,16.666666666666664,16.666666666666664,0.0,0.0,0.0,0.0,0.0,0.0,8.341848128829213,0,LOW RISK,No major suspicious signals detected.
U631,27.587489935216432,0.0,0.0,0.0,0.0,0.0,0.0,0.0,0.0,0.0,0.0,6.896872483804108,0,LOW RISK,No major suspicious signals detected.
U632,29.27956266403848,0.0,0.3333333333333333,0.0,33.33333333333333,0.0,0.0,0.0,0.0,0.0,0.0,10.653223999342952,0,LOW RISK,No major suspicious signals detected.
U633,71.24412940160799,0.2,0.2,20.0,20.0,0.0,0.0,0.0,0.0,0.0,0.0,21.811032350401998,0,LOW RISK,Suspicious because of: high bot-like account behavior.
U634,30.03856482027012,0.0,0.0,0.0,0.0,0.0,0.0,0.0,0.0,0.0,0.0,7.50964120506753,0,LOW RISK,No major suspicious signals detected.
U635,32.86511428720438,0.0,0.0,0.0,0.0,0.0,0.0,0.0,0.0,0.0,0.0,8.216278571801094,0,LOW RISK,No major suspicious signals detected.
U636,8.10391411202561,0.0,0.0,0.0,0.0,0.0,0.0,0.0,0.0,0.0,0.0,2.0259785280064024,0,LOW RISK,No major suspicious signals detected.
U637,14.045204555835731,0.0,0.0,0.0,0.0,0.0,0.0,0.0,0.0,0.0,0.0,3.511301138958933,0,LOW RISK,No major suspicious signals detected.
U638,17.412853924816318,0.0,0.0,0.0,0.0,0.0,0.0,0.0,0.0,0.0,0.0,4.3532134812040795,0,LOW RISK,No major suspicious signals detected.
U639,33.16514755657857,0.0,0.0,0.0,0.0,0.0,0.0,0.0,0.0,0.0,0.0,8.291286889144642,0,LOW RISK,No major suspicious signals detected.
U640,31.727509992217577,0.0,0.0,0.0,0.0,0.0,0.0,0.0,0.0,0.0,0.0,7.931877498054394,0,LOW RISK,No major suspicious signals detected.
U641,29.801201781310763,0.0,0.0,0.0,0.0,0.0,0.0,0.0,0.0,0.0,0.0,7.450300445327691,0,LOW RISK,No major suspicious signals detected.
U642,27.10265912875472,0.0,0.0,0.0,0.0,0.0,0.0,0.0,0.0,0.0,0.0,6.77566478218868,0,LOW RISK,No major suspicious signals detected.
U643,57.98345922581551,0.0,0.0,0.0,0.0,0.0,0.0,0.0,0.0,0.0,0.0,14.495864806453877,0,LOW RISK,Suspicious because of: moderate bot-like behavior.
U644,23.698950924642663,0.1111111111111111,0.1111111111111111,11.11111111111111,11.11111111111111,0.0,0.0,0.0,0.0,0.0,0.0,8.146959953382888,0,LOW RISK,No major suspicious signals detected.
U645,44.22869015268347,0.0,0.25,0.0,25.0,0.0,0.0,0.0,0.0,0.0,0.0,13.557172538170867,0,LOW RISK,No major suspicious signals detected.
U646,23.76236154994168,0.0,0.0,0.0,0.0,0.0,0.0,0.0,0.0,0.0,0.0,5.94059038748542,0,LOW RISK,No major suspicious signals detected.
U647,27.645589233027565,0.0,0.0,0.0,0.0,0.0,0.0,0.0,0.0,0.0,0.0,6.911397308256891,0,LOW RISK,No major suspicious signals detected.
U648,20.983442595185696,0.0,0.0,0.0,0.0,0.0,0.0,0.0,0.0,0.0,0.0,5.245860648796424,0,LOW RISK,No major suspicious signals detected.
U649,8.374157788180913,0.0,0.0,0.0,0.0,0.0,0.0,0.0,0.0,0.0,0.0,2.093539447045228,0,LOW RISK,No major suspicious signals detected.
U650,29.770018356694926,0.125,0.125,12.5,12.5,0.0,0.0,0.0,0.0,0.0,0.0,9.942504589173732,0,LOW RISK,No major suspicious signals detected.
U651,26.037854705052204,0.0,0.0,0.0,0.0,0.0,0.0,0.0,0.0,0.0,0.0,6.509463676263051,0,LOW RISK,No major suspicious signals detected.
U652,23.32731895024689,0.0,0.0,0.0,0.0,0.0,0.0,0.0,0.0,0.0,0.0,5.831829737561723,0,LOW RISK,No major suspicious signals detected.
U653,11.446960970939555,0.3333333333333333,0.3333333333333333,33.33333333333333,33.33333333333333,0.0,0.0,0.0,0.0,0.0,0.0,9.528406909401554,0,LOW RISK,No major suspicious signals detected.
U654,57.5091024165425,0.0,0.0,0.0,0.0,0.0,0.0,0.0,0.0,0.0,0.0,14.377275604135624,0,LOW RISK,Suspicious because of: moderate bot-like behavior.
U655,33.47401253268241,0.1,0.1,10.0,10.0,0.0,0.0,0.0,0.0,0.0,0.0,10.368503133170602,0,LOW RISK,No major suspicious signals detected.
U656,29.464701433711568,0.0,0.0,0.0,0.0,0.0,0.0,0.0,0.0,0.0,0.0,7.366175358427892,0,LOW RISK,No major suspicious signals detected.
U657,30.01938572843648,0.0,0.0,0.0,0.0,0.0,0.0,0.0,0.0,0.0,0.0,7.50484643210912,0,LOW RISK,No major suspicious signals detected.
U658,32.02486349538706,0.0,0.0,0.0,0.0,0.0,0.0,0.0,0.0,0.0,0.0,8.006215873846765,0,LOW RISK,No major suspicious signals detected.
U659,29.849080621549938,0.0,0.0,0.0,0.0,0.0,0.0,0.0,0.0,0.0,0.0,7.462270155387484,0,LOW RISK,No major suspicious signals detected.
U660,23.36425817671577,0.0,0.2,0.0,20.0,0.0,0.0,0.0,0.0,0.0,0.0,7.841064544178942,0,LOW RISK,No major suspicious signals detected.
U661,14.306044528744833,0.0,0.0,0.0,0.0,0.0,0.0,0.0,0.0,0.0,0.0,3.576511132186208,0,LOW RISK,No major suspicious signals detected.
U662,20.81533585245709,0.0,0.0,0.0,0.0,0.0,0.0,0.0,0.0,0.0,0.0,5.203833963114272,0,LOW RISK,No major suspicious signals detected.
U663,31.269821732757443,0.0,0.0,0.0,0.0,0.0,0.0,0.0,0.0,0.0,0.0,7.817455433189361,0,LOW RISK,No major suspicious signals detected.
U664,32.432538580108414,0.0,0.0,0.0,0.0,0.0,0.0,0.0,0.0,0.0,0.0,8.108134645027103,0,LOW RISK,No major suspicious signals detected.
U665,54.942091795771496,0.25,0.25,25.0,25.0,0.0,0.0,0.0,0.0,0.0,0.0,18.735522948942872,0,LOW RISK,Suspicious because of: moderate bot-like behavior.
U666,27.334909944719733,0.0,0.0,0.0,0.0,0.0,0.0,0.0,0.0,0.0,0.0,6.833727486179933,0,LOW RISK,No major suspicious signals detected.
U667,16.631654947673503,0.0,0.0,0.0,0.0,0.0,0.0,0.0,0.0,0.0,0.0,4.157913736918376,0,LOW RISK,No major suspicious signals detected.
U668,36.22572974039432,0.0,0.0,0.0,0.0,0.0,0.0,0.0,0.0,0.0,0.0,9.05643243509858,0,LOW RISK,No major suspicious signals detected.
U669,14.368592661334713,0.16666666666666666,0.16666666666666666,16.666666666666664,16.666666666666664,0.0,0.0,0.0,0.0,0.0,0.0,6.925481498667011,0,LOW RISK,No major suspicious signals detected.
U670,9.059965463143016,0.2,0.2,20.0,20.0,0.0,0.0,0.0,0.0,0.0,0.0,6.264991365785754,0,LOW RISK,No major suspicious signals detected.
U671,21.153478732455383,0.0,0.0,0.0,0.0,0.0,0.0,0.0,0.0,0.0,0.0,5.288369683113846,0,LOW RISK,No major suspicious signals detected.
U672,25.67680951805662,0.0,0.0,0.0,0.0,0.0,0.0,0.0,0.0,0.0,0.0,6.419202379514155,0,LOW RISK,No major suspicious signals detected.
U673,22.362885070652077,0.0,0.0,0.0,0.0,0.0,0.0,0.0,0.0,0.0,0.0,5.590721267663019,0,LOW RISK,No major suspicious signals detected.
U674,23.261166917083607,0.0,0.0,0.0,0.0,0.0,0.0,0.0,0.0,0.0,0.0,5.815291729270902,0,LOW RISK,No major suspicious signals detected.
U675,7.053559815441608,0.0,0.2,0.0,20.0,0.0,0.0,0.0,0.0,0.0,0.0,3.7633899538604023,0,LOW RISK,No major suspicious signals detected.
U676,29.731194037027368,0.0,0.0,0.0,0.0,0.0,0.0,0.0,0.0,0.0,0.0,7.432798509256842,0,LOW RISK,No major suspicious signals detected.
U677,56.912458260023584,0.14285714285714285,0.14285714285714285,14.285714285714285,14.285714285714285,0.0,0.0,0.0,0.0,0.0,0.0,17.085257422148754,0,LOW RISK,Suspicious because of: moderate bot-like behavior.
U678,22.757129726157057,0.0,0.0,0.0,0.0,0.0,0.0,0.0,0.0,0.0,0.0,5.689282431539264,0,LOW RISK,No major suspicious signals detected.
U679,40.153703506299806,0.0,0.0,0.0,0.0,0.0,0.0,0.0,0.0,0.0,0.0,10.038425876574951,0,LOW RISK,No major suspicious signals detected.
U680,27.65923097907589,0.0,0.125,0.0,12.5,0.0,0.0,0.0,0.0,0.0,0.0,8.164807744768972,0,LOW RISK,No major suspicious signals detected.
U681,27.07328016995099,0.0,0.0,0.0,0.0,0.0,0.0,0.0,0.0,0.0,0.0,6.768320042487748,0,LOW RISK,No major suspicious signals detected.
U682,22.3501060086642,0.0,0.0,0.0,0.0,0.0,0.0,0.0,0.0,0.0,0.0,5.58752650216605,0,LOW RISK,No major suspicious signals detected.
U683,29.84218589938225,0.0,0.0,0.0,0.0,0.0,0.0,0.0,0.0,0.0,0.0,7.460546474845563,0,LOW RISK,No major suspicious signals detected.
U684,14.504368281507986,0.0,0.0,0.0,0.0,0.0,0.0,0.0,0.0,0.0,0.0,3.6260920703769965,0,LOW RISK,No major suspicious signals detected.
U685,31.414118827978267,0.5,0.5,50.0,50.0,0.0,0.0,0.0,0.0,0.0,0.0,17.853529706994568,0,LOW RISK,"Suspicious because of: high spam activity, repeated content."
U686,34.8018860154753,0.0,0.0,0.0,0.0,0.0,0.0,0.0,0.0,0.0,0.0,8.700471503868824,0,LOW RISK,No major suspicious signals detected.
U687,36.05990291643116,0.0,0.0,0.0,0.0,0.0,0.0,0.0,0.0,0.0,0.0,9.01497572910779,0,LOW RISK,No major suspicious signals detected.
U688,20.51403742825929,0.0,0.0,0.0,0.0,0.0,0.0,0.0,0.0,0.0,0.0,5.128509357064822,0,LOW RISK,No major suspicious signals detected.
U689,39.5470941567758,0.0,0.0,0.0,0.0,0.0,0.0,0.0,0.0,0.0,0.0,9.88677353919395,0,LOW RISK,No major suspicious signals detected.
U690,22.712826706872068,0.0,0.0,0.0,0.0,0.0,0.0,0.0,0.0,0.0,0.0,5.678206676718017,0,LOW RISK,No major suspicious signals detected.
U691,14.05003661854694,0.0,0.0,0.0,0.0,0.0,0.0,0.0,0.0,0.0,0.0,3.512509154636735,0,LOW RISK,No major suspicious signals detected.
U692,55.59851385965047,0.5,0.5,50.0,50.0,0.0,0.0,0.0,0.0,0.0,0.0,23.899628464912617,0,LOW RISK,"Suspicious because of: moderate bot-like behavior, high spam activity, repeated content."
U693,8.829034083253703,0.0,0.0,0.0,0.0,0.0,0.0,0.0,0.0,0.0,0.0,2.2072585208134257,0,LOW RISK,No major suspicious signals detected.
U694,15.82067406413214,0.0,0.0,0.0,0.0,0.0,0.0,0.0,0.0,0.0,0.0,3.955168516033035,0,LOW RISK,No major suspicious signals detected.
U695,16.829124731866337,0.4,0.4,40.0,40.0,0.0,0.0,0.0,0.0,0.0,0.0,12.207281182966584,0,LOW RISK,No major suspicious signals detected.
U696,31.71029855177625,0.0,0.0,0.0,0.0,0.0,0.0,0.0,0.0,0.0,0.0,7.927574637944063,0,LOW RISK,No major suspicious signals detected.
U697,36.26655873332049,0.0,0.0,0.0,0.0,0.0,0.0,0.0,0.0,0.0,0.0,9.066639683330122,0,LOW RISK,No major suspicious signals detected.
U698,43.64142550154908,0.0,0.0,0.0,0.0,0.0,0.0,0.0,0.0,0.0,0.0,10.91035637538727,0,LOW RISK,No major suspicious signals detected.
U699,34.38016550117378,0.0,0.0,0.0,0.0,0.0,0.0,0.0,0.0,0.0,0.0,8.595041375293444,0,LOW RISK,No major suspicious signals detected.
U700,26.80051624872,0.0,0.0,0.0,0.0,0.0,0.0,0.0,0.0,0.0,0.0,6.70012906218,0,LOW RISK,No major suspicious signals detected.
U701,21.426486473611824,0.2,0.2,20.0,20.0,0.0,0.0,0.0,0.0,0.0,0.0,9.356621618402956,0,LOW RISK,No major suspicious signals detected.
U702,37.01367820216157,0.0,0.0,0.0,0.0,0.0,0.0,0.0,0.0,0.0,0.0,9.253419550540393,0,LOW RISK,No major suspicious signals detected.
U703,30.987254512128462,0.0,0.0,0.0,0.0,0.0,0.0,0.0,0.0,0.0,0.0,7.746813628032116,0,LOW RISK,No major suspicious signals detected.
U704,19.09294020526876,0.0,0.0,0.0,0.0,0.0,0.0,0.0,0.0,0.0,0.0,4.77323505131719,0,LOW RISK,No major suspicious signals detected.
U705,14.837170527583826,0.25,0.25,25.0,25.0,0.0,0.0,0.0,0.0,0.0,0.0,8.709292631895956,0,LOW RISK,No major suspicious signals detected.
U706,24.857532407878185,0.4,0.6,40.0,60.0,0.0,0.0,0.0,0.0,0.0,0.0,16.214383101969545,0,LOW RISK,Suspicious because of: repeated content.
U707,25.79488417271321,0.0,0.25,0.0,25.0,0.0,0.0,0.0,0.0,0.0,0.0,8.948721043178303,0,LOW RISK,No major suspicious signals detected.
U708,23.14988805454522,0.0,0.0,0.0,0.0,0.0,0.0,0.0,0.0,0.0,0.0,5.787472013636305,0,LOW RISK,No major suspicious signals detected.
U709,19.89774941589709,0.0,0.0,0.0,0.0,0.0,0.0,0.0,0.0,0.0,0.0,4.974437353974272,0,LOW RISK,No major suspicious signals detected.
U710,16.806039097043957,0.0,0.0,0.0,0.0,0.0,0.0,0.0,0.0,0.0,0.0,4.201509774260989,0,LOW RISK,No major suspicious signals detected.
U711,33.50761714068008,0.14285714285714285,0.14285714285714285,14.285714285714285,14.285714285714285,0.0,0.0,0.0,0.0,0.0,0.0,11.234047142312878,0,LOW RISK,No major suspicious signals detected.
U712,37.95768202461656,0.0,0.0,0.0,0.0,0.0,0.0,0.0,0.0,0.0,0.0,9.48942050615414,0,LOW RISK,No major suspicious signals detected.
U713,25.996712713243863,0.0,0.0,0.0,0.0,0.0,0.0,0.0,0.0,0.0,0.0,6.499178178310966,0,LOW RISK,No major suspicious signals detected.
U714,55.54661371686021,0.0,0.0,0.0,0.0,0.0,0.0,0.0,0.0,0.0,0.0,13.886653429215052,0,LOW RISK,Suspicious because of: moderate bot-like behavior.
U715,18.472230481610264,0.2857142857142857,0.2857142857142857,28.57142857142857,28.57142857142857,0.0,0.0,0.0,0.0,0.0,0.0,10.33234333468828,0,LOW RISK,No major suspicious signals detected.
U716,28.2964077532466,0.16666666666666666,0.16666666666666666,16.666666666666664,16.666666666666664,0.0,0.0,0.0,0.0,0.0,0.0,10.407435271644983,0,LOW RISK,No major suspicious signals detected.
U717,44.040503635394046,0.0,0.0,0.0,0.0,0.0,0.0,0.0,0.0,0.0,0.0,11.010125908848512,0,LOW RISK,No major suspicious signals detected.
U718,54.34777654093645,0.125,0.125,12.5,12.5,0.0,0.0,0.0,0.0,0.0,0.0,16.086944135234113,0,LOW RISK,Suspicious because of: moderate bot-like behavior.
U719,22.974310780824663,0.0,0.0,0.0,0.0,0.0,0.0,0.0,0.0,0.0,0.0,5.743577695206166,0,LOW RISK,No major suspicious signals detected.
U720,25.942803811158296,0.0,0.0,0.0,0.0,0.0,0.0,0.0,0.0,0.0,0.0,6.485700952789574,0,LOW RISK,No major suspicious signals detected.
U721,70.3929297022626,0.3333333333333333,0.3333333333333333,33.33333333333333,33.33333333333333,0.0,0.0,0.0,0.0,0.0,0.0,24.264899092232316,0,LOW RISK,Suspicious because of: high bot-like account behavior.
U722,33.28137458654368,0.0,0.0,0.0,0.0,0.0,0.0,0.0,0.0,0.0,0.0,8.32034364663592,0,LOW RISK,No major suspicious signals detected.
U723,39.991790316372224,0.0,0.0,0.0,0.0,0.0,0.0,0.0,0.0,0.0,0.0,9.997947579093056,0,LOW RISK,No major suspicious signals detected.
U724,8.407661950118895,0.0,0.0,0.0,0.0,0.0,0.0,0.0,0.0,0.0,0.0,2.1019154875297237,0,LOW RISK,No major suspicious signals detected.
U725,31.70457840601211,0.0,0.0,0.0,0.0,0.0,0.0,0.0,0.0,0.0,0.0,7.926144601503028,0,LOW RISK,No major suspicious signals detected.
U726,12.450839321666749,0.16666666666666666,0.16666666666666666,16.666666666666664,16.666666666666664,0.0,0.0,0.0,0.0,0.0,0.0,6.446043163750019,0,LOW RISK,No major suspicious signals detected.
U727,18.777195288215225,0.0,0.0,0.0,0.0,0.0,0.0,0.0,0.0,0.0,0.0,4.694298822053806,0,LOW RISK,No major suspicious signals detected.
U728,36.07555188755041,0.0,0.16666666666666666,0.0,16.666666666666664,0.0,0.0,0.0,0.0,0.0,0.0,10.685554638554269,0,LOW RISK,No major suspicious signals detected.
U729,17.647866763401886,0.0,0.0,0.0,0.0,0.0,0.0,0.0,0.0,0.0,0.0,4.4119666908504716,0,LOW RISK,No major suspicious signals detected.
U730,21.158869074797455,0.0,0.0,0.0,0.0,0.0,0.0,0.0,0.0,0.0,0.0,5.289717268699364,0,LOW RISK,No major suspicious signals detected.
U731,26.445426895365905,0.0,0.0,0.0,0.0,0.0,0.0,0.0,0.0,0.0,0.0,6.611356723841476,0,LOW RISK,No major suspicious signals detected.
U732,8.23450617327829,0.0,0.0,0.0,0.0,0.0,0.0,0.0,0.0,0.0,0.0,2.0586265433195723,0,LOW RISK,No major suspicious signals detected.
U733,61.57410523850199,0.0,0.0,0.0,0.0,0.0,0.0,0.0,0.0,0.0,0.0,15.393526309625498,0,LOW RISK,Suspicious because of: moderate bot-like behavior.
U734,9.8664892460682,0.0,0.0,0.0,0.0,0.0,0.0,0.0,0.0,0.0,0.0,2.46662231151705,0,LOW RISK,No major suspicious signals detected.
U735,27.41331875839301,0.0,0.16666666666666666,0.0,16.666666666666664,0.0,0.0,0.0,0.0,0.0,0.0,8.519996356264919,0,LOW RISK,No major suspicious signals detected.
U736,11.546715943239729,0.0,0.0,0.0,0.0,0.0,0.0,0.0,0.0,0.0,0.0,2.886678985809932,0,LOW RISK,No major suspicious signals detected.
U737,44.69242632296729,0.0,0.0,0.0,0.0,0.0,0.0,0.0,0.0,0.0,0.0,11.173106580741823,0,LOW RISK,No major suspicious signals detected.
U738,32.8696777269753,0.0,0.0,0.0,0.0,0.0,0.0,0.0,0.0,0.0,0.0,8.217419431743824,0,LOW RISK,No major suspicious signals detected.
U739,37.9044056352452,0.0,0.0,0.0,0.0,0.0,0.0,0.0,0.0,0.0,0.0,9.4761014088113,0,LOW RISK,No major suspicious signals detected.
U740,38.94449039933379,0.16666666666666666,0.16666666666666666,16.666666666666664,16.666666666666664,0.0,0.0,0.0,0.0,0.0,0.0,13.069455933166779,0,LOW RISK,No major suspicious signals detected.
U741,40.13878114868363,0.0,0.09090909090909091,0.0,9.090909090909092,0.0,0.0,0.0,0.0,0.0,0.0,10.943786196261815,0,LOW RISK,No major suspicious signals detected.
U742,27.355177408454423,0.125,0.125,12.5,12.5,0.0,0.0,0.0,0.0,0.0,0.0,9.338794352113606,0,LOW RISK,No major suspicious signals detected.
U743,28.76486568279408,0.0,0.0,0.0,0.0,0.0,0.0,0.0,0.0,0.0,0.0,7.19121642069852,0,LOW RISK,No major suspicious signals detected.
U744,23.778664080386765,0.16666666666666666,0.16666666666666666,16.666666666666664,16.666666666666664,0.0,0.0,0.0,0.0,0.0,0.0,9.277999353430024,0,LOW RISK,No major suspicious signals detected.
U745,17.262823611301815,0.3333333333333333,0.3333333333333333,33.33333333333333,33.33333333333333,0.0,0.0,0.0,0.0,0.0,0.0,10.98237256949212,0,LOW RISK,No major suspicious signals detected.
U746,40.439934285997495,0.3333333333333333,0.3333333333333333,33.33333333333333,33.33333333333333,0.0,0.0,0.0,0.0,0.0,0.0,16.776650238166038,0,LOW RISK,No major suspicious signals detected.
U747,77.9804475073608,0.14285714285714285,0.14285714285714285,14.285714285714285,14.285714285714285,0.0,0.0,0.0,0.0,0.0,0.0,22.352254733983052,0,LOW RISK,Suspicious because of: high bot-like account behavior.
U748,33.10504870301329,0.0,0.2,0.0,20.0,0.0,0.0,0.0,0.0,0.0,0.0,10.276262175753322,0,LOW RISK,No major suspicious signals detected.
U749,24.611255830291604,0.0,0.0,0.0,0.0,0.0,0.0,0.0,0.0,0.0,0.0,6.152813957572901,0,LOW RISK,No major suspicious signals detected.
U750,13.196847328024752,0.125,0.25,12.5,25.0,0.0,0.0,0.0,0.0,0.0,0.0,7.049211832006188,0,LOW RISK,No major suspicious signals detected.
U751,8.826324999862926,0.2,0.2,20.0,20.0,0.0,0.0,0.0,0.0,0.0,0.0,6.206581249965732,0,LOW RISK,No major suspicious signals detected.
U752,40.31714059225549,0.0,0.0,0.0,0.0,0.0,0.0,0.0,0.0,0.0,0.0,10.079285148063873,0,LOW RISK,No major suspicious signals detected.
U753,20.42642432127868,0.0,0.0,0.0,0.0,0.0,0.0,0.0,0.0,0.0,0.0,5.10660608031967,0,LOW RISK,No major suspicious signals detected.
U754,53.51820997821878,0.5,0.5,50.0,50.0,0.0,0.0,0.0,0.0,0.0,0.0,23.379552494554694,0,LOW RISK,"Suspicious because of: moderate bot-like behavior, high spam activity, repeated content."
U755,33.74771340869117,0.0,0.0,0.0,0.0,0.0,0.0,0.0,0.0,0.0,0.0,8.436928352172792,0,LOW RISK,No major suspicious signals detected.
U756,40.68834820610044,0.3333333333333333,0.5,33.33333333333333,50.0,0.0,0.0,0.0,0.0,0.0,0.0,18.505420384858443,0,LOW RISK,Suspicious because of: repeated content.
U757,30.369332063868047,0.0,0.0,0.0,0.0,0.0,0.0,0.0,0.0,0.0,0.0,7.592333015967012,0,LOW RISK,No major suspicious signals detected.
U758,56.15152464174523,0.0,0.0,0.0,0.0,0.0,0.0,0.0,0.0,0.0,0.0,14.037881160436308,0,LOW RISK,Suspicious because of: moderate bot-like behavior.
U759,64.36621647362138,0.0,0.0,0.0,0.0,0.0,0.0,0.0,0.0,0.0,0.0,16.091554118405345,0,LOW RISK,Suspicious because of: moderate bot-like behavior.
U760,42.514602057749805,0.07692307692307693,0.07692307692307693,7.6923076923076925,7.6923076923076925,0.0,0.0,0.0,0.0,0.0,0.0,12.167112052898991,0,LOW RISK,No major suspicious signals detected.
U761,15.893445619041664,0.0,0.0,0.0,0.0,0.0,0.0,0.0,0.0,0.0,0.0,3.973361404760416,0,LOW RISK,No major suspicious signals detected.
U762,12.695798109161029,0.0,0.0,0.0,0.0,0.0,0.0,0.0,0.0,0.0,0.0,3.173949527290257,0,LOW RISK,No major suspicious signals detected.
U763,31.127342323238647,0.0,0.0,0.0,0.0,0.0,0.0,0.0,0.0,0.0,0.0,7.781835580809662,0,LOW RISK,No major suspicious signals detected.
U764,19.14072522718753,0.0,0.0,0.0,0.0,0.0,0.0,0.0,0.0,0.0,0.0,4.785181306796883,0,LOW RISK,No major suspicious signals detected.
U765,46.99869312493157,0.2,0.2,20.0,20.0,0.0,0.0,0.0,0.0,0.0,0.0,15.749673281232893,0,LOW RISK,No major suspicious signals detected.
U766,39.66112760049379,0.0,0.2,0.0,20.0,0.0,0.0,0.0,0.0,0.0,0.0,11.915281900123448,0,LOW RISK,No major suspicious signals detected.
U767,28.053857016779684,0.1,0.1,10.0,10.0,0.0,0.0,0.0,0.0,0.0,0.0,9.013464254194922,0,LOW RISK,No major suspicious signals detected.
U768,29.01109008947439,0.3333333333333333,0.3333333333333333,33.33333333333333,33.33333333333333,0.0,0.0,0.0,0.0,0.0,0.0,13.919439189035263,0,LOW RISK,No major suspicious signals detected.
U769,19.69836151813561,0.0,0.0,0.0,0.0,0.0,0.0,0.0,0.0,0.0,0.0,4.924590379533902,0,LOW RISK,No major suspicious signals detected.
U770,35.800095007659834,0.0,0.0,0.0,0.0,0.0,0.0,0.0,0.0,0.0,0.0,8.950023751914959,0,LOW RISK,No major suspicious signals detected.
U771,29.284832120784586,0.3333333333333333,0.3333333333333333,33.33333333333333,33.33333333333333,0.0,0.0,0.0,0.0,0.0,0.0,13.98787469686281,0,LOW RISK,No major suspicious signals detected.
U772,18.66712912990736,0.0,0.0,0.0,0.0,0.0,0.0,0.0,0.0,0.0,0.0,4.66678228247684,0,LOW RISK,No major suspicious signals detected.
U773,5.622710056726911,0.0,0.0,0.0,0.0,0.0,0.0,0.0,0.0,0.0,0.0,1.4056775141817277,0,LOW RISK,No major suspicious signals detected.
U774,41.73207892676184,0.0,0.0,0.0,0.0,0.0,0.0,0.0,0.0,0.0,0.0,10.43301973169046,0,LOW RISK,No major suspicious signals detected.
U775,18.44912258772553,0.0,0.0,0.0,0.0,0.0,0.0,0.0,0.0,0.0,0.0,4.612280646931382,0,LOW RISK,No major suspicious signals detected.
U776,13.971555543057958,0.0,0.0,0.0,0.0,0.0,0.0,0.0,0.0,0.0,0.0,3.4928888857644895,0,LOW RISK,No major suspicious signals detected.
U777,61.47131722249193,0.2,0.2,20.0,20.0,0.0,0.0,0.0,0.0,0.0,0.0,19.367829305622983,0,LOW RISK,Suspicious because of: moderate bot-like behavior.
U778,11.599840412967492,0.0,0.0,0.0,0.0,0.0,0.0,0.0,0.0,0.0,0.0,2.899960103241873,0,LOW RISK,No major suspicious signals detected.
U779,16.076799641132297,0.0,0.0,0.0,0.0,0.0,0.0,0.0,0.0,0.0,0.0,4.019199910283074,0,LOW RISK,No major suspicious signals detected.
U780,29.585654372625307,0.0,0.0,0.0,0.0,0.0,0.0,0.0,0.0,0.0,0.0,7.396413593156327,0,LOW RISK,No major suspicious signals detected.
U781,55.303677787833166,0.14285714285714285,0.14285714285714285,14.285714285714285,14.285714285714285,0.0,0.0,0.0,0.0,0.0,0.0,16.68306230410115,0,LOW RISK,Suspicious because of: moderate bot-like behavior.
U782,17.241837462549285,0.125,0.125,12.5,12.5,0.0,0.0,0.0,0.0,0.0,0.0,6.810459365637321,0,LOW RISK,No major suspicious signals detected.
U783,18.0806368132842,0.0,0.0,0.0,0.0,0.0,0.0,0.0,0.0,0.0,0.0,4.52015920332105,0,LOW RISK,No major suspicious signals detected.
U784,27.99512622640944,0.1111111111111111,0.1111111111111111,11.11111111111111,11.11111111111111,0.0,0.0,0.0,0.0,0.0,0.0,9.221003778824581,0,LOW RISK,No major suspicious signals detected.
U785,37.828218686347554,0.0,0.0,0.0,0.0,0.0,0.0,0.0,0.0,0.0,0.0,9.457054671586889,0,LOW RISK,No major suspicious signals detected.
U786,32.51030746040117,0.125,0.125,12.5,12.5,0.0,0.0,0.0,0.0,0.0,0.0,10.627576865100293,0,LOW RISK,No major suspicious signals detected.
U787,35.127802319436945,0.25,0.25,25.0,25.0,0.0,0.0,0.0,0.0,0.0,0.0,13.781950579859236,0,LOW RISK,No major suspicious signals detected.
U788,37.20067134915976,0.0,0.0,0.0,0.0,0.0,0.0,0.0,0.0,0.0,0.0,9.30016783728994,0,LOW RISK,No major suspicious signals detected.
U789,20.319591056435964,0.0,0.0,0.0,0.0,0.0,0.0,0.0,0.0,0.0,0.0,5.079897764108991,0,LOW RISK,No major suspicious signals detected.
U790,25.84497529305827,0.0,0.0,0.0,0.0,0.0,0.0,0.0,0.0,0.0,0.0,6.461243823264567,0,LOW RISK,No major suspicious signals detected.
U791,27.34495091635284,0.0,0.0,0.0,0.0,0.0,0.0,0.0,0.0,0.0,0.0,6.83623772908821,0,LOW RISK,No major suspicious signals detected.
U792,14.306372962938632,0.0,0.0,0.0,0.0,0.0,0.0,0.0,0.0,0.0,0.0,3.576593240734658,0,LOW RISK,No major suspicious signals detected.
U793,24.32035198119419,0.0,0.0,0.0,0.0,0.0,0.0,0.0,0.0,0.0,0.0,6.080087995298547,0,LOW RISK,No major suspicious signals detected.
U794,25.97487767338417,0.0,0.0,0.0,0.0,0.0,0.0,0.0,0.0,0.0,0.0,6.493719418346043,0,LOW RISK,No major suspicious signals detected.
U795,19.5732337427112,0.0,0.0,0.0,0.0,0.0,0.0,0.0,0.0,0.0,0.0,4.8933084356778,0,LOW RISK,No major suspicious signals detected.
U796,28.82895390323378,0.0,0.0,0.0,0.0,0.0,0.0,0.0,0.0,0.0,0.0,7.207238475808445,0,LOW RISK,No major suspicious signals detected.
U797,19.40448346709776,0.0,0.0,0.0,0.0,0.0,0.0,0.0,0.0,0.0,0.0,4.85112086677444,0,LOW RISK,No major suspicious signals detected.
U798,17.919254487531273,0.1,0.1,10.0,10.0,0.0,0.0,0.0,0.0,0.0,0.0,6.479813621882818,0,LOW RISK,No major suspicious signals detected.
U799,22.97059395396956,0.0,0.0,0.0,0.0,0.0,0.0,0.0,0.0,0.0,0.0,5.74264848849239,0,LOW RISK,No major suspicious signals detected.
U800,6.572117989712639,0.0,0.0,0.0,0.0,0.0,0.0,0.0,0.0,0.0,0.0,1.6430294974281598,0,LOW RISK,No major suspicious signals detected.
U801,39.68570889998088,0.14285714285714285,0.14285714285714285,14.285714285714285,14.285714285714285,7.0,7.0,7.0,100.0,1.0,100.0,87.77857008213807,20,HIGH RISK,"Suspicious because of: strong coordinated activity, participation in suspicious rating campaign."
U802,34.38965149924286,0.1111111111111111,0.2222222222222222,11.11111111111111,22.22222222222222,7.0,7.0,7.0,100.0,1.0,100.0,86.93074620814404,20,HIGH RISK,"Suspicious because of: strong coordinated activity, participation in suspicious rating campaign."
U803,25.82122221940068,0.16666666666666666,0.16666666666666666,16.666666666666664,16.666666666666664,7.0,7.0,7.0,100.0,1.0,100.0,84.7886388881835,20,HIGH RISK,"Suspicious because of: strong coordinated activity, participation in suspicious rating campaign."
U804,24.760064004716376,0.4,0.4,40.0,40.0,7.0,7.0,7.0,100.0,1.0,100.0,89.19001600117909,20,HIGH RISK,"Suspicious because of: strong coordinated activity, participation in suspicious rating campaign."
U805,33.698467253651735,0.125,0.125,12.5,12.5,7.0,7.0,7.0,100.0,1.0,100.0,85.92461681341294,20,HIGH RISK,"Suspicious because of: strong coordinated activity, participation in suspicious rating campaign."
U806,20.47591777404275,0.2857142857142857,0.2857142857142857,28.57142857142857,28.57142857142857,7.0,7.0,7.0,100.0,1.0,100.0,85.8332651577964,20,HIGH RISK,"Suspicious because of: strong coordinated activity, participation in suspicious rating campaign."
U807,9.030734501964751,0.2,0.2,20.0,20.0,7.0,7.0,7.0,100.0,1.0,100.0,81.25768362549118,20,HIGH RISK,"Suspicious because of: strong coordinated activity, participation in suspicious rating campaign."
U808,20.439813860470743,0.14285714285714285,0.2857142857142857,14.285714285714285,28.57142857142857,7.0,7.0,7.0,100.0,1.0,100.0,84.39566775083198,20,HIGH RISK,"Suspicious because of: strong coordinated activity, participation in suspicious rating campaign."
U809,13.721687251708786,0.0,0.0,0.0,0.0,0.0,0.0,0.0,0.0,0.0,0.0,3.4304218129271966,0,LOW RISK,No major suspicious signals detected.
U810,15.471649588765654,0.0,0.0,0.0,0.0,0.0,0.0,0.0,0.0,0.0,0.0,3.8679123971914136,0,LOW RISK,No major suspicious signals detected.
U811,11.676278715767266,0.0,0.0,0.0,0.0,0.0,0.0,0.0,0.0,0.0,0.0,2.9190696789418165,0,LOW RISK,No major suspicious signals detected.
U812,36.71447773338319,0.0,0.0,0.0,0.0,0.0,0.0,0.0,0.0,0.0,0.0,9.178619433345798,0,LOW RISK,No major suspicious signals detected.
U813,38.15581194769683,0.0,0.0,0.0,0.0,0.0,0.0,0.0,0.0,0.0,0.0,9.538952986924208,0,LOW RISK,No major suspicious signals detected.
U814,36.80323777240194,0.0,0.0,0.0,0.0,0.0,0.0,0.0,0.0,0.0,0.0,9.200809443100486,0,LOW RISK,No major suspicious signals detected.
U815,33.04570851824648,0.25,0.25,25.0,25.0,0.0,0.0,0.0,0.0,0.0,0.0,13.26142712956162,0,LOW RISK,No major suspicious signals detected.
U816,14.659543673067883,0.3333333333333333,0.3333333333333333,33.33333333333333,33.33333333333333,0.0,0.0,0.0,0.0,0.0,0.0,10.331552584933636,0,LOW RISK,No major suspicious signals detected.
U817,13.17363113957159,0.0,0.2,0.0,20.0,0.0,0.0,0.0,0.0,0.0,0.0,5.2934077848928975,0,LOW RISK,No major suspicious signals detected.
U818,6.96532272432078,0.0,0.0,0.0,0.0,0.0,0.0,0.0,0.0,0.0,0.0,1.741330681080195,0,LOW RISK,No major suspicious signals detected.
U819,8.805471427846358,0.0,0.0,0.0,0.0,0.0,0.0,0.0,0.0,0.0,0.0,2.2013678569615895,0,LOW RISK,No major suspicious signals detected.
U820,24.85865902926851,0.25,0.25,25.0,25.0,0.0,0.0,0.0,0.0,0.0,0.0,11.214664757317127,0,LOW RISK,No major suspicious signals detected.
U821,28.68876528853295,0.0,0.0,0.0,0.0,0.0,0.0,0.0,0.0,0.0,0.0,7.172191322133237,0,LOW RISK,No major suspicious signals detected.
U822,13.27480617049363,0.0,0.0,0.0,0.0,0.0,0.0,0.0,0.0,0.0,0.0,3.3187015426234074,0,LOW RISK,No major suspicious signals detected.
U823,31.090378995494312,0.0,0.0,0.0,0.0,0.0,0.0,0.0,0.0,0.0,0.0,7.772594748873578,0,LOW RISK,No major suspicious signals detected.
U824,38.11011521291111,0.0,0.0,0.0,0.0,0.0,0.0,0.0,0.0,0.0,0.0,9.527528803227778,0,LOW RISK,No major suspicious signals detected.
U825,62.69815501095375,0.0,0.0,0.0,0.0,0.0,0.0,0.0,0.0,0.0,0.0,15.674538752738437,0,LOW RISK,Suspicious because of: moderate bot-like behavior.
U826,63.072129322216334,0.0,0.0,0.0,0.0,0.0,0.0,0.0,0.0,0.0,0.0,15.768032330554083,0,LOW RISK,Suspicious because of: moderate bot-like behavior.
U827,23.752345560605757,0.0,0.0,0.0,0.0,0.0,0.0,0.0,0.0,0.0,0.0,5.938086390151439,0,LOW RISK,No major suspicious signals detected.
U828,60.16378628823257,0.0,0.0,0.0,0.0,0.0,0.0,0.0,0.0,0.0,0.0,15.040946572058143,0,LOW RISK,Suspicious because of: moderate bot-like behavior.
U829,24.029421135906556,0.0,0.0,0.0,0.0,0.0,0.0,0.0,0.0,0.0,0.0,6.007355283976639,0,LOW RISK,No major suspicious signals detected.
U830,35.583421127274384,0.0,0.0,0.0,0.0,0.0,0.0,0.0,0.0,0.0,0.0,8.895855281818596,0,LOW RISK,No major suspicious signals detected.
U831,21.37654274180642,0.0,0.0,0.0,0.0,0.0,0.0,0.0,0.0,0.0,0.0,5.344135685451605,0,LOW RISK,No major suspicious signals detected.
U832,14.232736564986253,0.1111111111111111,0.1111111111111111,11.11111111111111,11.11111111111111,0.0,0.0,0.0,0.0,0.0,0.0,5.780406363468785,0,LOW RISK,No major suspicious signals detected.
U833,7.390665188169267,0.125,0.125,12.5,12.5,0.0,0.0,0.0,0.0,0.0,0.0,4.347666297042316,0,LOW RISK,No major suspicious signals detected.
U834,22.938557319382024,0.16666666666666666,0.16666666666666666,16.666666666666664,16.666666666666664,0.0,0.0,0.0,0.0,0.0,0.0,9.067972663178839,0,LOW RISK,No major suspicious signals detected.
U835,21.07342652802779,0.0,0.0,0.0,0.0,0.0,0.0,0.0,0.0,0.0,0.0,5.268356632006948,0,LOW RISK,No major suspicious signals detected.
U836,24.71597220018512,0.0,0.0,0.0,0.0,0.0,0.0,0.0,0.0,0.0,0.0,6.17899305004628,0,LOW RISK,No major suspicious signals detected.
U837,28.537295840189792,0.0,0.0,0.0,0.0,0.0,0.0,0.0,0.0,0.0,0.0,7.134323960047448,0,LOW RISK,No major suspicious signals detected.
U838,32.61108904342051,0.0,0.0,0.0,0.0,0.0,0.0,0.0,0.0,0.0,0.0,8.152772260855128,0,LOW RISK,No major suspicious signals detected.
U839,13.764296699254553,0.0,0.0,0.0,0.0,0.0,0.0,0.0,0.0,0.0,0.0,3.441074174813638,0,LOW RISK,No major suspicious signals detected.
U840,23.12657389360788,0.0,0.0,0.0,0.0,0.0,0.0,0.0,0.0,0.0,0.0,5.78164347340197,0,LOW RISK,No major suspicious signals detected.
U841,25.32961765732262,0.125,0.125,12.5,12.5,0.0,0.0,0.0,0.0,0.0,0.0,8.832404414330654,0,LOW RISK,No major suspicious signals detected.
U842,11.367510694510424,0.0,0.0,0.0,0.0,0.0,0.0,0.0,0.0,0.0,0.0,2.841877673627606,0,LOW RISK,No major suspicious signals detected.
U843,29.420705491196816,0.0,0.0,0.0,0.0,0.0,0.0,0.0,0.0,0.0,0.0,7.355176372799204,0,LOW RISK,No major suspicious signals detected.
U844,29.613459022134755,0.0,0.0,0.0,0.0,0.0,0.0,0.0,0.0,0.0,0.0,7.403364755533689,0,LOW RISK,No major suspicious signals detected.
U845,17.47838739536033,0.0,0.0,0.0,0.0,0.0,0.0,0.0,0.0,0.0,0.0,4.369596848840082,0,LOW RISK,No major suspicious signals detected.
U846,32.445917636197734,0.0,0.0,0.0,0.0,0.0,0.0,0.0,0.0,0.0,0.0,8.111479409049434,0,LOW RISK,No major suspicious signals detected.
U847,20.18567024402786,0.0,0.0,0.0,0.0,0.0,0.0,0.0,0.0,0.0,0.0,5.046417561006965,0,LOW RISK,No major suspicious signals detected.
U848,25.661848613830944,0.0,0.0,0.0,0.0,0.0,0.0,0.0,0.0,0.0,0.0,6.415462153457736,0,LOW RISK,No major suspicious signals detected.
U849,72.92097971528501,0.0,0.0,0.0,0.0,0.0,0.0,0.0,0.0,0.0,0.0,18.230244928821254,0,LOW RISK,Suspicious because of: high bot-like account behavior.
U850,36.94687392267232,0.0,0.0,0.0,0.0,0.0,0.0,0.0,0.0,0.0,0.0,9.23671848066808,0,LOW RISK,No major suspicious signals detected.
U851,20.71156103625253,0.0,0.0,0.0,0.0,0.0,0.0,0.0,0.0,0.0,0.0,5.177890259063132,0,LOW RISK,No major suspicious signals detected.
U852,30.919534809701084,0.0,0.0,0.0,0.0,0.0,0.0,0.0,0.0,0.0,0.0,7.729883702425271,0,LOW RISK,No major suspicious signals detected.
U853,44.419440543040174,0.0,0.0,0.0,0.0,0.0,0.0,0.0,0.0,0.0,0.0,11.104860135760044,0,LOW RISK,No major suspicious signals detected.
U854,24.81340032140625,0.0,0.0,0.0,0.0,0.0,0.0,0.0,0.0,0.0,0.0,6.203350080351562,0,LOW RISK,No major suspicious signals detected.
U855,21.164174336675934,0.0,0.0,0.0,0.0,0.0,0.0,0.0,0.0,0.0,0.0,5.291043584168984,0,LOW RISK,No major suspicious signals detected.
U856,25.85012083079498,0.0,0.0,0.0,0.0,0.0,0.0,0.0,0.0,0.0,0.0,6.462530207698745,0,LOW RISK,No major suspicious signals detected.
U857,6.888330413515865,0.0,0.0,0.0,0.0,0.0,0.0,0.0,0.0,0.0,0.0,1.7220826033789662,0,LOW RISK,No major suspicious signals detected.
U858,21.72321948592357,0.0,0.0,0.0,0.0,0.0,0.0,0.0,0.0,0.0,0.0,5.430804871480892,0,LOW RISK,No major suspicious signals detected.
U859,11.269151174605163,0.2,0.2,20.0,20.0,0.0,0.0,0.0,0.0,0.0,0.0,6.817287793651291,0,LOW RISK,No major suspicious signals detected.
U860,7.3538009282990675,0.25,0.25,25.0,25.0,0.0,0.0,0.0,0.0,0.0,0.0,6.838450232074766,0,LOW RISK,No major suspicious signals detected.
U861,7.157575567453391,0.0,0.0,0.0,0.0,0.0,0.0,0.0,0.0,0.0,0.0,1.7893938918633479,0,LOW RISK,No major suspicious signals detected.
U862,13.404215386811709,0.0,0.0,0.0,0.0,0.0,0.0,0.0,0.0,0.0,0.0,3.351053846702927,0,LOW RISK,No major suspicious signals detected.
U863,28.81760488081321,0.0,0.0,0.0,0.0,0.0,0.0,0.0,0.0,0.0,0.0,7.2044012202033025,0,LOW RISK,No major suspicious signals detected.
U864,37.05955524415724,0.0,0.0,0.0,0.0,0.0,0.0,0.0,0.0,0.0,0.0,9.26488881103931,0,LOW RISK,No major suspicious signals detected.
U865,9.733098610543482,0.0,0.0,0.0,0.0,0.0,0.0,0.0,0.0,0.0,0.0,2.4332746526358706,0,LOW RISK,No major suspicious signals detected.
U866,24.117881090651004,0.0,0.0,0.0,0.0,0.0,0.0,0.0,0.0,0.0,0.0,6.029470272662751,0,LOW RISK,No major suspicious signals detected.
U867,60.42018511996648,0.0,0.0,0.0,0.0,0.0,0.0,0.0,0.0,0.0,0.0,15.10504627999162,0,LOW RISK,Suspicious because of: moderate bot-like behavior.
U868,30.425538601605705,0.0,0.0,0.0,0.0,0.0,0.0,0.0,0.0,0.0,0.0,7.606384650401426,0,LOW RISK,No major suspicious signals detected.
U869,21.446737035599227,0.0,0.0,0.0,0.0,0.0,0.0,0.0,0.0,0.0,0.0,5.361684258899807,0,LOW RISK,No major suspicious signals detected.
U870,15.419652781136689,0.0,0.0,0.0,0.0,0.0,0.0,0.0,0.0,0.0,0.0,3.854913195284172,0,LOW RISK,No major suspicious signals detected.
U871,14.715926233727211,0.0,0.0,0.0,0.0,0.0,0.0,0.0,0.0,0.0,0.0,3.678981558431803,0,LOW RISK,No major suspicious signals detected.
U872,10.52010520792778,0.0,0.0,0.0,0.0,0.0,0.0,0.0,0.0,0.0,0.0,2.630026301981945,0,LOW RISK,No major suspicious signals detected.
U873,17.263255810001006,0.0,0.0,0.0,0.0,0.0,0.0,0.0,0.0,0.0,0.0,4.3158139525002515,0,LOW RISK,No major suspicious signals detected.
U874,17.444349747157602,0.0,0.0,0.0,0.0,0.0,0.0,0.0,0.0,0.0,0.0,4.361087436789401,0,LOW RISK,No major suspicious signals detected.
U875,42.95258461302376,0.0,0.0,0.0,0.0,0.0,0.0,0.0,0.0,0.0,0.0,10.73814615325594,0,LOW RISK,No major suspicious signals detected.
U876,11.073629532023462,0.0,0.0,0.0,0.0,0.0,0.0,0.0,0.0,0.0,0.0,2.7684073830058655,0,LOW RISK,No major suspicious signals detected.
U877,34.33373524852544,0.0,0.0,0.0,0.0,0.0,0.0,0.0,0.0,0.0,0.0,8.58343381213136,0,LOW RISK,No major suspicious signals detected.
U878,42.02035796199557,0.5,0.5,50.0,50.0,0.0,0.0,0.0,0.0,0.0,0.0,20.505089490498893,0,LOW RISK,"Suspicious because of: high spam activity, repeated content."
U879,8.018648645425658,0.0,0.0,0.0,0.0,0.0,0.0,0.0,0.0,0.0,0.0,2.0046621613564146,0,LOW RISK,No major suspicious signals detected.
U880,13.691511882993158,0.14285714285714285,0.14285714285714285,14.285714285714285,14.285714285714285,0.0,0.0,0.0,0.0,0.0,0.0,6.280020827891147,0,LOW RISK,No major suspicious signals detected.
U881,24.02434598291373,0.0,0.0,0.0,0.0,0.0,0.0,0.0,0.0,0.0,0.0,6.006086495728432,0,LOW RISK,No major suspicious signals detected.
U882,58.67655295764823,0.0,0.0,0.0,0.0,0.0,0.0,0.0,0.0,0.0,0.0,14.669138239412057,0,LOW RISK,Suspicious because of: moderate bot-like behavior.
U883,24.90806954685059,0.0,0.0,0.0,0.0,0.0,0.0,0.0,0.0,0.0,0.0,6.227017386712648,0,LOW RISK,No major suspicious signals detected.
U884,13.823720627552063,0.0,0.0,0.0,0.0,0.0,0.0,0.0,0.0,0.0,0.0,3.455930156888016,0,LOW RISK,No major suspicious signals detected.
U885,14.878736842566386,0.0,0.0,0.0,0.0,0.0,0.0,0.0,0.0,0.0,0.0,3.7196842106415966,0,LOW RISK,No major suspicious signals detected.
U886,28.42856604878137,0.0,0.0,0.0,0.0,0.0,0.0,0.0,0.0,0.0,0.0,7.1071415121953425,0,LOW RISK,No major suspicious signals detected.
U887,26.7120192942236,0.0,0.0,0.0,0.0,0.0,0.0,0.0,0.0,0.0,0.0,6.6780048235559,0,LOW RISK,No major suspicious signals detected.
U888,35.85528896110316,0.0,0.0,0.0,0.0,0.0,0.0,0.0,0.0,0.0,0.0,8.96382224027579,0,LOW RISK,No major suspicious signals detected.
U889,24.7475591746348,0.3333333333333333,0.3333333333333333,33.33333333333333,33.33333333333333,0.0,0.0,0.0,0.0,0.0,0.0,12.853556460325365,0,LOW RISK,No major suspicious signals detected.
U890,55.055909215757296,0.16666666666666666,0.16666666666666666,16.666666666666664,16.666666666666664,0.0,0.0,0.0,0.0,0.0,0.0,17.097310637272656,0,LOW RISK,Suspicious because of: moderate bot-like behavior.
U891,36.06053952317689,0.0,0.0,0.0,0.0,0.0,0.0,0.0,0.0,0.0,0.0,9.015134880794223,0,LOW RISK,No major suspicious signals detected.
U892,10.375438605734947,0.0,0.0,0.0,0.0,0.0,0.0,0.0,0.0,0.0,0.0,2.593859651433737,0,LOW RISK,No major suspicious signals detected.
U893,18.25330131621162,0.0,0.0,0.0,0.0,0.0,0.0,0.0,0.0,0.0,0.0,4.563325329052905,0,LOW RISK,No major suspicious signals detected.
U894,27.48489519204579,0.0,0.0,0.0,0.0,0.0,0.0,0.0,0.0,0.0,0.0,6.871223798011448,0,LOW RISK,No major suspicious signals detected.
U895,35.22296650217058,0.0,0.0,0.0,0.0,0.0,0.0,0.0,0.0,0.0,0.0,8.805741625542645,0,LOW RISK,No major suspicious signals detected.
U896,26.47073131554204,0.0,0.0,0.0,0.0,0.0,0.0,0.0,0.0,0.0,0.0,6.61768282888551,0,LOW RISK,No major suspicious signals detected.
U897,19.819303379007547,0.0,0.0,0.0,0.0,0.0,0.0,0.0,0.0,0.0,0.0,4.954825844751887,0,LOW RISK,No major suspicious signals detected.
U898,18.68134403417732,0.0,0.0,0.0,0.0,0.0,0.0,0.0,0.0,0.0,0.0,4.67033600854433,0,LOW RISK,No major suspicious signals detected.
U899,12.369525726288993,0.0,0.0,0.0,0.0,0.0,0.0,0.0,0.0,0.0,0.0,3.092381431572248,0,LOW RISK,No major suspicious signals detected.
U900,31.05496383848333,0.25,0.25,25.0,25.0,0.0,0.0,0.0,0.0,0.0,0.0,12.763740959620833,0,LOW RISK,No major suspicious signals detected.
U901,36.54123941717044,0.1111111111111111,0.1111111111111111,11.11111111111111,11.11111111111111,0.0,0.0,0.0,0.0,0.0,0.0,11.35753207651483,0,LOW RISK,No major suspicious signals detected.
U902,19.26455381883985,0.0,0.0,0.0,0.0,0.0,0.0,0.0,0.0,0.0,0.0,4.816138454709963,0,LOW RISK,No major suspicious signals detected.
U903,11.116654693215962,0.1111111111111111,0.1111111111111111,11.11111111111111,11.11111111111111,0.0,0.0,0.0,0.0,0.0,0.0,5.001385895526212,0,LOW RISK,No major suspicious signals detected.
U904,22.20560483095695,0.0,0.0,0.0,0.0,0.0,0.0,0.0,0.0,0.0,0.0,5.551401207739238,0,LOW RISK,No major suspicious signals detected.
U905,37.51352969696933,1.0,1.0,100.0,100.0,0.0,0.0,0.0,0.0,0.0,0.0,29.378382424242332,0,LOW RISK,"Suspicious because of: high spam activity, repeated content."
U906,60.897812630793695,0.0,0.0,0.0,0.0,0.0,0.0,0.0,0.0,0.0,0.0,15.224453157698424,0,LOW RISK,Suspicious because of: moderate bot-like behavior.
U907,10.559683121668645,0.0,0.0,0.0,0.0,0.0,0.0,0.0,0.0,0.0,0.0,2.639920780417161,0,LOW RISK,No major suspicious signals detected.
U908,28.32678194134538,0.25,0.25,25.0,25.0,0.0,0.0,0.0,0.0,0.0,0.0,12.081695485336345,0,LOW RISK,No major suspicious signals detected.
U909,25.103552092467734,0.0,0.0,0.0,0.0,0.0,0.0,0.0,0.0,0.0,0.0,6.275888023116933,0,LOW RISK,No major suspicious signals detected.
U910,18.58577886238728,0.2222222222222222,0.2222222222222222,22.22222222222222,22.22222222222222,0.0,0.0,0.0,0.0,0.0,0.0,9.090889160041264,0,LOW RISK,No major suspicious signals detected.
U911,33.12499433493078,0.1,0.1,10.0,10.0,0.0,0.0,0.0,0.0,0.0,0.0,10.281248583732696,0,LOW RISK,No major suspicious signals detected.
U912,30.28508459324487,0.0,0.0,0.0,0.0,0.0,0.0,0.0,0.0,0.0,0.0,7.571271148311218,0,LOW RISK,No major suspicious signals detected.
U913,52.31557272276759,0.0,0.0,0.0,0.0,0.0,0.0,0.0,0.0,0.0,0.0,13.078893180691898,0,LOW RISK,Suspicious because of: moderate bot-like behavior.
U914,11.335309558374895,0.0,0.0,0.0,0.0,0.0,0.0,0.0,0.0,0.0,0.0,2.833827389593724,0,LOW RISK,No major suspicious signals detected.
U915,20.62377749097005,0.0,0.0,0.0,0.0,0.0,0.0,0.0,0.0,0.0,0.0,5.155944372742512,0,LOW RISK,No major suspicious signals detected.
U916,35.86015067597796,0.125,0.125,12.5,12.5,0.0,0.0,0.0,0.0,0.0,0.0,11.46503766899449,0,LOW RISK,No major suspicious signals detected.
U917,30.567672975491597,0.0,0.0,0.0,0.0,0.0,0.0,0.0,0.0,0.0,0.0,7.641918243872899,0,LOW RISK,No major suspicious signals detected.
U918,20.625568016860434,0.0,0.0,0.0,0.0,0.0,0.0,0.0,0.0,0.0,0.0,5.156392004215109,0,LOW RISK,No major suspicious signals detected.
U919,14.867644523111805,0.0,0.0,0.0,0.0,0.0,0.0,0.0,0.0,0.0,0.0,3.716911130777951,0,LOW RISK,No major suspicious signals detected.
U920,33.51133500473949,0.0,0.0,0.0,0.0,0.0,0.0,0.0,0.0,0.0,0.0,8.377833751184873,0,LOW RISK,No major suspicious signals detected.
U921,17.130579195914656,0.2857142857142857,0.2857142857142857,28.57142857142857,28.57142857142857,0.0,0.0,0.0,0.0,0.0,0.0,9.99693051326438,0,LOW RISK,No major suspicious signals detected.
U922,14.444785768625236,0.0,0.0,0.0,0.0,0.0,0.0,0.0,0.0,0.0,0.0,3.611196442156309,0,LOW RISK,No major suspicious signals detected.
U923,11.225095312192266,0.0,0.0,0.0,0.0,0.0,0.0,0.0,0.0,0.0,0.0,2.8062738280480666,0,LOW RISK,No major suspicious signals detected.
U924,33.1067382354295,0.0,0.0,0.0,0.0,0.0,0.0,0.0,0.0,0.0,0.0,8.276684558857376,0,LOW RISK,No major suspicious signals detected.
U925,26.515582709450843,0.0,0.0,0.0,0.0,0.0,0.0,0.0,0.0,0.0,0.0,6.628895677362711,0,LOW RISK,No major suspicious signals detected.
U926,28.8539080335593,0.0,0.0,0.0,0.0,0.0,0.0,0.0,0.0,0.0,0.0,7.213477008389825,0,LOW RISK,No major suspicious signals detected.
U927,23.360772188776508,0.0,0.0,0.0,0.0,0.0,0.0,0.0,0.0,0.0,0.0,5.840193047194127,0,LOW RISK,No major suspicious signals detected.
U928,27.96536590768173,0.0,0.0,0.0,0.0,0.0,0.0,0.0,0.0,0.0,0.0,6.991341476920432,0,LOW RISK,No major suspicious signals detected.
U929,16.569803421781497,0.0,0.0,0.0,0.0,0.0,0.0,0.0,0.0,0.0,0.0,4.142450855445374,0,LOW RISK,No major suspicious signals detected.
U930,36.33657328898724,0.0,0.0,0.0,0.0,0.0,0.0,0.0,0.0,0.0,0.0,9.08414332224681,0,LOW RISK,No major suspicious signals detected.
U931,24.417254537125967,0.0,0.0,0.0,0.0,0.0,0.0,0.0,0.0,0.0,0.0,6.104313634281492,0,LOW RISK,No major suspicious signals detected.
U932,15.950698901256498,0.0,0.0,0.0,0.0,0.0,0.0,0.0,0.0,0.0,0.0,3.9876747253141245,0,LOW RISK,No major suspicious signals detected.
U933,20.44946721239893,0.0,0.0,0.0,0.0,0.0,0.0,0.0,0.0,0.0,0.0,5.112366803099732,0,LOW RISK,No major suspicious signals detected.
U934,22.08139018894227,0.0,0.0,0.0,0.0,0.0,0.0,0.0,0.0,0.0,0.0,5.520347547235567,0,LOW RISK,No major suspicious signals detected.
U935,12.60842108701346,0.0,0.0,0.0,0.0,0.0,0.0,0.0,0.0,0.0,0.0,3.152105271753365,0,LOW RISK,No major suspicious signals detected.
U936,18.23584599176478,0.0,0.0,0.0,0.0,0.0,0.0,0.0,0.0,0.0,0.0,4.558961497941195,0,LOW RISK,No major suspicious signals detected.
U937,22.211165112019792,0.0,0.2,0.0,20.0,0.0,0.0,0.0,0.0,0.0,0.0,7.552791278004948,0,LOW RISK,No major suspicious signals detected.
U938,22.91106339085417,0.0,0.0,0.0,0.0,0.0,0.0,0.0,0.0,0.0,0.0,5.727765847713543,0,LOW RISK,No major suspicious signals detected.
U939,12.330786977855428,0.0,0.0,0.0,0.0,0.0,0.0,0.0,0.0,0.0,0.0,3.082696744463857,0,LOW RISK,No major suspicious signals detected.
U940,19.69505222930012,0.16666666666666666,0.16666666666666666,16.666666666666664,16.666666666666664,0.0,0.0,0.0,0.0,0.0,0.0,8.257096390658363,0,LOW RISK,No major suspicious signals detected.
U941,34.02931097658731,0.3333333333333333,0.3333333333333333,33.33333333333333,33.33333333333333,0.0,0.0,0.0,0.0,0.0,0.0,15.173994410813492,0,LOW RISK,No major suspicious signals detected.
U942,25.613131866944183,0.0,0.0,0.0,0.0,0.0,0.0,0.0,0.0,0.0,0.0,6.403282966736046,0,LOW RISK,No major suspicious signals detected.
U943,26.52262850231489,0.0,0.0,0.0,0.0,0.0,0.0,0.0,0.0,0.0,0.0,6.630657125578723,0,LOW RISK,No major suspicious signals detected.
U944,57.06524421618728,0.0,0.0,0.0,0.0,0.0,0.0,0.0,0.0,0.0,0.0,14.26631105404682,0,LOW RISK,Suspicious because of: moderate bot-like behavior.
U945,29.37860513630684,0.25,0.25,25.0,25.0,0.0,0.0,0.0,0.0,0.0,0.0,12.344651284076711,0,LOW RISK,No major suspicious signals detected.
U946,34.49953079430906,0.0,0.0,0.0,0.0,0.0,0.0,0.0,0.0,0.0,0.0,8.624882698577265,0,LOW RISK,No major suspicious signals detected.
U947,8.759844247274081,0.0,0.0,0.0,0.0,0.0,0.0,0.0,0.0,0.0,0.0,2.1899610618185203,0,LOW RISK,No major suspicious signals detected.
U948,17.862656463005592,0.0,0.0,0.0,0.0,0.0,0.0,0.0,0.0,0.0,0.0,4.465664115751398,0,LOW RISK,No major suspicious signals detected.
U949,28.064953108906654,0.0,0.0,0.0,0.0,0.0,0.0,0.0,0.0,0.0,0.0,7.016238277226663,0,LOW RISK,No major suspicious signals detected.
U950,28.710652292672894,0.6666666666666666,0.6666666666666666,66.66666666666666,66.66666666666666,0.0,0.0,0.0,0.0,0.0,0.0,20.510996406501555,0,LOW RISK,"Suspicious because of: high spam activity, repeated content."
U951,35.86403918355976,0.0,0.0,0.0,0.0,0.0,0.0,0.0,0.0,0.0,0.0,8.96600979588994,0,LOW RISK,No major suspicious signals detected.
U952,20.938438594933807,0.25,0.25,25.0,25.0,0.0,0.0,0.0,0.0,0.0,0.0,10.234609648733452,0,LOW RISK,No major suspicious signals detected.
U953,14.523420861107574,0.0,0.0,0.0,0.0,0.0,0.0,0.0,0.0,0.0,0.0,3.6308552152768936,0,LOW RISK,No major suspicious signals detected.
U954,46.991878737762576,0.2,0.2,20.0,20.0,0.0,0.0,0.0,0.0,0.0,0.0,15.747969684440644,0,LOW RISK,No major suspicious signals detected.
U955,26.52610991094852,0.0,0.0,0.0,0.0,0.0,0.0,0.0,0.0,0.0,0.0,6.63152747773713,0,LOW RISK,No major suspicious signals detected.
U956,38.86488561825092,0.0,0.0,0.0,0.0,0.0,0.0,0.0,0.0,0.0,0.0,9.71622140456273,0,LOW RISK,No major suspicious signals detected.
U957,30.06041872453466,0.0,0.0,0.0,0.0,0.0,0.0,0.0,0.0,0.0,0.0,7.515104681133665,0,LOW RISK,No major suspicious signals detected.
U958,20.762914752240697,0.0,0.0,0.0,0.0,0.0,0.0,0.0,0.0,0.0,0.0,5.190728688060174,0,LOW RISK,No major suspicious signals detected.
U959,23.02891056490538,0.0,0.0,0.0,0.0,0.0,0.0,0.0,0.0,0.0,0.0,5.757227641226345,0,LOW RISK,No major suspicious signals detected.
U960,28.21227016753792,0.0,0.0,0.0,0.0,0.0,0.0,0.0,0.0,0.0,0.0,7.05306754188448,0,LOW RISK,No major suspicious signals detected.
U961,9.826546811415623,0.25,0.25,25.0,25.0,0.0,0.0,0.0,0.0,0.0,0.0,7.456636702853906,0,LOW RISK,No major suspicious signals detected.
U962,35.80794272892172,0.0,0.0,0.0,0.0,0.0,0.0,0.0,0.0,0.0,0.0,8.95198568223043,0,LOW RISK,No major suspicious signals detected.
U963,23.041115305959835,0.0,0.0,0.0,0.0,0.0,0.0,0.0,0.0,0.0,0.0,5.760278826489959,0,LOW RISK,No major suspicious signals detected.
U964,21.76697846359302,0.16666666666666666,0.3333333333333333,16.666666666666664,33.33333333333333,0.0,0.0,0.0,0.0,0.0,0.0,10.441744615898255,0,LOW RISK,No major suspicious signals detected.
U965,21.880842465617825,0.0,0.0,0.0,0.0,0.0,0.0,0.0,0.0,0.0,0.0,5.470210616404456,0,LOW RISK,No major suspicious signals detected.
U966,26.89383285959455,0.0,0.0,0.0,0.0,0.0,0.0,0.0,0.0,0.0,0.0,6.7234582148986375,0,LOW RISK,No major suspicious signals detected.
U967,10.760617496127551,0.0,0.0,0.0,0.0,0.0,0.0,0.0,0.0,0.0,0.0,2.690154374031888,0,LOW RISK,No major suspicious signals detected.
U968,40.96108863792352,0.0,0.0,0.0,0.0,0.0,0.0,0.0,0.0,0.0,0.0,10.24027215948088,0,LOW RISK,No major suspicious signals detected.
U969,37.73047068449174,0.0,0.0,0.0,0.0,0.0,0.0,0.0,0.0,0.0,0.0,9.432617671122935,0,LOW RISK,No major suspicious signals detected.
U970,9.375774347427534,0.0,0.0,0.0,0.0,0.0,0.0,0.0,0.0,0.0,0.0,2.3439435868568834,0,LOW RISK,No major suspicious signals detected.
U971,26.830283637619363,0.0,0.0,0.0,0.0,0.0,0.0,0.0,0.0,0.0,0.0,6.707570909404841,0,LOW RISK,No major suspicious signals detected.
U972,17.02774561785167,0.0,0.0,0.0,0.0,0.0,0.0,0.0,0.0,0.0,0.0,4.256936404462918,0,LOW RISK,No major suspicious signals detected.
U973,18.230286662025613,0.0,0.0,0.0,0.0,0.0,0.0,0.0,0.0,0.0,0.0,4.557571665506403,0,LOW RISK,No major suspicious signals detected.
U974,28.68313239003777,0.0,0.0,0.0,0.0,0.0,0.0,0.0,0.0,0.0,0.0,7.170783097509442,0,LOW RISK,No major suspicious signals detected.
U975,35.373511086491646,0.0,0.0,0.0,0.0,0.0,0.0,0.0,0.0,0.0,0.0,8.843377771622912,0,LOW RISK,No major suspicious signals detected.
U976,18.22971236836771,0.5,0.5,50.0,50.0,0.0,0.0,0.0,0.0,0.0,0.0,14.557428092091929,0,LOW RISK,"Suspicious because of: high spam activity, repeated content."
U977,17.259575251656184,0.0,0.0,0.0,0.0,0.0,0.0,0.0,0.0,0.0,0.0,4.314893812914046,0,LOW RISK,No major suspicious signals detected.
U978,23.13457440178817,0.0,0.0,0.0,0.0,0.0,0.0,0.0,0.0,0.0,0.0,5.783643600447043,0,LOW RISK,No major suspicious signals detected.
U979,32.47592701607096,0.0,0.0,0.0,0.0,0.0,0.0,0.0,0.0,0.0,0.0,8.11898175401774,0,LOW RISK,No major suspicious signals detected.
U980,60.95874852124467,0.2,0.2,20.0,20.0,0.0,0.0,0.0,0.0,0.0,0.0,19.239687130311168,0,LOW RISK,Suspicious because of: moderate bot-like behavior.
U981,19.593686048983155,0.0,0.0,0.0,0.0,0.0,0.0,0.0,0.0,0.0,0.0,4.898421512245789,0,LOW RISK,No major suspicious signals detected.
U982,12.042326457814328,0.14285714285714285,0.14285714285714285,14.285714285714285,14.285714285714285,0.0,0.0,0.0,0.0,0.0,0.0,5.867724471596439,0,LOW RISK,No major suspicious signals detected.
U983,25.44718253826428,0.0,0.0,0.0,0.0,0.0,0.0,0.0,0.0,0.0,0.0,6.36179563456607,0,LOW RISK,No major suspicious signals detected.
U984,28.575615607228805,0.0,0.0,0.0,0.0,0.0,0.0,0.0,0.0,0.0,0.0,7.143903901807201,0,LOW RISK,No major suspicious signals detected.
U985,25.43778263663441,0.0,0.0,0.0,0.0,0.0,0.0,0.0,0.0,0.0,0.0,6.359445659158602,0,LOW RISK,No major suspicious signals detected.
U986,27.357066855551864,0.0,0.0,0.0,0.0,0.0,0.0,0.0,0.0,0.0,0.0,6.839266713887966,0,LOW RISK,No major suspicious signals detected.
U987,26.861513257964077,0.0,0.0,0.0,0.0,0.0,0.0,0.0,0.0,0.0,0.0,6.715378314491019,0,LOW RISK,No major suspicious signals detected.
U988,22.87842072267929,0.0,0.0,0.0,0.0,0.0,0.0,0.0,0.0,0.0,0.0,5.719605180669823,0,LOW RISK,No major suspicious signals detected.
U989,8.683642942837285,0.0,0.0,0.0,0.0,0.0,0.0,0.0,0.0,0.0,0.0,2.170910735709321,0,LOW RISK,No major suspicious signals detected.
U990,28.014510464274025,0.25,0.25,25.0,25.0,0.0,0.0,0.0,0.0,0.0,0.0,12.003627616068506,0,LOW RISK,No major suspicious signals detected.
U991,15.681379013259267,0.0,0.0,0.0,0.0,0.0,0.0,0.0,0.0,0.0,0.0,3.920344753314817,0,LOW RISK,No major suspicious signals detected.
U992,35.52858209571601,0.0,0.2,0.0,20.0,0.0,0.0,0.0,0.0,0.0,0.0,10.882145523929003,0,LOW RISK,No major suspicious signals detected.
U993,32.23710557303437,0.0,0.0,0.0,0.0,0.0,0.0,0.0,0.0,0.0,0.0,8.059276393258592,0,LOW RISK,No major suspicious signals detected.
U994,27.90079492699728,0.0,0.0,0.0,0.0,0.0,0.0,0.0,0.0,0.0,0.0,6.97519873174932,0,LOW RISK,No major suspicious signals detected.
U995,19.92128189469551,0.0,0.0,0.0,0.0,0.0,0.0,0.0,0.0,0.0,0.0,4.980320473673878,0,LOW RISK,No major suspicious signals detected.
U996,54.45634902183863,0.0,0.0,0.0,0.0,0.0,0.0,0.0,0.0,0.0,0.0,13.614087255459658,0,LOW RISK,Suspicious because of: moderate bot-like behavior.
U997,7.607936233697928,0.16666666666666666,0.16666666666666666,16.666666666666664,16.666666666666664,0.0,0.0,0.0,0.0,0.0,0.0,5.235317391757816,0,LOW RISK,No major suspicious signals detected.
U998,31.89872016092762,0.0,0.0,0.0,0.0,0.0,0.0,0.0,0.0,0.0,0.0,7.974680040231905,0,LOW RISK,No major suspicious signals detected.
U999,30.78884254667243,0.0,0.0,0.0,0.0,0.0,0.0,0.0,0.0,0.0,0.0,7.697210636668108,0,LOW RISK,No major suspicious signals detected.
