user_id,account_age_days,followers,following,posts,following_followers_ratio,posts_per_day,anomaly_score_raw,isolation_score,young_account_score,low_follower_score,following_ratio_score,activity_score,bot_score,account_status
U0,1156,870,1304,107,1.497129735935706,0.09248055315471046,0.1166163390983107,7.701505645428654,42.10526315789473,82.59125551544324,0.11255728662477546,0.010315442310444792,28.229479377379388,NORMAL
U1,1125,3782,1648,122,0.43563309542690987,0.108348134991119,0.11282345954759332,8.886741999061924,43.659147869674186,24.187725631768952,0.03260507695883979,0.012103340731121685,17.095310163981004,NORMAL
U2,496,4436,1492,88,0.3362632409285553,0.17706237424547283,0.08940641899210366,16.204329438826896,75.18796992481202,11.07099879663056,0.0251205130533734,0.01984579834737811,23.451098654368607,NORMAL
U3,1426,3181,2929,664,0.92049025769956,0.4653118430273301,0.09349028745334642,14.928162004823944,28.57142857142857,36.24147613317288,0.06912464755067181,0.05232464580562966,16.655506528973824,NORMAL
U4,160,1695,779,344,0.45931603773584906,2.1366459627329193,0.10770847335448486,10.48512325618825,92.03007518796993,66.04492579221821,0.03438888248090246,0.2406441808080325,37.83396629160579,NORMAL
U5,1545,2443,1225,956,0.5012274959083469,0.6183699870633894,0.09866020688673927,13.312614667800457,22.60651629072682,51.04292017649419,0.03754566467251306,0.06957065195925195,17.876927322112632,NORMAL
U6,5,33,4607,1022,135.5,170.33333333333334,-0.08491182068236791,70.67700962833176,99.79949874686717,99.37825912555155,10.20568916319322,19.192403485617525,60.85736076971781,WATCH
U7,51,4853,2914,561,0.6003296250515039,10.788461538461538,-0.009939884814683442,47.24904079767517,97.4937343358396,2.7075812274368283,0.045010063432924075,1.2154976627885037,32.19588311437505,NORMAL
U8,504,1092,2568,682,2.3494967978042087,1.3504950495049506,0.10703510403154382,10.69554433344608,74.78696741854637,78.1387886081027,0.17675780073114428,0.15206370328694624,35.99583023194987,NORMAL
U9,1529,2757,985,783,0.35714285714285715,0.5117647058823529,0.12013153436409207,6.603042811739243,23.408521303258144,44.745286803048536,0.026693171307392904,0.05755877668900401,15.806951217515326,NORMAL
U10,219,2744,572,876,0.20837887067395264,3.981818181818182,0.092232764831231,15.321125057648949,89.07268170426066,45.006016847172084,0.01548822822702551,0.4485511278394845,33.6386972803796,NORMAL
U11,1620,1277,2889,505,2.26056338028169,0.31153608883405304,0.09068209618896422,15.805693265702406,18.847117794486213,74.42839951865223,0.17005931203817917,0.034997782084674245,22.016077837529608,NORMAL
U12,1184,3566,656,21,0.1839080459770115,0.017721518987341773,0.08134221039383033,18.72431275655386,40.70175438596492,28.519855595667863,0.013645079193665963,0.0018918803274538608,18.691751680955417,NORMAL
U13,870,2445,610,316,0.24938675388389206,0.36280137772675086,0.12769130435721993,4.240691436972716,56.44110275689223,51.00280786201363,0.01857695291181184,0.04077415872427599,24.95770133920829,NORMAL
U14,43,251,2051,777,8.13888888888889,17.65909090909091,0.05640512920045232,26.5168974639448,97.89473684210527,95.00601684717208,0.6128163548899659,1.989653897018135,47.904074372827665,NORMAL
U15,1399,2622,2955,340,1.126572626763248,0.24285714285714285,0.09804428755051353,13.505083207451904,29.924812030075188,47.45286803048536,0.08464682647338145,0.02725930117990749,19.02278969652898,NORMAL
U16,121,1488,2566,776,1.7233042310275353,6.360655737704918,0.08779517759829936,16.707826016790833,93.98496240601504,70.19655034095467,0.12959280983095486,0.7165894435113717,40.181611191197774,NORMAL
U17,1996,44,2263,81,50.28888888888889,0.04056084126189284,-0.06819976022495067,65.45466039910261,0.0,99.15764139590854,3.787565580477612,0.004465327790652379,30.597288533335103,NORMAL
U18,1985,1595,1031,390,0.6459899749373433,0.19637462235649547,0.08048026156222654,18.99366301577717,0.5513784461152915,68.05054151624549,0.048449213146806155,0.022021828586478033,16.61241794471917,NORMAL
U19,595,3853,1510,703,0.3918007265179035,1.179530201342282,0.11814675479567766,7.22326627704501,70.22556390977444,22.763738467709583,0.029303611258969325,0.13280003821354872,23.219874521089054,NORMAL
U20,431,171,211,958,1.2267441860465116,2.2175925925925926,0.058686482508159554,25.803997715977665,78.44611528822055,96.6105094263939,0.09219177499676098,0.24976493740329095,42.86474304909025,NORMAL
U21,1025,4921,465,462,0.09447379114181227,0.4502923976608187,0.08864587457565554,16.44199184778914,48.67167919799499,1.3437625350982807,0.006908867300924397,0.05063231215787666,14.912293147335685,NORMAL
U22,1780,1285,1026,702,0.7978227060653188,0.39416058394160586,0.1039383458949163,11.663249812320657,10.82706766917293,74.26795026073005,0.05988529489217739,0.044307594117473266,19.33146190412801,NORMAL
U23,325,347,888,53,2.5517241379310347,0.16257668711656442,0.0742251952269653,20.948307743036445,83.7593984962406,93.08062575210589,0.1919896178476399,0.018213606535972468,42.7489503813791,NORMAL
U24,821,4003,2274,764,0.567932067932068,0.9294403892944039,0.10449563315141064,11.489103202342307,58.89724310776943,19.75531488166866,0.042569870802417295,0.10462087489820218,20.425074832562775,NORMAL
U25,11,35,4655,1409,129.30555555555554,117.41666666666667,-0.0646434155602783,64.34333879601553,99.49874686716792,99.338146811071,9.73912195790388,13.229955915708992,58.81309077524084,WATCH
U26,1210,2072,74,857,0.03569705740472745,0.7076796036333609,0.08863389785601128,16.44573445108825,39.3984962406015,58.48375451263538,0.0024817880621490402,0.07963371790483476,24.025800635041957,NORMAL
U27,17,29,4225,1619,140.83333333333334,89.94444444444444,-0.05103007565111495,60.08930827937146,99.19799498746868,99.45848375451264,10.607397250258483,10.134491009336525,57.87661470364051,WATCH
U28,677,1505,1172,499,0.7782204515272244,0.7359882005899705,0.1362974454533863,1.5513597154461611,66.11528822055138,69.85559566787003,0.05840884785980285,0.08282342231676781,30.759670871341243,NORMAL
U29,622,401,1708,419,4.248756218905473,0.6725521669341894,0.1062582506562581,10.938303126473711,68.87218045112782,91.99759326113117,0.3198105261482565,0.07567569271584405,37.34961321942368,NORMAL
U30,18,28,4949,1511,170.6551724137931,79.52631578947368,-0.07438165473320624,67.38643967327558,99.14786967418546,99.4785399117529,12.853586112092149,8.960616126530386,59.34813029889088,WATCH
U31,260,3109,2192,201,0.704823151125402,0.7701149425287356,0.09792333810345233,13.54287868175893,87.01754385964912,37.68551945447253,0.052880543646020885,0.08666869304826423,31.34914209793937,NORMAL
U32,22,20,1159,1537,55.19047619047619,66.82608695652173,-0.031412037307156915,53.95887046258589,98.94736842105263,99.63898916967509,4.156754441447115,7.529602925730701,54.92709955780744,WATCH
U33,1101,4608,2464,574,0.5346062052505967,0.5208711433756806,0.08404134038323813,17.880862036896065,44.86215538847118,7.621339751303646,0.040059757949747275,0.05858485522952588,15.4407387706848,NORMAL
U34,1781,814,2156,684,2.645398773006135,0.3838383838383838,0.0834522524763473,18.064946027277642,10.77694235588973,83.71440032089852,0.19904521630936894,0.04314452809690825,22.203090540535662,NORMAL
U35,1925,2783,1580,961,0.5675287356321839,0.4989615784008307,0.07450000119498112,20.862433667908974,3.5588972431077837,44.22382671480144,0.04253949170617266,0.05611616926211711,12.882907002239442,NORMAL
U36,1792,2700,1038,218,0.38430211032950756,0.12158393753485779,0.09977329976240112,12.96478444446655,10.225563909774438,45.88848776574408,0.028738813490592364,0.013594700328842087,13.688030105684382,NORMAL
U37,532,4503,880,795,0.19538188277087035,1.4915572232645404,0.0910052304116658,15.704717101622398,73.38345864661655,9.72723626153228,0.01450929163674597,0.16795804939980702,22.67584050952311,NORMAL
U38,422,216,1048,858,4.829493087557604,2.028368794326241,0.08497995259862423,17.587555248540642,78.89724310776943,95.70798235058163,0.3635517817597286,0.22844392368092112,41.629195068331846,NORMAL
U39,1607,1494,873,743,0.5839464882943144,0.4620646766169154,0.11206343291045429,9.124242607246659,19.498746867167903,70.07621339751304,0.04377608120913798,0.05195876751637866,20.27730362281132,NORMAL
U40,1294,573,1030,96,1.7944250871080138,0.07413127413127413,0.09691690301952977,13.857379427982561,35.18796992481204,88.54793421580425,0.13494965165217976,0.008247915744343469,28.62016083883594,NORMAL
U41,1953,1767,2542,407,1.4377828054298643,0.2082906857727738,0.08058799312217274,18.95999799700332,2.1553884711779436,64.60088247091858,0.10808726001351983,0.023364485027912957,16.333549799286267,NORMAL
U42,260,1688,550,36,0.3256364712847839,0.13793103448275862,0.08095253521374751,18.84608229428025,87.01754385964912,66.18531889290011,0.024320101933632914,0.015436628677920585,37.82675760741944,NORMAL
U43,554,1732,1829,578,1.055395268320831,1.0414414414414415,0.1350312336918979,1.9470380361115787,72.28070175438597,65.30284797432813,0.07928572887920735,0.11724072499964414,31.460208279848604,NORMAL
U44,15,10,1557,1625,141.54545454545453,101.5625,-0.049678349300323665,59.66690751770771,99.29824561403508,99.83955074207782,10.661034409610945,11.443569065039542,58.12430164173916,WATCH
U45,1081,3637,1373,798,0.37740516767454646,0.7375231053604436,0.11822770010855393,7.197971688541919,45.86466165413534,27.095868431608505,0.028219333932994257,0.08299636951460243,17.984539142047264,NORMAL
U46,26,40,1392,1130,33.951219512195124,41.851851851851855,0.000763510103297671,43.90433854851322,98.7468671679198,99.23786602486963,2.5570079718995444,4.715601651837848,52.46653301998142,WATCH
U47,1526,3312,2247,225,0.6782372472079686,0.14734774066797643,0.10137727938737034,12.46355709554085,23.55889724310777,33.61411953469715,0.05087808628247595,0.0164976671077271,14.497275953684277,NORMAL
U48,1438,1316,2690,628,2.0425208807896733,0.4364141765114663,0.10936672645212708,9.96693599804587,27.969924812030065,73.6462093862816,0.15363629290632924,0.049068567289216325,23.26253283829068,NORMAL
U49,1002,1292,719,456,0.5560711523588554,0.4546360917248255,0.1327878576997253,2.6480702585263867,49.824561403508774,74.12755716004813,0.04167650348258771,0.05112174298842211,27.696949708984686,NORMAL
U50,1464,4754,327,677,0.06876971608832808,0.4621160409556314,0.07668136067856735,20.18078097482515,26.66666666666667,4.693140794223827,0.00497282952226495,0.05196455505357344,10.64144986237381,NORMAL
U51,1278,4789,673,975,0.1405010438413361,0.7623143080531666,0.06376200026003487,24.217949946046293,35.98997493734336,3.991175290814264,0.010375652232448483,0.08578974739649854,13.443883659573224,NORMAL
U52,1880,3455,1641,472,0.4748263888888889,0.2509303561935141,0.09568667958939753,14.241811760458914,5.814536340852127,30.746089049338142,0.035557126260539605,0.02816895997497143,9.752238284710879,NORMAL
U53,1286,3773,1146,830,0.3036565977742448,0.6449106449106449,0.11063052902188852,9.572010525336596,35.58897243107769,24.36823104693141,0.022664572007035085,0.0725611517555066,15.223241211721282,NORMAL
U54,1550,4669,1301,510,0.2785867237687366,0.3288201160541586,0.09618396630560166,14.08641471018544,22.355889724310774,6.397914159647011,0.020776302420212618,0.03694528015264436,8.992253337162863,NORMAL
U55,1860,3467,1646,625,0.4746251441753172,0.3358409457281032,0.09893372774350423,13.227142176892212,6.817042606516277,30.505415162454884,0.03554196845511694,0.037736360382467714,9.803960956825028,NORMAL
U56,981,3162,708,113,0.2238381283591527,0.11507128309572301,0.1118321361945313,9.196520482808527,50.877192982456144,36.62254312073807,0.01665262363305751,0.012860879340477867,21.42937722999227,NORMAL
U57,31,4747,2277,566,0.4795703454085931,17.6875,-0.015840631322261434,49.09296417589929,98.49624060150376,4.83353389490574,0.0359144423290367,1.992854924704199,33.26261840502987,NORMAL
U58,884,3484,1671,130,0.4794835007173601,0.14689265536723164,0.11793833598640979,7.288395039037598,55.73934837092731,30.16446048937024,0.03590790116376413,0.01644638983694549,21.072432380227998,NORMAL
U59,1106,1717,2787,672,1.6222351571594877,0.6070460704607046,0.10714706431429877,10.660557881725214,44.611528822055135,65.6036903329322,0.12198026027001904,0.06829471635554439,25.913443226879846,NORMAL
U60,1763,4941,212,184,0.042897612302711455,0.10430839002267574,0.033287174252110696,33.74102368784457,11.679197994987467,0.942639390292821,0.0030241357747510817,0.0116481577219221,8.171984187584092,NORMAL
U61,152,4506,776,294,0.17217661415575772,1.9215686274509804,0.0733279047803837,21.228701898146163,92.43107769423558,9.667067789811467,0.01276146462451864,0.21641008943617357,28.26114014581467,NORMAL
U62,309,2941,207,982,0.07036029911624746,3.167741935483871,0.06611631343170798,23.482250981290914,84.56140350877193,41.054953870838354,0.005092632659539444,0.3568241306109564,32.92847607631082,NORMAL
U63,1960,3592,2809,144,0.7817979404397439,0.07343192248852626,0.04392186286674843,30.417791460959208,1.8045112781954864,27.99839550742078,0.058678305277467604,0.008169115476573764,10.629370583817762,NORMAL
U64,638,3282,1157,187,0.3524215656411818,0.29264475743348983,0.12267044899562468,5.809657764883562,68.0701754385965,34.21580425190533,0.02633756237409,0.03286917913031283,24.743668142225793,NORMAL
U65,1379,2521,1804,660,0.7153053132434576,0.4782608695652174,0.13090652314175732,3.2359682082591843,30.927318295739358,49.478539911752904,0.05367006288841189,0.05378369258005815,18.134417857133414,NORMAL
U66,793,1379,1996,511,1.4463768115942028,0.6435768261964736,0.1301190504929936,3.482045416440001,60.300751879699256,72.38267148014441,0.10873456284661424,0.07241086216525133,30.112074348456137,NORMAL
U67,176,3229,2921,711,0.9043343653250774,4.016949152542373,0.07136655908842632,21.841602514963853,91.22807017543859,35.278780585639794,0.067907781434312,0.4525095512288951,33.2238674162751,NORMAL
U68,1873,498,2986,936,5.9839679358717435,0.4994663820704376,0.02764603517890407,35.50382237840699,6.165413533834585,90.0521460088247,0.4505071347999594,0.05617304860850694,24.998408682975903,NORMAL
U69,1693,2395,2929,641,1.2224540901502505,0.37839433293978747,0.08477295205983926,17.652240815405857,15.187969924812029,52.00561572402729,0.09186864383129595,0.0425311132676019,16.87529857626731,NORMAL
U70,1832,4071,1644,263,0.4037328094302554,0.14348063284233498,0.08701471878006994,16.951711474135294,8.220551378446117,18.391496189330127,0.03020233892173651,0.016061936191363566,8.286153678756987,NORMAL
U71,28,23,2241,1015,93.375,35.0,0.012166693728499878,40.34095943272006,98.64661654135338,99.57882069795427,7.032822944263692,3.943561196591598,52.978302105391876,WATCH
U72,910,2059,2954,304,1.4339805825242717,0.3336992316136114,0.10303369950765484,11.945942624214059,54.4360902255639,58.74448455675893,0.10780087557164458,0.037495040229068216,27.18238533630214,NORMAL
U73,283,3733,462,37,0.12372790573111944,0.13028169014084506,0.065848130120983,23.566055543249348,85.86466165413533,25.17047733654232,0.009112295002885375,0.014574729819662263,30.039633495553367,NORMAL
U74,1213,4100,2066,233,0.5037795659595221,0.19192751235584843,0.10757799531658696,10.525896318395848,39.24812030075188,17.80986762936222,0.03773788726844696,0.021520745243804512,14.965550632423474,NORMAL
U75,1152,1692,2873,208,1.6969875959834613,0.18039895923677363,0.09482758439343769,14.510270287514093,42.30576441102757,66.10509426393902,0.12761063387066432,0.020221751980257004,26.008936419936514,NORMAL
U76,1184,4509,2209,54,0.48980044345898005,0.04556962025316456,0.08086374841103855,18.873827268747903,40.70175438596492,9.606899318090656,0.03668497603872001,0.005029697846552543,14.93781824910821,NORMAL
U77,1173,1706,637,587,0.3731693028705331,0.5,0.13241113444209224,2.7657924519773727,41.2531328320802,65.82430806257523,0.027900287467840398,0.05623317463548103,23.908423736393985,NORMAL
U78,1678,1455,113,852,0.07760989010989011,0.5074449076831448,0.07557161824986447,20.527564217498686,15.939849624060153,70.85840352988367,0.00563867378392602,0.05707203835309162,21.24574821881552,NORMAL
U79,283,3193,2567,473,0.8036944270507201,1.6654929577464788,0.10249550070123814,12.114124287332375,85.86466165413533,36.00080224628961,0.060327554480582364,0.18755646257868114,30.52665986389856,NORMAL
U80,8,28,3745,674,129.13793103448276,74.88888888888889,-0.03726988535001907,55.789388506098916,99.64912280701755,99.4785399117529,9.726496434334122,8.438088603619766,56.8737343591463,WATCH
U81,1949,4983,347,706,0.06962279293739967,0.36205128205128206,0.026465877434510676,35.87260969236541,2.355889724310767,0.10028078620136771,0.00503708349773249,0.040689640813018076,5.9972827591691615,NORMAL
U82,851,3244,966,681,0.29768875192604005,0.7992957746478874,0.12143988536558392,6.194196406377561,57.393483709273184,34.9779382270357,0.02221507226836333,0.08995667758162004,22.292135303386406,NORMAL
U83,190,4503,1310,816,0.2908525754884547,4.272251308900524,0.07145705860839674,21.813322333739798,90.52631578947367,9.72723626153228,0.021700169638441513,0.4812760215615577,27.92664099537968,NORMAL
U84,1969,1537,1929,392,1.2542262678803642,0.19898477157360406,0.08262955632315966,18.322030222995856,1.3533834586466176,69.21379863618131,0.09426173271964497,0.022315930215265078,16.956322948059498,NORMAL
U85,1188,1228,410,640,0.3336045565500407,0.5382674516400336,0.12375649141378814,5.470280534897007,40.50125313283208,75.41115122342559,0.02492026023791026,0.060545004696036214,26.043397423891577,NORMAL
U86,1086,2745,469,955,0.17079388201019666,0.8785648574057038,0.0992019572878215,13.14332316740556,45.614035087719294,44.985960689931815,0.012657316871059204,0.09888841458681479,22.39019697643281,NORMAL
U87,1936,4575,1055,750,0.2305506993006993,0.3871966959215281,0.06731776704662817,23.10680892399221,3.007518796992481,8.283192940232652,0.017158216264098487,0.043522929855380144,5.885357619437814,NORMAL
U88,1723,3446,572,438,0.16594139831737742,0.25406032482598606,0.09179797660449951,15.456991964457636,13.684210526315777,30.9265944645006,0.012291826506979618,0.028521632866938144,11.932271520704496,NORMAL
U89,19,25,3773,530,145.1153846153846,26.5,-0.03020317596012667,53.58111356420737,99.09774436090225,99.53870838347373,10.929922493238763,2.9858137129212503,55.89969748179929,WATCH
U90,1330,4903,2341,879,0.4773654159869494,0.6604057099924868,0.05009050835349321,28.490152371502003,33.38345864661654,1.7047733654231845,0.03574836645777125,0.07430707641332336,12.980425343540514,NORMAL
U91,989,4558,825,659,0.1809607370037289,0.6656565656565656,0.10741409283120418,10.577114181111732,50.476190476190474,8.624147613317291,0.01342308709685703,0.0748987227426631,15.94503484906345,NORMAL
U92,1569,4652,1225,49,0.26327100795185904,0.031210191082802548,0.06247035094818787,24.621577242952387,21.403508771929825,6.73886883273166,0.01962271862593142,0.003411732298922331,10.397304985472967,NORMAL
U93,1565,26,1253,158,46.407407407407405,0.10089399744572158,-0.030505330253614127,53.675533713399815,21.60401002506266,99.51865222623346,3.4952113615578937,0.011263437027940857,34.231555364466,NORMAL
U94,11,22,3016,1623,131.1304347826087,135.25,-0.03714518080250773,55.75041960102365,99.49874686716792,99.59887685519455,9.876572347296001,15.239347695174226,57.91207026908457,WATCH
U95,21,24,3894,1545,155.76,70.22727272727273,-0.05111503613609447,60.11585756839409,98.99749373433583,99.558764540714,11.731677758932383,7.912835527310954,57.798349745815614,WATCH
U96,526,311,190,607,0.6089743589743589,1.1518026565464896,0.08657711810947022,17.088457241100393,73.6842105263158,93.80264741275572,0.045661187094300004,0.12967580453631025,39.77571736774918,NORMAL
U97,1152,709,1002,116,1.4112676056338027,0.10060711188204684,0.11259776329804005,8.957269785740154,42.30576441102757,85.82029683112715,0.10609012810322688,0.011231111860092523,29.112298135648167,NORMAL
U98,220,2310,990,928,0.4283859800951969,4.199095022624435,0.10445421162305929,11.50204700943362,89.02255639097744,53.71038908945046,0.03205922230196909,0.4730330510797234,34.80199373028695,NORMAL
U99,9,24,1775,1786,71.0,178.6,-0.057578321233815455,62.135568545049324,99.59899749373433,99.558764540714,5.347531985247711,20.123859861893003,58.48729953892966,WATCH
U100,1846,579,1356,872,2.3379310344827586,0.47211694639956686,0.07263219602922016,21.446103819929803,7.518796992481203,88.42759727236262,0.17588666435752381,0.05309141882102688,22.83406965449483,NORMAL
U101,715,3873,635,288,0.16391326794011357,0.4022346368715084,0.1118948630709124,9.176918970753478,64.21052631578948,22.362615322904134,0.012139067186822818,0.04521734751472449,21.911509858065134,NORMAL
U102,1996,2911,1696,962,0.5824175824175825,0.48172258387581374,0.06077243071806493,25.152160077287434,0.0,41.65663858804653,0.04366092361131708,0.05417374530595924,12.123193021901145,NORMAL
U103,1692,164,2547,386,15.436363636363636,0.2279976373301831,0.02757315965183671,35.52659524077065,15.238095238095239,96.75090252707581,1.1624640963678035,0.025584988941433216,28.783147373487736,NORMAL
U104,2,39,4522,1403,113.05,467.6666666666667,-0.1417781077607495,88.4471470239935,99.94987468671678,99.25792218210991,8.514749184202884,52.69478605165479,68.13903036549915,WATCH
U105,1092,2816,547,867,0.1941782037628683,0.7932296431838975,0.11348202612432029,8.680946629715965,45.31328320802005,43.561973525872446,0.014418630213293763,0.0892731690939436,21.359853134554314,NORMAL
U106,1871,2465,534,828,0.21654501216545013,0.4423076923076923,0.08581717624471707,17.32593135877516,6.265664160400997,50.60168471720819,0.016103304179010583,0.04973262610378184,14.297128407318482,NORMAL
U107,1559,2960,45,685,0.015197568389057751,0.4391025641025641,0.07187667409407933,21.682196754472614,21.904761904761894,40.67388688327317,0.0009377610899677863,0.04937148451868744,16.870937528966294,NORMAL
U108,49,2378,2569,400,1.0798654897015554,8.0,0.06183786312025097,24.819223268057396,97.59398496240601,52.34657039711191,0.08112883247062877,0.9013044837563761,38.746171690913606,NORMAL
U109,683,981,1916,471,1.9511201629327901,0.6885964912280702,0.13396250665311793,2.281004385829505,65.81453634085213,80.36502206177296,0.1467519664950767,0.0774835058005094,32.9170996729359,NORMAL
U110,1196,4939,1833,727,0.37105263157894736,0.6073517126148705,0.08504504602757412,17.567214212833495,40.100250626566414,0.9827517047733658,0.027740859222436232,0.06832915494425687,12.873879717568547,NORMAL
U111,883,4156,584,190,0.14048592735145538,0.2149321266968326,0.09506238087618951,14.436898770348447,55.78947368421052,16.68672282390695,0.01037451365440477,0.024112817184732085,19.456458352377595,NORMAL
U112,1178,1725,691,838,0.4003476245654693,0.7107718405428329,0.12469045730363815,5.17842567610132,41.00250626566416,65.44324107501002,0.029947365896162353,0.07998213933059468,24.13552279520687,NORMAL
U113,1836,2501,2670,993,1.0671462829736211,0.5405552531301034,0.049228661487714764,28.759470767440078,8.020050125313272,49.879663056558364,0.08017081843244138,0.06080278541606581,16.324028880176524,NORMAL
U114,14,4,1413,1881,282.6,125.4,-0.10459469245130104,76.82770723222195,99.3483709273183,99.95988768551946,21.285300339561967,14.129487375862121,63.79397454503656,WATCH
U115,34,4879,886,992,0.18155737704918032,28.34285714285714,-0.048963489783387826,59.44352117604209,98.34586466165413,2.186121139189734,0.013468026183980434,3.1934598060195274,34.422604547106715,NORMAL
U116,913,4152,2924,823,0.7040693474596678,0.9004376367614879,0.07460938355861257,20.828252789742727,54.28571428571429,16.76694745286802,0.05282376695316122,0.10135295569138879,20.077464865555584,NORMAL
U117,965,4374,379,636,0.08662857142857143,0.6583850931677019,0.10292931396594723,11.978562046257704,51.67919799498747,12.314480545527474,0.006317963262747022,0.07407940103927634,17.192171315762597,NORMAL
U118,1159,1703,1692,657,0.9929577464788732,0.5663793103448276,0.13703574659468137,1.320648104151688,41.95488721804511,65.88447653429603,0.07458291810541455,0.06371254139436712,23.891916937728745,NORMAL
U119,149,840,1820,604,2.164090368608799,4.026666666666666,0.10038819786706427,12.772635029310694,92.58145363408521,83.19294023265142,0.1627929391058276,0.4536044835465507,41.80858561675663,NORMAL
U120,1111,1379,750,474,0.5434782608695652,0.4262589928057554,0.13513869318508337,1.9134580354383872,44.360902255639104,72.38267148014441,0.04072800354181586,0.04792432003740989,25.871149214145483,NORMAL
U121,146,2848,1160,393,0.40716040716040713,2.673469387755102,0.10611133966203457,10.98421132070287,92.73182957393485,42.920176494183714,0.030460506495625598,0.301131390748067,33.467409225662,NORMAL
U122,1961,1022,1674,58,1.6363636363636365,0.029561671763506627,0.06150116611023687,24.924437665480813,1.7543859649122862,79.54271961492178,0.12304442108643904,0.0032259834483531987,20.11705106682341,NORMAL
U123,663,522,2859,96,5.466539196940727,0.14457831325301204,0.061279134195713625,24.99382038466312,66.81704260651628,89.57079823505816,0.4115342643796026,0.016185618620916532,38.47280476522821,NORMAL
U124,1691,569,497,237,0.8719298245614036,0.1400709219858156,0.09131820342810171,15.606916211342101,15.28822055137844,88.62815884476534,0.0654670627938613,0.01567774301573123,23.90744276564982,NORMAL
U125,1938,3353,1222,999,0.3643410852713178,0.515214027849407,0.0579468352318912,26.035129980785094,2.9072681704260694,32.79181708784598,0.02723534376709477,0.057947433093041054,11.205950908199208,NORMAL
U126,733,1480,590,790,0.3983794733288319,1.0762942779291553,0.12382956304624504,5.447446391590014,63.30827067669173,70.35699959887685,0.029799124220851465,0.12116780928727731,30.741209500135113,NORMAL
U127,20,24,1540,670,61.6,31.904761904761905,0.02383836319338839,36.69368121773938,99.04761904761905,99.558764540714,4.639521481795188,3.5948016087004353,51.87681046446233,WATCH
U128,1488,2754,1253,69,0.45480943738656987,0.04633982538616521,0.10275470089243055,12.033126859029695,25.463659147869677,44.80545527476936,0.0340494441423756,0.005116481614557409,17.141254704053523,NORMAL
U129,1100,2151,1783,958,0.8285315985130112,0.8701180744777475,0.11260780425651296,8.95413208815491,44.91228070175438,56.89931809065383,0.06219829684987527,0.09793666339924303,23.981293680514952,NORMAL
U130,1041,4558,1237,912,0.2713314323316517,0.8752399232245681,0.09063008553377888,15.821946067426701,47.869674185463666,8.624147613317291,0.0202298319369078,0.0985137737226557,16.085374503186006,NORMAL
U131,247,2489,2398,551,0.9630522088353414,2.221774193548387,0.105218967816334,11.263068462971754,87.66917293233082,50.120336943441636,0.07233042504551929,0.2502361042024822,33.686438913108546,NORMAL
U132,1665,1767,366,23,0.20701357466063347,0.013805522208883553,0.06441269407390793,24.014614735166536,16.591478696741856,64.60088247091858,0.01538539376769021,0.0014506407909092081,20.67430232320472,NORMAL
U133,1815,2859,2819,659,0.9856643356643356,0.3628854625550661,0.07955499959320289,19.282797987678325,9.072681704260654,42.69955876454071,0.07403357646044785,0.0407836330810682,13.725127816202328,NORMAL
U134,471,1641,2826,325,1.7210718635809987,0.6885593220338984,0.1052248098696214,11.261242880628968,76.44110275689223,67.12795828319294,0.12942466732034705,0.07747931771789902,34.26903184244376,NORMAL
U135,545,3097,2849,336,0.9196255648805681,0.6153846153846154,0.10211813409211262,12.232047521593344,72.73182957393483,37.9261933413558,0.06905951865725625,0.06923427169887943,27.630653210413016,NORMAL
U136,1812,4602,905,160,0.19661090593091463,0.0882515168229454,0.06915300062188645,22.533317063331083,9.223057644110288,7.741676694745292,0.014601861988479778,0.009838930674550854,7.239223614574596,NORMAL
U137,1528,861,1697,908,1.968677494199536,0.5938521909744932,0.09748891761925227,13.678630672759933,23.45864661654136,82.7717609306057,0.14807438936203962,0.06680808048757159,24.517848250584112,NORMAL
U138,719,3756,2437,545,0.6486558424274688,0.7569444444444444,0.11075132191591841,9.534263972262503,64.01002506265664,24.70918572001605,0.04865000699614886,0.0851846917072154,22.399423211011865,NORMAL
U139,1982,2748,1646,268,0.598763186613314,0.13514876449823499,0.07775107273409188,19.846506817374607,0.7017543859649145,44.925792218210994,0.0448920788725783,0.015123133139500696,12.15106455242869,NORMAL
U140,1888,3923,1076,556,0.2742099898063201,0.29433562731604024,0.09056854655899249,15.841176372293187,5.41353383458647,21.35980746089049,0.02044664565253089,0.0330596998803395,8.011592023063878,NORMAL
U141,314,2454,21,607,0.008553971486761711,1.926984126984127,0.07849770408214479,19.613192101038003,84.31077694235589,50.822302446851175,0.00043736360193265375,0.21702028720684288,34.21679592409642,NORMAL
U142,28,2,1449,1997,483.0,68.86206896551724,-0.14769799644048087,90.29705213668092,98.64661654135338,100.0,36.379481711039176,7.759009589955824,68.46493382209366,WATCH
U143,64,2784,2906,90,1.0434470377019749,1.3846153846153846,0.049025829359591655,28.822853748291877,96.84210526315789,44.20377055756117,0.07838578496688574,0.1559082521215353,37.417691173605434,NORMAL
U144,805,1635,427,115,0.2610024449877751,0.14267990074441686,0.11025123480326132,9.690536117997416,59.69924812030075,67.24829522663458,0.01945184985930218,0.015971712761731195,29.835310212480806,NORMAL
U145,646,3984,835,501,0.2095357590966123,0.7743431221020093,0.11402739935902523,8.510523030593603,67.66917293233084,20.136381869233855,0.015575365371128238,0.08714510814788884,22.238113669083486,NORMAL
U146,1679,1526,422,376,0.27635887360838246,0.22380952380952382,0.10310416726851868,11.923922164344946,15.889724310776943,69.4344163658243,0.020608500152803137,0.025113088331346487,19.656821763798742,NORMAL
U147,1473,738,2818,676,3.8132611637347766,0.45861601085481685,0.09179431539189703,15.458136056226651,26.215538847117802,85.23866827115924,0.2870089226096938,0.05157018505100572,25.99982653285537,NORMAL
U148,1447,2514,2977,192,1.1836978131212723,0.13259668508287292,0.08910917449046896,16.297215327910408,27.5187969924812,49.618933012434816,0.08894951072371804,0.014835574593831296,19.272530863663828,NORMAL
U149,768,1132,1581,978,1.3954104148278905,1.271781534460338,0.10844786992143624,10.254069335497135,61.553884711779446,77.33654231849178,0.1048957602685634,0.1431945655263785,32.44159316686388,NORMAL
U150,1038,2153,1697,663,0.7878365831012071,0.6381135707410972,0.13850011959384934,0.8630464084783904,48.02005012531328,56.85920577617328,0.059133137450968924,0.07179528343995309,23.531863224713472,NORMAL
U151,1243,4142,1558,279,0.3760559980690321,0.22427652733118972,0.10795339543861743,10.408587591387969,37.744360902255636,16.967509025270754,0.028117714118989678,0.025165708501668924,14.401684454131251,NORMAL
U152,246,2924,882,798,0.30153846153846153,3.230769230769231,0.11150192299165429,9.299708756326332,87.71929824561404,41.395908543922985,0.022505033421643814,0.3639258051359095,31.664177712762854,NORMAL
U153,1326,3962,2119,596,0.5346959374211456,0.44913338357196686,0.1168031666496272,7.643123932347702,33.583959899749374,20.57761732851986,0.04006651660073092,0.05050171888409591,13.67557391747627,NORMAL
U154,1933,738,1375,397,1.8606224627875507,0.20527404343329886,0.07954652336230972,19.285446723780286,3.157894736842115,85.23866827115924,0.1399356556183611,0.023024581309117012,20.768461948110374,NORMAL
U155,728,405,2502,233,6.16256157635468,0.3196159122085048,0.08958528776490865,16.1484347632319,63.55889724310777,91.91736863217008,0.46395885536503845,0.035908185673542724,36.816839193388034,NORMAL
U156,1968,4181,274,455,0.06551889048302248,0.23108176739461656,0.04393029087361555,30.41515779437581,1.40350877192984,16.185318892900124,0.00472797647189806,0.025932496918906534,8.155286509374667,NORMAL
U157,1849,727,2792,384,3.8351648351648353,0.20756756756756756,0.059585229326890476,25.523148459356626,7.36842105263158,85.45928600080225,0.28865871297529533,0.023283006834803253,22.83809186149088,NORMAL
U158,1617,4956,1400,144,0.28242888844058905,0.08899876390605686,0.06768370779267752,22.99245615594522,18.997493734335833,0.6417970316887289,0.02106569528656004,0.00992312761731909,8.333356156277723,NORMAL
U159,15,48,2681,726,54.714285714285715,45.375,0.02179220684054639,37.33308430507109,99.29824561403508,99.07741676694745,4.120887647959144,5.112576507542169,52.037115790780035,WATCH
U160,977,2948,1502,484,0.5093251949813496,0.4948875255623722,0.13655636792324505,1.4704490722407713,51.077694235588964,40.91456077015644,0.03815558552330919,0.05565712057336727,21.190790538231482,NORMAL
U161,1618,3232,1177,569,0.36405815032477573,0.35145151327980234,0.11673120159419431,7.665612281568852,18.947368421052634,35.218612113918965,0.027214033031568646,0.03949529941673899,12.943134173452682,NORMAL
U162,1092,2166,1075,186,0.4960775265343793,0.17017383348581885,0.1284146587646573,4.014650528266963,45.31328320802005,56.59847573204975,0.03715776760770158,0.01906962392635232,23.262363413145888,NORMAL
U163,19,12,2316,1309,178.15384615384616,65.45,-0.01880251699966662,50.0185233805153,99.09774436090225,99.79943842759728,13.418388215275254,7.374550711622434,56.6978819433845,WATCH
U164,1216,742,244,843,0.3283983849259758,0.6926869350862778,0.0991863101658545,13.148212734167972,39.097744360902254,85.15844364219815,0.02452813000465341,0.07794440136666153,28.79618042149655,NORMAL
U165,687,4856,2645,9,0.5445748404364834,0.01308139534883721,0.030101556063678925,34.736497030785436,65.6140350877193,2.6474127557160054,0.04081059820684241,0.0013690489464306791,22.153873884584517,NORMAL
U166,1127,963,2549,913,2.6441908713692945,0.8093971631205674,0.09149561894874081,15.551475662295278,43.55889724310777,80.72603289209788,0.19895423683638805,0.09109486339235957,29.431055027258758,NORMAL
U167,1306,3311,1552,174,0.46859903381642515,0.1331293037490436,0.11243290681614215,9.008785762681873,34.58646616541352,33.63417569193743,0.03508808021798294,0.014895588027629041,16.735775902401787,NORMAL
U168,1706,1201,2227,393,1.8527454242928452,0.23022847100175747,0.10402223604224486,11.637034992947692,14.536340852130325,75.95266746891296,0.1393423549810897,0.025836350745602327,20.608884997114444,NORMAL
U169,975,2691,1227,517,0.45579494799405645,0.5297131147540983,0.1360289308069736,1.6352678164432306,51.177944862155385,46.06899318090654,0.03412367306379734,0.059581134739921736,22.27104311266358,NORMAL
U170,58,3246,1455,339,0.4481059439482599,5.745762711864407,0.08108165218703062,18.805734550947015,97.14285714285714,34.937825912555155,0.03354453523129597,0.6473056496025251,34.19962163211557,NORMAL
U171,1701,1398,1866,342,1.3338098641887062,0.2009400705052879,0.11100316482093309,9.455565621197929,14.786967418546372,72.00160449257922,0.1002559903886696,0.022536245818987846,19.543842030802143,NORMAL
U172,529,1690,520,327,0.3075103489059728,0.6169811320754717,0.12329976376656998,5.61300328787501,73.53383458646616,66.14520657841958,0.022954837568626093,0.06941416109220946,32.470601289037695,NORMAL
U173,246,1334,1165,804,0.8726591760299626,3.2550607287449393,0.11531722125460453,8.10746678271892,87.71929824561404,73.28519855595668,0.0655219977407175,0.3666628782018881,37.87436422116815,NORMAL
U174,1123,3496,1820,445,0.5204460966542751,0.3959074733096085,0.12909888844399664,3.800835699890872,43.7593984962406,29.923786602486967,0.038993214799085144,0.04450442692882092,17.511156267280274,NORMAL
U175,905,2224,100,714,0.0449438202247191,0.7880794701986755,0.09717280379722165,13.77741303290258,54.68671679197994,55.43521861211392,0.003178256700392483,0.08869286730370085,26.83943336962381,NORMAL
U176,1911,3612,48,126,0.013285358427899253,0.06589958158995816,0.027284013299995524,35.61695054025749,4.260651629072687,27.597272362615332,0.000793732926424514,0.007320400118720724,11.928456454079276,NORMAL
U177,1504,4278,662,754,0.15470904416919842,0.5009966777408638,0.09721873811257198,13.763059025688676,24.661654135338352,14.239871640593659,0.011445802601085017,0.056345476470580164,11.089159987927479,NORMAL
U178,1273,3719,1091,660,0.2932795698924731,0.5180533751962323,0.12027603651460633,6.557887356714236,36.24060150375939,25.451263537906133,0.021882971503320827,0.058267359890298465,15.148297033887587,NORMAL
U179,505,465,838,895,1.798283261802575,1.7687747035573123,0.10017336809844757,12.83976715101463,74.73684210526315,90.71399919775371,0.1352402503977015,0.19919385459743483,38.81666457930777,NORMAL
U180,1414,1968,2444,973,1.2412392077196546,0.6876325088339222,0.09150111441990261,15.549758383348184,29.172932330827063,60.56959486562374,0.09328354388956495,0.07737488795200378,21.774542932498935,NORMAL
U181,377,4295,514,191,0.1196461824953445,0.5052910052910053,0.08203194245594386,18.50877848942197,81.15288220551379,13.898916967509024,0.00880485852170294,0.056829344871192435,25.855046334654652,NORMAL
U182,1561,3450,833,929,0.2413793103448276,0.5947503201024328,0.09003085290100832,16.00920018165469,21.80451127819549,30.846369835539498,0.017973830131869213,0.06690927824195927,14.036311663174239,NORMAL
U183,963,143,2115,556,14.6875,0.5767634854771784,0.05898527845458018,25.71062701614909,51.77944862155389,97.17208182912154,1.1060594878359837,0.06488259052413196,36.52211983417276,NORMAL
U184,714,1862,824,149,0.44229736983360174,0.2083916083916084,0.12723906313624822,4.3820122272956725,64.26065162907267,62.69554753309266,0.033107031882012944,0.023375856602528753,29.27335738444193,NORMAL
U185,109,2943,212,764,0.07201086956521739,6.945454545454545,0.05992735798104737,25.416236728281564,94.58646616541353,41.01484155635781,0.005216954065343599,0.7824823360496804,35.78069695079097,NORMAL
U186,1282,1260,1692,532,1.3417922283901664,0.4146531566640686,0.1286638663494487,3.936775688017934,35.78947368421051,74.76935419173687,0.10085722418622464,0.046616618818516836,24.523962411472027,NORMAL
U187,1494,1266,1559,143,1.2304656669297553,0.09565217391304348,0.11491993794619482,8.23161378330844,25.162907268170432,74.64901724829522,0.09247207792800932,0.01067280840461539,22.479991274940616,NORMAL
U188,1468,3594,1406,566,0.3910987482614743,0.38529611980939416,0.12262995196643889,5.822312675371314,26.466165413533847,27.958283192940247,0.029250738069740906,0.04330878020962482,13.095353894826086,NORMAL
U189,1939,3340,2713,471,0.8120323256510027,0.24278350515463917,0.07399450336827867,21.020396606852565,2.857142857142858,33.052547131969526,0.06095556722374429,0.027251003965286763,10.497181174108233,NORMAL
U190,1000,1363,2793,784,2.0476539589442817,0.7832167832167832,0.1001368616836612,12.851175035015967,49.92481203007518,72.70356999598877,0.15402291772000004,0.0881449583365498,29.001320735149424,NORMAL
U191,997,367,677,373,1.8396739130434783,0.37374749498997994,0.1045490686184406,11.4724051613815,50.075187969924805,92.67950260730045,0.13835780527252062,0.04200752534366636,32.816448868268196,NORMAL
U192,1061,1155,1381,676,1.194636678200692,0.6365348399246704,0.13078900513696107,3.2726913916950067,46.8671679197995,76.8752507019655,0.0897734289547903,0.07161739809091477,27.61593179604956,NORMAL
U193,119,3729,2755,316,0.7386058981233244,2.6333333333333333,0.066525750087427,23.35430618305011,94.08521303258145,25.25070196550341,0.0554250691470856,0.2966090136743134,32.13293719804148,NORMAL
U194,1231,549,2789,869,5.070909090909091,0.7053571428571429,0.08089253384721673,18.86483211217692,38.34586466165414,89.02928198957079,0.38173529942721607,0.07937203190902936,30.329387009797394,NORMAL
U195,70,4845,1956,502,0.4036318613289311,7.070422535211268,0.0378817972198664,32.30525065582396,96.54135338345866,2.868030485359019,0.030194735483859786,0.7965632510766032,29.681765212842517,NORMAL
U196,29,41,3204,1109,76.28571428571429,36.96666666666667,-0.006854634107776758,46.28493127376295,98.59649122807016,99.21780986762936,5.745653392964177,4.165157673205522,53.496611470829734,WATCH
U197,954,2966,1591,547,0.5362318840579711,0.5727748691099477,0.13276727391238924,2.6545024830987503,52.23057644110276,40.55354993983153,0.0401822045104772,0.06443316849012708,21.58623999710795,NORMAL
U198,1306,4495,1627,883,0.36187722419928825,0.675592960979342,0.08749288455365939,16.802289524309813,34.58646616541352,9.88768551945447,0.027049765094962354,0.07601831775644462,13.162662262827954,NORMAL
U199,285,4814,1848,921,0.3838006230529595,3.2202797202797204,0.055617952217912214,26.762882279432393,85.76441102756893,3.4897713598074587,0.028701041335364295,0.36274388722105516,26.215076214185583,NORMAL
U200,479,19,2881,798,144.05,1.6625,-0.011616651119967125,47.77301324525624,76.04010025062657,99.65904532691536,10.84967744026972,0.18721922754921977,48.84828835902796,NORMAL
U201,1295,4982,1038,119,0.20830824804334738,0.09182098765432099,0.06770427807436308,22.986028151751523,35.13784461152882,0.12033694344162349,0.015482908911679766,0.01024112499299611,12.261839660310127,NORMAL
U202,1045,1834,383,65,0.20871934604904632,0.0621414913957935,0.09845879767232224,13.375553002564772,47.66917293233083,63.257119935820306,0.01551387292295458,0.00689695289203044,26.57996318179603,NORMAL
U203,24,8,2960,889,328.8888888888889,35.56,-0.05472474339704647,61.24385444107229,98.84711779448622,99.87966305655837,24.77179177854922,4.006659854339292,60.66823714888227,WATCH
U204,1832,4958,72,217,0.014519056261343012,0.11838516093835243,0.019712049072104332,37.983112489589594,8.220551378446117,0.6016847172081841,0.0008866553758037484,0.013234274418709543,7.875148466498363,NORMAL
U205,1907,4794,1494,929,0.31157455683003127,0.4868972746331237,0.049618129141284106,28.637766079642297,4.461152882205511,3.8908945046129184,0.023260954791865282,0.05475680966496933,6.203160793568018,NORMAL
U206,1663,2162,520,385,0.24040684234858992,0.23137019230769232,0.10541415068659243,11.20207579754608,16.69172932330827,56.67870036101084,0.01790058358340031,0.02596499553475667,17.19735366788721,NORMAL
U207,434,4623,485,977,0.10488754325259515,2.245977011494253,0.05730193262484701,26.236655498324158,78.29573934837093,7.320497392699554,0.00769323388334835,0.2529631851419393,25.01340042662339,NORMAL
U208,738,1678,1903,771,1.1334127456819536,1.0433017591339648,0.128017642327317,4.138714134356613,63.05764411027569,66.38588046530285,0.08516202605203121,0.11745033848068434,29.701302298068097,NORMAL
U209,1490,3646,2734,714,0.7496572525363312,0.4788732394366197,0.0974366237742707,13.694971968420559,25.363408521303256,26.915363016446047,0.05625746010472232,0.053852692074577095,13.800312797715476,NORMAL
U210,1511,4188,1178,85,0.2812126999283839,0.056216931216931214,0.0872147721631345,16.889196822903994,24.310776942355904,16.044925792218212,0.02097409164391966,0.006229396115188216,11.826236849796475,NORMAL
U211,1131,2058,60,685,0.029140359397765905,0.6051236749116607,0.09612696669844978,14.104226508750587,43.35839598997494,58.76454071399919,0.001987935822053827,0.06807810817910726,24.71884981678854,NORMAL
U212,746,4554,890,488,0.19538968166849616,0.6532797858099063,0.10781295074953984,10.452475130906064,62.656641604010034,8.70437224227838,0.014509879051792187,0.07350415453630077,18.987559212037482,NORMAL
U213,1853,2091,2152,72,1.02868068833652,0.038834951456310676,0.07290264231827015,21.36159210021895,7.167919799498746,58.102687525070195,0.07727357960003557,0.004270861129665483,16.636715293991028,NORMAL
U214,1604,259,683,438,2.626923076923077,0.27289719626168224,0.07637058445885725,20.27789538843089,19.649122807017537,94.8455675892499,0.19765362195985817,0.030644099480792244,26.977088548281078,NORMAL
U215,147,780,277,961,0.3546734955185659,6.493243243243243,0.0502697534804909,28.434140089042604,92.68170426065163,84.3963096670678,0.026507178332199205,0.7315288964284845,44.43116514098018,NORMAL
U216,1107,245,398,990,1.6178861788617886,0.8935018050541517,0.07371053752999807,21.109133048445198,44.56140350877193,95.12635379061372,0.12165269406639585,0.10057145270728732,33.3774904840052,NORMAL
U217,1787,4868,1858,401,0.3815978640377901,0.22427293064876958,0.0743889669749998,20.897130734414628,10.476190476190473,2.4067388688327362,0.028535128939692525,0.025165303241252754,6.24587358069747,NORMAL
U218,653,2824,2976,207,1.0534513274336283,0.3165137614678899,0.09688578346223675,13.867103973705527,67.31829573934837,43.401524267950265,0.07913931073386371,0.03555864719521449,27.61506300924572,NORMAL
U219,1282,3991,587,75,0.1470440881763527,0.05845674201091192,0.07417252183331385,20.96476764380316,35.78947368421051,19.995988768551943,0.010868476074336492,0.006481769427168535,16.09497070576615,NORMAL
U220,12,41,1891,1978,45.023809523809526,152.15384615384616,-0.06702503645902802,65.0875711482496,99.4486215538847,99.21780986762936,3.390998400478959,17.14400841496209,57.88820389659854,WATCH
U221,835,1339,2155,850,1.6082089552238805,1.0167464114832536,0.11395057140327547,8.534530986794774,58.19548872180451,73.18491776975532,0.12092380300470458,0.11445818349357141,30.51343506069662,NORMAL
U222,827,1368,2916,435,2.1300219138056975,0.5253623188405797,0.10540324412411384,11.205483987595342,58.59649122807017,72.6032892097874,0.16022689401678578,0.05909090370014108,30.899523606173542,NORMAL
U223,4,13,4130,1994,295.0,398.8,-0.16776266911778037,96.56705864832708,99.84962406015038,99.779382270357,22.2192716419887,44.93515349768248,71.69843220150761,SUSPICIOUS
U224,195,1368,1029,542,0.7516435354273192,2.7653061224489797,0.11548619988231273,8.054662677060213,90.27568922305764,72.6032892097874,0.05640706746106781,0.3114792026964861,38.35860319655066,NORMAL
U225,19,13,2106,676,150.42857142857142,33.8,-0.0030590861190361585,45.09886106033786,99.09774436090225,99.779382270357,11.330113139041073,3.808349787132255,54.89892245617774,WATCH
U226,826,147,2241,401,15.141891891891891,0.4848851269649335,0.055480103247271984,26.805958683290992,58.64661654135339,97.09185720016045,1.1402844061490818,0.054530088563089066,38.39416999268581,NORMAL
U227,1383,2842,1885,984,0.6630320084417869,0.7109826589595376,0.09902864150253954,13.197482590774495,30.726817042606513,43.04051343762535,0.04973282364907593,0.08000589354331354,18.29386342673664,NORMAL
U228,2,42,4451,1881,103.51162790697674,627.0,-0.17025880558484907,97.34707595307907,99.94987468671678,99.1977537103891,7.796316457851937,70.64785652986758,71.975338400662,SUSPICIOUS
U229,234,3828,52,752,0.013580569339253069,3.2,0.054210261667258786,27.20277128539487,88.32080200501254,23.26514239871641,0.0008159682908896517,0.3604588459190033,30.867917492766217,NORMAL
U230,1936,770,2905,95,3.767833981841764,0.049044914816726896,0.025235115317881918,36.25721035890309,3.007518796992481,84.59687123947052,0.2835873351711299,0.0054212807434072564,23.181545526881983,NORMAL
U231,1427,909,369,900,0.4054945054945055,0.6302521008403361,0.09740528640722279,13.704764577480688,28.52130325814535,81.80906538307259,0.030335030338479067,0.07090948308519966,25.566073757820362,NORMAL
U232,1749,290,1897,195,6.518900343642612,0.11142857142857143,0.04784501159440252,29.191847312048324,12.380952380952381,94.22382671480143,0.4907983862189938,0.012450432524836571,26.443347696439105,NORMAL
U233,696,4198,681,946,0.162181471778995,1.3572453371592539,0.08396483480712419,17.904769252733896,65.16290726817043,15.844364219815487,0.01200862783874721,0.15282429987694152,22.171240850857018,NORMAL
U234,90,3132,1038,466,0.33131184168528566,5.1208791208791204,0.09347237071193848,14.933760804620084,95.53884711779449,37.224227837946245,0.02474757234369023,0.5768961570315781,33.66234278437154,NORMAL
U235,633,4787,2591,405,0.5411445279866333,0.638801261829653,0.07047223242347728,22.121070518402224,68.32080200501254,4.031287605294831,0.04055222615954264,0.0718727698410833,21.225537572088484,NORMAL
U236,867,533,2403,46,4.5,0.052995391705069124,0.06893141301810618,22.60256093991693,56.59147869674186,89.35018050541517,0.3387342746527301,0.005866405366831685,35.49385344572425,NORMAL
U237,575,1978,1111,730,0.5613946437594745,1.2673611111111112,0.1310842101982827,3.18044280700458,71.2280701754386,60.36903329322103,0.04207747027265978,0.14269648913349853,30.389814464492737,NORMAL
U238,8,18,2035,1813,107.10526315789474,201.44444444444446,-0.06915441353248819,65.75297986590341,99.64912280701755,99.67910148415564,8.066990022025042,22.6978844716005,60.13247815471736,WATCH
U239,243,2296,1089,350,0.4740966478014802,1.4344262295081966,0.11794251608245815,7.287088801459542,87.86967418546365,53.991175290814276,0.03550216196748788,0.16152074757513352,33.89182057737584,NORMAL
U240,136,2888,57,573,0.01973001038421599,4.182481751824818,0.06526235229444238,23.749105167125993,93.23308270676691,42.11793020457281,0.0012791458281445254,0.4711611312792684,35.36521644882412,NORMAL
U241,366,2065,634,867,0.3068731848983543,2.362397820163488,0.10642433610596874,10.886403109567203,81.70426065162908,58.62414761331729,0.02290684620587973,0.2660810365007424,33.829494019032396,NORMAL
U242,1306,2776,312,639,0.11235145840835434,0.4889058913542464,0.11310287262311558,8.799428249610845,34.58646616541352,44.36421981548335,0.00825541796070537,0.05498313291324151,18.849686066318842,NORMAL
U243,85,4831,535,474,0.11072019867549669,5.511627906976744,0.03671098028052372,32.6711190630335,95.78947368421052,3.148816686722822,0.008132551043181713,0.6209242354589007,29.572971390931848,NORMAL
U244,57,2135,374,666,0.1750936329588015,11.482758620689655,0.048662811667857186,28.936293091540822,97.19298245614036,57.2202166064982,0.01298117525763816,1.2937284020148145,40.28003745318249,NORMAL
U245,555,4988,1040,3,0.20845860893966728,0.00539568345323741,0.04553729163819059,29.91298636999442,72.23057644110276,0.0,0.015494234134435408,0.0005030523313452716,22.54854108215816,NORMAL
U246,1676,928,2807,363,3.0215285252960173,0.21645796064400716,0.07909546740402768,19.426397131545713,16.040100250626566,81.42799839550742,0.2273754094245001,0.024284742316897406,23.270070875193642,NORMAL
U247,1804,1541,2863,739,1.856679636835279,0.40941828254847645,0.07546464335983483,20.560992784605457,9.624060150375936,69.13357400722022,0.13963868091756393,0.04602677322892396,19.35869244294258,NORMAL
U248,1936,3096,1225,985,0.3955440749112044,0.5085183273102736,0.06400360776700931,24.14245005295777,3.007518796992481,37.946249498596075,0.029585561256899026,0.05719298717036279,11.97847244530078,NORMAL
U249,1684,4590,2085,714,0.45414942278370724,0.42373887240356084,0.08229923537085715,18.42525216711524,15.639097744360896,7.982350581628561,0.03399973166670977,0.047640362511086574,8.285678364776562,NORMAL
U250,16,2,3983,874,1327.6666666666667,51.411764705882355,-0.14672876808916857,89.99417811666885,99.24812030075188,100.0,100.0,5.792776061256146,84.18007320187672,SUSPICIOUS
U251,115,135,2869,537,21.095588235294116,4.629310344827586,0.028117269230759412,35.35656652125138,94.28571428571428,97.33253108704373,1.5887184003507477,0.5215080678181347,48.816825577285435,NORMAL
U252,174,3606,2082,580,0.5772109786526199,3.3142857142857145,0.0932003931280102,15.018751038434432,91.32832080200501,27.717609306056957,0.04326876082909272,0.37333612301036934,30.69523232613664,NORMAL
U253,1447,76,242,109,3.142857142857143,0.07527624309392265,0.05216168526606435,27.842930613267967,27.5187969924812,98.51584436421982,0.23651391321201617,0.00837692646703256,30.81969273022752,NORMAL
U254,1199,2168,2285,111,1.053480866758875,0.0925,0.11140871525782858,9.328835226885912,39.94987468671679,56.55836341756919,0.07914153564370835,0.010317633506579072,22.71979966816284,NORMAL
U255,1523,4728,2805,595,0.5931486572213999,0.39041994750656167,0.06094432963467489,25.098443410994207,23.70927318295739,5.214600882470921,0.04446919102349128,0.04388611351359219,10.752705198665574,NORMAL
U256,1607,2482,2670,518,1.0753121224325413,0.32213930348258707,0.10127933363170177,12.494164149825112,19.498746867167903,50.26073004412355,0.08078587163525229,0.036192511749197784,16.826582692761644,NORMAL
U257,721,1771,1985,315,1.1202031602708804,0.4362880886426593,0.1333190741905596,2.4820704981418937,63.90977443609023,64.52065784195749,0.08416707656082983,0.04905436019050205,29.282285675304124,NORMAL
U258,906,3822,1322,437,0.34580172639288514,0.48180815876515987,0.12943207563046388,3.696718086693514,54.63659147869675,23.385479342158042,0.025838954318881353,0.05418338755712825,18.905338697823115,NORMAL
U259,691,2334,1743,582,0.7464668094218415,0.8410404624277457,0.13713611745275206,1.2892832299868224,65.41353383458647,53.229041315683915,0.05601715507964504,0.09466030930841576,27.2207875414476,NORMAL
U260,1556,2573,2900,446,1.1266511266511265,0.28644829800899163,0.09662738256455605,13.947851630900363,22.05513784461153,48.435619735258726,0.08465273910584291,0.03217098578660947,17.319074985484132,NORMAL
U261,1883,2407,1640,664,0.6810631229235881,0.3524416135881104,0.09762693040392018,13.635503078680753,5.664160401002505,51.76494183714399,0.051090931993977004,0.039606860131899374,13.833067691499819,NORMAL
U262,852,1170,768,899,0.6558497011101623,1.0539273153575615,0.1140852498536889,8.492445338319383,57.34335839598997,76.57440834336141,0.049191850348031856,0.11864758550841933,30.954683168830957,NORMAL
U263,272,2600,1073,229,0.41253364090734335,0.8388278388278388,0.11496549504949671,8.21737765103015,86.41604010025063,47.894103489771354,0.0308652198924699,0.09441099934546042,32.437315325546386,NORMAL
U264,577,929,1256,6,1.3505376344086022,0.010380622837370242,0.10026032941856694,12.812592621323615,71.12781954887217,81.40794223826715,0.10151593049665117,0.0010647362315102634,36.0109709211289,NORMAL
U265,1375,477,1765,75,3.692468619246862,0.05450581395348837,0.07733720527837612,19.975836195632148,31.127819548872182,90.47332531087044,0.27791079598882146,0.006036593967737949,28.94337856682932,NORMAL
U266,33,655,127,881,0.19359756097560976,25.91176470588235,0.010514032173075782,40.85739939068557,98.39598997493735,86.90332932210188,0.014374896043917914,2.9195336102451015,48.549797032305285,NORMAL
U267,1659,2561,2031,947,0.7927400468384075,0.5704819277108434,0.09213341483538051,15.352170922733968,16.892230576441104,48.676293622142,0.05950246764556855,0.06417480862480993,16.285643845153885,NORMAL
U268,603,4299,856,715,0.19906976744186047,1.1837748344370862,0.10483314759519402,11.383633365164716,69.82456140350877,13.818692338547933,0.014787064092339862,0.13327830723303724,21.951112335469528,NORMAL
U269,1445,1151,2893,787,2.5112847222222223,0.5442600276625172,0.08334068338136402,18.099810236791264,27.61904761904762,76.95547533092659,0.18894371028643542,0.061220225237946437,25.067247467823215,NORMAL
U270,11,35,2548,1836,70.77777777777777,153.0,-0.04497225765610513,58.19630165594166,99.49874686716792,99.338146811071,5.3307941482866585,17.239349793427014,57.390362333483154,WATCH
U271,169,4664,2058,90,0.44115755627009645,0.5294117647058824,0.06261279929282354,24.57706358141385,91.57894736842105,6.498194945848379,0.03302118082084918,0.05954717976928847,27.898122740657623,NORMAL
U272,683,4425,1583,805,0.35765928603705377,1.1769005847953216,0.10351490311458855,11.795571382309102,65.81453634085213,11.291616526273563,0.026732068869241586,0.13250374308050528,20.507851676493495,NORMAL
U273,1947,4244,2902,259,0.6836277974087162,0.13295687885010268,0.04419455838938052,30.33257687858855,2.4561403508771895,14.921780986762945,0.051284103959233114,0.014876159849619304,8.16333026682742,NORMAL
U274,1726,911,699,10,0.7664473684210527,0.005790387955993051,0.0645143850885006,23.98283732549101,13.533834586466176,81.76895306859205,0.057522096104782726,0.0005475261247932211,23.34913751210352,NORMAL
U275,290,1683,2229,898,1.3236342042755345,3.0859106529209623,0.10664715045610079,10.816775887200563,85.51378446115288,66.28559967910148,0.09948955697397957,0.3476036947332925,36.33509537764209,NORMAL
U276,42,3723,1629,321,0.4374328678839957,7.465116279069767,0.055833911492006894,26.695397198733524,97.94486215538846,25.371038908945042,0.03274063629963142,0.8410358322531805,33.69907343435904,NORMAL
U277,1372,2386,2842,777,1.1906158357771262,0.5659140568099054,0.09836781211791801,13.403985064615087,31.278195488721806,52.186121139189744,0.08947057803259752,0.06366011840585648,20.299287521979693,NORMAL
U278,940,2048,1128,817,0.5505124450951684,0.8682252922422954,0.13199489896996686,2.8958618113224115,52.932330827067666,58.96510228640193,0.04125782017106556,0.09772339193769713,25.485455399579084,NORMAL
U279,1634,4037,245,946,0.06067360079247152,0.5785932721712538,0.062303254308938794,24.673793246323886,18.145363408521288,19.0734055354994,0.004363027961985262,0.06508876388906187,12.062945017752641,NORMAL
U280,363,1918,385,459,0.2006253256904638,1.260989010989011,0.11162934351502701,9.259891136367438,81.85463659147871,61.572402727637375,0.014904229153908304,0.14197850526789418,34.19214619693093,NORMAL
U281,13,19,2146,857,107.3,61.214285714285715,0.014869368203577982,39.49640109727453,99.3984962406015,99.65904532691536,8.081657652835649,6.89728662942368,53.7609006977471,WATCH
U282,1349,3401,2975,572,0.8744855967078189,0.4237037037037037,0.0929950328066883,15.082924053994203,32.43107769423559,31.829121540312887,0.06565956423259466,0.04763639983652279,16.759592690754232,NORMAL
U283,1885,3860,882,229,0.22843822843822845,0.12142099681866383,0.0816078592410534,18.641300188709458,5.563909774436093,22.62334536702768,0.016999104396133936,0.013576340792263004,8.718127772538852,NORMAL
U284,26,29,1928,1131,64.26666666666667,41.888888888888886,0.01385494417744959,39.81339830683236,98.7468671679198,99.45848375451264,4.8403755253278185,4.719774843487827,52.468483396762466,WATCH
U285,34,2908,87,410,0.029907184599518737,11.714285714285714,0.01075058914846283,40.783477737444244,98.34586466165413,41.71680705976735,0.0020456933004743697,1.3198159892257717,39.245833059692636,NORMAL
U286,603,4237,610,749,0.14393581878244455,1.240066225165563,0.09258274485116957,15.211759854475531,69.82456140350877,15.062174087444847,0.010634360395778301,0.13962100580039055,22.773940887506495,NORMAL
U287,1095,2146,2459,296,1.1453190498369819,0.27007299270072993,0.12015603610799813,6.59538626551452,45.16290726817043,56.999598876855195,0.08605881205193126,0.0303258790273952,23.706018117107917,NORMAL
U288,1893,1328,625,526,0.47027840481565086,0.27771911298838436,0.09468585685775188,14.554558703573575,5.162907268170425,73.40553549939833,0.03521457088890266,0.031187414611553062,18.16849947737227,NORMAL
U289,829,3772,2479,865,0.6570368407103101,1.0421686746987953,0.0940341060288406,14.758224220921775,58.49624060150376,24.388287204171675,0.04928126601887963,0.1173226668610879,21.745369940882423,NORMAL
U290,1076,4680,2200,993,0.4699850459303568,0.9220055710306406,0.056812461900491884,26.389610130494106,46.11528822055138,6.177296430004009,0.03519247501953358,0.10378314801777096,16.74708845167031,NORMAL
U291,694,2202,1258,503,0.5710394916023604,0.7237410071942446,0.13743184046042778,1.1968727923190248,65.26315789473685,55.87645407139992,0.04280392278084752,0.08144345541597009,27.693528705819656,NORMAL
U292,850,3697,2161,947,0.5843699296917253,1.1128084606345476,0.09271943082336437,15.169046875824172,57.443609022556394,25.89249899719214,0.04380797492796389,0.1252820877113207,21.844503393339842,NORMAL
U293,1092,1980,207,646,0.10449268046441192,0.5910338517840805,0.11383319389283592,8.57121026717045,45.31328320802005,60.32892097874048,0.0076634927129806615,0.0664905208090131,24.691675989128274,NORMAL
U294,608,1212,2611,448,2.1525144270403955,0.735632183908046,0.1214250134345144,6.198843733854384,69.57393483709274,75.73204973926995,0.16192103610393588,0.08278330771897276,33.522617972389156,NORMAL
U295,1553,2045,487,231,0.2380254154447703,0.14864864864864866,0.10422319333704744,11.574237878474927,22.20551378446115,59.02527075812274,0.017721213874771723,0.0166442484424301,19.09949522024613,NORMAL
U296,952,429,2214,550,5.148837209302326,0.577124868835257,0.10011583306238869,12.857746265677445,52.33082706766916,91.43602085840354,0.3876048660587801,0.06492330981846611,33.405212591437085,NORMAL
U297,1494,1130,960,289,0.8488063660477454,0.19331103678929765,0.11981156368755491,6.703030399759734,25.162907268170432,77.37665463297232,0.06372539774026358,0.02167663548436127,22.79069514835875,NORMAL
U298,1307,2253,2655,834,1.1779059449866904,0.6376146788990825,0.10319665685974916,11.895020106055666,34.53634085213032,54.853590052146004,0.08851326567330357,0.07173907021568095,21.42194541632081,NORMAL
U299,1575,4622,1668,842,0.36080467229072033,0.5342639593908629,0.08389656524282751,17.92610279849224,21.10275689223058,7.340553549939832,0.026968980199561916,0.06009390650456126,9.448471683845023,NORMAL
U300,7,32,2759,1164,83.60606060606061,145.5,-0.028931541986032094,53.18374085714975,99.69924812030075,99.39831528279181,6.297023827401967,16.394278484306117,56.81543394470242,WATCH
U301,844,3238,2104,324,0.6495832046928064,0.3834319526627219,0.1267515638942222,4.534350791252603,57.74436090225563,35.098275170477336,0.0487198561689536,0.043098732986817025,22.154542652337526,NORMAL
U302,873,3766,139,411,0.036899389434563314,0.4702517162471396,0.09467263767246215,14.558689564773175,56.29072681704261,24.50862414761332,0.0025723480308470384,0.052881251822797085,21.166785243280426,NORMAL
U303,124,2684,2812,932,1.0472998137802607,7.456,0.05741506834159599,26.201301735413367,93.83458646616542,46.20938628158845,0.0786759770871918,0.8400086448014737,36.776389424163064,NORMAL
U304,1345,803,1844,283,2.2935323383084576,0.21025260029717682,0.11498251004466403,8.212060637779523,32.631578947368425,83.93501805054152,0.17254254273720437,0.0235855460513157,26.223380910209336,NORMAL
U305,98,4116,1875,872,0.45542871022589265,8.808080808080808,0.05034674174574533,28.41008203774871,95.13784461152882,17.48896911351785,0.03409608793756107,0.9923559379377519,31.701144693923133,NORMAL
U306,579,3215,721,23,0.22419154228855723,0.039655172413793106,0.09035038334935264,15.909350160475194,71.02756892230578,35.559566787003604,0.01667924286434313,0.004363280489439892,27.260032414837944,NORMAL
U307,844,355,2359,363,6.626404494382022,0.42958579881656805,0.08829856180843049,16.550523561567985,57.74436090225563,92.92017649418372,0.4988956274837008,0.04829917181217638,35.6346728412786,NORMAL
U308,425,2275,2198,616,0.9657293497363796,1.4460093896713615,0.12367247567700795,5.496534599698597,78.7468671679198,54.41235459286,0.07253206801117433,0.16282589375151255,31.436224801572262,NORMAL
U309,987,3291,994,993,0.3019441069258809,1.0050607287449393,0.09604608879912613,14.129500031202873,50.57644110275689,34.035298836742875,0.022535586740257643,0.11314148546561957,21.593200167223138,NORMAL
U310,1676,1649,837,683,0.5072727272727273,0.40727489564698865,0.11365277330541279,8.627589869079324,16.040100250626566,66.96750902527076,0.03800099310887284,0.045785264592284915,18.714033386038754,NORMAL
U311,1513,4461,1357,133,0.30412371134020616,0.08784676354029063,0.09407050062659977,14.746851278606254,24.21052631578946,10.569594865623744,0.022699755125227192,0.009793324623024981,10.385722181337812,NORMAL
U312,917,3886,1873,127,0.4818626189863648,0.1383442265795207,0.11297734365338485,8.838654778259993,54.08521303258145,22.101885278780586,0.03608709698540362,0.015483185582737804,19.278822782724237,NORMAL
U313,1159,3066,613,799,0.1998695793935442,0.6887931034482758,0.11603881018319828,7.881977568228353,41.95488721804511,38.54793421580425,0.014847306141550389,0.07750565931335184,19.395942958338768,NORMAL
U314,1431,4156,2836,407,0.6822227567957662,0.2842178770949721,0.08429712978249893,17.800930446445065,28.320802005012535,16.68672282390695,0.05117827592606865,0.03191967049038266,13.105267152556358,NORMAL
U315,1822,2871,1646,405,0.5731197771587744,0.22216127262753702,0.10220911429061391,12.203617133208324,8.721804511278197,42.45888487765745,0.042960610442988115,0.024927369693463604,12.517249931397055,NORMAL
U316,1399,1655,2477,182,1.4957729468599035,0.13,0.10547516772644422,11.183008592047885,29.924812030075188,66.84717208182911,0.11245509291023953,0.014542990052183546,22.55838393442719,NORMAL
U317,1012,2882,1864,950,0.646548733957683,0.9378084896347483,0.11380193680625528,8.580977789399578,49.32330827067669,42.238267148014444,0.04849129902502949,0.10556376043279819,22.093584554503177,NORMAL
U318,596,2718,1342,137,0.4935638102243472,0.22948073701842547,0.12449268740111141,5.240226762846839,70.17543859649122,45.52747693541917,0.036968433825765125,0.025752098940779854,27.448493973931225,NORMAL
U319,231,3517,2370,117,0.6736782262649232,0.5043103448275862,0.0830965083785728,18.176112446256873,88.47117794486216,29.50260730044123,0.05053469961086572,0.056718847801642464,30.76587431531528,NORMAL
U320,1719,584,2301,537,3.933333333333333,0.3122093023255814,0.0781950705406877,19.70776201035555,13.884711779448622,88.32731648616125,0.296052790402046,0.03507363720555475,24.172079786829084,NORMAL
U321,1655,2132,395,903,0.18518518518518517,0.5452898550724637,0.09154969463314777,15.534577559903756,17.092731829573935,57.28038507821902,0.013741273658959366,0.06133626225094538,18.072082364775234,NORMAL
U322,1263,484,427,347,0.8804123711340206,0.2745253164556962,0.10215278280606643,12.221220150242484,36.741854636591476,90.33293221018852,0.0661059704608228,0.030827549835960456,29.106383748812547,NORMAL
U323,1582,964,885,763,0.917098445595855,0.4819962097283639,0.10662257048063234,10.824456879994313,20.75187969924812,80.7059767348576,0.06886917535969728,0.05420457642028242,22.978181784085663,NORMAL
U324,1232,1215,673,25,0.553453947368421,0.0202757502027575,0.09487032158899206,14.496915347778716,38.29573934837093,75.67188126754914,0.041479374905681765,0.002179681329721704,26.893545188695246,NORMAL
U325,1233,4815,1889,161,0.392234219269103,0.13047001620745544,0.08680366809047652,17.01766267201032,38.24561403508772,3.469715202567192,0.029336262048439518,0.014595949680415868,12.817519408051087,NORMAL
U326,206,4390,72,662,0.016397176041903893,3.1980676328502415,0.04998603015455233,28.522800747990374,89.72431077694236,11.993582029683115,0.0010281158578653497,0.36024111418074345,29.162507408462346,NORMAL
U327,695,2213,1502,49,0.6784101174345076,0.07040229885057471,0.11350593634445882,8.673474928663342,65.21303258145363,55.65583634175692,0.05089110691397848,0.007827749074724787,28.749343592103997,NORMAL
U328,996,4954,1117,361,0.22542885973763874,0.362086258776329,0.09578617980535703,14.210718953114885,50.125313283208015,0.6819093461692738,0.01677243794413619,0.040693581856594635,14.809615179767613,NORMAL
U329,718,4253,351,476,0.08251057827926657,0.6620305980528511,0.10236688245076953,12.154316184849206,64.06015037593986,14.741275571600488,0.00600779492201794,0.0744901625840363,20.79911560915055,NORMAL
U330,1116,1734,1393,561,0.8028818443804034,0.5022381378692927,0.13852086149510007,0.8565647749128877,44.11027568922306,65.26273565984756,0.060266350537443246,0.0564853594487072,24.23214016206388,NORMAL
U331,356,1802,1769,141,0.9811425402107599,0.3949579831932773,0.1155593692056111,8.031798006357034,82.20551378446115,63.898916967509024,0.07369299362261854,0.044397442014740204,34.56101440527851,NORMAL
U332,1019,2272,2492,891,1.0963484381874176,0.8735294117647059,0.1061770898442786,10.963665056258778,48.97243107769423,54.47252306458083,0.08237033254040083,0.09832103983483542,24.81750287988887,NORMAL
U333,981,732,2089,670,2.849931787175989,0.6822810590631364,0.11888979095257768,6.991075021444687,50.877192982456144,85.35900521460088,0.21445069740884348,0.07677190706353808,30.90488900216266,NORMAL
U334,314,3386,438,477,0.12931798051372898,1.5142857142857142,0.10775351410036332,10.471048480362633,84.31077694235589,32.12996389891697,0.00953334092428672,0.17051900882135443,29.102305473981033,NORMAL
U335,315,3505,2075,769,0.591842555618939,2.4335443037974684,0.10330088272786853,11.862450580387312,84.26065162907268,29.74328118732451,0.044370815102946756,0.2740975501092645,28.845394068083298,NORMAL
U336,619,3067,203,502,0.06616688396349413,0.8096774193548387,0.10692770878653807,10.729104257215367,69.02255639097744,38.52787805856398,0.004776783513423877,0.09112644159273091,26.585443510156725,NORMAL
U337,1017,2171,1711,947,0.7877532228360957,0.9302554027504911,0.12024054718255622,6.568977412686089,49.07268170426066,56.49819494584838,0.05912685873359984,0.10471270749664043,24.58364464794565,NORMAL
U338,860,3345,2982,55,0.891213389121339,0.06387921022067364,0.0756647466916614,20.498462524893114,56.94235588972432,32.95226634576815,0.06691950601220588,0.007092752401660503,23.91860540968198,NORMAL
U339,1924,4905,787,458,0.16041581736649002,0.23792207792207792,0.05000705969893515,28.516229228866298,3.609022556390973,1.6646610509426396,0.011875638278159888,0.026703236941871232,5.519596628727037,NORMAL
U340,1931,3461,2144,55,0.6192952050837666,0.028467908902691512,0.058101527894569904,25.98679009416453,3.2581453634085267,30.62575210589651,0.04643855597195721,0.003102742433332286,10.849780326514104,NORMAL
U341,1529,1833,1211,391,0.6603053435114504,0.25555555555555554,0.12203206524831672,6.009146204935638,23.408521303258144,63.27717609306058,0.049527450520344664,0.028690109745614825,19.42562285425893,NORMAL
U342,1402,3089,842,313,0.27249190938511325,0.22309337134711332,0.119403665592134,6.830494413527109,29.774436090225564,38.08664259927797,0.020317239377638272,0.025032395011487903,16.094345873537183,NORMAL
U343,788,2500,1800,328,0.7197121151539384,0.4157160963244613,0.13534283798079333,1.849664859292122,60.55137844611529,49.89971921379863,0.05400198438194967,0.04673638679322678,25.415749137296842,NORMAL
U344,16,9,1328,1689,132.8,99.3529411764706,-0.054345417697349685,61.12531901089682,99.24812030075188,99.85960689931808,10.002324444116432,11.19460442936226,58.13252108211955,WATCH
U345,1662,3685,1297,418,0.35187194791101467,0.2513529765484065,0.1092355331861738,10.00793256175966,16.74185463659148,26.133172884075407,0.026296165020277013,0.02821657921984743,10.924094648364946,NORMAL
U346,1856,2153,1121,78,0.5204271123491179,0.0420032310177706,0.07943885874385248,19.31909082401844,7.017543859649122,56.85920577617328,0.03899178489616471,0.004627850750554004,16.03453286758633,NORMAL
U347,1341,3201,2871,491,0.896627108057464,0.36587183308494786,0.09751727108293035,13.669770503209778,32.83208020050126,35.84035298836743,0.06732726876428209,0.041120125888162495,17.449556059354563,NORMAL
U348,7,28,2023,1878,69.75862068965517,234.75,-0.08483916056297047,70.6543040786781,99.69924812030075,99.4785399117529,5.254030964982522,26.450627062844767,60.69976742489983,WATCH
U349,211,832,953,978,1.1440576230492197,4.613207547169812,0.08430764867073959,17.79764340065942,89.47368421052632,83.3533894905736,0.08596380105032785,0.5196936661785128,41.80819046103457,NORMAL
U350,36,4435,784,673,0.17673579801623085,18.18918918918919,0.006817217362728112,42.01261648821909,98.24561403508771,11.091054953870838,0.013104863567112917,2.049383343354853,33.39219069017396,NORMAL
U351,180,3166,156,624,0.049257972844963686,3.447513812154696,0.0785694115926896,19.59078423197974,91.02756892230576,36.54231849177697,0.0035031998247148657,0.3883477554207463,33.06310152699809,NORMAL
U352,28,40,1821,1961,44.41463414634146,67.62068965517241,-0.045108032842137824,58.23873002316382,98.64661654135338,99.23786602486963,3.345115148809593,7.61913571810133,55.224185988704434,WATCH
U353,729,4187,523,897,0.12488061127029608,1.2287671232876711,0.08565583740722366,17.376348107552214,63.50877192982456,16.064981949458492,0.009199117091090158,0.13834786622494516,21.719693547687186,NORMAL
U354,844,3604,755,386,0.20943134535367544,0.45680473372781066,0.12718876090993908,4.3977311623404205,57.74436090225563,27.757721620537488,0.015567500900202274,0.051366097273285734,20.65889101383851,NORMAL
U355,736,4576,405,532,0.08848590779986891,0.7218453188602443,0.09331092312014244,14.984211538012609,63.1578947368421,8.263136782992376,0.006457858332887769,0.0812298565063569,19.70353171457007,NORMAL
U356,290,814,943,256,1.1570552147239264,0.8797250859106529,0.10905854907924795,10.063238298400877,85.51378446115288,83.71440032089852,0.08694278311684694,0.09901914469635567,39.66740049171173,NORMAL
U357,1787,3587,2911,364,0.8113154960981048,0.203579418344519,0.07143072256306865,21.82155208053676,10.476190476190473,28.098676293622137,0.060901575430910584,0.02283363743681777,11.530666129325809,NORMAL
U358,1333,4698,2771,158,0.5896999361566291,0.1184407796101949,0.05497446410244439,26.963965782714006,33.2330827067669,5.816285599679105,0.044209432434413005,0.013240541317886274,13.529161103340934,NORMAL
U359,661,2116,137,736,0.06471421823334908,1.1117824773413898,0.09806605218657605,13.498281979640698,66.9172932330827,57.60128359406338,0.004667368343748535,0.12516648383869602,30.2942641386912,NORMAL
U360,750,3963,2583,521,0.6516145307769929,0.6937416777629827,0.10225366616763609,12.189695123937213,62.456140350877185,20.55756117127959,0.04887285619060692,0.07806324573660668,21.57792929147394,NORMAL
U361,581,4043,246,281,0.06083086053412463,0.48281786941580757,0.09189267963457132,15.427398229001657,70.92731829573935,18.953068592057765,0.004374872807608733,0.05429715789064507,23.845791318582137,NORMAL
U362,1412,1311,2551,4,1.944359756097561,0.0028308563340410475,0.06602108653390304,23.512008420095107,29.273182957393484,73.74649017248296,0.14624277085178367,0.00021405742317353235,25.630987838185654,NORMAL
U363,695,451,2086,109,4.615044247787611,0.15660919540229884,0.09031981343769996,15.918902947515651,65.21303258145363,90.99478539911753,0.34739943803522194,0.017541212397953466,36.97953170868276,NORMAL
U364,639,3808,814,75,0.21370438435284853,0.1171875,0.09718620390469518,13.7732256353573,68.02005012531328,23.66626554352186,0.015889347335635975,0.013099326565768687,23.81018672115506,NORMAL
U365,867,2185,2099,356,0.9602012808783166,0.41013824884792627,0.13230730481694658,2.7982381557391682,56.59147869674186,56.21740874448455,0.07211569239252354,0.04610789627735049,25.83603225398299,NORMAL
U366,70,2091,1710,153,0.8173996175908221,2.1549295774647885,0.09029760726106367,15.925842152273564,96.54135338345866,58.102687525070195,0.06135983308209411,0.24270430857295552,38.1964977782762,NORMAL
U367,4,18,4074,1551,214.42105263157896,310.2,-0.12405339018000372,82.90835272439355,99.84962406015038,99.67910148415564,16.1500438660323,34.95204443260097,66.61479685192597,WATCH
U368,1927,351,2084,825,5.920454545454546,0.4279045643153527,0.04383291061387301,30.4455881369242,3.4586466165413388,93.0004011231448,0.4457232893185491,0.048109736740058875,24.150227382143576,NORMAL
U369,1340,655,740,168,1.1280487804878048,0.12527964205816555,0.10583108125831364,11.071789226634115,32.882205513784456,86.90332932210188,0.08475801076505131,0.014011118176793512,27.285276797279387,NORMAL
U370,24,8,4116,1737,457.3333333333333,69.48,-0.12892355081977047,84.43022848161175,98.84711779448622,99.87966305655837,34.4462615420376,7.828635695056728,67.13810707194291,WATCH
U371,1454,2979,711,634,0.23859060402684565,0.4357388316151203,0.12098167661096465,6.337381990381953,27.16791979949875,40.292819895707986,0.017763784029297337,0.048992472009794556,15.812941044382372,NORMAL
U372,1611,4235,1855,363,0.4379131255901794,0.22518610421836227,0.10244667645368671,12.129381369020034,19.298245614035093,15.102286401925403,0.03277680943796568,0.025268196145774125,9.676410321028216,NORMAL
U373,1758,2876,702,292,0.2440041710114703,0.16600341102899374,0.10203433647947857,12.258233424813701,11.929824561403501,42.35860409145607,0.018171535336346065,0.018599716677662134,13.30024481369988,NORMAL
U374,1424,4899,38,149,0.007755102040816327,0.10456140350877192,0.030188382365673005,34.709364692887846,28.671679197994994,1.7849979943842742,0.00037719254250535264,0.011676666313644838,12.733169900391452,NORMAL
U375,1832,2068,2733,113,1.320927984533591,0.06164757228587016,0.06719654850142032,23.144688488738137,8.220551378446117,58.56397914159647,0.09928572378228313,0.006841299976187407,17.265484572183542,NORMAL
U376,216,2864,2801,227,0.9776614310645724,1.0460829493087558,0.08355474864980406,18.0329170136312,89.22305764411027,42.599277978339344,0.07343079555462223,0.1177637123502743,33.566579814481315,NORMAL
U377,1363,4203,64,623,0.015223596574690771,0.4567448680351906,0.07442505432870367,20.8858538027472,31.729323308270672,15.74408343361412,0.0009397215398416149,0.051359351836054556,14.22196441736294,NORMAL
U378,693,4863,415,69,0.08532072368421052,0.0994236311239193,0.058410425836853574,25.890262623185954,65.31328320802005,2.507019655034104,0.006219455822329553,0.011097761775613826,20.716483654711652,NORMAL
U379,1365,1795,760,148,0.42316258351893093,0.10834553440702782,0.12060080202370843,6.456401432195167,31.629072681704262,64.03931006819093,0.031665794680725015,0.012103047707254696,21.693322304719793,NORMAL
U380,1520,1772,374,482,0.21094190637337845,0.31689677843524,0.11339612440215596,8.707790045803252,23.859649122807014,64.50060168471721,0.015681276758506068,0.03560180408188303,20.180461714317595,NORMAL
U381,230,163,1534,73,9.353658536585366,0.31601731601731603,0.04829743499833461,29.050469591399796,88.52130325814535,96.77095868431608,0.7043131282776709,0.035502709620971344,46.023491678622094,NORMAL
U382,742,2353,1050,641,0.4460492778249788,0.8627187079407806,0.1327567221558602,2.6577997998908245,62.857142857142854,52.84797432811873,0.03338962659114937,0.09710293108376838,26.705463396203434,NORMAL
U383,1270,70,948,616,13.352112676056338,0.4846577498033045,0.04388868930792972,30.42815786130638,36.39097744360902,98.63618130766145,1.0054777589498698,0.054504468574336794,33.648749411654116,NORMAL
U384,71,4130,1072,803,0.25950133139675624,11.152777777777779,0.035934393457769886,32.91379456110101,96.49122807017544,17.208182912154022,0.01933878558384296,1.2565474229609006,32.69482959397991,NORMAL
U385,160,3579,1262,108,0.3525139664804469,0.6708074534161491,0.09133080199590404,15.602979286806699,92.03007518796993,28.25912555154433,0.026344522029912082,0.07547910507094656,31.017698796590473,NORMAL
U386,201,1468,111,866,0.07556160653505786,4.287128712871287,0.06617326361860937,23.46445462605233,89.97493734335839,70.59767348576013,0.005484396519561071,0.48295235052821023,40.20675117860859,NORMAL
U387,28,16,4758,964,279.88235294117646,33.241379310344826,-0.09463865001110583,73.71654504511713,98.64661654135338,99.71921379863619,21.080606439314742,3.745406544797733,61.494941243381504,WATCH
U388,846,3014,1050,330,0.3482587064676617,0.38961038961038963,0.13472316385277233,2.0433067332602963,57.64411027568922,39.59085439229844,0.026024014712468093,0.04379489562677522,22.64876969539317,NORMAL
U389,13,23,2196,661,91.5,47.214285714285715,0.013135341995018868,40.03826668331677,99.3984962406015,99.57882069795427,6.891597444904811,5.319820185731341,53.29200059132466,WATCH
U390,41,1351,225,339,0.16642011834319526,8.071428571428571,0.04043934975491148,31.506041453335843,97.99498746867168,72.94424388287204,0.012327883826819203,0.9093527819384798,43.95298674999019,NORMAL
U391,1829,4072,2718,81,0.6673213847287012,0.04426229508196721,0.04325510371853919,30.62614692572098,8.37092731829574,18.371440032089847,0.05005590061337332,0.004882393447369818,10.374188209020499,NORMAL
U392,1780,2431,719,200,0.2956414473684211,0.11229646266142616,0.09747628473352249,13.682578321299257,10.82706766917293,51.28359406337746,0.022060868743835622,0.01254822318887965,15.023269928827904,NORMAL
U393,1590,3736,498,877,0.13326197484613325,0.5512256442489001,0.0878644541865316,16.6861777862761,20.350877192982452,25.110308864821494,0.009830403627786661,0.06200508426827828,12.624466102698516,NORMAL
U394,1591,56,787,16,13.807017543859649,0.010050251256281407,-0.006632745987045108,46.21559348868069,20.300751879699252,98.91696750902527,1.0397413147452343,0.0010275112255733192,32.05100995040211,NORMAL
U395,740,410,1827,981,4.445255474452555,1.3238866396761133,0.08601087147449143,17.26540356589798,62.95739348370928,91.81708784596871,0.3346109024086752,0.14906556945658878,36.79858903602642,NORMAL
U396,1139,4355,400,782,0.09182736455463728,0.6859649122807018,0.09609058375153195,14.115595810296465,42.957393483709275,12.695547533092654,0.006709537745569512,0.07718698955169505,15.409052681959468,NORMAL
U397,364,638,146,883,0.22848200312989045,2.419178082191781,0.07105758175167554,21.93815479590738,81.80451127819549,87.24428399518652,0.0170024015175682,0.27247881921600603,41.23583026123408,NORMAL
U398,717,1531,836,727,0.5456919060052219,1.0125348189415042,0.13117583321138943,3.1518115455813254,64.11027568922304,69.33413557962295,0.04089473588298198,0.11398363735720608,30.39448899964188,NORMAL
U399,1530,3304,999,372,0.3022692889561271,0.24297844546048333,0.10999918236782785,9.769299945190674,23.358395989974934,33.774568792619334,0.022560079537379804,0.027272969093214784,14.069638713044528,NORMAL
U400,964,3052,411,443,0.13462168358991156,0.45906735751295336,0.12195246626439188,6.034020079309569,51.72932330827067,38.82872041716807,0.009932817252492116,0.05162104106584023,21.613404282870718,NORMAL
U401,1543,624,1306,526,2.0896,0.34067357512953367,0.10408395873171322,11.617747279108196,22.70676691729324,87.52507019655033,0.15718230470358507,0.038280882576436116,24.969405569061966,NORMAL
U402,1212,3233,2677,188,0.8277674706246135,0.1549876339653751,0.10172365239044318,12.355319048518924,39.29824561403509,35.1985559566787,0.062140742533815005,0.017358501058443984,18.735709412914574,NORMAL
U403,1866,140,2862,171,20.29787234042553,0.09159078735940011,-0.026005474483355995,52.2693744685043,6.516290726817042,97.23225030084237,1.5286342266977706,0.01021518690438427,29.299619746858482,NORMAL
U404,965,4288,373,39,0.08696665889484728,0.040372670807453416,0.06936148106592044,22.468169041099806,51.67919799498747,14.039310068190925,0.006343428100747975,0.0044441254636829125,19.100139344394762,NORMAL
U405,1580,3969,2554,516,0.6433249370277078,0.32637571157495254,0.0941303238161939,14.728157139193405,20.85213032581453,20.437224227837948,0.048248481781686885,0.03666985400687587,11.527263596446687,NORMAL
U406,1402,930,2779,161,2.9849624060150375,0.11475409836065574,0.0834683481975878,18.059916277796518,29.774436090225564,81.38788608102688,0.2246212395817946,0.012825140177905007,26.48825276135338,NORMAL
U407,45,502,1459,108,2.900596421471173,2.347826086956522,0.06040262230874882,25.267721450840106,97.79448621553884,89.97192137986362,0.2182667711572021,0.26443914934642626,46.32739661267471,NORMAL
U408,923,3531,320,739,0.09060022650056625,0.7997835497835498,0.10404434130344531,11.630127323238968,53.7844611528822,29.221821099077417,0.006617109380519663,0.09001163821794683,21.050154629599703,NORMAL
U409,1223,555,2471,251,4.444244604316546,0.20506535947712418,0.0905055615822466,15.860858538091954,38.746867167919795,88.90894504612916,0.33453476340081134,0.023001067599245403,29.934718432909662,NORMAL
U410,788,1814,1307,416,0.7201101928374656,0.5272496831432193,0.13750601524840134,1.1736939241125004,60.55137844611529,63.65824308062575,0.05403196769909087,0.059303564689743696,28.067950842899084,NORMAL
U411,1661,3820,1924,39,0.5035331065166186,0.023465703971119134,0.0785021399428733,19.611805939593964,16.79197994987469,23.425591656638588,0.03771932387756922,0.002539113117330304,11.834694907672477,NORMAL
U412,843,4134,967,477,0.23385731559854897,0.5651658767772512,0.12073081919380058,6.415772386498057,57.79448621553884,17.127958283192935,0.017407271484286238,0.06357581634190272,18.850467258820366,NORMAL
U413,347,254,757,697,2.9686274509803923,2.0028735632183907,0.09107159215515359,15.683979730498304,82.65664160401003,94.94584837545126,0.22339088641818253,0.22557121857043433,42.09561044005761,NORMAL
U414,301,3521,1781,239,0.5056785917092561,0.7913907284768212,0.10881112837806473,10.140554755663096,84.9624060150376,29.42238267148014,0.03788092239367445,0.08906596721942751,28.668991377086222,NORMAL
U415,406,4371,2983,921,0.6822964318389753,2.262899262899263,0.04794810665050531,29.159631153654953,79.69924812030075,12.374649017248307,0.05118382514994464,0.2548699196950199,26.82471295081483,NORMAL
U416,1412,4445,398,577,0.08951866846603689,0.4083510261854211,0.09638240627095807,14.024404235608245,29.273182957393484,10.890493381468113,0.006535646141313253,0.04590651886467132,11.60857494034826,NORMAL
U417,1742,2060,1175,376,0.5701115963124697,0.2157200229489386,0.10928633433467283,9.992057718595714,12.73182957393485,58.72442839951866,0.042734033460491476,0.024201594320361244,16.440965478689975,NORMAL
U418,1723,2043,2381,146,1.1648727984344422,0.08468677494199536,0.09270557836120552,15.173375629616231,13.684210526315777,59.0653830726033,0.08753160560393891,0.009437269196149184,17.533434082322447,NORMAL
U419,322,441,714,949,1.6153846153846154,2.9380804953560373,0.08723014887119018,16.88439175774358,83.90977443609022,91.19534697152025,0.12146427563906692,0.33094675809583396,41.82917984961228,NORMAL
U420,614,4504,2874,889,0.6379578246392896,1.4455284552845529,0.05238099894107151,27.7743973163384,69.27318295739349,9.707180104292013,0.047844229447196435,0.16277170390459766,23.462268170605025,NORMAL
U421,1397,973,2244,805,2.303901437371663,0.5758226037195995,0.10747245214119389,10.558877489213705,30.025062656641598,80.52547131969514,0.1733235460401926,0.0647765755669846,25.248238924326582,NORMAL
U422,90,4078,948,380,0.23240990438833048,4.175824175824176,0.07648089090708154,20.243425743210842,95.53884711779449,18.251103088648215,0.017298252086451173,0.47041098108374385,30.64633246884407,NORMAL
U423,739,816,1473,319,1.802937576499388,0.43108108108108106,0.12319062630739208,5.6471076358858365,63.00751879699248,83.67428800641797,0.13559081462022457,0.048467654497613345,33.37497129774429,NORMAL
U424,1355,3425,20,62,0.005837711617046118,0.045722713864306784,0.04819123538432046,29.083655892622463,32.130325814536356,31.34777376654633,0.000232774185138481,0.005046947849004011,18.665499826560357,NORMAL
U425,1898,4877,1604,584,0.3288232882328823,0.3075302790942601,0.06573541089888524,23.601279155809962,4.912280701754379,2.226233453670279,0.02456013383489187,0.034546422767221446,5.224830736417951,NORMAL
U426,1713,894,1399,330,1.5631284916201118,0.19253208868144692,0.1052072941411481,11.266716367954187,14.185463659147867,82.1099077416767,0.11752833048002613,0.021588866591396114,21.69097533092415,NORMAL
U427,1160,4331,834,218,0.1925207756232687,0.18776916451335057,0.10421017000578159,11.578307537280406,41.9047619047619,13.176895306859205,0.014293792284405008,0.021052198516465885,14.855046946002947,NORMAL
U428,966,2810,2563,259,0.911775168979011,0.2678386763185109,0.11933033247235403,6.853410268967898,51.62907268170427,43.682310469314075,0.06846822474719635,0.03007412480471358,22.693369979541572,NORMAL
U429,4,36,4921,1410,133.0,282.0,-0.1164305373102047,80.52628859109551,99.84962406015038,99.31809065383072,10.01738849738138,31.774576310306408,64.17550100535937,WATCH
U430,1100,736,2746,521,3.7259158751696067,0.4732061762034514,0.09731620410240305,13.732601893357968,44.91228070175438,85.2787805856398,0.28043005221275424,0.05321414906853385,30.421806211983718,NORMAL
U431,1152,1923,1786,573,0.9282744282744283,0.49696444058976585,0.1412619578246826,0.0,42.30576441102757,61.47212194143602,0.06971095335148807,0.055891139413518254,22.896676900293997,NORMAL
U432,10,10,4555,1979,414.09090909090907,179.9090909090909,-0.15000245985565852,91.01717355861477,99.54887218045113,99.83955074207782,31.189230631570965,20.27136321766683,69.34571636786333,WATCH
U433,91,12,169,739,13.0,8.032608695652174,0.0046248856656812,42.69769788661758,95.48872180451127,99.79943842759728,0.9789565384129908,0.9049787068395104,50.617208760269094,WATCH
U434,810,902,2040,89,2.259136212624585,0.10974106041923551,0.11397202107903348,8.527828180881196,59.448621553884706,81.94945848375451,0.16995181739015597,0.01226029023979451,32.57554831023777,NORMAL
U435,358,4685,1943,357,0.4146393512590696,0.9944289693593314,0.090624626684565,15.823651902386862,82.10526315789474,6.077015643802652,0.031023822556964675,0.11194353948931907,24.139814190154883,NORMAL
U436,1663,1300,1650,952,1.2682551883166795,0.5721153846153846,0.09685430762069108,13.876939854640389,16.69172932330827,73.96710790212595,0.09531839474315677,0.06435886030010503,21.08137831717912,NORMAL
U437,1376,2692,997,541,0.370219086520609,0.39288307915758897,0.12806736156012233,4.123177378863154,31.07769423558896,46.04893702366627,0.027678076386648515,0.044163649765441626,17.611231637021447,NORMAL
U438,1702,1228,930,738,0.7567127746135069,0.43335290663534937,0.10445591960941125,11.501513281038402,14.73684210526316,75.41115122342559,0.05678888390663525,0.04872363511031199,20.513173529399875,NORMAL
U439,1385,4275,530,463,0.12394761459307764,0.33405483405483405,0.10245027784431116,12.128255971011834,30.626566416040102,14.300040112314472,0.00912884353288197,0.03753510815180563,12.343800499230685,NORMAL
U440,69,1570,1428,955,0.9089751750477403,13.642857142857142,0.05988665221495221,25.428956866934367,96.59147869674185,68.55194544725231,0.0682573284585854,1.5371200401425733,41.92023463181211,NORMAL
U441,1279,993,984,38,0.9899396378269618,0.0296875,0.09661570064981928,13.951502110658796,35.93984962406015,80.12434817488969,0.07435559335795558,0.0032401612926915755,27.121632280125187,NORMAL
U442,357,3982,1209,602,0.3035400451920663,1.681564245810056,0.10664828340408145,10.816421852458493,82.15538847117794,20.1764941837144,0.022655793235504564,0.18936731383776728,26.23067827779068,NORMAL
U443,943,4559,46,316,0.010087719298245614,0.3347457627118644,0.06588376175251798,23.554921020133126,52.78195488721804,8.604091456077011,0.0005528858955686031,0.03761295934976639,18.455325331416237,NORMAL
U444,1741,3030,805,965,0.26558891454965355,0.5539609644087256,0.08059707016045359,18.95716151469221,12.781954887218049,39.26995587645408,0.019797303968193167,0.0623132896800554,13.907350443743214,NORMAL
U445,1002,4698,1147,40,0.2440944881889764,0.03988035892323031,0.07943768277819635,19.31945830134737,49.824561403508774,5.816285599679105,0.018178338050209526,0.004388653643883421,16.522519098574257,NORMAL
U446,1354,327,2406,115,7.335365853658536,0.08487084870848709,0.06145763872118648,24.938039532661517,32.18045112781955,93.48174889691136,0.552294785878355,0.00945800992399238,30.621660889194576,NORMAL
U447,727,1601,1899,40,1.1853932584269662,0.054945054945054944,0.10980036675583893,9.831427805526905,63.60902255639098,67.93020457280385,0.08907721211568193,0.006086085962372978,30.986192940410827,NORMAL
U448,1912,2006,1782,289,0.8878923766816144,0.15107161526398327,0.09415347026224663,14.72092410978863,4.210526315789476,59.80746089049338,0.06666936647077806,0.01691725905170704,15.241467303989792,NORMAL
U449,1315,4321,2393,168,0.553678852383156,0.1276595744680851,0.08790304849899944,16.67411745544601,34.13533834586466,13.377456879261928,0.04149631481128937,0.014279279856429508,13.72295955131674,NORMAL
U450,121,1714,2838,363,1.6548104956268221,2.9754098360655736,0.08252288137562863,18.355365061116878,93.98496240601504,65.66385880465303,0.1244338434389971,0.33515288540543764,39.46369851527246,NORMAL
U451,586,1726,1203,356,0.6965836711059641,0.606473594548552,0.13813073766356132,0.9784745116644723,70.67669172932331,65.42318491776975,0.052259943816579474,0.06823021195974133,30.923880610382554,NORMAL
U452,220,3748,2479,700,0.6612429981328354,3.167420814479638,0.08547864466568611,17.431719040391492,89.02255639097744,24.869634977938237,0.049598074916148004,0.3567879479246319,29.91024166030846,NORMAL
U453,36,566,835,761,1.472663139329806,20.56756756756757,0.04563447225444289,29.882618414009915,98.24561403508771,88.68832731648617,0.11071445605235918,2.3173699206616596,47.156745836282994,NORMAL
U454,1084,4531,2729,363,0.6021624007060901,0.3345622119815668,0.07483506102005688,20.757730874157808,45.714285714285715,9.16566385880465,0.045148108583341,0.03759227755564071,16.39228970023521,NORMAL
U455,1490,3751,1584,927,0.42217484008528783,0.6217303822937625,0.0958975443317931,14.175918669195454,25.363408521303256,24.809466506217404,0.031591397582242504,0.06994928843878463,13.44752347460999,NORMAL
U456,111,2413,598,989,0.24772162386081192,8.830357142857142,0.046251220769301604,29.689890764453626,94.48621553884712,51.64460489370237,0.018451534875008127,0.9948659501233322,38.55780125435755,NORMAL
U457,1577,304,1995,224,6.540983606557377,0.14195183776932827,0.05958904670060877,25.52195556882429,21.002506265664156,93.94304051343762,0.4924617034630531,0.01588967741086712,27.9930268819046,NORMAL
U458,1578,3127,1700,113,0.5434782608695652,0.07156428119062698,0.09843937526893087,13.381622306444992,20.952380952380945,37.32450862414761,0.04072800354181586,0.007958676799695898,14.721616111296917,NORMAL
U459,6,48,4639,1190,94.6734693877551,170.0,-0.08238534891252569,69.88751284943226,99.74937343358397,99.07741676694745,7.1306240043639235,19.15484476076771,59.891836354406465,WATCH
U460,895,4805,457,856,0.09508947149396588,0.9553571428571429,0.07610343631629601,20.361376470847357,55.18796992481203,3.670276774969916,0.006955240509019514,0.10754107554639253,17.603124278283307,NORMAL
U461,394,4780,1017,326,0.21271700481070907,0.8253164556962025,0.08355459611911231,18.03296467792385,80.30075187969925,4.171680705976721,0.015814977645558434,0.09288858838131564,23.63235584547732,NORMAL
U462,496,3536,595,233,0.1682216567712751,0.4688128772635815,0.10784057236871819,10.443843655332259,75.18796992481202,29.12154031287605,0.012463576181016425,0.05271912895033713,26.19890085546586,NORMAL
U463,1277,3912,1445,572,0.36928188090978786,0.4475743348982786,0.11738089791051842,7.462588778546377,36.04010025062656,21.580425190533493,0.027607485810440435,0.05032605124360832,14.459949196684445,NORMAL
U464,364,1255,2094,989,1.6671974522292994,2.7095890410958905,0.09694241436169226,13.849407392552315,81.80451127819549,74.86963497793823,0.12536683230924864,0.3052012151125594,37.57958781436356,NORMAL
U465,307,1897,493,242,0.25974710221285563,0.7857142857142857,0.10988548559144135,9.80482903354222,84.66165413533835,61.993582029683104,0.019357297107166414,0.08842636736389609,35.05295757418392,NORMAL
U466,1377,4836,2249,17,0.46495761835848665,0.012336719883889695,0.04649994146654468,29.612168071620488,31.02756892230576,3.0485359005214763,0.034813807835892,0.0012851417637595583,12.817320844647345,NORMAL
U467,553,927,2458,906,2.648706896551724,1.635379061371841,0.09092243836985109,15.730588774170439,72.33082706766918,81.44805455274769,0.1992943850558579,0.18416334393440834,36.80935409144652,NORMAL
U468,915,2762,31,474,0.011219688744118711,0.517467248908297,0.09556163281186908,14.280887608940148,54.18546365914787,44.64500601684718,0.0006381461357032293,0.05820131742237105,24.62638999364471,NORMAL
U469,1173,2363,713,687,0.30160744500846026,0.5851788756388415,0.1299486904144792,3.5352812114509162,41.2531328320802,52.647412755716005,0.02251022927497612,0.06583080449488928,21.388560118873862,NORMAL
U470,14,10,1674,886,152.1818181818182,59.06666666666667,-0.013452815318197198,48.3467959161482,99.3483709273183,99.83955074207782,11.4621681514286,6.655301130748425,55.92085947513679,WATCH
U471,977,2438,2517,7,1.031980319803198,0.007157464212678937,0.08001393516933963,19.13938527932854,51.077694235588964,51.143200962695545,0.07752210872087925,0.0007015630477139723,25.88845730497301,NORMAL
U472,58,916,2936,79,3.201744820065431,1.3389830508474576,0.04559728183514683,29.8942400424764,97.14285714285714,81.6686722823907,0.24094934874258955,0.1507665753168015,45.18643707204705,NORMAL
U473,1981,3004,2516,570,0.8372712146422628,0.2875882946518668,0.07098901876076824,21.959580034502626,0.7518796992481258,39.79141596470116,0.06285656706430648,0.03229943624732787,11.460749180130835,NORMAL
U474,1591,3563,1463,738,0.4104938271604938,0.4635678391959799,0.11064008552969512,9.569024213666346,20.300751879699252,28.58002406738869,0.03071158057780433,0.05212813812551354,12.24204353131578,NORMAL
U475,1338,525,2010,99,3.821292775665399,0.07393577296489919,0.07987729322339676,19.182084500223137,32.98245614035088,89.51062976333735,0.28761386575932524,0.008225887420796385,29.09819001234161,NORMAL
U476,426,48,896,797,18.285714285714285,1.8665105386416863,0.03641987835355737,32.762085459893626,78.6967418546366,99.07741676694745,1.3770779461294556,0.21020635461113826,44.779782075756714,NORMAL
U477,186,1108,2941,800,2.6519386834986474,4.278074866310161,0.07480377715044206,20.76750676581321,90.72681704260653,77.81789009225832,0.19953780410940494,0.4819321977327447,41.48258257466254,NORMAL
U478,1183,3165,1572,707,0.4965255843335439,0.5971283783783784,0.12260647625030613,5.82964859833329,40.751879699248114,36.56237464901725,0.03719151544046353,0.06717722875134849,18.394266607538295,NORMAL
U479,878,3463,2805,440,0.809757505773672,0.5005688282138794,0.09967391129497738,12.995842331527646,56.040100250626566,30.585639791415954,0.06078422718474294,0.056297268022596755,22.100170017668553,NORMAL
U480,1657,998,30,303,0.03003003003003003,0.18275030156815442,0.06427744038037131,24.056880141277958,16.992481203007515,80.02406738868832,0.0020549460510172575,0.02048669223921318,23.865052540029875,NORMAL
U481,898,4036,93,774,0.023036908595491703,0.8609566184649611,0.0766434134489995,20.192639098818297,55.037593984962406,19.093461692739666,0.0015282222821266067,0.09690438558241918,20.621904413019173,NORMAL
U482,1712,4675,943,527,0.20166809238665526,0.3076474022183304,0.08327423743260198,18.120573921208695,14.23558897243108,6.277577216205376,0.01498277061918001,0.03455961975279297,7.541428410147864,NORMAL
U483,1215,1990,1865,793,0.9367152184831743,0.6521381578947368,0.12412805096370799,5.354171947683546,39.147869674185465,60.12835940633774,0.07034671591800204,0.0733755202700606,22.64435809898646,NORMAL
U484,821,1819,1304,492,0.7164835164835165,0.5985401459854015,0.14054562531338843,0.22384663744849706,58.89724310776943,63.557962294424385,0.0537588054702378,0.06733630132466069,27.493020378010765,NORMAL
U485,237,3620,1617,60,0.44656172328086163,0.25210084033613445,0.095817098544974,14.201057160876948,88.17042606516291,27.436823104693143,0.033428224119363366,0.02830084565053268,29.672731894238318,NORMAL
U486,459,994,1690,605,1.6984924623115578,1.315217391304348,0.12707946051811075,4.4318864251503856,77.04260651629072,80.10429201764941,0.12772398080327968,0.1480887517138392,36.00043730433301,NORMAL
U487,1362,529,600,27,1.1320754716981132,0.019809244314013204,0.06979757385669516,22.331894471271763,31.779448621553886,89.43040513437626,0.08506130221941921,0.0021271172307732043,29.202311746093958,NORMAL
U488,1739,3643,2045,199,0.5611964873765093,0.11436781609195402,0.09238993051241118,15.272012377853184,12.88220551378445,26.975531488166872,0.0420625450811209,0.012781615369571415,10.918892411333182,NORMAL
U489,416,4454,969,940,0.2175084175084175,2.2541966426858515,0.07887067441560103,19.496642658291936,79.19799498746866,10.709987966305656,0.01617586812602156,0.2538893417408159,24.908120107164716,NORMAL
U490,722,3909,387,899,0.0989769820971867,1.2434301521438451,0.08569510229251986,17.36407822952102,63.859649122807014,21.640593662254314,0.007248048842994344,0.14000004022376708,22.920454765825085,NORMAL
U491,945,536,2791,206,5.197392923649907,0.21775898520084566,0.07202817176713056,21.634855269674553,52.68170426065163,89.29001203369434,0.39126209539502776,0.024431336786956866,34.37513698671976,NORMAL
U492,484,3354,1269,852,0.3782414307004471,1.756701030927835,0.11481893783845931,8.263175291605311,75.78947368421053,32.771760930605694,0.02828232148682262,0.19783343935278289,26.777942497189194,NORMAL
U493,1793,530,1711,944,3.2222222222222223,0.5261984392419174,0.06486586414756285,23.87300368780995,10.175438596491237,89.41034897713598,0.24249171212667783,0.05918511454842656,24.07638069293543,NORMAL
U494,1046,126,2443,344,19.236220472440944,0.32855778414517667,0.03923784716452222,31.881498814971422,47.61904761904761,97.51303650220618,1.4486703252570172,0.03691572159667802,36.55729896700261,NORMAL
U495,613,404,1097,717,2.708641975308642,1.1677524429967427,0.10707123993921797,10.684252229155861,69.3233082706767,91.93742478941034,0.20380871115002297,0.13147296545840548,37.39162298253089,NORMAL
U496,750,4177,283,990,0.06773575873623744,1.3182423435419441,0.06023720456886944,25.31941281520305,62.456140350877185,16.265543521861215,0.004894951579137064,0.14842959176016635,22.688543891030804,NORMAL
U497,1373,4443,1399,495,0.3148064806480648,0.36026200873362446,0.11002609872638847,9.760888856399987,31.228070175438592,10.930605695948659,0.02350438415458083,0.04048803234036101,11.469221312399076,NORMAL
U498,636,175,1577,11,8.960227272727273,0.01726844583987441,0.04826520196175227,29.060542088096447,68.1704260651629,96.53028479743281,0.6746797807034016,0.0018408297784061587,40.87669085863436,NORMAL
U499,1354,738,2858,102,3.8673883626522327,0.07527675276752767,0.06851728822605546,22.731970733166623,32.18045112781955,85.23866827115924,0.2910857976475686,0.00837698389510464,28.576670043157886,NORMAL
U500,1478,788,223,691,0.2826362484157161,0.4672075726842461,0.09422543752774776,14.698435069943594,25.964912280701757,84.23586040914562,0.021081313695111698,0.05253824937135091,25.55631647832558,NORMAL
U501,1141,1586,2458,588,1.5488342785129174,0.5148861646234676,0.12572310763878758,4.855732930011033,42.85714285714286,68.23104693140793,0.11645168654188971,0.057910490718966756,25.126654535312277,NORMAL
U502,918,3127,1705,463,0.545076726342711,0.5038084874863983,0.12995386789170355,3.5336633023809503,54.03508771929825,37.32450862414761,0.0408484003869641,0.056662300436267854,21.52243459517341,NORMAL
U503,621,2730,723,936,0.264738191138777,1.504823151125402,0.1074823901166172,10.555771972785957,68.92230576441104,45.286803048535894,0.019733227254317257,0.16945280340301788,27.901654074051862,NORMAL
U504,1981,4347,2053,865,0.4721711131554738,0.4364278506559031,0.05165112582070852,28.002475256654314,0.7518796992481258,12.855996791014846,0.03535713018513317,0.0490701080395017,6.975740370265356,NORMAL
U505,31,2858,1778,973,0.6218957677509619,30.40625,0.01292136975639091,40.10513083560502,98.49624060150376,42.71961492178099,0.04663443104464452,3.4259550197550497,39.70930462079731,NORMAL
U506,1979,927,2251,166,2.425646551724138,0.08383838383838384,0.056253278225975145,26.564349351851696,0.8521303258145374,81.44805455274769,0.18249342047695652,0.009341675732072448,20.53432050125998,NORMAL
U507,900,99,1719,122,17.19,0.13540510543840178,0.030118736228545218,34.731128403680714,54.93734335839599,98.05455274769355,1.2945484543136372,0.015152016656019103,38.88082556576663,NORMAL
U508,172,3051,115,887,0.03768020969855832,5.127167630057803,0.058929118789179,25.72817634144437,91.42857142857143,38.84877657440834,0.002631159621082893,0.5776047221894512,34.57342312147487,NORMAL
U509,457,1905,2004,317,1.0514165792235046,0.6921397379912664,0.12721071715160076,4.39087005972469,77.14285714285715,61.83313277176092,0.0789860529567734,0.07788274529127108,32.34240027405806,NORMAL
U510,664,1935,2066,774,1.0671487603305785,1.1639097744360902,0.12477518078059774,5.151950449678766,66.76691729323308,61.23144805455274,0.0801710050276272,0.13103998826492969,29.750510251167277,NORMAL
U511,1126,2280,1449,553,0.6352476983779044,0.4906832298136646,0.1327891528653164,2.6476655324279093,43.609022556390975,54.312073806658645,0.04764010201541524,0.055183396611728365,22.182007765289274,NORMAL
U512,1423,725,1297,840,1.7865013774104683,0.5898876404494382,0.11047347660533513,9.62108781108637,28.721804511278194,85.49939831528279,0.13435283572748075,0.06636137010060038,25.767036376986024,NORMAL
U513,1743,3399,1117,318,0.3285294117647059,0.1823394495412844,0.10274315301099457,12.03673545474236,12.681704260651628,31.86923385479342,0.02453799898104225,0.020440399004519577,11.358983713928884,NORMAL
U514,140,260,2440,7,9.348659003831418,0.04964539007092199,0.03930663424925235,31.860003549331577,93.0325814536341,94.82551143200962,0.7039365621391444,0.00548893999796157,47.17905566374466,NORMAL
U515,488,217,909,390,4.169724770642202,0.7975460122699386,0.08777007285742683,16.71567099344585,75.58897243107769,95.68792619334135,0.31385785641703734,0.08975952105050222,40.634107387716405,NORMAL
U516,1367,31,419,895,13.09375,0.6542397660818714,0.018488319147099364,38.365515667636856,31.52882205513784,99.41837144003209,0.9860178133809347,0.07361232144098873,33.77825345349779,NORMAL
U517,18,34,4710,1598,134.57142857142858,84.10526315789474,-0.06414011237067241,64.18606165888428,99.14786967418546,99.35820296831128,10.13574891589168,9.476554399467355,58.24193764993428,WATCH
U518,1000,2144,2966,537,1.3827505827505828,0.5364635364635365,0.1010588195689518,12.563072555737767,49.92481203007518,57.03971119133574,0.10394221834487413,0.06034174643473682,25.808642945698036,NORMAL
U519,1354,1276,2179,147,1.706342991386061,0.10848708487084871,0.11239967875490825,9.019169194480472,32.18045112781955,74.4484556758925,0.12831528474396134,0.012118997072023735,24.321575967052258,NORMAL
U520,1620,759,694,904,0.9131578947368421,0.5576804441702653,0.0913595367190429,15.593999977545659,18.847117794486213,84.81748896911353,0.06857237201953026,0.06273238643089982,24.040930190045625,NORMAL
U521,1786,3712,2366,695,0.637220576353353,0.3889199776161164,0.08686044154237044,16.999921544667323,10.526315789473683,25.591656638588045,0.04778869970995224,0.04371710264439745,10.318403247110275,NORMAL
U522,317,316,1999,914,6.305993690851735,2.8742138364779874,0.08834004633975401,16.537560066687483,84.16040100250626,93.70236662655435,0.4747622004284767,0.32375050729220045,42.42846071214151,NORMAL
U523,1776,671,558,352,0.8303571428571429,0.19808666291502533,0.09501431277689193,14.451919563383326,11.027568922305765,86.58243080625752,0.06233579733606289,0.02221473476728669,22.26008248588455,NORMAL
U524,341,2930,1092,643,0.3725690890481064,1.8801169590643274,0.12227003248426521,5.934783859586066,82.95739348370927,41.275571600481356,0.02785507920288343,0.211739474013673,29.92340496086427,NORMAL
U525,953,764,44,445,0.05751633986928104,0.46645702306079667,0.08459966568175387,17.70639104932441,52.28070175438597,84.71720818291215,0.004125222228393871,0.05245368031097109,32.67847509018133,NORMAL
U526,122,362,912,332,2.512396694214876,2.6991869918699187,0.08260777489677557,18.328836697612097,93.93483709273183,92.7797833935018,0.18902746431306774,0.30402915199830177,44.88185269540315,NORMAL
U527,1870,168,1987,957,11.757396449704142,0.5114911811865313,0.01564465463860798,39.25413195716896,6.315789473684208,96.67067789811472,0.8853633080686436,0.05752795697263401,27.0311727621824,NORMAL
U528,53,413,2862,516,6.913043478260869,9.555555555555555,0.04578560988534258,29.835389438729,97.39348370927318,91.75691937424789,0.5204853520885074,1.0765785330555246,47.466671335957685,NORMAL
U529,761,1397,2589,956,1.851931330472103,1.2545931758530184,0.09297737572949255,15.08844171136019,61.904761904761905,72.0216606498195,0.13928103721769808,0.14125784703172156,32.19979779921759,NORMAL
U530,181,1722,617,617,0.3580963435867673,3.39010989010989,0.10646689808704562,10.873102922577234,90.97744360902256,65.50340954673084,0.026764988160285243,0.3818797010806025,37.53998145219055,NORMAL
U531,449,1283,2923,512,2.276479750778816,1.1377777777777778,0.09663895388900984,13.944235709482633,77.54385964912281,74.30806257521058,0.1712581373029459,0.12809553484813196,36.401241648298175,NORMAL
U532,1793,2635,2392,418,0.9074355083459787,0.2329988851727982,0.09601815870829072,14.138227901037851,10.175438596491237,47.192137986361814,0.06814136035255738,0.026148510416312793,14.123979048201438,NORMAL
U533,961,1807,304,938,0.168141592920354,0.975051975051975,0.09850719100458272,13.36043057753081,51.8796992481203,63.798636181307664,0.012457545750442061,0.10976021389649962,27.753295053443313,NORMAL
U534,784,1404,195,246,0.1387900355871886,0.31337579617834393,0.10425350945279027,11.564764400079715,60.75187969924812,71.88126754913759,0.010246778635062272,0.035205073270519485,31.30678055030085,NORMAL
U535,666,3724,539,552,0.14469798657718122,0.8275862068965517,0.10988390657160135,9.805322461211736,66.66666666666667,25.350982751704777,0.010691767077062006,0.09314433526375002,23.224306178248213,NORMAL
U536,50,2968,2924,794,0.9848433816099696,15.568627450980392,0.021741877778325813,37.34881162606572,97.54385964912281,40.51343762535098,0.07397174198243263,1.754108471522822,38.37258338748479,NORMAL
U537,1573,2157,2809,478,1.3016682113067655,0.3036848792884371,0.09676293225149302,13.90549372985631,21.20300751879699,56.77898114721219,0.0978350725334846,0.0341131378274881,18.77194790742763,NORMAL
U538,1652,3379,949,526,0.28076923076923077,0.31820931639443434,0.10853673463292124,10.226300015327915,17.24310776942356,32.27035699959887,0.02094068942874544,0.03574969583807599,12.30939097130775,NORMAL
U539,363,11,384,293,32.0,0.804945054945055,0.0002660074886118302,44.05980306487039,81.85463659147871,99.81949458483754,2.4100415985829855,0.09059321687446248,47.652627906744655,NORMAL
U540,866,4015,562,318,0.1399402390438247,0.36678200692041524,0.10587806499461183,11.057107286027907,56.64160401002507,19.514640994785417,0.010333412265743733,0.041222680794117963,19.73066204955309,NORMAL
U541,1555,4486,1656,14,0.36906619121907736,0.008997429305912597,0.06369200716960355,24.239822076224183,22.10526315789474,10.068190934616927,0.027591240005492616,0.000908883275724068,11.182961430323429,NORMAL
U542,533,2288,2018,84,0.8816076889471385,0.15730337078651685,0.11237287628787024,9.027544693326593,73.33333333333334,54.15162454873646,0.06619600211684953,0.017619429424713545,30.536981862022532,NORMAL
U543,159,3824,847,145,0.22143790849673203,0.90625,0.08653278660701413,17.10231038555688,92.08020050125313,23.3453670276775,0.01647183843378206,0.10200787054619619,30.27388922887269,NORMAL
U544,920,3938,2050,28,0.5204366590505204,0.03040173724212812,0.09448996055523567,14.615774309336915,53.93483709273183,21.058965102286397,0.03899250395625687,0.0033206388128553237,19.898114661851768,NORMAL
U545,95,1262,270,449,0.21377672209026127,4.677083333333333,0.07569571094674082,20.488786509535238,95.28822055137844,74.72924187725631,0.015894795833283234,0.5268909454097572,41.92422883049595,NORMAL
U546,1477,4565,310,919,0.06789312308366185,0.621786197564276,0.06600931101170737,23.515688151234123,26.015037593984957,8.483754512635366,0.00490680430369509,0.06995557748994752,11.739583561407846,NORMAL
U547,1356,3476,639,270,0.18377911993097498,0.19896831245394253,0.10412693092845215,11.604318903888416,32.08020050125313,30.324909747292427,0.013635368449542296,0.022314075664625167,15.832435863817109,NORMAL
U548,621,2003,1638,778,0.8173652694610778,1.2508038585209003,0.13130814040877814,3.1104668896027885,68.92230576441104,59.86762936221419,0.061357245971814,0.14083088125058454,29.707136290666558,NORMAL
U549,15,38,3064,1705,78.56410256410257,106.5625,-0.02816752113459431,52.9449920975466,99.29824561403508,99.27797833935018,5.9172622048835395,12.006949937786805,55.90226392789971,WATCH
U550,1329,2370,585,886,0.2467313369886124,0.6661654135338346,0.10968412963166524,9.867750726771897,33.43358395989975,52.50701965503409,0.01837694620405617,0.07495605777490137,20.355800175214792,NORMAL
U551,1337,3202,1966,687,0.6137995629097721,0.5134529147982063,0.11940945593717511,6.82868498948634,33.03258145363408,35.82029683112715,0.04602462273978649,0.057748997611482646,16.46667598338357,NORMAL
U552,1257,2222,2362,497,1.0625281151596941,0.39507154213036566,0.12224395477020661,5.942932880483939,37.04260651629072,55.47533092659446,0.07982297680276408,0.044410237401357223,21.273775026275054,NORMAL
U553,1685,1589,1857,156,1.1679245283018869,0.09252669039145907,0.10514481008327775,11.286242001689763,15.588972431077696,68.17087845968712,0.08776146271030599,0.010320640877785907,19.247843561769557,NORMAL
U554,1420,1752,1935,620,1.1038220193953223,0.4363124560168895,0.12742862816367495,4.3227750807216,28.872180451127814,64.90172482952265,0.08293324466737977,0.04905710581301413,20.87489821783352,NORMAL
U555,1304,966,1949,882,2.015511892450879,0.6758620689655173,0.10788011250037266,10.431487765608459,34.68671679197997,80.66586442037705,0.15160196871148957,0.07604863981486755,26.418883035061775,NORMAL
U556,363,978,2568,293,2.623084780388151,0.804945054945055,0.10182460264378784,12.32377311921306,81.85463659147871,80.42519053349379,0.1973645204426142,0.09059321687446248,38.46019333509222,NORMAL
U557,1073,291,2854,1,9.773972602739725,0.000931098696461825,0.013036635979064348,40.0691113112221,46.265664160401,94.20377055756117,0.7359712956804502,0.0,36.60152967221592,NORMAL
U558,13,21,4474,1576,203.36363636363637,112.57142857142857,-0.07631386477578639,67.99023569545301,99.3984962406015,99.61893301243482,15.31719632786739,12.684013022356286,60.70384705227558,WATCH
U559,1810,1018,2748,206,2.6967615309126596,0.11374930977360574,0.06028913495639393,25.303185096307878,9.323308270676689,79.62294424388287,0.20291387291406135,0.012711924443685262,22.103528937786997,NORMAL
U560,1065,4595,285,693,0.06201044386422976,0.650093808630394,0.08619018542313017,17.20936977737444,46.666666666666664,7.8820697954272045,0.004463719338184471,0.07314517081551146,15.836573797815145,NORMAL
U561,271,1249,1284,811,1.0272,2.9816176470588234,0.11852314308730799,7.10564875706924,86.46616541353383,74.98997192137986,0.07716205376018495,0.33585235780048306,37.75005141832993,NORMAL
U562,155,4075,226,306,0.05544651619234544,1.9615384615384615,0.05862571334829397,25.822987461496695,92.28070175438596,18.311271560369036,0.003969322557801836,0.2209137374385272,30.640007261150032,NORMAL
U563,1850,1218,1256,184,1.0303527481542247,0.09940572663425176,0.0961761208348107,14.08886634015905,7.318295739348368,75.61171279582832,0.077399519590816,0.011095744366210827,19.08626068657925,NORMAL
U564,524,3259,928,428,0.2846625766871166,0.8152380952380952,0.12644758234243142,4.629341940114198,73.7844611528822,34.67709586843161,0.021233937280174926,0.09175299727916564,26.09500718683592,NORMAL
U565,9,34,2444,1657,69.82857142857142,165.7,-0.042789856822872285,57.51432355166523,99.59899749373433,99.35820296831128,5.259299673267305,18.67033721020506,57.51391399969321,WATCH
U566,1691,4413,1369,946,0.3101495242410512,0.5591016548463357,0.07486866125953084,20.747231140437606,15.28822055137844,11.532290413156844,0.023153620957741875,0.06289252301310826,9.255820175233021,NORMAL
U567,775,901,384,8,0.42572062084257206,0.010309278350515464,0.07626562561638489,20.31069396114327,61.203007518796994,81.96951464099479,0.031858466733210286,0.0010566974076562734,34.74938202336415,NORMAL
U568,1394,138,1024,776,7.366906474820144,0.5562724014336917,0.06523483606999358,23.757703707916797,30.175438596491233,97.2723626153229,0.554670433864295,0.06257373356174056,30.71004139687524,NORMAL
U569,698,4622,1528,86,0.33052130651092365,0.12303290414878398,0.08902098658790009,16.32477315216442,65.062656641604,7.340553549939832,0.02468802902381821,0.013757964343949164,20.190726545121173,NORMAL
U570,1228,3883,2368,119,0.6096807415036045,0.096826688364524,0.09462256306303746,14.574337371852335,38.496240601503764,22.16205375050141,0.04571439201452992,0.010805148199961263,16.255670876487702,NORMAL
U571,1271,2484,2003,414,0.8060362173038229,0.32547169811320753,0.13066201342477268,3.312375012512161,36.34085213032582,50.220617729643,0.06050393874612273,0.03656799322826523,19.64680401405765,NORMAL
U572,143,4059,312,744,0.07684729064039408,5.166666666666667,0.05666602172992752,26.43537119710966,92.88220551378447,18.632170076213395,0.005581234588784476,0.5820553225329268,31.000994680282382,NORMAL
U573,1934,4693,996,840,0.2121857690668939,0.43410852713178294,0.057425411255813796,26.198069679723346,3.1077694235588926,5.916566385880461,0.015774964827853056,0.04880877553726128,5.901231142561869,NORMAL
U574,22,38,3256,1866,83.48717948717949,81.1304347826087,-0.04229003498867134,57.358134302754706,98.94736842105263,99.27797833935018,6.288069669866858,9.14136211819896,56.139379653742964,WATCH
U575,1054,3134,1337,69,0.42647527910685806,0.06540284360189573,0.10890538233650682,10.11110135053235,47.21804511278196,37.1841155234657,0.031915307794660466,0.007264429582472457,20.767068076854517,NORMAL
U576,390,3683,1019,704,0.2766015200868621,1.8005115089514065,0.11397178041274247,8.52790338665385,80.50125313283208,26.17328519855594,0.020626776350184985,0.2027698364216618,26.674728000468082,NORMAL
U577,604,3242,1122,688,0.3459759481961147,1.1371900826446282,0.1228466574551631,5.754594410176411,69.77443609022555,35.018050541516246,0.02585207675150018,0.12802931560872732,25.33607570891528,NORMAL
U578,810,2642,2646,159,1.0011350737797957,0.1960542540073983,0.11078479267387809,9.523804700201,59.448621553884706,47.0517448856799,0.07519883657554456,0.02198573070645504,25.72317263938716,NORMAL
U579,518,1357,503,644,0.3703976435935199,1.2408477842003853,0.11801671713688905,7.263901725251759,74.08521303258145,72.8239069394304,0.027691525352934333,0.1397090688826189,34.203549146489834,NORMAL
U580,1667,4124,2454,279,0.5949090909090909,0.1672661870503597,0.084466625921095,17.747964623887764,16.491228070175435,17.32851985559567,0.044601787357695204,0.01874200144906243,10.264667429302941,NORMAL
U581,880,1398,1364,641,0.9749821300929236,0.7275822928490352,0.1353655105174828,1.842579921752156,55.93984962406016,72.00160449257922,0.07322898989187351,0.08187627678890358,28.692258981785013,NORMAL
U582,1397,831,464,601,0.5576923076923077,0.42989985693848354,0.11647405524723509,7.7459679043996434,30.025062656641598,83.37344564781388,0.04179860933405711,0.04833455867994,25.360549815518624,NORMAL
U583,754,3736,720,143,0.19266791544019266,0.18940397350993377,0.10865636065377593,10.188918098274774,62.255639097744364,25.110308864821494,0.014304874894602694,0.021236402540319905,22.121070941246305,NORMAL
U584,946,3996,2885,605,0.7217913435076307,0.6388595564941922,0.08840197128466049,16.51820915007691,52.63157894736843,19.895707982350586,0.054158592415299724,0.07187933826088024,19.639089254666718,NORMAL
U585,1526,1450,314,736,0.2164024810475534,0.4819908316961362,0.1058107401965378,11.078145601933107,23.55889724310777,70.95868431608503,0.01609256869725104,0.05420397044418441,21.755336752024853,NORMAL
U586,1550,3348,2924,968,0.8730964467005076,0.624113475177305,0.06571014687117399,23.609173907984967,22.355889724310774,32.89209787404733,0.06555493308407895,0.07021780622849821,15.735689496290199,NORMAL
U587,1675,2899,971,942,0.33482758620689657,0.5620525059665871,0.10097885850999638,12.588059574882902,16.090225563909787,41.897312474929805,0.025012379157387698,0.06322501362900315,14.305964669029539,NORMAL
U588,1830,1036,2142,794,2.0655737704918034,0.4336428181321682,0.08467747183282864,17.682077417014977,8.320802005012528,79.26193341355795,0.15537264269824846,0.04875630122873144,20.631055402375843,NORMAL
U589,357,2873,1483,454,0.5160055671537926,1.2681564245810055,0.12755447054035973,4.28345061558107,82.15538847117794,42.4187725631769,0.03865875293448596,0.14278610201285388,29.696201826302577,NORMAL
U590,1977,1187,674,12,0.5673400673400674,0.006066734074823054,0.0445139790641122,30.232761160548566,0.952380952380949,76.23345367027677,0.04252528116016341,0.0005786637483145742,20.030418266085167,NORMAL
U591,27,4,1615,694,323.0,24.785714285714285,-0.06259115371074453,63.7020278029517,98.6967418546366,99.95988768551946,24.328239099081326,2.79265455655076,60.722425129458735,WATCH
U592,72,953,2400,326,2.5157232704402515,4.465753424657534,0.07620822920823139,20.328629755993024,96.44110275689222,80.9265944645006,0.18927802292031257,0.503079099732283,43.467670416212044,NORMAL
U593,1867,2555,2421,891,0.9471830985915493,0.47698072805139186,0.07353891078719382,21.162764663187296,6.466165413533831,48.796630565583634,0.07113515943562025,0.05363945113139834,14.576111873506894,NORMAL
U594,456,1014,30,407,0.029556650246305417,0.8905908096280087,0.07951313785257819,19.29587935663595,77.19298245614034,79.70316887284396,0.0020192909596343732,0.10024345287853859,38.14880263277096,NORMAL
U595,648,1024,345,815,0.33658536585365856,1.2557781201848999,0.1011501907202802,12.534519998563292,67.56892230576442,79.50260730044124,0.025144775588522017,0.14139136202609204,34.70042493451489,NORMAL
U596,1170,724,60,783,0.08275862068965517,0.6686592655849701,0.08727087525619237,16.871665175891664,41.40350877192982,85.51945447252307,0.006026477542428239,0.07523705548391563,29.998310041579014,NORMAL
U597,353,4894,150,470,0.030643513789581207,1.3276836158192091,0.054434617700371224,27.13266230274829,82.35588972431079,1.885278780585642,0.002101153811172553,0.14949339820324836,25.058876830790343,NORMAL
U598,816,973,382,564,0.3921971252566735,0.6903304773561811,0.11651077437624213,7.734493549363858,59.14786967418546,80.52547131969514,0.029333468117544274,0.07767888472414676,32.07122091462798,NORMAL
U599,523,3620,1702,751,0.4700359016846175,1.433206106870229,0.11748109184936567,7.431279189842721,73.8345864661654,27.436823104693143,0.03519630548848864,0.16138326882380616,25.09370968265208,NORMAL
U600,1209,115,1453,670,12.525862068965518,0.5537190082644629,0.059849919666151774,25.440435415519342,39.44862155388471,97.73365423184917,0.943244343172814,0.062286026987311144,33.47010553701021,NORMAL
U601,1711,4107,2646,644,0.6441090555014606,0.37616822429906543,0.07839640891883987,19.64484581120486,14.28571428571429,17.669474528680308,0.048307541793960095,0.042280283861833856,10.070469276873128,NORMAL
U602,119,3426,359,459,0.10475634665888532,3.825,0.07794596403258047,19.785605265166918,94.08521303258145,31.32771760930606,0.007683352120969229,0.4308814550124112,32.82124062606371,NORMAL
U603,5,17,4769,970,264.94444444444446,161.66666666666666,-0.11196743403480902,79.13161412772686,99.79949874686717,99.69915764139591,19.955479193006344,18.215876639522268,64.48069962833493,WATCH
U604,17,23,3591,1969,149.625,109.38888888888889,-0.06283880108249396,63.77941509246465,99.19799498746868,99.57882069795427,11.269587925030125,12.325416625575883,58.94838462542163,WATCH
U605,1991,454,2355,952,5.175824175824176,0.4779116465863454,0.025324433698195703,36.2292992718306,0.25062656641604564,90.9346169273967,0.38963753156450265,0.053744343470734084,23.78944595226968,NORMAL
U606,65,1485,1808,822,1.2166890982503364,12.454545454545455,0.07413293295118079,20.977138767556603,96.79197994987469,70.25671881267549,0.09143442310603447,1.4032256249312107,41.62925201465345,NORMAL
U607,1438,1718,1395,559,0.8115183246073299,0.38846421125781794,0.12822529484585204,4.073824830438514,27.969924812030065,65.58363417569193,0.06091685252824366,0.04366574863465605,20.742060838138936,NORMAL
U608,920,1310,2783,220,2.1228070175438596,0.23887079261672095,0.09725320622358052,13.752288090924699,53.93483709273183,73.76654632972323,0.1596834661088388,0.026810134484402462,30.34380413946618,NORMAL
U609,1958,3107,530,783,0.17052767052767054,0.3996937212863706,0.06620826851899242,23.453515950058403,1.904761904761909,37.72563176895307,0.012637265751296636,0.04493104686673807,11.549243195957686,NORMAL
U610,39,2435,1666,637,0.6839080459770115,15.925,0.05611464802816535,26.60766988126963,98.09523809523809,51.203369434416366,0.05130521235603425,1.7942631670607885,39.037599671031366,NORMAL
U611,711,2641,2209,720,0.836109008327025,1.0112359550561798,0.12380992528943885,5.453582991226061,64.41102756892231,47.07180104292018,0.06276902937511845,0.11383728634334729,26.367922399793805,NORMAL
U612,1102,3235,868,293,0.26823238566131025,0.2656391659111514,0.12673690295912232,4.538932184630981,44.81203007518797,35.15844364219816,0.019996410916344895,0.029826292386130607,18.92500912151828,NORMAL
U613,1633,4155,2721,531,0.654716073147257,0.32496940024479803,0.0828487003349328,18.25354994410447,18.19548872180451,16.70677898114721,0.04910646518795266,0.03651139622596851,10.646013794027123,NORMAL
U614,1665,3283,2914,146,0.8873325213154689,0.08763505402160865,0.07574192708287508,20.47434443618745,16.591478696741856,34.19574809466507,0.06662719801549666,0.00976947000434419,14.076293178551122,NORMAL
U615,944,3050,1472,242,0.48246476565060636,0.2560846560846561,0.12770932933412732,4.235058814681823,52.73182957393484,38.86883273164862,0.03613245083252084,0.02874972676918596,21.605328333739216,NORMAL
U616,9,12,4632,1964,356.3076923076923,196.4,-0.14266062482919561,88.72292464841776,99.59899749373433,99.79943842759728,26.83698335435909,22.12949576887326,68.19674596013647,WATCH
U617,1279,4778,640,661,0.1339192299644277,0.51640625,0.09041040574675102,15.890593770645905,35.93984962406015,4.211793020457277,0.009879908258339896,0.058081768124182996,12.22209231798659,NORMAL
U618,1,36,4604,1775,124.43243243243244,887.5,-0.1787484383372766,100.0,100.0,99.31809065383072,9.372077026437013,100.0,77.2066373873754,SUSPICIOUS
U619,448,997,1556,650,1.559118236472946,1.447661469933185,0.1283497397786862,4.034937052314217,77.59398496240601,80.0441235459286,0.11722627699431143,0.16301204383546347,36.06631988345825,NORMAL
U620,998,2647,1110,509,0.41918429003021146,0.5095095095095095,0.14000329818104051,0.3933183605088455,50.025062656641616,46.951464099478535,0.0313661485556367,0.057304669788854214,21.971993475739673,NORMAL
U621,470,779,1353,803,1.7346153846153847,1.7048832271762209,0.1162561045054985,7.814075298518889,76.49122807017544,84.41636582430806,0.13044476893163168,0.19199480745249672,37.23960189053408,NORMAL
U622,292,3739,1587,374,0.424331550802139,1.2764505119453924,0.1141482745450147,8.472750762117585,85.41353383458646,25.050140393100694,0.03175384160782115,0.14372064804845194,27.663820709193615,NORMAL
U623,666,4018,2516,999,0.6260263747200796,1.497751124437781,0.06643761436334034,23.381847702058156,66.66666666666667,19.45447252306458,0.046945549461641284,0.1686559544895451,24.10187310712715,NORMAL
U624,1333,4805,2359,531,0.4908447773616313,0.3980509745127436,0.07258450640572317,21.461006343119347,33.2330827067669,3.670276774969916,0.03676363554639965,0.044745948444532335,12.27737978430689,NORMAL
U625,1633,1251,1135,554,0.9065495207667732,0.3390452876376989,0.11481114556481031,8.26561029801212,18.19548872180451,74.94985960689931,0.06807462753213121,0.03809741337078945,20.801418915421458,NORMAL
U626,317,1200,2678,36,2.2298084929225643,0.11320754716981132,0.07944119457105847,19.318360901730287,84.16040100250626,75.97272362615323,0.16774284573150255,0.012650880705975757,39.17623245465552,NORMAL
U627,773,4458,1932,73,0.43328100470957615,0.09431524547803617,0.09611674489026156,14.107420720035845,61.303258145363415,10.629763337344567,0.032427916859590275,0.01052216842291238,19.577565616293477,NORMAL
U628,677,1924,1103,425,0.5729870129870129,0.6268436578171092,0.1404979489962757,0.2387450025280466,66.11528822055138,61.45206578419575,0.04295061061021266,0.07052543276417268,28.876363429923384,NORMAL
U629,1028,717,1814,561,2.5264623955431755,0.5451895043731778,0.12371119386411794,5.484435559300425,48.521303258145366,85.65984757320497,0.19008689668315945,0.06132495511803648,30.141681130510896,NORMAL
U630,857,3723,965,517,0.2591299677765843,0.6025641025641025,0.12693248359116271,4.477815222686592,57.09273182957393,25.371038908945042,0.019310814377068292,0.06778970535850183,20.03405918198352,NORMAL
U631,457,3620,169,149,0.04667219000276167,0.32532751091703055,0.0813538535758716,18.720674380369548,77.14285714285715,27.436823104693143,0.003308437972382275,0.036551746766580996,27.587489935216432,NORMAL
U632,805,1745,1595,67,0.913516609392898,0.08312655086848635,0.11293489399293344,8.851919866194802,59.69924812030075,65.04211793020458,0.06859939050295898,0.009261469116106223,29.27956266403848,NORMAL
U633,4,13,4718,1751,337.0,350.2,-0.15872224136651458,93.7420167560348,99.84962406015038,99.779382270357,25.382722827627635,39.45909141457908,71.24412940160799,SUSPICIOUS
U634,371,2784,1205,770,0.4326750448833034,2.0698924731182795,0.1243795273273921,5.275588137063582,81.45363408521304,44.20377055756117,0.032382275804093315,0.23312265296042822,30.03856482027012,NORMAL
U635,643,1242,2411,471,1.9396621078037006,0.7313664596273292,0.12344086837091506,5.5689095315353985,67.81954887218046,75.13036502206177,0.14588894273119016,0.08230266222533887,32.86511428720438,NORMAL
U636,1851,4221,671,812,0.15892941733775462,0.43844492440604754,0.07299474895572683,21.332809711096175,7.2681704260651685,15.383072603289206,0.011763682232130441,0.04929738419345209,8.10391411202561,NORMAL
U637,1495,3629,2510,845,0.6914600550964187,0.5648395721925134,0.09233778359873662,15.288307758972039,25.112781954887218,27.256317689530686,0.051874031694194835,0.0635390495895565,14.045204555835731,NORMAL
U638,1530,2344,1026,311,0.4375266524520256,0.20313520574787722,0.12086759893638754,6.373030105551115,23.358395989974934,53.02847974328119,0.03274770017827258,0.022783585260741493,17.412853924816318,NORMAL
U639,237,2675,2503,670,0.9353512705530643,2.8151260504201683,0.10329938486820167,11.862918646326676,88.17042606516291,46.38989169675091,0.07024398299665309,0.3170927215966089,33.16514755657857,NORMAL
U640,662,2112,2969,12,1.4051112162801704,0.01809954751131222,0.06770821704338653,22.984797263920782,66.8671679197995,57.681508223024466,0.10562642721751252,0.001934475135405427,31.727509992217577,NORMAL
U641,686,1941,2572,656,1.3244078269824924,0.9548762736535662,0.11732668491754311,7.479529788471527,65.6641604010025,61.11111111111111,0.0995478264423025,0.10748689304407487,29.801201781310763,NORMAL
U642,1595,246,357,627,1.4453441295546559,0.39285714285714285,0.07677882528766422,20.150324273959857,20.100250626566417,95.10629763337344,0.10865678096036678,0.04416072736232539,27.102659128754716,NORMAL
U643,16,16,3602,872,211.88235294117646,51.294117647058826,-0.037324138346008895,55.80634201655998,99.24812030075188,99.71921379863619,15.958828329232658,5.779520040720915,57.98345922581551,WATCH
U644,1925,373,2378,633,6.358288770053476,0.32866043613707163,0.05225257833156771,27.81452745306021,3.5588972431077837,92.5591656638588,0.47870107972142506,0.03692728803043462,23.698950924642663,NORMAL
U645,315,158,1117,966,7.0251572327044025,3.0569620253164556,0.06434435238838493,24.03597081807592,84.26065162907268,96.87123947051745,0.5289297899318605,0.34434187411636,44.22869015268347,NORMAL
U646,435,4561,1776,800,0.38930293730819815,1.834862385321101,0.08899599769110222,16.33258192872217,78.24561403508771,8.563979141596468,0.029115477110471265,0.20664036176342016,23.762361549941676,NORMAL
U647,1214,1022,2841,460,2.777126099706745,0.3786008230452675,0.10117699334004066,12.526144451992957,39.197994987468675,79.54271961492178,0.20896695363870452,0.0425543797827697,27.645589233027565,NORMAL
U648,1603,1533,2795,509,1.8220338983050848,0.31733167082294267,0.0951757459041449,14.40147335001366,19.69924812030075,69.2940232651424,0.13702915466445253,0.03565080609247004,20.983442595185696,NORMAL
U649,1707,4586,1696,114,0.3697405711794201,0.06674473067915691,0.07444237887924943,20.880440056583467,14.486215538847125,8.062575210589662,0.027642034483709697,0.007415628285015592,8.374157788180913,NORMAL
U650,778,1611,2418,341,1.5,0.43774069319640563,0.12152039300749823,6.169038585606775,61.05263157894737,67.72964300040113,0.11277347567852039,0.049218034114751306,29.770018356694926,NORMAL
U651,799,2506,1876,835,0.7483047467092142,1.04375,0.11885452636521754,7.002094846982571,60.0,49.779382270357,0.056155589005618116,0.1175008445467459,26.037854705052204,NORMAL
U652,1233,1735,1699,196,0.9786866359447005,0.15883306320907617,0.12640635480628948,4.642225126609513,38.24561403508772,65.24267950260729,0.0735080142592309,0.017791789315124814,23.32731895024689,NORMAL
U653,1519,4416,271,419,0.06135386008603124,0.2756578947368421,0.07364704372581415,21.128974217652644,23.90977443609024,11.47212194143602,0.004414265273146057,0.03095516442405777,11.446960970939557,NORMAL
U654,23,9,1801,1441,180.1,60.041666666666664,-0.03809006481354771,56.04568626184856,98.89724310776943,99.85960689931808,13.56497304127647,6.765160400934142,57.5091024165425,WATCH
U655,1154,253,499,12,1.9645669291338583,0.01038961038961039,0.05822241484175822,25.949014150433275,42.20551378446116,94.96590453269154,0.14776478050654762,0.0010657489145152468,33.47401253268241,NORMAL
U656,1292,570,51,678,0.0893169877408056,0.5243619489559165,0.07916823036778958,19.40365944407225,35.288220551378444,88.60810268752508,0.006520455495376267,0.05897818584840274,29.464701433711568,NORMAL
U657,623,1836,1703,462,0.9270549809471965,0.7403846153846154,0.1382630801418115,0.9371188307749082,68.8220551378446,63.21700762133975,0.06961910425403198,0.08331879351756101,30.01938572843648,NORMAL
U658,163,3148,957,526,0.30390600190536676,3.207317073170732,0.10682010325990965,10.762729891856923,91.87969924812029,36.90332932210188,0.02268335719261368,0.3612833057327798,32.02486349538706,NORMAL
U659,102,4504,1438,675,0.31920088790233075,6.553398058252427,0.05471826347983405,27.044025876286927,94.93734335839599,9.707180104292013,0.023835372079311492,0.7383069108644493,29.849080621549938,NORMAL
U660,607,4235,2988,466,0.7053824362606232,0.7664473684210527,0.07914544652118333,19.410779164831172,69.62406015037594,15.102286401925403,0.05292266915135722,0.0862554448279339,23.36425817671577,NORMAL
U661,1259,4371,1570,962,0.35910338517840806,0.7634920634920634,0.08630705943437739,17.17284783538476,36.94235588972431,12.374649017248307,0.026840838801167714,0.08592245237390825,14.306044528744831,NORMAL
U662,822,4269,104,782,0.024355971896955503,0.9501822600243013,0.07292842266300797,21.353536004214877,58.847117794486216,14.420377055756116,0.0016275744812920465,0.10695798954504632,20.81533585245709,NORMAL
U663,862,1143,2393,822,2.0917832167832167,0.9524913093858632,0.10753945240073398,10.53794058830559,56.84210526315789,77.11592458884877,0.1573467451731416,0.10721816439395294,31.269821732757443,NORMAL
U664,267,2956,2540,937,0.8589786946229286,3.496268656716418,0.08707671961891383,16.932336841439767,86.66666666666667,40.75411151223426,0.0644915802376891,0.3938412647967142,32.432538580108414,NORMAL
U665,28,11,1632,1076,136.0,37.10344827586207,-0.010820123426390937,47.524106427499895,98.64661654135338,99.81949458483754,10.24334929635559,4.180569701678378,54.942091795771496,WATCH
U666,511,2974,973,537,0.3270588235294118,1.048828125,0.12796126995545615,4.1563299282611075,74.43609022556392,40.393100681909345,0.024427233883505872,0.11807302824562986,27.334909944719733,NORMAL
U667,1132,4233,101,653,0.023854511100614078,0.5763459841129744,0.08225236607516434,18.439898346194084,43.30827067669173,15.142398716405935,0.0015898043205601958,0.0648355480675443,16.631654947673503,NORMAL
U668,572,855,1691,989,1.9754672897196262,1.7260034904013961,0.10421763962784342,11.575973356218972,71.37844611528821,82.89209787404734,0.1485857985689033,0.19437455791818695,36.22572974039432,NORMAL
U669,1881,2504,399,672,0.1592814371257485,0.357066950053135,0.07822792637063464,19.697494897055172,5.7644110275689275,49.81949458483754,0.011790196456313717,0.040128025350782436,14.368592661334711,NORMAL
U670,1914,4148,263,130,0.06338876837792239,0.06788511749347259,0.04183070366428365,31.07125748192136,4.110275689223064,16.847172081829108,0.004567535107637712,0.007544122708759321,9.059965463143016,NORMAL
U671,1113,2720,2524,287,0.9276001470047777,0.25763016157989227,0.12058738154865412,6.460595194402669,44.260651629072676,45.48736462093863,0.0696601663066802,0.028923868416134334,21.153478732455383,NORMAL
U672,1040,1963,2835,345,1.4434826883910388,0.3314121037463977,0.10861727557019513,10.20113179009528,47.91979949874686,60.66987565182511,0.1085165767161753,0.03723733541028512,25.67680951805662,NORMAL
U673,671,3860,699,253,0.18104118104118105,0.37648809523809523,0.11513841609897751,8.163341578591652,66.41604010025063,22.62334536702768,0.013429146163182163,0.04231632569559328,22.362885070652073,NORMAL
U674,1980,466,992,83,2.1241970021413277,0.041898031297324584,0.03712550560263134,32.541584108207275,0.8020050125313261,90.69394304051343,0.15978816011890737,0.004615997248490476,23.261166917083607,NORMAL
U675,1958,4254,1362,156,0.3200940070505288,0.07963246554364471,0.0639086260662961,24.172130870160075,1.904761904761909,14.72121941436021,0.023902642051413493,0.008867768948153686,7.0535598154416075,NORMAL
U676,219,3575,892,263,0.2494407158836689,1.1954545454545455,0.1034939218821413,11.802127804443789,89.07268170426066,28.33935018050542,0.018581017344006447,0.13459433239032767,29.731194037027368,NORMAL
U677,5,32,1979,933,59.96969696969697,155.5,-0.03635624607981858,55.503885509584364,99.79949874686717,99.39831528279181,4.516726623362738,17.521040229800644,56.912458260023584,WATCH
U678,1313,1648,1585,785,0.9611885991510006,0.5974124809741248,0.12477949070884725,5.150603640855925,34.235588972431074,66.98756518251103,0.07219005746776938,0.06720924034501675,22.757129726157057,NORMAL
U679,130,1392,1413,820,1.0143575017946878,6.259541984732825,0.09387847854946396,14.806856228270023,93.53383458646617,72.12194143602086,0.07619475337508588,0.7051963326321379,40.153703506299806,NORMAL
U680,1274,829,429,124,0.516867469879518,0.09725490196078432,0.10035201200815669,12.783942742854245,36.1904761904762,83.41355796229443,0.038723671677333614,0.01085339766987794,27.65923097907589,NORMAL
U681,451,3312,1518,628,0.4581949894355569,1.3893805309734513,0.120834390289624,6.383407470524824,77.44360902255639,33.61411953469715,0.03430444482436157,0.15644517058433052,27.07328016995099,NORMAL
U682,1756,777,2054,483,2.640102827763496,0.2749003984063745,0.0901243065248784,15.979996872952562,12.030075187969924,84.45647813878861,0.1986463243032522,0.030869812635305426,22.350106008664202,NORMAL
U683,548,2149,1559,455,0.7251162790697674,0.8287795992714025,0.13525979306946195,1.8756155509969459,72.58145363408521,56.93943040513438,0.054409027447352445,0.0932788021512847,29.84218589938225,NORMAL
U684,1794,2655,519,183,0.19540662650602408,0.10194986072423398,0.08559077659968578,17.396678949399284,10.125313283208015,46.791014841556354,0.014511155341467621,0.011382407663010876,14.504368281507986,NORMAL
U685,415,2303,751,591,0.3259548611111111,1.4206730769230769,0.12415525531238658,5.345670864904716,79.24812030075188,53.85078219013237,0.024344083140146966,0.15997109495384731,31.414118827978267,NORMAL
U686,690,910,2122,13,2.3293084522502743,0.01881331403762663,0.0978673140147463,13.560385640713374,65.46365914786968,81.78900922583233,0.17523720916736613,0.0020148996171119858,34.8018860154753,NORMAL
U687,242,2019,251,493,0.12425742574257426,2.02880658436214,0.09573418884641277,14.226965599963803,87.91979949874687,59.54673084636983,0.009152178591172429,0.22849325218742209,36.05990291643116,NORMAL
U688,1266,2395,2030,173,0.8472454090150251,0.13654301499605367,0.12106182173392976,6.312337453102436,36.59147869674185,52.00561572402729,0.0636078260408376,0.015280231951958576,20.51403742825929,NORMAL
U689,701,173,474,995,2.7241379310344827,1.4173789173789173,0.05742434133131097,26.198404020268423,64.91228070175438,96.57039711191335,0.20497587066224962,0.15959992165805584,39.5470941567758,NORMAL
U690,526,4805,2452,703,0.5101955888472742,1.333965844402277,0.06604600503993174,23.5042216399381,73.6842105263158,3.670276774969916,0.03822114382109805,0.15020125568763368,22.712826706872068,NORMAL
U691,1970,2365,1801,183,0.761200338123415,0.0928462709284627,0.07327197785112116,21.246178495760898,1.3032581453634062,52.60730044123546,0.057126888385350696,0.010356649990155935,14.05003661854694,NORMAL
U692,23,14,1631,1550,108.73333333333333,64.58333333333333,-0.02478928159586058,51.88932653816147,98.89724310776943,99.75932611311673,8.189616701234439,7.276898027012907,55.59851385965047,WATCH
U693,1617,4729,603,744,0.12748414376321354,0.45982694684796044,0.07660605668264625,20.204312709051365,18.997493734335833,5.194544725230643,0.009395215851841806,0.05170662868633738,8.829034083253703,NORMAL
U694,1280,3814,1469,925,0.3850589777195282,0.7220921155347385,0.09604086928420108,14.131131076627538,35.88972431077694,23.545928600080234,0.028795820943981223,0.08125766461153044,15.82067406413214,NORMAL
U695,1475,2611,2078,554,0.7955589586523737,0.37533875338753386,0.12538200077796485,4.962325361042582,26.11528822055138,47.673485760128365,0.059714788834142433,0.042186822252622436,16.829124731866337,NORMAL
U696,426,2682,114,192,0.04248975027953783,0.4496487119437939,0.08199857019314988,18.519206982744134,78.6967418546366,46.249498596068996,0.0029934154985418984,0.05055978411367018,31.710298551776255,NORMAL
U697,46,3201,402,425,0.12554653341661462,9.042553191489361,0.04510375589885074,30.048461887208695,97.74436090225565,35.84035298836743,0.00924927452450241,1.0187753891377203,36.26655873332049,NORMAL
U698,158,581,2086,97,3.584192439862543,0.610062893081761,0.08038290252554492,19.02408672633448,92.13032581453633,88.38748495788207,0.26975540532096964,0.06863464038777929,43.64142550154908,NORMAL
U699,1063,251,2289,789,9.083333333333334,0.7415413533834586,0.06651334497124017,23.35818265591962,46.76691729323308,95.00601684717208,0.6839521619744393,0.08344913033022665,34.38016550117378,NORMAL
U700,1337,724,768,802,1.0593103448275862,0.5994020926756353,0.11121362539833629,9.389798827391427,33.03258145363408,85.51945447252307,0.07958061348437788,0.06743342218038179,26.800516248719997,NORMAL
U701,805,4036,2783,200,0.6893732970027248,0.24813895781637718,0.08438811602349283,17.772498169842446,59.69924812030075,19.093461692739666,0.051716856518822504,0.027854435884192088,21.426486473611824,NORMAL
U702,974,88,865,173,9.719101123595506,0.17743589743589744,0.04812434455417286,29.10455859795637,51.2280701754386,98.27517047733653,0.7318383612576753,0.01988788551158066,37.01367820216157,NORMAL
U703,496,2158,1041,845,0.48216767021769336,1.7002012072434607,0.12417917509724519,5.338196174974174,75.18796992481202,56.75892498997192,0.036110073525389974,0.19146725535730902,30.987254512128462,NORMAL
U704,1253,3586,96,43,0.026763311959855034,0.0342902711323764,0.05256786082593329,27.716004874373105,37.24310776942355,28.118732450862403,0.0018088959759638473,0.003758783936214401,19.092940205268757,NORMAL
U705,1438,3516,417,483,0.11856696047767984,0.33564975677553854,0.10003782353739815,12.882123450270866,27.969924812030065,29.52266345768151,0.008723571231908919,0.037714817942676615,14.837170527583826,NORMAL
U706,693,3098,1678,148,0.5414649887060342,0.2132564841498559,0.1213306121531671,6.228343175897362,65.31328320802005,37.906137184115515,0.040576363346274534,0.02392401219262645,24.857532407878182,NORMAL
U707,306,4337,1960,366,0.45182111572153066,1.1921824104234529,0.09908378329587814,13.180251340165158,84.71177944862156,13.056558363417569,0.033824362958700865,0.13422564073241489,25.79488417271321,NORMAL
U708,1281,1684,445,399,0.26409495548961426,0.3112324492979719,0.12149141963011245,6.178092471897116,35.83959899749374,66.2655435218612,0.019684778573912754,0.03496356914330666,23.14988805454522,NORMAL
U709,1264,2556,2597,563,1.0156433320297222,0.4450592885375494,0.12114561570932136,6.286152686483419,36.69172932330827,48.776574408343365,0.07629160245083708,0.05004266544086683,19.897749415897092,NORMAL
U710,1544,2499,1294,773,0.5176,0.5003236245954693,0.11694568062221927,7.598589762739054,22.65664160401003,49.91977537103891,0.0387788460410992,0.056269639416888624,16.806039097043957,NORMAL
U711,379,2047,2577,320,1.25830078125,0.8421052631578947,0.11119018925518764,9.39712238419762,81.05263157894737,58.985158443642206,0.09456862615178964,0.09478028698134641,33.50761714068008,NORMAL
U712,167,1583,1001,368,0.6319444444444444,2.1904761904761907,0.1128709515303456,8.87190123659862,91.67919799498748,68.29121540312877,0.0473913000494088,0.2467095649452701,37.95768202461656,NORMAL
U713,1273,1256,369,921,0.2935560859188544,0.7229199372056515,0.09968262341404666,12.993119882765427,36.24060150375939,74.84957882069796,0.021903798764070923,0.08135094039061805,25.996712713243866,NORMAL
U714,17,37,2525,1827,66.44736842105263,101.5,-0.02772214335603218,52.8058160632978,99.19799498746868,99.29803449659045,5.004626562242989,11.436526804130201,55.54661371686021,WATCH
U715,992,3642,1837,382,0.5042547351084271,0.38469284994964753,0.13111272617110803,3.1715318549957288,50.32581453634085,26.995587645407138,0.037773677135291776,0.04324080606960759,18.472230481610264,NORMAL
U716,865,1623,1650,169,1.0160098522167487,0.1951501154734411,0.1283907296696547,4.022128127522984,56.69172932330827,67.48896911351785,0.07631920884893731,0.021883855835185994,28.296407753246598,NORMAL
U717,246,387,128,190,0.32989690721649484,0.7692307692307693,0.06369447636737269,24.239050476989046,87.71929824561404,92.27837946249498,0.024640999102668856,0.08656906778341061,44.040503635394046,NORMAL
U718,11,19,1136,927,56.8,77.25,-0.011621201356706634,47.77443514804254,99.49874686716792,99.65904532691536,4.277984203436452,8.704129571305973,54.34777654093645,WATCH
U719,1729,661,1892,488,2.8580060422960725,0.28208092485549136,0.09404269373922186,14.755540648611545,13.383458646616543,86.78299237866025,0.21505885245486203,0.03167888688684308,22.974310780824663,NORMAL
U720,799,2431,790,693,0.3248355263157895,0.86625,0.12706640478646486,4.435966208745693,60.0,51.28359406337746,0.024259774545256796,0.09750082356421808,25.942803811158296,NORMAL
U721,2,28,4276,1602,147.44827586206895,534.0,-0.15118483531519522,91.38665388604086,99.94987468671678,99.4785399117529,11.105636483245677,60.16897229676849,70.3929297022626,SUSPICIOUS
U722,921,532,531,783,0.9962476547842402,0.8492407809110629,0.10066108710442989,12.687359913052434,53.88471177944862,89.37023666265543,0.07483071487515873,0.09558428982520313,33.28137458654368,NORMAL
U723,302,945,2240,969,2.367864693446089,3.198019801980198,0.08904179268192702,16.318271459008045,84.91228070175438,81.08704372242278,0.1781412755227157,0.3602357247812816,39.991790316372224,NORMAL
U724,1718,4593,1860,846,0.40487592511972137,0.49214659685863876,0.07035529369036686,22.157612685317083,13.934837092731843,7.922182109907738,0.03028843869990707,0.0553482832123178,8.407661950118895,NORMAL
U725,153,3707,2847,414,0.767799352750809,2.688311688311688,0.06848889969418681,22.740841861170317,92.38095238095238,25.691937424789412,0.057623927924566845,0.3028037643962963,31.70457840601211,NORMAL
U726,1778,3253,695,113,0.21358328211432084,0.06351883080382237,0.08249748219774228,18.36330204634954,10.927318295739353,34.79743281187324,0.01588022588277755,0.00705214622758334,12.450839321666749,NORMAL
U727,917,3998,2179,544,0.5448862215553888,0.5925925925925926,0.11428370622509182,8.430429737019205,54.08521303258145,19.85559566787003,0.040834051515646855,0.06666615376043035,18.777195288215225,NORMAL
U728,1275,48,2554,780,52.12244897959184,0.6112852664576802,0.008281690922788187,41.554983368287914,36.140350877192986,99.07741676694745,3.925669814831766,0.06877237274364896,36.07555188755041,NORMAL
U729,1286,3000,2206,397,0.7350883038987004,0.3084693084693085,0.12510553595348844,5.048717811972985,35.58897243107769,39.87164059366225,0.055160123013264555,0.03465222900499146,17.647866763401886,NORMAL
U730,1051,2718,1937,302,0.7123942625965428,0.2870722433460076,0.1371430073580976,1.2871302045138489,47.36842105263158,45.52747693541917,0.053450801778401474,0.03224128956031241,21.158869074797458,NORMAL
U731,1413,656,672,236,1.0228310502283104,0.1669024045261669,0.10411953616696207,11.606629691781176,29.223057644110273,86.88327316486162,0.0768329832998219,0.01870101182586844,26.445426895365905,NORMAL
U732,1789,4361,607,662,0.13915635029802842,0.36983240223463687,0.0747707194891804,20.777836949350412,10.37593984962406,12.57521058965102,0.010274369556641395,0.04156638766898803,8.23450617327829,NORMAL
U733,5,44,1888,1680,41.955555555555556,280.0,-0.09917986949977808,75.13563003208546,99.79949874686717,99.15764139590854,3.1598966944381406,31.549223961207502,61.574105238501986,WATCH
U734,1850,3547,779,541,0.21956031567080045,0.2922744462452728,0.09330895310649473,14.984827147277603,7.318295739348368,28.900922583233058,0.01633041764208348,0.032827453882231676,9.8664892460682,NORMAL
U735,242,4568,2493,283,0.5456336178594878,1.1646090534979423,0.06192580663091002,24.791741813794097,87.91979949874687,8.423586040914577,0.04089034560432172,0.1311187803545617,27.41331875839301,NORMAL
U736,1615,3688,1496,407,0.4055299539170507,0.25185643564356436,0.10828267737449948,10.305690329351707,19.097744360902258,26.073004412354596,0.030337700323105964,0.02827330706473195,11.546715943239727,NORMAL
U737,117,470,2335,683,4.957537154989384,5.788135593220339,0.08083960677905078,18.881371283654076,94.18546365914787,90.61371841155234,0.3731960950199928,0.6520800637783494,44.69242632296729,NORMAL
U738,450,1734,1386,696,0.7988472622478386,1.5432372505543237,0.13267204204375727,2.6842614752359233,77.49373433583959,65.26273565984756,0.05996246473670944,0.17378115717543108,32.8696777269753,NORMAL
U739,544,712,1663,19,2.332398316970547,0.03486238532110092,0.08766127741353047,16.74966846515339,72.78195488721805,85.76012835940634,0.1754699386010045,0.0038232475744053433,37.9044056352452,NORMAL
U740,52,2470,1063,807,0.4301902063941724,15.226415094339623,0.05127660920848515,28.11950789581702,97.44360902255639,50.50140393100682,0.03219511710731802,1.715549292292987,38.94449039933379,NORMAL
U741,137,1314,1144,136,0.8699619771863117,0.9855072463768116,0.09704063836986282,13.818713387186051,93.18295739348372,73.68632170076214,0.06531884400548296,0.11093827387325877,40.13878114868363,NORMAL
U742,391,3737,2186,876,0.584804708400214,2.2346938775510203,0.0948469895771546,14.504206364607326,80.45112781954887,25.09025270758123,0.043840722576079585,0.2516918447722867,27.355177408454423,NORMAL
U743,1314,524,458,900,0.8723809523809524,0.6844106463878327,0.09252574958874255,15.229570295358267,34.18546365914787,89.53068592057762,0.06550104186137622,0.07701186081665387,28.764865682794078,NORMAL
U744,1157,1865,883,866,0.4732047159699893,0.7478411053540587,0.1259799420570224,4.775474781739864,42.05513784461154,62.63537906137184,0.035434981424396474,0.08415896228288425,23.778664080386765,NORMAL
U745,1544,2530,1438,896,0.568154879494271,0.5799352750809061,0.10459679545597222,11.457491009183936,22.65664160401003,49.29803449659045,0.04258665302862266,0.06523997564315574,17.262823611301815,NORMAL
U746,331,932,2994,112,3.2090032154340835,0.3373493975903614,0.07214701027737114,21.59771944169338,83.45864661654136,81.34777376654633,0.2414960530148467,0.03790632696779897,40.439934285997495,NORMAL
U747,24,2,3005,1367,1001.6666666666666,54.68,-0.14638718472435264,89.88743678297698,98.84711779448622,100.0,75.44559317813587,6.161028311724827,77.9804475073608,SUSPICIOUS
U748,263,2659,323,566,0.12142857142857143,2.143939393939394,0.09843082755797161,13.384293379341926,86.8671679197995,46.71079021259526,0.008939108530847855,0.24146597673571765,33.10504870301329,NORMAL
U749,1065,2266,2007,14,0.8853109836788707,0.013133208255159476,0.09839779846896579,13.394614634339252,46.666666666666664,54.592860008022456,0.06647493526232261,0.0013748870265073614,24.611255830291604,NORMAL
U750,1686,3499,2644,912,0.7554285714285714,0.5406046235921754,0.07051581670715767,22.107450872227247,15.538847117794486,29.863618130766145,0.056692157380730836,0.06080834829086783,13.196847328024752,NORMAL
U751,1808,3905,1134,698,0.2903225806451613,0.38584853510226647,0.09615433985892419,14.095672673999369,9.423558897243112,21.720818291215405,0.02166025028569392,0.043371024251588286,8.826324999862926,NORMAL
U752,161,1414,1165,20,0.823321554770318,0.12345679012345678,0.07793212228603391,19.78993067043893,91.97994987468672,71.68070597673486,0.061805874967612084,0.01380572619402046,40.31714059225549,NORMAL
U753,1959,1023,236,154,0.23046875,0.07857142857142857,0.05480299461285776,27.017548257422057,1.8546365914786977,79.5226634576815,0.01715204382094469,0.008748215361068838,20.42642432127868,NORMAL
U754,13,47,2950,1007,61.458333333333336,71.92857142857143,0.0030985604737535644,43.17465901357895,99.3984962406015,99.09747292418773,4.6288511107325165,8.104531356739244,53.51820997821878,WATCH
U755,434,2095,2999,772,1.430820610687023,1.7747126436781608,0.0876620119793774,16.749438920783668,78.29573934837093,58.022462896109104,0.10756286565128434,0.19986291897495573,33.74771340869117,NORMAL
U756,217,1090,950,20,0.8707607699358387,0.09174311926605505,0.08277567732739105,18.27636889261913,89.17293233082707,78.17890092258322,0.06537900928811559,0.010232351080887974,40.68834820610044,NORMAL
U757,302,3200,2640,516,0.8247422680412371,1.702970297029703,0.10019534479281678,12.832899657135439,84.91228070175438,35.86040914560768,0.0619128834695488,0.19177926580140678,30.369332063868047,NORMAL
U758,22,29,4302,820,143.4,35.65217391304348,-0.03410905400583453,54.801660800345,98.94736842105263,99.45848375451264,10.80071926715864,4.017045658254284,56.15152464174523,WATCH
U759,28,13,4756,1813,339.7142857142857,62.51724137931034,-0.12104587454476012,81.96853462119623,98.64661654135338,99.779382270357,25.58716355050906,7.044098689366192,64.36621647362138,WATCH
U760,191,603,1948,159,3.225165562913907,0.828125,0.093651975260435,14.877636206591202,90.47619047619048,87.94624949859606,0.24271340533145996,0.0932050444095202,42.514602057749805,NORMAL
U761,1241,4165,2972,817,0.7133941430628901,0.6578099838969405,0.0749864066149104,20.710436912252604,37.84461152882206,16.506217408744494,0.05352611304141966,0.07401459992669901,15.893445619041664,NORMAL
U762,1372,4511,673,109,0.1491578014184397,0.07938820101966497,0.07813865105654477,19.7253925263699,31.278195488721806,9.566787003610111,0.011027681518664607,0.008840246156013507,12.695798109161027,NORMAL
U763,1129,551,1347,998,2.4402173913043477,0.8831858407079646,0.08997415519897295,16.026917637935917,43.45864661654135,88.98916967509025,0.18359089999471292,0.09940908930797042,31.127342323238647,NORMAL
U764,1170,2984,877,704,0.29380234505862646,0.601195559350982,0.12556620951629355,4.904762000433678,41.40350877192982,40.19253910950662,0.021922347068063452,0.0676355031445418,19.14072522718753,NORMAL
U765,48,441,749,350,1.6945701357466063,7.142857142857143,0.05174373683275113,27.97353525559393,97.64411027568923,91.19534697152025,0.12742855012179494,0.804724905571131,46.99869312493157,NORMAL
U766,212,1216,2538,146,2.085456039441249,0.6854460093896714,0.09594665034554223,14.160573538431551,89.42355889724311,75.65182511030886,0.15687018049066076,0.0771285215589711,39.66112760049379,NORMAL
U767,860,1661,1146,763,0.6895306859205776,0.8861788617886179,0.13176816909800337,2.966712594510322,56.94235588972432,66.72683513838749,0.051728711094031744,0.09974633147368431,28.053857016779684,NORMAL
U768,505,2820,1336,971,0.47359092520382845,1.9189723320158103,0.10735693883389891,10.594974225032411,74.73684210526315,43.481748896911355,0.03546407080674631,0.2161175487985384,29.01109008947439,NORMAL
U769,1878,1029,1151,813,1.1174757281553398,0.4326769558275679,0.09196090143623364,15.40607960858165,5.91478696741855,79.40232651423987,0.08396164564750468,0.04864747155910756,19.698361518135606,NORMAL
U770,190,2458,207,260,0.08418056120374136,1.361256544502618,0.07735426753631308,19.970504413245827,90.52631578947367,50.742077817890085,0.006133578480647144,0.15327626737571645,35.800095007659834,NORMAL
U771,689,2020,408,710,0.20188025729836714,1.0289855072463767,0.12035619504977424,6.532838628257509,65.51378446115288,59.526674689129564,0.014998750936834915,0.11583723798410453,29.284832120784582,NORMAL
U772,1612,2135,2181,75,1.021067415730337,0.04649721016738995,0.09024994188665514,15.940737097869148,19.248120300751882,57.2202166064982,0.07670014587973505,0.0051342151296381155,18.667129129907362,NORMAL
U773,1924,4707,846,505,0.17969413763806288,0.2623376623376623,0.06476777536753803,23.903655435753528,3.609022556390973,5.635780184516648,0.013327686495308324,0.029454291593208514,5.622710056726911,NORMAL
U774,529,147,2107,771,14.236486486486486,1.4547169811320755,0.06365611871981369,24.251036852437792,73.53383458646616,97.09185720016045,1.0720890298820906,0.16380703184684528,41.732078926761844,NORMAL
U775,1002,3706,1895,254,0.5111950364175883,0.25324027916251246,0.12341081725909986,5.57830019889359,49.824561403508774,25.71199358202968,0.03829642247827172,0.028429233258622073,18.44912258772553,NORMAL
U776,1683,2767,1910,563,0.690028901734104,0.3343230403800475,0.11733097506770285,7.4781891601009525,15.689223057644108,44.54472523064581,0.05176623684179375,0.037565328614520645,13.971555543057958,NORMAL
U777,17,4,1430,1292,286.0,71.77777777777777,-0.07381409710586528,67.20908367667424,99.19799498746868,99.95988768551946,21.54138924506607,8.087540505021469,61.47131722249193,WATCH
U778,1355,4686,1382,832,0.2948581181992746,0.6135693215339233,0.09134007712912756,15.600080901837096,32.130325814536356,6.056959486562374,0.022001868182195575,0.06902973133210029,11.599840412967493,NORMAL
U779,1986,2013,2106,917,1.0456802383316783,0.4614997483643684,0.05612532457386238,26.60433356912944,0.5012531328320802,59.667067789811476,0.07855399023307157,0.051895113561986755,16.076799641132297,NORMAL
U780,1127,713,2318,356,3.246498599439776,0.31560283687943264,0.10965523146802547,9.876781109530194,43.55889724310777,85.74007220216606,0.24432021532410372,0.03545600769728409,29.585654372625307,NORMAL
U781,13,36,3078,1397,83.1891891891892,99.78571428571429,-0.015276977449325324,48.91682806291787,99.3984962406015,99.31809065383072,6.265624961260041,11.243367647759712,55.303677787833166,WATCH
U782,1348,2988,650,792,0.21746403479424556,0.5871015567086731,0.11811190299730978,7.234157110213515,32.4812030075188,40.11231448054553,0.016172525208169915,0.06604744484271655,17.241837462549285,NORMAL
U783,1366,2669,1871,809,0.700749063670412,0.5918068763716167,0.12289924545262909,5.738161194850689,31.57894736842105,46.510228640192544,0.052573682293880764,0.06657762226236934,18.0806368132842,NORMAL
U784,1235,695,1861,364,2.6738505747126435,0.29449838187702265,0.11601719084869022,7.888733390778918,38.145363408521305,86.10108303249098,0.20118821359132177,0.033078038441661475,27.99512622640944,NORMAL
U785,217,1629,1697,985,1.0411042944785276,4.518348623853211,0.09933300019146418,13.102373590387328,89.17293233082707,67.36863217007622,0.07820932892336523,0.5090053255773184,37.828218686347554,NORMAL
U786,577,1441,885,618,0.6137309292649098,1.069204152249135,0.1312146036734772,3.1396961697832975,71.12781954887217,71.13918973124748,0.04601945323537662,0.12036892104857778,32.51030746040117,NORMAL
U787,443,1375,1253,903,0.9106104651162791,2.0337837837837838,0.11731201750115328,7.484113207187216,77.84461152882206,72.4628961091055,0.06838049894206594,0.22905406397822264,35.127802319436945,NORMAL
U788,192,1984,279,632,0.14055415617128464,3.2746113989637307,0.08821509296056368,16.57660672913625,90.42606516290726,60.24869634977939,0.010379652667285334,0.36886577293201944,37.20067134915976,NORMAL
U789,935,3481,2024,618,0.5812751292360713,0.6602564102564102,0.1208476698943452,6.379257728866284,53.18295739348371,30.22462896109106,0.04357487373342211,0.07429025389020102,20.319591056435964,NORMAL
U790,1782,214,591,556,2.7488372093023257,0.3118339876612451,0.05684986427030092,26.377922269644078,10.726817042606518,95.74809466506218,0.20683622687941236,0.035031348184925024,25.84497529305827,NORMAL
U791,870,1729,1652,596,0.9549132947976878,0.6842709529276694,0.13843321163725314,0.8839544656536122,56.44110275689223,65.36301644604893,0.07171739987260908,0.0769961206919531,27.344950916352836,NORMAL
U792,1903,2307,884,441,0.3830155979202773,0.23161764705882354,0.0905768230710911,15.838590046286944,4.661654135338333,53.77055756117129,0.02864191303329906,0.025992877789488222,14.306372962938632,NORMAL
U793,1586,699,2020,519,2.8857142857142857,0.3270321361058601,0.10033182481927322,12.790251034436514,20.551378446115297,86.02085840352989,0.2171458447285125,0.03674381741189896,24.32035198119419,NORMAL
U794,1123,1432,2011,672,1.4033496161898116,0.597864768683274,0.12558941552116165,4.89751035950375,43.7593984962406,71.31969514640994,0.10549374302954902,0.06726020239387943,25.97487767338417,NORMAL
U795,1813,1181,1505,655,1.2732656514382403,0.36108048511576624,0.0990369796009305,13.19487701967713,9.172932330827066,76.3537906137184,0.09569578415988302,0.040580255128059815,19.573233742711196,NORMAL
U796,973,1459,2549,888,1.7458904109589042,0.9117043121149897,0.10274225560173861,12.037015886024193,51.27819548872181,70.77817890092258,0.13129400691864399,0.10262244157011197,28.82895390323378,NORMAL
U797,925,4270,2371,21,0.555139311636619,0.02267818574514039,0.07528440065969999,20.617316798542685,53.68421052631579,14.40032089851584,0.04160631699121663,0.0024503785762390474,19.40448346709776,NORMAL
U798,1135,3662,1763,933,0.4812994812994813,0.8213028169014085,0.10311647793650658,11.920075205578746,43.15789473684211,26.59446450060169,0.03604468130485006,0.09243634691589497,17.919254487531273,NORMAL
U799,1013,2362,1948,371,0.8243757934828607,0.36587771203155817,0.1391890372837976,0.6477666243804979,49.27318295739348,52.66746891295628,0.06188528050821066,0.041120788305376924,22.970593953969562,NORMAL
U800,1910,4958,393,908,0.07924984875983061,0.47514390371533227,0.026812770087848325,35.764209259911304,4.310776942355887,0.6016847172081841,0.005762195906201094,0.05343248479189181,6.5721179897126385,NORMAL
U801,474,434,2218,178,5.098850574712643,0.37473684210526315,0.09339690702193648,14.95734244162534,76.29072681704261,91.33574007220217,0.38383985942880794,0.04211900119191801,39.685708899980874,NORMAL
U802,658,904,2547,327,2.8143646408839778,0.496206373292868,0.11609738198878622,7.863674473613173,67.06766917293233,81.90934616927396,0.21177177047771836,0.05580572329045276,34.38965149924286,NORMAL
U803,627,3072,2346,593,0.7634233647901074,0.9442675159235668,0.1209936304385511,6.333646540618501,68.62155388471179,38.42759727236261,0.05729432734593296,0.1062915388063366,25.821222219400678,NORMAL
U804,1717,582,2085,954,3.576329331046312,0.5552968568102444,0.06630107387701722,23.424515217851614,13.984962406015033,88.3674288006418,0.2691631538707907,0.06246381292546823,24.760064004716376,NORMAL
U805,72,3679,186,529,0.050543478260869565,7.2465753424657535,0.05135764251591496,28.094185809909288,96.44110275689222,26.253509827517053,0.0036000244350027875,0.8164114755341857,33.698467253651735,NORMAL
U806,1663,1527,207,610,0.1354712041884817,0.36658653846153844,0.08981635899974805,16.07622734821953,16.69172932330827,69.41436020858404,0.009996803370224768,0.04120065615592665,20.47591777404275,NORMAL
U807,1630,4958,1547,22,0.31195805605968946,0.0134886572654813,0.049143835748936826,28.78597794964268,18.345864661654133,0.6016847172081841,0.023289840055978468,0.0014149376612378134,9.030734501964751,NORMAL
U808,1165,3147,2899,98,0.9209021601016518,0.08404802744425385,0.08530474330876808,17.486061448951872,41.65413533834587,36.923385479342166,0.06915567214929717,0.009365297571600635,20.439813860470743,NORMAL
U809,1197,4540,646,679,0.14225941422594143,0.5667779632721202,0.1007287243865595,12.666223949052261,40.05012531328321,8.985158443642193,0.010508093158114486,0.06375746008118739,13.721687251708786,NORMAL
U810,1139,4693,353,936,0.0752023860247124,0.8210526315789474,0.06587257783484235,23.558415880865702,42.957393483709275,5.916566385880461,0.005457339935052543,0.09240815699083164,15.471649588765654,NORMAL
U811,1347,4676,620,704,0.13256360915116527,0.5222551928783383,0.09260572427987557,15.204579016296025,32.531328320802,6.257521058965098,0.009777802537649614,0.05874080463287243,11.676278715767266,NORMAL
U812,272,1864,2618,960,1.4037533512064344,3.5164835164835164,0.08806381834086668,16.623878512025595,86.41604010025063,62.65543521861211,0.10552415245852564,0.3961189978643246,36.71447773338319,NORMAL
U813,61,2334,541,154,0.2316916488222698,2.4838709677419355,0.07266011058546218,21.43738080449755,96.99248120300751,53.229041315683915,0.017244152885926258,0.2797681660803629,38.15581194769683,NORMAL
U814,412,1101,1911,884,1.734119782214156,2.1404358353510897,0.1136729115186515,8.621296881888835,79.3984962406015,77.95828319294024,0.13040744002677998,0.24107120915667765,36.80323777240194,NORMAL
U815,243,2801,2270,79,0.8101356174161314,0.3237704918032787,0.09251227442358234,15.233781147668635,87.86967418546365,43.86281588447653,0.06081270665435347,0.03637630780914306,33.04570851824648,NORMAL
U816,1779,2685,2661,782,0.990692479523455,0.4393258426966292,0.08416427715048547,17.84244554520649,10.87719298245614,46.189330124348174,0.07441229759503581,0.04939664269652548,14.659543673067883,NORMAL
U817,1976,3058,2737,58,0.8947368421052632,0.02933737986848761,0.03109194570464202,34.42701032259054,1.0025062656641714,38.708383473726435,0.06718489342933774,0.0032007110956400082,13.17363113957159,NORMAL
U818,1849,4986,456,66,0.09143773811910968,0.03567567567567568,0.0321824095202361,34.086251450793704,7.36842105263158,0.04011231448053376,0.006680190978678417,0.0039148860203567955,6.96532272432078,NORMAL
U819,1974,3980,2001,44,0.5026375282592314,0.022278481012658228,0.045756196215909206,29.844580911814294,1.102756892230572,20.216606498194945,0.03765186868470816,0.0024053413760336453,8.805471427846358,NORMAL
U820,1150,1587,1021,227,0.6429471032745592,0.19721980886185925,0.1284704051977596,3.997230333869877,42.40601503759398,68.21099077416767,0.04822002324277326,0.022117060968683246,24.85865902926851,NORMAL
U821,803,1824,2658,379,1.4564383561643837,0.47139303482587064,0.11967128900231638,6.746864814804029,59.79949874686717,63.45768150822302,0.10949240106327846,0.05300985123419072,28.68876528853295,NORMAL
U822,1231,4412,788,504,0.17856333559936552,0.4090909090909091,0.11208422956556185,9.117743863656765,38.34586466165414,11.552346570397109,0.013242514184593084,0.04598988604007624,13.27480617049363,NORMAL
U823,297,3667,17,920,0.004634678298800436,3.087248322147651,0.046355050962116395,29.657444883300993,85.16290726817043,26.49418371440032,0.0001421613952106847,0.3477544181845683,31.090378995494312,NORMAL
U824,537,485,1330,164,2.736625514403292,0.3048327137546468,0.10482948887172161,11.384776679105853,73.1328320802005,90.31287605294825,0.20591643876734073,0.03424247142415662,38.11011521291111,NORMAL
U825,9,21,4923,1478,223.77272727272728,147.8,-0.09688978666908343,74.42000239680839,99.59899749373433,99.61893301243482,16.854414490585874,16.653433685769862,62.69815501095375,WATCH
U826,17,10,3612,1567,328.3636363636364,87.05555555555556,-0.08595215888454655,71.00210475482012,99.19799498746868,99.83955074207782,24.732229618459456,9.808982060638108,63.072129322216334,WATCH
U827,877,2934,268,283,0.09131175468483815,0.3223234624145786,0.10961036720272416,9.890800736967112,56.09022556390977,41.19534697152025,0.00667070187285658,0.0362132620731637,23.752345560605754,NORMAL
U828,23,10,3222,522,292.90909090909093,21.75,-0.06329997581576075,63.923527514685276,98.89724310776943,99.83955074207782,22.061783812400616,2.45060188381135,60.16378628823257,WATCH
U829,958,2277,1024,520,0.4495171202809482,0.5422314911366006,0.13849082932960594,0.8659495217380917,52.03007518796993,54.37224227837947,0.03365082540850522,0.06099165750227232,24.029421135906553,NORMAL
U830,642,697,622,260,0.8911174785100286,0.40435458786936235,0.11181541326058225,9.201746229893502,67.86967418546365,86.06097071801044,0.06691228199941862,0.04545621548339497,35.583421127274384,NORMAL
U831,1019,3023,2423,758,0.8012566137566137,0.7431372549019608,0.11515369951448279,8.158565666406119,48.97243107769423,39.41034897713598,0.060143937734020284,0.08362895040828915,21.37654274180642,NORMAL
U832,1840,2601,2706,524,1.0399692544196772,0.2846279196089082,0.08411420174393036,17.858093601380816,7.819548872180448,47.87404733253109,0.07812383740384336,0.03196587251225562,14.232736564986253,NORMAL
U833,1960,3968,1162,575,0.2927689594356261,0.2932177460479347,0.08072281557546562,18.91786734909004,1.8045112781954864,20.457280385078203,0.021844512187722914,0.032933741295448876,7.390665188169267,NORMAL
U834,1162,1920,1022,533,0.5320145757418011,0.4582975064488392,0.13777864181027943,1.088500891277367,41.80451127819549,61.532290413156844,0.03986455572492975,0.05153429719296301,22.938557319382024,NORMAL
U835,699,4374,1293,924,0.29554285714285716,1.32,0.09156242152199379,15.530600536344942,65.0125313283208,12.314480545527474,0.022053442901789132,0.14862763776603222,21.07342652802779,NORMAL
U836,1155,1539,1768,571,1.148051948051948,0.4939446366782007,0.13459530876637232,2.083260149753459,42.15538847117794,69.17368632170076,0.08626465467332091,0.05555087946087363,24.715972200185117,NORMAL
U837,276,3721,1570,131,0.42181622783449757,0.4729241877256318,0.10104065263617751,12.568749537795904,86.21553884711778,25.411151223425588,0.03156438681200567,0.053182375685586106,28.537295840189792,NORMAL
U838,382,2253,1949,930,0.8646850044365573,2.4281984334203655,0.11229989697231413,9.050349988539306,80.90225563909775,54.853590052146004,0.06492138101258307,0.27349519788553533,32.61108904342051,NORMAL
U839,1719,3079,2702,227,0.8772727272727273,0.13197674418604652,0.08543090268202258,17.44663792560151,13.884711779448622,38.28720417168071,0.06586949164902536,0.01476572202513014,13.764296699254551,NORMAL
U840,730,3557,274,372,0.07700955593029792,0.5088919288645691,0.10900797322908262,10.079042738122807,63.458646616541344,28.70036101083032,0.0055934564536352935,0.057235083164306554,23.126573893607876,NORMAL
U841,1539,655,2268,572,3.457317073170732,0.37142857142857144,0.09537624239356635,14.338820232544322,22.907268170426065,86.90332932210188,0.2601991189116938,0.041746237907694266,25.32961765732262,NORMAL
U842,1993,3000,1397,876,0.465511496167944,0.43931795386158473,0.07001771593029832,22.26310230819099,0.15037593984962294,39.87164059366225,0.03485552606001169,0.04939575381277101,11.367510694510424,NORMAL
U843,486,2782,1259,982,0.4523895077254761,2.0164271047227924,0.10697622314706168,10.713944012077876,75.6892230576441,44.243882872041716,0.03386717439581489,0.22709837977874758,29.420705491196816,NORMAL
U844,1184,597,485,798,0.8110367892976589,0.6734177215189874,0.10290088207709969,11.987446722877133,40.70175438596492,88.0665864420377,0.06088058316047448,0.07577322009532284,29.613459022134755,NORMAL
U845,1015,4089,2213,760,0.5410757946210268,0.7480314960629921,0.10805995297733151,10.375289442330288,49.17293233082707,18.030485359005212,0.040547049144139764,0.08418041477963663,17.47838739536033,NORMAL
U846,1271,199,1450,981,7.25,0.7712264150943396,0.055895304891658226,26.676212384618836,36.34085213032582,96.04893702366627,0.5458650070457556,0.08679392952507316,32.445917636197734,NORMAL
U847,1728,1725,2603,41,1.5081112398609502,0.02371312897628687,0.062114962342456226,24.73263257427724,13.433583959899753,65.44324107501002,0.113384416425071,0.002566992020400483,20.18567024402786,NORMAL
U848,336,4443,1347,75,0.3031053105310531,0.22255192878338279,0.08442126341913359,17.762139945222778,83.20802005012531,10.930605695948659,0.022623048905056457,0.0249713873346685,25.661848613830944,NORMAL
U849,1,7,3803,511,475.375,255.5,-0.1717390596849544,97.80964033156762,100.0,99.89971921379863,35.805164680313055,28.78865768474591,72.92097971528501,SUSPICIOUS
U850,302,1684,2919,783,1.7323442136498517,2.5841584158415842,0.09028501872890271,15.92977594077292,84.91228070175438,66.2655435218612,0.13027370372963873,0.29106817208755814,36.946873922672324,NORMAL
U851,1912,940,298,724,0.31668437832093516,0.37846314688970206,0.06853058660827799,22.72781512372955,4.210526315789476,81.18732450862414,0.023645827907432027,0.042538866960233915,20.711561036252526,NORMAL
U852,922,1099,492,936,0.44727272727272727,1.0140845070422535,0.10209876745523544,12.238099399004033,53.83458646616541,77.99839550742078,0.03348177712938864,0.11415825028414331,30.919534809701084,NORMAL
U853,277,165,1080,935,6.506024096385542,3.3633093525179856,0.06973682327279557,22.350878411990006,86.1654135338346,96.73084636983555,0.4898285438463282,0.37885991902887795,44.419440543040174,NORMAL
U854,483,4229,2058,968,0.48652482269503544,2.0,0.08225035061323488,18.440528157585725,75.83959899749372,15.222623345367026,0.03643825541040086,0.22524743645966003,24.81340032140625,NORMAL
U855,1812,864,649,191,0.7502890173410405,0.10535024820739107,0.0921883563170236,15.33500226749588,9.223057644110288,82.71159245888488,0.05630504479806762,0.01176555031659886,21.164174336675938,NORMAL
U856,1632,451,1954,815,4.323008849557522,0.4990814451928965,0.07726009241524967,19.999933182496108,18.245614035087733,90.99478539911753,0.3254032540642811,0.056129675393702595,25.85012083079498,NORMAL
U857,1859,4638,2284,313,0.4923474886829058,0.1682795698924731,0.06114074599485897,25.03706529248937,6.867167919799499,7.019655034095463,0.036876820163327245,0.01885618555106582,6.888330413515865,NORMAL
U858,1682,958,2029,460,2.115745568300313,0.27332144979203804,0.107581333549988,10.524853154348342,15.73934837092732,80.82631367829924,0.15915159587117625,0.030691902745631838,21.72321948592357,NORMAL
U859,1454,4656,402,867,0.08632166630878248,0.5958762886597938,0.07440510318280913,20.892088333291774,27.16791979949875,6.658644203770558,0.006294847087388093,0.06703614807166568,11.269151174605163,NORMAL
U860,1817,4950,2267,115,0.45788729549585944,0.06325632563256325,0.03568748459051874,32.990951075455676,8.972431077694242,0.7621339751303635,0.03428126923487704,0.007022568149086415,7.3538009282990675,NORMAL
U861,1790,4751,2276,407,0.47895622895622897,0.22724734785036294,0.06418920402306716,24.08445310714482,10.325814536340838,4.753309265944649,0.03586818691429022,0.025500449193042382,7.157575567453391,NORMAL
U862,1496,3684,1387,888,0.37639077340569876,0.593186372745491,0.10092230647016864,12.60573151320303,25.062656641604008,26.153229041315683,0.02814292948650636,0.06673305863658234,13.404215386811709,NORMAL
U863,587,2607,151,612,0.05789877300613497,1.0408163265306123,0.10730656887720258,10.610714325135545,70.6265664160401,47.753710389089456,0.004154027194113113,0.1171702894428381,28.81760488081321,NORMAL
U864,530,849,2759,547,3.2458823529411767,1.0301318267419963,0.09843011189819856,13.384517015755506,73.48370927318295,83.01243481748897,0.24427379947370756,0.11596640087968241,37.05955524415724,NORMAL
U865,1712,3927,1540,596,0.3920570264765784,0.3479276123759486,0.10061873161279333,12.70059557418862,14.23558897243108,21.2795828319294,0.029322915840115742,0.039098239743401396,9.733098610543482,NORMAL
U866,1934,290,433,856,1.4879725085910653,0.44237726098191216,0.046096296974657835,29.738302877466783,3.1077694235588926,94.22382671480143,0.11186756182238096,0.049740464835861406,24.117881090651004,NORMAL
U867,6,44,1939,1672,43.08888888888889,238.85714285714286,-0.08920927210480478,72.0199195693769,99.74937343358397,99.15764139590854,3.2452596629395085,26.913404208315733,60.420185119966476,WATCH
U868,691,1977,92,622,0.046511627906976744,0.8988439306358381,0.09905606061825772,13.188914395476143,65.41353383458647,60.389089450461285,0.003296344392566097,0.10117338298179454,30.425538601605705,NORMAL
U869,976,2956,1459,275,0.4934054785255326,0.28147389969293757,0.13059538953118272,3.3331943028817923,51.127819548872175,40.75411151223426,0.03695650824004276,0.031610489613671265,21.446737035599227,NORMAL
U870,1766,2341,989,173,0.4222886421861657,0.09790605546123372,0.10051015676065211,12.734524113212167,11.528822055137834,53.08864821500201,0.031599969186788944,0.010926767155353064,15.419652781136687,NORMAL
U871,1380,3799,2820,636,0.7421052631578947,0.46053584359160027,0.0942079777679472,14.70389106762678,30.877192982456137,23.846770958684317,0.0556886422534569,0.05178650445956128,14.715926233727211,NORMAL
U872,1428,4738,1541,787,0.3251740873602026,0.5507347795661302,0.09039867183997657,15.894260497388279,28.47117794486216,5.014039310068186,0.024285275053289174,0.061949775513602326,10.52010520792778,NORMAL
U873,972,4503,1153,934,0.25599467140319715,0.959917780061665,0.08867888531921836,16.431676325556506,51.32832080200501,9.72723626153228,0.019074663019217793,0.10805495070010597,17.263255810001006,NORMAL
U874,1490,2733,2993,465,1.094732991953182,0.3118712273641851,0.09790368085902124,13.549021371079917,25.363408521303256,45.22663457681509,0.08224865669980493,0.03503554421219365,17.444349747157602,NORMAL
U875,315,274,2377,673,8.643636363636364,2.1297468354430378,0.08195788464941578,18.5319208021144,84.26065162907268,94.54472523064581,0.650834069114684,0.2398668135372789,42.95258461302376,NORMAL
U876,1429,4926,1772,955,0.35965090318652326,0.6678321678321678,0.06229026319443953,24.677852837716873,28.421052631578945,1.243481748896913,0.026882078003356537,0.07514386127315142,11.073629532023462,NORMAL
U877,363,2279,50,708,0.021929824561403508,1.945054945054945,0.0778907165136446,19.802869553952064,81.85463659147871,54.332129963898915,0.00144483641783522,0.21905643785804174,34.333735248525436,NORMAL
U878,97,997,1809,514,1.812625250501002,5.244897959183674,0.09663479859268681,13.945534197398295,95.18796992481204,80.0441235459286,0.13632049280609337,0.5908701253038023,42.02035796199557,NORMAL
U879,1926,4018,1665,127,0.4142821597412292,0.065905552672548,0.07210315068790313,21.61142511813203,3.508771929824561,19.45447252306458,0.030996918796711993,0.007321072917464865,8.018648645425658,NORMAL
U880,1308,4800,2534,62,0.527806706936055,0.04736440030557677,0.049415245097405136,28.70116528364075,34.48621553884712,3.770557561171284,0.039547617925821406,0.005231926797016018,13.691511882993158,NORMAL
U881,910,2489,1703,268,0.6839357429718875,0.29418221734357847,0.13329427815614486,2.4898190071628923,54.4360902255639,50.120336943441636,0.0513072985010647,0.033042414231504766,24.02434598291373,NORMAL
U882,8,33,4030,1228,118.52941176470588,136.44444444444446,-0.05822538643072117,62.33776984996513,99.64912280701755,99.37825912555155,8.927459937623427,15.373933125886074,58.67655295764823,WATCH
U883,1522,670,1358,304,2.023845007451565,0.19960604070912671,0.10699295685070342,10.708714899573268,23.759398496240603,86.6024869634978,0.15222962115265587,0.022385932444821417,24.90806954685059,NORMAL
U884,1329,3950,1996,684,0.5051885598582637,0.5142857142857142,0.11387911696310205,8.556859773931198,33.43358395989975,20.818291215403118,0.0378440130641501,0.05784283427190179,13.823720627552065,NORMAL
U885,1982,2054,1938,324,0.9430656934306569,0.16338880484114976,0.07909688436787399,19.425954344729,0.7017543859649145,58.84476534296028,0.070825035382335,0.018305112854462548,14.878736842566386,NORMAL
U886,1088,986,491,728,0.49746707193515705,0.6685032139577594,0.12042772044161165,6.510487669446404,45.51378446115288,80.2647412755716,0.03726242853735847,0.0752194721835293,28.42856604878137,NORMAL
U887,509,3146,1041,301,0.330791229742612,0.5901960784313726,0.12690182740619582,4.487394969261881,74.53634085213032,36.94344163658243,0.02470835971351621,0.0663961237124905,26.7120192942236,NORMAL
U888,372,1457,2389,438,1.6385459533607682,1.1742627345844503,0.11373849623534016,8.600802323750958,81.40350877192982,70.81829121540312,0.123208793783868,0.13220652020970983,35.855288961103156,NORMAL
U889,1641,536,1906,659,3.549348230912477,0.40133982947624847,0.09075610364936793,15.782566685662722,17.794486215538853,89.29001203369434,0.26713093022297585,0.04511652404046804,24.7475591746348,NORMAL
U890,21,21,1234,1536,56.09090909090909,69.81818181818181,-0.03253769903220549,54.31062832375203,98.99749373433583,99.61893301243482,4.224575287315275,7.866740728631632,55.055909215757296,WATCH
U891,261,1583,1821,505,1.1496212121212122,1.9274809160305344,0.12832746501615927,4.041897689466657,86.96741854636592,68.29121540312877,0.08638285206095173,0.2170762634961501,36.06053952317689,NORMAL
U892,1722,4284,141,823,0.032905484247374564,0.477655252466628,0.05359356293405615,27.39548337868903,13.734335839598998,14.119534697152014,0.0022715260284722344,0.05371545396214736,10.375438605734947,NORMAL
U893,1508,2405,2597,772,1.0793848711554448,0.5115970841616965,0.10396798628202164,11.653987492264548,24.461152882205507,51.80505415162455,0.08109263215373512,0.057539889714749035,18.25330131621162,NORMAL
U894,1459,588,2911,492,4.942275042444821,0.336986301369863,0.07710068274371862,20.04974708649514,26.917293233082706,88.24709185720016,0.3720465486384582,0.03786541467467985,27.48489519204579,NORMAL
U895,223,2017,1195,347,0.5921704658077305,1.5491071428571428,0.11885509665154248,7.001916638295672,88.87218045112782,59.58684316085039,0.044395513385697125,0.17444255418513002,35.22296650217058,NORMAL
U896,980,1802,1120,934,0.6211869107043816,0.9520897043832823,0.1213915064018734,6.209314341385531,50.927318295739354,63.898916967509024,0.04658103974310993,0.10717291307858223,26.47073131554204,NORMAL
U897,1315,2271,1946,573,0.8565140845070423,0.43541033434650456,0.1335063321472817,2.4235542877412435,34.13533834586466,54.49257922182109,0.0643059451473739,0.04895545819421699,19.819303379007547,NORMAL
U898,809,4367,739,283,0.1691849816849817,0.3493827160493827,0.11338565540142886,8.711061502247372,59.49874686716792,12.454873646209396,0.012536134070074059,0.0392621952588968,18.681344034177318,NORMAL
U899,1701,3461,371,449,0.10716348931253611,0.26380728554641597,0.08704741142190964,16.941495355461715,14.786967418546372,30.62575210589651,0.007864658746723837,0.02961988311439997,12.369525726288993,NORMAL
U900,470,2150,1654,753,0.7689446768944677,1.5987261146496816,0.1304488191610123,3.378996055552423,76.49122807017544,56.919374247894105,0.05771019404409537,0.1800334301117905,31.05496383848333,NORMAL
U901,896,151,1324,432,8.710526315789474,0.4816053511705686,0.07336941385370543,21.21573073414038,55.13784461152882,97.01163257119936,0.655872238125305,0.054160535973200134,36.54123941717044,NORMAL
U902,778,4806,1007,49,0.20948616600790515,0.06290115532734275,0.0715762483864969,21.77607673811864,61.05263157894737,3.6502206177296492,0.01557163000647895,0.006982548917780607,19.264553818839854,NORMAL
U903,1355,4986,1223,136,0.24523761780629638,0.10029498525073746,0.07577065099961161,20.46536850381743,32.130325814536356,0.04011231448053376,0.018264438877429758,0.011195942625301575,11.116654693215962,NORMAL
U904,584,4509,901,865,0.19977827050997782,1.4786324786324787,0.08661903042092617,17.075360069271408,70.77694235588973,9.606899318090656,0.014840428732122355,0.1665017386176377,22.20560483095695,NORMAL
U905,631,350,1978,704,5.635327635327635,1.1139240506329113,0.10543568351372079,11.195347007673433,68.42105263157895,93.02045728038509,0.42424745451144097,0.12540778812470196,37.51352969696933,NORMAL
U906,15,9,3207,830,320.7,51.875,-0.054708856231530434,61.23888986313776,99.29824561403508,99.85960689931808,24.15500248653443,5.844971642113612,60.897812630793695,WATCH
U907,1397,4922,562,529,0.11415803371927687,0.37839771101573677,0.08194912777588681,18.534657236190917,30.025062656641598,1.3237063778580027,0.008391489694259749,0.0425314938962772,10.559683121668645,NORMAL
U908,885,1822,2876,571,1.5776193088315962,0.6444695259593679,0.10575390828716352,11.095904996645244,55.68922305764412,63.49779382270357,0.11861978269165821,0.07251144815955546,28.32678194134538,NORMAL
U909,1988,192,1584,397,8.207253886010363,0.19959778783308196,0.02162956393075699,37.383908563201466,0.4010025062656686,96.18933012434817,0.6179656246804451,0.022385002542319662,25.103552092467734,NORMAL
U910,1757,1527,916,333,0.599476439790576,0.189419795221843,0.10513284439040338,11.28998115923523,11.979949874686714,69.41436020858404,0.044945801291846645,0.021238185270292663,18.585778862387276,NORMAL
U911,156,3639,10,168,0.0027472527472527475,1.070063694267516,0.04231198834939742,30.92086090390826,92.23057644110276,27.05575611712796,0.0,0.12046577095507346,33.12499433493078,NORMAL
U912,1673,28,593,456,20.448275862068964,0.2724014336917563,0.014278021038263478,39.68119108297712,16.19047619047619,99.4785399117529,1.5399626600041323,0.030588238850928186,30.28508459324487,NORMAL
U913,17,41,2693,936,64.11904761904762,52.0,0.02208284610253164,37.242262486320506,99.19799498746868,99.21780986762936,4.829256819346548,5.859056163932293,52.31557272276759,WATCH
U914,1982,3382,2659,103,0.785988767366243,0.05194150277357539,0.040944616305817805,31.34815078573059,0.7017543859649145,32.21018852787806,0.05899395947769239,0.005747657193630961,11.335309558374897,NORMAL
U915,1017,3331,529,153,0.15876350540216086,0.15029469548133595,0.10491871205016196,11.356895341652308,49.07268170426066,33.23305254713198,0.011751185700955067,0.016829718702666547,20.62377749097005,NORMAL
U916,888,183,1376,670,7.478260869565218,0.7536557930258717,0.08690317323593699,16.98656832424728,55.53884711779449,96.36983553951063,0.5630576765329237,0.084814139045944,35.86015067597796,NORMAL
U917,1034,736,1720,852,2.333785617367707,0.8231884057971014,0.11141590907166798,9.326587233093935,48.22055137844612,85.2787805856398,0.17557443043639098,0.09264880785943458,30.567672975491593,NORMAL
U918,879,4043,1357,990,0.33555885262116714,1.125,0.08126650834013316,18.747968879793948,55.989974937343355,18.953068592057765,0.025067458338464896,0.12665578372888894,20.625568016860434,NORMAL
U919,1726,2696,429,594,0.15906562847608455,0.34394904458598724,0.09258405814250936,15.21134946426461,13.533834586466176,45.96871239470517,0.011773941691345848,0.038649949944642874,14.867644523111803,NORMAL
U920,514,1784,2469,936,1.3831932773109243,1.8174757281553398,0.09792775454636038,13.541498588186652,74.28571428571429,64.25992779783394,0.10397556221705957,0.20468129974577934,33.51133500473949,NORMAL
U921,1137,3818,341,378,0.08929039015449071,0.3321616871704745,0.10572374747276758,11.105329944946197,43.057644110275696,23.465703971119144,0.006518452158091434,0.03732179560301578,17.130579195914656,NORMAL
U922,1808,2712,2098,935,0.7733136748986362,0.5168601437258153,0.07862304789429331,19.574023432253544,9.423558897243112,45.64781387886081,0.05803926813734159,0.05813291113285987,14.444785768625236,NORMAL
U923,1823,3878,114,202,0.029389017788089715,0.11074561403508772,0.04307528180498277,30.682339448124353,8.671679197994987,22.262334536702767,0.0020066648382368966,0.012373479498358559,11.225095312192266,NORMAL
U924,479,1852,1876,973,1.0124123043712898,2.027083333333333,0.11002394184268682,9.761562860659696,76.04010025062657,62.89610910549539,0.07604824058710136,0.2282990828537077,33.1067382354295,NORMAL
U925,1319,919,219,563,0.23804347826086958,0.4265151515151515,0.10502506746606721,11.323660353920399,33.934837092731826,81.60850381066987,0.017722574370890896,0.04795318302086216,26.515582709450843,NORMAL
U926,1171,780,2511,667,3.2151088348271446,0.5691126279863481,0.1078484312579423,10.44138783223452,41.35338345864662,84.3963096670678,0.24195592989360953,0.06402052117004219,28.8539080335593,NORMAL
U927,658,3595,1638,678,0.45550611790878753,1.0288315629742033,0.12034797652637991,6.535406833382373,67.06766917293233,27.938227035699946,0.03410191830485229,0.11581989213242222,23.360772188776508,NORMAL
U928,416,3431,2353,258,0.6856060606060606,0.6187050359712231,0.1007895974805143,12.64720172518551,79.19799498746866,31.227436823104693,0.05143310727011752,0.06960840398847362,27.96536590768173,NORMAL
U929,1134,4018,277,419,0.06892261756655885,0.36916299559471366,0.10137939978570404,12.46289449258822,43.20802005012532,19.45447252306458,0.004984346102326738,0.04149096148958348,16.569803421781497,NORMAL
U930,264,1866,2008,986,1.0755222281735404,3.720754716981132,0.0980354376223852,13.507848720146013,86.8170426065163,62.615322904131574,0.0808016968556207,0.41913549530702016,36.33657328898724,NORMAL
U931,1410,1246,583,49,0.46752205292702487,0.03472714386959603,0.09743023795705763,13.696967471469728,29.373433583959894,75.05014039310069,0.03500696173056665,0.0038080090850092572,24.417254537125967,NORMAL
U932,1180,4328,2978,279,0.6879186879186879,0.23624047417442845,0.07596184499950903,20.405622319883875,40.90225563909774,13.237063778580026,0.05160729497521447,0.02651376026447807,15.950698901256498,NORMAL
U933,1461,1829,2334,438,1.2754098360655737,0.29958960328317374,0.1189739944923493,6.964762270114881,26.817042606516296,63.35740072202165,0.09585728471706317,0.03365169779349086,20.44946721239893,NORMAL
U934,1160,2668,384,73,0.1438741101536156,0.06287683031869079,0.09229101535750722,15.302922359556995,41.9047619047619,46.530284797432806,0.01062971248542037,0.006979808068859822,22.08139018894227,NORMAL
U935,1687,3269,1899,800,0.5807339449541284,0.47393364928909953,0.10239017060226907,12.147038873930919,15.488721804511274,34.47653429602888,0.04353411158917542,0.053296117952912364,12.608421087013461,NORMAL
U936,1504,2252,1189,172,0.5277407900577008,0.11428571428571428,0.11813797037022122,7.226011320819146,24.661654135338352,54.87364620938629,0.03954265304898847,0.012772364452120717,18.23584599176478,NORMAL
U937,876,3144,2080,360,0.6613672496025437,0.4104903078677309,0.12504718872293802,5.066950729168869,56.14035087719298,36.98355395106297,0.04960743356993767,0.04614756494091771,22.211165112019792,NORMAL
U938,1128,2051,1151,612,0.5609161793372319,0.54207263064659,0.13628628207339627,1.5548481583604878,43.50877192982456,58.904933814681115,0.04204143220494956,0.060973757709970856,22.91106339085417,NORMAL
U939,1433,4010,1953,679,0.4869109947643979,0.4735006973500697,0.11276906756187172,8.903738942403125,28.220551378446114,19.614921780986762,0.03646734199351242,0.05324733458465872,12.330786977855427,NORMAL
U940,1343,2990,16,196,0.005349381477766633,0.14583333333333334,0.06669619994554277,23.301042332825226,32.73182957393483,40.07220216606498,0.0001959930289935545,0.016327029482549882,19.695052229300117,NORMAL
U941,450,1601,842,193,0.5255930087390761,0.4279379157427938,0.11880204452318555,7.018494889812876,77.49373433583959,67.93020457280385,0.03938088158806236,0.0481134946513187,34.02931097658731,NORMAL
U942,588,3229,1820,669,0.5634674922600619,1.1358234295415959,0.12241279559066448,5.890171838191919,70.57644110275689,35.278780585639794,0.04223359777377486,0.1278753263651415,25.613131866944183,NORMAL
U943,1255,923,2021,419,2.1872294372294374,0.3335987261146497,0.12239197140049113,5.896679186210329,37.142857142857146,81.52827918170878,0.16453577991684046,0.03748371565392402,26.52262850231489,NORMAL
U944,26,38,4904,618,125.74358974358974,22.88888888888889,-0.06713700850126336,65.1225612746887,98.7468671679198,99.27797833935018,9.470833744307008,2.578927527048227,57.06524421618728,WATCH
U945,155,4922,2938,806,0.5967905748527321,5.166666666666667,0.014427026710899127,39.634628323009714,92.28070175438596,1.3237063778580027,0.04474350122941598,0.5820553225329268,29.37860513630684,NORMAL
U946,605,939,1473,204,1.5670212765957447,0.33663366336633666,0.1243686574232275,5.278984871761882,69.72431077694236,81.20738066586442,0.11782153608113574,0.037825680773441735,34.49953079430906,NORMAL
U947,1539,4938,1064,388,0.2154282243369103,0.2519480519480519,0.08101001021669407,18.828121939355572,22.907268170426065,1.0028078620136438,0.01601918742233674,0.028283630039447966,8.759844247274081,NORMAL
U948,1678,1910,1467,837,0.7676609105180534,0.49851101846337104,0.10908362232622731,10.055403163267743,15.939849624060153,61.73285198555958,0.05761350041872511,0.05606540189195892,17.862656463005592,NORMAL
U949,955,1409,452,579,0.32056737588652484,0.6056485355648535,0.12744950241928193,4.316252087763452,52.18045112781955,71.78098676293622,0.023938296318210546,0.06813724746968054,28.064953108906654,NORMAL
U950,104,4662,1188,430,0.2547716062620631,4.095238095238095,0.06403763795245915,24.131815965484993,94.83709273182957,6.538307260328924,0.01898254142705507,0.4613308498013703,28.710652292672894,NORMAL
U951,392,1267,1851,262,1.4597791798107256,0.6666666666666666,0.12420949024145916,5.328723000171867,80.40100250626566,74.62896109105495,0.10974403279006492,0.07501253706038981,35.86403918355976,NORMAL
U952,1880,920,254,542,0.2757871878393051,0.2881446039340776,0.07390789127467595,21.047462006802537,5.814536340852127,81.5884476534296,0.02056544062842217,0.03236211904911373,20.938438594933807,NORMAL
U953,1991,2179,2182,549,1.0009174311926605,0.2756024096385542,0.07363784872918461,21.131847560750188,0.25062656641604564,56.3377456879262,0.07518244367791793,0.03094891257543819,14.523420861107574,NORMAL
U954,199,133,2703,708,20.171641791044777,3.54,0.04400106742348464,30.393040841077436,90.07518796992481,97.37264340152427,1.5191265081000942,0.3987687452658172,46.991878737762576,NORMAL
U955,815,2426,806,77,0.33209723939019364,0.09436274509803921,0.11049711017843267,9.61370255942549,59.197994987468675,51.38387484957882,0.024806728707994736,0.010527520498386875,26.526109910948517,NORMAL
U956,88,1946,2166,736,1.1124807395993837,8.269662921348315,0.08595785927065491,17.281969341407876,95.6390977443609,61.01083032490975,0.08358542177918105,0.9316890701517342,38.864885618250916,NORMAL
U957,1037,1311,77,69,0.0586890243902439,0.06647398843930635,0.07104280888976927,21.94277116527645,48.07017543859649,73.74649017248296,0.004213549138827689,0.007385122085140281,30.06041872453466,NORMAL
U958,1218,2362,1942,674,0.8218366483283961,0.5529122231337161,0.13154868739052944,3.0352983998798617,38.99749373433584,52.66746891295628,0.06169403141893921,0.06219512152509523,20.762914752240697,NORMAL
U959,394,4926,1412,343,0.2865841282727826,0.8683544303797468,0.0839796513179627,17.90013924351663,80.30075187969925,1.243481748896913,0.021378669057364012,0.0977379427290136,23.02891056490538,NORMAL
U960,976,1387,1449,109,1.0439481268011528,0.11156601842374617,0.12068752801270483,6.429300441090959,51.127819548872175,72.22222222222221,0.07842352713128824,0.012465919526456176,28.21227016753792,NORMAL
U961,1616,4867,350,942,0.07189811010682005,0.5825602968460112,0.043804912999220624,30.454337107266465,19.047619047619047,2.4267950260730142,0.005208460992906478,0.06553575305375682,9.826546811415625,NORMAL
U962,412,1566,309,139,0.19719208679004468,0.3365617433414044,0.09384600445870928,14.817004051948304,79.3984962406015,68.63217007621341,0.01464563668557229,0.037817577100158865,35.80794272892172,NORMAL
U963,388,4941,1532,385,0.30999595305544314,0.9897172236503856,0.08409286689275397,17.864760525778355,80.6015037593985,0.942639390292821,0.02314205393514207,0.11141263800738524,23.041115305959835,NORMAL
U964,1657,1313,2540,909,1.9330289193302892,0.5482509047044632,0.08297772250997126,18.213231824260273,16.992481203007515,73.7063778580024,0.14538932920879066,0.06166990199613014,21.76697846359302,NORMAL
U965,1164,2196,1005,435,0.45744196631770595,0.37339055793991416,0.13612980022815308,1.6037471463683644,41.70426065162908,55.99679101484156,0.03424772692257634,0.04196730704230999,21.880842465617825,NORMAL
U966,538,3180,2161,214,0.6793461175730903,0.3970315398886827,0.11243084208049436,9.009430971610257,73.0827067669173,36.26153229041316,0.050961606693696516,0.04463108245088989,26.89383285959455,NORMAL
U967,1814,3745,2819,787,0.7525360384410037,0.43360881542699725,0.06717904744747727,23.150157390421626,9.122807017543844,24.929803449659047,0.056474291025754145,0.04875246993398844,10.760617496127551,NORMAL
U968,194,1008,2577,284,2.5540138751238852,1.4564102564102563,0.09129140330475372,15.615290977808883,90.32581453634086,79.8235058162856,0.19216208146281907,0.16399782362764986,40.96108863792352,NORMAL
U969,546,666,2670,164,4.002998500749626,0.29981718464351004,0.0955404574885107,14.287504682514115,72.68170426065164,86.68271159245889,0.30129998936539854,0.033677340790572316,37.73047068449174,NORMAL
U970,1939,3740,2056,64,0.549585672280139,0.032989690721649485,0.06350726229291448,24.297552974627735,2.857142857142858,25.030084235860393,0.041188015395815014,0.0036122395108397366,9.375774347427534,NORMAL
U971,1144,1150,1899,267,1.6498696785403997,0.2331877729257642,0.12582583572957956,4.823631444551794,42.70676691729324,76.97553148816687,0.12406169978018596,0.026169793565736243,26.830283637619363,NORMAL
U972,1875,1718,2303,661,1.3397324025596278,0.3523454157782516,0.09083657281251056,15.757420889117437,6.065162907268173,65.58363417569193,0.1007020775560859,0.039596020930684456,17.02774561785167,NORMAL
U973,1811,1520,485,517,0.31886916502301116,0.28532008830022076,0.09880124859978001,13.268540564354966,9.27318295739349,69.55475330926595,0.023810386623695133,0.032043863432535624,18.230286662025613,NORMAL
U974,1006,1217,1053,937,0.8645320197044335,0.9304865938430983,0.11739290967303251,7.458835224706204,49.62406015037594,75.63176895306859,0.06490985816181588,0.10473875722454531,28.683132390037766,NORMAL
U975,587,892,2204,666,2.4680851063829787,1.1326530612244898,0.11520638538285427,8.142101867416033,70.6265664160401,82.15002005615723,0.1856899037162973,0.12751810139125722,35.373511086491646,NORMAL
U976,1357,2677,1781,820,0.6650485436893204,0.6038291605301914,0.12143034437356365,6.197177869522103,32.030075187969906,46.34977938227036,0.04988470962097337,0.06793224725070403,18.22971236836771,NORMAL
U977,893,4687,704,762,0.15017064846416384,0.8523489932885906,0.0940503274463621,14.753155192628927,55.288220551378444,6.036903329322096,0.011103969427894772,0.0959345113055902,17.259575251656184,NORMAL
U978,1281,1620,1249,407,0.770512029611351,0.3174726989079563,0.1275006559563937,4.300267126735536,35.83959899749374,67.54913758523867,0.05782824746815582,0.03566669659759342,23.134574401788175,NORMAL
U979,428,1956,724,704,0.36995401124169647,1.641025641025641,0.12781904656679655,4.200773293340917,78.59649122807018,60.810268752507014,0.02765811084604472,0.18479957892908727,32.47592701607096,NORMAL
U980,9,13,3257,1240,232.64285714285714,124.0,-0.06411501452061796,64.17821883553997,99.59899749373433,99.779382270357,17.522515034739058,13.971740731492888,60.95874852124467,WATCH
U981,1003,3812,91,604,0.023865722528193023,0.601593625498008,0.08958413757329231,16.148794186435065,49.774436090225564,23.58604091456077,0.0015906487682713227,0.06768035571520631,19.593686048983155,NORMAL
U982,1740,3832,2829,903,0.738064179493869,0.5186674325100517,0.052198236584045155,27.831508697474238,12.83208020050125,23.18491776975532,0.055384266755641946,0.05833654951937375,12.042326457814328,NORMAL
U983,394,4268,2568,329,0.6015460295151089,0.8329113924050633,0.08881074234840647,16.390472342570472,80.30075187969925,14.440433212996396,0.0451016833410814,0.09374435679561528,25.447182538264276,NORMAL
U984,1893,125,2998,849,23.793650793650794,0.44825765575501586,-0.014961261472652865,48.81817002541066,5.162907268170425,97.53309265944645,1.791937190806973,0.05040304522373533,28.575615607228805,NORMAL
U985,366,4986,2794,864,0.5602566673350712,2.354223433242507,0.03558549912397008,33.02282049837813,81.70426065162908,0.04011231448053376,0.04199175758530246,0.26515997785319917,25.437782636634406,NORMAL
U986,869,2500,2894,13,1.1571371451419432,0.014942528735632184,0.07230308943197494,21.548946290422126,56.49122807017544,49.89971921379863,0.08694895413775207,0.0015787543367810038,27.357066855551864,NORMAL
U987,972,1734,2344,720,1.3510086455331412,0.7399794450154162,0.12122915549729568,6.260047350851748,51.32832080200501,65.26273565984756,0.10155140717999338,0.08327314047031886,26.861513257964074,NORMAL
U988,1167,2537,31,349,0.012214342001576044,0.2988013698630137,0.08465833617800861,17.68805711487778,41.55388471177945,49.15764139590855,0.0007130636839556823,0.0335628826670552,22.87842072267929,NORMAL
U989,1779,4788,2963,810,0.6187095427020255,0.4550561797752809,0.031544805499193806,34.28549623430367,10.87719298245614,4.0112314480545646,0.04639444372538809,0.051169076902921364,8.683642942837285,NORMAL
U990,349,4231,286,976,0.06758034026465029,2.7885714285714287,0.0497267258814989,28.603830700817966,82.55639097744361,15.18251103088647,0.004883245418465337,0.3141006483900856,28.014510464274025,NORMAL
U991,1257,3762,705,286,0.187350518203561,0.2273449920508744,0.1093536184064472,9.9710321292457,37.04260651629072,24.588848776574412,0.013904367118585179,0.025511451368022957,15.681379013259267,NORMAL
U992,86,3244,28,370,0.008628659476117103,4.252873563218391,0.044700256165960184,30.17455145733826,95.73934837092733,34.9779382270357,0.00044298912118216085,0.4790926113067029,35.52858209571601,NORMAL
U993,293,2851,122,488,0.042776998597475455,1.6598639455782314,0.09229055901308875,15.30306496255488,85.36340852130326,42.86000802246289,0.0030150511183502926,0.1869222070210707,32.23710557303437,NORMAL
U994,1380,551,2704,579,4.898550724637682,0.41926140477914553,0.09252642122807159,15.22936041488654,30.877192982456137,88.98916967509025,0.368753221376357,0.04713585858749843,27.90079492699728,NORMAL
U995,1118,3373,34,549,0.01007705986959099,0.4906166219839142,0.08937286013934814,16.21481623961775,44.010025062656645,32.39069394304052,0.0005520830245634673,0.05517589149627705,19.92128189469551,NORMAL
U996,25,36,2401,1711,64.89189189189189,65.8076923076923,-0.02001021986871232,50.395918266284724,98.796992481203,99.31809065383072,4.887467655804725,7.4148541125189675,54.456349021838626,WATCH
U997,1797,4753,2245,128,0.4722339082877577,0.07119021134593993,0.05247966954016009,27.743563755844125,9.974937343358391,4.713196951464093,0.035361859931220686,0.007916528040582254,7.607936233697928,NORMAL
U998,230,3208,266,676,0.08289186662511686,2.9264069264069263,0.08627460288384525,17.182990177921567,88.52130325814535,35.69995988768553,0.0060365136617739025,0.32963142500330883,31.89872016092762,NORMAL
U999,576,2251,2760,104,1.2255772646536411,0.18024263431542462,0.09881664788553984,13.263728443891218,71.17794486215539,54.89370236662656,0.09210388216666995,0.02020413788613265,30.78884254667243,NORMAL
